numero_de_cliente	prob
11675570	0.00261087707807366
11675731	0.00226737148343801
11677630	0.00676581862482546
11678491	0.00170057989835684
11678621	0.00232025408973495
11679331	0.00193585551035329
11680281	0.00181543537429479
11682860	0.000947233567991935
11683331	0.0172004188389643
11685801	0.00124109065508724
11687440	0.00205054741151704
11687720	0.00100210320185485
11688421	0.00208199077091608
11689401	0.019566926810142
11690330	0.00215069538510063
11690740	0.00432614701764939
11691191	0.00379816831665984
11691850	0.00247682907001506
11695140	0.057174575458805
11695321	0.00190548150103906
11697261	0.00251054070005741
11697490	0.0652363361007263
11698501	0.00122147123811805
11698641	0.0019461033628628
11700691	0.000933048030972178
11700790	0.00426222679726348
11701350	0.00130145668566971
11701770	0.00327691306380971
11702170	0.000940361115830715
11702430	0.000965949039436408
11702710	0.00249384983439772
11703280	0.000958566037931506
11704161	0.00122608771925768
11704260	0.00356599313653977
11704650	0.00221529535628283
11705610	0.588204433696651
11708130	0.000947499852792038
11709131	0.00171443150406699
11713251	0.00167550143269564
11716360	0.00224977761870741
11717880	0.0012476132340074
11720520	0.00844439136927789
11723611	0.00106514508245211
11724141	0.00129067747013908
11724520	0.00270284915504547
11725200	0.0705403454489555
11725651	0.00283436378605193
11729620	0.00288770734633376
11731950	0.00161026327308642
11732421	0.00161815075489101
11734201	0.00197646488407085
11738921	0.000913714366485279
11739140	0.000975860896131081
11740680	0.001258578402362
11742460	0.00231234385986665
11744100	0.00162340533857819
11745200	0.00281778518702127
11746710	0.00149757219725177
11746730	0.00550231608358277
11747710	0.00119672844870385
11748120	0.0159389497746255
11748810	0.00133347064837295
11749090	0.00232172491202045
11750710	0.00748291888745689
11753050	0.00324510338851913
11753261	0.00845126154499392
11753910	0.000987480178535893
11758720	0.00320607364445162
11759960	0.00270195234204363
11760001	0.000992886498496885
11760370	0.0146392702632817
11760780	0.00195080191830645
11763160	0.00100458835897771
11763191	0.000930714598691941
11763301	0.0031918020589713
11763540	0.00756433770678896
11764540	0.00560496106072035
11764971	0.0056964694803463
11765330	0.00165109248254583
11765340	0.0016723860692838
11766751	0.00435415589792903
11770150	0.00193295592766594
11772500	0.0013276028850382
11774481	0.0054792000164612
11776961	0.000968667419472924
11777661	0.00162323724188027
11777951	0.00161035694488323
11778631	0.000989752266440823
11778761	0.00287185145946246
11779270	0.0019087129638006
11779810	0.000977569561338581
11779820	0.00636550941241806
11781360	0.00200382755499837
11783010	0.00410026472405435
11783150	0.00175740292737315
11783410	0.00104674701264171
11784561	0.00138491634120074
11786491	0.00094591419748808
11787140	0.00314155581439682
11791581	0.0501211097205977
11791601	0.00118528218890644
11792120	0.0033000239057885
11796240	0.00524566478375897
11796660	0.00441708949277629
11796800	0.00172706115926146
11797200	0.00250027096979264
11797600	0.00103816820489812
11798331	0.00280046686600752
11799690	0.014845381359944
11799940	0.0154980384458741
11800250	0.00186347471788254
11803021	0.00352944172123162
11803461	0.0516546531423725
11804131	0.000918980850887136
11806990	0.00184364557361984
11807871	0.00141820975374129
11808110	0.0103368103280138
11808561	0.00723551457975499
11809921	0.0265380665398445
11810460	0.00134245618567296
11810471	0.00120737781318683
11812131	0.0578974712191728
11813501	0.00268065338307699
11813740	0.00116113115489411
11814221	0.00296102352099614
11814850	0.000949702222491008
11815150	0.00739014327119922
11817641	0.00103182411596439
11817661	0.00164033623302423
11818221	0.00368026214930611
11818280	0.209378660554979
11819171	0.0215885165674837
11819851	0.00107221747919567
11823130	0.00346456566560431
11823820	0.0210384612017714
11825210	0.00108573049046934
11825791	0.000948656278876188
11827140	0.0206814384097413
11829801	0.00139068553646274
11830211	0.00122575499464984
11831940	0.00251285942415579
11832070	0.000979996709830498
11836770	0.0010155969174451
11837590	0.00449726513976693
11839680	0.000939022486840253
11840920	0.00187077633991116
11840961	0.00879345617835716
11843021	0.001191406548617
11843700	0.000979270723319302
11846280	0.00281637052939007
11847140	0.0088941497569457
11847950	0.00288551127065712
11847991	0.000934059231933792
11849630	0.00712979997227196
11849921	0.000978270311707307
11850850	0.036701283311933
11851110	0.0017081929508763
11851550	0.00284582352822301
11854590	0.00254152421937647
11856821	0.0272612537673802
11856971	0.00286939178168325
11858970	0.000984721597973358
11859000	0.00151018607331706
11859041	0.00756269587286579
11859380	0.0165672912067149
11860070	0.00997944379895972
11860421	0.00104765556248759
11862570	0.00313932451233794
11863861	0.00281023843295907
11865070	0.00173951778919789
11867800	0.00181116070710381
11867991	0.00604737042795259
11868131	0.00162215429508365
11868360	0.00212071572549869
11871930	0.00313657810087696
11872780	0.00329975343057897
11873330	0.00204899477381978
11875810	0.00312617809691746
11876421	0.0021179118491663
11876900	0.000960459841826332
11877221	0.00495548319786531
11879861	0.00168356079740445
11880961	0.00151498772201555
11881091	0.00383434691763319
11881200	0.0100045300280589
11881490	0.00452559170840422
11881590	0.00358065062147924
11881921	0.00784292498850483
11882290	0.00197083576648426
11882310	0.00210331108079507
11882430	0.00352112649059129
11882751	0.00386338181348659
11883520	0.00210637825280502
11884770	0.000959410776669364
11884780	0.00331247531212272
11884920	0.000947849940442767
11886341	0.0102124638200997
11886430	0.0159184006211815
11887940	0.00158735856164531
11888510	0.000918980850887136
11888941	0.00108386730398224
11890270	0.00979413906617965
11891800	0.00219936005781356
11893180	0.00239363130614305
11893521	0.00107103988605345
11893651	0.428401408072325
11897180	0.00248182920133943
11897730	0.00286836071277007
11900121	0.00217264328142154
11903100	0.000975484796322697
11905890	0.00333092049683211
11905921	0.00211477770721217
11906300	0.00174782431838825
11906310	0.0184460306226315
11907110	0.00377613798827179
11907291	0.0200734714490817
11908240	0.0027089817583445
11908401	0.00630289955435844
11908500	0.00163637375144985
11908650	0.00632662908841502
11909491	0.00368776586455845
11911100	0.00500300396574847
11911970	0.00147208606152851
11914290	0.0026798492298578
11914590	0.00304299219172325
11915981	0.00519327578068532
11917470	0.00256925687254719
11918461	0.00105070058962235
11920080	0.00202135998576427
11921880	0.00184944867907402
11922840	0.0141894858140561
11924200	0.00104265995714677
11926181	0.000930714598691941
11926280	0.000951824777770839
11926440	0.00161630132639791
11926891	0.0012462186411366
11928920	0.00136550210218735
11929620	0.00224148609746007
11930420	0.0011593631290562
11930860	0.00107581227671529
11932821	0.0017971687806303
11933620	0.00253861419980929
11934840	0.00103760251278044
11935561	0.00134771127366979
11935650	0.0015955353440101
11935711	0.00103837722907932
11935960	0.0016712120533996
11936500	0.00660761604951123
11937070	0.00401995150729986
11939011	0.0240200955582735
11939390	0.00124809053213607
11941720	0.0116067518883951
11942471	0.000928244913337972
11944760	0.000946451225873545
11947581	0.00380957552798087
11948401	0.00430600778404714
11949310	0.0125222092214225
11952350	0.00119012929340726
11954191	0.00469734438481134
11956080	0.00846587847361444
11957081	0.000958174468600215
11957091	0.00700564006248842
11957221	0.00382311514524838
11957491	0.00171356058196402
11958310	0.000947233567991935
11960360	0.00155218595989869
11961791	0.000961578750663204
11963581	0.0222644926400563
11963660	0.00395439602454548
11964790	0.000981278377326231
11965870	0.0034612278562484
11966820	0.0104879499736859
11968500	0.00126799360360067
11969501	0.00127070433149275
11970311	0.00322469578134117
11971390	0.003556667627171
11971561	0.00809360122570223
11973890	0.00196847129569833
11975691	0.0219491997592581
11975711	0.00122815420682523
11976350	0.00641115479981983
11976920	0.00101242596338749
11977781	0.00112484804278782
11978970	0.00164488394419079
11979151	0.00334650689358104
11979421	0.00110285345857586
11979851	0.0018278853077978
11980100	0.00150636300032629
11981740	0.00179665729138873
11981850	0.000955144599044572
11984220	0.00401692260386192
11984490	0.00566573250518574
11985231	0.00355101800598564
11986891	0.00164612556974547
11987530	0.00902299290550708
11988890	0.00108589456179259
11990000	0.00351257331993006
11991520	0.00196084906159483
11993450	0.00219307720669745
11995831	0.000978366283121636
11995960	0.00117918202585418
11997300	0.00974952889920264
11998700	0.001393824624752
11999161	0.00132240191444146
12001590	0.00217824084735356
12002950	0.00191724884535985
12003650	0.581676753121099
12004230	0.00207730791217208
12004381	0.0109133174337256
12004480	0.00145721345719076
12004900	0.0035035457377071
12007561	0.00173198604874638
12008060	0.00150562219611437
12009740	0.00156954091520462
12011230	0.00177438865488783
12011291	0.00205279634097719
12011431	0.00489383296305116
12016760	0.00199075243675712
12017221	0.00110508787429669
12017290	0.00504533337571862
12018260	0.00105896639852583
12020060	0.00368824533682762
12020620	0.00316482112981027
12021081	0.00145179563379959
12022191	0.0110619147078338
12022280	0.00648795541633832
12022840	0.00208012115325136
12024511	0.00876804884944639
12025060	0.000935593614326021
12030000	0.00243417448906359
12030171	0.00108028701538125
12030820	0.00411846425492854
12034260	0.000967413825281643
12034850	0.0207070034972703
12036350	0.200914962532072
12036490	0.00211211710684039
12036951	0.00718347862689147
12038010	0.002009611274386
12038700	0.000930714598691941
12040251	0.00220650246264222
12041600	0.000992639805857969
12041610	0.000997125590746139
12045481	0.00139600741558817
12045730	0.0011813348006442
12046710	0.000975408832535324
12049081	0.00586942127349453
12050540	0.0360268137772479
12051691	0.00526579727792827
12051981	0.00107777282815431
12055431	0.00255394917574734
12055650	0.00278507131315736
12055831	0.000999854011010031
12056050	0.0284295064214416
12056121	0.00335042950166645
12056460	0.00336974348850395
12056511	0.0177728241215612
12056521	0.00244727972742638
12056951	0.00308113685523439
12058000	0.00173631432650756
12059120	0.00343689733055916
12063930	0.00355562659923138
12064261	0.0069307896303265
12064780	0.0268933160771355
12064890	0.00255574968377975
12065880	0.00163335093518719
12066851	0.00466313210288138
12067151	0.00272152236445421
12067370	0.00722810239996987
12069481	0.00717023770731773
12070670	0.00197763607587972
12073330	0.00211082877353236
12076320	0.00552169248804214
12078830	0.000944586497159893
12078871	0.0431006830403765
12083541	0.000961617066254318
12084900	0.00241183586369805
12086800	0.00142035472076672
12089300	0.00170579011946362
12092200	0.00200684403734227
12094991	0.00371469256854886
12096210	0.00217769128712184
12097700	0.0108655528994923
12097891	0.00136007696662455
12101471	0.00858821092323514
12101870	0.000950393325639153
12104091	0.00180207413812838
12106171	0.00103866843801531
12106810	0.0093933949163712
12107530	0.00228236316552109
12108781	0.00129243332922957
12110290	0.129188496518698
12111080	0.00121943969448413
12111230	0.00310018090598299
12113331	0.002935329633438
12115271	0.000958114944430976
12115971	0.000918980850887136
12117160	0.00192579847805288
12117201	0.00269167311814684
12117560	0.00223306925019656
12117860	0.00202508901020723
12118021	0.00104124977652834
12118800	0.00126700128843378
12119660	0.00169639498579432
12119790	0.00366347563255075
12120251	0.00314529302440852
12120590	0.00855063186222772
12120730	0.00244750968515527
12121460	0.00451107107681234
12123110	0.00102950934718664
12127151	0.00215965346628319
12127640	0.000969612302433501
12127920	0.00222401588540774
12128050	0.00251216847147785
12128760	0.0138098540351569
12129040	0.0211237172201755
12130721	0.00112244609643969
12130991	0.00288901580006723
12132340	0.00319041689565769
12134530	0.00191957314804661
12134670	0.00122237159985402
12134840	0.000930714598691941
12136450	0.00145834683901635
12137300	0.00416071992767877
12137690	0.000947737433152032
12140941	0.00183582311456086
12142031	0.00313174765358823
12143121	0.00100567721781423
12143360	0.000966767729604908
12143900	0.0050189399105113
12144921	0.00253825744132905
12145150	0.00216503222969872
12145160	0.0154701580212155
12148200	0.0159616585377243
12149020	0.000930714598691941
12150591	0.000998858364771733
12151620	0.00208404666719565
12152050	0.000979842419284279
12154260	0.000942863007090381
12154270	0.00468908765833561
12155940	0.00180477465849381
12156361	0.0293648189155593
12157351	0.00590944105348304
12157690	0.00279968728236562
12157990	0.00342660706491375
12159681	0.000943099425884448
12163920	0.000931209685051038
12164050	0.00299245976871
12166380	0.00101947282582956
12166660	0.00094192548438773
12167250	0.00510870070244048
12169321	0.0535754350358636
12169870	0.00336313903783728
12175240	0.00234558818313354
12175551	0.00809896666200102
12175971	0.0356021606238159
12176231	0.00239213114692757
12176730	0.00953444213459091
12177040	0.000928244913337972
12178250	0.00358709896738256
12178581	0.0202444029552685
12179281	0.000981034953265274
12179541	0.00652997213980277
12180030	0.00146904844493092
12180340	0.0027887908268154
12180620	0.0113875334835594
12180921	0.00215205651277496
12181550	0.000993839528556062
12182410	0.00195164170456423
12182680	0.00280286472777212
12183551	0.00954377540437837
12184050	0.0149785099370472
12184661	0.00329869811428067
12185010	0.00493051692072017
12185840	0.00289672583459942
12188371	0.00100499794426418
12189410	0.00559925598053929
12190721	0.00228459332033956
12193830	0.00634330714312242
12194000	0.00108370027003948
12194130	0.00305040569539843
12195640	0.00499512232745156
12195760	0.00173557243264999
12198690	0.00137822957364735
12200361	0.0113454018909368
12201321	0.00101958854982032
12201590	0.00253140500540684
12202650	0.00487153936306159
12202800	0.00161563869941404
12202810	0.0115278828994459
12202950	0.00199978801726558
12206260	0.00316133741754742
12206431	0.00223755910261739
12207141	0.00280207576998916
12209751	0.00196087184247292
12210820	0.000947233567991935
12211070	0.000918980850887136
12211100	0.00179870133460316
12211220	0.000974737220375456
12211681	0.00338287516220165
12211811	0.00186063109511864
12213061	0.0046492837838572
12213130	0.00105684198663564
12213160	0.00215509590425012
12216580	0.0167366029749592
12218940	0.00244250041437339
12219541	0.00130260313433487
12219770	0.00507214847968492
12219920	0.000961804105991046
12220590	0.0176668501564208
12220600	0.00584418062279556
12221570	0.00175809147961158
12224760	0.00458752801664341
12225201	0.00692567415570512
12226680	0.00557513302215626
12226950	0.00417487560500964
12227510	0.00140291636216999
12228440	0.0065357106708483
12229191	0.00102797150846308
12229990	0.00109422407091352
12230250	0.000918980850887136
12231480	0.0018118178838054
12233980	0.00524714455896755
12234230	0.00205029301238661
12234680	0.00387727895583737
12235541	0.00503077858309974
12238530	0.0122673417368775
12239620	0.00233963992211238
12239930	0.00191208830675145
12240921	0.0083096883144849
12243780	0.024305580968563
12245051	0.012946318068665
12245860	0.00341622637546822
12245960	0.00123550449399624
12247080	0.00178259903452053
12248491	0.035645041562083
12249830	0.00224998966107496
12250250	0.00202840169543474
12251060	0.00200727272503979
12251630	0.00889057012025487
12252850	0.0438679340349201
12253980	0.000918980850887136
12255900	0.0042316870992472
12257871	0.00323372181418906
12258721	0.000947233567991935
12259251	0.00331302239728118
12259360	0.006388623411261
12259510	0.00175614330760689
12259941	0.00233062714585641
12260101	0.00199880906558346
12260740	0.0126049650772319
12261400	0.00101791475643057
12262991	0.00248605514440315
12263271	0.00125966516705315
12263381	0.00845732641501386
12263941	0.00105417995636796
12264491	0.0275560908674253
12267330	0.00215710600626327
12276020	0.00873834509102993
12279111	0.00207523898153878
12279131	0.0024443827826248
12279241	0.00190573070898409
12280030	0.0027693122252575
12280641	0.000930714598691941
12281420	0.00607910871070609
12281861	0.00128378257817552
12282421	0.00186479660601361
12282810	0.00287157483719569
12282831	0.00332770271954541
12282841	0.00126891938932768
12283470	0.0031516944289672
12284511	0.00120153822702775
12288020	0.00200533611741214
12288621	0.00102378337743756
12289591	0.000918980850887136
12290540	0.0188840348177029
12291070	0.00318119403980743
12291620	0.00545215400387305
12292501	0.000973158375540843
12293540	0.00758192267992267
12295791	0.00451316996576797
12296341	0.00101497357415616
12297400	0.00204237462467795
12298380	0.00233775384272912
12299931	0.00706852558358574
12301410	0.00107331261061068
12302090	0.0022068791339012
12302141	0.000922616981868693
12302230	0.00220585662819196
12305581	0.00237722805772293
12305850	0.00256824797651624
12306500	0.000930714598691941
12306841	0.37162250591519
12307241	0.0813380977171861
12307401	0.000933819304287012
12314670	0.00173834800800677
12318431	0.148269435790757
12320020	0.0348713945903394
12320231	0.000954640275523469
12321530	0.00181742652692499
12322110	0.00265472126190451
12323521	0.00118780980260233
12323620	0.00229533194934256
12324901	0.000956218780306015
12325130	0.00107090214977889
12325321	0.000968667419472924
12325810	0.00181757557056759
12326011	0.00329611761914235
12326390	0.02193242402279
12327251	0.0131835851020692
12327920	0.00106116004144014
12330021	0.00132782301990563
12331500	0.0364927054754488
12332491	0.00172506893194609
12332580	0.00170772272639734
12332980	0.00178429869210851
12333031	0.00725006544621165
12333130	0.000987480178535893
12333461	0.000918980850887136
12335230	0.00161505448128112
12335521	0.00701160896461999
12337530	0.00221593349067269
12338660	0.00178369291655616
12339090	0.00106945858381818
12340010	0.000930714598691941
12341130	0.0212003923526062
12341830	0.00100008766519062
12343371	0.00367991200819078
12344730	0.00180714902937587
12350001	0.0035462670925179
12350541	0.00100197931845063
12351900	0.00230928442448664
12352300	0.0082596691489159
12355360	0.00842876075426926
12356980	0.0291492451150615
12357000	0.00143986994492639
12361181	0.00209655441750217
12362380	0.00169566322859392
12364860	0.0010632548734753
12365301	0.00241062292036757
12366411	0.00279380266923107
12367360	0.00343550334144708
12368160	0.00441925232264531
12368850	0.00104692935189183
12372850	0.00117518913791148
12373260	0.00231303891482134
12373980	0.0025473602428235
12378250	0.00106366222332914
12379360	0.00103602085877972
12379890	0.00162296566142337
12380320	0.00435983367184069
12381861	0.00243173778699544
12383060	0.00170400129206307
12384611	0.00186111561684102
12385970	0.00388363598198957
12386831	0.00547455638650378
12387880	0.00271924154073912
12389150	0.00101223058903676
12390421	0.00658087712012513
12390500	0.00252233621211969
12391801	0.001022457835883
12392611	0.00131296599209832
12392700	0.00177371578235473
12393861	0.00518192944717478
12394810	0.00401263797513811
12395050	0.00169852225606784
12395630	0.000945470614819157
12397940	0.00200411387187806
12400050	0.000929549778878234
12403651	0.00701708321884155
12404331	0.00110456779096317
12404611	0.00236916166406522
12405130	0.104670080787682
12406541	0.0011425546322161
12408300	0.00290239797290604
12408560	0.00753571256146235
12408730	0.00792512682840095
12409290	0.00284109627159073
12410281	0.00240146675874456
12411781	0.00225687869044225
12415070	0.00144940345489701
12416300	0.00370734678086789
12419330	0.00734141737530384
12421940	0.00572856544920611
12424160	0.00188851188105352
12427641	0.00265083755318943
12431190	0.00209851350104713
12435040	0.00380950483734993
12436481	0.00119323202299265
12439730	0.0025828294560475
12441161	0.00271804468704468
12442800	0.000942241619283259
12443600	0.00110477832660962
12444720	0.00130056919877895
12444990	0.00645285827346907
12446660	0.00807376669248643
12447221	0.012123661216233
12448170	0.00301896988706836
12448191	0.00354833925946533
12448341	0.00329348901564307
12448461	0.00126650036807017
12448830	0.00118655171025896
12448881	0.00336344939049781
12449151	0.000947737433152032
12452570	0.00215559131003921
12452700	0.00221192598080153
12453021	0.347988462788301
12453100	0.0021399089494983
12455880	0.000931806120225063
12458391	0.00228578776083273
12459760	0.00110815520540482
12460051	0.00308857117697674
12460321	0.00135344315062493
12462411	0.00257009016215471
12466520	0.00751566777920458
12468850	0.00289416076680661
12469110	0.00630928257602318
12471771	0.00169566632262359
12472741	0.00159632821485054
12472830	0.00495473893548753
12473311	0.00462513452365857
12473670	0.00339218888781429
12473940	0.0117873842785905
12474370	0.00163322320602896
12474380	0.0117827693872588
12477031	0.00137267213902812
12478760	0.00598622172887686
12479210	0.00347594398553147
12480590	0.00114379039712432
12480751	0.0016619460360454
12481240	0.00169097550718572
12481680	0.00108424725733057
12482200	0.001079257384392
12483170	0.00218280572899365
12483921	0.0018901238812137
12486110	0.00207463351012552
12490380	0.00123998850432333
12490900	0.00226162320478045
12491091	0.00100934261529937
12491361	0.000930714598691941
12493660	0.0529977831250604
12494681	0.000986177499149427
12496560	0.00105868989460974
12497410	0.000975051721259639
12497940	0.000940361115830715
12500560	0.000953448418216467
12502520	0.00298298136921192
12504570	0.0253489673583556
12505390	0.0269940437467876
12508020	0.00496963519255614
12508170	0.00162396626787657
12508270	0.00243795806282143
12509100	0.00281254040808753
12509981	0.000930714598691941
12510681	0.00387842145914222
12511511	0.000935593614326021
12511580	0.00210763043025456
12513441	0.00213065383572368
12513721	0.0018258419703456
12515610	0.00566008884100965
12516881	0.00320404191166006
12518100	0.00932073861420763
12521120	0.0023228149806872
12522661	0.00337535435609234
12524170	0.00204147493974464
12524300	0.00375725073098794
12524570	0.0613924870866519
12524720	0.0015955353440101
12525800	0.000947539276342793
12526630	0.00464696942916843
12529270	0.0266186122352675
12530220	0.00281928351064133
12531320	0.00102765575140134
12531890	0.00318521621399264
12532020	0.00898876125102241
12532840	0.00405258553294737
12536830	0.00193058084291242
12537250	0.00100008766519062
12538490	0.00282366150488736
12540041	0.00342618449673098
12540290	0.001981226434086
12541810	0.0058199720139635
12542381	0.00104338909849473
12542811	0.00215931472895569
12543160	0.00182878375741142
12544170	0.0387712379189634
12545011	0.00662401144203401
12547620	0.000929714362178527
12548140	0.00739058494676238
12551211	0.00283060520764963
12553421	0.00568660933089258
12553550	0.0023428547359725
12557230	0.00335332303261527
12557680	0.00397507164183006
12558090	0.00175234664224377
12559060	0.00182054954316222
12561841	0.0146828928689684
12562941	0.0574912304461749
12563771	0.00593550058583916
12564041	0.00789556700655291
12564871	0.00102550670536491
12565680	0.00874544935375011
12567340	0.00264607246120421
12568191	0.00105263871111808
12568611	0.00356424841448472
12569100	0.00350593936531664
12570541	0.00226796360279465
12571481	0.00134540555084056
12571501	0.00102829832990916
12572580	0.00292282502202091
12573660	0.00430538445178713
12575761	0.0011727100349668
12576260	0.00111101439987246
12576400	0.00961513923438354
12576591	0.00861025267448124
12577250	0.00401888110251973
12577831	0.00101604338182678
12578070	0.000984861946271928
12578640	0.00118038328389715
12579310	0.00163687349952405
12579730	0.00540640764653647
12581011	0.00169568071393739
12582220	0.00242568370670707
12582671	0.000959837998518783
12583621	0.00185271627089953
12584451	0.00142190094006147
12585431	0.0024813118741653
12586251	0.00171911778206563
12586370	0.00115646774389556
12586801	0.00112840651315229
12589380	0.00139874691046267
12591040	0.00194951818685225
12591071	0.00359553629529085
12591870	0.00190609141352322
12593271	0.00542593898409458
12594220	0.0145694826092091
12597520	0.00607995341733425
12597670	0.000962346537137984
12600171	0.0013591707619912
12602370	0.00434351303572412
12602791	0.00176642248236954
12602801	0.00107953229476644
12603610	0.00642166676766052
12604120	0.00276935477844276
12604400	0.00133159390902368
12606200	0.0019320638268303
12606480	0.000953690074934723
12607160	0.000950267168278895
12607901	0.0357996059504382
12608280	0.00100008766519062
12608840	0.000958114944430976
12612451	0.0140123455502499
12612601	0.00442912219252602
12612871	0.00219159406330297
12613800	0.00232894998721419
12614050	0.0153000502219494
12614121	0.00119489047906084
12616591	0.00215735120596261
12618920	0.00190332279140922
12619081	0.0039435017914052
12619880	0.00275071878482691
12621161	0.00236175885493493
12621640	0.00356523356101667
12621800	0.00133565257619458
12622401	0.00474560942095999
12624051	0.588254921035424
12625161	0.00442356016853991
12627050	0.00397265316347685
12628311	0.000931209685051038
12633400	0.00140963425082166
12633950	0.00104041613635979
12636591	0.0256847111293818
12637930	0.00172679392580995
12639020	0.00497540666839485
12640140	0.00107221747919567
12640850	0.00387304925777393
12641230	0.00658906365031472
12641650	0.00096806089228323
12643580	0.0018854570734329
12644150	0.0254995195573644
12645510	0.00119674368733822
12647300	0.0133968830283716
12650261	0.00130414373929011
12651560	0.0219245957643535
12654480	0.00167827243096308
12655330	0.00102410686591893
12657841	0.00434200883349045
12659771	0.000918980850887136
12662460	0.000964958885543622
12662671	0.0200429726984192
12663170	0.0014184572879923
12664390	0.00123995028250234
12666060	0.00174901712128987
12666220	0.00747780082669482
12666320	0.000930976244032915
12666500	0.00278336271773955
12668120	0.00226097228736524
12670350	0.0010933515678288
12673230	0.00101514885481097
12674661	0.000952094303551399
12675621	0.0702061467661558
12675710	0.00112306393509028
12676570	0.00161630308019693
12678330	0.00756100655464762
12679840	0.0109512611666444
12680441	0.00553280158628347
12682111	0.0032335764390178
12682880	0.000981034953265274
12684451	0.00266345443009868
12684581	0.00232520615226205
12685930	0.0104253593657922
12685981	0.0520457873734069
12686360	0.00126556747829286
12686500	0.000969705527126185
12688010	0.0026249440334451
12689681	0.00173297766658887
12689971	0.00221233233981072
12691290	0.00122894636817794
12694501	0.00217770958815092
12694521	0.00199912368608938
12694740	0.00432637689475347
12697271	0.000938411716316521
12699160	0.00121842230996655
12700390	0.000943982451471993
12702340	0.0119087656802527
12703980	0.00162062987277957
12704140	0.0034004922880611
12704851	0.00172194628856318
12705971	0.00178462643872906
12706450	0.000938889469313138
12706501	0.00112792186558376
12706610	0.00193124581134049
12707970	0.000930714598691941
12709350	0.0016474129239176
12709930	0.00163162266645069
12712540	0.0522461128531254
12712581	0.00448624181406727
12712670	0.000998778535256702
12715051	0.00220935134945244
12716311	0.0110321699634794
12716431	0.000979385986150382
12717760	0.00123051549971795
12718381	0.00166843135305574
12723440	0.00453510290050837
12723970	0.00235283810515685
12725920	0.00342635678596068
12727730	0.0316017225293993
12728250	0.00586449269314301
12728680	0.00207454725589322
12729090	0.00578657796158413
12731211	0.000959837998518783
12732240	0.00181534010418582
12733811	0.000959045256103019
12734241	0.00430139624252516
12735481	0.00390080931701178
12736041	0.00177388599584427
12736940	0.00202206103394997
12738651	0.00274698443434729
12741090	0.00168789337646649
12742330	0.00317215724927601
12742781	0.00381962492515223
12744930	0.0430103780474259
12745821	0.0265028082310789
12746470	0.00124152356652868
12746501	0.00737978404602643
12747071	0.0294826202612309
12748250	0.00455660635220667
12748940	0.000988402010651894
12749070	0.00399463961005324
12749620	0.00268484031302824
12751491	0.00234130250282874
12752810	0.00178794730558447
12753640	0.00476421185412141
12753691	0.00310135621924614
12754231	0.00189916667656585
12755430	0.00199310798330708
12756380	0.00219577165801688
12758791	0.00168849087809981
12758890	0.0147089700841628
12759290	0.000971290057644555
12759870	0.00322675826506842
12760991	0.0035017837774634
12762371	0.00278255213466445
12762460	0.00216011670475494
12763860	0.00697219023503848
12766791	0.00282512833446201
12768400	0.00666014311935985
12769800	0.00133214888287367
12770521	0.00165918839037916
12771331	0.00183151804365289
12772110	0.00725531583614062
12776161	0.00257494782863835
12776571	0.00191480706168582
12779341	0.00179153229352823
12780120	0.00237583072465941
12780571	0.00272183887581093
12780810	0.00309701872113786
12781210	0.00117683718073165
12784021	0.0013029879363351
12784110	0.00667545711989829
12785100	0.00630562866339986
12786241	0.00196267252164938
12786880	0.0500981167329884
12786931	0.00148892217874707
12788031	0.00913080623787009
12789671	0.00272905703577744
12789831	0.000977076835557673
12790610	0.0663498491054448
12790740	0.000930714598691941
12791030	0.00439307908743686
12792970	0.00231038237549086
12793060	0.00105134865453018
12793141	0.000948565765295934
12796550	0.00166556681147791
12796711	0.0686166379930978
12800981	0.00185281006480153
12801890	0.00615790512583814
12802590	0.00103890457379434
12804021	0.564327746435628
12805230	0.00208638048827337
12807850	0.00554336321856289
12809350	0.00386751939028584
12809640	0.00299771532715737
12810511	0.00165270974715753
12811061	0.00118713071589253
12811410	0.00442288937579415
12813220	0.00184503397407682
12813360	0.00176502853485262
12814620	0.00174455297046116
12815280	0.00167293943299947
12817220	0.0607138457740637
12817890	0.000961526540780577
12820561	0.000950393325639153
12820581	0.00359916952031538
12821640	0.00218989971143387
12823471	0.00104705363391718
12823820	0.000926123529670623
12824390	0.00192896561023791
12826200	0.00192981600265188
12826211	0.00231394716901472
12826320	0.00165774891135392
12826921	0.000948754911778085
12828861	0.000930714598691941
12829370	0.000935291756443324
12831830	0.00240448268901773
12833541	0.0026987872620151
12833610	0.00322909714205966
12834750	0.00221397961590605
12835481	0.0030856167060752
12836810	0.00479647961489099
12838781	0.0213331268547432
12839341	0.148648712618043
12840831	0.000959837998518783
12840960	0.00643663190229516
12844151	0.00217034713060137
12844410	0.00380796389489472
12845770	0.00363230966015145
12846231	0.000979533455695935
12848561	0.00898188919377375
12848841	0.00364248709721667
12849330	0.000968667419472924
12849510	0.00103171468227897
12850170	0.00234591520002994
12851020	0.00313685856655386
12854020	0.0011211192169642
12854170	0.00168456606002257
12855051	0.00240809999795741
12858730	0.00407887229113544
12859461	0.000938992364119292
12859550	0.0132658127059382
12862200	0.647672731767655
12862440	0.000968112341856259
12862481	0.00106506404923323
12863970	0.00194407751110429
12864920	0.0011557043311214
12864991	0.00178183662998742
12865941	0.000947737433152032
12867020	0.003578431139014
12868520	0.00239889007115099
12869220	0.0129149642746621
12871410	0.0286542790248124
12873880	0.00340376263741118
12874491	0.00338659682039487
12874860	0.00192318349606899
12876520	0.000930714598691941
12878570	0.00102935756887029
12880411	0.00391861733674981
12881111	0.000951758159013416
12882730	0.00140966877175881
12882761	0.00780198439681979
12882921	0.00167598927684198
12885241	0.00378399208332237
12885480	0.00314082155922916
12885500	0.00257368454597126
12886300	0.00287213299392038
12886771	0.00452096752551214
12889801	0.0208189905380833
12891000	0.00220217512570288
12891550	0.00202078415065919
12892390	0.0011663209822069
12900021	0.00143416625407796
12901920	0.0040095107281042
12905070	0.00254404425221337
12906730	0.00284638641971423
12909251	0.00186301494719546
12910590	0.000950132102103003
12912001	0.000942863007090381
12915881	0.0024863093034501
12915990	0.00170557290594882
12916851	0.00739355049122245
12918201	0.00312528310122278
12920691	0.000930714598691941
12921371	0.0396723119029539
12921640	0.00220122845569565
12923430	0.00147703997909302
12924271	0.00121488493256516
12924421	0.00321531242178964
12924530	0.00248063063188035
12924961	0.00530965775148912
12926020	0.00108114311597207
12927120	0.00297008661002832
12927741	0.000930714598691941
12927820	0.00468202349383724
12929350	0.000930714598691941
12929671	0.00281961230534232
12929750	0.00275695014296481
12930050	0.00183893396501348
12930460	0.00203757222373944
12931741	0.0586649442342681
12932551	0.000930714598691941
12932961	0.00309414609988644
12933511	0.00511461622480267
12934050	0.00844180113364888
12934631	0.00259259707865823
12935031	0.00414859077492005
12937200	0.0556959247305599
12937811	0.0200238522630315
12938771	0.0010542118586489
12939820	0.00106447824473892
12942481	0.00102452800414387
12942710	0.00179666592609393
12942730	0.0356728195894829
12943321	0.00406077779615172
12947591	0.00134793091088158
12948370	0.000930714598691941
12948810	0.00440135094080824
12952950	0.00291742071303649
12954751	0.0011236110686871
12956110	0.000953107304038755
12956541	0.00632211308843816
12957811	0.00165313506042622
12958611	0.00269059444692042
12960790	0.0016984901864023
12961330	0.000972813197113641
12964630	0.00148453835870761
12966450	0.00921149847725658
12967540	0.00120744609176704
12968510	0.00100211804576947
12968691	0.00211225769403307
12968831	0.00131569236647519
12970081	0.00211653284833671
12970160	0.00661330275912933
12971731	0.00160671580338034
12972151	0.0014448612618023
12977210	0.00367442064356921
12979270	0.000956035119690523
12980281	0.0026125493887341
12980810	0.000931209685051038
12981080	0.0016947721309562
12981490	0.00303337522746208
12981531	0.0145333160584694
12982180	0.00115173741470093
12983110	0.00561779454469022
12983161	0.00851361540109839
12983461	0.024407834468797
12984951	0.000942840205245516
12985231	0.000973003057507358
12987110	0.00135213215577394
12987301	0.00103741403681512
12987321	0.00983008625751816
12987550	0.00162832841599396
12992080	0.000953371291779453
12994310	0.00100008766519062
12994580	0.00236159973100442
12997801	0.00147643734802153
12998310	0.00141915303321867
12998450	0.00922216110134925
12999181	0.00100280700707498
12999581	0.00197057364128675
12999660	0.00106452133315076
13000900	0.00100355431079021
13001661	0.00186173068086549
13001770	0.00217204299972808
13002590	0.00983547069813579
13002611	0.00233783526907828
13003520	0.00249427522275109
13004421	0.00108301179282637
13004971	0.00191950129207711
13005450	0.0446879857802242
13007530	0.00296973787210284
13008350	0.00210372465041229
13008500	0.012086041101343
13010881	0.00212697280490347
13011400	0.251074735286676
13014331	0.00288223844798385
13014560	0.00330268150309375
13015520	0.00660466730514629
13015670	0.0744071760962051
13015991	0.00223403125906236
13019991	0.00797051119152594
13020421	0.0087095853137762
13021600	0.0020255420431657
13022020	0.000959597387682991
13022170	0.00531141359822964
13023031	0.00172342071978171
13024510	0.00195288297776716
13026331	0.000947737433152032
13026860	0.00118013724897122
13027120	0.000972837049491989
13027420	0.000951427699084522
13029661	0.00706994662927611
13031260	0.000935291756443324
13031930	0.000996821386194337
13033200	0.00180322527274744
13035700	0.00168962423255163
13036561	0.0165851754327358
13036800	0.000972749921157666
13039530	0.00414243509531851
13039731	0.00149545306217627
13041210	0.00178510682622245
13042491	0.00158735856164531
13042980	0.000984036817716006
13043690	0.0043110734181847
13045231	0.00323882784416014
13046980	0.00121486410755412
13047810	0.0229087935236235
13053610	0.00114279730716775
13053750	0.00240531238551105
13054061	0.00130074754599142
13054321	0.073345275993688
13054761	0.0505655619644666
13055270	0.0247236649572751
13056070	0.0212635273451114
13056220	0.000977832210341396
13056230	0.00162292473627241
13056281	0.00206203007646973
13056900	0.00132669707271325
13056961	0.000918980850887136
13058010	0.00110616608241158
13058040	0.00228106969326784
13058140	0.00303191167949874
13058191	0.00726543237823808
13059680	0.000918980850887136
13060281	0.0181864153687009
13061340	0.000974972186564477
13062310	0.00123424089006825
13063800	0.000942863007090381
13064230	0.0612045392810686
13064920	0.0036924037982272
13064930	0.000930714598691941
13065641	0.0560213533951744
13068541	0.000956035119690523
13069101	0.000987862352714377
13069190	0.00118876906672266
13069511	0.0307697601440972
13072070	0.00738677806388786
13072490	0.00664702158762411
13072941	0.00209954784973562
13075561	0.00115446673358876
13075830	0.00111260475065533
13075930	0.000943497970176938
13075950	0.00940223828924892
13077091	0.00291868835347099
13077860	0.00697255061302598
13078191	0.00286571783276687
13079930	0.00395049325010771
13080111	0.0304550360635622
13081450	0.00260746819947007
13082560	0.00158735856164531
13082731	0.00106472150582711
13082881	0.00315500067839173
13083280	0.00314195628021052
13084131	0.015720714437311
13085590	0.00158735856164531
13086321	0.00103349431617701
13087140	0.052178096192143
13087650	0.00165940808157226
13088801	0.00614199711755989
13088951	0.00258241037624745
13090321	0.0319905963265304
13090680	0.000963719367261302
13091000	0.0101847083826885
13091510	0.00209640009402293
13092121	0.0139026439862998
13092240	0.000969648174193593
13092821	0.00236510361030233
13094430	0.00275002621390835
13094471	0.00234776906190281
13095721	0.00715857229502115
13095841	0.00100928781655293
13097590	0.00221547045407242
13099021	0.00488670950988811
13100360	0.000943246647229515
13100661	0.00394632438161545
13101040	0.00107224396198457
13101351	0.00100955525341222
13101781	0.00505695058932879
13102000	0.000933819304287012
13102560	0.00302738879951519
13102741	0.00238087504396466
13107110	0.00502506356117225
13109221	0.002136844826232
13109911	0.000945616790845316
13110280	0.00221034106891551
13110960	0.000958581505453733
13112380	0.000922046450819502
13112650	0.00233771885934527
13113060	0.0132883107590026
13115680	0.00227050626550406
13115690	0.00607199754833502
13116210	0.0113782924493408
13116681	0.024526330387472
13118440	0.00167466423441761
13119110	0.00475725973298106
13119130	0.0017896332588088
13119370	0.000984597846148477
13119981	0.00421581793598573
13120500	0.00233729249771582
13122030	0.00206984733898495
13125440	0.00177457758088781
13126481	0.000930714598691941
13131380	0.00188715410764688
13131680	0.00102294125626877
13132681	0.0107499790747337
13133621	0.000918980850887136
13133720	0.00538842417163175
13133850	0.00384300380559202
13138191	0.00170812118510688
13138270	0.00151205110610011
13138871	0.00205386934097193
13139250	0.0023203171638318
13143431	0.00173198604874638
13143930	0.0909473140810543
13145170	0.00168909510138269
13147571	0.00106370433669476
13148261	0.000981034953265274
13148620	0.00520850596572969
13149730	0.0285739395557433
13150000	0.00471365620852803
13150300	0.00105090371777067
13150410	0.00449345795852042
13153361	0.0182707809721191
13153450	0.0026022640531301
13154260	0.000959410776669364
13154420	0.00112398174694454
13155240	0.00169073777876076
13156381	0.00127173076518602
13158751	0.0166836047629328
13159800	0.00330206909511203
13160090	0.00144189174139022
13162700	0.00231671734146385
13165211	0.00109259016119319
13165430	0.000991207363693402
13166830	0.00242430834587683
13167841	0.00175863492412768
13169631	0.000974183190895041
13170440	0.00311819262233807
13173570	0.00375518651249818
13173610	0.00882124611917244
13176330	0.00217230585206628
13177170	0.00107054474837567
13177610	0.00122297402603636
13178181	0.00426667965215786
13178810	0.00455350738490986
13178820	0.0011175012609302
13179711	0.00461072778646445
13180121	0.00158735856164531
13182850	0.0531263275204907
13183530	0.00235724627150095
13184910	0.00102496050812101
13185351	0.00186669079871197
13185361	0.00222215507287211
13186570	0.00734607628160944
13186721	0.00233854884591799
13187540	0.00450996270854164
13187961	0.00231423622272022
13188630	0.00494001377678607
13188740	0.000977641637581044
13190051	0.0043721983856288
13190331	0.00418206666033415
13191701	0.00134632166283981
13192080	0.00402246240298607
13192190	0.000918980850887136
13192890	0.0011688308849759
13193761	0.00335027278480921
13194970	0.0306258781698085
13195250	0.0015051476270753
13196531	0.00321733398417359
13198960	0.00746281437808715
13199421	0.00175575276187445
13200381	0.00874154616690882
13200391	0.0058493411674897
13201160	0.00278121481080983
13202560	0.000959837998518783
13202670	0.00109065759708579
13202960	0.0589787927125951
13203271	0.00109447492894383
13203510	0.00368584271758773
13204920	0.0113193879615964
13205840	0.00465252412217115
13205990	0.000950393325639153
13209320	0.000918980850887136
13209361	0.00283716684235775
13211021	0.0015828891389481
13212671	0.00472518789713866
13214540	0.00305880896313404
13214710	0.564186121298907
13216630	0.00298597611471196
13219240	0.00215840476562846
13219640	0.0032943709197562
13220661	0.0018973381938251
13220880	0.025473313062753
13222181	0.000978573680233445
13222710	0.00400629732732503
13223691	0.0125571184515578
13223961	0.00342237543920667
13225631	0.00118025231505952
13225850	0.0235388862165361
13225911	0.00295045063489825
13227090	0.00370111675036163
13227961	0.00297037651167201
13232941	0.00391299564251197
13234570	0.00185752112277232
13235271	0.00194992501957802
13237611	0.000982550572929678
13242000	0.00202582752483329
13242290	0.00339679885726516
13242721	0.00644380737697933
13242960	0.00104752508308856
13244241	0.00402229141517699
13245170	0.0221769927172177
13247431	0.000959837998518783
13251291	0.001412990437337
13252730	0.00165700045887276
13253331	0.00306828749309051
13253860	0.0116093547885255
13256080	0.00183095664225354
13256391	0.0402685293204353
13256610	0.00445525057664452
13258181	0.00103958492368542
13258461	0.0114522557646016
13259240	0.00369109656612843
13259821	0.000918980850887136
13260111	0.00757326789819102
13261331	0.00200731331405236
13261341	0.00201042825772209
13261840	0.00309700556242577
13262270	0.00238715355193184
13262581	0.0047637635020412
13262800	0.00444125437312187
13264671	0.00578346126124246
13264941	0.000940019256088225
13265450	0.0459457710042008
13266940	0.0010647077159108
13267001	0.00167864094257824
13267401	0.000987480178535893
13267670	0.00287570782139633
13268620	0.00101164523172416
13268870	0.00188256157886997
13269331	0.000971615235243248
13270451	0.00234256289362105
13270660	0.00153674965647769
13271370	0.00247835071549088
13271510	0.0021568642147615
13272040	0.00189003376529977
13274840	0.00242891646712152
13275811	0.00552431979197025
13278430	0.000981344267035813
13278690	0.00101022437804589
13279390	0.0325148650915803
13279971	0.000935593614326021
13281771	0.0018865139756944
13281980	0.00252564215472414
13282410	0.00137581270041205
13282530	0.00364428353128215
13282991	0.00103384372017152
13288651	0.000930714598691941
13289621	0.00123175844877754
13292050	0.0029371812727318
13292391	0.00148562041403463
13292490	0.00103461492271718
13292750	0.0119850500595278
13294960	0.00121451209152716
13294970	0.00404212057593398
13297901	0.001711025487759
13298520	0.00239220499993853
13300941	0.0030092731745159
13304521	0.00100445568218126
13307070	0.00180797797696386
13308511	0.014710374994225
13314861	0.00220015013274182
13315561	0.00111292809952166
13315940	0.00437158154753136
13318041	0.48221352137851
13318680	0.00415098799244014
13318851	0.00325316323663472
13323281	0.00201553710154388
13327370	0.00191505760288945
13327660	0.00642754436458754
13328050	0.00219775500006572
13328091	0.00196651275916998
13330380	0.0103845823950398
13330930	0.00340609488936667
13332361	0.012977458700212
13333300	0.00386956409675266
13333840	0.0034575916311243
13333980	0.0100553607107383
13338680	0.00201052766300759
13339490	0.00104349054575586
13339650	0.00116042275085569
13340890	0.00137595726933472
13342021	0.00111740008081553
13342800	0.00177935397345017
13348081	0.00734393961798366
13348310	0.00238154353326496
13348730	0.00352868636666887
13353051	0.0114064959707839
13353461	0.000941819507072366
13355811	0.00273928580633185
13356371	0.00320317071546317
13357030	0.0480136663770413
13357051	0.00189418298443398
13358171	0.00220362219514811
13359070	0.0221121511200179
13359360	0.00263860946930461
13359490	0.00497835819562121
13361461	0.00235420517190236
13361550	0.00959680723973801
13362011	0.00211186845750968
13363121	0.0147832234580707
13363650	0.000965110592291242
13364450	0.00174210572746515
13365580	0.00204719967839419
13368190	0.000946066114311103
13369010	0.00120835123156243
13369550	0.00189627592215054
13370130	0.0105013979302877
13373280	0.00266348777528598
13374240	0.00612454323219142
13375401	0.0463885552595659
13378940	0.000988076742588604
13379261	0.0156739981343864
13379620	0.0053335773047288
13380040	0.0172634571955641
13381430	0.00277867079750336
13381731	0.00178853039744878
13381820	0.0124558918142005
13382930	0.000930714598691941
13383240	0.00116953069568869
13385450	0.00390895380015401
13386390	0.00217451058418624
13390130	0.00196050191849017
13390540	0.0056088705600443
13393881	0.0020416429370702
13395951	0.00183973310919614
13397601	0.00284146734037706
13399080	0.020777444438514
13402000	0.00218306374381405
13402110	0.0045683161630333
13402431	0.00164507337617491
13403080	0.0130436571891489
13403131	0.00440883221658523
13404890	0.00191071133910059
13405481	0.0017082834961512
13407941	0.00262468829917882
13409960	0.00331393573359822
13410151	0.000974863773220802
13411531	0.0012770064586319
13412351	0.00375356477660365
13412600	0.00389040803722031
13412890	0.000918980850887136
13413331	0.00161897181532827
13413820	0.00102740257192105
13413970	0.000988140047717338
13414851	0.00398953001651768
13415951	0.000950393325639153
13416050	0.00284366751649931
13416371	0.000930714598691941
13419121	0.00117368618127968
13420040	0.0024586223486962
13420590	0.00573690420318291
13423121	0.00417003967870103
13423200	0.00192925703892391
13423470	0.00130099888729404
13423510	0.000930976244032915
13427100	0.00194059484515214
13427111	0.000957339083812506
13427200	0.00275097663983882
13428081	0.000924371789200717
13430920	0.00244227734126406
13431411	0.00106318648600498
13431951	0.0011775689412305
13432470	0.0209405697326236
13434520	0.0265785230097655
13435890	0.00107359739884421
13437191	0.0855763542589537
13437950	0.000985859337097043
13438691	0.00276548713955319
13439340	0.000935291756443324
13440050	0.00510187311129178
13440310	0.00838011771904345
13440781	0.00311942667890514
13441950	0.00424418930794445
13443111	0.00101679554088768
13444901	0.000942162324302569
13445601	0.0011076036989408
13447381	0.00283318095216903
13448610	0.000959837998518783
13451490	0.0113034482502536
13453560	0.000930714598691941
13454790	0.00507609805651456
13455780	0.00101638457660759
13459951	0.00183610364483913
13460200	0.00260184815348277
13461140	0.0025905720539029
13461611	0.00260640068418264
13461840	0.00165789063737466
13462640	0.00327372108223236
13465420	0.00333586260222504
13466161	0.00185664704598438
13466250	0.00263321793289314
13467510	0.00165439392720533
13467521	0.00859025572182868
13468440	0.00281174249812089
13468870	0.00198380669663488
13469061	0.0112658774516583
13469150	0.00798683484415682
13470370	0.0036802508316224
13470800	0.0035124462351311
13472330	0.00111277552740213
13472440	0.00146262824863952
13473881	0.00457798140961088
13473970	0.00161253831396746
13474250	0.000930714598691941
13474680	0.00217003990515881
13474991	0.00374395525257821
13476231	0.00107764509655407
13476740	0.000981034953265274
13477430	0.000984672229833015
13478281	0.000959410776669364
13478790	0.000985988319533523
13480341	0.000986177499149427
13481950	0.00456437257616473
13481980	0.00306994333721333
13483760	0.000923596160594119
13484570	0.01168398971591
13485430	0.0133177334931456
13486141	0.00254292330534067
13486961	0.00112800156209078
13491101	0.0323553274740314
13491770	0.00326654614720306
13492211	0.000975626243735209
13492870	0.00360248391007832
13496160	0.00795205699061075
13499811	0.00126610974783664
13501430	0.0108362391977592
13501581	0.00174566723870487
13502421	0.00783265839785829
13504020	0.00689319575708918
13504330	0.0047031103579732
13506530	0.000970388286378954
13506681	0.00189817417427042
13507600	0.000954640275523469
13507770	0.00395073772410362
13508901	0.000997007371903892
13509710	0.000930714598691941
13511371	0.000936174305182261
13517160	0.0212178715236628
13517461	0.00149291560630794
13517690	0.0113639780065958
13517710	0.00583525242716087
13517861	0.00109076501452605
13519320	0.00159903598880765
13519511	0.00138748885073406
13519801	0.0158851592722721
13520870	0.0143602557003264
13523780	0.00743993993831865
13525130	0.00798567392464456
13525311	0.00432465765827641
13525810	0.000930714598691941
13525960	0.0664113839010025
13528840	0.00332541145852653
13529020	0.00342364153208684
13529550	0.009820621568738
13529570	0.0121444905498786
13530271	0.00111123862469774
13530910	0.00777080630789511
13531521	0.0010798452980626
13533400	0.00175882957871557
13535190	0.512676040709291
13535521	0.00774826513643443
13536860	0.0138135612971541
13538821	0.0030638436540665
13539121	0.00162845040111121
13539620	0.00215384334099429
13541731	0.00108601344097953
13542011	0.0121461498173857
13544341	0.000930714598691941
13545280	0.0018610558818651
13548840	0.00299484869453121
13549270	0.00247188136850509
13550001	0.000986895892941286
13551480	0.00110582203812868
13557601	0.000940228138419122
13558080	0.00259370175932516
13558390	0.63181691915547
13558981	0.00339458716018577
13561390	0.000966178336051191
13561410	0.000958763838262185
13561530	0.00283292345725038
13562770	0.0041414043307495
13566120	0.0108229222294135
13566551	0.00367170982885658
13567060	0.000989825732362401
13568430	0.0137443710812749
13571880	0.0132249348101676
13574350	0.00265439312565764
13576331	0.0160693537275025
13578821	0.000956646870384948
13579531	0.00165536877195257
13580700	0.00442195176442119
13581711	0.00202147681733439
13582250	0.0015008070659196
13583060	0.00876068356425607
13585451	0.0019146470619919
13586220	0.00250343392770261
13588450	0.00267402327233923
13591091	0.00203816658246293
13591220	0.0176002649629873
13591641	0.00171006818156854
13592710	0.00563390613180219
13594900	0.00148540480912851
13596191	0.00347716259241369
13596560	0.000930714598691941
13597321	0.00363810659779258
13597721	0.00160757838989151
13598790	0.00424341122069093
13599050	0.00188723733171141
13600071	0.00474740214847117
13603091	0.00273629019498234
13606350	0.00158735856164531
13608550	0.00293301052440161
13608761	0.000944096421578324
13610121	0.00104106398353941
13611190	0.00107669952682297
13611350	0.000943099425884448
13612191	0.00194502614388579
13613400	0.0821586733697554
13614640	0.00315891455698777
13616560	0.000952874184808174
13619060	0.00937757200297183
13619750	0.00213350853267277
13619781	0.00622185154082772
13620560	0.000969409590538937
13621161	0.0012551115506738
13623480	0.00256918681897441
13623661	0.0018326299131959
13624170	0.00186225359807604
13624211	0.00125923771209102
13626271	0.00415413016872455
13627310	0.00100479111334922
13627590	0.0015162511624236
13630780	0.00215619109557586
13632590	0.0029549990122673
13632751	0.00422030459256681
13633420	0.00170128062870197
13633851	0.00294634436295236
13634640	0.00400023058419972
13635460	0.00181472477022541
13638551	0.00906322670936084
13639720	0.00388278774180101
13640621	0.00236245711680469
13641021	0.00201304430101745
13642110	0.00192574851112431
13643641	0.00167875295434213
13648481	0.00104276429642649
13648860	0.00310339735205974
13648990	0.00599732076941272
13649250	0.0027566364680493
13649550	0.00219702674073587
13651641	0.00109898473342521
13653581	0.00156331472150714
13653680	0.000943099425884448
13654100	0.00115551662850716
13654251	0.00727499707847948
13655750	0.000954337988554135
13655921	0.00280055294355972
13657451	0.00396239212235576
13657561	0.00111522346271691
13658100	0.000938411716316521
13659241	0.00465851539549858
13659760	0.0135822940156426
13660730	0.0027182331405141
13660970	0.00202833932718894
13662480	0.00526717740652556
13662510	0.00637893087997357
13663760	0.00488143072013279
13664270	0.00133158914868069
13666210	0.00167460739221683
13669140	0.00220384355201277
13671460	0.00307925361805796
13671470	0.00239877405332648
13672601	0.00138090565649131
13672710	0.00448641394760645
13673301	0.00101045446598868
13673960	0.00275173523923034
13675070	0.00249926880725836
13675101	0.00253756817223062
13678920	0.0044041123793831
13680331	0.00325941253796596
13681520	0.00885939946595294
13681960	0.0204289845241362
13682520	0.00185948947815997
13682920	0.00106519708891678
13683330	0.00246801422244024
13683600	0.00409762929535017
13684580	0.0019148164552185
13685550	0.00192150716514189
13688300	0.021266865105551
13689510	0.00250565695479005
13689830	0.00134048397151008
13690380	0.000934949132638279
13690490	0.00244902081541087
13690750	0.00348077648201142
13691180	0.00210443109108988
13691470	0.000970347879569532
13693421	0.00168183997872153
13696331	0.000994004093938662
13697260	0.00102144215398158
13697380	0.00507936300022177
13698131	0.00103907132530073
13698251	0.00210592849357497
13698610	0.00504714592937815
13699491	0.00490983543002041
13701120	0.00521497640414825
13701711	0.000928922955234724
13704150	0.00101045446598868
13705400	0.00683595686929226
13705680	0.00202379784866595
13706490	0.00458396430036894
13709000	0.0023408798757742
13709940	0.00106350005158205
13710340	0.00264923216067825
13714350	0.00159233190609885
13716201	0.0317977290456395
13716300	0.00303122431127774
13717660	0.00453637483853641
13718381	0.000998873473516044
13719060	0.00103537584897486
13719081	0.00158735856164531
13719190	0.00406532245210073
13719880	0.0116393413672741
13720010	0.00242325482939257
13723761	0.0501648706850882
13723911	0.00322265144907049
13724020	0.0019316012149928
13726090	0.00355372388446569
13727730	0.00259057025312686
13732171	0.00208004207857285
13732270	0.000955614087446044
13732430	0.0166296659576745
13732540	0.00241313318054095
13736690	0.011859062171733
13741851	0.000930714598691941
13741940	0.00134782554769511
13742080	0.314989379927155
13742401	0.00214196092009796
13748030	0.00165066024659675
13748061	0.00150658889846283
13748150	0.0103158400475632
13750111	0.00100973637245078
13750121	0.0100455119625433
13751481	0.00174095757535011
13754090	0.00120747843402253
13755190	0.0143344772509585
13761390	0.00179299741617083
13761841	0.00272862187169923
13765520	0.00332984708216035
13765660	0.00110692252144418
13766050	0.00120262867394974
13767730	0.00139471459409574
13768721	0.000918980850887136
13772270	0.00238252511090239
13772410	0.000940361115830715
13772420	0.00169575964921307
13772670	0.00166379511065395
13776150	0.017551497825224
13776430	0.000949331327943292
13778080	0.00365790622100925
13778210	0.00125291446279465
13780120	0.0164805800729777
13780160	0.00166381366754333
13781250	0.0270846386804408
13782101	0.00226412567091338
13783201	0.00371004111635865
13783641	0.00197596552180473
13783730	0.00105964654212415
13785370	0.053362087453828
13785711	0.00179438580105899
13788861	0.00194388522638813
13789780	0.000994352388140575
13790381	0.000981034953265274
13791730	0.00271187800873779
13793161	0.000947233567991935
13794640	0.00574994867352328
13796461	0.00231093453162133
13796550	0.00108924008412372
13796741	0.00208790137405011
13799020	0.0182980426759195
13800311	0.329033765531545
13803481	0.106576366616829
13803641	0.000991012327949905
13804451	0.00164124006492274
13807071	0.00237340387489134
13808430	0.00193759355270858
13808680	0.00579397241089706
13810791	0.000968667419472924
13814050	0.00105843096021748
13814941	0.000935291756443324
13816260	0.00181604103056597
13816550	0.000935388782506724
13818880	0.00673740415873689
13819850	0.0043961320395475
13819860	0.00234471090741028
13820690	0.00505237023674227
13822620	0.00183408342132042
13824410	0.00431034261144083
13825230	0.00171232611286419
13829510	0.0916404567691673
13830870	0.00115647730953157
13832041	0.00287686360859141
13832120	0.00201037686661956
13832321	0.00402073717300802
13833780	0.00329503518895034
13834121	0.0015479670594704
13834360	0.0024945116117826
13835611	0.000930714598691941
13835880	0.00291235641825973
13837520	0.00316091147131293
13837630	0.000943916532552628
13837650	0.00691464259669538
13837940	0.206927894595997
13840010	0.00253703744177457
13840410	0.00530106678581096
13840540	0.00288733614421522
13840950	0.00106329870263666
13843850	0.00833300907772852
13845401	0.00439671890337459
13846040	0.00169990526259533
13847160	0.000968311339867893
13848451	0.0196050414167492
13849141	0.000954337988554135
13851980	0.00157229936499163
13851990	0.00109941831435322
13852031	0.00119836422763944
13859881	0.00207216294132531
13859990	0.00331001442146876
13860021	0.00445044209689864
13861370	0.00173115916641771
13862801	0.0089840297507225
13864181	0.00198143141721751
13864461	0.00698045404153961
13865951	0.0125520332467483
13867980	0.000942863007090381
13869360	0.000930714598691941
13869421	0.00165286264550752
13871560	0.00297568873999201
13872711	0.00667156379412548
13873141	0.00186987858614337
13875590	0.000981594869146518
13877370	0.00184735366236435
13877770	0.0159519121853436
13877821	0.00232772329974551
13880380	0.00295435958366851
13880441	0.00559527373531424
13882910	0.000930714598691941
13883341	0.000956594339982793
13884680	0.000994429825763099
13885250	0.00099743603846284
13887140	0.0405043479006835
13887570	0.00118004974780085
13888270	0.0156427684596086
13889220	0.0041529542224503
13889811	0.00101279891605674
13890750	0.0201699874502996
13891180	0.000930714598691941
13892150	0.00105771311748934
13894931	0.00237654269156129
13895061	0.0028328594838347
13896560	0.00195015667774705
13899000	0.00605560581698232
13904550	0.00364800394181706
13905001	0.0191580195104368
13905421	0.0173496745582565
13906210	0.00842575416931464
13906870	0.001030017425554
13908560	0.00478953504828711
13909100	0.00183196926281233
13909220	0.00255335534249807
13909281	0.00104030344639542
13909500	0.00271439175678919
13913551	0.00609373678314275
13913971	0.00407680322967991
13916280	0.00213927882320873
13916410	0.00230167603246241
13916721	0.00142331562974675
13917261	0.00682544438877176
13918750	0.00295701514014484
13921070	0.00140344210673312
13921520	0.0012113745023833
13922040	0.00193787537497547
13924161	0.00497685673391636
13924571	0.00122073344335058
13926750	0.00192226421191437
13927850	0.00769401380855023
13928031	0.000930714598691941
13928560	0.00385631607953221
13929510	0.0254940478532876
13929541	0.00193355798186801
13929681	0.0032207688852731
13931051	0.00776462510568734
13931481	0.0036545525953247
13933001	0.00395229552207181
13934460	0.00541845224533017
13934600	0.00174611603367537
13936680	0.00532392720865192
13936851	0.00280765134413028
13938730	0.00400372490282894
13939450	0.00190161555617104
13940800	0.0286152142909313
13941821	0.00193015407112416
13942890	0.00146943139488904
13943160	0.00228474986462494
13950350	0.00132875969437057
13951170	0.00326759042098681
13951440	0.00965928849317106
13952301	0.00105583925272121
13954750	0.00105324796798722
13956650	0.000981034953265274
13959840	0.00509925329909761
13960311	0.000952617426468649
13961671	0.000913714366485279
13962190	0.00298400367983987
13962381	0.00108880695982664
13962470	0.0104969298736722
13966340	0.00100950900176099
13966381	0.00198050948751511
13966600	0.140472712236402
13966720	0.0114394038238432
13966911	0.00163819124023072
13967201	0.00187737942984474
13967310	0.00164436177998855
13967580	0.00201422033906155
13967830	0.00101999115694302
13968451	0.0683835573624383
13971700	0.00229949416579885
13972130	0.00180793425379412
13976161	0.00311217923426302
13976370	0.0213565183031304
13979201	0.000918980850887136
13980950	0.0025415734577233
13985630	0.00230241963106219
13987321	0.000930714598691941
13987960	0.000938411716316521
13988110	0.00116672382061299
13988270	0.015341436193112
13989610	0.000944720090395667
13989750	0.0011614905941152
13989760	0.00232013911940789
13991720	0.0010912160490804
13992410	0.00203420791994917
13992540	0.0091810675433621
13992940	0.000960107823251217
13993490	0.00216242099087806
13995010	0.0155902148878652
13995720	0.000947737433152032
13997350	0.00398516315485448
14001230	0.00285970805685722
14002580	0.00678797451986355
14002791	0.142721484665
14004291	0.00180404753775078
14005671	0.00193189932494368
14006231	0.0021486962630011
14006710	0.0149897020448437
14006720	0.00130154388841841
14007741	0.000997774821283392
14010491	0.00304245051761385
14010890	0.00113597940430656
14011311	0.00399909398936598
14012520	0.00194241813595103
14013100	0.00602806680578493
14015061	0.00396617521008125
14015160	0.0103254541181708
14018030	0.020528355474834
14018200	0.00652570785665902
14021931	0.0027137382861368
14022460	0.000972942788189298
14023201	0.00238722242709652
14024930	0.00299031892517291
14025931	0.00293016061085351
14028571	0.00190449473452113
14031191	0.00107148501005825
14032120	0.00105392054241706
14032260	0.00306336816746367
14032400	0.00106366222332914
14032780	0.000933819304287012
14033200	0.00592159960871855
14033261	0.00656609183416647
14035850	0.00106722321584929
14036530	0.00189544939786259
14036711	0.00177073573204711
14036780	0.00280875167878582
14041230	0.00344048338433301
14041350	0.00738489472555643
14042300	0.00234073672995615
14048940	0.00219110131780778
14048950	0.000930976244032915
14049801	0.0010515803261674
14051120	0.0127732549449961
14051871	0.0024658061587499
14053490	0.00575768841120277
14054710	0.00168476656940835
14055061	0.00367192242694908
14055400	0.00221409918374968
14055820	0.0555699715491286
14056920	0.00114595770951031
14056971	0.00240255918679309
14059181	0.00357681866403763
14060971	0.00155958303189701
14061801	0.0404690025218403
14062610	0.00382014511930202
14062921	0.00195340584893493
14063321	0.00976666391045008
14064370	0.00157265661578056
14065740	0.0166721656602707
14067591	0.00314314708082619
14068001	0.00251838010037658
14069251	0.00158358376605847
14069480	0.00140927928689098
14071601	0.00773803869975472
14072110	0.0032161092116008
14072711	0.00104265995714677
14073391	0.00592266580763238
14073480	0.000949608376284379
14076090	0.00117084242434865
14077470	0.00380553162616874
14077811	0.00175638587510747
14078300	0.00183158359217034
14078641	0.00180173637987895
14079570	0.000963137982708385
14081070	0.00187031525761815
14082891	0.000948656278876188
14083540	0.00202911886697995
14084110	0.00745746970893822
14087191	0.000918980850887136
14087280	0.0159462623756317
14087741	0.00512598906913017
14087960	0.00600282387117865
14088151	0.00278989044019805
14088271	0.00337182274938209
14089230	0.000969030697389419
14089401	0.0308375830205019
14089521	0.0716278838535744
14090310	0.00359321083362714
14090911	0.00170137340464411
14091710	0.000968731657911837
14092790	0.00103771611116684
14093780	0.0028770199352866
14093910	0.00339627129853353
14094351	0.00683862922496315
14094440	0.000946451225873545
14095000	0.00101832886324235
14095670	0.00809875022469888
14098290	0.00254906136209705
14098481	0.00341379382895787
14099051	0.00168250600885364
14102190	0.00169721749558211
14102850	0.00163148673144318
14103451	0.000918980850887136
14103570	0.0254795000970131
14103591	0.00577482166679194
14106470	0.00105597119765413
14107270	0.00193336688018027
14107280	0.00280530828202682
14107741	0.00479901400176976
14108841	0.00102418611223477
14109330	0.00299558632792073
14109750	0.00264238295459062
14110481	0.0025604396316454
14112701	0.00248577195935574
14113371	0.00451450917997534
14113760	0.00368943414631663
14116100	0.00159903598880765
14116701	0.00391394858324796
14117931	0.000918980850887136
14118990	0.00318689084393646
14119270	0.00102198632124921
14119530	0.0637124397142408
14119700	0.00405497743447801
14119830	0.00100008766519062
14119980	0.00150661780246916
14120691	0.00205979195002553
14122330	0.00173755087436625
14124650	0.00268172457278288
14126361	0.00146271833209025
14128421	0.00826367724611816
14128920	0.0250352095788617
14128950	0.00718301759831054
14130870	0.00473652326606584
14131041	0.00276836514107678
14131731	0.00160976383198805
14131851	0.00231291637467247
14132411	0.00177315010938811
14133121	0.0056368436007398
14134010	0.00108385737896284
14134560	0.00202489978560469
14135810	0.00246809981294492
14136370	0.00252989802849072
14136431	0.00965390454880075
14138160	0.00910914696638514
14138471	0.00179821506836241
14138570	0.00455384267046895
14138700	0.000934485221191044
14139150	0.00119041840688126
14139530	0.00167924407473298
14139550	0.00249378277466921
14139711	0.00352970501380808
14141241	0.000990845567844158
14141781	0.00639291446308334
14141941	0.00107901296760551
14142361	0.00158735856164531
14143120	0.00264997684970706
14143410	0.00329826165681575
14145890	0.00424859235379308
14147010	0.000930714598691941
14147851	0.00274557578116151
14148530	0.0359905389841111
14150710	0.00322076859540819
14150990	0.00175894319678925
14153111	0.00163951346682594
14153190	0.0132480782029907
14154430	0.00103711058465081
14155420	0.00092179301146957
14155991	0.0079534264908066
14156230	0.00176021416139773
14156910	0.00316236050204948
14157251	0.0450914540878094
14158061	0.00237917160364546
14158860	0.0580975834707881
14159940	0.0011683036371773
14160261	0.00173437867271328
14161040	0.571877571804994
14162221	0.00183888919165136
14163171	0.00325189814225113
14164271	0.00156377318398271
14168790	0.00114872751316313
14172370	0.00192118680645481
14173801	0.00253798359296881
14176640	0.00102687794615217
14179451	0.0189330425210425
14181180	0.000947233567991935
14181340	0.00335409711763713
14181391	0.00107125070991248
14182331	0.00142292392501541
14182741	0.000984543657566227
14183270	0.000944961221715115
14185251	0.00474934126398365
14186280	0.000942320495029081
14187810	0.00405967963481569
14188080	0.00647891479127781
14192001	0.000947499852792038
14193651	0.00118164677262407
14194611	0.00554779896797381
14196210	0.0159273586880855
14196961	0.00108940920828988
14200070	0.00108387255458112
14200780	0.00183600489883902
14206901	0.00171437338434182
14207550	0.00220861661926518
14209730	0.00540976310411824
14210420	0.00827798767544499
14211731	0.00367081605111682
14212261	0.00226099800966006
14213200	0.00396772570613664
14214160	0.00612152720283591
14214180	0.0151196701200181
14214741	0.00860883381912573
14215410	0.000974058477725295
14218321	0.00117971770979193
14218990	0.00145797438115662
14219721	0.000942863007090381
14221030	0.00103178947644185
14221661	0.00442309521687891
14222440	0.00166493179041544
14222611	0.00251884800175848
14225911	0.00569345773561171
14226720	0.00327311695626737
14227400	0.00308043042017457
14228141	0.000990452613294532
14228941	0.537584373855321
14231011	0.0066069500451315
14234341	0.00168228506370144
14235120	0.0010271528930706
14235970	0.000964330279989862
14236090	0.00130660550416812
14236790	0.000944586497159893
14236941	0.00397525749539176
14238331	0.024646191533097
14238850	0.00100313699654421
14244941	0.000950393325639153
14250830	0.0192122283057092
14252261	0.00714505712677765
14253340	0.00621222288127756
14254030	0.492237736970121
14254191	0.00272342642850969
14255000	0.00173198604874638
14256080	0.00907617780472633
14257050	0.00873375959431601
14260131	0.00235062702196107
14261641	0.000918980850887136
14262430	0.00255239739182387
14263410	0.00107420452763128
14263550	0.00209669656631693
14263680	0.00190917202556757
14264401	0.000964597499598847
14264551	0.00284829238563177
14266130	0.00110980630938652
14267370	0.00133595076052899
14267550	0.000976962284664268
14268360	0.0013419403894861
14268900	0.00194131397661236
14269200	0.00176798032670676
14269580	0.00267437562036285
14270481	0.000953768638714252
14272521	0.000978859083080174
14273030	0.0127049726517349
14273180	0.00169554438640968
14274181	0.00216238179457551
14275550	0.00781823504535935
14278741	0.00231608218397688
14279120	0.0112496848718564
14279431	0.00100950900176099
14279441	0.00310452573767964
14279530	0.000938733394372979
14280360	0.00960225525486298
14281750	0.0026389165896436
14282451	0.00185385730997927
14282871	0.00246534358278045
14284200	0.00415071126094921
14284510	0.00226499190640164
14285870	0.000923412446892904
14286010	0.00550119984230827
14289081	0.0178831630035336
14295670	0.00158565786714717
14295851	0.00195179275177623
14298481	0.0156313175495637
14298960	0.000960107823251217
14299981	0.00137611099089372
14300770	0.000922046450819502
14302140	0.00618547844462781
14302300	0.000918980850887136
14302420	0.0015261998096863
14304531	0.00179430344933234
14305631	0.00718790644392667
14305730	0.000934690288882192
14306980	0.000930714598691941
14309651	0.000918980850887136
14309771	0.0178706753656308
14310150	0.00134513030483828
14311530	0.00290658663990443
14311981	0.00177436858548269
14312330	0.000947499852792038
14313470	0.00277930799894622
14313781	0.001003033794078
14314861	0.00266520697577908
14314871	0.00331896908548719
14315161	0.000948754911778085
14315250	0.00365968307682448
14315711	0.00837988060326641
14316900	0.00163859598926194
14317621	0.00214224436519658
14318130	0.000939963895334573
14319421	0.001783563273671
14319670	0.00205985425141551
14319831	0.00142466236861635
14320650	0.00176928084579169
14325050	0.00236717376804807
14325590	0.00794717472586894
14325990	0.0522864596132599
14326980	0.000972366178126388
14336791	0.00100459600962927
14338591	0.00156934789693373
14339380	0.00211149028988428
14339670	0.00106307289917127
14339790	0.0027205636747111
14339920	0.00152363717532814
14340241	0.000944586497159893
14340370	0.00130694010005783
14340630	0.00189766382279265
14340640	0.00198411314131289
14342731	0.00140439500781713
14344190	0.00157020826548876
14345890	0.0595548290064071
14346741	0.0889032087968635
14351011	0.00261320230665376
14351820	0.00161534972674945
14352681	0.0278240189023595
14354990	0.00112713042141355
14359141	0.0071253087458845
14360060	0.00259739904999862
14360111	0.00107458872665134
14360220	0.00159518900433272
14360640	0.00553768945866997
14360760	0.00356116536366395
14361720	0.00284436357097161
14364360	0.00147810526193211
14369050	0.00614955586273948
14369180	0.00164056977724184
14369911	0.0017305202331042
14371120	0.00324828598717508
14372801	0.000988204445058657
14373460	0.00210845061506513
14375080	0.00418050889468936
14376791	0.00103609218017127
14377460	0.00182361916044049
14377590	0.00619533877209698
14380651	0.00320489029792276
14381580	0.00154248858160655
14381771	0.00167289922057573
14382451	0.000918980850887136
14383230	0.0119450161653235
14384070	0.00215539971671531
14384640	0.000931209685051038
14384671	0.0107531129122556
14387001	0.00411205013025535
14390991	0.00253490434298682
14391120	0.00199992139395515
14391910	0.0038037226228263
14394051	0.000981034953265274
14394550	0.00214015662715368
14397071	0.00214015698684947
14397840	0.000930714598691941
14398120	0.00182754789413069
14399220	0.00940795526579584
14403500	0.00353794465033536
14405071	0.00257431280114523
14405870	0.000947372664419145
14406871	0.00238932538112121
14409501	0.00802961592875867
14410581	0.00311293523640541
14412111	0.012530873025958
14414410	0.00094239035664962
14415831	0.00104626706259576
14419250	0.00294017731507057
14419650	0.00753448829489619
14421050	0.000994364403689978
14426530	0.000987939285409358
14426991	0.00160115897361789
14427951	0.00252042071537396
14429361	0.0208112892374869
14429621	0.000950393325639153
14429891	0.000947539276342793
14431780	0.0155636102946626
14432880	0.00209091524872628
14437440	0.000918980850887136
14437481	0.00264077578530511
14437580	0.000933101713803469
14439951	0.00760696076055298
14440870	0.0102632928437392
14441221	0.00272701231024667
14441420	0.0709049973392941
14441891	0.00175912575907396
14441970	0.00168259430641241
14442041	0.00156744239898158
14442260	0.00112112098155719
14442830	0.00137970927820175
14446120	0.00158735856164531
14446181	0.00263191217837211
14446400	0.00113179460471743
14446700	0.000987558959664021
14448760	0.000971532281748109
14452180	0.0192370599278142
14452381	0.0015282894805488
14453221	0.00659118455366567
14453970	0.00238279927440596
14453980	0.00483884328338578
14454410	0.00181559085434442
14456050	0.00211829349985209
14456391	0.00161772374146607
14456910	0.00431277446115931
14458021	0.00342983264892726
14458041	0.00257658994598225
14459230	0.00181510277435654
14463080	0.00444150478464364
14468330	0.000954337988554135
14468470	0.000921818674833718
14471240	0.00162862715986734
14474861	0.000928244913337972
14476111	0.00201650797157259
14477580	0.000918980850887136
14478530	0.0376128901243213
14478721	0.00322599144484717
14481860	0.00197874845374736
14482550	0.00167119739002893
14484750	0.0116237042689339
14486721	0.00153918069103739
14488501	0.00915428487615265
14488661	0.00400690540864071
14488801	0.0207275981179445
14489700	0.00151710564560732
14491131	0.00221639699159573
14492740	0.00786590422978641
14493870	0.0121486370822738
14494031	0.000942241619283259
14494161	0.00170938501271078
14494311	0.000986883773338611
14494571	0.0222014107947361
14494680	0.00210083429126491
14495780	0.00143911705025024
14497471	0.0012478041875353
14498940	0.00236955519975082
14499961	0.00700184066759877
14502680	0.00112696859845574
14505201	0.0147386176138961
14505321	0.00102704504064562
14506420	0.00158735856164531
14506571	0.0015144330283098
14507001	0.0119473823922595
14509321	0.0024240267480822
14509601	0.00163204355353942
14509730	0.00130643844798013
14512241	0.0114628266249475
14512760	0.00120240299016112
14512860	0.00288333410454297
14513860	0.00201771882586389
14514410	0.00909608415187974
14514690	0.000945993559357713
14515510	0.0105277689966888
14520340	0.128945571273909
14521321	0.00477710706258862
14521980	0.00232004634764598
14523240	0.0108505332666722
14526540	0.00172616934065423
14529211	0.0464869342004035
14529611	0.00101168636741372
14529761	0.00104499716414839
14530581	0.0930349351901486
14530851	0.0569668542578551
14531890	0.00201248396577973
14532730	0.0134993357542082
14539380	0.00246179348446759
14539910	0.0017611634829961
14540651	0.00717644731829307
14540911	0.00158735856164531
14541560	0.00119732176429619
14541820	0.000947233567991935
14541830	0.0105953694165379
14542550	0.00187737218014651
14543671	0.00730002083303656
14543770	0.00547218975642084
14543951	0.0016023112608622
14544511	0.00124308800194936
14545850	0.00377650458199391
14546270	0.074505503074488
14550650	0.000954351963833498
14552651	0.00159340392141054
14553290	0.0042334200885816
14554550	0.00169966223809942
14555230	0.00508859361941683
14559271	0.00168701756209286
14559681	0.0225867311407858
14559790	0.00165313506042622
14561430	0.0032311465747788
14561550	0.00363475919563625
14561621	0.000947539276342793
14562940	0.000935291756443324
14562950	0.000930714598691941
14563411	0.00452574814166795
14564470	0.00462902617049845
14564730	0.00111392563372042
14565471	0.00797523319610819
14565860	0.0040594273517621
14565881	0.0289351467565282
14566291	0.00361784148200859
14566660	0.00361608254495285
14567671	0.0079447744553327
14568221	0.00319402921430668
14570130	0.00188119270711121
14571131	0.00698530594465384
14572200	0.00204286517740295
14572310	0.0226546609837206
14572600	0.00229985403227258
14573700	0.00498443804847391
14575200	0.0478280751125519
14575551	0.000938733394372979
14576330	0.00189628540005284
14577300	0.00101147433280635
14578100	0.00192919421224546
14578571	0.0236913496984874
14579360	0.00260900925871915
14580101	0.00119080034241884
14580470	0.00117165650187767
14581710	0.00236750581354334
14582530	0.000969513534032819
14582861	0.00101738867747373
14584190	0.00186759673226418
14586650	0.0561358021682995
14586670	0.00178166437096452
14588480	0.000976625498510388
14588511	0.000987356932346495
14589201	0.000945499642860826
14589860	0.0261047071283386
14590130	0.00880514748419589
14593051	0.00643496675775253
14594780	0.00621011480663141
14594981	0.00217067139915815
14594991	0.00123759243633282
14595220	0.00770562851446316
14597051	0.00179634947212797
14598810	0.00199844762629864
14601201	0.0017667978966832
14602581	0.0026146056866264
14603961	0.00775155871732915
14605731	0.0172607470735646
14606090	0.00097676163906868
14608440	0.00824902968933165
14610100	0.00639321172141789
14611121	0.00336064978793368
14611910	0.00232264147530766
14612781	0.00140915020008826
14613061	0.00216750984103613
14614021	0.0487304611086895
14616890	0.00257063683495293
14617331	0.0053067438695946
14618551	0.00184896510148323
14620071	0.00110981886549249
14620470	0.000950393325639153
14621820	0.00158379370882772
14622561	0.00259131252626838
14622971	0.00196527790139034
14624860	0.00464151762654927
14626370	0.00828498435878121
14629120	0.00106532999012985
14629331	0.000959410776669364
14631060	0.00741851358284626
14633160	0.00660233543273288
14633290	0.00121856305137296
14637410	0.00238958471703664
14638670	0.00448339735362718
14639070	0.00195707520330842
14640091	0.00374153341863195
14640430	0.00234256002475522
14640491	0.0034282038194463
14642551	0.000930714598691941
14642810	0.00253072550347764
14643541	0.00233645949193936
14643640	0.0277914758425385
14643951	0.000958819970238063
14644621	0.000918980850887136
14644641	0.0368013126578168
14644990	0.000982623912928175
14645970	0.00287867159017474
14648880	0.0021079779706361
14650110	0.0506268378435081
14650281	0.0185008184992455
14650650	0.00195419750946012
14652231	0.00160160407640197
14653700	0.00260221292423812
14653840	0.00100646867819854
14656891	0.00598416116535879
14661741	0.00368688027673128
14662851	0.00194237155524551
14663661	0.00517624926398336
14664481	0.0558715981454971
14665530	0.000930714598691941
14666220	0.135740944958741
14668590	0.00212380401219538
14668621	0.00749873632842395
14670271	0.000935291756443324
14673530	0.00362325101264047
14673560	0.000978942816551297
14673670	0.000950761778399179
14674571	0.0137179107551061
14676081	0.00186530008668073
14678001	0.00443791189569467
14679780	0.00106793510788955
14681331	0.00189507440631468
14684010	0.000982931165896316
14684860	0.00105820046244995
14688850	0.00219272541684862
14689991	0.00301602068235812
14692481	0.00125115141591127
14694131	0.0173233655113654
14694431	0.00102495358886428
14695480	0.00451989391647225
14695620	0.00375216259733317
14698151	0.00282020966691999
14700990	0.00215565351615842
14701980	0.000930714598691941
14702080	0.000923162048352424
14702110	0.00522539052080819
14702400	0.00135715723879868
14702520	0.00189230459847354
14703050	0.00255085427478884
14703231	0.00243191992051944
14704061	0.00334692457251022
14705800	0.43560168451714
14706080	0.00902839115104267
14708430	0.00419208084387871
14708700	0.0237817682945813
14709451	0.00118209376135916
14710011	0.00465636941390134
14710090	0.00100075595070109
14710230	0.00713238464854411
14710240	0.0553229182237208
14711080	0.001093543369241
14711750	0.0028985219740619
14712211	0.00300034943583285
14712351	0.00241867049457611
14713980	0.00262219706347989
14714841	0.00185846630921285
14716600	0.092164616814003
14716761	0.002825857713959
14717820	0.00943136405359607
14718670	0.00118024704104302
14719080	0.00220694955050225
14721871	0.0016489323361244
14723890	0.000937346943128799
14724980	0.00381599687773782
14725680	0.00172620423202079
14726090	0.000960736681388978
14726151	0.0186640762958085
14727880	0.00287436917792381
14729120	0.0191247775429109
14729150	0.0032743454732296
14731480	0.00349895845205318
14731921	0.00103182411596439
14732191	0.00155250708712556
14732351	0.00153167065671749
14733970	0.00206620036020812
14735941	0.00267859677396068
14737601	0.00155612323675763
14740341	0.0022015422927199
14741980	0.00155053543828596
14742900	0.00103325860732786
14743251	0.000928244913337972
14744061	0.00280550395842712
14744290	0.00332441826874227
14748600	0.0295069513903197
14753031	0.00186629287646562
14754541	0.00205185766192666
14757120	0.000959045256103019
14757420	0.00722178434406974
14758650	0.000918980850887136
14758770	0.00444274209487423
14759600	0.00122272760042643
14760891	0.00235048264294432
14761670	0.00814708320504333
14761700	0.00288013466160736
14761810	0.0018812524094988
14761950	0.0148500499918692
14762390	0.0015099666263781
14763590	0.000943099425884448
14764140	0.0165542182157723
14764881	0.00718550119896208
14769451	0.00239979817638008
14769981	0.0148491024053038
14772901	0.00111496275735549
14772980	0.0017693641602115
14773520	0.000947737433152032
14774510	0.00109839442383286
14775490	0.0131714376664092
14776450	0.00267327201384196
14778250	0.00195471857691768
14780891	0.00176401582400024
14783600	0.00121133886832989
14785301	0.000931209685051038
14787490	0.00858841798409267
14788160	0.036389458375077
14788180	0.00132925348340633
14790551	0.00286617432664801
14792000	0.0431147199603047
14792471	0.00557613196528537
14794790	0.000930714598691941
14794971	0.00649953649743812
14795450	0.00108651513120912
14796621	0.00737577915090324
14797171	0.000956646870384948
14799340	0.00101643896413032
14802391	0.00424194687743109
14802421	0.00241489476622403
14802910	0.00362674097752305
14803310	0.00147926496713403
14803511	0.00122804750410817
14804690	0.00414256716014839
14804710	0.00557282718297184
14807620	0.00258731679862617
14807760	0.00305040802622747
14808071	0.00234308924683791
14808730	0.00163711051896988
14809011	0.00269525128468556
14810401	0.0030690268721993
14810910	0.00170265667892233
14811781	0.00168801613737298
14815651	0.00877464341994819
14819921	0.0658164716998348
14821000	0.00185666977153075
14821250	0.000930976244032915
14822240	0.0325947903499599
14824461	0.00368826792683959
14828751	0.00228734009392092
14829520	0.000935291756443324
14830080	0.000992605149390571
14832471	0.000982785367009795
14834630	0.00188498687723442
14836160	0.0058111382198514
14836761	0.00168245445741209
14837510	0.00367419253476237
14837790	0.00290608556826227
14838380	0.000953107304038755
14839040	0.00387291228668897
14839781	0.00178255611121754
14840690	0.137672434166754
14840710	0.000935593614326021
14843200	0.0019753450693016
14843371	0.000972818388105805
14843931	0.00189027216477295
14844201	0.0220375269684333
14844280	0.0161011809564572
14849841	0.0977945141286639
14851860	0.00340988189147913
14857120	0.00268372707972079
14857270	0.00400963310148771
14857711	0.0379374920229969
14857930	0.00196968142605104
14858380	0.00390029154934267
14859480	0.00413882747350805
14861940	0.00205670495375195
14865820	0.00635686851609346
14867030	0.0026924619153554
14867101	0.00234321837468941
14867860	0.00225514860080858
14868430	0.00192567870706864
14869141	0.00100515207698132
14869971	0.00131055102796194
14870210	0.00912954507008489
14870261	0.00184296476829008
14870490	0.00522462976395346
14870640	0.00101205977805595
14873171	0.00263292709385334
14875320	0.0029815042009794
14876160	0.00111483068623564
14876690	0.0129474881036566
14878060	0.00124927562073824
14882060	0.00648655459720147
14883740	0.00178062020084319
14883781	0.00100010774211957
14883791	0.00426158832133275
14886131	0.000918980850887136
14886640	0.0028965420822021
14887590	0.0016547026726563
14890780	0.00133753008025035
14895050	0.00213625237772839
14897270	0.00573194634105602
14898541	0.00210820590796474
14898821	0.024575961413911
14898910	0.00103011720342457
14899580	0.00599313058455919
14900201	0.0259043037549456
14904321	0.0009523675912944
14904570	0.00206299327799157
14904820	0.00385105673481524
14906521	0.00127727059087304
14906910	0.00770590714334835
14907351	0.0024347717061971
14909011	0.00152470537630445
14909831	0.00453897529250959
14909930	0.00443746590202509
14910951	0.00543696962300018
14911761	0.00195426419816823
14911911	0.00207755321511286
14913981	0.000947233567991935
14916690	0.063140436245066
14917691	0.00283205238675031
14917851	0.00325870693583238
14919040	0.000946008199336815
14920570	0.00103732938028669
14920710	0.00414433528131281
14922370	0.00464710872475016
14925141	0.059401225012422
14926370	0.00277622222405214
14926900	0.00172742783226506
14927180	0.00200926108462921
14928550	0.00187562967824292
14929021	0.00185243904596355
14929130	0.00302531468733612
14931901	0.00320411083553291
14932970	0.00106289444686155
14933930	0.0018707756574874
14935180	0.00359056342720978
14935501	0.00374562322231644
14936280	0.00637105800976719
14937701	0.0074664162220641
14938220	0.0763307738020741
14939590	0.00315115102313008
14939771	0.00231462710524054
14939911	0.00103115681072085
14942910	0.00190227663457833
14944031	0.000956955613857006
14944420	0.0126035823977555
14945910	0.0849448339811841
14948990	0.00348176833566547
14950121	0.00403224784545085
14950511	0.000930714598691941
14951320	0.00283590517991141
14951720	0.00100381042178432
14953360	0.000944961221715115
14955330	0.00199091383911885
14955600	0.000983215446159432
14957281	0.00107400013371873
14959061	0.00324051717165627
14959501	0.00212820277285679
14959710	0.00115461291526646
14959730	0.00107074819827282
14959880	0.0025165326272246
14961650	0.000959837998518783
14963590	0.000959837998518783
14963720	0.000947233567991935
14963990	0.0111169620486013
14964010	0.00308566890320211
14969390	0.00145973649572828
14970111	0.00652200230867129
14973090	0.00196061216032851
14974671	0.000918980850887136
14975050	0.00241677716261597
14975720	0.00113572321566528
14982511	0.0028164455758546
14983501	0.00104656567227827
14984680	0.00103846763587864
14985681	0.00706722381445599
14986811	0.00128113602125226
14987450	0.00100008766519062
14987570	0.00101644825446726
14987590	0.00169199132688179
14987990	0.00192636502604074
14989770	0.00168802222028007
14989831	0.0274228332992729
14990531	0.0133450761458553
14992140	0.00194819562018258
14992991	0.00393234347586972
14994070	0.015127026659417
14994750	0.00124440371110685
14995020	0.00152120563156835
14995590	0.00155323495627471
14996311	0.0141527311742446
14996581	0.00212684763133902
14997411	0.00582592636931181
14998190	0.00573555234000577
14998610	0.000989388362433084
14999631	0.00118789444650569
15000670	0.00455997388732974
15001681	0.00345795144051079
15001940	0.00143069228675015
15005380	0.00196112679174895
15010121	0.00237850890578618
15010381	0.00139545156818158
15010490	0.00132273790870011
15010910	0.135207040749287
15011040	0.00164415853270995
15011320	0.00184168045842757
15011631	0.00209322842661687
15011720	0.00104056630240376
15012130	0.00175447250489885
15012660	0.00544097084953971
15015040	0.00569731420455583
15015761	0.0057413453320777
15017011	0.00289666638074909
15017261	0.0010824553917142
15018511	0.00639344700004009
15018921	0.00101933640274284
15020260	0.00234281157920257
15020290	0.00123526119320325
15020700	0.000930714598691941
15022241	0.00145729104199454
15022480	0.103872241345168
15023420	0.0012780655231228
15023850	0.0020825290469944
15024120	0.00138308233188761
15026490	0.000946008199336815
15026610	0.00190159048107515
15027491	0.0256550775461256
15028010	0.00342891771500267
15030080	0.00464658592209695
15030651	0.000942863007090381
15034080	0.00207510497145637
15034531	0.00709474606667186
15036660	0.000942863007090381
15039320	0.0047989597871034
15040820	0.0186947767700322
15041490	0.0778756167468466
15042320	0.00238270794868455
15042651	0.00145664729705489
15042870	0.00200528666685532
15043891	0.00362535974001423
15044250	0.000935291756443324
15048950	0.00187968902151958
15049401	0.00136733763731998
15052321	0.0024063670003084
15052571	0.000949608376284379
15052810	0.0084069391549883
15053910	0.00240761704533648
15055840	0.353266413904926
15058880	0.00152391497333419
15060161	0.00676538791454422
15061691	0.0193575624536041
15063580	0.000947233567991935
15063850	0.00437938170199111
15065080	0.0725401577970888
15065131	0.00250155659282437
15065531	0.040408442702029
15065640	0.0128591394898942
15067160	0.00356752096779807
15067730	0.0026207212262643
15068670	0.00390669228795315
15068690	0.00433047801600349
15069240	0.00995576432887682
15069370	0.00190964952974461
15069780	0.0037417758134104
15070060	0.000986177499149427
15070381	0.00158735856164531
15070620	0.00239371150277414
15071440	0.000974320965920486
15072431	0.00377554208990498
15072721	0.00134507855262493
15074760	0.000974187056262978
15075191	0.00361871660667717
15075290	0.00133114183524449
15076120	0.00195778651246261
15077220	0.557663530454218
15082900	0.00178441636396772
15084690	0.00124822798209534
15085240	0.00714054311173869
15087621	0.0200518279696492
15089490	0.0107211039061815
15089910	0.00201896237296483
15092311	0.00538100396595218
15094511	0.0017512288629191
15097210	0.00112049766858619
15097930	0.00221372838482536
15098771	0.00104098265037767
15099280	0.00425794276132165
15100701	0.000955289929760321
15100930	0.0012808099767845
15101620	0.0166306904131552
15102610	0.00096324682192135
15105961	0.00847798677710278
15109131	0.00211001304426624
15109551	0.00698142113821875
15110781	0.00241504803764249
15111751	0.0699746853470447
15112171	0.00347578621924154
15113200	0.00295958953947637
15114210	0.00344351251537988
15115871	0.00110022857246361
15117951	0.00537058824364824
15121271	0.00248533341790355
15122180	0.0040058438268332
15122720	0.036970858532508
15123761	0.000947233567991935
15124110	0.00281102999486892
15124120	0.002149714143813
15125141	0.00595807014472517
15126760	0.00121469451728711
15126860	0.000930714598691941
15127751	0.00241872587957561
15129520	0.00102107668136324
15132120	0.00211974838299321
15134921	0.00134582170056106
15135461	0.00110631708709508
15137520	0.00274594995175204
15139741	0.000918980850887136
15139980	0.00451603130203014
15141620	0.00164217180776446
15141920	0.174271584410354
15142190	0.00179373624184378
15142480	0.0135844924328887
15143010	0.0016732804508126
15145811	0.000930714598691941
15146091	0.0116842704021818
15146760	0.00475903795034946
15147020	0.00987578417055854
15148971	0.00376873521092296
15150081	0.00281219768768042
15150320	0.0643991495815836
15151960	0.00138261370310493
15153801	0.000954603414582997
15153920	0.00399230296827277
15154440	0.0137147782473712
15154921	0.00123648468967467
15159270	0.0064548265759308
15159741	0.000968667419472924
15161930	0.000945945678544904
15162450	0.0114953377035734
15162771	0.00380756012917167
15166081	0.0205064834627089
15166631	0.00170205382978508
15170860	0.00572841878927099
15171881	0.000944355679476875
15172171	0.00095066049786008
15173340	0.00127227278744177
15175591	0.00210457875781278
15176380	0.000970347879569532
15177610	0.00178682475626024
15178091	0.00160334959337579
15178190	0.0103241593341019
15179290	0.00220232097435765
15179990	0.00754716956362032
15180240	0.00105784468181495
15183871	0.0112896726525999
15188110	0.0013452794215521
15189360	0.00106291780559947
15190880	0.00286788721656888
15193131	0.0613694388011672
15195710	0.0225014050874407
15197620	0.00307569736579247
15200380	0.00191196165238084
15200940	0.0612759503753994
15201131	0.00301377267732595
15201230	0.00311057061935549
15203850	0.0020958666792524
15204530	0.00313982857602783
15204571	0.00272315674959569
15205610	0.00184103102087803
15205681	0.000930714598691941
15206231	0.000958114944430976
15207440	0.0298620841988995
15208230	0.0032983433810318
15208800	0.00136160900453189
15209370	0.00600256321358516
15210460	0.00480776306469234
15211451	0.024154644378748
15211990	0.00173891112592016
15212640	0.00176220732962303
15213070	0.00936940079545787
15214600	0.0010161627642472
15216680	0.00229050667847374
15216981	0.000975484796322697
15217360	0.00299130648286578
15218450	0.0010157593887303
15218781	0.000957011974407847
15221480	0.000940096835409167
15222330	0.0109190988828597
15222341	0.000959597387682991
15224831	0.000967653355048986
15225200	0.00272564825746188
15225740	0.0035112223169012
15225780	0.00114784567002905
15230740	0.00209695691486242
15231171	0.0022720883335417
15232021	0.00167628420858596
15234491	0.00111526521754272
15234570	0.00368806467083936
15234590	0.00335854841158824
15234730	0.00214906309619411
15235260	0.00155663824736228
15235280	0.00583792754389812
15236301	0.00375670891592797
15238990	0.00551881256469403
15239270	0.0159395719135367
15239440	0.000938411716316521
15239581	0.00579232777934875
15240971	0.000947637793218791
15241600	0.00496382799988653
15242450	0.00158772391882831
15243461	0.00270209734980117
15246091	0.000950719106961811
15247010	0.128564768970173
15247810	0.00375354997030355
15248670	0.00255479952146382
15249760	0.0129600061874787
15250341	0.00378872749270672
15253661	0.000997007371903892
15255331	0.0013651799105713
15255881	0.000930714598691941
15257600	0.0055908303020671
15257890	0.00313870277398336
15259260	0.000971009756708184
15259471	0.00613712555874395
15260370	0.000992144544105449
15261080	0.00318055399505608
15262611	0.0196759403849872
15263530	0.000959837998518783
15263670	0.000940361115830715
15263680	0.00210378958211523
15265080	0.00115545005600752
15267031	0.00393434746081178
15271041	0.00142039738117609
15272390	0.00320801747931841
15273101	0.00565371546842674
15275670	0.00187432028833971
15276841	0.0010867266952304
15277900	0.00257467857863982
15279410	0.00143897598049915
15279420	0.00246013894596154
15280360	0.00342142849289057
15282190	0.00253650919171498
15283250	0.172877421408925
15283960	0.000963676656275067
15284001	0.000975220483587202
15284240	0.0071838223978885
15285060	0.00523101736232508
15285630	0.00154683049126517
15287581	0.00236195799686185
15287731	0.0015959771214879
15288360	0.0181918464245486
15289210	0.00393231582121653
15291400	0.00208030898378511
15291991	0.00100689226008707
15293200	0.00316941103288827
15294720	0.00296301617571761
15294891	0.00224948190693246
15295010	0.00188144299362262
15296260	0.00388330271266963
15297640	0.00110013828408464
15297941	0.00366707544539283
15298061	0.00559743435189586
15298320	0.00119538349995834
15298840	0.00252299211812599
15301921	0.00105267501754069
15303601	0.009098966936102
15304120	0.00101287951808998
15306010	0.00156024323783239
15306221	0.00198536791887128
15306471	0.00415851556838476
15307041	0.00244261954038033
15307591	0.00267632736419616
15308390	0.000943243735935964
15308660	0.00653067807185259
15308910	0.00143940111352244
15309641	0.00106003141572458
15310481	0.000940096835409167
15311110	0.00096315922500746
15311280	0.00262302849549233
15311940	0.0123291866229547
15312910	0.00188481329335781
15315000	0.00173770756754243
15315021	0.00112698955656531
15315400	0.00365942781596835
15317801	0.0698935948317464
15318191	0.0243217025117603
15319041	0.102241810611664
15319270	0.00288616099514795
15319560	0.000930714598691941
15319581	0.00133553513444239
15321350	0.00178146534832186
15321610	0.000948945884040681
15322020	0.00204700138859749
15325040	0.00244065576358349
15325070	0.00135157894109155
15325511	0.00208048052830603
15327171	0.00209287134439012
15327311	0.00167571182613523
15327840	0.0033643663715474
15328220	0.00251412672430801
15329190	0.00100027800360947
15331950	0.00568849110523881
15332490	0.000937887740712687
15333450	0.00109811659514807
15333730	0.00102067108968876
15336800	0.00494653243916538
15337470	0.000922925387602027
15338351	0.00119919540693471
15338430	0.00352324716171088
15338830	0.00129369002169185
15339451	0.00327143469525458
15341180	0.00217101409853624
15341450	0.0011126814874224
15341740	0.0016641312888699
15343250	0.00355622868464926
15343991	0.0019336579368963
15348500	0.00213400209009843
15351270	0.00101281845009312
15351731	0.0103275095058441
15352011	0.0152707285965452
15354020	0.00108247333621846
15354180	0.00170039040901681
15354481	0.0031434448041244
15354570	0.0126543874753176
15354720	0.000996980738885697
15356380	0.0544223430896491
15358990	0.00151943532312422
15359591	0.00144641775836194
15362440	0.041521444268434
15362751	0.00329584665516993
15363031	0.0179676021606443
15363841	0.00425094243581029
15363960	0.00455365097821403
15365320	0.002242227092816
15366881	0.00165202185409225
15368920	0.0102003467413993
15371380	0.00902810346999243
15371660	0.00101448003440608
15372900	0.00206313904395925
15373210	0.00100112859555901
15373600	0.00408028769625133
15376920	0.000930714598691941
15377310	0.00152561659961339
15379021	0.0027493810446851
15379130	0.00295048837005414
15380551	0.00185630567609931
15382751	0.0081964936009933
15384070	0.00915269549640736
15384370	0.0173906487119088
15384411	0.000993089908665355
15386341	0.00601198431358879
15386550	0.000930714598691941
15388681	0.00225709410087952
15388790	0.00267545096388104
15389931	0.000930714598691941
15391260	0.00183414936478252
15393610	0.0145839312806418
15394030	0.000964250443077339
15394621	0.00194349061080228
15396230	0.00469774943442535
15396531	0.00912391064606028
15397580	0.00236822922764089
15398450	0.0302503675966797
15398550	0.000929945887272815
15398730	0.000944586497159893
15399721	0.00109461205543642
15401641	0.00108684370122252
15401661	0.0735118495144946
15401900	0.00281990997489455
15402321	0.00194052820620732
15404691	0.00133997999130652
15406140	0.00145107076880885
15406550	0.000950393325639153
15406690	0.00959802013355286
15409350	0.00093389278996856
15410170	0.00320285944510348
15410550	0.003629727729234
15411800	0.00193467280866564
15412360	0.00599416866472605
15415701	0.00250192146644334
15417470	0.00139271516195213
15423280	0.00438986642786234
15424240	0.00246575841053771
15424520	0.00285132196163885
15426030	0.00661595253427905
15427280	0.000986690259824339
15427400	0.000981995216774903
15428500	0.00435243529153963
15430891	0.00454907179704007
15431140	0.00782514078768795
15431171	0.0184197347536895
15434170	0.000956187466962181
15434191	0.0118444876215608
15435571	0.000972192305128987
15437740	0.000943049034130857
15438461	0.00209283675780836
15441450	0.00537351584272651
15441651	0.00570514770020825
15442181	0.000930714598691941
15444090	0.0010073306087782
15445600	0.00256911115627841
15446010	0.0192837588534907
15446051	0.0013399163064875
15446290	0.000939455046151782
15446751	0.000930714598691941
15448531	0.0014263225283681
15448620	0.00465435845583278
15449371	0.00164854431165347
15449600	0.00183452824680528
15452380	0.0511000245959954
15452480	0.00394405406306913
15452661	0.055199559261907
15452890	0.00174951478063639
15453911	0.00437223575626353
15455230	0.00207315541244215
15456661	0.0227368058293801
15456780	0.000954337988554135
15459431	0.00417237620893679
15459780	0.0031296824049608
15460090	0.00821624117445017
15460951	0.000971576980587613
15463950	0.0136439896538203
15463971	0.00110636668042364
15466550	0.00327873899916356
15469030	0.00183139964116247
15470140	0.00271543498056581
15471301	0.00330623151491296
15471510	0.00324711630538056
15475390	0.0016466456006756
15478300	0.00321861875264068
15478820	0.00245201008155296
15479260	0.00177206035429959
15480770	0.00471842714701152
15481320	0.0072506943452052
15481340	0.00455168091108212
15482710	0.00872497115837999
15483230	0.00451214535913756
15484131	0.00147444945719793
15487551	0.0109471973788717
15488230	0.0027247611384622
15488880	0.00331179017032204
15490201	0.00330952277363841
15491120	0.00244781380359107
15495141	0.00847482100617266
15497050	0.00191286180257353
15498000	0.00224126983207804
15498201	0.00251382850889496
15498540	0.0102210670011449
15499011	0.00190606759378672
15499680	0.00187603297272707
15499800	0.000953547043596529
15501160	0.000947737433152032
15502051	0.0191411462354751
15502710	0.00167538238866957
15504541	0.00396614918161723
15505310	0.00274015830742457
15506420	0.00364922804591379
15507380	0.00124720388525787
15510440	0.00488981706022873
15512610	0.00389977637222546
15513030	0.00227562063802832
15514130	0.00111223740618048
15514311	0.00168500294696417
15516480	0.00192371938437398
15516640	0.00196119587702937
15519001	0.000959173791588238
15520360	0.00251160841301953
15522960	0.000935593614326021
15523551	0.00163033945049335
15524261	0.00121867845360187
15525081	0.00228774911387753
15525190	0.00162956889490225
15525501	0.00168633685904815
15527660	0.00410293797284483
15528261	0.00387307589579133
15529750	0.00170958025810603
15530451	0.0172754753202429
15530990	0.0120129259403723
15533071	0.00212295284440284
15535360	0.000947233567991935
15535380	0.000952715494697889
15536391	0.0271587287139446
15537771	0.0011223729569749
15538331	0.00170426508153518
15540890	0.00587802125224989
15541440	0.00224841240597931
15542311	0.0619586452802988
15542321	0.00256381574178577
15543131	0.000985859337097043
15543370	0.0225732090247774
15547291	0.00426288856808254
15547770	0.00100833548031736
15548401	0.0009616631425016
15550690	0.000965949039436408
15552070	0.00339160263686086
15552780	0.00217824467818306
15553771	0.00346100153441973
15555141	0.0025482393708055
15555500	0.00304369306746127
15558560	0.000977020656573063
15558741	0.588312070244429
15559370	0.00214683208229327
15560231	0.0778507260338635
15565150	0.00107162147352568
15565840	0.00494307875325087
15565870	0.00131163639879828
15566851	0.00452582016777563
15567920	0.0023632394203786
15568490	0.0336951736974955
15569190	0.0592800240820157
15570120	0.00511066186929482
15570581	0.00249916197397036
15571271	0.00597115901928283
15573471	0.00236897447743661
15573901	0.00106107110843577
15574430	0.0325929237638013
15576630	0.00096321496314186
15576651	0.00128711935554049
15577170	0.0099423866014429
15580661	0.00256348903390063
15580760	0.00548963628275212
15581880	0.000918980850887136
15583920	0.00182320581742107
15585501	0.00408708511520203
15586010	0.00282783538943171
15588880	0.000985557964245217
15588910	0.00275821890869577
15592801	0.00368291948119399
15596880	0.00815607505269333
15598441	0.00153838604383028
15599090	0.00270669957947634
15599701	0.00100969415176856
15600220	0.0150913277062164
15601850	0.00233385751454214
15604231	0.00343045854421154
15604470	0.00912363432368991
15605071	0.0022846617545788
15607630	0.00447871845541085
15608630	0.00213871967948369
15609061	0.00095541861641629
15609290	0.00286702100016385
15609590	0.000918980850887136
15610161	0.00386948154205728
15610451	0.00193323819311208
15610820	0.00282491012117759
15612340	0.000959837998518783
15613180	0.00116981750479467
15613700	0.008343422702606
15615650	0.00114750513217879
15616251	0.025831747996914
15617201	0.0266599018349878
15619131	0.00421864293679279
15619370	0.00301016806230765
15623561	0.00202463565582157
15626940	0.00101530985840387
15627100	0.0207999789164331
15627691	0.000935291756443324
15629730	0.00481302776645109
15631760	0.00342439158505384
15632910	0.00582807178972327
15633150	0.000943447176882411
15634000	0.00817115319847295
15634451	0.00101859104597295
15635490	0.00487359538496955
15636070	0.0225573707350446
15641310	0.00230008720206544
15642110	0.00270451690223171
15642270	0.000968667419472924
15642280	0.00326540101950465
15644740	0.00102280886780148
15648371	0.00210701942176181
15650700	0.000998943333006176
15651811	0.00158565786714717
15653201	0.000930576278959419
15653460	0.000942863007090381
15654970	0.00186316147872986
15655210	0.000961617066254318
15655640	0.00749546799138993
15655831	0.0330865030836268
15658010	0.00179073840077005
15658711	0.00211931048848525
15661191	0.00343963138314532
15665891	0.00119946812963343
15666260	0.00272400190912183
15666800	0.00170656504896827
15666861	0.00409145046556339
15666940	0.00237168879057915
15667770	0.00271406531764459
15668190	0.0124057603912319
15668511	0.00096668569248362
15668880	0.00101793681562296
15669020	0.00380966301555569
15670800	0.00342303249843976
15673201	0.00186876341200081
15673560	0.00132783713908508
15674280	0.000983010095229764
15674410	0.00461817052318485
15676101	0.00296292323832326
15676511	0.00409184779910719
15676641	0.00103916188014048
15678660	0.00458050551860934
15680511	0.00109422258570626
15680620	0.00332098438475452
15681840	0.00291524791098701
15684170	0.000987480178535893
15684350	0.00163753793454713
15687370	0.00131072583771403
15687620	0.00176906778545367
15688210	0.000953922546709431
15688610	0.000944683777192031
15691360	0.0110630478667943
15693420	0.00173164945281555
15693440	0.00291893459903915
15694021	0.00106682985454909
15694161	0.000959837998518783
15694311	0.000918980850887136
15694571	0.00112457956329593
15696771	0.00097359499932997
15699110	0.259768120352365
15699780	0.00103260087389959
15699811	0.0042607551069616
15700180	0.00103064752743347
15703790	0.00282824572293704
15704501	0.00128219411544035
15704600	0.00274291598888266
15705201	0.0011839856341702
15706970	0.00228894239793651
15711121	0.00294151884377242
15711141	0.00108466733906003
15711251	0.00336853502105684
15714380	0.000958503961335131
15721201	0.0035874084360895
15721621	0.00224063262524985
15722100	0.0180413810557416
15723520	0.0018099705476255
15723900	0.00183959213031644
15724381	0.0144375493524582
15724631	0.00216903917101874
15725591	0.00246503490032038
15725720	0.000961901951491417
15725970	0.00101816741265857
15726171	0.0192449957029974
15728170	0.00166072176065929
15728860	0.00725565141706881
15728911	0.00295294800571206
15729710	0.00336160452261937
15731111	0.000930714598691941
15731531	0.00665618743674826
15732310	0.00288706877482618
15732791	0.00107867339475546
15735510	0.0145613374350949
15735531	0.0025423570720069
15736921	0.00198312344347257
15737980	0.0222347554138159
15738820	0.00177673651203113
15739510	0.00161396645300651
15739900	0.000940177899939983
15740470	0.00196447919108537
15743070	0.101023528113929
15744340	0.00231706393322118
15746441	0.00187783945287309
15747111	0.000956646870384948
15747541	0.00334472198180614
15747750	0.00132496020771607
15748211	0.0021883167279317
15749341	0.00172760392880107
15749430	0.00348692121305545
15752160	0.000928113647699071
15755500	0.0606301886747769
15756101	0.00189426825080647
15756491	0.000939963895334573
15758421	0.00945872425587435
15759811	0.00141183501681112
15760200	0.0018459015709521
15760491	0.00119965070901319
15761731	0.0022085123854014
15762410	0.00200332347887333
15763541	0.0080384545426631
15763890	0.00192231852909128
15764600	0.0296981638048818
15768860	0.00102316950417949
15770370	0.0029425443866401
15771200	0.00627989123668483
15771640	0.000930714598691941
15771681	0.00901479328660428
15772180	0.0037629403161818
15772651	0.00123632355295919
15772870	0.00297553112014912
15774031	0.029358994096346
15774851	0.00101012712965219
15774971	0.00197558835696543
15775340	0.0018435824223575
15777430	0.00160274787078727
15779910	0.00581829089440226
15781171	0.000996782864648467
15782100	0.200074130858886
15782151	0.00410515924400234
15782841	0.00173259196700043
15783060	0.00123016103324176
15783370	0.00237944491007976
15783650	0.00358189327460696
15784200	0.00403224327876814
15784850	0.0018614761123647
15785270	0.00575273596015107
15785731	0.00099743603846284
15788580	0.00746080332831864
15789051	0.00111890940146205
15790660	0.00105125085484713
15791951	0.00241807101255855
15794660	0.00240710081265473
15795681	0.00271948942155968
15795740	0.0029695673370348
15796761	0.00190439504476359
15797061	0.0125560469207886
15798400	0.00444523026705317
15801680	0.000947499852792038
15801881	0.00703015917423462
15802640	0.00213672941329577
15806011	0.00438043719320266
15807230	0.00108400642686196
15807740	0.00106258173431375
15810540	0.00230551238969482
15813611	0.000948945884040681
15814820	0.0017540834294632
15816300	0.00152801782784084
15818530	0.000930714598691941
15818691	0.0029638088902867
15823490	0.000930714598691941
15823640	0.00172632122513918
15824891	0.00124553770797653
15826100	0.00250058591139358
15827531	0.000991872289922878
15837191	0.00177978258452117
15840061	0.00382409852810716
15841430	0.0034239320380784
15841810	0.000975789843404095
15844040	0.00421918618854372
15846971	0.0335023470908253
15847460	0.00202652556681287
15848720	0.000930714598691941
15848751	0.00591495031500526
15848761	0.00299644202562581
15849031	0.00219748627455243
15849311	0.0767295817774627
15849850	0.00307494384997414
15852850	0.0208878332686201
15853570	0.00368522031727298
15853861	0.00439453280189693
15854080	0.00263171209150335
15854120	0.00314132268055684
15854220	0.00107362830839407
15854640	0.0134285837793758
15854930	0.000927978622171073
15856600	0.0378372183940726
15857191	0.000933819304287012
15857851	0.00197929444982351
15858541	0.00228368380148672
15861881	0.0739291384570461
15863121	0.018432376982235
15863190	0.000951824777770839
15870011	0.00433418332288092
15870131	0.1103010516977
15871111	0.0348330590000395
15872040	0.00102835105806832
15872911	0.00662075560213987
15873881	0.00809524567324784
15875231	0.00105528343630578
15875360	0.00375261383443381
15875801	0.00250492350350117
15875931	0.000978412802980483
15877260	0.00447614149146502
15877410	0.00733673265421796
15877800	0.00791943163970683
15878910	0.00108989221327262
15879320	0.00240368639526027
15880611	0.00385134429257519
15882561	0.00500840178000153
15882821	0.00158735856164531
15884290	0.00199531113623098
15884621	0.0258516968253554
15885970	0.0188363054677462
15886260	0.00612451599504839
15886770	0.00204729754931936
15887220	0.00100195777223943
15887770	0.000965019347873585
15888840	0.0425890546300377
15891500	0.00099876837069244
15891931	0.00616761928988378
15893871	0.00188242215521166
15896290	0.00165286264550752
15897670	0.00648236883750413
15901400	0.000942320495029081
15901410	0.00249241279060615
15901461	0.00326460855414074
15905410	0.00646424146367901
15906650	0.00345778567556378
15908860	0.000953890480479911
15910800	0.00183764044682067
15911220	0.000956646870384948
15911231	0.00299125921108044
15911490	0.00412255950266058
15911641	0.00286112049562363
15911781	0.00288968214737944
15912071	0.00170355108796951
15913441	0.00418025646025338
15913581	0.0034725075473771
15914151	0.00100312514205794
15914701	0.00679619206157866
15914920	0.00265029327030347
15916491	0.00611847894150178
15916751	0.00521439110122182
15917110	0.00398965681837845
15919480	0.00829143960111369
15919511	0.000976194151995285
15919740	0.00113576415616515
15921550	0.000988516633812115
15922910	0.00166924316725359
15922961	0.00338914052353517
15924600	0.00119756711613254
15924840	0.0512639930879235
15925550	0.00953541209956422
15925861	0.00260620518558226
15926940	0.00297338893683234
15927241	0.0022015734542442
15927330	0.00305071077655233
15927460	0.00324607538970885
15928440	0.0135243441237181
15929041	0.0129500886870684
15931391	0.0020527604273223
15931910	0.000933922618795287
15932420	0.00161313383807084
15932970	0.0403925804122678
15934780	0.00182992195340871
15935091	0.00101943710040576
15936030	0.0041141882748343
15936061	0.00132617487444787
15936990	0.00287684616599235
15938421	0.474442709996396
15938800	0.00833531996530441
15943630	0.00210450368300127
15943931	0.0009277692896385
15944341	0.0022840712149343
15946630	0.0011406606667463
15947630	0.000930714598691941
15948040	0.0105330014529073
15948331	0.00191957522620726
15948901	0.00100751683431853
15950531	0.00264588061383244
15952980	0.00243185347516615
15953700	0.00174739545481944
15953851	0.00190454423685372
15958121	0.00192672553798028
15960570	0.00302217137830206
15963921	0.00178691744570681
15964351	0.00586114669003012
15965011	0.00281002690916077
15966240	0.00409224270584505
15968290	0.00195821051648859
15971200	0.00412747610831206
15973591	0.0025679066968288
15974770	0.0260998132616967
15975221	0.00215640492840999
15975501	0.00126776068665812
15975771	0.00116612906084981
15978961	0.00411723010892302
15979921	0.00636819496262737
15980191	0.000958535384900243
15984860	0.00563400830107403
15986650	0.00116630950872193
15987450	0.0018281143847589
15989301	0.00253124509891005
15989830	0.0081101159295874
15990780	0.00390134473685937
15992580	0.00934503762789679
15994780	0.0293704901048707
15995101	0.000933351183154007
15997680	0.00265762130974956
15999781	0.0024612956737891
16001380	0.000934663173643755
16002251	0.00800461738595183
16002691	0.00870437814763303
16002780	0.0015413170327106
16003091	0.000925380932952562
16003241	0.0103569260815622
16004020	0.00166616586085668
16004181	0.00396861134293098
16005280	0.00798826722445069
16005400	0.0017487499381735
16007880	0.0114500677323426
16011501	0.00366291082614085
16012181	0.00142826737732464
16012990	0.00207566705694855
16015081	0.00228278922120213
16015610	0.00210939079185357
16016580	0.000918980850887136
16017820	0.00671743015135607
16018370	0.0615186245827871
16019760	0.000985969774807998
16021550	0.00155023956949676
16022500	0.000973303191484115
16022930	0.0067419937697054
16024481	0.00348966179848783
16024580	0.00108153895092121
16026811	0.00603048967720712
16027781	0.00353992889090602
16029171	0.56524657426088
16030271	0.00347744135338375
16032621	0.00359156042869815
16034121	0.00271562819669469
16036601	0.000947737433152032
16038790	0.00529754836075514
16041920	0.00315203652263808
16041991	0.00175210262780633
16042900	0.520197243617781
16045151	0.00197141915011157
16045431	0.000954206698242286
16045691	0.00602640222353632
16045841	0.00733850177442024
16046490	0.00752722276046528
16046801	0.00196712620813421
16047740	0.0105573585771884
16048451	0.00869930872361326
16049421	0.00277424442658745
16050620	0.00737442138217317
16051231	0.00571359278388922
16053561	0.03387114844968
16053691	0.00242981768531484
16054480	0.00205308696684902
16054661	0.00445362422674617
16056331	0.00373863742930007
16056611	0.0015636948205007
16057021	0.00586716378019135
16059170	0.00117180910921757
16059631	0.00260978889794502
16060891	0.0371042562752161
16061130	0.000922046450819502
16062490	0.00233781201184391
16064150	0.00749091746751351
16066200	0.00232883786436057
16066500	0.00308175242501479
16066531	0.00199399967684963
16066941	0.00114033246247075
16068731	0.00136742708198876
16069370	0.00114153548198132
16069950	0.00249806270565933
16070750	0.00198479116315417
16070890	0.00095539455072824
16071211	0.000937442633256328
16072820	0.00100389811519766
16074251	0.00373544938818377
16077380	0.00189692994712674
16078210	0.00490261673321708
16080140	0.00260523735602286
16082101	0.00251004261182596
16083340	0.000944355679476875
16084171	0.00139064703766135
16085500	0.0020237783797039
16086521	0.00322680763400428
16086681	0.00635699999191469
16087430	0.000930976244032915
16087771	0.00416711925863401
16087880	0.00760969561749
16088950	0.00508109557057176
16091040	0.00440649234000778
16093510	0.000967251362364319
16093691	0.0017372190227638
16094920	0.00714722906826265
16095091	0.012297921591239
16095870	0.000947539276342793
16095921	0.0779433564190347
16096290	0.00103144744822025
16096400	0.00586179312996385
16097421	0.00240005313400551
16098740	0.00791212664068031
16099570	0.00203648527121528
16101991	0.00206821120840449
16103361	0.00202894218380459
16104741	0.0453832560833218
16105520	0.0251987571578195
16106070	0.00145456790759481
16106360	0.000947233567991935
16106370	0.00267608734535266
16109500	0.0020095444438304
16109841	0.00247030132773328
16110340	0.000918980850887136
16111901	0.00183560024279902
16112140	0.00258744816146947
16112430	0.00166695695856472
16113301	0.0104527058738046
16115361	0.0346890649508688
16115750	0.00719555526160569
16115880	0.0041761421495933
16116810	0.00108933457538945
16117431	0.00407865419922271
16118661	0.00110663434279312
16118811	0.00248061817822174
16120020	0.000950853566709486
16120041	0.020842772878753
16121220	0.00327853391174942
16122190	0.0145529150512604
16122401	0.0263555823820056
16122640	0.00178192690478024
16122951	0.00688859807299124
16123850	0.00458279631746008
16128400	0.00104113457074221
16129431	0.000946433817665111
16130900	0.000943037230837594
16131990	0.00636443191396661
16132850	0.000957770721016144
16134880	0.00183337996124419
16135180	0.0668829812150291
16137370	0.00326786533539319
16140390	0.00181502154884626
16140560	0.00122680754920573
16140741	0.000947737433152032
16142320	0.00211814631360063
16142511	0.00214532335896203
16144031	0.00107658463409159
16145380	0.00372427208342832
16145510	0.00095927447266545
16146231	0.00168391687333544
16150210	0.00148938270594239
16150610	0.00174117405545509
16150760	0.0124883228617446
16150801	0.00128939286027021
16151751	0.00253918883520709
16151761	0.00379945205599716
16152721	0.00228778852944802
16154090	0.0014009714769959
16155010	0.00244903476506342
16155201	0.00184517679379114
16156721	0.00109994928795404
16157120	0.0253444201410882
16159201	0.00103398853077098
16159611	0.00182438304980035
16160260	0.00195807871807263
16160670	0.00725126119363657
16163071	0.0103721446241814
16163430	0.00100683044327403
16167221	0.0593133883018943
16167911	0.00211552308948072
16170180	0.0663815457832157
16170371	0.00263356845744771
16172000	0.000918467714810656
16172021	0.00441054208651519
16177370	0.0012671911817094
16179481	0.00100323564775036
16179590	0.00276615080154737
16181780	0.00151420267578124
16182091	0.0513694384884294
16182391	0.0296061931854668
16184690	0.00148367631840614
16185971	0.00146296859093932
16190610	0.00365859014306336
16191280	0.0419212601325503
16192871	0.00108388930842202
16193951	0.000978022937936182
16194231	0.00169205838133481
16194360	0.00406163615042037
16195590	0.0935783935479515
16196591	0.00631216065757482
16199071	0.00211035578712407
16199751	0.00173353349659713
16200031	0.00856195983136862
16200130	0.00207328045558298
16200260	0.00135838983507632
16201900	0.00449619354422414
16203751	0.00161518936114765
16206320	0.00113181848674776
16207081	0.00383682578320576
16209360	0.00143505821964882
16210050	0.00103395318075965
16211071	0.00213663106068478
16212461	0.00173978895340338
16213510	0.00137623640927618
16215351	0.00656442679880203
16216110	0.0030270851636028
16216410	0.00202030851474882
16218350	0.00219006737649219
16219341	0.000975788358249703
16219730	0.0071617111617093
16221070	0.00232363724408552
16225770	0.0131143206623979
16227201	0.00289389611473239
16230050	0.00120914060645844
16230661	0.00118767087811235
16231030	0.00742927836209576
16231320	0.00173457941253939
16231351	0.000930714598691941
16233070	0.0241279598233732
16233770	0.00199133698748117
16234480	0.00332142680482063
16236140	0.0018660004720124
16237080	0.000940096835409167
16238101	0.00267971701434443
16238661	0.00174633853125227
16239140	0.00097817160370703
16240431	0.00127074376211934
16240441	0.00882233999512036
16243720	0.00225759916224983
16246740	0.00272277067637012
16248151	0.0145252144427016
16248970	0.000962494195228176
16250040	0.00167571182613523
16251580	0.000930714598691941
16252171	0.000945499642860826
16253220	0.000933742286923919
16253671	0.00119138731308734
16253800	0.00334254450131631
16255450	0.0118165249473113
16255570	0.00423531045235842
16257070	0.00564225896959369
16258600	0.0569845743567541
16259461	0.00106242083982474
16259741	0.0017300562683667
16260270	0.0409619509283923
16260400	0.00520594187780555
16261281	0.00446306140577597
16262190	0.00122256127536926
16264280	0.000947233567991935
16265510	0.00096017103314291
16266310	0.00340474315381776
16272851	0.00141901062697763
16273380	0.00111723096250857
16274350	0.00133519558020065
16274580	0.00870519895930901
16274900	0.00192619472277942
16275550	0.0048191747513715
16275690	0.0136713171073791
16276790	0.000949608376284379
16277520	0.132981441786265
16279310	0.110822479887994
16279761	0.0035012102025831
16280260	0.00269255954561688
16281671	0.00223815842776568
16282340	0.0010153537355431
16284000	0.000970455166136986
16284800	0.00103008746042355
16285121	0.00107312175992102
16285370	0.00219450178268691
16285520	0.0209310248268795
16285650	0.00432569941648391
16286180	0.0109272973469215
16286750	0.00230639441338461
16286880	0.0113800935820803
16289340	0.00232526007938105
16290491	0.0179485132675814
16290651	0.00439026933672209
16290880	0.000929945887272815
16291071	0.00239940590600797
16292930	0.000918980850887136
16293780	0.0156050708787812
16295700	0.00177393340468729
16296161	0.000930714598691941
16296800	0.00261935139687192
16297200	0.003916343864465
16297251	0.00158735856164531
16297900	0.00185933006374108
16299580	0.00094404633128861
16299871	0.0011348176635617
16301220	0.00297882606156938
16301350	0.00168377951608289
16302050	0.0139716174259705
16306470	0.0024300585488599
16306501	0.0120743145765922
16307741	0.00101391584647075
16307881	0.00161156432704603
16308140	0.00207063211353274
16309500	0.0026636221677276
16310040	0.00252707346419679
16310081	0.00318509547778882
16310330	0.000993538861735257
16310931	0.00102088686421572
16312721	0.000918980850887136
16312790	0.00296255167460721
16313510	0.00456325538564352
16314190	0.00456611694058906
16315010	0.00202769130746801
16315300	0.00104828581670287
16316120	0.00915268616048465
16317380	0.00161810212143976
16318200	0.00398595962270117
16318771	0.0372758949582432
16319700	0.00185889175463099
16320721	0.0106810445385166
16320820	0.00472647488358055
16321230	0.00345426202469465
16323540	0.00216736095217591
16324031	0.000921689537652262
16324141	0.00131689114703236
16328950	0.000918980850887136
16329080	0.00179328607742994
16329121	0.0575154183729108
16330351	0.0401990072142909
16331840	0.00115473100660599
16332281	0.00755943611929312
16332851	0.000936687792190384
16332950	0.0111222172455782
16333100	0.00153690042985604
16333770	0.0042395166661041
16334211	0.00186389132746571
16335820	0.00668170227678314
16336680	0.00260429765879902
16336691	0.00204671448363551
16338190	0.000939963895334573
16338491	0.00319850913954427
16338610	0.00285408124464729
16339550	0.00368979092880356
16339591	0.00106148425596743
16340410	0.000963462916181003
16340421	0.000954337988554135
16340991	0.00304684447032983
16342351	0.00276467959495093
16343980	0.0011869173171828
16344090	0.00107932803335771
16344930	0.0134913187723416
16345080	0.00103193532834044
16346170	0.00663152753215985
16346990	0.0129100120888399
16347891	0.0103935595482616
16348100	0.000929945887272815
16348981	0.00420081749799698
16349230	0.00283321173660845
16349500	0.00200584518680626
16349671	0.000932774080945462
16350470	0.000918980850887136
16355191	0.0009523675912944
16356400	0.000930714598691941
16356650	0.00291404952163554
16357121	0.0962222376643362
16357961	0.00106161877821876
16359010	0.0039775096139344
16359041	0.0189820394622098
16359451	0.00755032281344596
16360920	0.00590989582378521
16361811	0.0218895771440048
16363150	0.00193105696498856
16364130	0.00770584631648515
16364431	0.00493971300756405
16364820	0.0291056803464538
16365951	0.0027585615123178
16367270	0.000947233567991935
16367710	0.00122281198228097
16368810	0.00211430989854224
16379420	0.00497631770905853
16380110	0.0031423418760247
16380711	0.013093230977571
16383560	0.00577021262875189
16383680	0.0010037263747477
16384571	0.00457848598259473
16384981	0.0054802023597548
16385780	0.00162335252697513
16386231	0.00419483169242136
16387430	0.0281655284622515
16388151	0.00491028924922499
16388561	0.00223657430015451
16388950	0.00285276659402012
16388971	0.00180150192429125
16389391	0.00196057781605721
16389750	0.00364999328073786
16389900	0.00192737448886245
16391120	0.00206532496933185
16391400	0.00147173851225878
16393880	0.00331096299746984
16394880	0.0130532054641744
16395980	0.000956646870384948
16397941	0.000957422814971803
16400790	0.00179632344338243
16401811	0.0036141530093936
16402320	0.00265232432093811
16404810	0.00135644787621151
16405600	0.000960399261171959
16405661	0.00172434856082908
16407461	0.150935149895969
16408011	0.00520946448557042
16408971	0.00249171980240793
16409241	0.004119926445204
16412930	0.00595314136193308
16413401	0.0025922253703083
16414580	0.16080314643976
16415461	0.00749851517382113
16418600	0.00192950575053405
16419260	0.00251917133943934
16421121	0.00252637482820452
16421500	0.00809170801071456
16422501	0.00166023172210197
16423140	0.00373833711995405
16424240	0.00136326151197023
16424360	0.000952493686661544
16430361	0.00108905849747367
16432220	0.0129471393429791
16433200	0.0101828917556339
16433600	0.00246836340869909
16434901	0.00240411549005175
16436230	0.0022786598842813
16437531	0.00168849525627207
16439130	0.00209792394961768
16439290	0.00215697522474411
16439530	0.00318066143056193
16440841	0.00182575441412297
16443690	0.000963738984805264
16444640	0.000951824777770839
16447280	0.000930714598691941
16447670	0.00105143672492214
16449801	0.00457436215817996
16450310	0.00175285220999277
16451540	0.0033668573439864
16452281	0.00853517608230097
16453511	0.00130481596231566
16454150	0.00100532457076199
16454201	0.0380824985703435
16454501	0.00312846494439109
16454870	0.00101926833422677
16457760	0.00187807166215136
16458180	0.00525517598171856
16459451	0.00169982057915271
16459731	0.0127296522536123
16462361	0.00163683050833215
16462761	0.00102705229132308
16463461	0.00344176649278057
16464831	0.00107277299317557
16464950	0.00166474301362333
16465220	0.00482697566040841
16466710	0.00139366955561493
16469651	0.000987480178535893
16471140	0.00588108831682459
16471721	0.00230770111750679
16474980	0.00145221308074355
16475420	0.0016132566443101
16476120	0.00168217721918314
16476411	0.000992244757745366
16476630	0.00418462913520222
16476981	0.00112267971794721
16478061	0.00127835316212797
16479571	0.00118383983992319
16480770	0.00100469364239063
16481490	0.00164771898027992
16483670	0.00136877140593785
16484411	0.00441637748993275
16485360	0.00627454972569173
16488281	0.00470351342266081
16488500	0.000983239417530165
16488770	0.202116885889709
16488831	0.00128194717228347
16490611	0.00815654645910914
16491410	0.00158735856164531
16491840	0.00224089661244057
16494310	0.00218081154077594
16497511	0.0011059712360146
16497521	0.0101102915240551
16498440	0.00312033475694256
16498761	0.00654811717517307
16499591	0.00176010151745345
16500380	0.0247881466168984
16500670	0.00656388991454743
16501921	0.00334947779611588
16502211	0.0030635107238433
16502720	0.00104423344863312
16502901	0.0195008209690509
16507680	0.00483080750372618
16508961	0.00432722210948711
16509450	0.00281546913779264
16509590	0.00427474828409149
16509661	0.0106285208988516
16510331	0.00126462439762705
16510420	0.0016570876020254
16510450	0.00596401641151918
16510491	0.000963522749665955
16510850	0.00111595318182377
16511010	0.000970894975222107
16511571	0.00122568778649644
16511731	0.541968678261996
16513921	0.0151889721944725
16516390	0.00261945200029261
16516530	0.00095611452691268
16518081	0.00409223027211804
16519410	0.000940778287919548
16519970	0.0181815072641351
16520971	0.00115432581334702
16521890	0.00929838005188234
16523291	0.000928922955234724
16525760	0.00187360445455387
16529231	0.00155804059189072
16530000	0.00286035775583166
16530051	0.00194896704954384
16531431	0.0062675409264942
16533241	0.0115276566804582
16534450	0.0197472405070212
16535441	0.00420409866900441
16536811	0.0203187594765976
16537050	0.00281627705351726
16537470	0.00116873306113005
16538351	0.000930714598691941
16539930	0.00244182416155876
16540411	0.0153439566544355
16540421	0.00127141229098658
16540551	0.00100068072240362
16540760	0.0016155132585375
16542071	0.0010560921090355
16542331	0.000933742286923919
16542341	0.0519734926539467
16542611	0.00275951785988817
16543010	0.00212543544320555
16544811	0.00174351104215305
16545870	0.0143409566355766
16547011	0.369809469901781
16547161	0.00234460519069776
16548080	0.0212256256227346
16552220	0.00364901271974199
16552350	0.00323418284971747
16554830	0.00160689215134104
16554990	0.00093521196729008
16556760	0.0010201873547497
16557600	0.00423978314713024
16558440	0.000965110592291242
16559140	0.00177485116386395
16559701	0.00175678917261332
16562601	0.00557333388655296
16563100	0.000935291756443324
16565931	0.00103489436208992
16566840	0.000953188303112108
16567431	0.00555083904528006
16567571	0.00312786068846842
16572340	0.00173841327036008
16572531	0.000939963895334573
16572920	0.00570015601050684
16573740	0.00187313701712003
16575301	0.00263976717462624
16576271	0.00386817155102476
16577931	0.000942863007090381
16586481	0.00281995465093315
16589480	0.00134140704684911
16590970	0.000959157551961957
16590990	0.0576921520832117
16593610	0.00204744362507759
16594580	0.00760098242912401
16595820	0.00504544162225006
16598071	0.0035628154236275
16598970	0.00113147576800613
16599100	0.00168704819046781
16601900	0.00277963642081325
16602700	0.0027749429128862
16603670	0.00116029812320972
16605211	0.00101638211424971
16605931	0.00293560726670297
16606860	0.00602847356018573
16608100	0.00194698972609404
16609190	0.00129396724584819
16609720	0.00104556508022723
16609730	0.00277731524487971
16611930	0.00399572227530087
16612500	0.00232869842629307
16612941	0.00258426938970134
16613180	0.000930714598691941
16615281	0.00093669654797113
16617200	0.00298982149580248
16623920	0.00174737897937534
16624111	0.0120942759303258
16624350	0.00112013535304005
16624391	0.00113966030150445
16627510	0.00227208138739948
16627841	0.00265952704983742
16630030	0.000958114944430976
16630201	0.0010649620008481
16630980	0.00100962984144221
16635841	0.00199225930150947
16637720	0.000975775199337947
16638871	0.00401019394126746
16639100	0.00106022465395076
16640360	0.00782205214020659
16640951	0.00789322033619625
16642601	0.00138748885073406
16642680	0.00270437394041932
16643301	0.000970347879569532
16643581	0.00296512258139933
16644271	0.00102747904068756
16646201	0.00113744477082337
16646280	0.00186841787476703
16646680	0.00165108576126224
16647380	0.00102090821982427
16647540	0.00380021810504232
16649071	0.0051722003304551
16650201	0.00153077593197298
16650311	0.0135723523568272
16650440	0.00222790973825357
16650710	0.00297378985786505
16653170	0.00426321957199411
16654820	0.00283624767730428
16656350	0.00110622852696614
16657750	0.000991473215098189
16658280	0.00353775422119442
16662580	0.00258356444767439
16665600	0.00168032492381102
16666171	0.00171659729327309
16667100	0.00094113836773639
16667790	0.000922046450819502
16668080	0.00364409579141676
16669170	0.00346321951723228
16670540	0.000918980850887136
16670840	0.000963613942284377
16673231	0.00100609323849056
16673460	0.00946177533778065
16674430	0.00135348661352108
16677231	0.00103379211207539
16680381	0.000943243735935964
16680770	0.00453121116279924
16682420	0.00141688370309254
16682461	0.00097835447649296
16682751	0.00238592866668207
16683100	0.00125690966866281
16684750	0.00127498770755923
16686440	0.000983439037846886
16688101	0.00130397382102785
16688241	0.0129596398504977
16689050	0.00107724130258855
16689180	0.0013558841576924
16689740	0.00101302507045963
16696401	0.0101325952890792
16699021	0.00112026711701875
16699650	0.0146034111327986
16700811	0.00250297039080729
16704060	0.00186585818321784
16706670	0.000930714598691941
16707281	0.00244064164993594
16707961	0.00104576657437408
16708671	0.00164574471022228
16711770	0.00196118339221974
16712740	0.00476213446356494
16715271	0.0128083201978612
16715411	0.00157622362163526
16728770	0.000918980850887136
16729211	0.00114812178114361
16765320	0.0404964103251473
16782690	0.00198652244798978
16838120	0.00187434937560705
16947111	0.0191936446178546
16964610	0.0019635438066993
17000641	0.00212641941147416
17020040	0.0163629070943353
17031261	0.00706071173869132
17114930	0.00100932652420087
17125451	0.0021391443990394
17199081	0.00126813204115489
17205120	0.00247202433240349
17318791	0.00564571390291886
17321950	0.00886771380520398
17353090	0.0011457001088734
17398050	0.00420686627028568
17427881	0.0320136305983197
17515850	0.000918980850887136
17563130	0.00118757963144461
17563280	0.00174459163008124
17572380	0.00208001540783079
17665360	0.00491648549371005
17697760	0.00170495029844549
17713661	0.000984861946271928
17719011	0.0129488249834343
17773190	0.000983816007962592
17850950	0.00507151297774826
17881320	0.00103609949023702
18010000	0.00350022411038297
18015541	0.00180498652159872
18053170	0.00686881526985596
18110031	0.000937135810093723
18184740	0.00105188430875058
18186120	0.0224853403594262
18271470	0.00414369303221593
18327730	0.00320973300518069
18350630	0.00793856378174909
18384140	0.024007128713365
18404410	0.00259256107600362
18449360	0.00208669910606349
18502391	0.00127123060368681
18516800	0.0055645747346051
18576861	0.00971709303486399
18582740	0.0291468328537914
18590350	0.00174936473408824
18608830	0.0107259158176801
18619420	0.00336223053894521
18723270	0.00277824820292184
18797941	0.0207598281062578
18819021	0.000959837998518783
18838071	0.0019681683233341
18842471	0.00349343417843081
18889870	0.000956817750101916
18942601	0.00158757819593263
18946020	0.00775195629276752
18951960	0.00348150639863411
18971370	0.00338918476689104
19006130	0.00121045108383462
19028350	0.00229409997338454
19040890	0.00145701671089445
19068890	0.100860296595383
19075800	0.0017219910337597
19090690	0.0103433295579973
19186650	0.123632238589332
19194130	0.00168349466339422
19216890	0.00302646017202455
19330271	0.0059299133944349
19336470	0.00164517552140479
19337540	0.00100038400069838
19349881	0.00692076774264388
19359101	0.0682405289859455
19495030	0.00240510598310369
19546240	0.00235341522421653
19569510	0.0431966246631589
19684280	0.00105400270978875
19737080	0.00178872225849731
19750870	0.0018469521489869
19905500	0.00453347822027452
19925121	0.00104542567569436
19950501	0.00440578452373273
19956360	0.00101168170341716
19993760	0.00279411785823713
20086871	0.00102601422931456
20150451	0.00260703925999671
20153340	0.00218072675167002
20175660	0.0046488507869996
20185771	0.00212814684083186
20187100	0.000930976244032915
20188651	0.00113589202152412
20189071	0.00413954527336802
20189351	0.000941364078162836
20190031	0.0107358826151794
20192900	0.003107767421265
20192920	0.0060593882086918
20193730	0.00236309170920828
20195421	0.00150734963385541
20196060	0.797656259044229
20197310	0.00117971770979193
20197590	0.164941457280575
20197850	0.00880757773441657
20199011	0.0027869024743643
20202550	0.0018892387244024
20203411	0.0147851400006362
20204391	0.0020599405347053
20206990	0.000920826458852597
20210280	0.00220688071311268
20212890	0.00207244528360868
20214741	0.000928113647699071
20216261	0.000998609886902879
20218970	0.00122386151594477
20219100	0.00784655155787228
20223021	0.00495216782986153
20223141	0.00171868461199427
20223650	0.00168365808064469
20225710	0.00484962485585664
20226731	0.0010178570943401
20229061	0.00101447326872735
20229430	0.000956646870384948
20229611	0.00529351873555361
20230311	0.0473387703447644
20232111	0.00224098468244449
20233870	0.00162231607256132
20237740	0.00104917991315385
20241030	0.00122543630833832
20245201	0.00158762765027764
20246301	0.00114502287474567
20250591	0.00194209929082068
20252630	0.0259295391722263
20252801	0.00342109086881528
20253061	0.00287568200947317
20253580	0.00195427925029803
20254420	0.0328777930948952
20257081	0.000909270901725868
20258171	0.00117712442561961
20260521	0.00236099884002352
20260890	0.00238768845812245
20261190	0.00120013859832372
20261580	0.00548892432290412
20263100	0.00207934073472008
20265600	0.0212753820412538
20266120	0.0127602808930827
20266991	0.00104979529051075
20267260	0.0014906456481744
20269351	0.0012854446103341
20269720	0.000958114944430976
20270461	0.00289292893807214
20278410	0.00104579115713094
20278581	0.00196864767790048
20278660	0.0197016763778076
20280091	0.00108590382091418
20280770	0.000988076742588604
20281071	0.00449476792691835
20284890	0.00252520896831465
20285891	0.0217689604918581
20286700	0.00207381207407285
20286731	0.034830374065828
20287961	0.00754177479453319
20292750	0.00173198604874638
20294431	0.00323317735165235
20295780	0.00196619753120098
20295900	0.00171277721781609
20296060	0.0137077860908424
20297061	0.00901118357555556
20297840	0.00403972826357684
20297870	0.000977047992756711
20299390	0.00101089643305536
20300220	0.00123867596686074
20304931	0.0283714928199408
20305081	0.0113194890724947
20307001	0.00843260277041888
20307350	0.00143864316466428
20308340	0.00217902059532403
20309611	0.00189983737616947
20311520	0.00114000997347676
20313491	0.00274259186611724
20314311	0.00202327570960371
20315650	0.00123592666155592
20316210	0.00913614626861916
20316921	0.00212731604540275
20318530	0.00278710306049122
20320931	0.00572748372617188
20321850	0.00635158968935172
20322400	0.016868014844728
20323520	0.00190594325864072
20325590	0.00104185407872458
20325631	0.00520971467308341
20329020	0.00836512308888758
20329420	0.00187012287436878
20332070	0.00205853692109727
20332361	0.0132706117726859
20332801	0.0135292093268288
20333010	0.00531162365266659
20333300	0.00193757573560919
20333440	0.00134155001179495
20333570	0.000925380932952562
20336350	0.00321267241472769
20339940	0.000941364078162836
20340450	0.120475085613579
20340781	0.00676358439887699
20341550	0.00285923178540951
20342410	0.00207636056822407
20349000	0.00187598224773991
20349611	0.000948086892709056
20350591	0.00540262812701753
20353310	0.000935291756443324
20354110	0.00632322298849702
20359281	0.00530046329705356
20360730	0.000988963878609917
20361160	0.000918980850887136
20361410	0.00127501087533143
20362110	0.00163813512221349
20363790	0.00101872970044147
20365201	0.00106164626071387
20365310	0.00343191682841951
20365710	0.00255837041079415
20367920	0.00194537845760845
20369300	0.00278603783305471
20375090	0.00301682126425525
20376890	0.00417900259131239
20377170	0.00224425535366211
20377290	0.000918980850887136
20377751	0.0024560468420106
20380860	0.00538529726861294
20381860	0.00720272155370021
20381960	0.00143153819428808
20384210	0.000948406250812905
20384600	0.001368778492156
20385700	0.00695729329227584
20386410	0.00733408789463125
20386790	0.00128891083604347
20388330	0.00225720816377664
20388460	0.00203293589210963
20389331	0.00284474700473918
20390971	0.0354105799231131
20391681	0.00102540395352011
20392740	0.00530297802090848
20393461	0.0131014840150885
20395240	0.00255007706260747
20395401	0.00239386583724886
20395790	0.196443235103583
20397290	0.00181830202679724
20397700	0.00274013956781096
20397820	0.00707041749710648
20397830	0.00176429378786462
20398550	0.00450147474916822
20399240	0.00744633261502505
20399480	0.00668565933501548
20401201	0.00163323649920037
20401731	0.00266594069538645
20402281	0.000966163069269102
20404081	0.0018427827797829
20405591	0.00476204724621832
20405980	0.00227705730983582
20410711	0.0010136752153753
20412610	0.00438637973705117
20413601	0.0019499131487856
20415750	0.00578819801183466
20415790	0.00120787731722968
20419681	0.0391871276199577
20422960	0.00156470348237125
20423610	0.00184681645398648
20423620	0.0050504617811598
20425540	0.00164163047950725
20425840	0.00194983383233137
20426861	0.00113048658696887
20426920	0.00229851181597255
20427640	0.00864711102706336
20427760	0.00236602085699017
20427821	0.00198734226795536
20428160	0.0168456559039258
20428580	0.00217578189945187
20430021	0.0028559723263586
20430400	0.00137589984865349
20431801	0.0010430348287671
20433591	0.0022781769699334
20435121	0.00311377894521873
20435681	0.00218785401731471
20436231	0.00134691114304545
20436501	0.00166388294154433
20436511	0.00155061214242149
20437181	0.0151365933030754
20437540	0.00317743805777532
20437611	0.00430666730195089
20440211	0.0732480378324196
20442800	0.0128174307654496
20444870	0.00170809861742957
20446021	0.00245141830073466
20447401	0.000996782864648467
20449041	0.316478569592853
20449970	0.00114199652760984
20451480	0.00216424429161525
20452710	0.0028460491332715
20452730	0.00410394139955603
20454410	0.00373903537384861
20454520	0.043811106600454
20455531	0.0131359141405203
20458120	0.00325496269889156
20458270	0.000930714598691941
20458851	0.00113301191387656
20461830	0.00286636982597791
20462260	0.00100380227767488
20464901	0.000918980850887136
20465331	0.00100473213060664
20466680	0.000968667419472924
20466940	0.0310342724758332
20468221	0.00330171370806878
20469150	0.0438888782498822
20469280	0.00100567721781423
20470670	0.0018600707760106
20474250	0.00129334220307651
20477680	0.00300179966443798
20478950	0.00377529186508682
20479190	0.00102197072827041
20481031	0.00126340366690674
20482141	0.000971728718359538
20483910	0.00268119447222621
20484880	0.00108366691649236
20487060	0.00146717495557598
20489150	0.00213086956482875
20489601	0.00125119071362952
20490510	0.0010759251242369
20490930	0.0048820728465737
20491090	0.00321455848995309
20492621	0.00123586587577977
20493400	0.00525809211078753
20496310	0.00824232333636808
20497530	0.00269882045094867
20501160	0.000918980850887136
20506961	0.00482772965757233
20506981	0.00352721828440755
20508190	0.00229474063822769
20509331	0.00106002548798188
20513810	0.00715826909217095
20514431	0.00120682217791659
20514800	0.000959837998518783
20516700	0.00339414712012827
20517881	0.00104500552398977
20520761	0.00170929925090136
20520840	0.00499456179693196
20521451	0.00338098268486763
20521601	0.00196156977491208
20522100	0.518303117192287
20523330	0.00096219565151824
20523401	0.00192935147876358
20523470	0.00169773377008319
20523651	0.00364830955873184
20524570	0.0497094180588251
20524700	0.00092179301146957
20547210	0.0102881781797085
20549171	0.000961617066254318
20551610	0.00447545266365411
20553140	0.00518323306378691
20553861	0.00123066039568773
20554380	0.000977017290525423
20557420	0.00815408465613524
20558131	0.0019450402937932
20559870	0.00458412121991043
20561321	0.00697919786446685
20564341	0.00114085177103015
20568460	0.00235664322902253
20568901	0.000973677901360198
20568980	0.00105974125368823
20570821	0.0413741086574565
20571320	0.000965949039436408
20571750	0.00209076501737299
20572341	0.00435265739795337
20573840	0.0018785500194254
20579501	0.000942863007090381
20580611	0.00235688843856743
20581000	0.00100702062517698
20581321	0.0054511256731091
20581950	0.45983842645984
20584061	0.0376945696580421
20586940	0.0135364028352143
20588030	0.00497098621962325
20589820	0.000993042579663294
20592191	0.00121393001533481
20599770	0.00150454383242576
20600150	0.00107924061638769
20601571	0.0351612386360928
20601871	0.00112110455049051
20601940	0.00103342956550801
20603350	0.0142194518435344
20605150	0.00244523733133649
20607381	0.000977310562563304
20610110	0.00344754038776476
20610910	0.00123524567280896
20612700	0.00538295216941488
20612751	0.00750182648375523
20613410	0.00202472190354098
20613451	0.00306331036485957
20614940	0.00353033901392894
20615070	0.00212403278733506
20615590	0.0519284962906161
20616211	0.00115251630463207
20618210	0.00121926036435783
20618681	0.00185007976587805
20620071	0.000938212068153219
20620560	0.00122499360922247
20621981	0.00271580552108001
20622640	0.00224563717617757
20623750	0.0134365473478498
20626411	0.031123330706594
20627651	0.00107491221989884
20629010	0.0122931589658637
20629280	0.00425700244466941
20630800	0.000956574312195409
20632020	0.000959410776669364
20632290	0.0020254856656007
20633390	0.0248772133875775
20636280	0.00132001243833811
20636420	0.00103627619410445
20637181	0.00230010307918384
20637701	0.0249217134507014
20637731	0.00431065248508205
20638250	0.0404608326216357
20639241	0.000975408832535324
20640990	0.00249287725006472
20641301	0.00361326391097545
20646340	0.00108888988953552
20647221	0.00309721547456933
20651460	0.00694033213595869
20653260	0.00104392128606218
20656051	0.00170402369007615
20656191	0.00403207855858112
20658681	0.00839021506233059
20659890	0.00111119465769891
20660181	0.0474702717521437
20660280	0.00414887761609379
20660570	0.0016839778814479
20660901	0.00466048404498401
20661800	0.00151403104818145
20662930	0.00103466908922348
20666780	0.00132964399767411
20667791	0.00246914526554694
20668270	0.000975463232960236
20669540	0.00464104556388345
20669940	0.11907465252746
20670531	0.00104265995714677
20673171	0.000924371789200717
20673400	0.00148789768053443
20673861	0.00416834707229057
20674100	0.000947737433152032
20675381	0.00155751390573364
20677130	0.0252279585613489
20677311	0.00446269624373242
20677431	0.0163554834458646
20678660	0.0011558032245657
20678831	0.00600975406042093
20680041	0.00110451456755277
20681550	0.0010576271733957
20682111	0.160595011098835
20682900	0.0130445024284823
20687221	0.00276434653052228
20688461	0.0201296886087098
20690391	0.00164647939952601
20694401	0.00190838989639091
20695371	0.00175540079703056
20696440	0.000979557463291166
20701790	0.00727423438041976
20702671	0.0956513013436387
20704970	0.00173608614459026
20705581	0.0315785155516675
20710240	0.000990027241260861
20710900	0.000991151371067507
20712481	0.00588988977177611
20713431	0.0319946708293666
20714380	0.0022872998480705
20818190	0.0075981300230161
20825001	0.000973772457747753
20827460	0.0112983558205312
20829250	0.00191782806058362
20834500	0.00266045349275441
20841910	0.000953283320100235
20844451	0.000961113619719736
20844861	0.00106126047409097
20846371	0.0016875909972603
20852270	0.00329442413741581
20855580	0.0181276455489879
20855870	0.000968667419472924
20856980	0.0036716238124738
20858231	0.00343346067569032
20859201	0.00554182388124199
20859611	0.00127884761058662
20859751	0.00110168729416252
20859911	0.00117964092812538
20860181	0.00121696172908692
20860840	0.00317553972840405
20861240	0.0011431660292309
20861790	0.00163378890460889
20866241	0.000979428301106718
20868991	0.00253333118083637
20870651	0.00698489829485007
20871050	0.00206822265690056
20871150	0.00150477724177816
20872700	0.00582576664048433
20874190	0.0249523714146012
20875621	0.00278240398953525
20875771	0.00215995812535201
20875830	0.00519038979988579
20877090	0.00106319107239329
20877131	0.0018358323147445
20877630	0.00297367821973752
20878651	0.00310106521638851
20880830	0.00492233992601393
20880970	0.000947737433152032
20881271	0.00265108902208298
20881350	0.00556696281878257
20882060	0.00106083217397861
20883331	0.00219891467637266
20883741	0.0112383813248915
20883860	0.00259375823819614
20885940	0.00164961825587591
20886941	0.00304442762785232
20887710	0.00102935756887029
20887761	0.00093408182161631
20888721	0.00113608750022157
20891990	0.0734685963339726
20892301	0.00263449876228968
20892731	0.00193764193668438
20894511	0.00141803556294678
20898460	0.00101078216252209
20898791	0.00313772604731481
20898931	0.00112810106039937
20899440	0.015374551851526
20899990	0.00191682990320107
20902111	0.000947802701684048
20904150	0.011041081137384
20906760	0.00409172064194833
20907430	0.000944961221715115
20907481	0.0038369010903157
20908841	0.0357617982032194
20909210	0.00235605016352973
20913760	0.000996204412924336
20915140	0.0133874300265235
20921281	0.00177181367235562
20923870	0.000965984898188131
20924301	0.00108070908268823
20925971	0.00732185632415832
20926450	0.00393214491291779
20932530	0.00246912080248105
20932581	0.00240586448424738
20932991	0.00138139096576047
20936250	0.00320674879415167
20936390	0.00158735856164531
20936400	0.00197704879619839
20938180	0.00112471478968336
20939300	0.00316479599765163
20942470	0.00322805609431497
20942860	0.0102306247514199
20943290	0.00129293463533481
20946040	0.00122201923910793
20954760	0.00762905464169606
20957110	0.00567953590829171
20959590	0.0010484791806716
20964140	0.00245207663891024
20967181	0.0706840326452285
20967580	0.00577967521120701
20968711	0.00175210262780633
20971150	0.002308159318465
20972790	0.067825985289567
20977251	0.0622828284734904
20977671	0.0118819342552668
20978501	0.00375286536781174
20980540	0.00104804153183791
20984291	0.000965867816099637
20984711	0.000982019863208098
20985261	0.00879576512826077
20994480	0.00605659182378732
20997780	0.00304485561520887
21004120	0.00552541764284724
21005811	0.0982948297125927
21010071	0.0010681565149283
21014850	0.00716184627195181
21015000	0.00948139548400526
21019041	0.00426180377706942
21021261	0.00197987369342915
21022180	0.0385137080888031
21023420	0.116455045560035
21023601	0.00540663870405677
21024230	0.00163702028364972
21028520	0.00315985529859355
21028701	0.00395461908300673
21029961	0.00137649049563038
21036441	0.00144129758493905
21039181	0.048048843575209
21043840	0.00167554307912704
21045640	0.0157991065207328
21046361	0.00184177571149556
21049111	0.0022220900189
21052920	0.00318314356257303
21053220	0.00237866808147619
21053620	0.00108725053981667
21056230	0.0109511309343299
21058081	0.0104896572365317
21058580	0.0266470600717937
21058750	0.00105781653218597
21061330	0.00258326716050998
21063540	0.00106548992828166
21064130	0.0233485262273442
21064920	0.00497440583868925
21069521	0.00117809900510893
21074491	0.00107729645327805
21074600	0.00295689783559304
21075830	0.02449318975304
21076411	0.00235932825851679
21078641	0.00105290330603356
21081900	0.00235710068368495
21082621	0.00302746121814405
21082720	0.00122332500561826
21087990	0.00105672663152579
21088411	0.00386347483995075
21091471	0.00093408182161631
21094580	0.000918980850887136
21095731	0.000964957546359636
21098061	0.00770665376757453
21099830	0.0599171168681327
21104660	0.00105658430471069
21104670	0.000942863007090381
21105230	0.00214893129236505
21111420	0.0132521530121153
21113330	0.000981601731123925
21113651	0.0022347148065423
21119250	0.00096204526960975
21119540	0.0026555467425123
21125610	0.00476904544928047
21126570	0.00435195680989348
21126621	0.00232277746284111
21127321	0.000935593614326021
21127400	0.00227560691678979
21130050	0.000930714598691941
21130150	0.00243844248140184
21130700	0.000998521925824027
21133811	0.00102275450948538
21136640	0.00410297271104019
21139700	0.00126864852072637
21139840	0.00336459498012309
21140240	0.00165313506042622
21141641	0.00257490368769847
21141801	0.0070599532595723
21142430	0.00341367498378909
21145121	0.00215131384591727
21151461	0.00297148405821063
21152370	0.00291719780029005
21153231	0.00106104205492054
21157470	0.0042913580764629
21157600	0.0450453667287113
21158310	0.00328808739981017
21159021	0.0013754392615138
21160380	0.00631633645890772
21162911	0.000984299182494811
21164551	0.000981034953265274
21164971	0.00105732305270395
21167461	0.00308026430547603
21170170	0.00174007165306031
21170320	0.00194287819100809
21171940	0.00108634024549881
21181450	0.000974757493820746
21183721	0.000935593614326021
21185070	0.000943447176882411
21185600	0.00471403836736081
21186300	0.00706298783511735
21189180	0.00609600929310815
21194051	0.00337928338509644
21195550	0.00385318944108966
21197180	0.0016231273984538
21200411	0.00121918302132126
21200500	0.0010851875281921
21201040	0.0148072206794856
21201600	0.0172507919415061
21209040	0.00272699766108815
21211851	0.18707203698831
21213221	0.00763574986425311
21214211	0.00330062555627401
21215660	0.0018882111141372
21217200	0.00278818917105382
21221460	0.00200024275260356
21223540	0.0119016057750544
21224930	0.0097278711009112
21226870	0.00180926811967537
21228910	0.010288908052396
21229501	0.00405545503303388
21233760	0.00132900202487074
21235280	0.00215575735212078
21235301	0.00139837422090542
21235950	0.00449652460488146
21237590	0.000991156051201698
21238590	0.172331741368197
21240281	0.00476764783911296
21242030	0.00303522093565941
21246570	0.000979750739160738
21248691	0.00171143961258395
21250410	0.0100877145391578
21255311	0.00345290889335364
21262150	0.00101164523172416
21264251	0.00511356005787498
21271790	0.00980038323842227
21277091	0.002760687271303
21277911	0.00290247955878685
21277921	0.068545383424484
21278410	0.00154617151862928
21279281	0.0048682473796838
21279291	0.00163505011937386
21280811	0.00576046871606064
21280920	0.0284534333083231
21283510	0.0210394174416596
21285870	0.00183252550184092
21286041	0.00323724937150579
21288671	0.00204750105158646
21288900	0.00170246738337622
21294170	0.00286066880128823
21294280	0.01143617742461
21307540	0.000966727593891667
21307790	0.0017784927698419
21312930	0.0010413273280546
21313160	0.00165088751013217
21314570	0.00175182836656415
21318680	0.0016413261723185
21321720	0.00722547860925613
21321860	0.0206807099390756
21322950	0.000936153017569414
21323940	0.00217721483766709
21323971	0.0269204714274912
21324381	0.0172916111077507
21324510	0.000994004093938662
21330840	0.00171551655837803
21331011	0.0025077939424375
21331161	0.000918980850887136
21333320	0.0335529773209227
21333600	0.000930714598691941
21335120	0.00108529609000291
21338010	0.000933048030972178
21338260	0.00113897058597506
21338601	0.00251776036013239
21338611	0.000980517528709805
21340060	0.00457373410708189
21341310	0.000966869832364069
21342000	0.00123215493502585
21343561	0.00193396790670151
21344230	0.00170752630599957
21347230	0.00102853029729242
21347291	0.00295738496679349
21349781	0.00407401555743658
21350950	0.0010396983335488
21354591	0.000991929246106591
21354710	0.00109593643921567
21355090	0.00116484837868579
21355130	0.00105665977382145
21355421	0.00778022996212476
21355530	0.00189301491220243
21357771	0.45211918399907
21357880	0.00437368972047944
21360080	0.00334108497082261
21361060	0.00454091490270685
21361160	0.000977310562563304
21362960	0.00526797904237376
21364531	0.00111784920442588
21364541	0.00100751563712007
21366861	0.00102033880794967
21367120	0.00336138891330367
21367691	0.0398406290420745
21367971	0.000947737433152032
21368951	0.0249661588205236
21371110	0.0015264364646389
21371220	0.000960949998142018
21373320	0.00465622862114542
21377310	0.000918980850887136
21378041	0.000981448381930065
21378270	0.00167005727528508
21380801	0.00284836452307966
21383230	0.0010495409121276
21383250	0.00233381513805451
21383291	0.000963005175594561
21383400	0.000947233567991935
21385491	0.00272065934727851
21386471	0.00165401776227445
21386960	0.00740745757213889
21390991	0.00116710965733274
21391110	0.00100273885223372
21391681	0.296718767041616
21392780	0.00183848678221994
21393180	0.000953768638714252
21393450	0.00101393408393386
21394321	0.0881522232536858
21394881	0.00188481731723374
21394970	0.0204818328419816
21395640	0.00248279793289961
21396101	0.00372571037679321
21399220	0.00897918400429056
21399831	0.00097770752449708
21401570	0.00739452769486742
21402830	0.0128400317004292
21402940	0.00114592885209499
21405020	0.0188759995135402
21406250	0.000935291756443324
21406301	0.00368286171138416
21407561	0.00108253845645848
21407701	0.0024829709112433
21408941	0.0344863367545839
21409061	0.00303309147055868
21410410	0.00668173995661347
21414250	0.00131910214700302
21415141	0.00760683332544012
21418420	0.0142551603407145
21420770	0.00340168635919244
21422250	0.000945504207745532
21423271	0.00487552180472001
21424220	0.00338980910097959
21424640	0.00100235194828892
21426680	0.0323972711040084
21429211	0.0100697480517357
21429300	0.00214758784172829
21430461	0.00290087922123916
21430851	0.00100204626168488
21430871	0.000942863007090381
21431940	0.00114827667371973
21432791	0.00188636564466917
21433020	0.00106919458044883
21433160	0.000959173791588238
21433771	0.00105016913202169
21434311	0.00217597305279334
21434540	0.00126980130270205
21435001	0.0322931269663415
21435681	0.00120220342819702
21436791	0.0127047000396684
21437180	0.00574906455883397
21438741	0.00461128746187596
21439131	0.00152217945289492
21439510	0.00223601268597507
21442120	0.00118706169148151
21442820	0.00098170497626716
21443770	0.000965110592291242
21443981	0.00874652871856284
21446400	0.00129364964632243
21446571	0.00172869335416518
21447510	0.000918980850887136
21447930	0.00190935197030751
21449440	0.00109255260521829
21449980	0.00326045822483456
21450321	0.00698119688157333
21450980	0.00591204894626299
21452460	0.000958114944430976
21452931	0.00107923126082403
21453840	0.00263364588089064
21454560	0.00285785955067163
21455650	0.00633609712202859
21456501	0.00380353671771742
21456521	0.000995378785595122
21456651	0.00121938115384144
21456921	0.00185483226594115
21457030	0.00474612583569324
21457040	0.00131238610224342
21457180	0.000994343187294676
21457420	0.00198800995813385
21457990	0.00121712104107016
21458041	0.00101879102095335
21458250	0.00214801043237669
21458571	0.000998446150614119
21458950	0.00165386846677919
21459011	0.00177798197534568
21459370	0.00105454303280461
21459681	0.0016612696387573
21459790	0.00169875553675408
21460080	0.00738368677536213
21466660	0.00416069352933891
21469730	0.00180332188740298
21470840	0.0010471013745717
21471831	0.0771746338050357
21472661	0.00560094567662441
21476220	0.00129898136598849
21476460	0.00175029435130243
21477300	0.00273074996665581
21478291	0.0503633962053155
21479650	0.0179191240541896
21481170	0.00177962425896717
21482981	0.00100991523855996
21483681	0.001880957590577
21485170	0.0046045768605194
21486451	0.00198703373407975
21489450	0.00112739059306861
21490250	0.00203549743164857
21490311	0.00202999404144629
21490851	0.00880570019581308
21493450	0.00250338152573721
21496231	0.00106508574233308
21496330	0.000986883773338611
21497290	0.00124972579761187
21498871	0.00225024505230101
21499281	0.00812664210067253
21500111	0.00123293662271835
21502390	0.000947539276342793
21503001	0.00603985352644222
21504340	0.100262952887083
21505170	0.00174577095210362
21505860	0.0013638749301171
21506291	0.00289581779612521
21506711	0.0200921067131425
21508480	0.00190745782017655
21511001	0.00104137368895217
21513461	0.00188346069756427
21514820	0.000950960374840773
21516630	0.00103985254497031
21521720	0.00122514451105491
21522151	0.00350059481379838
21522660	0.00132525771574926
21525690	0.000930714598691941
21526291	0.0588976776039717
21526400	0.00422781619741962
21526790	0.00212453662245587
21527350	0.00241880290562372
21527510	0.00102456092520706
21527650	0.00205537363828372
21527770	0.00604073589779618
21528050	0.00178150552711833
21529461	0.00104918617261558
21531620	0.0453915485148967
21532661	0.00166944939657409
21533040	0.0391688427132094
21533730	0.000970719525822529
21534110	0.0019044511278699
21534130	0.00218975605075988
21534270	0.00107252933106969
21534311	0.0334537615897844
21536050	0.00224931670148026
21538540	0.000935291756443324
21538841	0.00691927335879895
21538960	0.00114457728338619
21539100	0.00101667534785581
21539340	0.000960736681388978
21539480	0.00116020831847624
21539520	0.00137545491900985
21540580	0.00242856394045162
21540921	0.0112350034271356
21541211	0.00517323809997297
21546721	0.00313268541086474
21547531	0.00106168822924977
21549621	0.0894620830608686
21551200	0.00238868104246821
21551551	0.00101383145454349
21551811	0.00332241287668537
21551910	0.00101851679523578
21551920	0.000930714598691941
21552880	0.0012530810845342
21553071	0.00215467877630443
21553690	0.00450985240595478
21554970	0.0019939400822254
21555660	0.000941819507072366
21556730	0.00288152147410904
21558110	0.00135367257227087
21558431	0.00160698966021774
21559080	0.0135353728431996
21559930	0.00271605576056424
21561461	0.00343779215845711
21564180	0.00639692279304836
21564511	0.00386958186702737
21564730	0.0026085436206621
21565020	0.00238887813887039
21565300	0.0020253357710346
21565680	0.00172633692208494
21565830	0.00225799857911821
21566400	0.00231147154203457
21567780	0.00102198632124921
21569051	0.00160291332058605
21573710	0.00559136866571565
21574721	0.00113305050364387
21574800	0.00134723366138466
21575760	0.00514261043617597
21577751	0.0022985319041559
21578281	0.00374428946962505
21578581	0.00436795844563637
21579350	0.00156936656606168
21580070	0.0081971615329947
21585321	0.00151220624213251
21585471	0.00345863488805173
21585990	0.00101001413713551
21586810	0.00609804053959138
21586960	0.00460095412557473
21588791	0.0125750791633993
21589041	0.000991663520938428
21589280	0.00136556218859237
21589540	0.00321395685730118
21592440	0.00406493835650716
21592651	0.00160386107986686
21594841	0.00222970873286189
21594940	0.00290548327472375
21595251	0.00225807267660067
21595541	0.00112942880878898
21596050	0.00172998590261615
21597030	0.00168624276233769
21600631	0.00149194629085492
21600791	0.0205031354917105
21602691	0.00106224781965132
21605461	0.00215568862252551
21607541	0.0045485254377302
21607640	0.00298388558912407
21609440	0.00104445009790693
21609960	0.00116735559806639
21611941	0.00180563200172863
21612511	0.00106654271865975
21612860	0.00161479281713036
21615620	0.001155748154876
21617420	0.00283456547051315
21618141	0.00217762021884786
21620190	0.000930976244032915
21621451	0.00629634008276082
21622551	0.00298623261433581
21625540	0.00720657021352532
21627080	0.0147015976896401
21627271	0.00113586543398096
21627801	0.00118622145227072
21628870	0.01698696461341
21628921	0.00108418560083289
21629540	0.001184040456054
21631200	0.00591913860699967
21631780	0.0140664560582929
21634130	0.00097643856788972
21635101	0.00279396928533422
21637430	0.00137722893694587
21638551	0.00201155008008062
21638831	0.00101383145454349
21639070	0.00762154658965476
21639101	0.000930714598691941
21639190	0.0036424372600734
21640921	0.00293882551762648
21641700	0.0601747145827412
21641850	0.00103628310503942
21646411	0.00192411561068262
21647090	0.000930714598691941
21647370	0.000947737433152032
21650161	0.000990868757401792
21650301	0.00185185616731341
21651760	0.00243681981851381
21652030	0.000968613465042735
21652361	0.00539042788507911
21652641	0.00528575033716406
21652730	0.00394261087276626
21654790	0.000989051090972617
21655060	0.0103583584673794
21658011	0.00651827539736845
21658090	0.00691120662435392
21659511	0.0012118384707123
21661581	0.00101143734473102
21663080	0.00105079668418821
21664610	0.0016949813266966
21669820	0.0019999242421351
21672040	0.00641645620029792
21672091	0.00993233516597736
21672470	0.00220950229089461
21675480	0.00976219399265637
21675910	0.00115301853073465
21676491	0.00178832008834966
21678561	0.0289836236554882
21681420	0.00101168170341716
21681461	0.00100385457418139
21685160	0.00504321434699401
21685331	0.00139424219420205
21685430	0.00344018254793957
21685871	0.00431217717903552
21687651	0.00331079318905966
21687811	0.00553772694123093
21688061	0.00112879064285183
21688091	0.00661588687877155
21692751	0.0895148810889927
21693680	0.120387219881626
21694250	0.00135809955903576
21694520	0.014010223978984
21694650	0.0019485095511127
21694701	0.00169358638189016
21694920	0.0119441027633908
21695651	0.00123727841871135
21696361	0.00499839656321623
21697581	0.0372965033297861
21697940	0.000959975054397647
21698110	0.000918980850887136
21698500	0.00459868274937187
21698520	0.00094600459552857
21698530	0.0372460283733617
21698640	0.0183167389518495
21700860	0.0082066650278217
21701321	0.00776038371256049
21701581	0.0102201503296023
21701731	0.000968667419472924
21703261	0.00342053082487955
21703750	0.0248541078917448
21705171	0.00479850434882879
21706370	0.0009392848048063
21706640	0.000918980850887136
21706971	0.0011804639598797
21708330	0.000992720277925156
21708621	0.00286414700300757
21711180	0.000965788122056688
21711371	0.00186481829789977
21711470	0.00171516266384724
21711760	0.0025800822632097
21713560	0.000928113647699071
21714141	0.00132767732058077
21714380	0.000934932253538484
21717410	0.00542951042687247
21717970	0.00296024609713895
21718421	0.00107795301579461
21718650	0.00118574483388707
21718920	0.00620433007414866
21721800	0.0253012270920398
21721810	0.00176788761337019
21723200	0.00133944902039363
21723770	0.00419337225813366
21724840	0.00114884008676172
21728331	0.00114315579911174
21729550	0.00104363192494218
21729690	0.00341808365955476
21730370	0.000935291756443324
21730421	0.00317473143566485
21730640	0.0122298335602188
21731080	0.0010668629825592
21731241	0.00114093416803234
21731890	0.00491527223265334
21734961	0.011887480569033
21735040	0.000946448859282605
21735320	0.000918980850887136
21736440	0.218234215318693
21738821	0.000935593614326021
21741980	0.00104799084276838
21742110	0.00166457634511632
21742510	0.00162652465590555
21742930	0.000958083706153506
21742981	0.000930714598691941
21744211	0.0073069998222488
21744280	0.00181433249241754
21745250	0.00761679326791976
21747490	0.00154030449617896
21751460	0.00340647547883588
21752081	0.00170754459746948
21757270	0.0035915308871886
21757800	0.00210546602845573
21759180	0.00115665944282362
21759890	0.00153310423501299
21760010	0.00248498904615984
21760700	0.0071041945545471
21762401	0.00238010856090312
21762650	0.00104057921307991
21763870	0.00103010224574629
21763900	0.0197804288426716
21766691	0.00658346099183186
21767241	0.00130709112953241
21767740	0.00623188920331347
21769451	0.00163146030189427
21769851	0.00169889023529087
21770900	0.00305435727184571
21771381	0.00102298868698964
21773031	0.00493320134832966
21773581	0.0033416717127528
21775490	0.00845211334183824
21776310	0.00103028031458533
21776580	0.000973766419137234
21776860	0.00117209167236864
21777311	0.000993872636479183
21778350	0.180844717350229
21778390	0.00109029533503027
21778510	0.00883073277439869
21783361	0.0310002334832534
21783511	0.000948945884040681
21783661	0.00120769809488706
21786411	0.00108580299289552
21786691	0.00104784331375693
21786900	0.00126161531845972
21788741	0.00191829077931734
21789110	0.00559309775823846
21789171	0.00174812943556964
21790001	0.012261620744094
21790080	0.00203147892767183
21790800	0.00174204611603711
21791521	0.00100777340140571
21792901	0.00180196478194098
21794920	0.0012421677516164
21795050	0.00155103919301178
21795221	0.00112350858961964
21795450	0.0184473026971545
21796211	0.0018540924440285
21796440	0.000944614554785205
21796690	0.00383138316958551
21796850	0.000954638808449111
21797151	0.122089248453981
21797410	0.000995019436170795
21798780	0.00100424184566063
21799221	0.00444975847298207
21800860	0.00109071637674173
21801390	0.00648998294089352
21802131	0.00262843824559374
21803501	0.00230119218180445
21804491	0.0011557043311214
21804690	0.000999763075700675
21804730	0.00620006388258446
21804761	0.00103330766711402
21804840	0.000972636423191122
21805000	0.00347894054413099
21805250	0.000922046450819502
21806831	0.00405144743723766
21807371	0.0287313013190376
21807931	0.00194230847976867
21809540	0.00163637775881959
21809930	0.000990363562892574
21811361	0.00336637225045613
21812191	0.00149535118557765
21812321	0.0140570162592137
21812570	0.00441318727533386
21816010	0.00140099923999969
21816061	0.00163958912146151
21816481	0.00125254285977827
21817810	0.00298592252929867
21819320	0.000928113647699071
21819330	0.00143641112883381
21824140	0.063918196211375
21825680	0.00196302939232002
21828761	0.00407630847392989
21828830	0.00455143572763019
21830210	0.0147593570402899
21831210	0.0313196680811567
21836181	0.00174397149621938
21836830	0.011181887699057
21837530	0.00985687853251314
21837991	0.00170399437097144
21839720	0.00105145389845604
21841161	0.00338004027777958
21841171	0.00208556774791653
21841660	0.000987480178535893
21849000	0.00174482344740769
21852881	0.0009967165658524
21852891	0.00754048382737402
21858801	0.00500801046542211
21859730	0.00367993659911613
21860450	0.000986177499149427
21860830	0.0103618999349949
21861841	0.0011779915886387
21863901	0.00114117982275521
21866271	0.00232212067730438
21868280	0.00309948331599317
21868331	0.00140147686885635
21873151	0.00158735856164531
21874070	0.00207809361467105
21874220	0.00139773225066019
21875901	0.0362747668804034
21876980	0.0034558942699552
21879771	0.00150391915415728
21880310	0.00254349292116262
21882401	0.00130223051338532
21882890	0.00228726589388023
21883221	0.00399089845126487
21887501	0.00296027918968435
21887580	0.00107506269111712
21887600	0.0416682290973642
21888300	0.00102055960390967
21888481	0.00169917302156778
21888820	0.000918980850887136
21889011	0.00193303208217528
21890920	0.00100653953420802
21892170	0.000982550572929678
21892980	0.000918980850887136
21893291	0.680415479694059
21893660	0.00136129731640563
21893971	0.0038358321149909
21895221	0.0158104149123674
21895491	0.0296293573092477
21896420	0.0013173010946593
21897841	0.00105560132721217
21898251	0.0407265719598885
21903641	0.00123755270550076
21906620	0.00195253002131091
21908830	0.00162878331350484
21909520	0.00905185663713264
21910401	0.00107580212762286
21910890	0.00140988159129254
21913820	0.0135877994513139
21914090	0.00515446952609017
21914671	0.0394495524765975
21916400	0.105000230920057
21916550	0.00235676047600996
21917831	0.00125081198241382
21919621	0.00170085151109367
21923170	0.0201730829486933
21923300	0.00324623713407145
21923610	0.0021209423026566
21926111	0.00338206896108218
21926470	0.0216744288322504
21929650	0.000997154236489511
21930060	0.00888914369602627
21930111	0.00347878304960449
21932690	0.0255254591495433
21936120	0.013025336226262
21936171	0.0255443005121279
21937110	0.00162922442876317
21937161	0.0025126672127293
21938101	0.00257142005162563
21939170	0.0121896310049157
21939870	0.0031877556348238
21939921	0.00630642159964258
21941421	0.00211166802138489
21942661	0.000978306474381188
21945551	0.00213302264340808
21947091	0.00120277571134057
21947990	0.00520652429844399
21948850	0.0299041741618558
21949571	0.363227128266006
21950401	0.0170069292292268
21950630	0.00100105769598668
21950890	0.000969324643721951
21952581	0.00349071233045462
21953230	0.00162647101765916
21954521	0.0678460705758671
21955600	0.0304356277012806
21955750	0.000971427423903024
21957780	0.00654405115257419
21958480	0.00180160886747932
21959320	0.0020988597897538
21961961	0.00194857888022648
21963300	0.00578554515672827
21964041	0.000992783232232247
21965431	0.000930714598691941
21966190	0.00246694486109868
21967320	0.00128054823043173
21967341	0.0186825915928261
21967450	0.00128697435850485
21968430	0.0775885183721432
21969431	0.0015184336827197
21969841	0.00334549450303446
21970951	0.0574034030384026
21971481	0.00229203745270002
21975160	0.00327187807519058
21975610	0.00105431550750658
21975631	0.00095585095195398
21976840	0.000918980850887136
21978750	0.00114397871698655
21980581	0.00643133460027419
21981151	0.00483127696728658
21982371	0.0019453199443178
21982490	0.000945734487525715
21983160	0.0443327071234579
21987440	0.00141942487629097
21990320	0.00143809997295199
21991700	0.0417638622377543
21992601	0.00123634681233907
21992721	0.0012358168186011
21993090	0.00515925301961427
21993400	0.00162181178634216
21994630	0.00237339155908923
21995030	0.0033300413730017
21995631	0.00424652100846605
21996830	0.0457505752614227
21997701	0.00282788404441579
21998101	0.000935593614326021
22000321	0.00098325604485984
22002111	0.306605003285521
22005090	0.00959481143551904
22005291	0.00233253728365362
22006651	0.00104030162473949
22015901	0.00169165213123758
22017380	0.00355437776360813
22017810	0.000930714598691941
22018190	0.00122762695780002
22018641	0.00165726855797679
22019180	0.0114543672998493
22022320	0.0298218696509609
22023980	0.00306345868082902
22028110	0.0022892018537362
22028430	0.00220154766377718
22028441	0.002881241351824
22028581	0.0027209093560602
22029821	0.0117364794425275
22032400	0.00104976215198056
22037390	0.00435149485950772
22038931	0.0285292149568282
22044290	0.000968667419472924
22045561	0.00520128997156499
22047191	0.00239064216936039
22048991	0.00548556643382865
22050251	0.00227159816002348
22050610	0.00122444562016911
22051471	0.000989253007359259
22052731	0.000959045256103019
22053790	0.00941049146671028
22055201	0.00788979410908566
22055280	0.00198853844674898
22058241	0.014178134003609
22062730	0.000970148433984541
22063081	0.00565615367743773
22063420	0.00106943192654456
22067320	0.00633864744326885
22068280	0.0101927401221717
22070730	0.00105689368608019
22075440	0.000973769827423386
22075450	0.00113940815389553
22075690	0.00111659904462628
22076380	0.00187870131956038
22077011	0.00583922176618514
22077800	0.00131235751190905
22080830	0.0116813778303549
22082340	0.00098887594904598
22082921	0.00599592830316848
22083710	0.000977205326090476
22085930	0.000956646870384948
22087191	0.00421131828662019
22088380	0.00206282572657639
22088581	0.00302966499728834
22089910	0.0118341625229337
22090340	0.00115494463349931
22090381	0.00283107103396624
22093090	0.00314709395422916
22093900	0.00199224113313628
22094600	0.00499795209239225
22097961	0.00324696664780974
22098890	0.00261867683893981
22099420	0.00274881306736404
22103150	0.00132519135370405
22103860	0.0409909807012438
22105660	0.00111698287105948
22107560	0.00454818324961997
22109080	0.00502076849368581
22109110	0.00341122326542216
22110590	0.0010354335820558
22111730	0.00451783954250442
22115140	0.0233818480782361
22115580	0.00509173437517759
22117671	0.00255833479889864
22117780	0.00314720744254244
22118060	0.00269664284214615
22121401	0.0133957917815854
22121900	0.000935291756443324
22122511	0.0230248851223923
22125500	0.00362336907502572
22126231	0.00160373243086578
22126241	0.000941819507072366
22126610	0.0788320123652146
22127881	0.00104752665352009
22127901	0.00164933798042281
22127960	0.000944891352008167
22127980	0.00115008963043495
22128960	0.00202187026835862
22128991	0.00134563523228419
22129271	0.00107678428737953
22129821	0.000946989843866373
22130911	0.00391399864423834
22131860	0.000924807038347691
22132721	0.00267411321708835
22139980	0.00199759148626221
22142460	0.00119877503036337
22143030	0.025205910338799
22143700	0.00255373186079011
22144581	0.00201585022274659
22146340	0.00220057974919076
22148950	0.00122301648377617
22148981	0.00174734614615126
22150450	0.000986177499149427
22150750	0.000931209685051038
22151891	0.00100038818374632
22154101	0.000944891352008167
22154351	0.000918980850887136
22154381	0.00295500701415106
22154651	0.00300730704512617
22154880	0.000966087830689263
22155420	0.000968667419472924
22155570	0.00234130187352221
22156311	0.0248978280179902
22157001	0.00640424967882174
22158931	0.00110070140061498
22162631	0.0049607412004023
22163130	0.00317848401955484
22164171	0.000968477971633305
22164561	0.00349477591517551
22165121	0.00104303487147284
22165541	0.000981918698366152
22165821	0.0025696026673358
22166771	0.000981034953265274
22168960	0.00513409643582126
22170060	0.0134839168622486
22171170	0.0015716520029115
22172520	0.00587343144767941
22173251	0.00196617485301722
22173610	0.0037301598751344
22174180	0.000948945884040681
22174600	0.0061244031545805
22175731	0.00143366033264514
22175741	0.00303366262086867
22176100	0.00143242783953506
22176981	0.0483221667162168
22179170	0.00239054824237532
22180431	0.0130020207264453
22181210	0.189242907057496
22181261	0.00206521818196471
22183741	0.0116290671801912
22184650	0.00286314823691942
22186771	0.00204780321506169
22188270	0.00741357621257875
22188691	0.000987915554017161
22188991	0.0148320034478879
22189811	0.00255546931880541
22191331	0.00384451950948931
22191850	0.0155946728005825
22193370	0.00206980887954448
22193500	0.00115420273812503
22197391	0.00249441115862169
22197890	0.00139094468792905
22198030	0.0108422434479266
22198050	0.00819580201615896
22198340	0.00409819183725754
22199280	0.00250988151853818
22199820	0.0120409270424706
22200370	0.0805380423058886
22200981	0.00272778657521814
22201200	0.00252993501842578
22201610	0.0574110796771805
22207270	0.00360536813022854
22208141	0.0036552414871403
22208790	0.00200971168174334
22209220	0.00116185293865626
22209671	0.00422664399000425
22210860	0.000935291756443324
22212161	0.00141894134137154
22215041	0.0014736064518635
22216971	0.00100104039522698
22219051	0.00452932731770095
22219300	0.0814101393902681
22219410	0.00117762310194804
22219540	0.00130491407932648
22220431	0.00187549818540632
22223000	0.00189633909159427
22226071	0.0284404950475725
22226460	0.00266321459798228
22226590	0.00125779753261258
22226750	0.00595052493981707
22226890	0.00107310700595368
22228520	0.0146905821862114
22228670	0.00219522295536314
22230501	0.00873285468427857
22230781	0.0039552402552329
22231020	0.00124659269394441
22232291	0.00305569251547189
22233640	0.174341590366354
22234610	0.00580301341659816
22235710	0.00207985102436
22238040	0.00103428036995213
22238081	0.00258716799214686
22240551	0.00372756286311542
22241101	0.00273859129099967
22241541	0.00202092575528825
22244820	0.00099106034214754
22246190	0.00126930862959495
22246341	0.00101002117796625
22249080	0.00546921215409774
22251041	0.000975466118844903
22251850	0.000987480178535893
22251871	0.00306705894980877
22252540	0.00119360466432264
22253610	0.00410446522335895
22253880	0.0009523675912944
22253890	0.0110066054849664
22255181	0.0010349943565634
22255280	0.000931209685051038
22255881	0.000959045256103019
22256161	0.00154581241136934
22257531	0.00248810167429578
22260950	0.000961732806568884
22261200	0.00182506219110376
22262641	0.00946409561962075
22262720	0.00167948615039401
22264110	0.00855668603784688
22264530	0.00124884377977295
22266891	0.00422253239233583
22267171	0.000975655155464546
22267960	0.00582804837110211
22268711	0.00153072478156559
22269080	0.00198027952408003
22270590	0.00174520515158242
22278580	0.0285631663144968
22278621	0.00352273956310163
22280421	0.0214186699805968
22280961	0.00232914399371084
22281890	0.00168097335979728
22283830	0.000986684112083816
22284961	0.00955294354899642
22285090	0.00206369289272955
22285931	0.0108493775285987
22286290	0.00158735856164531
22286310	0.337078924208978
22287410	0.00537627160242054
22288500	0.00253302368773439
22289200	0.00453120133932255
22289340	0.00110561756867494
22289371	0.000985383802907208
22289801	0.00181241391631787
22291420	0.00678952757506424
22292080	0.00230267586002901
22293180	0.00272545192715086
22293630	0.00105322807232278
22294170	0.00269622984059853
22295700	0.000971660240528663
22295820	0.00187024652575074
22295950	0.00840916846280667
22297371	0.0019491785602142
22298481	0.00396065681544642
22298870	0.00160673685578797
22301121	0.0193317154562816
22301630	0.0009699474411823
22302150	0.0016184123743464
22303861	0.000941618244615696
22305200	0.0011506240818339
22307120	0.00318714338124286
22307540	0.00227324605398493
22310030	0.0164266537639048
22310430	0.0290411182953355
22310440	0.00206050898328718
22312131	0.00207937257365415
22312260	0.000939259731820557
22312380	0.00192161005251261
22312770	0.00443694830380617
22314040	0.0069694752739206
22314300	0.00810315314912918
22315270	0.000959045256103019
22315451	0.00149280756854047
22316630	0.0703024364460166
22318631	0.000941819507072366
22321460	0.00465069779228621
22321941	0.0837396996226508
22322010	0.001416390254381
22322160	0.00109231026923489
22322331	0.00105134161531274
22323171	0.000918980850887136
22323711	0.0034284954289778
22324291	0.00213604440855451
22330491	0.00318433665429222
22330631	0.00745970701635809
22330860	0.00379916779318896
22330970	0.000930714598691941
22331560	0.000918980850887136
22332131	0.00139781942634499
22332291	0.00292729872257697
22334351	0.00158735856164531
22334730	0.00177340167500292
22336090	0.0019615061828814
22336380	0.562294573966065
22337391	0.00574344018147334
22337641	0.0353534291993342
22337740	0.00105843735998593
22340670	0.000978685665723571
22343871	0.00148885572982597
22343940	0.00327185277400217
22343960	0.0063729614394727
22345470	0.00660783272099014
22346730	0.00304329337656337
22347390	0.238933016145164
22348401	0.00096395813535155
22348561	0.001445065609214
22348691	0.00229634322182088
22349921	0.00197724748477681
22350071	0.000918980850887136
22350310	0.00337515709041593
22350450	0.00413754653113928
22351010	0.00604257768985824
22351530	0.0471564853071629
22355711	0.00220896492484196
22355840	0.0108472880153445
22357200	0.00127088872222265
22357661	0.00281150960914151
22360011	0.00339551524431437
22361091	0.00695609804807453
22361460	0.000943243735935964
22361931	0.00171316513359129
22362970	0.00279001834920329
22364650	0.00519093796006689
22365040	0.000930714598691941
22365111	0.00194212845516384
22369921	0.00142035077476389
22370320	0.015351269031611
22370980	0.00137902792413699
22372240	0.00470343607763246
22372800	0.00306224451726314
22373371	0.00306307046987711
22373781	0.00103432222289798
22373791	0.000933562632002035
22375420	0.0235027004294695
22376821	0.00587272113303317
22376910	0.00109720803025044
22378010	0.0174281446265625
22378491	0.00391723149413697
22379441	0.00881903785921875
22381470	0.00221837093943145
22382160	0.00836979024272263
22382280	0.00286266504826896
22384271	0.00526579160757907
22384620	0.00103943355851091
22385320	0.00245220839035888
22385771	0.00100542763195708
22386471	0.00112270037408078
22390000	0.00106971516902254
22390570	0.0192012975543637
22391820	0.000943099425884448
22393630	0.0143075942829202
22394051	0.00467592224270435
22394150	0.00100279494158713
22396220	0.00168840100039814
22396230	0.000944586497159893
22397361	0.00464388547789934
22397501	0.00104456136773269
22399520	0.00530768600272644
22400821	0.00254654597925733
22401170	0.000979750739160738
22401210	0.00102152208974857
22402030	0.0024646307799435
22402321	0.000998446150614119
22404350	0.00167992194589973
22406341	0.00690629666812712
22406761	0.00190490690656404
22409101	0.000982550572929678
22410300	0.0129202944526784
22411130	0.00255590904987754
22411431	0.00119122912318988
22411441	0.000940778287919548
22414601	0.021850009653994
22416541	0.00308930919080058
22416930	0.0025671958653922
22417491	0.000971411284358301
22417921	0.00153315992936801
22418590	0.0183224950914256
22420100	0.0009525141703789
22422730	0.00856514450600556
22424510	0.00265499783880009
22424930	0.00116898762631797
22426150	0.000972859985670368
22426430	0.00298787114375824
22426881	0.00274997793802277
22427431	0.00766835788659729
22427701	0.00176456982504185
22428200	0.00512302429652677
22430010	0.00100070142450206
22430440	0.00187022807980747
22430461	0.00123195024927782
22430550	0.019036576639206
22430761	0.00102137463117499
22430871	0.00319264863217992
22431940	0.00365455236287098
22432760	0.000935291756443324
22432920	0.00106881672180053
22435031	0.00193522406460954
22435151	0.000918980850887136
22435650	0.00134841926320508
22435660	0.000929945887272815
22435701	0.00209643482971492
22435790	0.00103648886562845
22436001	0.00136798046647924
22436060	0.001086508042286
22436220	0.00177103647508077
22436900	0.0024475781572294
22437310	0.00167064797306061
22438731	0.00774534705543304
22438860	0.000952493686661544
22439960	0.000961332032327516
22440531	0.00102759785226834
22441590	0.00131049695052481
22442891	0.518289722631491
22443140	0.00178268932235415
22443240	0.000998723444980436
22445070	0.00505146831890273
22445620	0.000970284043052357
22446570	0.0168105842196203
22446611	0.00246188663128481
22446700	0.00143282435167784
22446850	0.000982180498965293
22449720	0.00114068750243254
22450601	0.000942320495029081
22451561	0.00241567929931664
22452630	0.0048545825300545
22452961	0.002824662597829
22453921	0.00200197374601626
22453990	0.00141339903990283
22454591	0.00675010669865188
22454850	0.000929945887272815
22455110	0.00103274237919502
22455240	0.000965110592291242
22455370	0.0041623701823711
22455390	0.00264964698484633
22456951	0.00134793091845479
22457030	0.00106219712974492
22457511	0.0037892427228185
22458341	0.00250223641928465
22460370	0.00290937458637763
22460480	0.000966290269215589
22462461	0.000931209685051038
22463250	0.0014113599807734
22463380	0.00391786544714473
22463701	0.00374558940988136
22463820	0.000982107610967548
22466051	0.00102247708005048
22467540	0.00353714601973902
22468340	0.014201871694406
22469460	0.00191069021762477
22469921	0.000940361115830715
22470300	0.00297431054847887
22470960	0.00298630331963194
22472080	0.000929813488691522
22472630	0.00317433851430411
22472760	0.00236854368574421
22473231	0.0314949562432652
22478321	0.00111963618603744
22478471	0.00158588513803371
22481211	0.000981034953265274
22481880	0.00546958582861853
22485030	0.00182632921726791
22485091	0.00512186579017929
22485160	0.00097084857951232
22485231	0.00193747197392774
22487141	0.00113337434395861
22488111	0.00108161781979723
22489211	0.00469024993826811
22489651	0.00105216126517155
22492391	0.00190831104327262
22492941	0.00104157287938114
22493921	0.0024080277143364
22497740	0.000936971493916561
22498000	0.000985859337097043
22498741	0.00107895337635475
22499540	0.00357534231056073
22500070	0.00710693647425359
22500490	0.00221020035695668
22502611	0.00361645473953972
22505501	0.000933048030972178
22509621	0.00192589591493186
22509641	0.000922046450819502
22509781	0.00580365895182693
22511551	0.00176001387356352
22513340	0.0381745137271696
22513430	0.00108757524955924
22513450	0.00252845456225546
22514820	0.000966815705183455
22516620	0.00306256306035175
22517060	0.000922046450819502
22517911	0.00588088342400928
22518471	0.00184474941678272
22520350	0.00250562074594348
22522430	0.00159706732506301
22523090	0.00497311334897562
22524760	0.0499164087644628
22525231	0.00100243093055764
22528671	0.00292137003638941
22530430	0.0016025286074367
22533491	0.000918980850887136
22534000	0.00402626190674079
22535831	0.0167716593373488
22537221	0.000931209685051038
22540531	0.00252914461752817
22540661	0.00323503617016235
22541170	0.00189644539653016
22541891	0.00133784710945247
22541911	0.109384876741484
22542710	0.00095464136533416
22543131	0.00630597970096569
22543650	0.000922046450819502
22548531	0.000990983912832127
22549040	0.00116172853595092
22549170	0.00165069265306922
22549211	0.000938411716316521
22549231	0.00174056352264099
22549351	0.0011685205194193
22549720	0.00120626546008573
22553320	0.00255209207147609
22553450	0.00204512678215126
22553501	0.000931209685051038
22554840	0.00915720362956068
22556600	0.0140171221915257
22557170	0.00173917215931191
22558451	0.00525598397907406
22558830	0.00217444327705966
22559411	0.00311759837750296
22559930	0.00123464836520101
22560600	0.00346649351584376
22561300	0.000944658395209063
22561470	0.000951519072621397
22563131	0.00169969074478822
22563940	0.00592129595437994
22565050	0.00154131577738131
22566601	0.00457100264845
22566741	0.00173783881957829
22567670	0.000990097976827719
22568671	0.00106556062054795
22571151	0.00215715000500176
22571380	0.000918980850887136
22572480	0.00106344236627773
22575360	0.00156805106454944
22575390	0.00162655232956837
22577201	0.000958698243327567
22578540	0.00112895493082432
22579100	0.000968667419472924
22579230	0.00409839646514854
22579691	0.00261312470274582
22584101	0.00612118343828992
22584951	0.0175444179271234
22585310	0.000968667419472924
22586710	0.00497781259111539
22587431	0.00229994509051579
22587541	0.000965110592291242
22589570	0.00102792517397476
22591530	0.00139471145014087
22591551	0.00106463942792149
22595380	0.00100227280800775
22596931	0.00317254545672497
22597570	0.0128939372707772
22604070	0.00104631630061741
22604340	0.109874018495592
22607110	0.00243856864913885
22607401	0.00180548823925907
22610390	0.00400999866119859
22611691	0.0184070005516358
22615510	0.000950132102103003
22615541	0.00534720522354119
22615650	0.00105725600367838
22618270	0.000958921636093538
22618441	0.0037520940249971
22626280	0.0362045755772749
22635530	0.00423266281133021
22635760	0.00638709090872729
22637040	0.0123811332264901
22637901	0.00237481844921323
22639421	0.000982110599997266
22641420	0.00124579896717428
22644111	0.0232161560338779
22644460	0.0345930117418968
22649601	0.000918980850887136
22649621	0.00176481826493429
22649990	0.000918980850887136
22651910	0.000947737433152032
22652781	0.00357558562104108
22655001	0.00274854899247217
22655650	0.00982904694287716
22657201	0.0267612234192758
22657761	0.00109377736879135
22660231	0.00970641454969016
22661990	0.0018913414084174
22667630	0.00418396035543532
22668760	0.00485798265068177
22669550	0.00224349041346985
22669560	0.00283958687410834
22669970	0.00458870188805281
22670041	0.000969846179800321
22671220	0.000990402693149387
22671811	0.00501892284552132
22675411	0.0037524705684993
22675541	0.00125380805306229
22678130	0.00166761103673606
22679230	0.119329262211487
22683370	0.000971178977652371
22685300	0.00111857242422745
22686861	0.00294900122530398
22687930	0.00203539403386343
22689410	0.00126476052787502
22689860	0.000930976244032915
22689901	0.000992762886409128
22691401	0.000918980850887136
22693290	0.000964269680463815
22693440	0.00255722597288428
22694041	0.000995960081344028
22697870	0.00144702297713574
22697970	0.0028736857849888
22697990	0.000935291756443324
22698041	0.00100799073864866
22698151	0.000977318204035366
22698301	0.00202379489735189
22698410	0.00362735905905073
22699100	0.00121703005551744
22699360	0.00108466733906003
22699380	0.00114796726955937
22699411	0.00122848088645582
22699640	0.00261719689158422
22699650	0.0072799990726151
22699790	0.00117316212095801
22700070	0.00188320247810015
22700170	0.00110953173793936
22701601	0.00883945268481178
22702011	0.00214326269321451
22705040	0.00148364501174379
22705331	0.00113760763624716
22705410	0.00106366222332914
22705420	0.00100439967699435
22705830	0.000942576972464024
22706441	0.0136996905460176
22709611	0.000939259731820557
22710171	0.00302559382458504
22711080	0.000971683796613559
22712200	0.288174839754442
22712371	0.00339531874249176
22713590	0.0013134014652873
22714120	0.00218246550606922
22715111	0.0176805414392824
22715380	0.00290229277676895
22715681	0.0135823239897318
22717310	0.00863187420939454
22717471	0.000922616981868693
22719900	0.0252627255159294
22720310	0.000918980850887136
22720720	0.00213677717800866
22722711	0.629460237337474
22722940	0.00877153818662696
22726280	0.000980485308046657
22728480	0.00881966382770014
22729430	0.0038989809749906
22731401	0.0164591682295332
22733601	0.000938411716316521
22733891	0.0011846850770169
22736190	0.0554237909026895
22736330	0.00998294330032153
22737560	0.0664899293130571
22741191	0.00465267179087651
22742670	0.0468384766774529
22744480	0.00131357617590481
22746140	0.00891993867026246
22746561	0.00168439484046135
22746991	0.000932774080945462
22747230	0.00100532457076199
22747240	0.00288099732174053
22747961	0.0027739878138601
22748070	0.00302376937783843
22748320	0.20952798267966
22749560	0.000986287021576104
22749710	0.0019612678609216
22750660	0.00406768946486929
22750810	0.00096852407376102
22754561	0.0237245659376584
22754820	0.00180777471669475
22756580	0.00229974616710291
22756740	0.00568311124484205
22758390	0.00769568030833846
22758680	0.00201477299124065
22758721	0.00147918420354475
22759251	0.0010734907205961
22761430	0.00175969916533662
22762861	0.00215435410429537
22763261	0.00138879710694222
22764180	0.00098860174992352
22767951	0.000949192623823528
22770721	0.00186736424206661
22772091	0.00128131772247016
22774790	0.00550857262097085
22776901	0.00903964177215035
22778380	0.000928113647699071
22778930	0.00455807188444911
22783230	0.00258642274973465
22784221	0.0512495416201335
22786100	0.0165729476251899
22787920	0.00136428211289529
22792740	0.00693862175380735
22793181	0.00611723015186576
22795681	0.00339361663126785
22795770	0.00347047549170283
22796631	0.00870858155052283
22798831	0.0016319424830532
22799650	0.0112889997122599
22800211	0.00163488543329477
22804200	0.00106028910589637
22804221	0.00202462750143499
22804921	0.00251143707008583
22805140	0.0626820466307444
22805810	0.000981637229385855
22807111	0.00108027364802611
22807190	0.00734412858461538
22808030	0.00172338502242549
22808071	0.00305839064346719
22808491	0.000933048030972178
22809041	0.00503328136981164
22810161	0.00101464543261175
22812911	0.000935291756443324
22813041	0.00183801487661419
22815251	0.000947737433152032
22816091	0.00416401173936962
22816231	0.00126510491136076
22818500	0.000988857963327532
22819951	0.00280451394149606
22821731	0.00131593582220138
22823651	0.00157365835708608
22824211	0.00320884286657917
22825741	0.0200274742275413
22827600	0.0114115414854663
22829540	0.00133581776589524
22829810	0.00109733274127005
22830411	0.00177971907057316
22830680	0.000930447193712353
22831050	0.000946451225873545
22833560	0.00247000524833893
22836580	0.0186576272569408
22837861	0.00265791582328317
22837871	0.0160415283911976
22839360	0.000928577491668111
22840491	0.00118861140594194
22840980	0.000953101954090726
22842680	0.000984499841398472
22842851	0.000930714598691941
22842981	0.00198079968552973
22843330	0.00363002097736267
22843350	0.00103922235761266
22844771	0.00320166637452582
22846680	0.00229527886815757
22847261	0.00114422587053036
22847330	0.00118711558326528
22848570	0.0121004566198226
22848730	0.00345024432904166
22849950	0.00283177862282247
22850400	0.00103115681072085
22850540	0.00126178154501285
22850930	0.000962389468534018
22851111	0.000958510207444336
22852030	0.000918980850887136
22853601	0.00315143760879865
22855651	0.00107199029096579
22855780	0.00110632544083898
22857560	0.00107694647619217
22862390	0.00123419208240913
22862780	0.00118223665555506
22862940	0.0168906146027255
22866131	0.000933819304287012
22866141	0.0017369511482667
22866400	0.0032503900841612
22866930	0.00166843149413093
22867880	0.000918980850887136
22868740	0.0428572126072555
22869851	0.00118950462146256
22870561	0.0010294003794556
22872040	0.00148352422552952
22873830	0.000938411716316521
22873991	0.00104461489791206
22874380	0.00210699509478411
22874431	0.00191747195599902
22875180	0.00783495832123297
22877051	0.000962346537137984
22877731	0.0127028984371534
22878141	0.000944872924196415
22878660	0.00383597559662235
22878691	0.00366893666864994
22879080	0.0611468546915786
22879610	0.00166123643876417
22879941	0.00194456345400153
22880010	0.00176656830912041
22883060	0.0009523675912944
22883190	0.00742011024635127
22883500	0.0558337118844726
22884720	0.00275641210827396
22887900	0.001709911141197
22888491	0.703696247494336
22888580	0.00395514286002299
22889420	0.000918980850887136
22890541	0.0175485148252859
22890800	0.0188843847034634
22890981	0.00764444726896409
22891630	0.00180822606026331
22893120	0.00181840755337267
22893461	0.00155947374233758
22894930	0.00186650681820863
22895760	0.00524798210951094
22897861	0.00197640962703287
22899770	0.00225088959766284
22901690	0.0486092007097115
22903180	0.00215641442820317
22903641	0.0110059944774787
22903791	0.00492668444933351
22903880	0.140931863650803
22905660	0.00237989529268621
22906360	0.00203701534099274
22907220	0.00101269994654159
22909441	0.0112530673269503
22911320	0.000937469689662502
22911340	0.00138450770008697
22914131	0.0016780802516451
22914261	0.000918980850887136
22915770	0.000979708844458239
22917461	0.00209132539898825
22918691	0.00101361802403714
22918701	0.00648565472755983
22920331	0.0016988920046675
22920751	0.0045928180449276
22921321	0.00108501642058038
22921680	0.0263482052657531
22924081	0.0103540064052141
22924140	0.00104376268522169
22924460	0.00118564615458198
22925150	0.00171782614909905
22928201	0.000940361115830715
22928430	0.00877396478556917
22931480	0.000962976352038254
22933010	0.00420945746563085
22933270	0.00239477932627627
22933540	0.00713901543346028
22934520	0.00270297842666294
22934530	0.00189162946073479
22939600	0.0139659093459053
22943880	0.00107245841283141
22945120	0.00105308072662795
22945390	0.00153070277177607
22945940	0.00230670361351602
22945960	0.00194001141602719
22947490	0.0111029646657257
22947890	0.00315846415434355
22949591	0.0086790078070007
22951190	0.000977357520843766
22958971	0.00411349820311401
22959371	0.00106749526772467
22962650	0.000985685169166145
22964201	0.00176452772381896
22965960	0.00231530666879621
22967450	0.00119824245201034
22968331	0.0168938031385985
22968901	0.00106255464751589
22972341	0.00100836635358233
22973410	0.00110693477085687
22974930	0.00299102458116967
22975070	0.00177839034426216
22977441	0.00172377834541605
22978831	0.00518024587029103
22978951	0.00131385518363532
22978971	0.00209278752284136
22980331	0.000958114944430976
22980870	0.00730730536751887
22980891	0.0234584059038712
22981120	0.000935593614326021
22981270	0.00195522609540714
22982790	0.00186987041646302
22982811	0.0019369561214901
22984410	0.000990077581611618
22985950	0.00107109277714983
22986261	0.0020663752828659
22986490	0.00199946539063569
22987241	0.00398150916201814
22987310	0.00380524379278876
22989011	0.00358110097730784
22989311	0.00383829647097999
22991101	0.347074918816359
22992310	0.00135333905960331
22994531	0.00193995209052543
22996570	0.00188906939082257
22999170	0.00177976847821631
22999310	0.00176102458711412
22999880	0.0144743632749189
23000270	0.00277538919782875
23000580	0.0122871512480129
23001100	0.00121144509857548
23002131	0.0143451288847893
23002520	0.00203859682288494
23002890	0.00153650364885726
23003091	0.00131501920149856
23003720	0.00102642030453994
23003791	0.00204712923804433
23004751	0.0037160934925347
23004761	0.00430428593415964
23005711	0.000952926728769759
23008010	0.00105043981135837
23008871	0.00236318892081824
23009861	0.00594134367535472
23011880	0.00192036280359915
23016030	0.000935593614326021
23016430	0.00102328906967466
23016440	0.0014439541112451
23016820	0.00174372913697325
23017250	0.000966871807998415
23017441	0.00100039611175801
23017991	0.00282550166080185
23019091	0.0837333930750804
23020440	0.00784054681949622
23022541	0.00234633139445922
23023351	0.000944586497159893
23024580	0.00243198015933779
23025311	0.00311141224326971
23025701	0.000947233567991935
23025711	0.000956646870384948
23025830	0.00124558677627846
23026240	0.000961512907254927
23026401	0.00108011429904031
23026411	0.00103220320772969
23026531	0.00137310316889326
23026650	0.000931159927998781
23027221	0.0036829063708534
23027340	0.000947233567991935
23027440	0.00361561620457043
23027450	0.000939963895334573
23027580	0.000941984811052426
23027600	0.00164153033109778
23027651	0.000935291756443324
23028051	0.00134078247276084
23028201	0.0021896607783642
23028321	0.0280174681595581
23028331	0.000931587810561184
23028440	0.000931209685051038
23028710	0.00101484496782397
23028860	0.000918980850887136
23028980	0.000930953729385194
23029000	0.00119143115628615
23029021	0.00208797090945694
23029400	0.00101383145454349
23029441	0.000950670326461379
23029690	0.00140965577313608
23029851	0.00102564018124248
23030001	0.00116136187063625
23030131	0.00104829971989313
23030230	0.000959837998518783
23030261	0.00136193594462894
23030531	0.000970347879569532
23030780	0.000977432758456558
23030910	0.000947539276342793
23031170	0.00118098156079309
23031221	0.000944223424964293
23031460	0.00126398015886924
23031491	0.000967711595502237
23031590	0.000959837998518783
23031730	0.000999355657730556
23031750	0.000950387436740589
23032331	0.00100326174820368
23032450	0.00100702062517698
23033130	0.00144960058574725
23035211	0.00177113552578223
23035231	0.00095541861641629
23035890	0.00182325349133495
23036430	0.00533766541662173
23037530	0.00214315868511819
23039440	0.004893631812057
23039880	0.000989388362433084
23040850	0.0170182751560768
23041171	0.0160200292980277
23043651	0.000984029877821373
23044341	0.00187554823275895
23044601	0.00289470799046114
23046340	0.00424650294580333
23047361	0.000958114944430976
23049930	0.00532667229880959
23050661	0.00259798661719551
23050910	0.0143823293459911
23053171	0.0223354942084641
23053240	0.000987480178535893
23053370	0.00287238782559873
23054131	0.00168723972799338
23055190	0.00393288856648462
23056140	0.00310137643647034
23056820	0.000918980850887136
23057800	0.00101471648292827
23057930	0.00150511232035559
23058790	0.000939313188485819
23061540	0.00104853440257234
23065701	0.00813421917556331
23066811	0.00240548711326358
23067060	0.00313671530286016
23067901	0.00238274737957045
23070671	0.00128653886861514
23072960	0.00226476918821665
23073270	0.00394004100253186
23074381	0.00529555637055331
23074391	0.00112668135710949
23075030	0.143699763766654
23075440	0.00229878859639679
23076010	0.00975911351718082
23076061	0.0112493385692952
23076331	0.00876618188954218
23076341	0.238492569596864
23077090	0.00104625333269232
23077971	0.0013622349260174
23079340	0.00134653010306046
23079511	0.00118284076012876
23079880	0.00122355098467517
23080331	0.00596262830238685
23080881	0.00129363056923061
23080970	0.000959410776669364
23081571	0.00269536943983189
23081670	0.00460510637152882
23082910	0.00425912205128643
23087050	0.00263183267923943
23087221	0.00102076920044622
23088710	0.00195773457480169
23088881	0.00900351033786365
23090340	0.0116947174090566
23091740	0.00158379370882772
23093981	0.0010005487922841
23094801	0.00160063408901476
23096881	0.00137980704977071
23096980	0.000957025789625809
23096990	0.00368390678865032
23097120	0.000940361115830715
23100400	0.00107702996815636
23103081	0.00240264343047417
23103091	0.00137325014387863
23103160	0.000918980850887136
23103300	0.00119447276764966
23103351	0.000935291756443324
23103470	0.000956646870384948
23103740	0.0283110489982385
23104300	0.00234924224186796
23104550	0.000995604759994356
23105431	0.0010617061771011
23108260	0.00107088603965163
23108451	0.00191753402784528
23114630	0.00205070869240258
23115310	0.0493580522506827
23115341	0.00141871930644938
23117001	0.00194977606583658
23117841	0.00136312654957288
23118230	0.00570780212965303
23121691	0.00405521890001739
23122251	0.00215017430950968
23122630	0.00149905208595444
23123750	0.00185411476095019
23128130	0.00164250467949126
23129271	0.00894724594955866
23129851	0.00399166077441484
23131491	0.00165013240350441
23132010	0.00293918347196737
23132260	0.00106959233140283
23137120	0.0306009963835049
23137551	0.00117320844564588
23137701	0.000962982262339844
23137790	0.00405610867247839
23139621	0.00368501582134574
23139860	0.0418262710681184
23140581	0.0395812186079543
23142920	0.000948945884040681
23143160	0.00194703025581136
23144710	0.00227185028320176
23147211	0.00139905973471282
23148881	0.0115813140623489
23150381	0.000975220483587202
23151170	0.000995620450083474
23154740	0.00204100788467342
23156441	0.00136634677496884
23157390	0.00142569761852011
23161271	0.000921094252331038
23162671	0.00106469387535597
23163341	0.00333145354254201
23163911	0.00144308903032965
23164670	0.000960831956479491
23164851	0.00126712111133618
23166671	0.00121928147200937
23169650	0.000976860164269751
23170320	0.000942781587426591
23170941	0.000982408157185675
23171850	0.0016992462847419
23172560	0.00447708648226653
23175160	0.0018257260022297
23175710	0.00933716748619932
23180711	0.00184117348238152
23183221	0.00165073211869449
23185281	0.00119736399370729
23185930	0.00102884883001907
23186050	0.00583854525820875
23186060	0.00107242153074901
23186350	0.00136419892958367
23187010	0.00108613104137312
23187310	0.00105500305225533
23187320	0.00335115658065785
23187341	0.00279963783010339
23187471	0.00484725307300342
23187850	0.0940826925686006
23189640	0.000960790693036138
23190880	0.00136164087001143
23190890	0.00100599576894611
23191170	0.00190225604397866
23191720	0.00289667251051935
23192181	0.00103149481985949
23193291	0.00618164847206284
23193670	0.00264540292885293
23194350	0.00266284887509358
23194671	0.0107738818281071
23196960	0.00495631317227559
23197131	0.00122679815661873
23197380	0.00181551395646598
23198880	0.100427324616254
23199160	0.00627683917333456
23199740	0.00117548473194127
23200181	0.0429372600921173
23200871	0.00100081253611736
23201551	0.00114208040910482
23201971	0.00948217650183655
23203061	0.733848336006112
23207730	0.0012148451153536
23208940	0.000945384740672411
23209660	0.00216435713704319
23210231	0.00182835653395841
23211970	0.00107645894287315
23212810	0.0039099099350298
23215191	0.00463122354204021
23216021	0.00209527620857611
23216041	0.00210068240438204
23221790	0.00256777255559259
23222330	0.00250931169769753
23225640	0.00107797069921578
23227331	0.0078558291100491
23228171	0.0100282764804813
23228181	0.00190446048125206
23228301	0.00120893597519223
23228581	0.00348548818955648
23229770	0.00109064354839428
23232250	0.0036024662485108
23234651	0.0220878861198568
23234740	0.00133113780777983
23234791	0.0022963654981066
23235010	0.00106965922162666
23235331	0.00104125702123329
23239170	0.00435670729638518
23240451	0.0016745666139527
23240540	0.00132636773782937
23242480	0.00158735856164531
23245660	0.0107092397196911
23247300	0.00173173437593679
23248700	0.00333802809680773
23250620	0.00303606877409771
23250870	0.00229718479636243
23252550	0.00228533857482099
23252711	0.00227887861848303
23253401	0.00664171686819002
23255061	0.00269799883879148
23256280	0.0319116499319315
23257411	0.0059960524655971
23257961	0.00734332398160184
23258651	0.000933819304287012
23260690	0.00451278554015103
23261281	0.00906223564987653
23269070	0.00620031624147608
23269900	0.00185203602288244
23270060	0.00224815538292345
23271710	0.000938411716316521
23275690	0.00486804064577889
23275830	0.0914966739080643
23276520	0.00115065316789281
23276981	0.0013406393864451
23276991	0.00193937559090961
23277391	0.000922046450819502
23283321	0.000932774080945462
23283450	0.00439011859278821
23284011	0.0146898458988128
23284260	0.00745229843843402
23284810	0.00346342758201573
23285141	0.00124667733765865
23285790	0.00320129559313055
23286070	0.00205349774104924
23288120	0.00147006769082544
23288390	0.00142905278679569
23291000	0.00130137555467896
23292000	0.00275291989699177
23295150	0.00363651755653233
23296441	0.0600832713843719
23300530	0.0158475505734441
23301941	0.00097307875549318
23302170	0.00315995413039071
23302880	0.00173156864568883
23304311	0.00236265288316991
23307280	0.00342326693710598
23308120	0.00107785069785109
23309370	0.0141441291581857
23311160	0.00709603872869154
23312991	0.000918980850887136
23313111	0.0021297191623929
23314310	0.00268261459270087
23316021	0.00260345014577204
23316270	0.0323314659731152
23316851	0.00355100187373631
23317271	0.00786994025669263
23317480	0.00144209922315729
23318351	0.0150983927464623
23320540	0.00100713482649739
23320711	0.00245374036621472
23323731	0.00328885561262581
23324520	0.00389830765627238
23324930	0.0575634569399372
23325200	0.00192330678462119
23329230	0.00144052855594243
23332281	0.00168117869358284
23333900	0.0359395931687641
23337510	0.0115722006465874
23337681	0.000993379686573029
23340120	0.00112830348082984
23340851	0.00179746674208178
23345401	0.0017227861864072
23346330	0.00102803768600855
23346450	0.00181794320247532
23347290	0.00316400718550626
23348151	0.00164406587525835
23352701	0.00212708265418651
23352930	0.0147337193141097
23354310	0.0159982629730375
23355311	0.0131431569433706
23358371	0.00137222744617604
23360581	0.00632833847201021
23361271	0.00393867843402329
23361801	0.00127863910482117
23361900	0.000947233567991935
23361920	0.00141952059328561
23367170	0.0012288577150755
23367720	0.0014924448341899
23371160	0.00600964440641928
23372670	0.00227014844379206
23372971	0.0034820804076231
23374340	0.00933706566066692
23378081	0.00134185476940435
23379030	0.000918980850887136
23379710	0.0020096312914183
23380991	0.00134673640208549
23381251	0.00947525086741669
23386351	0.00233597105206739
23387410	0.0024113694498633
23387451	0.00191116851580146
23388640	0.0112593993219231
23391120	0.00309493461130456
23392411	0.00171930064422213
23392650	0.0261934862355571
23394211	0.0058343785023812
23394460	0.00105085142568432
23395830	0.000960107823251217
23396360	0.0656101067927484
23399290	0.00438845267276674
23400691	0.00731270096788119
23403570	0.000947499852792038
23404240	0.00200913669861726
23404810	0.000968667419472924
23405401	0.00520794103021495
23408380	0.00134131770406975
23408390	0.0160129092999318
23411000	0.00225132947924945
23413360	0.00124644281916296
23416120	0.00222285665552655
23421090	0.000964204909248476
23421220	0.000971290057644555
23421890	0.00225203812820017
23422190	0.00498772014053864
23425050	0.0237709178915524
23425890	0.00629929136369767
23426610	0.00102703793365069
23429080	0.00163857182913974
23431420	0.126540121540313
23434641	0.00339824746813098
23436691	0.00501193314025027
23437070	0.00202702433032373
23439130	0.00189627592215054
23439301	0.00253976918427549
23441210	0.00258928906416012
23442290	0.00166208824895174
23442580	0.00121521889347958
23444011	0.00301825617603451
23445330	0.00180920894935194
23445770	0.00219023984890132
23446481	0.00127774526824266
23448380	0.00273696310717993
23450351	0.00165569889255157
23451881	0.00104914611397606
23455851	0.00178215766383377
23456001	0.000930714598691941
23456120	0.00214531838955064
23457220	0.00156961844143327
23461620	0.000941819507072366
23462590	0.00107514016094438
23463301	0.00218713189704254
23466061	0.000947737433152032
23466081	0.00102883622462537
23469101	0.0063228529704594
23469330	0.00617102432176089
23473531	0.00121538369443975
23473811	0.0215934581772087
23473921	0.00693281260309292
23477760	0.00147467752309173
23480080	0.00248704059077632
23480431	0.00238452490212799
23484080	0.00319005326118955
23485671	0.00405431364182706
23486361	0.00360805372765415
23487741	0.00312641867820804
23487980	0.00354345995034855
23490580	0.0051491190305365
23495110	0.0013442267921694
23495731	0.00256344117189309
23496520	0.0165514635423541
23496640	0.00115357331277478
23498020	0.0506893448662754
23499000	0.00268486614952207
23499970	0.00167631414996987
23500821	0.000944891352008167
23503270	0.000974262152639261
23503830	0.000996782864648467
23504500	0.00172449445416932
23507800	0.00104346350121915
23507840	0.00309052161263716
23509251	0.0106685576235142
23509750	0.00145769407823111
23510420	0.000959987830306824
23513661	0.00251739474085359
23515120	0.00279358351919672
23515820	0.0014811406893047
23518471	0.00292007147827085
23519321	0.001781265434088
23520230	0.00204777348759532
23523461	0.000960257916063425
23526071	0.00589359361753398
23526150	0.358823495409705
23527420	0.000991810065568345
23528070	0.00196859666794764
23528141	0.000932583749785505
23529590	0.00492028266949463
23530160	0.00189199882635065
23534180	0.00230727843903887
23534720	0.0121426202649182
23535301	0.0027316112118236
23535390	0.000920826458852597
23535840	0.00186971118775425
23536500	0.00214092746445241
23538730	0.00678790307431755
23542290	0.0041761513404343
23542341	0.0134671345708615
23542751	0.00124676197751138
23544350	0.000932787967931086
23545801	0.00177999492495855
23545880	0.00119321294506091
23545900	0.00583747659110345
23546310	0.000959574181528854
23546860	0.0131580839758582
23547410	0.00186801007279629
23549330	0.00270348595823947
23549350	0.00152949717754731
23549791	0.0013035963700814
23550710	0.00214471213965787
23551540	0.00164743467524455
23552210	0.00148829358588214
23553651	0.000984721646585238
23553791	0.00269684975964584
23556121	0.00364381971177115
23558990	0.00347212664047321
23559540	0.00336473272592135
23559560	0.00631326699670873
23562621	0.0117273601198504
23562690	0.000991335866392333
23563000	0.0116704718009472
23563280	0.00370327582152989
23563410	0.00674973983079372
23563591	0.0452314937454113
23564131	0.00133540043383677
23567861	0.0115210506512792
23569740	0.0048045243288893
23571031	0.000980298588077946
23572660	0.00169035940113512
23573180	0.0442657986598091
23575311	0.00145990932795169
23577050	0.00214358206141536
23578410	0.00131256591389486
23578560	0.00220070920457029
23579991	0.0114727979351694
23581241	0.00130302394435627
23581580	0.000918980850887136
23581730	0.374727394138328
23583100	0.00171488721213254
23584831	0.00107378599600005
23587161	0.00158815550584061
23587270	0.00151200926723273
23589610	0.0708269988335654
23590440	0.0010126308402365
23590450	0.0018847431971483
23592271	0.00491937836135389
23592801	0.000959837998518783
23593210	0.00143742356603602
23596240	0.00691471641183319
23599810	0.00102715159219279
23603240	0.00221513144388052
23603260	0.00307589791334775
23605460	0.0320551073551327
23605590	0.293037673807544
23606321	0.00966746149157983
23607031	0.00165781683623999
23608401	0.00301444836248195
23609030	0.00244328096956876
23613101	0.0011485321547534
23613200	0.00603233205951188
23614440	0.00132016667261132
23615260	0.0010207042541331
23615861	0.00183374097759592
23616411	0.0134647907814002
23617180	0.000993468227618609
23617931	0.582297102266962
23619581	0.00219181421745244
23620521	0.00354927270030337
23620821	0.00438103995025632
23621050	0.000986177499149427
23623230	0.00631481453313465
23623240	0.00112757427370982
23623400	0.00192024296406409
23623940	0.00953354295697656
23624630	0.000988905222188183
23632541	0.000930714598691941
23633791	0.0490026030847851
23634030	0.00578286682781885
23637761	0.00148761248972211
23643571	0.00104080628038867
23643851	0.00233065702260234
23644620	0.0154526057374718
23645170	0.00470706345180537
23645771	0.00185998980791196
23646741	0.00097931450388318
23647031	0.00390133104854338
23647301	0.00162080198311312
23647851	0.000956310346458796
23648770	0.00829766515648529
23650410	0.0100169697885439
23650560	0.00259378021665939
23652910	0.0106784070924454
23653761	0.0467713818319862
23653870	0.00432128128888404
23654020	0.00346796977662158
23654280	0.000944586497159893
23654570	0.00330433946554538
23656811	0.00741934809587046
23658201	0.000955241825928099
23658321	0.00099829874161421
23658980	0.00229851127929953
23660681	0.00117817371871433
23660890	0.00919621351977115
23660920	0.00526362056376262
23661501	0.00131020593053326
23661890	0.00102032437310107
23662300	0.0022854256808102
23662591	0.00139997992527314
23664131	0.0469730820471855
23665450	0.000955129146997955
23665460	0.00146604954048448
23669081	0.000939558199963528
23669091	0.000918980850887136
23669911	0.00212206906615711
23672401	0.00414004602338897
23672920	0.00133248853104973
23673351	0.00249375048839054
23674191	0.00098063802046554
23674311	0.370798336623878
23674970	0.00199654488057301
23675670	0.000905778856648485
23675711	0.00136572200722428
23677091	0.00110135011311528
23677750	0.00163753763382759
23677761	0.000965293497204125
23680500	0.00100069183814494
23680681	0.00119968474824878
23682410	0.00133452124890129
23682810	0.00228422565007747
23683800	0.00266172461154021
23683930	0.00578543512524476
23684661	0.00344169454994218
23685180	0.0109832485218656
23685330	0.00116532662131839
23686031	0.00351326676673781
23686810	0.00162230433799938
23686990	0.00693762596721714
23688951	0.00296495743206314
23689190	0.00265349836260483
23689860	0.00509819680008579
23690990	0.00102388946667054
23691240	0.001470414383815
23691950	0.000973676553784568
23692121	0.00166023172210197
23692750	0.00544735936605691
23692931	0.00196567339803051
23693631	0.00164715601141184
23694331	0.00224263046484483
23694461	0.00137446790103336
23694690	0.0010446530347615
23695161	0.000984861256796127
23695510	0.00218626971555446
23695540	0.00107465263227833
23696671	0.00172641007652496
23697761	0.0134972837114101
23698810	0.00205672327138521
23699370	0.0039020110703669
23699421	0.00230630401202869
23700360	0.00181695024194183
23701501	0.00302083962818422
23702171	0.0010171021510133
23702710	0.0016916984368622
23702741	0.000997139167302934
23702830	0.0620182558914685
23705320	0.00268303677681689
23705990	0.00113374670887196
23706260	0.00529877100639174
23707100	0.00121524838564151
23707240	0.0025538205269228
23707281	0.00259834681940514
23709310	0.00102022768895826
23710000	0.00480422788706244
23713460	0.00282476871307981
23714441	0.00369450430889579
23714980	0.00388002818965802
23716190	0.0256374546535211
23716241	0.000961927633959032
23717610	0.00229676294382765
23717850	0.0358962672247183
23718420	0.00211840308301256
23719090	0.00159019540326764
23720920	0.0029571985051197
23721980	0.0022983175692304
23722850	0.0126472549830944
23723151	0.309165159224688
23724241	0.000938411716316521
23724951	0.000960246880785559
23725751	0.00116576768263338
23725860	0.000978431871771886
23731120	0.00346261903101137
23731411	0.00344464587514121
23731810	0.0793794437968121
23732630	0.00379233020974318
23733621	0.00373008711232836
23735920	0.000918980850887136
23735971	0.0181955516101124
23737850	0.0031501438428114
23737860	0.00301949979008791
23738031	0.00433873756310348
23738290	0.000983027818375528
23740330	0.00334564077104801
23740941	0.00314921356223828
23740951	0.00131582372191488
23743250	0.00095651907857071
23743831	0.000935593614326021
23746041	0.00111428438499903
23748600	0.00159687569875074
23749190	0.00163847846077625
23749580	0.00109734589147655
23752791	0.0524893582118938
23753911	0.0237428957786948
23754301	0.0032592019631722
23754840	0.00263305585158345
23755571	0.00102877717096373
23756521	0.013149363314431
23757560	0.000949608376284379
23757840	0.00191680028200363
23758830	0.0038153551140841
23760070	0.00564888656164194
23760241	0.00196842661008979
23760781	0.0314342386194408
23761501	0.00163843864479106
23762120	0.000999300033257845
23763260	0.00104048760578426
23765880	0.00108997425501164
23766321	0.00151088508831535
23767510	0.00101645699242444
23768791	0.00164114904018431
23769891	0.00625895270337133
23770130	0.00212391544240775
23770161	0.00207132369689773
23770441	0.000994781845375634
23770800	0.00680855982982554
23770861	0.00105695251774963
23771120	0.00241714506194716
23771660	0.00791486664986435
23772381	0.00170145449850647
23773050	0.00323561184609986
23773361	0.00203637704396821
23776740	0.00539558283796791
23779271	0.000918980850887136
23779380	0.00206122976198378
23779961	0.00185647507872544
23780381	0.0107507212494588
23782451	0.000994599754691128
23783250	0.000961250705934763
23784740	0.00260117213227227
23785471	0.00094743677343579
23786250	0.0044925071071101
23787551	0.00102900659774511
23787630	0.00415645946200543
23787821	0.00111040442868309
23789351	0.00109191816845205
23789980	0.00132196209016488
23790400	0.00110207887840446
23790410	0.000952232917653298
23792460	0.00312616943025824
23792480	0.0995442870386047
23794430	0.0473287062266108
23797450	0.0371191628230655
23798571	0.00302351064194278
23798851	0.00282458085797884
23799121	0.0022091229062031
23800251	0.00206590863156716
23800760	0.00104313745919163
23802711	0.396229608534318
23802840	0.00098680361152852
23802970	0.00405251925587144
23803561	0.0169354244953641
23806571	0.000977605366976293
23806970	0.00193456225522075
23807530	0.0464946855653283
23808630	0.000938411716316521
23809010	0.000941628714496437
23810171	0.00283771441514083
23811530	0.00326966252393066
23815011	0.00122081811923657
23815681	0.0011044532136994
23817631	0.0056296790003349
23821700	0.00130192840732999
23822670	0.0033199454622103
23825440	0.000954001855120992
23826110	0.0026496756736431
23827681	0.00100730326372124
23829010	0.00304251593073136
23829040	0.00125647225869861
23829450	0.000992762886409128
23829830	0.0164014859307005
23830520	0.00560234168473443
23830930	0.00274879229435402
23830981	0.00096324682192135
23832641	0.0225531494337855
23833891	0.00739228994574407
23835001	0.0750651079768127
23835620	0.000999374380208462
23836480	0.00173499703173903
23836911	0.00109730932117044
23841491	0.00185774272526574
23841830	0.00276211651686642
23842120	0.00377202191699942
23843250	0.000974260165528539
23845180	0.00320315782363907
23845290	0.004756429176143
23846800	0.00277198100445002
23847760	0.00152431283985193
23849850	0.00212119377287527
23850000	0.000931209685051038
23851421	0.00272197532173972
23853440	0.00670817125625588
23854950	0.000931209685051038
23856330	0.00122963134707907
23858250	0.00106735832816779
23859770	0.00288277467710664
23860350	0.00310709907945092
23861611	0.00105112066704471
23862940	0.00703175362678324
23863961	0.00128162894731181
23864760	0.0121658799251251
23869720	0.0144655884332307
23871831	0.00100532457076199
23872381	0.00104976215198056
23875070	0.00219007899148605
23875691	0.0018371000562604
23876771	0.00128215714892
23877201	0.540142442068417
23877700	0.00160610553375268
23880101	0.000998723444980436
23880580	0.00188539903813297
23882451	0.00579331808511291
23886940	0.00296971309670757
23888521	0.00432003324085933
23889000	0.00375104563103606
23889471	0.00143441858558324
23889710	0.0014797303343653
23892511	0.0406203687513026
23894410	0.0015531285864565
23894970	0.00384930504230627
23896060	0.00596525170363573
23896900	0.0047852899366842
23897160	0.00182279427141924
23897170	0.00383367478746206
23898270	0.00210594293011813
23898530	0.000987433222000416
23899261	0.00310314715407844
23899941	0.00280427337393768
23900480	0.00184972251191209
23900880	0.00220324410600416
23901410	0.00183169353132409
23903500	0.0121956619997872
23903650	0.00227291864392567
23904241	0.00172456209829473
23904351	0.00599166643180675
23904720	0.00139398752075006
23906301	0.00156814948578683
23908590	0.00100084756419669
23908651	0.00167556662570466
23909430	0.0010539115853829
23910000	0.00196287335210465
23913731	0.00633452368325476
23915370	0.00104062788715732
23916361	0.0314357816309071
23916491	0.00138973860435834
23917181	0.00789908694316633
23918151	0.00249655631493236
23921830	0.00171108639035381
23924091	0.00391747501636562
23925170	0.00131648051368153
23925591	0.000957853465487232
23926380	0.00243901017057277
23927640	0.000954633887977561
23928101	0.00146818828213837
23928221	0.027297653973411
23930650	0.00102456092520706
23933041	0.00118006008765288
23934780	0.00328927863356413
23935100	0.00597348609112512
23936491	0.00115032211086851
23938851	0.138149568555824
23939080	0.00114292024002148
23940631	0.000918980850887136
23940740	0.000931209685051038
23940750	0.00389690426304555
23941270	0.0663602145490158
23941451	0.0213844907348513
23943391	0.00112472377743468
23944371	0.0132936067286835
23944470	0.119474671506129
23944641	0.00114208040910482
23945400	0.000994880869958724
23946660	0.00255648428068704
23947121	0.011907573943885
23947910	0.00910647253604097
23948911	0.00104038367458674
23949170	0.00395103398913697
23949840	0.00462424027459358
23950520	0.00228099959560125
23950561	0.00220910727420098
23951790	0.00266830949239492
23955210	0.000970880540611043
23955391	0.0137069277480067
23956211	0.347149445145355
23956880	0.00261185624362528
23957720	0.00476718277661391
23957891	0.00268454819552121
23958110	0.00793083599073514
23958141	0.0029594541671295
23958431	0.0129793346360665
23959470	0.000981034953265274
23959681	0.00115119484039614
23959801	0.00162205502135559
23961840	0.00181459686821564
23962110	0.00108519661176281
23963220	0.00207331220316015
23963650	0.00104111564268461
23963821	0.00118388389105993
23964641	0.00118254015386604
23964860	0.00247475788699111
23964870	0.000956262558837412
23966141	0.00103527087547879
23967111	0.00106176397339483
23967780	0.00494206462339502
23968870	0.00269430799197154
23969331	0.00251831506847204
23971090	0.0169477881185136
23972180	0.00213434761731185
23973171	0.00105759131926929
23973550	0.00216592562094804
23973680	0.00169910588462621
23974151	0.00187616336666982
23974841	0.00104520328448639
23975381	0.00302983266406186
23977331	0.00915708466283138
23979210	0.00148948771184422
23979220	0.0136992524837311
23979620	0.001249568534212
23980030	0.0691104763332075
23980450	0.00461111972512555
23982250	0.00099475777028283
23984231	0.00308417397006575
23984911	0.00101799826197585
23985000	0.0083690711718341
23986711	0.000940813591121733
23987370	0.00199369670585241
23988631	0.00098987311266821
23988781	0.00123156778646203
23989690	0.00164250467949126
23990520	0.0104508802142968
23990790	0.00104730484980086
23990800	0.00118321287206612
23990810	0.00208782803153084
23992050	0.00108827100173614
23993420	0.00577301100121285
23993950	0.00095240079489559
23994971	0.00105996263430181
23995391	0.00136203214744278
23999210	0.000918980850887136
23999490	0.00812337792433846
24003811	0.000930714598691941
24003890	0.00118138275241994
24003920	0.144174407762546
24005031	0.000942863007090381
24005041	0.00276443298786225
24005840	0.00682310147241229
24006100	0.00940012571994572
24006120	0.0095155728422901
24006291	0.00647275703501562
24006551	0.000956543662207197
24008190	0.00147652410623801
24008221	0.00161203426197279
24008751	0.000954351963833498
24008761	0.00171433371607791
24009871	0.00107842545375707
24010790	0.00154000787597057
24010851	0.00260337929900019
24011070	0.00898288394662922
24011910	0.00818743197586429
24013570	0.000959045256103019
24013581	0.00226442548010559
24013690	0.0012314012658145
24014500	0.00289313657675389
24015931	0.00636984783147555
24016190	0.0125225988626225
24016450	0.00159805142712986
24018390	0.00103456874372736
24019760	0.0169626379927277
24020891	0.00147709801416126
24021680	0.00328392333909778
24022790	0.00113874195420874
24022971	0.000984861946271928
24022981	0.00180366840420267
24024040	0.00181070658095026
24025530	0.00343042014322795
24025601	0.00129614918743866
24026650	0.00672796822641124
24027391	0.00166819890497533
24027470	0.001248265743646
24028061	0.0133340451989247
24029820	0.00133341681165686
24032481	0.00206142920614173
24032491	0.000961032030709864
24032901	0.000935593614326021
24033120	0.00383844253837622
24035090	0.044100428330932
24035320	0.00172326889004209
24040501	0.00107997216986524
24040911	0.00120901906032821
24041161	0.000938411716316521
24041810	0.00114071965777386
24042681	0.00161695252077918
24047261	0.00107778261055739
24050640	0.00168085992897284
24052771	0.002212458077979
24054920	0.00110021985695754
24055371	0.00103551750828985
24055490	0.00320048946191989
24055620	0.0015683500570376
24059350	0.00106556476420177
24062401	0.000944355679476875
24064290	0.000999351867767266
24065260	0.00129254107615119
24065311	0.00104474199102478
24065451	0.0724638344773968
24066100	0.00901125665091983
24067870	0.00102963556977974
24068361	0.00104200770124372
24069441	0.00198246253651867
24071381	0.0545847698350072
24071910	0.000930714598691941
24072351	0.00189316175107032
24072361	0.00757963856444332
24073120	0.000918980850887136
24073451	0.00096806089228323
24073731	0.00277258125372972
24074530	0.0280630062358788
24076170	0.00134717132440568
24076320	0.00110067612957687
24076891	0.00177064947821759
24078350	0.031039011489602
24078490	0.00388643863778253
24078961	0.00221692223362709
24081280	0.00103539843840505
24082401	0.00252055897109185
24082530	0.0029561187347194
24082971	0.00888608382677444
24083111	0.00095066049786008
24083371	0.00195389909284499
24083910	0.00266353151815787
24084221	0.00092179301146957
24084460	0.00108943612772433
24085010	0.00385702257348264
24085571	0.00155516961675474
24085861	0.00107275332538536
24086670	0.00240087181465197
24087610	0.00263071332554388
24088471	0.0105712503667551
24088860	0.00134841503181296
24090670	0.00738096961319229
24091490	0.0010732185446303
24091770	0.000964776315832914
24095770	0.0037392312836416
24095890	0.000967962575124049
24096170	0.000981757954886753
24096720	0.0240490228173195
24096751	0.0161864777883572
24098910	0.000956543662207197
24100030	0.00177629274026002
24100170	0.00173266426143165
24100211	0.00958728463876489
24100600	0.00101780947259679
24100850	0.00429589595769421
24101540	0.0329269219468976
24101721	0.00323325254507757
24102681	0.00166607137743992
24103210	0.000944426998742103
24103320	0.00101165753684957
24103641	0.0014581595565854
24103890	0.0219765774789824
24106401	0.0401105242940218
24106630	0.00171419566155425
24107180	0.00140564237186092
24108430	0.00240926746010377
24110230	0.00699465245576802
24110650	0.0723700300488779
24110780	0.00132560660697881
24110790	0.00201312923778883
24112170	0.0114831041988389
24112191	0.00112779781902579
24112690	0.00231104349297872
24113171	0.00352385400946931
24113981	0.00104242709022676
24114250	0.00236081292458582
24115391	0.00140618778961907
24115460	0.00184936137158973
24116000	0.00203725603209998
24116460	0.0345336424768567
24117431	0.00107468290337702
24119101	0.00195278286363877
24120720	0.0282940436748913
24121041	0.00300831385920132
24121120	0.00690970958422363
24121800	0.0039136777779042
24122210	0.0024134325376331
24122500	0.00130563272900541
24124570	0.000918980850887136
24124611	0.00202127377619337
24125830	0.00324923363072826
24126531	0.000935291756443324
24130141	0.0351685051973932
24130691	0.00158964916515838
24131921	0.00169110840127642
24132010	0.0520095860706832
24134520	0.00121726428919
24138541	0.00129137595284067
24139900	0.0300483287255197
24139921	0.00107773526016443
24140420	0.000930167533076207
24141701	0.00107677324978876
24142940	0.00535563999748147
24143740	0.00160559247137341
24145301	0.0181840139540599
24146421	0.00362896137605147
24146490	0.00117880285739047
24146691	0.00096160653792786
24147771	0.0782592037840407
24150131	0.000972817666072274
24152071	0.00107985625024865
24152351	0.00295383669869307
24154630	0.0127786982010764
24157571	0.00497277449860436
24157851	0.0016087472001746
24162090	0.00158565786714717
24163860	0.00101819392402708
24166480	0.0139878703762079
24166910	0.0297123021161352
24167060	0.00104733173795876
24167310	0.00128987879386221
24167590	0.00103793301599979
24171091	0.0143267582893578
24171200	0.0151539210103373
24171210	0.00288348674761066
24171241	0.00119822967592412
24172410	0.00192421562479376
24173161	0.00124394890272525
24173390	0.000945499642860826
24173930	0.000935291756443324
24173981	0.000935593614326021
24174500	0.000999663539453531
24174520	0.00102515405949962
24175101	0.0297472413604129
24176130	0.00299599245159334
24177260	0.0015176753494076
24177800	0.00203053339984347
24178801	0.00157972968129761
24178920	0.00130002196895271
24179241	0.00129109811888555
24179651	0.00163110445742946
24181130	0.00339022021329746
24181250	0.00113967804645159
24181270	0.00114133977634147
24181981	0.000994837913176495
24182401	0.00691889744417141
24185291	0.00121923170298096
24185701	0.000948981075322265
24186961	0.00116224051703198
24189240	0.0126245469272474
24192300	0.0210398366500074
24192680	0.0018802268421371
24193400	0.00102904784049947
24194340	0.00102677503088587
24194760	0.00102765575140134
24195470	0.00115507987367218
24195631	0.0134387940402745
24198070	0.00221270203692726
24199030	0.00455951292667023
24200990	0.0160243570293642
24202780	0.00546391496835055
24203091	0.00140463829960572
24203511	0.0119347974875061
24204550	0.00145583043491402
24204960	0.0021762375723374
24205011	0.00149672272741351
24206900	0.00219221129669114
24207610	0.00683737195209857
24207931	0.000968429491481121
24209100	0.000969952522258167
24209120	0.00228919860710327
24213441	0.00124192133538758
24214760	0.00098191371131955
24215091	0.0027930824567502
24215761	0.0305502448072575
24217031	0.00121944894571748
24219300	0.00109617250536422
24219491	0.00204230147978786
24219720	0.00257731048568474
24220430	0.00229349682375864
24222200	0.00141124732624361
24222391	0.00138871872316155
24222790	0.0104111462183246
24222801	0.000933618654955464
24223320	0.00123903095456233
24224270	0.00102644717267116
24224731	0.00159336369407739
24225141	0.0183944316796819
24228150	0.67924253739314
24228170	0.00103683367796328
24229571	0.000918980850887136
24230661	0.0437681783360907
24231091	0.0136282310024647
24232400	0.00105091275454496
24232451	0.018257040769566
24234961	0.513018811515413
24236540	0.0114916878805551
24238620	0.00382184422537392
24239901	0.00513708022161858
24240720	0.00099716856984228
24243160	0.00347215233381627
24243720	0.000977139924843008
24244020	0.0701749669452009
24245400	0.00233410923803862
24247330	0.00348572771165871
24247491	0.00176959459852413
24247870	0.000947737433152032
24247901	0.00117822847719503
24250241	0.00601627463775664
24251361	0.000945628082059872
24251621	0.00248941451837916
24251911	0.00107188281413155
24252300	0.00220381390014922
24253851	0.129528678775736
24254750	0.00286924268711605
24254791	0.00405911587302936
24255850	0.00244754458750272
24256260	0.00313615836926178
24256591	0.0190753367280822
24256710	0.00258958136502849
24258101	0.00155465373936451
24259580	0.00364801799546808
24259901	0.00134832840140546
24260300	0.00522539836727101
24261301	0.00673371731147661
24263320	0.0126538378672331
24263580	0.0096575133695759
24263590	0.0134740687088787
24263720	0.00431499564446312
24265161	0.0078307781553636
24265920	0.00338569184302919
24266121	0.00168533679024196
24267511	0.00113575904481911
24268120	0.00115943664672544
24270821	0.000973894671885181
24270890	0.0020717782262625
24272120	0.000968667419472924
24272550	0.00229767741869772
24273301	0.00158735856164531
24273540	0.00109780229696373
24273831	0.00736059357387028
24274931	0.00501421925062264
24275300	0.00139141210749741
24277120	0.00190375176973363
24278230	0.00271881982050327
24278620	0.00207818310087759
24283860	0.00196016546484644
24284451	0.0018074458512474
24286391	0.00181301592977318
24286510	0.0159353391012506
24288540	0.00207238859176361
24289291	0.00605956581679925
24289301	0.00111499281738653
24289431	0.00749216956256239
24291361	0.00821918377532259
24298080	0.00199621005621585
24302210	0.000993914829302899
24302630	0.0423404940367163
24302890	0.00301342190030981
24303081	0.00232269031723356
24303491	0.00101250337028698
24309701	0.00183447714422878
24316680	0.00480957620534506
24325240	0.00189961279969402
24327290	0.00196759309296476
24327621	0.00160341657849823
24335501	0.0019356879518545
24337390	0.00506231467656248
24344290	0.00182516598177092
24346460	0.00192231846734754
24351450	0.000918980850887136
24352560	0.000940361115830715
24353401	0.000997788286040606
24357770	0.00274188388744492
24362360	0.00314177705080387
24362630	0.00168682040326136
24375590	0.0998847187220171
24377100	0.00212420675477912
24379491	0.00101124192396461
24381390	0.00242436309486604
24383140	0.00189025492162062
24383881	0.000930714598691941
24384810	0.000941364078162836
24389541	0.0114351806541348
24391710	0.299654195960374
24392420	0.00107938032491944
24394770	0.00466802353367265
24395450	0.0141160274052115
24395710	0.00128356457728932
24399881	0.00223508775008059
24406781	0.00413380342485547
24408130	0.00167088660852473
24409900	0.00811891938624465
24411061	0.00100785879578559
24412851	0.00170131562787511
24412861	0.00295649666666497
24419331	0.00274923808961278
24424140	0.0126927144382779
24424581	0.0011556702416513
24426661	0.0184385750128801
24434330	0.00112819904215414
24442030	0.00101906427576752
24444581	0.0165222895449894
24450860	0.00589257680816914
24460270	0.0112529817247886
24460660	0.0149187026534734
24465900	0.00176315915207093
24472301	0.00300003363958153
24474350	0.00108418634491549
24475010	0.0961956248192283
24476810	0.000993696177258621
24478870	0.00217638178177003
24484110	0.00857134627458243
24487280	0.00594941213207905
24487471	0.00103193499696389
24493360	0.00211664625140514
24498450	0.00893873984396736
24499751	0.00150139253177346
24502320	0.00865442981808235
24507321	0.00238017961323388
24508120	0.000985186288774396
24508701	0.00457579901396608
24522641	0.00109879524099154
24523440	0.00127074140749083
24537230	0.0033136836826901
24550091	0.000985939698196443
24553230	0.00216415390453128
24560991	0.0243214425075507
24561340	0.000972620728142015
24565261	0.100013812330121
24566470	0.000969270500100605
24571000	0.00356534251287585
24571700	0.00390857514816931
24573340	0.00409865038018064
24575311	0.00298868134274193
24576650	0.00096059541148415
24576680	0.000967709015806344
24577510	0.0261527125501673
24580831	0.00402050046171086
24586160	0.00143732562773209
24588151	0.00100775524476989
24589500	0.117464411270791
24590091	0.00252832867051038
24590470	0.00108277863623087
24593910	0.00104038872003942
24594990	0.00227012090915053
24597360	0.00288414224656547
24597460	0.00133579729596337
24604701	0.0167270522895497
24610180	0.00100913360483073
24610641	0.00186869574978021
24614901	0.00106816663851669
24617241	0.00594056757401263
24618201	0.00139766634348868
24620961	0.0138797409046036
24626501	0.00257726797615295
24626730	0.01335539362863
24632400	0.00254351386071905
24634300	0.00434841517469368
24639000	0.00259992809655875
24640080	0.00459278802359392
24652131	0.00358975961040258
24653870	0.0748619325511212
24655670	0.00890377461623699
24660490	0.00196645350656019
24665360	0.00118614023471151
24671810	0.00173637418411252
24674761	0.00341718240402431
24675301	0.000940426357856946
24681931	0.00226963756432664
24684800	0.0128417432189822
24686631	0.00109176241762072
24691800	0.00124193447998371
24691820	0.0592402046455064
24693910	0.00186686621364698
24695390	0.000966087830689263
24701770	0.00306586158871168
24706621	0.00104729361413653
24713101	0.00173922941212809
24718000	0.0759239145624519
24721470	0.000953557704941467
24723380	0.0109870697768572
24724131	0.00115670200307543
24731790	0.020811545425964
24732370	0.278246124337815
24732790	0.0177644794975525
24742140	0.00716192838632929
24744660	0.000948945884040681
24751940	0.00684088110600035
24756961	0.0224981804412953
24760780	0.00190774366588399
24767140	0.00209587756771409
24767820	0.00226135728017022
24768391	0.000934478309120993
24770570	0.0052135472038719
24771370	0.00210014282858938
24771380	0.00417476033161988
24773900	0.000947233567991935
24777070	0.00440391297857803
24781491	0.00858100493218224
24791380	0.00266487683040757
24801440	0.199648774273199
24806820	0.00267109915693446
24811431	0.00709127223062504
24814830	0.00284142749217951
24815240	0.00730117633401328
24819021	0.0033746605309765
24821740	0.00500770934311406
24828941	0.000975450698721352
24833361	0.000942863007090381
24833450	0.00121186482878541
24837570	0.00177825645925681
24838830	0.00239137172805792
24840791	0.00111787767159032
24852101	0.00325820669531374
24860531	0.00274287310921352
24864470	0.014575329209069
24868510	0.00197162011012391
24870130	0.00315508829612337
24874041	0.00664263754187398
24878980	0.00136699606717097
24879100	0.000918980850887136
24880600	0.00305932686335956
24880760	0.00277156335448756
24881710	0.00265314750400491
24882020	0.0192632737061927
24889740	0.00631260689805111
24891131	0.00100922141311554
24895711	0.00127943072056194
24900080	0.00348253414250859
24902441	0.00101150330141896
24902560	0.00102232717272841
24906741	0.00133625699745864
24907670	0.00817657226067995
24913720	0.00270555972760962
24915670	0.00398485818037794
24916740	0.00610989985894669
24917880	0.00103316615288549
24921180	0.00282109942092921
24922570	0.0022970185003322
24924640	0.00334736888466678
24930250	0.0100099828578339
24931831	0.000956955613857006
24937440	0.00386241648406612
24939910	0.00103190135548129
24940620	0.0235202277871746
24941621	0.0039125396470875
24941901	0.00124453077003535
24942430	0.0112860559922255
24945071	0.00269409820920345
24945600	0.000984861946271928
24947281	0.00225819256800209
24947350	0.00318527662125756
24950130	0.0104168000919757
24952231	0.00112540088040202
24952760	0.00123207305940395
24954161	0.00185554954657746
24958601	0.00296874900936486
24958711	0.00160874631357475
24963800	0.00714459345481066
24968330	0.00163949576663094
24970721	0.000959410776669364
24970991	0.0294524838641325
24971100	0.00676887530907823
24971681	0.00095219581394839
24978021	0.00359340918917461
24978451	0.00232264147530766
24980521	0.00212301237320195
24980900	0.00322295286352817
24985061	0.00157789694489481
24987920	0.00242374079797206
24990680	0.0033363105421098
24994861	0.00344239372346474
25001351	0.0555841496060788
25003691	0.0030924952965965
25006420	0.0236996771976434
25008231	0.00217220323118635
25010560	0.0710549765113757
25012320	0.00175311484522622
25014960	0.00247722755561502
25017481	0.00112679227014347
25020210	0.0220148778950945
25021410	0.00325135970893695
25025590	0.00489926966202363
25030151	0.0019031504592591
25030830	0.00277171088957898
25036101	0.00251300995718286
25043541	0.00284983808337067
25048050	0.00115914726354721
25049040	0.00188382634208576
25054561	0.00157282676727931
25054701	0.000963235433736552
25057020	0.00107503678471906
25058421	0.00207654154753681
25067261	0.00118388637599731
25068450	0.0358793348389182
25070301	0.00172078495398393
25072771	0.0105990599931493
25077201	0.00143749180936177
25077300	0.00107235223075145
25078940	0.00220005621039111
25079111	0.00445179829604627
25079490	0.0029650677858894
25084600	0.0020160426992753
25086960	0.0925623467993634
25091811	0.00172631896627846
25093680	0.00211390789075297
25097321	0.000930714598691941
25100101	0.00310676839747479
25102691	0.00314619211829119
25104590	0.0940163162371759
25113130	0.00281416880219868
25113181	0.00740598340170823
25118390	0.000987270341678843
25124030	0.00426319961808821
25124040	0.00928496511551428
25130281	0.00388131111585014
25140610	0.00190724403236309
25154650	0.00143355468620765
25155200	0.00248900703582723
25160290	0.00367776171819841
25161820	0.0156815452506063
25162110	0.00180117718537268
25166380	0.00612153608630027
25167080	0.000930714598691941
25169041	0.0033013714763975
25170250	0.0032795734948192
25171521	0.0106144634849557
25173960	0.0244001287622091
25174971	0.00511229507196518
25176840	0.00277103403503883
25187900	0.00682702906750226
25198950	0.00151341348313703
25211521	0.0425851802261919
25213311	0.0013547333985354
25222500	0.00617904046224186
25224450	0.00497389964370045
25228300	0.00206609125248493
25231870	0.00135745749968864
25245571	0.00888817594371784
25260430	0.0107700432430748
25265800	0.00245166938702711
25274421	0.00149401474227122
25291070	0.0065260969380436
25299490	0.00237392571046289
25301930	0.00101812088684679
25304211	0.0188302754986687
25308010	0.00347245623945367
25311781	0.000918980850887136
25318790	0.000977811748388873
25332410	0.0413111081814496
25339791	0.00248508399032901
25344160	0.00442642244933738
25348420	0.00159079470271008
25356700	0.000937442633256328
25363860	0.00211831022755439
25380970	0.000918980850887136
25383990	0.00451590244710471
25386121	0.00225691308974149
25402490	0.00180597469019474
25405090	0.00315404769735471
25408321	0.0125850441373486
25413281	0.00703981254383642
25418811	0.00462402133324687
25425400	0.00101344336428627
25435050	0.00274320496395274
25441640	0.00189618415121717
25443091	0.00175398345446657
25444570	0.0302856237780249
25448321	0.0064302850070708
25455761	0.000930714598691941
25457561	0.00092179301146957
25459300	0.00194739155344489
25461281	0.00218021160979613
25467170	0.000990097976827719
25471901	0.00187436131702895
25473120	0.00838077740356116
25473220	0.00107873656227251
25478750	0.0191837396427459
25482371	0.00168851831247307
25485540	0.0245553764178349
25494050	0.0060183711729135
25502220	0.00214631911720393
25511020	0.0593028773610244
25511850	0.00191892868709303
25512970	0.00287910118401703
25516861	0.0995984635881639
25525920	0.00272808349155531
25530600	0.000935291756443324
25534241	0.00208840348216748
25536150	0.00173508263382173
25538251	0.00130763592657292
25542620	0.0010370207243712
25553390	0.0266527055608836
25555560	0.00113309879053013
25557210	0.000973950264948116
25559460	0.0022205472094469
25562781	0.0157717926958064
25563621	0.00183119395077475
25564171	0.0011420445851729
25564581	0.00838257419153365
25566050	0.00104529090334065
25566381	0.0114556062778785
25570801	0.0026987875936642
25571071	0.00246096789379709
25571211	0.00101568714958521
25572871	0.00107632908987219
25573080	0.00401587667794562
25581401	0.00494722752850009
25582511	0.0163787619207608
25583000	0.0068661144074834
25588181	0.0141881356611208
25588250	0.0766810156155338
25596140	0.00129549112380359
25596680	0.0027521465619058
25597271	0.000974893190846129
25597360	0.000992259639518955
25600540	0.0127464726771616
25601100	0.00232795551328839
25609821	0.000950393325639153
25613220	0.00243680720321087
25615830	0.0274844356685721
25618740	0.00103223457577003
25625141	0.00530452193081914
25635010	0.00137296772047823
25640431	0.00183912180681221
25642760	0.00111585962650822
25646511	0.00340273591932271
25649750	0.00146290507667067
25649941	0.00218951973801575
25652670	0.00112976607535147
25656270	0.0207373011006613
25657060	0.00170691348649845
25658771	0.000990922482654256
25662860	0.00909519794072782
25664650	0.00287474142149268
25664950	0.00116753371498152
25665760	0.000918980850887136
25669541	0.0208297774828117
25674371	0.000989659104026608
25675280	0.0161611952553196
25675341	0.0075892916407571
25675410	0.00121676638380279
25675980	0.0105959085342387
25676920	0.000918980850887136
25679550	0.0198439504249636
25679891	0.0151688809759851
25681350	0.0251955534161742
25682081	0.0036316585529721
25682631	0.00488582416350483
25682921	0.0010648400539465
25683731	0.00261609295683148
25687960	0.00671252153915541
25688920	0.0025832623906485
25689521	0.00197980372434085
25690480	0.00291215670414648
25690781	0.00475531983983529
25698990	0.00477731979918227
25700960	0.016803672161068
25701060	0.00355648494313688
25703751	0.00165421734272305
25704161	0.00572859826762704
25705340	0.0240403557244907
25705760	0.0123873209320845
25706020	0.00102473011448968
25706850	0.00237913022617415
25707430	0.00101655339316616
25708141	0.0011193637877763
25708230	0.00299553563065514
25710570	0.000952220030264129
25713941	0.0190315137071749
25714221	0.045858987425607
25714501	0.00172913572702488
25718310	0.000932854959310457
25719840	0.0123918870642063
25721401	0.000918980850887136
25724390	0.00310525672650002
25725370	0.0048647020740171
25727270	0.000933819304287012
25727960	0.00377452704333549
25729480	0.00133681468136239
25729890	0.00718956191510946
25729900	0.000954459350004006
25730710	0.00167883110517705
25731321	0.00300971563228996
25734720	0.000968667419472924
25736961	0.00421834163661224
25738750	0.00968930838607024
25741681	0.0248652971341405
25742860	0.00269947654286089
25742980	0.00103253337609102
25744831	0.00255027459450293
25745780	0.00180306065189247
25746040	0.0082225097109978
25746740	0.00219471513315649
25747000	0.00510030968571309
25747540	0.00111329310575295
25747990	0.000928113647699071
25750750	0.00524864710067163
25751960	0.000935291756443324
25752291	0.00196537973322523
25752370	0.0011740293474631
25754290	0.00128548849270418
25754590	0.00373123692404388
25754921	0.0059679062967428
25755331	0.00105536250605431
25756090	0.00181307828213308
25756930	0.00588257937675114
25757251	0.00319920486260591
25758060	0.00311273341535678
25759160	0.000947499852792038
25759960	0.00970792970700585
25760571	0.000958114944430976
25761080	0.010302161963733
25762040	0.00102202668438947
25762450	0.00623142309907148
25762470	0.00135555785405369
25763550	0.00141354178022702
25766570	0.00239090390231081
25768530	0.00116079100317051
25768851	0.00111413591969077
25768910	0.0581211377251222
25771400	0.000918980850887136
25772161	0.00100006025738965
25773900	0.00235939925414322
25774720	0.00104425640618344
25774751	0.00104600290646603
25774911	0.0010840689792694
25775980	0.00290429080402413
25777511	0.00193240458357533
25777941	0.183342626190943
25780080	0.000964294623276163
25782470	0.0279427506408409
25782570	0.0212201269058614
25783191	0.00235329221735457
25783420	0.00259276611839656
25784141	0.0011232361682946
25784510	0.0195590273104256
25785951	0.00988115068701762
25786740	0.0019446181813324
25787721	0.00131407384505866
25788500	0.00248691121834653
25790030	0.00563755124711238
25791410	0.00257256850224772
25792080	0.00789999071828635
25794221	0.00176136756020337
25794980	0.0143772332342677
25795010	0.00100443048563052
25799950	0.00320932418443963
25802170	0.00125402554601128
25802631	0.00119602535149745
25803430	0.000997512175724134
25803840	0.00128131116091044
25804100	0.000963134186986556
25805360	0.00122770660178939
25805910	0.0650836403852448
25806720	0.00178998368882541
25807000	0.00224730632334486
25807430	0.00119038839480404
25807830	0.0084716303926185
25808001	0.00929773691841881
25808940	0.00311994014861196
25811120	0.00732216565669219
25811840	0.00237109175309585
25813330	0.0112567614782521
25813340	0.00208479301851493
25814901	0.00988271163131014
25815120	0.0147734104684417
25815181	0.00158735856164531
25818560	0.000918980850887136
25819161	0.000943914900381623
25821080	0.00204917220008731
25821101	0.00151261904269602
25821210	0.00149290429210447
25822570	0.00715147845394138
25827390	0.00223499300042091
25828131	0.000939963895334573
25829610	0.000949161737440367
25829740	0.00123669143559027
25830191	0.000966087830689263
25831140	0.00331940239792711
25833801	0.000918980850887136
25834710	0.0036371145238039
25834870	0.004198247828921
25837101	0.00241296723846071
25838590	0.00283589452921765
25838761	0.000947233567991935
25839810	0.00192711148237269
25843041	0.000948713544756859
25844350	0.000935291756443324
25845050	0.012225344739566
25845511	0.00100818755160059
25848110	0.00677838733757075
25848490	0.00151266348616136
25850570	0.0011854855563103
25851950	0.00696129058840841
25853101	0.000956646870384948
25856821	0.00278954314021889
25860080	0.00198611548859635
25862170	0.017610940478326
25862320	0.000961249814232462
25864261	0.000953768638714252
25864401	0.0664091439489117
25865330	0.0222552648163757
25866621	0.00166538762915441
25866850	0.0012934223981343
25869511	0.000968667419472924
25869890	0.00212316387862979
25871970	0.00541294113935807
25872760	0.00179560279366291
25875130	0.004521297245842
25875550	0.00910236111751484
25875571	0.00158489114630909
25876561	0.00103115681072085
25876800	0.00242580944482557
25877911	0.00225345924578441
25878741	0.00314183275978653
25882201	0.00287912581261071
25882550	0.00108833536564487
25882901	0.000974270097114965
25883380	0.00614858553595435
25883670	0.00128293445493754
25883800	0.00105120861708322
25884121	0.000988080309637416
25884380	0.00112064438431581
25885521	0.00135249290585464
25886730	0.0224543357177982
25888070	0.00105490275582357
25888141	0.00271965707275264
25888360	0.00108414496291437
25888500	0.00420935193465614
25891181	0.000918980850887136
25891670	0.000968667419472924
25891790	0.00664494787343299
25893180	0.000987997517699313
25893190	0.00106775580181383
25893890	0.000918980850887136
25894320	0.00308274551306244
25895680	0.00105293737409448
25895820	0.0110158025280656
25896070	0.000933048030972178
25897180	0.00341566752824841
25898040	0.000931209685051038
25899520	0.00232666969990827
25900780	0.00102720120220432
25901740	0.00316768356537473
25902010	0.000918980850887136
25902611	0.000956646870384948
25903291	0.145476738948701
25903451	0.00293133100958139
25904240	0.000918980850887136
25905521	0.00144114148834077
25905631	0.00101906427576752
25907680	0.00152989973649289
25907810	0.00108740991431157
25907861	0.00788448567675264
25908360	0.000953768638714252
25909460	0.00139313215907291
25909490	0.000940913210912136
25909911	0.00421179530875109
25910690	0.00104203844404397
25912281	0.00115091345462362
25913890	0.00849879769367738
25914061	0.00134004663249618
25914270	0.0026664276754782
25916210	0.0021115929345833
25917310	0.0046169131710071
25917720	0.00370415157946295
25917890	0.0714987717163341
25918051	0.00114756293399192
25919100	0.00335593080633858
25919680	0.0135901032956234
25919861	0.00186752927636443
25922331	0.0021772464246937
25923240	0.0799938041971347
25923690	0.0026420196099151
25924490	0.000918980850887136
25924831	0.00302541017013202
25925200	0.00118973441574961
25926010	0.0012609257180824
25926980	0.0273100001630702
25927571	0.00190435490549122
25929781	0.00232892247168683
25930010	0.00661087416244947
25930040	0.000968667419472924
25930860	0.00104625928262422
25931031	0.0017529135707181
25931100	0.000963035778717946
25937221	0.000918980850887136
25938570	0.00413435129590434
25939800	0.00177332764416342
25939940	0.000945204009363701
25940551	0.0024225155714575
25942321	0.000909270901725868
25942690	0.00197005626048272
25942881	0.00306693063486696
25943171	0.00179138266837891
25944411	0.00154751961524459
25945221	0.00202675838960864
25946170	0.00410831327950222
25947950	0.0133840446804559
25948900	0.000935291756443324
25949060	0.00153012351852765
25949170	0.0013422239511354
25950621	0.00226367020614926
25951161	0.0012860735909573
25952790	0.0364518767087274
25953491	0.00186523118150215
25954280	0.00105474253121841
25954430	0.00170251058530497
25956001	0.00190753617948987
25956100	0.00107675589657888
25956681	0.0258777384656905
25957771	0.00399864930517164
25958830	0.00103937755833144
25959021	0.0101753278768729
25959920	0.000930714598691941
25964121	0.0199371658681294
25965030	0.00104229007223853
25965091	0.0234087150906958
25965351	0.0229122682212924
25965371	0.00291917449804862
25967841	0.00193157840005545
25968490	0.00105440370152781
25968531	0.00303140843247065
25969241	0.0010602514867956
25969310	0.00147661994561511
25969330	0.00129714822301584
25970181	0.00235765950596921
25970881	0.00165286264550752
25971270	0.000931209685051038
25971831	0.00190708977776068
25973610	0.00161636143762313
25974051	0.00189256048016895
25975120	0.00218508184635524
25975260	0.00359590599478132
25975291	0.00171755092476585
25975380	0.000960785889855905
25975790	0.0168064420755507
25976060	0.00128215600530786
25976541	0.00249746097498143
25976630	0.000983877690339307
25977850	0.00139031647457911
25978451	0.000918980850887136
25978570	0.0467965202299907
25978580	0.000935291756443324
25978700	0.000935291756443324
25979120	0.00110560449955975
25979680	0.00235025643268003
25981050	0.000973286386925147
25981651	0.00199946778142788
25982051	0.00108630771997086
25984521	0.000945985321501824
25985460	0.0192172070691033
25985511	0.00118169052937144
25985641	0.00408182501230787
25986990	0.00290547026852826
25988080	0.00380819551619308
25988610	0.00103605807840673
25989101	0.00223559285763676
25990471	0.00201986196100338
25990960	0.00098826168439695
25990970	0.00165286264550752
25991930	0.0018448781991795
25993221	0.00249567808394094
25994440	0.00107020509510292
25994451	0.00266540174048054
25997020	0.00114208040910482
25998300	0.000955036581303436
25998331	0.00104781411886826
25998540	0.00111224322557996
25998840	0.00547685346249715
25998960	0.00118449858526475
26000610	0.000985645898434255
26003540	0.00564990751528827
26003561	0.00529063115437588
26006400	0.00254753886018904
26009570	0.0023174634724788
26010461	0.00103979429474272
26011920	0.000918980850887136
26012620	0.00279860660530598
26012640	0.00118678315698994
26012661	0.0010033865430944
26013091	0.000951252158267411
26021621	0.0021786926005832
26028360	0.00312400253826297
26028931	0.00241277803426552
26031711	0.000977538305126341
26033730	0.0207648963663861
26039930	0.0038556792382967
26040521	0.00585215658568946
26044811	0.00099223262625563
26045710	0.0241653339281035
26045720	0.00211205487871986
26048090	0.000938411716316521
26048880	0.00830908379458761
26049481	0.00163422394282391
26049631	0.00166297231201985
26050950	0.000951178033759748
26051110	0.00502500727934095
26057211	0.000918980850887136
26059250	0.00374851249963638
26060941	0.000930976244032915
26061020	0.00107733471691836
26062051	0.00289870909184415
26064391	0.00532384620040176
26065771	0.00176213874656082
26067530	0.00256776130146912
26067800	0.00133994985011266
26068080	0.00178447982577469
26068791	0.0036542519097604
26069840	0.000956646870384948
26070731	0.0231164015856457
26078861	0.00138586404099788
26079001	0.00566706441404616
26080480	0.279365916846525
26085150	0.0172962064151543
26086970	0.000947539276342793
26088231	0.00673144411480355
26088801	0.00168121061010486
26089600	0.00440218586943793
26090020	0.299796224775002
26090051	0.00119911493461221
26090680	0.00128120341937416
26090851	0.00129815307256429
26091100	0.00105073527690891
26095660	0.0403603327384649
26098800	0.00235888863763312
26101471	0.0015626348136645
26102171	0.00201223440228383
26106601	0.00232476403534507
26108371	0.00252662362532575
26108740	0.00227333950162272
26110530	0.00105988097787797
26110700	0.0030095784001635
26110940	0.000972560888298972
26118690	0.0112023242687972
26119520	0.0233213348945472
26124910	0.00320409552572183
26125471	0.0037164941125241
26127561	0.000972599787163547
26128241	0.000958114944430976
26129700	0.00160057036712535
26130270	0.00573900177502967
26130601	0.00100779276400979
26132210	0.0106968551567094
26145051	0.000930714598691941
26145710	0.00589348287662918
26147790	0.0804464007540473
26148050	0.00130456175005513
26148801	0.000970820391720156
26158420	0.0020110922563529
26161211	0.0218373382680456
26161310	0.0021423148495621
26166970	0.00293367729379193
26169430	0.00333136481601562
26172730	0.0016061915061228
26177300	0.000931209685051038
26179500	0.00143237785212441
26180180	0.0303672013865492
26182161	0.00256469300772902
26184921	0.00127811822434378
26185450	0.0058127321108806
26185690	0.00152956360147913
26185761	0.00103988554871754
26185850	0.00113079585969718
26186400	0.00102337717888139
26186680	0.00173315508909652
26187650	0.00199675981427335
26187780	0.0130254526693647
26189440	0.000936491474910192
26196760	0.00579979657280161
26202441	0.00173388138469247
26205570	0.00181857184447594
26209481	0.00858797201346078
26213840	0.00773207563947485
26217601	0.00117012772468053
26218100	0.00161270590495135
26220081	0.00354263688618722
26220641	0.00109648091007469
26222100	0.00724838320307238
26222800	0.00247460636754995
26223770	0.00558976486739073
26225420	0.00310427764466082
26231370	0.00185348602855543
26232440	0.0118280295142393
26232501	0.0080430659950639
26234161	0.00335845682961165
26234550	0.00251762138912725
26234861	0.00343288545751506
26236900	0.00444867851017728
26237181	0.000978281900094414
26237321	0.000933562632002035
26237410	0.0139727301302137
26239271	0.00284050524226892
26241280	0.00126140619705256
26241700	0.00163110591902766
26242240	0.00103986370517853
26242421	0.00296990676465495
26243411	0.038417717947838
26248081	0.00101560682397315
26249461	0.00639510162567959
26249960	0.00319015128099054
26251230	0.00461389789525532
26253061	0.00407129278079125
26254800	0.00491479932507342
26256211	0.00117664015200119
26256340	0.00103642458086908
26258000	0.00708405755628383
26258991	0.00100704752612706
26259111	0.000939963895334573
26260081	0.00291108843369247
26261611	0.00675643322903895
26266810	0.0012851225540996
26266960	0.00604656729802362
26269731	0.000935291756443324
26271620	0.00100022450123806
26271920	0.00117161301147134
26273170	0.00225873501219922
26275770	0.0229108128819734
26277710	0.000953912073407641
26278011	0.00232546278869917
26278301	0.00109948185634858
26279790	0.00292569128694866
26281550	0.375117278059004
26282540	0.00470966131621305
26288720	0.000986368484316155
26289820	0.00124925983029263
26289990	0.00093669654797113
26290301	0.00122378703897536
26291671	0.00100207682806311
26291951	0.000999445946846481
26293171	0.36746679697193
26299190	0.000940096835409167
26301201	0.00170142163103783
26301420	0.00175179858782556
26310920	0.00229624223569874
26312231	0.00204946748685373
26313471	0.00130102114961398
26315801	0.00315218203814369
26316091	0.00706016632497926
26316190	0.00200087730582388
26320091	0.00577015791787052
26322431	0.00116064071923816
26324020	0.0038685197667749
26325670	0.000951722003220392
26326500	0.00582980866506069
26326670	0.00112397022266087
26326961	0.000968667419472924
26327101	0.00247173865145676
26333840	0.0150868526784225
26335900	0.00204089955198821
26338360	0.00234679098410689
26344840	0.00267696119761147
26344901	0.00097176957237718
26345181	0.0409555799897568
26345260	0.00256265112467907
26345311	0.00170542999172489
26345731	0.00331896164397429
26345820	0.0010204604166263
26346400	0.0146898970010909
26347880	0.00190751808301789
26352201	0.00353698542998917
26355740	0.00110466593501216
26356730	0.016668308441023
26356990	0.000935291756443324
26357191	0.00171085915459775
26357700	0.000918980850887136
26358910	0.00112273384637489
26361000	0.00261126693605616
26361710	0.00208664628288158
26365840	0.00753084314622986
26377161	0.000943099425884448
26379320	0.0076180119701553
26379811	0.0261254674364145
26384440	0.00608022283501776
26385601	0.0546794525167146
26387500	0.0114707598983824
26388621	0.00302166243430345
26389191	0.00440197174344767
26389420	0.00553062219860907
26392501	0.0168068582736568
26392631	0.00100821048332349
26395091	0.00184347646525501
26395791	0.0642638495791057
26397150	0.00170181163757919
26399750	0.0012733965108749
26400590	0.0282997607929175
26400990	0.00126333601250389
26401010	0.00122803009266089
26403480	0.0044858024390128
26404290	0.00301724781043622
26405570	0.00149008066724168
26405711	0.0158289973056431
26408560	0.0403484348595601
26412010	0.0025395902262015
26412180	0.00345011837658337
26413010	0.00223498869985646
26413871	0.00111257225663442
26415880	0.001252476483037
26422640	0.0058494033399138
26423791	0.00106673117946265
26424580	0.00359679384375871
26427910	0.0158481501308566
26428201	0.00104395690261464
26429800	0.000930714598691941
26431900	0.0018111776117534
26433010	0.00127492593318462
26434271	0.0010304411996654
26434401	0.00400368303228036
26435770	0.00179745150751718
26435870	0.00593083241084032
26437280	0.00660592604294149
26437410	0.000935291756443324
26438500	0.0594791684223746
26439630	0.0012253652653342
26440010	0.000996181820102754
26440160	0.00113082114404572
26440320	0.00139610814516969
26440980	0.00348289819697539
26441041	0.00324756754273914
26442110	0.00101107005067333
26442360	0.00314444829467694
26443361	0.00719599127529517
26443931	0.000979662886364006
26444881	0.00150447070771992
26445810	0.0706730495481263
26447460	0.00119416891083298
26447610	0.0011594549952402
26450001	0.00163335094210541
26450650	0.0334378402959225
26451080	0.00133774161221587
26451210	0.00170266872149792
26451320	0.0176276177378011
26454110	0.00222006160309485
26454951	0.0024191647048505
26455080	0.0027524205711574
26455200	0.00407078986709426
26455251	0.000937782101258207
26455801	0.00102065370468722
26455900	0.00105427487645114
26455931	0.0010849699600522
26457120	0.03877691291442
26457140	0.0168709824016695
26457420	0.001024357969672
26457540	0.00186588541591193
26457851	0.00468145764208506
26457930	0.00203744835935722
26458230	0.00450433059702863
26458401	0.00104226176391244
26459791	0.000970637240097863
26462671	0.00102475079500582
26462691	0.00145309483680974
26463200	0.0074819117991552
26463641	0.000995421143169529
26464570	0.00180814964846989
26464631	0.00128907526648804
26464700	0.0922043495662756
26467241	0.0174440308690209
26468331	0.00216933995639829
26469380	0.00179678731402439
26469660	0.0016756461801351
26470411	0.00138747063489262
26470421	0.00184876296579916
26471101	0.00115082140136217
26471221	0.00100162419718396
26472290	0.00215006126290615
26473161	0.00129923539964767
26473861	0.00734787819504614
26474660	0.00114088624850957
26474671	0.00871670482658506
26475190	0.0721485035222256
26476481	0.000930714598691941
26477181	0.00232030461801072
26478520	0.00115016569092031
26479651	0.000958114944430976
26480840	0.000918980850887136
26481021	0.00157843658267511
26483040	0.00128333656598021
26483630	0.00267009642606005
26485130	0.00172877687306366
26485581	0.0365695296013158
26486360	0.00136968955713077
26486780	0.00140044510640143
26487480	0.00101215197760491
26488430	0.00134940430367667
26489400	0.00126904640014914
26489650	0.037911006962465
26490391	0.00100535419651477
26490630	0.00116444424538685
26491070	0.00128005785298052
26492611	0.0012390538444002
26494370	0.0415386991304174
26495030	0.0110948760754617
26495241	0.000969892346983893
26496690	0.00110240963958602
26498080	0.00137486852210473
26498650	0.00196674258060598
26499501	0.00315507055725556
26500150	0.000947737433152032
26501530	0.00647114654674144
26502411	0.0251756678928036
26503040	0.000989576909437225
26503900	0.00103932013804746
26504481	0.00343031223469073
26504560	0.0329747656321115
26506480	0.00278634222568582
26507200	0.0216404144962942
26507631	0.00211712583215487
26508481	0.00511816563561887
26509171	0.000970347879569532
26509530	0.0199685545174116
26509690	0.00131860922665687
26510401	0.00830565165040889
26511781	0.000983113234253361
26512280	0.00250158390987469
26512730	0.00311640118835573
26514391	0.00701659306104189
26515081	0.0028890742249567
26515631	0.00164114904018431
26515720	0.00117820268758797
26516621	0.00121616884766298
26517011	0.00420441483248301
26518350	0.00124570149788418
26521000	0.00572369157972545
26521581	0.00260473019447188
26522640	0.0106556076466215
26522831	0.00108414496291437
26522900	0.00266553801029478
26522941	0.0085079642723404
26523381	0.000978807628538134
26525140	0.00275828308426072
26525721	0.00335030472817961
26528741	0.0147314376592352
26529281	0.0173983459205455
26529390	0.00561231904648803
26531340	0.0161555220482729
26533400	0.00477450078752026
26537950	0.00222700887462108
26539040	0.00249848260991285
26539631	0.00512703635744609
26543750	0.00322254096057578
26545021	0.00654675240507649
26548280	0.00659694018618849
26548580	0.00166457634511632
26548601	0.0196264523361977
26549960	0.0292416713023441
26550210	0.028034879245439
26553841	0.0159065633877476
26559071	0.00118816023585877
26560280	0.0270866508682294
26561650	0.00208674653897678
26562770	0.00141572630001585
26563190	0.00300162251166449
26566890	0.00176627314101403
26569441	0.0272530731820462
26570401	0.00101153012571824
26574671	0.00329632421921278
26575231	0.0018922792336528
26578090	0.0012115236096345
26578401	0.0217464819241318
26579860	0.0702699878551077
26579880	0.00159746225154289
26580341	0.00576578894017292
26582391	0.126022527295338
26583730	0.0330611302371327
26585571	0.00105639859500841
26586271	0.00219639691124919
26588580	0.00442539196786977
26588970	0.0174037858787323
26590200	0.00696700015561241
26590360	0.00148136130272249
26593151	0.00118384394552062
26595570	0.00508183650857791
26596400	0.0044437853591382
26596980	0.0665919366551414
26600980	0.0017815590359373
26601120	0.000928244913337972
26601260	0.00111810708649315
26602521	0.00116686788080743
26604260	0.00216132746807187
26604300	0.00107099475185271
26605291	0.00188408481597947
26605530	0.000944586497159893
26605701	0.00878640631082209
26606370	0.00166290413048311
26607430	0.00123251494221403
26607730	0.00201766434422296
26609291	0.000922046450819502
26609411	0.00209164867132774
26609431	0.00448919319817141
26609780	0.000918980850887136
26610470	0.00135784149482974
26610880	0.00152454698802002
26611921	0.00460054073869892
26612280	0.000918980850887136
26615221	0.00095076840536581
26624010	0.00283605785220567
26625021	0.0447002156797317
26626391	0.00363511558092667
26629271	0.00410847201122214
26632810	0.00231785733580631
26633411	0.0024850674553153
26641161	0.00264914272166864
26641711	0.00193093549593841
26641770	0.00357884157763752
26641841	0.00260376488676074
26642251	0.00165479561759271
26642371	0.00483615605635117
26644290	0.000942327208193456
26646101	0.00168397574867586
26648471	0.00213187328376101
26649810	0.0414457669524413
26653021	0.00149565422572246
26653561	0.00304138705896936
26654060	0.00192061493207241
26654090	0.00449230066129787
26655570	0.000947233567991935
26655611	0.00147738903238275
26656400	0.00199509055793016
26657810	0.00169126366796918
26658490	0.00117513686207612
26662220	0.00305691735067647
26662750	0.000968321575008622
26662760	0.00157820729570548
26663061	0.000951306296815088
26665571	0.00233769650387434
26666060	0.000944586497159893
26666531	0.000951306296815088
26667180	0.00220415742265646
26667450	0.00147105910772132
26667710	0.000939313188485819
26668161	0.00110314778561397
26668871	0.00224961046431827
26670090	0.000935291756443324
26670740	0.00201254554399957
26671180	0.014899591454416
26671211	0.0561345946358464
26671720	0.00344098702233993
26671740	0.00224195704160084
26672120	0.00110352102167875
26673100	0.00180880939723953
26675290	0.067415299622342
26676020	0.00708137375909525
26678511	0.0638841649771829
26679840	0.015316452861373
26680301	0.00398745460933385
26681291	0.00139975214058627
26684120	0.00168972200682242
26684301	0.00265737632091787
26686620	0.000918980850887136
26689510	0.00148383150005951
26689561	0.000987369137433474
26691190	0.00108878610856649
26691300	0.00362657068866476
26691570	0.00241505837278975
26692171	0.00158788161564708
26692810	0.00210126209805823
26692851	0.0656764230598511
26694531	0.000994736277165158
26694770	0.0125864113854892
26694880	0.00187618437725535
26696461	0.00263398919750475
26696581	0.00108850932497404
26696731	0.0023026938382444
26697670	0.00193076972106237
26698231	0.000918980850887136
26699761	0.00130491836544335
26700810	0.000940569761300911
26700871	0.000976733061638536
26704051	0.0477703017451603
26704690	0.00154668975071463
26704711	0.000935291756443324
26707730	0.00157063913265052
26708000	0.000922046450819502
26709411	0.0011236729674594
26711020	0.000935593614326021
26712041	0.00528452592688517
26714590	0.000956915798903066
26715290	0.00105257501341793
26715460	0.00501604589543872
26716430	0.00101516923391813
26716830	0.0120460132284719
26717131	0.00243258359075038
26718870	0.00103261561676151
26720130	0.0873893429985935
26721001	0.00176327885180323
26721561	0.00205431764549389
26721940	0.00137968722478477
26722060	0.00155552670732646
26722080	0.00112344677701311
26724120	0.000961032030709864
26724311	0.000935291756443324
26725650	0.00105812717417065
26725841	0.00252779106394831
26726101	0.00155007218951974
26726791	0.00101164523172416
26727481	0.0592941561295596
26730371	0.00115783266371599
26731870	0.00124693287398604
26736991	0.00149414659440201
26737220	0.00130013733473453
26737770	0.00123110404898875
26738241	0.000944586497159893
26743730	0.00232861955967614
26743891	0.000979944146383149
26744321	0.00126601133306845
26744670	0.00233904307401552
26745630	0.00108600358771224
26746080	0.00158735856164531
26747160	0.00970497711309663
26747450	0.00179908926347151
26749370	0.00812012784862836
26750521	0.00275715204684925
26750791	0.00092179301146957
26751570	0.00914487609329241
26751741	0.0024863554408634
26752041	0.00239878346754505
26753001	0.00396591608826839
26753121	0.00135495002509499
26754050	0.00829605555012715
26755341	0.00686848443527952
26756550	0.00115606776877319
26756851	0.00238395805634581
26756970	0.00091652588380842
26758371	0.00135270895282364
26759850	0.00231401931065052
26760240	0.00510416649427045
26760260	0.00100973637245078
26760970	0.001021601740597
26762081	0.0019648196811947
26762361	0.00132358322204199
26762501	0.00216483178940465
26762630	0.00176128243142507
26762791	0.000995624482457454
26763061	0.0016695047439883
26764660	0.000973772457747753
26765401	0.000985373976954192
26766081	0.000918980850887136
26766900	0.0628640415823266
26768530	0.00285066070997389
26769070	0.0110148894711266
26770470	0.00212290873152756
26771881	0.000959114283057147
26772110	0.00108637221102125
26772960	0.0150385222295006
26775160	0.00309692357400617
26775560	0.000918980850887136
26775830	0.00165165344716664
26778200	0.00606473942218201
26780861	0.00439356767371246
26781261	0.000959837998518783
26781360	0.032241085056814
26781380	0.000935291756443324
26782340	0.00141285646665855
26783010	0.00209000435579146
26783280	0.00213098041906685
26785650	0.000974009814321811
26788021	0.00248119674259312
26788380	0.00452931536963402
26788670	0.00105660484877696
26789001	0.000984861946271928
26790511	0.00362686987210187
26792120	0.00276852880108705
26792930	0.00447934383722017
26793401	0.00139540987565244
26794330	0.00233858260508955
26795710	0.00221710067718828
26796151	0.00204091550749895
26796820	0.000966914288341343
26796991	0.0189250079968577
26797760	0.00997953553846811
26797831	0.000949519915135227
26800110	0.0528412846182241
26801141	0.00095537210870027
26802730	0.0010577924163409
26802740	0.00101680695220291
26802750	0.00107685244765958
26802760	0.000935291756443324
26803290	0.00118113037140828
26803471	0.00133290411112111
26803751	0.00145617356124829
26803830	0.00225965313063992
26803840	0.00663180624608742
26803901	0.00142999807352426
26804140	0.000953603981769565
26804721	0.00415921452761975
26807000	0.003198841550968
26809100	0.000929945887272815
26809480	0.00317325884322788
26812670	0.00129242544154671
26814470	0.00106978621403778
26815960	0.00103005029847012
26817121	0.00150018976465382
26817890	0.00113904933166227
26818590	0.000987480178535893
26819280	0.00115177532172123
26819891	0.00195636311014762
26820240	0.00119553526936992
26820950	0.00190941831323888
26821671	0.00103933584848291
26821920	0.00297154210138109
26824100	0.000954112726915757
26824171	0.00119282152622958
26825261	0.000959410776669364
26826720	0.00372177570173661
26826760	0.00137781099809817
26826990	0.000957292411241782
26828550	0.00165088352569357
26829750	0.00590268856746066
26829890	0.00116128414066128
26830050	0.00519598416734627
26830170	0.149342256297049
26831201	0.000975523578532622
26831310	0.00222486779648042
26831341	0.00124998054554633
26831830	0.0013937015709634
26831990	0.00106400183739736
26833240	0.254177808584125
26834990	0.00110151421725054
26835051	0.0012458944831843
26835601	0.000947737433152032
26835700	0.00095534095976441
26837391	0.0128724657293523
26837811	0.0029254837336372
26838211	0.00251528017890879
26838620	0.00205198645722811
26839030	0.0132381083514888
26839410	0.00363899972631067
26839461	0.00463684729812411
26839960	0.00109686370213989
26840281	0.000938411716316521
26840711	0.00530653162075102
26843020	0.00159926108278584
26843191	0.00110946748536526
26843461	0.0157567485378108
26844161	0.00100918929591437
26844281	0.00106775580181383
26844550	0.00445668269981863
26844650	0.00211131068423925
26845521	0.00111418614843082
26846320	0.00100927075571621
26846990	0.000944586497159893
26847741	0.000934932253538484
26847881	0.00798012380537791
26848390	0.000948593868034753
26848431	0.00539612604829693
26848950	0.104359224797582
26849220	0.00276035535507654
26852151	0.000918980850887136
26853801	0.00279939370447844
26855720	0.000970779893766516
26855990	0.00109548092289588
26856100	0.0197633572676047
26857640	0.00832204890378511
26858460	0.00397460395424647
26861131	0.00104422817420592
26861230	0.00293140632108691
26861271	0.00109006805541224
26861370	0.00682923443303805
26861610	0.00111600216844544
26861780	0.00209116828298022
26863430	0.00535988582336776
26863990	0.00417121352040865
26866781	0.00100141982043995
26871181	0.00106366222332914
26873470	0.0228850269936765
26873661	0.0049827630490091
26875160	0.000930976244032915
26875690	0.0011435047322133
26876441	0.00230458720086642
26880011	0.00203637541398342
26880670	0.0696235690242645
26881391	0.00273000850010234
26882340	0.00112028072258723
26882351	0.0108061063314316
26882491	0.0220212498658716
26883540	0.00376086769919735
26885811	0.00202601820623195
26886710	0.00389454042754356
26888120	0.00481785766895823
26888960	0.00216155685418733
26890361	0.00103115681072085
26890511	0.0119593950560315
26892520	0.00274799865900502
26892841	0.0102299497198352
26894860	0.00234760406068694
26895010	0.00363039596424607
26895400	0.000964386101775115
26895440	0.0154061656042556
26895820	0.00385110403480007
26896831	0.00174709775057017
26898030	0.000935291756443324
26898320	0.00105450965241583
26898440	0.00110863478032296
26899280	0.000963141246296238
26899580	0.00159184133417864
26899680	0.0177704221233313
26899710	0.00697169634513258
26900940	0.00251330050643373
26901910	0.0012441737348175
26904370	0.00220963859152042
26904561	0.00704673572420969
26904640	0.00228983067822806
26905791	0.072013503315621
26906081	0.000931209685051038
26906740	0.0616253671268274
26907751	0.000922046450819502
26908950	0.000947737433152032
26908981	0.00183632549119322
26909360	0.00535244463189454
26910081	0.00172426218583691
26910091	0.00268764477996998
26910440	0.00147435942607799
26910450	0.0018725785372009
26910921	0.00314717655357181
26912151	0.00788967625713979
26913200	0.000989644434980998
26915000	0.00384784489110937
26915420	0.00145059560112053
26915461	0.000918980850887136
26916110	0.00340287142144018
26916390	0.00136987050993726
26917640	0.00234592896859239
26918750	0.000967286239691079
26919160	0.00105917556579462
26919451	0.00238746626304779
26919861	0.000935291756443324
26921111	0.00276086280133275
26924100	0.0103019743005464
26924230	0.00096292342226349
26924530	0.00101746771200149
26925080	0.000959837998518783
26926341	0.0010138221838576
26926880	0.000939870023842695
26928421	0.000977172634114738
26928500	0.000934502079169881
26928691	0.00364451261279988
26929620	0.106493413333997
26930850	0.003388418119388
26931441	0.00374713269178367
26934460	0.00239199103707851
26937371	0.00248411975881756
26937951	0.00236286579556329
26938160	0.00171535952040395
26938201	0.00553732347276301
26938211	0.00148762368195103
26939331	0.00205905540035759
26939430	0.00303697347081158
26939570	0.00102998740152425
26942720	0.00333426443478532
26946590	0.00257513433985748
26946621	0.0125555715028833
26946781	0.00222203008237712
26947441	0.0035194603845432
26947560	0.00123966525938291
26949391	0.00970862735850987
26949740	0.00129666485048284
26951581	0.000918980850887136
26951850	0.00094138538780141
26951861	0.00097643856788972
26951871	0.00632110133654397
26952390	0.000918980850887136
26953511	0.00190384734635165
26953610	0.000987862352714377
26954071	0.000949718291824427
26955540	0.000993333344939629
26956770	0.00313512815100443
26957610	0.00112859017741802
26959451	0.0832446788766526
26959560	0.00727226206664307
26960431	0.000973780830825075
26960541	0.000991806193739025
26960821	0.000994837913176495
26961870	0.000980131313902302
26962600	0.00187061280943516
26962710	0.124781003330378
26963591	0.037667212439227
26963810	0.00431835999788967
26964230	0.101539028248277
26964640	0.0014516796965867
26964950	0.00117488818948506
26965121	0.0163441152939942
26965261	0.000932215593464647
26966621	0.00166543946013315
26966730	0.00131232169667974
26967830	0.000918980850887136
26968001	0.0011503594205211
26968800	0.0101607144582619
26969791	0.0272608153466358
26973070	0.000951233343344187
26973111	0.000925158936941687
26973460	0.000995787339269799
26973671	0.00510578722981717
26974450	0.00131330495193028
26974621	0.00273275043948064
26974710	0.000972888958952585
26975000	0.000997154236489511
26975871	0.00105870256264531
26976120	0.0010542886347334
26976701	0.0010124567817849
26976790	0.0117923747963066
26977600	0.000997007371903892
26978560	0.00796030994542902
26978980	0.00118663951315627
26980220	0.00131519171742702
26980670	0.00359902577603614
26981371	0.00116916441678065
26981521	0.0507855132972874
26981910	0.00120134019443206
26981921	0.00117595309137058
26982751	0.00107692904446441
26982901	0.00097623612165978
26983171	0.00120852416468494
26983540	0.0030010369570168
26983601	0.125155777798433
26985231	0.00263511503403762
26987140	0.00620553781143238
26987690	0.000995749540461726
26987731	0.000918660128393326
26987851	0.00319917559326692
26988940	0.00146253412527755
26988951	0.00120551202058706
26989040	0.000918980850887136
26989050	0.00165615907542435
26989060	0.00122057766179888
26989910	0.000921094252331038
26990010	0.0109268820960412
26996500	0.00275026626351277
26997180	0.00199083848828478
26998190	0.00132306995172204
26999861	0.0042086374006398
26999991	0.00112236786090645
27000360	0.00114644931970658
27001511	0.0204495114023735
27001781	0.00267255183950873
27002970	0.000938782071856177
27003711	0.0038658326119823
27004011	0.00100839801884374
27004490	0.000964868661005597
27005050	0.127066866888261
27005651	0.00191769217298365
27007871	0.00492375297088146
27009060	0.00782111927836148
27009630	0.00104695522627535
27010570	0.000947737433152032
27011031	0.00209550221651176
27012271	0.00302637364498529
27013340	0.00183922055619182
27013460	0.00190169114217426
27013600	0.507342929336137
27013740	0.00601597107336854
27015260	0.00989054187685968
27015420	0.000947737433152032
27015950	0.00993497134300436
27016421	0.00828184660818062
27016650	0.000986177499149427
27017241	0.000930714598691941
27017770	0.00486644174843713
27017931	0.00102990195129909
27019810	0.00185235393131873
27021350	0.00267603343355968
27021801	0.00104257378989042
27022420	0.000918980850887136
27022970	0.000973478138966135
27024271	0.000971290057644555
27027000	0.00142301407220853
27027010	0.00105773669367015
27027280	0.0752740797712875
27027540	0.00170973206512682
27028411	0.00171939137543592
27031820	0.00345760384120719
27031851	0.00749420815193118
27032681	0.000938411716316521
27032910	0.00122352288877935
27034010	0.00214311320569883
27034290	0.000935291756443324
27034300	0.00195229885865154
27034460	0.0010129692174153
27034970	0.00397067785803465
27035840	0.0125277390678572
27035851	0.00107560827770474
27037791	0.00726876666214609
27038061	0.0363924188444573
27038720	0.00221402556069606
27039110	0.00139018069813151
27039140	0.00105567705155258
27040421	0.00259949938544889
27042881	0.000969610612177258
27043130	0.00328670679942146
27043560	0.00185525931294391
27043960	0.0152146101441301
27044261	0.00190773917348301
27044961	0.00131900360661517
27045231	0.00192169772652075
27046020	0.103665215912449
27048390	0.000918980850887136
27050010	0.00101383145454349
27050550	0.00245916536231563
27053880	0.0125762378246209
27055291	0.363070584149052
27055380	0.0012102198126718
27055711	0.000939963895334573
27056070	0.000929945887272815
27056240	0.0034468674179639
27056640	0.00154524873343645
27058040	0.000997329128120881
27058351	0.000991191229632325
27058891	0.000931022795590425
27060001	0.00119711279644948
27061651	0.000930976244032915
27062211	0.00473916076204698
27062690	0.00207004887106209
27062970	0.00110993155041421
27062990	0.0314036616070285
27063311	0.00347360562730163
27063790	0.00177466188722421
27065750	0.00106892565267329
27066720	0.00164201593209424
27066751	0.000950485295402541
27069190	0.000949608376284379
27070010	0.00123771522831107
27071581	0.00614022446963052
27074590	0.00248099787978761
27077750	0.0235410791246822
27077880	0.00254378395550669
27078860	0.00170465282965786
27079031	0.00145654283884191
27080230	0.00139345128685942
27081050	0.00272693560161336
27081231	0.00237542327624433
27082040	0.00142414772128654
27082550	0.00172861880649729
27082570	0.0010858624669218
27082580	0.00372898415260719
27087291	0.000975819508011836
27088480	0.00382751660473051
27088770	0.00304916016371771
27090960	0.00184501090958531
27091520	0.0010504556144121
27093771	0.415759099365243
27093781	0.000969433529522295
27094410	0.00381001317256444
27094450	0.00203762358347022
27095291	0.000947499852792038
27096251	0.00854855716498358
27099021	0.0011012603575883
27099161	0.00222934153786947
27099250	0.00610420149905673
27099280	0.00290255360032478
27100240	0.00202981852278159
27100821	0.000991387091485796
27102130	0.000963334782031784
27102140	0.000938153782933164
27102690	0.0101688521244807
27103380	0.00437611601043743
27103950	0.00102043274092912
27104951	0.00268699287143035
27105050	0.116454411342476
27107021	0.00100814896654559
27107970	0.00111722279647059
27108100	0.0039269583753685
27109101	0.014126295768684
27109231	0.00100197603998429
27109911	0.000931209685051038
27110181	0.000935291756443324
27110580	0.00472432896450224
27110840	0.00276112047763436
27111670	0.00396328545801766
27113730	0.0112358220874343
27115830	0.00544740143157531
27116230	0.00117332669096749
27116640	0.00116166766064783
27116760	0.000918980850887136
27118450	0.00286101059939416
27119930	0.00116835018221618
27120610	0.00225213585503211
27121600	0.000918980850887136
27124060	0.00495240723913288
27124531	0.00216798028920463
27126000	0.00102593474282757
27126010	0.000957119570372616
27126140	0.00105873312672201
27126150	0.00193598804091995
27126570	0.00316820692797418
27128001	0.00105597119765413
27128640	0.00281535848572794
27128661	0.00298679168803628
27128941	0.00106955187701013
27129050	0.0666352787485655
27129320	0.00240302987853779
27130170	0.0104799945645697
27131960	0.00113082911489939
27132490	0.00395991753787766
27133190	0.00393564857760166
27133231	0.0021733340005409
27135680	0.000968667419472924
27138181	0.0127531676030322
27139400	0.000918980850887136
27139810	0.00298833543622421
27142160	0.0145300584559398
27142591	0.00591394722972954
27142860	0.00411690430229688
27143100	0.000997599663065424
27145211	0.00338527357430087
27145641	0.0422303492095775
27146280	0.00191866174856614
27146540	0.00266133124486716
27146560	0.000918980850887136
27146700	0.000940426357856946
27147130	0.00146665013742368
27147960	0.00182997509467316
27151540	0.00212500130542361
27151660	0.00348527301176485
27151930	0.0145291221417147
27154980	0.000918980850887136
27155660	0.0010364507766059
27155701	0.00154772840154585
27156360	0.00100667199332114
27156640	0.37669077017469
27157921	0.00616930816815387
27158440	0.0068847937549507
27158540	0.00312201085493218
27158871	0.00271575443680624
27159230	0.000949890313748897
27160070	0.0113826889006321
27160080	0.00113999252859228
27160630	0.00146184213374435
27161040	0.00111033190107668
27161211	0.00314755853619815
27162871	0.00534907743751137
27163090	0.000965110592291242
27163291	0.000927455355904056
27163551	0.00232706834541329
27164360	0.0381751806493404
27164391	0.0318741281144707
27164920	0.00121517269778213
27165081	0.00108014007556178
27165091	0.00640478491783556
27165590	0.00107320245776785
27166130	0.00101208466571771
27166290	0.000971589294729296
27167780	0.000930714598691941
27167991	0.00408370355121451
27169091	0.0018599017739869
27169190	0.00545138731907593
27170130	0.0321059289326181
27170560	0.00792989985789673
27171011	0.00194552839191062
27174150	0.00286441428319142
27174680	0.00106207779184987
27174830	0.00107396018448957
27176261	0.00121413244249788
27178130	0.0170173207740274
27179790	0.00131200658806079
27180391	0.0179983457387203
27181190	0.00253314619664996
27182731	0.00104024169042445
27182840	0.00225037668560996
27183250	0.00136503258446184
27183260	0.00365722316509133
27185221	0.0013517640892231
27186601	0.00545028949689294
27186690	0.00118054420558773
27187291	0.00564480030520857
27187920	0.00101291426379617
27189460	0.0013801805741505
27190591	0.000928270334070413
27191141	0.00136386554846863
27192931	0.0142018735129792
27194020	0.00099245709151111
27194591	0.00293236512677124
27195001	0.00111644697655908
27195660	0.00263684602066857
27195991	0.00176580352056914
27196190	0.00177954323274284
27196360	0.00108660326199124
27198010	0.00140615387492834
27198120	0.00198711176249496
27198280	0.00158739072901479
27198741	0.00223525916286205
27199711	0.00412846117778904
27200360	0.0019012144010434
27200750	0.00144458670906457
27201460	0.00832660874337383
27202700	0.0053686976725233
27203780	0.099667333859506
27204480	0.0984972264992104
27205310	0.00356714186939163
27205450	0.00237442992213379
27205610	0.0672285110471175
27206300	0.00317088221530143
27208080	0.00202022203074807
27208521	0.0166842624417199
27209330	0.00214757287187411
27210041	0.216527462383781
27211640	0.00329740688149131
27212360	0.00125581294447075
27212370	0.000945499642860826
27213180	0.00113661290805942
27213870	0.00102935756887029
27216890	0.00358924146383396
27217341	0.000991432392244055
27217720	0.0156871214860255
27218260	0.00183265132547916
27219011	0.000947019770362247
27219540	0.00104438380301818
27221320	0.00240116695671527
27223291	0.0028403104711096
27224121	0.00144904477604573
27224931	0.00132140467718199
27227370	0.00124494532283535
27227571	0.00229181597581389
27229980	0.000958114944430976
27230710	0.000934932253538484
27231701	0.00109066667852161
27232401	0.195057410032538
27232951	0.00208145702399263
27233020	0.00139930807541818
27234010	0.000954331966489131
27234181	0.00534823817107542
27235220	0.00287998578608674
27235810	0.00105417625920942
27236080	0.00109540901315375
27239940	0.00448327828865666
27240210	0.000933351183154007
27241330	0.000989083789643887
27242680	0.00119504429048
27242700	0.00225789482522983
27243520	0.00159896727915062
27245150	0.000931209685051038
27245361	0.00172098794336502
27248060	0.00810891843591425
27248350	0.00103360109049467
27250031	0.00473897451511683
27250581	0.00119541015582641
27251120	0.00107867339475546
27252671	0.00103078525662879
27253010	0.000947233567991935
27253330	0.0020871860823
27253631	0.00119098134116117
27254000	0.000932854959310457
27255131	0.00480920540199161
27256900	0.0015343876905041
27256951	0.000956915798903066
27257880	0.000935291756443324
27258400	0.00196821122314628
27258530	0.0013670399201699
27258690	0.00217440933807781
27258991	0.00271298091250021
27261440	0.00215082386358106
27263431	0.000930714598691941
27263571	0.00175471917301369
27263961	0.00107137108075973
27264511	0.0154787783640198
27265850	0.000943243735935964
27266670	0.000918980850887136
27267240	0.000962611623298822
27267670	0.00132205207122767
27268770	0.00165367918480941
27273061	0.000930714598691941
27273481	0.00482055417498136
27273880	0.00390948459179336
27274110	0.0011847983468684
27274120	0.000961901951491417
27275151	0.00784914762630696
27275831	0.00105764689517501
27277481	0.00217296914586718
27277720	0.00208922175867433
27278110	0.00345384781501196
27279380	0.000918980850887136
27279650	0.00107005486305252
27280080	0.00257284311205085
27282130	0.00105717300116072
27282970	0.28551194820067
27284490	0.00189445066801378
27285471	0.0036215568002584
27285771	0.00141167421039898
27287100	0.00147463854833956
27287510	0.00106994387192098
27288770	0.00517413186822852
27289420	0.00379220931971743
27289730	0.00123531145816155
27290550	0.00921759951694635
27291360	0.000940778287919548
27291831	0.00375484484852692
27292180	0.411072155006167
27293180	0.00321190740390281
27293870	0.00169792319253464
27295151	0.00221994945636294
27297050	0.00132166825590101
27297351	0.00264640306421579
27297761	0.0376853947945579
27298670	0.00226613182003989
27299630	0.00100744242445551
27301150	0.00112485415076383
27301211	0.00604712774150068
27301631	0.00102876621817328
27302820	0.000956646870384948
27303141	0.00209560409875059
27303650	0.0381242666040927
27304880	0.00235926960342048
27306311	0.00135002710649142
27307151	0.00272628435884863
27308060	0.00114117819125837
27308470	0.00426435259356168
27308651	0.00105257785754292
27308750	0.00981162998740468
27310820	0.00108160337105827
27310861	0.00253325522679274
27311670	0.00114632910448369
27312760	0.00804760868996037
27315121	0.00142619191602607
27316910	0.00108827296907407
27317170	0.00186729486206779
27317570	0.0010127108963676
27318041	0.00193875448605441
27318250	0.00432642985245305
27318591	0.0787013992259791
27321621	0.00112541352030059
27323070	0.00171125699344576
27323770	0.00214053279188429
27324371	0.00264285414010265
27325020	0.00268942846350105
27325751	0.00130285846805795
27326380	0.00223164275913398
27326550	0.00114598396778551
27327390	0.000982891765508648
27329700	0.00133057611964793
27330670	0.0137541057154473
27333560	0.000918980850887136
27334690	0.000939963895334573
27337881	0.0278943375637952
27339350	0.0103832556834288
27339541	0.00164212228184303
27339691	0.00181223407161402
27341000	0.0109833306560807
27341010	0.00193150171289731
27342851	0.00682176055726104
27343681	0.00275896169843534
27345170	0.00224840012231491
27345751	0.00256189924299877
27346151	0.000943232809001719
27348050	0.0249768599908488
27348060	0.00727034509535646
27348791	0.0037609702863431
27348921	0.00311984605003254
27349461	0.00100564537214467
27350130	0.00537296248559028
27350700	0.00538527682751566
27350970	0.00095678216769047
27352111	0.00231464599180745
27354571	0.00207585940114309
27356720	0.00817403421844258
27357191	0.00162752398358048
27357601	0.0103614644645022
27357990	0.00292440110756287
27359001	0.0298220997787353
27359531	0.0045343360921843
27359630	0.00406071450817773
27361331	0.000965500118692956
27363941	0.00231443564072702
27365891	0.0177389742032976
27366240	0.00532634306042086
27366270	0.00233569982854301
27366690	0.00468195250694519
27367620	0.000985859337097043
27368040	0.000968667419472924
27374970	0.063070104333517
27377860	0.0271747036678466
27378130	0.0136499487072358
27379500	0.00304534440644211
27379941	0.00184495266867365
27380620	0.00962277068376193
27381690	0.00107724130258855
27386021	0.00127708978866652
27386670	0.000933819304287012
27386991	0.00175493905773715
27387900	0.00118281382298299
27389000	0.0108124277244454
27389051	0.00277503019979012
27390301	0.00146402678035609
27390810	0.00408573972774739
27391401	0.0207757318569239
27391681	0.00113017586586088
27394250	0.00260034971219295
27394711	0.00457302598037665
27395240	0.000947530236546609
27395551	0.000918980850887136
27396361	0.000968667419472924
27397761	0.00261108811314729
27398021	0.00257714112748343
27398800	0.00161388361617891
27399541	0.00174497283718005
27399951	0.0121298744123521
27400340	0.00116720714977454
27400730	0.000988217002017244
27400740	0.000918980850887136
27402561	0.00106253223415851
27403131	0.00342423187857709
27403531	0.000965788122056688
27404470	0.00154198377159953
27404921	0.00650492374512063
27405010	0.0244562117482375
27405601	0.00315286895891448
27405720	0.0116032347221122
27406800	0.00165813518570391
27410240	0.000960107823251217
27410991	0.00102812656007412
27411060	0.000951435279083496
27411531	0.00153670934185887
27411640	0.00098192363370679
27412300	0.0126291554600742
27412381	0.00922258764078893
27415951	0.00280409469788543
27416740	0.0246088109142698
27418240	0.00115121045500979
27419640	0.00201814799619434
27420460	0.00199877590658688
27421201	0.0335567148542578
27421751	0.00123527372862926
27423630	0.049826159734431
27424651	0.00198916520362499
27425341	0.00141022338963025
27426680	0.00114714516395263
27428170	0.00178203655826765
27428190	0.00695554770114819
27430021	0.00341605559722227
27432470	0.00215020256106035
27433061	0.000936265694447029
27435900	0.00183790358386971
27436590	0.00202412575055672
27437420	0.00126245261683528
27437580	0.00109735571858043
27437731	0.0128463760768437
27437891	0.00183385101593778
27438260	0.00984562338364425
27439200	0.0011718447635427
27439910	0.000987419591780139
27440300	0.00154019503143863
27440351	0.00114506305332366
27440631	0.00106176054211278
27441560	0.000985990052287026
27441570	0.00548674076970447
27442230	0.00155450043950301
27443630	0.00152358625212789
27444491	0.00176728723256412
27446120	0.00109680635090383
27446270	0.00105085142568432
27446380	0.00105176967217713
27447770	0.000939963895334573
27448300	0.00306523728805353
27448750	0.000970336385074787
27449061	0.00429024700538489
27449550	0.448687904383251
27450390	0.00104869850083654
27450800	0.000931209685051038
27452091	0.00533120481793272
27454090	0.00104155051772975
27454510	0.000998726450747111
27454680	0.0167711461890704
27455251	0.00104627018249866
27455470	0.00118663951315627
27457061	0.00152964809456132
27457160	0.000943243735935964
27458691	0.0234223519166401
27458701	0.00210742815290834
27459620	0.00347386523606745
27462571	0.00206193132800535
27463360	0.002814557974666
27464470	0.000955721914714436
27464901	0.00187862249336849
27466520	0.00105543036387546
27466711	0.00109984245088924
27466790	0.00157276651839983
27467220	0.000918980850887136
27468730	0.0026895475957103
27468761	0.00918984338163443
27469030	0.00365812417575077
27469280	0.00180118422862583
27469710	0.00222022380009888
27471060	0.000918980850887136
27472850	0.00097842246164439
27473881	0.0145177967704279
27474110	0.00280116130081789
27474380	0.00315688494312424
27474991	0.00142394887248876
27476990	0.000993075846715702
27477030	0.00201302567779709
27477700	0.00436390229375117
27477741	0.000918980850887136
27477950	0.0019776297695761
27478790	0.000988905222188183
27478851	0.0115347992523183
27478981	0.0020907973427669
27480200	0.00100434877438962
27481741	0.000966192716957453
27482441	0.00653473876163028
27484450	0.00221880088143046
27485290	0.0012690705124644
27485560	0.00322838137691799
27487121	0.0010161627642472
27487791	0.000947233567991935
27488231	0.0361546748639812
27488501	0.00180777985849482
27488621	0.00135734855229836
27488750	0.00137458650250148
27490301	0.00112570688995373
27490441	0.00175943097578346
27491910	0.0019825077392372
27495340	0.00808436715512165
27495480	0.00931049380131106
27495760	0.00218283145148957
27495770	0.00233162987394442
27497560	0.00226465331465544
27497700	0.00440336661872011
27497731	0.000946005236003287
27498271	0.00119684978893967
27499101	0.00117115374995626
27502151	0.00100894843300629
27502540	0.00446781415629828
27502930	0.00165922065358224
27503200	0.000947233567991935
27503780	0.00232138496335468
27505960	0.00263762102629178
27506571	0.00139180854159771
27507050	0.000922046450819502
27507261	0.00106700037250776
27508430	0.00303434889990486
27508501	0.00159876241475796
27508840	0.00108244566856962
27509160	0.00204508080766359
27509461	0.00110641602220745
27509710	0.00311303159757017
27509721	0.000931753691445901
27510131	0.00708305111625453
27511630	0.00120423375427441
27512040	0.000994231000669043
27514001	0.0109879394122244
27514540	0.00379776187472173
27518810	0.00257545075306581
27520610	0.00427163307886313
27526100	0.00280836514514595
27526370	0.00227696640228656
27530561	0.00239984245531768
27531500	0.00339129971632907
27531801	0.00457980656395971
27531811	0.0910436441828283
27532720	0.00144843140613111
27532740	0.00439643320019819
27533160	0.0101679820679723
27536720	0.00324925909132853
27537020	0.00487526827007121
27538411	0.00259095156598766
27544361	0.0014032257354878
27545161	0.00203746641325575
27545290	0.00345539438472867
27546120	0.00116662109495288
27547251	0.00524042510999204
27548471	0.000947233567991935
27549820	0.00916109719041639
27550360	0.00176679049678933
27552710	0.00132073923431378
27557000	0.000989969654012046
27557181	0.00255971842601878
27557390	0.010923765923476
27558790	0.00507898199010709
27559740	0.00276571224367911
27559880	0.00163355739397511
27560600	0.00512024669059811
27563220	0.00198891391463008
27563630	0.00257220157230767
27565570	0.0177779681173335
27566291	0.00257396720311168
27568030	0.00160807808234074
27568710	0.000930714598691941
27572740	0.00108992034468556
27574370	0.000936735022791102
27574780	0.000930714598691941
27575900	0.00244455681144611
27576631	0.00135629755900406
27577451	0.00374276012458301
27578390	0.00876209749417487
27578780	0.00140017419312371
27580310	0.00134963989798401
27582090	0.0021426792516643
27582770	0.00109694773836032
27583200	0.0024319965164608
27586691	0.0108548875374565
27586831	0.00097189053784197
27587180	0.0573240613658909
27587200	0.00217238647430159
27587610	0.00201559713674112
27589301	0.00320685144291796
27593171	0.000918980850887136
27593700	0.00111629011574092
27595200	0.00256657790570137
27596201	0.00583321027367464
27596221	0.00567344717671522
27598701	0.00230932171722552
27599391	0.00354312279430692
27601861	0.00116048354736022
27602421	0.00158175419718638
27604751	0.00103944314171405
27605250	0.00203798258905512
27606220	0.00173609217052021
27606530	0.00198100244581363
27607111	0.00109469500623151
27608020	0.00221591820471715
27608560	0.000988140047717338
27609660	0.000962099689146648
27612741	0.0209578909166768
27613420	0.00106274763662784
27613540	0.000918980850887136
27613940	0.00107734822543452
27614660	0.00162172910621784
27615050	0.00309777022245903
27615651	0.0672117443923651
27616020	0.00192136228500323
27616160	0.0020058976164417
27616710	0.00225985984506804
27617380	0.050844056214974
27617581	0.00112150373191837
27618681	0.0421735047505934
27618900	0.00435185623128567
27619050	0.00178517346143713
27619070	0.00149389891581643
27619890	0.00647636402375064
27620000	0.00637226507724481
27620430	0.000918980850887136
27621550	0.00095027851301268
27623781	0.000941081914868131
27624191	0.00133585407627214
27625150	0.00108664451040113
27625301	0.00251605649657257
27626210	0.0625676541712636
27628331	0.00227016920357078
27628980	0.000937930926186992
27630531	0.00109275780015185
27632901	0.00143666240328838
27633851	0.00460814928533334
27634660	0.00105304399120988
27634821	0.00570450700084143
27635310	0.00100432883652558
27636040	0.00190135392400246
27636580	0.00177218902877879
27637151	0.00175220422782845
27638370	0.000968667419472924
27638760	0.00146131404110353
27639070	0.0153188539855473
27640351	0.00304078697260187
27640901	0.00120826026597143
27641110	0.000930714598691941
27642070	0.000976067680599082
27644150	0.00266928732697279
27644290	0.00868333208269931
27645571	0.00281225229904698
27645830	0.00118530443739015
27646760	0.00559649325485815
27646971	0.00369116425172643
27650620	0.00779872935039925
27651081	0.000935291756443324
27651361	0.00217211224426933
27652761	0.00109647875861901
27654421	0.00587278055602929
27654691	0.0314922485037082
27654800	0.00832886500688552
27655750	0.00114728872561545
27656030	0.00172872847709424
27656341	0.00175589025186552
27657161	0.00115105185584821
27658210	0.000918980850887136
27662360	0.000988928776089549
27662480	0.00139525285857998
27662941	0.0624843660541889
27663200	0.00231054328196668
27665540	0.000957173703801083
27665721	0.000935291756443324
27671060	0.00126267731219396
27671511	0.00459066866035666
27671781	0.252661318229595
27671921	0.000930714598691941
27672270	0.00267495935157741
27673100	0.00116484837868579
27673390	0.0111104289838058
27673810	0.00276226228168524
27675580	0.0627966970016416
27675651	0.00321223565920245
27678910	0.000918980850887136
27679050	0.00107988633313792
27679081	0.0358222202548058
27679900	0.00120860762097256
27679931	0.0257567924329981
27680481	0.000956758918286019
27681301	0.000982053067624143
27681851	0.00270566286698662
27682541	0.00122771759032516
27683620	0.00875814150597362
27684450	0.00333582224616409
27685410	0.0031616549443471
27686230	0.000954633887977561
27688331	0.00359651528433483
27688830	0.00362243557459898
27690111	0.0013258900769309
27690900	0.00735454608180765
27691030	0.000986177499149427
27691921	0.0497165892851556
27692191	0.00111973044143437
27694210	0.0057405863820303
27694821	0.00326499104501507
27695740	0.00770395125669074
27696191	0.00103487410985918
27697370	0.00104311354219191
27698240	0.00104563982506857
27700041	0.00108231841926873
27700461	0.00355015469283228
27700680	0.0113596158770615
27700850	0.00115874105925977
27701670	0.00112211480307932
27701830	0.000997007371903892
27702080	0.00709452895260435
27706681	0.00905505597518992
27707040	0.000952436988962221
27707211	0.00211865229524676
27707320	0.0023448952878157
27707470	0.00866930939885741
27707791	0.00249317545581978
27709000	0.000999945223599762
27709100	0.00162305790651099
27709820	0.00114239533548697
27710340	0.00112425214225467
27710380	0.00123634758094517
27710951	0.000934020088290587
27711241	0.00175391883297725
27711491	0.00094152308256245
27711890	0.000927455355904056
27713110	0.00147730199781092
27713230	0.00123740887424173
27713680	0.351230213644736
27714360	0.00367509478413626
27715050	0.00102919627375825
27715511	0.0148859550617989
27716820	0.000931209685051038
27717991	0.00121147955503449
27718521	0.00100861906046688
27718760	0.0174834654409864
27719221	0.00162472900369088
27719631	0.0012711294585975
27719890	0.000999487146290047
27720840	0.00109926985898821
27720970	0.00437182392384468
27721141	0.00113594077202193
27721151	0.00216475806821763
27722100	0.00723663991329539
27722551	0.00625623785678493
27723050	0.00299709189388358
27724000	0.00740071636631188
27725130	0.00216004130008753
27725971	0.0114058055639972
27727511	0.00367145857367529
27728970	0.00114726992578111
27730510	0.00535316529549103
27732410	0.0128835810151138
27732591	0.00193157540228367
27733800	0.00125244187482019
27734650	0.00206681604395165
27734811	0.0123583021646234
27735211	0.00272219026053111
27735580	0.00113650550758606
27735791	0.00359926421050659
27736751	0.00430597057342735
27736891	0.00366508940350386
27737100	0.00263570572426469
27737120	0.00304495315534287
27738910	0.00127135613433184
27739091	0.00104762548626141
27739480	0.00152946619810729
27740181	0.000931209685051038
27740400	0.00170006370756161
27740461	0.00106597906248575
27740471	0.00137380721105572
27740540	0.000983994022469635
27740690	0.00450346605003152
27742961	0.00152083678501122
27743320	0.00699230354585543
27744591	0.00123541999404347
27744871	0.00183063668643037
27745151	0.00538782216915509
27745561	0.00105450835841013
27746510	0.00361547446082419
27746941	0.00165548948314213
27747750	0.00166316972660089
27749161	0.00150434442603108
27750610	0.000918980850887136
27750681	0.000945521839703315
27750780	0.000931209685051038
27750811	0.00170748600746523
27750890	0.000978198514723319
27751371	0.000996782864648467
27751491	0.00183884148210024
27753540	0.000924371789200717
27754271	0.0009523675912944
27755440	0.00111835307671523
27755740	0.000935593614326021
27756061	0.00107751366689081
27756560	0.00100515662547337
27757680	0.000918980850887136
27757920	0.00097189053784197
27761250	0.00738324963485203
27765090	0.54372447367425
27765670	0.00129318280003945
27768321	0.000960388329767598
27768680	0.00632522058145381
27769780	0.0561659537312456
27769851	0.000955978243355931
27770230	0.00291383227378212
27770251	0.000929642834713943
27770811	0.0464355450564103
27770951	0.0117919935903424
27773161	0.0137364011221683
27773540	0.0012712109780954
27773640	0.0104591431063526
27775071	0.0881925313286808
27775341	0.000918980850887136
27776861	0.00193276290438582
27777380	0.00190319733676235
27777831	0.0140244762336663
27781250	0.00178717754489147
27783740	0.000951818852859924
27785120	0.000947233567991935
27786521	0.00146505030772229
27786780	0.000982247386052032
27787880	0.00179017076877604
27788051	0.162431071114083
27789161	0.00137477694436571
27791020	0.000931341388162731
27791290	0.00730747859889226
27791351	0.00285254082078604
27792120	0.00111413591969077
27794661	0.00213013567685673
27795351	0.500061245752825
27796020	0.00537539852354269
27797011	0.00139816020062716
27797090	0.000965173277225254
27798880	0.00138815404398555
27800861	0.00366020355754355
27801910	0.000918980850887136
27806470	0.000940096835409167
27807071	0.00337366091933725
27807430	0.0209979416501331
27808960	0.00166819890497533
27811610	0.00350227741026666
27812160	0.00712391544402476
27813650	0.0218437084868157
27814101	0.00104597960601341
27814460	0.000952436988962221
27815320	0.00247777351812281
27815621	0.00101145685176158
27815761	0.000946448859282605
27816191	0.00314576787756761
27816591	0.000988411219711481
27818671	0.00161542613425323
27819730	0.00205038416380716
27820991	0.0015412596475543
27821131	0.000930714598691941
27821141	0.00378281595582025
27821220	0.00207586304433152
27822340	0.0029332216763014
27822511	0.00173602490925205
27823330	0.000972817666072274
27823840	0.00575080667220948
27824191	0.0207738529195439
27824861	0.00194072618493287
27825001	0.00108170072865813
27825681	0.00115501503214157
27826391	0.00129357132339339
27828140	0.00391583477538615
27828601	0.000938411716316521
27830210	0.00162205502135559
27830381	0.00194913835326877
27830500	0.0137246134732786
27830671	0.00179288457104705
27831351	0.00161183182836648
27832670	0.00104409614431465
27835160	0.00120945453068319
27837230	0.0121979994900932
27838931	0.000992951618033011
27839491	0.00315245213847579
27839761	0.00124437924988065
27843290	0.00141555697283497
27843621	0.00750925208808668
27844181	0.000981083891294491
27845810	0.00111641450170584
27846360	0.00354183280218991
27849151	0.00537131749934592
27849230	0.00340071884190526
27851710	0.0119742323269624
27851850	0.00574919136672397
27852311	0.00130269829169756
27854111	0.00189348063390616
27855590	0.0436962462975875
27858371	0.00797002013630439
27858500	0.00456112827983866
27859570	0.00440250358673718
27862080	0.000921094252331038
27862241	0.0465900450622741
27862251	0.00100762709868104
27862320	0.00102593474282757
27862610	0.0023063267669766
27862870	0.000947737433152032
27863761	0.00247387963945271
27864810	0.232727973811538
27865431	0.00186051292019898
27866360	0.000976670360140633
27866740	0.00228476842027897
27866750	0.393097999458261
27867631	0.000984133050229298
27868150	0.00462054559465172
27868181	0.00628281737015962
27868861	0.00173426290507671
27869360	0.00225056574058271
27869640	0.0666882897148163
27869940	0.0136865975406417
27869951	0.300003347695951
27870470	0.000964144351927501
27871290	0.00346416243846792
27871761	0.00574779864175979
27873800	0.0215976347509598
27874050	0.000928113647699071
27875160	0.00106716703701553
27875450	0.00144521946236464
27877151	0.00113298891144449
27877281	0.00320708163182922
27879010	0.000947737433152032
27879730	0.00107106036710334
27880461	0.00100833548031736
27882340	0.000922046450819502
27882531	0.00178622965725583
27885281	0.00194648305927883
27885821	0.0014092983638273
27886241	0.00113485320845837
27886340	0.0131271062850831
27886620	0.0314323799566549
27886630	0.00637540195015944
27887471	0.000943982451471993
27888700	0.00380007817622632
27891320	0.00461258760215227
27891341	0.001180684367067
27892110	0.0110653819268067
27892150	0.0223846599193661
27894251	0.00101006223244293
27895720	0.0143255808575702
27895761	0.00257425604887784
27895771	0.00104374683946091
27896161	0.00290047809020906
27896311	0.00438463485300137
27897930	0.00185681992373124
27897971	0.00673037400310503
27899010	0.00243426440500925
27899030	0.00626738345524674
27899290	0.00161415032569652
27899990	0.0025897846440255
27900441	0.000944586497159893
27901660	0.00144237168338065
27903280	0.00262215494347697
27903320	0.00103129569219365
27903420	0.00119663064986758
27904301	0.00096199057660524
27904680	0.000935291756443324
27904851	0.0117128020400183
27907870	0.022657050997168
27908010	0.000918980850887136
27909250	0.00132287804841979
27910241	0.00828624544111981
27910391	0.001075538447193
27911430	0.00149614487870116
27911891	0.00260126371281419
27916270	0.00106367519686097
27916540	0.000995051193960068
27917350	0.0199648648497387
27917360	0.0223221233191537
27918610	0.0217311810883845
27919840	0.002594940245818
27919860	0.00275218256193235
27920041	0.00238195401612458
27921510	0.000959410776669364
27921770	0.00156948547008464
27923150	0.00480474207697295
27923170	0.0012493255944045
27923180	0.000918980850887136
27923201	0.00095884442084852
27923331	0.00115665944282362
27923420	0.00191454847162178
27923751	0.00109499191195424
27924041	0.000999300033257845
27925561	0.00100870880730482
27926620	0.00301896146861412
27927601	0.00403577459503637
27927870	0.0125947456405282
27927901	0.00191434483477197
27928410	0.00101643896413032
27929080	0.000979933903305906
27929350	0.00100422636575958
27930241	0.00179401900077765
27931621	0.0022847418653876
27931840	0.000969121895692434
27931850	0.00192172054357266
27931901	0.000930714598691941
27932110	0.00152288019849702
27932830	0.00126299217422747
27933230	0.00943444845691338
27933360	0.00739148703744989
27934050	0.00328884189320362
27936800	0.00251363325039469
27937141	0.000997716422007954
27937271	0.00346861761319146
27937951	0.00750706993577931
27939040	0.000995051193960068
27939560	0.000934502079169881
27939980	0.000922046450819502
27940031	0.0111447917661135
27940291	0.00164076165004598
27940431	0.00160502388176609
27940520	0.00261903000372875
27942190	0.00179767042127192
27942870	0.000935789825186226
27943430	0.000944614554785205
27945110	0.00183357032966597
27946641	0.00116424968723142
27947690	0.00103631064568517
27948130	0.0120164556693687
27948420	0.00095219581394839
27948451	0.0105437728917992
27948550	0.00152614418806672
27948660	0.00164111407994313
27948680	0.00394396236130881
27948690	0.00222486791987168
27948960	0.00122934431810236
27949001	0.00140966877175881
27949520	0.00136181266783743
27949671	0.000958084280764671
27949910	0.00817800752120118
27949971	0.314172005034786
27950050	0.0500929873383601
27950740	0.00115053993652252
27950870	0.000930167533076207
27951560	0.119989025425023
27952140	0.000957626650804198
27952151	0.00245130821885246
27952711	0.00168409122977926
27953541	0.00121554470210774
27953800	0.0013967605345788
27954050	0.00178268230707168
27955580	0.0280240900445693
27955850	0.00400821795555649
27957261	0.00364458355554814
27957271	0.00135150278786512
27957380	0.00229079093585106
27957760	0.00788261001571337
27958200	0.00125779837184524
27959580	0.00129293501197839
27959741	0.00095304525958437
27959960	0.00338901915896102
27960721	0.00225268384004796
27961490	0.00300672634627363
27961890	0.00154524136870004
27962371	0.00300164487736064
27962480	0.00430814272168348
27964540	0.00496013213062209
27964561	0.00113763733495532
27965110	0.00138853525287634
27965210	0.00250896229155761
27965350	0.00105584570437855
27965691	0.00113554662734006
27965900	0.000996067259820598
27966101	0.0146061648974702
27966200	0.0033639067722094
27967881	0.0034325412223108
27968400	0.00105759131926929
27969111	0.00134336134252113
27969520	0.000957085808099053
27970651	0.00476920114835021
27970921	0.00135372419321737
27971170	0.00382072779335111
27972410	0.00441655261166155
27972441	0.00533450705087709
27972520	0.0032389231917255
27972721	0.000961302113435543
27972830	0.00104036937010229
27973131	0.00368651861484956
27973141	0.00105349000038197
27973770	0.000922046450819502
27973890	0.00236527157322537
27973951	0.000978281900094414
27974210	0.00100398890765976
27974231	0.00315493962881168
27974880	0.000978125506484505
27976421	0.0018903258271434
27977200	0.053392307767609
27978870	0.0104002896764193
27979270	0.00280893086163043
27979471	0.0164570960914855
27979881	0.00162219091705405
27980011	0.00372166471756548
27980981	0.00097121775689445
27981111	0.00104705016468299
27982340	0.00439536439851052
27982511	0.00214758133457527
27982610	0.00103628143924534
27982740	0.000930714598691941
27982860	0.00102371478207837
27982931	0.000944840864598805
27986501	0.00105905960899515
27987310	0.00304447270512197
27987410	0.00109459245501582
27987450	0.0022532069925432
27987980	0.0010621360398898
27990351	0.0010710868959762
27990791	0.00115841306603537
27991010	0.00100448740176362
27991020	0.00184212912317959
27991030	0.00121027787502503
27991071	0.00133241675505241
27991130	0.00162181178634216
27991181	0.00177324996978182
27991270	0.00115041193266356
27991860	0.0018719385708557
27993060	0.00161466834416674
27993080	0.0037820159113719
27995980	0.00249291683053599
27996370	0.00215966061441543
27997920	0.000961401695258689
27998491	0.0009627449360323
27998990	0.0011098346514158
27999051	0.00247816747048821
27999160	0.000928244913337972
27999280	0.000987085129301835
27999341	0.00121265422222314
27999440	0.00120754481328817
27999471	0.00205757293736622
27999481	0.0011720392818409
28000670	0.00891682872498445
28000861	0.00770005776615254
28001500	0.0010359920074826
28002180	0.000955025444902003
28002300	0.00102888877525211
28004410	0.00107506269111712
28005610	0.00219119275956186
28006750	0.00097643856788972
28007310	0.000997179311844687
28007580	0.00199983421409614
28008100	0.00119243410813402
28008690	0.00526787955025518
28010511	0.000979750739160738
28010740	0.00377371073232518
28010870	0.00239282246093303
28011280	0.00109960960930073
28013490	0.000918980850887136
28015580	0.00110391892662817
28016031	0.00320459719024978
28016851	0.000935291756443324
28017261	0.0243013352736999
28021121	0.000958850038823916
28021220	0.107016250050629
28021360	0.00114460180230473
28021821	0.000999908822603172
28022631	0.00100769430050826
28024400	0.00460545900467323
28024721	0.00445699442746798
28026580	0.00307550222062646
28027550	0.000930714598691941
28027591	0.00204190921711459
28028691	0.00246531369772582
28029790	0.00264866728626721
28030081	0.00168426289675109
28030750	0.0078024095590833
28031051	0.000959837998518783
28031290	0.00105867128768056
28031300	0.00101963627102413
28031311	0.00138295338570563
28032561	0.00105176967217713
28033941	0.000983361137799055
28034030	0.000958114944430976
28034221	0.00186586178213632
28034491	0.00473695643329952
28035201	0.00189559838313979
28036950	0.000918980850887136
28038330	0.00265639472171295
28039201	0.000975147297250297
28040100	0.00170730023647184
28040151	0.00826676510865796
28040161	0.00150319490945983
28040301	0.00242691652453058
28043170	0.00157539430713026
28043540	0.00531945813203694
28044011	0.0424183545365974
28044650	0.000952790084732201
28044701	0.000965110592291242
28046231	0.00755908468878415
28046371	0.00357812669937094
28047130	0.0460542387397455
28047260	0.00478644499124019
28047311	0.00117690892976183
28047710	0.00705173626145959
28048100	0.000975450698721352
28049261	0.00126395789379873
28049370	0.00116365825125403
28051300	0.0022881072594933
28052130	0.00125194905151061
28052390	0.00169498334718633
28052431	0.000989619064089296
28054221	0.00456571611484742
28054901	0.0258698273719914
28055891	0.000944586497159893
28056790	0.0010772809584139
28057490	0.000935291756443324
28058361	0.107556953286495
28058481	0.00211331093406362
28059051	0.0025833738527075
28059140	0.00481367317429454
28059201	0.00287418031589003
28059540	0.00125414805880736
28060090	0.000935291756443324
28060400	0.0245200958362158
28061080	0.000918980850887136
28062710	0.00214667536200012
28062880	0.000918980850887136
28062990	0.0101992045630166
28063010	0.00167298683849767
28063031	0.000929496194662656
28063061	0.00197135194774042
28063160	0.0060592390240819
28064680	0.000918980850887136
28064960	0.0039546748886015
28065330	0.00374705972102352
28065391	0.00390477761811724
28065640	0.00176511488208546
28065900	0.0010512598874472
28068530	0.267797863918473
28069381	0.00120466520167611
28070081	0.0436616973897771
28070501	0.000962373340762108
28071270	0.000939365293670077
28071741	0.00110578938783285
28072360	0.00859021165251675
28072561	0.00151593580796027
28072920	0.000918980850887136
28073330	0.00598590115379161
28073401	0.000984534473418995
28076780	0.00211123580494621
28076950	0.00275147533271418
28077210	0.000935291756443324
28077510	0.0010972323773026
28078590	0.00126779873658822
28079461	0.000991242640219388
28080431	0.00299273958641872
28081490	0.029713799009791
28081541	0.00169420067338282
28081630	0.0018963748976882
28082310	0.000985414219352281
28083830	0.000958114944430976
28083980	0.00412525862732635
28084260	0.00166358644599143
28086221	0.0011894889231402
28086621	0.00192521546379475
28089941	0.00129881665417384
28090730	0.00756325464238444
28090911	0.00381516907937053
28091280	0.00229170962381281
28091721	0.00121499478803021
28091871	0.000939963895334573
28093080	0.0121080639445905
28093200	0.00157430968473581
28094440	0.00219050549559391
28095331	0.00394701845302857
28095700	0.000935291756443324
28096250	0.00334741985996676
28096650	0.000981034953265274
28096821	0.000927696130657167
28097220	0.00189926047308135
28097241	0.00231341799029799
28097671	0.0010978505978505
28100110	0.000976248675687765
28101791	0.00143214908111594
28102150	0.00110049998082219
28102160	0.00400693895815963
28102850	0.00539263460022628
28103461	0.00092179301146957
28104141	0.000942320495029081
28104711	0.00161624767512164
28106160	0.00760669934321154
28106201	0.000950319967439763
28106751	0.00360767456816839
28107970	0.0140378500834024
28109070	0.00260964746228571
28109121	0.0014956128402168
28111171	0.0302164489365499
28112670	0.00116770771207757
28113941	0.0131707416574679
28114990	0.00300847660696798
28115301	0.00643427104018426
28115390	0.00205251050059063
28116411	0.00169590436619602
28116500	0.0069585656957707
28117620	0.000952436988962221
28118430	0.00128877907172421
28120291	0.00103837722907932
28120421	0.0043140134142053
28120950	0.00167366600476893
28121101	0.167490254038046
28121350	0.0370933837571142
28121401	0.00139190514348201
28121651	0.00355862495985879
28121801	0.000978323687129906
28121931	0.0132126537643707
28123830	0.0011345659821425
28124291	0.000918980850887136
28125080	0.00110751671366473
28125090	0.00348978378028836
28125220	0.00373829386352746
28127270	0.0025237851463449
28127581	0.00101709277545105
28127840	0.000958758585086493
28128780	0.00384251590389834
28128821	0.00273684752207461
28129241	0.0163689625617792
28130580	0.00348596300260888
28131690	0.00210274777121216
28131741	0.00224645238375916
28133780	0.000997329128120881
28133791	0.0011397605451812
28134450	0.00116613062534516
28134491	0.00221100002872075
28134911	0.00312433082114725
28135140	0.00137001960800191
28135601	0.00137793092426184
28135960	0.00221765337269212
28137870	0.0010120344550323
28140291	0.066435857343456
28140411	0.00092179301146957
28140681	0.00123347680942992
28142330	0.00148189107624015
28142440	0.00111088725627655
28142570	0.00246148007407709
28143410	0.00717186140286311
28146320	0.000992298914688668
28146600	0.00201277669310625
28147041	0.000943099425884448
28147120	0.00188679447294728
28147400	0.00112888589101921
28147871	0.00128044409769786
28148421	0.0104305745742472
28148940	0.000942186336307293
28149070	0.00809105303466921
28151120	0.0153153546682384
28151540	0.0049960183929236
28152500	0.00285704920684703
28153931	0.00185658447007424
28154201	0.00163525086607403
28155830	0.00264766106171004
28156390	0.0972310290979235
28159041	0.00306782595641371
28159051	0.00145849284553896
28159140	0.00202679819751218
28162020	0.00336287132842973
28162211	0.00264610870798504
28162341	0.000963931642494872
28162911	0.000953395829839027
28163290	0.000941618244615696
28164250	0.00389256442810114
28165241	0.00263694257510753
28166170	0.000918980850887136
28167150	0.000938153782933164
28169070	0.00104945662555264
28171041	0.00263562883763453
28171301	0.00232407161182847
28172401	0.00415056303789226
28172561	0.00489552228404951
28174180	0.000978685665723571
28175591	0.00435417853909789
28177791	0.00659150822238375
28178830	0.00165073167543991
28179150	0.00105297889741487
28180630	0.419593275125348
28181360	0.00132942217144444
28181760	0.000986644508947638
28182450	0.00235202870209761
28183390	0.00559985427830587
28184780	0.00238455560057911
28185040	0.42192026338976
28185910	0.00332840620649528
28186280	0.00100239453324817
28186631	0.000918980850887136
28186980	0.00129752870596667
28187120	0.00212615213455535
28187260	0.0011467795183679
28187670	0.00098324573264441
28187700	0.00100069183814494
28188900	0.00126667611509119
28190710	0.00230844419781973
28190870	0.000928244913337972
28192001	0.0011055731058189
28192080	0.0024472672704283
28192121	0.00119736680230076
28193900	0.00892956869105355
28194020	0.00136770673951258
28194040	0.00104425640618344
28194061	0.00112144216623556
28196070	0.00226881598489699
28197760	0.000945758787327359
28198471	0.0238852189648134
28198850	0.00334470144510749
28199010	0.00377759552473322
28201801	0.000975794111575367
28203321	0.00286446540404624
28203530	0.0836051588438081
28204350	0.0221062221527899
28204630	0.00774559303406866
28205470	0.00258956249561618
28206341	0.00218525186556062
28207851	0.00224642780745131
28208630	0.67628726593824
28209231	0.00247128881116537
28209730	0.00155695909287328
28210051	0.020870285742898
28210611	0.0150635550233963
28211321	0.0444723092890533
28211420	0.00101113534516154
28211711	0.00160008520280876
28211871	0.00130768056163645
28214191	0.000928244913337972
28216650	0.001359302728338
28218461	0.0112538090645557
28218611	0.00211965859594796
28218830	0.00218381653902324
28220541	0.0453142310726527
28221330	0.000972252378448749
28222160	0.00106410343048253
28222331	0.00115351121500813
28222901	0.00237866077622721
28223960	0.00229317281790242
28224230	0.000959837998518783
28224660	0.00239228417040854
28224681	0.00116468286405767
28225371	0.00105349000038197
28226590	0.00138211013753356
28228100	0.0013455547527419
28228281	0.000947737433152032
28233310	0.00221612843306418
28233661	0.00211174392533058
28235530	0.000999959839175269
28235810	0.00208283781568835
28236770	0.00225847617524418
28237450	0.000987480178535893
28237460	0.00100323770117062
28239451	0.00165447037987143
28239571	0.00116548565328235
28240240	0.00261550809749331
28241070	0.00109426185703245
28241610	0.00393169245582507
28243431	0.00148580632696145
28243540	0.0014953268142058
28243550	0.000965690682154281
28244131	0.000935593614326021
28245040	0.00111406006402057
28245231	0.000918980850887136
28246020	0.00295713172499878
28246341	0.00171625417135785
28248620	0.0150608769997679
28249091	0.00640393205998944
28250840	0.00201984222212314
28255711	0.00170844785292466
28267820	0.00108153501096238
28270071	0.00190148567617682
28270860	0.00242495190964071
28272951	0.00621024973152324
28273651	0.0010346114288017
28274560	0.00412306248848886
28276141	0.00362113776464955
28276360	0.164901743949449
28279250	0.0538684573641529
28279940	0.00341111056178842
28280661	0.00206681437321923
28281030	0.00127469534537083
28281081	0.00165485283453586
28283380	0.00686717301768687
28286310	0.00112818440361457
28286430	0.00938754708405214
28288821	0.0168723355867447
28289300	0.00345562435419628
28289351	0.00158318996327508
28289460	0.00230297505995513
28291561	0.00185981961615316
28292240	0.0096726943748274
28293440	0.00385078692790283
28294751	0.000955856761040843
28295861	0.0136345824224943
28296531	0.00566437298106506
28296640	0.00126814514017896
28298420	0.0177881092709938
28298580	0.0010234966031774
28299670	0.00236670618582925
28300671	0.0103666461032265
28300780	0.00601400541488696
28302201	0.00351185054426651
28302461	0.00209443192750886
28303690	0.00291900439283932
28304380	0.00294053690758268
28306130	0.0012306549657755
28306170	0.00121070400311622
28307930	0.00107483205697926
28307971	0.0083012512138888
28308060	0.00701277867371632
28308360	0.00100322043424907
28309781	0.0186457574517323
28312271	0.00111330345983344
28315031	0.00311141947853239
28316490	0.0196502003063906
28319800	0.000918980850887136
28320671	0.0160794052077214
28321071	0.0014521726471212
28322461	0.000941618244615696
28322751	0.0687575281307577
28323370	0.0534428757701539
28323530	0.00118111616069265
28324811	0.00132491169791453
28328241	0.00824007883213559
28330140	0.00461343189298221
28331971	0.01941088125319
28338010	0.00245949502169719
28340681	0.00128892263587059
28340801	0.00637784613512785
28341860	0.00854496866478914
28349320	0.00160579950692959
28356391	0.00145094494919353
28357850	0.00279611867372815
28359411	0.00397029444991129
28360480	0.0530590815552809
28361730	0.00108030663215834
28365921	0.00120547782002488
28367971	0.00305729157807973
28368890	0.00128086434625269
28371110	0.00435423031944553
28372510	0.00258188438336696
28376080	0.00239698307852844
28377351	0.00182156830180369
28379291	0.00107030057731476
28380490	0.00256992150923853
28382280	0.0306274445301939
28382581	0.00239523626073333
28383431	0.00134038368233804
28384080	0.00109231026923489
28386741	0.00172762798608582
28389300	0.00140817643405422
28389710	0.00177685920684079
28390820	0.00146082373111687
28393911	0.00511964686028569
28395250	0.000991086210031132
28396340	0.00788000195452105
28396490	0.000929945887272815
28398290	0.00179007198877582
28399711	0.00619607969385055
28401850	0.00691797763454231
28402191	0.00103837722907932
28404200	0.000980390240287468
28405440	0.00206446578816251
28405880	0.000918980850887136
28407421	0.00237396287695316
28408900	0.00679741802739007
28410530	0.00328414728428872
28410731	0.0010190581236759
28413440	0.00290854144653746
28414690	0.0060927335718997
28416111	0.000998723444980436
28418010	0.00417021258157316
28419151	0.00304736726157422
28419421	0.00395275744131355
28419971	0.00182409410633091
28420511	0.00185634871818466
28420880	0.00126942666357331
28423271	0.00118503810521843
28423281	0.0241923968933507
28424610	0.00623788706988251
28426710	0.00174541312850767
28429201	0.00116878101985737
28429730	0.00259188408636176
28432180	0.00146930334058627
28432391	0.00276830056324868
28432600	0.000979146537096142
28433771	0.00136945444013438
28434721	0.0013431405976025
28437040	0.00146097317539221
28438451	0.000980636768828212
28438601	0.00238225634681329
28439541	0.25244811628708
28439660	0.00373604765261722
28439940	0.00655428326024137
28441030	0.00318689266624968
28443821	0.000970547593681989
28444781	0.00194520577548338
28444791	0.00517062447606329
28446451	0.000935291756443324
28446560	0.00182079968605684
28447780	0.00233074332938708
28448600	0.00227868994099659
28449880	0.00236433077296624
28450290	0.00176419041517489
28451640	0.00187421880621172
28456511	0.00121400993490985
28459770	0.0125779485746187
28459940	0.00106853200638444
28460091	0.00199489219958882
28460521	0.00143734610893146
28461201	0.0578928522752022
28462150	0.00361170984170928
28462550	0.00306210997108587
28463500	0.0191648765730414
28466041	0.00130035171086342
28466690	0.00469446832919191
28467080	0.00100751149624692
28468760	0.0014025228699228
28470441	0.00344692085483002
28471681	0.00249190897425454
28475350	0.00237358122584825
28475370	0.0368739888231993
28476080	0.00105294986240093
28477191	0.0107669485022383
28478800	0.00267183601475769
28480661	0.000968667419472924
28481040	0.00320011066113115
28483151	0.000933819304287012
28483240	0.00408129406073413
28485310	0.00103267120373668
28489191	0.00412209515121605
28490560	0.00257414986069369
28492480	0.00174084457814332
28492791	0.0742572234278278
28493351	0.0284420366521463
28495001	0.0017637429013209
28495520	0.00123393145557997
28495640	0.00175748114481448
28495701	0.00173518573262603
28497150	0.00184682233687497
28498680	0.00100406966456594
28499210	0.003584828651808
28500200	0.0123647739906935
28500381	0.000971615235243248
28501590	0.00100973098731974
28502451	0.000962845530112259
28503141	0.000938411716316521
28503510	0.000989704526276014
28504941	0.004033422552453
28505071	0.000918980850887136
28506520	0.00163132406550792
28508381	0.00104703604186306
28511121	0.352884596016796
28514731	0.00189611582273412
28522530	0.00129176949691801
28523490	0.00212759096350522
28525461	0.00102547513534258
28531411	0.00171903992746661
28532340	0.00104875048022369
28533550	0.00391211014541033
28534701	0.00100075595070109
28534930	0.000987480178535893
28537290	0.00182550478491673
28539070	0.00138631855674125
28541191	0.000918980850887136
28544720	0.000998664488756561
28545481	0.00463150551689991
28545850	0.00180222247347013
28546841	0.000947953908043668
28548231	0.0017676992827963
28549440	0.000977887941528234
28549751	0.000935593614326021
28549980	0.00277285756184747
28551141	0.00107147825843426
28551681	0.00139591810690687
28551900	0.000940586579227839
28552521	0.00113592557318555
28553030	0.0347864484621913
28553321	0.0169964400710021
28553840	0.0179669600863764
28555001	0.0075041818253399
28555801	0.00105491582547499
28557560	0.00106394562668207
28558540	0.00654533828660759
28559080	0.015120299290181
28559531	0.000936688984383457
28560030	0.168975547803846
28560730	0.000946451225873545
28560911	0.00454725012263088
28561071	0.000959211857442977
28561450	0.000918980850887136
28563760	0.0201752883016508
28571510	0.0018106533748751
28574540	0.00122104767123146
28575681	0.00370128001343495
28577751	0.000930714598691941
28579121	0.00507332782398061
28580470	0.0128578485105337
28580771	0.00759038187141016
28581000	0.00123879798445668
28581191	0.00103742975640297
28581580	0.00107831685073158
28590690	0.00254412275887493
28591930	0.000969786076061852
28592091	0.00170622355482487
28592371	0.00097045961643861
28594861	0.000968667419472924
28596880	0.00137962763792162
28598291	0.00546511501598756
28599790	0.00183344828826577
28600371	0.0111431506220708
28602171	0.00442250468842672
28603630	0.0011081264521404
28604440	0.00148798427588027
28604620	0.0011065721998763
28609410	0.0162842889644797
28610250	0.00342296105707445
28610281	0.00188242215521166
28611790	0.000998723444980436
28612040	0.00124128611397298
28612730	0.00212422095007197
28614031	0.00153108064997757
28614851	0.000936008510225221
28614981	0.00216298772227238
28616020	0.00105154683292998
28618151	0.0179828091714205
28618370	0.00121050997234712
28619100	0.00285117375031572
28619200	0.00200676255987811
28619210	0.314973908689063
28619630	0.0025637236986868
28619640	0.000916818858408939
28621830	0.0063604701457394
28621891	0.00101188172454457
28622640	0.00115509268648674
28622820	0.00104897217541479
28622920	0.00327534766325634
28624870	0.00277685337325002
28624990	0.00233540229173287
28625690	0.00208029039951543
28626670	0.00519749640736657
28626701	0.000968667419472924
28626800	0.00106121414823313
28626810	0.000948945884040681
28628990	0.00168288424939712
28631500	0.0149987337355486
28632771	0.000951581012906209
28633300	0.00923918054584588
28633970	0.0134834464592598
28634400	0.00357739934012341
28635070	0.00166806220509804
28635880	0.00187064453527352
28636580	0.00102331658309215
28636921	0.00103038649922262
28637871	0.00105533842593265
28638500	0.00159739007084072
28638640	0.00175231357762605
28638950	0.00103517911743064
28644730	0.0369412368269229
28646431	0.00212448142382019
28647801	0.0172021753469611
28649570	0.0176386260724565
28652771	0.295746478365129
28657270	0.00564925288544952
28663050	0.00166890217009349
28664610	0.00163288651719553
28665140	0.00424460864703771
28667220	0.0025880949109884
28668501	0.00206433023661182
28669020	0.00311157589334729
28672761	0.0131939923634645
28675740	0.00905511785166574
28675801	0.0517387583761661
28677680	0.00168940809391673
28679780	0.00228668688749491
28682291	0.00114797403243878
28682380	0.00179477092630738
28682831	0.000918980850887136
28684580	0.0100832665257809
28685000	0.00306840743274888
28685471	0.00443529559392975
28686571	0.00591927577314536
28686920	0.00178517716667295
28689990	0.00260546602671479
28690080	0.00543208193513464
28691760	0.00100061598826292
28692071	0.00097643856788972
28692310	0.0147768711617541
28696430	0.00296717443233565
28696840	0.00333217824499397
28696980	0.000987369137433474
28698431	0.00124619023849326
28698790	0.00112829163108937
28700870	0.0113235253210661
28701171	0.00277579694661175
28703220	0.00215995812535201
28706561	0.00180852432623991
28707340	0.00113145967855273
28707931	0.00182144562355621
28708150	0.00126752612844675
28709881	0.000958114944430976
28710390	0.00115546100989115
28712761	0.0011529233577624
28714421	0.00102701493946248
28714660	0.00114445650398249
28714920	0.00507720395408594
28715101	0.00284538672328924
28716310	0.00703623314336613
28716460	0.00107114377780854
28717420	0.0013034815402894
28717851	0.00126873509676641
28717980	0.00346044019611889
28718520	0.00147997582797055
28718810	0.00626547818273422
28720020	0.00297421240800033
28722250	0.0321421380156685
28722910	0.00250442828993074
28722940	0.0261442461361937
28726500	0.00106630903090116
28727910	0.00142298219971587
28729161	0.00101607564214941
28729591	0.00105659031827681
28733570	0.00237025558577103
28734151	0.00208967375216369
28735640	0.0138325724056883
28736211	0.00186209202028791
28736860	0.00102419149096411
28736901	0.00222158868208789
28741031	0.00172346976593739
28741581	0.00404560991284886
28742090	0.00408249666859912
28744751	0.0265517337054289
28745540	0.00488808622920803
28746001	0.0018763820132034
28748700	0.00663914881812795
28749270	0.00134980168418138
28749851	0.00155211818071913
28750701	0.00361261184007647
28752211	0.0572668716328981
28753830	0.208008010054743
28754350	0.0022567451671177
28754821	0.00110219067345846
28755200	0.000992797588569422
28756160	0.00110178691341974
28756170	0.00101164523172416
28757280	0.00095410843851157
28760891	0.100169808210082
28762500	0.00368597712991095
28762951	0.27677039149992
28764280	0.00173551533961643
28765960	0.000990544541364913
28767661	0.00189009375403226
28768211	0.00432851406617578
28768450	0.00339979021949054
28768830	0.00199866650394222
28770271	0.00108414496291437
28770961	0.00132117890061821
28772460	0.00108799179761022
28773321	0.00107017684189784
28773560	0.000993457381299932
28773690	0.00193046058687321
28774141	0.00365371726624092
28774220	0.00154346321428676
28780300	0.00331537528497256
28780341	0.00260366850462223
28782951	0.00275984664114137
28783320	0.00307061698234755
28783340	0.112132181627759
28784040	0.0026762096795707
28785031	0.00166884949305748
28785550	0.00207197137283001
28785950	0.00100502745259351
28786821	0.000961486837367148
28787231	0.001294765900411
28788460	0.0089031739389704
28789451	0.00158927286714715
28790350	0.000959837998518783
28793311	0.000925380932952562
28793380	0.00121891670789492
28793540	0.00148378677356778
28793830	0.63322835298447
28794520	0.00169352282762737
28796170	0.00298884046750625
28796491	0.0498304735765246
28796631	0.000924371789200717
28797270	0.00261591448885488
28798561	0.000940778287919548
28799890	0.00324064919739865
28801010	0.00419862109003263
28801410	0.000984199439854608
28802940	0.00310356713830356
28804491	0.000925430865316188
28804980	0.107562512435369
28805571	0.000950195945497624
28806940	0.0405190977906278
28807480	0.00135991299075661
28808010	0.00124352699649407
28808471	0.0181958309569865
28809000	0.0011904519706481
28809581	0.00737318705846278
28813140	0.00115120348430272
28813841	0.00356874949784555
28814110	0.00119597559055246
28816450	0.00178340291477904
28817390	0.00152413677926756
28818240	0.546425577376107
28818370	0.00621073417743586
28818630	0.00393148467920989
28820160	0.00112189127577878
28820410	0.0745988705668895
28821540	0.00355522002210085
28823320	0.0043606769614917
28823501	0.0535993772789977
28824351	0.000944525655681348
28827231	0.00849189424254747
28827880	0.00318613262120373
28828030	0.00106928928507889
28829270	0.00120123413921464
28829981	0.00107781461900284
28831890	0.00232290213715426
28832150	0.00101632562490349
28832590	0.00184405184718906
28832850	0.00106761972554019
28833410	0.00235948700740244
28834961	0.00102662696760029
28835231	0.00254389502286378
28836061	0.00151891500005817
28837650	0.000978098473624812
28837701	0.000957291107202645
28837711	0.0034518489997671
28838510	0.00478138334777981
28838790	0.007359461158821
28839081	0.00815695661569749
28839740	0.00219556149229292
28840150	0.00362021156390079
28841301	0.00187311133914683
28841550	0.00365282203818938
28842790	0.00287972625002572
28843210	0.00130447846083064
28843740	0.00102242638783553
28844611	0.00421744462490192
28845260	0.0028531965821845
28846831	0.00375751512300427
28847340	0.167584276038797
28847900	0.00172665586813412
28848481	0.00205569857779112
28850090	0.000918980850887136
28852211	0.0717366789360274
28852410	0.0153824661872172
28852731	0.00102352132735859
28854490	0.00393031656570102
28856860	0.00101969547509666
28857171	0.00327954352008377
28857970	0.00141837192393443
28858801	0.00149281402404095
28859170	0.00230539369171002
28859600	0.00174620354128127
28860300	0.0631298153805236
28860601	0.00970606644350594
28862920	0.00210041468033576
28866240	0.06378888207289
28866541	0.00663764547682515
28866770	0.00129981675995703
28867491	0.00247623567921119
28868471	0.00135306269037705
28868690	0.00118690922989905
28868720	0.00196319830926979
28868741	0.00111642706870459
28869281	0.0175087519920168
28869510	0.00172422376926833
28870640	0.0222371161075683
28871480	0.0011066239114108
28872140	0.00109180077307659
28874510	0.00270295730836386
28876680	0.000987340005168347
28876710	0.00774939528189967
28877171	0.00420730131556798
28878401	0.00121318831044337
28878521	0.00175491072848922
28879880	0.362036078796559
28879911	0.00208911904200958
28880030	0.000952436988962221
28881380	0.00163877165900152
28881930	0.00713773359919654
28883850	0.00696100693903532
28887170	0.00110330855885893
28888860	0.00293384034665955
28889711	0.0953042311835589
28895091	0.00286469910197928
28902811	0.00341772850962178
28905991	0.00507282415728693
28906681	0.00416328824226193
28908321	0.00117544061000219
28913011	0.00283324382454758
28920000	0.00275342044270503
28920461	0.104042467858511
28922210	0.000989953799810056
28923860	0.00526764375741858
28924331	0.00718507259047961
28925441	0.0102814792024039
28925571	0.102135734174073
28925841	0.00108797780254659
28927361	0.00298528738046935
28929571	0.00165286264550752
28933011	0.00173602581034604
28934261	0.00121920603696001
28934340	0.0127536020470025
28938131	0.00274081370459284
28939351	0.0229865711302647
28940031	0.00166680723280333
28940601	0.00379170044292673
28940690	0.00237161589436596
28941940	0.00624555074904253
28943091	0.01412062855313
28945360	0.00348789249715542
28946620	0.00352036025192209
28947590	0.0232820320796463
28948680	0.000997069315078326
28949120	0.00707245196774251
28949520	0.000936971493916561
28950490	0.002975117069374
28952260	0.00096292342226349
28952321	0.00161475047349335
28952601	0.000968667419472924
28953571	0.000984676606955178
28954890	0.000930714598691941
28954920	0.000965796998181277
28954931	0.00194632293065389
28956611	0.00215505036462959
28958661	0.0020537459112659
28959170	0.0023309717238517
28959201	0.00162181178634216
28959980	0.00100803305894057
28960051	0.00289984105813064
28961141	0.00493127177225824
28961820	0.00458062177182406
28963730	0.00525530130030875
28965940	0.00266204312615271
28966811	0.000918980850887136
28967980	0.000918980850887136
28968041	0.00241164775613435
28968990	0.0427065555376467
28970230	0.00113891982045426
28970360	0.00107067527923995
28973500	0.00213871925113645
28973540	0.00213869001653905
28973810	0.00172379765542689
28974760	0.00157663083981474
28975850	0.00125407533664635
28976280	0.000994726898091115
28976430	0.110379200537503
28976970	0.00109303435882719
28977110	0.00171753583819667
28978080	0.000968667419472924
28980530	0.00363211064598197
28981800	0.0443126046630279
28982470	0.0018081629368424
28984041	0.00137241630179232
28984160	0.00206634738189079
28984260	0.00241014379355715
28984390	0.00315061240942736
28985691	0.202112139979151
28985810	0.00647473859863251
28986600	0.0013253744680398
28986791	0.00101793093819875
28987201	0.00397946156634649
28987501	0.00282269197023667
28987840	0.00189936368826821
28987980	0.000949464323619757
28988430	0.00101646821641095
28992700	0.00973364778349776
28993770	0.00167434114352291
28994531	0.00302723510415241
28997770	0.00212786389893146
29000690	0.000918980850887136
29001380	0.00104676232502846
29001650	0.00972078917079516
29001950	0.00178084243554329
29002111	0.0687460544994578
29002261	0.000918980850887136
29003570	0.000947737433152032
29004031	0.000975408832535324
29004940	0.00176961808016271
29005380	0.00261278364675007
29006500	0.00212701745737106
29007150	0.00194788715095174
29007771	0.0535196237557009
29008260	0.00483862445759497
29009810	0.00207418526559649
29010490	0.000968667419472924
29011310	0.000994919501862852
29011560	0.00134207158465043
29013400	0.00158358376605847
29018910	0.00157142416511472
29020741	0.00234056325811988
29020810	0.608547497073782
29021920	0.000958939745303909
29022350	0.00155115049220221
29027160	0.00114926047575871
29027341	0.0440248724445397
29027491	0.00979077472465436
29028451	0.00880099577974534
29030330	0.00112523288571055
29033380	0.000983550715795652
29033390	0.0010226547146353
29034070	0.0167353078307277
29034320	0.00319609683781742
29034490	0.000930714598691941
29034610	0.000971563098590279
29035331	0.00111532747153624
29035771	0.00337568746835269
29037100	0.00107746384143409
29038241	0.00385221139017712
29040110	0.00123409624036763
29040280	0.000966163069269102
29040871	0.704092764988396
29041401	0.0567274142656612
29041411	0.00165390752011301
29043320	0.0019014709711149
29043740	0.00117338469746602
29044270	0.00285053534631416
29044311	0.00148359482885598
29045810	0.00106002989052174
29047970	0.00499569283626598
29048441	0.00440001901227772
29049541	0.00300681829784897
29050600	0.00275906973767325
29051040	0.00151572561835017
29051570	0.00100803643808989
29052181	0.001247971543174
29054070	0.0012459655865291
29054241	0.00171656341709732
29055201	0.00120740024274607
29055481	0.000998723444980436
29055700	0.00247809880613137
29055751	0.00105629737950786
29056150	0.00115008963043495
29056560	0.000918980850887136
29056700	0.000976973246461965
29056970	0.00170229007339024
29057900	0.000947737433152032
29060000	0.00108036901194066
29060970	0.00250909591701651
29061220	0.00986686212003747
29061561	0.000947476938917784
29063580	0.00297984027766837
29064171	0.00113209682181013
29065271	0.00110801579251474
29066781	0.000918980850887136
29068000	0.00154474745378056
29068321	0.000949608376284379
29068451	0.000918980850887136
29068540	0.00849878825037885
29069110	0.000918467714810656
29069630	0.000947233567991935
29071191	0.0019087182049512
29072721	0.0041303608601126
29073380	0.00734641818564787
29074730	0.0012781219310761
29074760	0.0067716735465538
29075860	0.0109289287555163
29077261	0.00138748885073406
29077401	0.00306366439017958
29077900	0.00115979413658929
29077920	0.000992346054535266
29077951	0.000947737433152032
29079420	0.00701197572433132
29079430	0.00108648264521032
29080721	0.00525545817335949
29080830	0.00109964960066627
29081281	0.00427880668122973
29082350	0.00140779776443344
29083631	0.008001038953025
29084981	0.00107235182910049
29085141	0.123675486150554
29086111	0.00107885905018118
29086450	0.00166140301855737
29086480	0.00552631984765616
29086620	0.00360071182341252
29086740	0.0645122293867579
29086750	0.593104672981569
29087881	0.00239202819598741
29088161	0.0169218764657311
29089121	0.000980767605560654
29089210	0.000997007371903892
29089230	0.00183452824680528
29090320	0.00743750377997277
29091010	0.00317657039975885
29092021	0.0011397532648397
29092031	0.00277422351454875
29093261	0.00109871238197054
29093660	0.00101364813756144
29093930	0.00289986291439477
29094310	0.00100806756871065
29094361	0.00204041825046811
29096130	0.0276196941633053
29096280	0.000998328027679185
29098610	0.0127231962625522
29098750	0.0283202742480993
29098870	0.0189260310312888
29100400	0.00345659711436281
29100851	0.00126533005072231
29101281	0.00205367335830776
29101760	0.00832517379585004
29103040	0.00185983841246924
29104520	0.00116453797737985
29105500	0.064826781581722
29105971	0.00115256974380694
29107140	0.000935291756443324
29107180	0.00203539010563441
29107590	0.00282071085857185
29107611	0.00210795300125532
29107761	0.000953222445408144
29107860	0.0010530122067058
29107980	0.00267488459963976
29108540	0.00106494476445032
29108970	0.00322590988702206
29110310	0.00102823759858765
29110450	0.00142670798014747
29110750	0.0223417273984801
29111420	0.00158397743017423
29112830	0.00123873157244306
29113070	0.00550946720530766
29115201	0.00219819884197609
29116680	0.00548245252362719
29117671	0.00176106635291204
29117760	0.00106893477173754
29118081	0.00131126512537006
29119000	0.00101031948775243
29119481	0.0182986929606936
29119901	0.00100197247116078
29120571	0.00113343303506964
29120830	0.00230069498083626
29122641	0.00138041504085982
29122880	0.000931209685051038
29123010	0.00164649840484157
29125121	0.00106980874556814
29126381	0.0198495234055008
29126580	0.00159740332333889
29127211	0.000957458978063429
29127550	0.00413288836280215
29129251	0.00278081524768803
29129370	0.00109668033463794
29130661	0.00115509550970978
29131030	0.00094459379769593
29132981	0.00711123264036195
29132991	0.000938411716316521
29133401	0.001380494896322
29133900	0.000924371789200717
29134480	0.000957765949565403
29135440	0.00120883283478793
29135601	0.000918980850887136
29135970	0.00166290544171876
29136451	0.00255775294242715
29136520	0.000929945887272815
29136800	0.0016661375351398
29137780	0.001153345570931
29139071	0.000974524517466369
29139850	0.00415299731185267
29140810	0.0259969474887429
29141821	0.00156416087161422
29141930	0.571262115011784
29142330	0.00097425126247645
29142791	0.000958442114927894
29143990	0.00202355980639573
29144110	0.00103671200267338
29151731	0.0312978874982128
29154190	0.00703192559796011
29156400	0.000947737433152032
29156431	0.00214150614434655
29157770	0.00566809712521969
29157941	0.037230159992638
29158190	0.00101043482792238
29159830	0.00102659376509562
29160011	0.00122251042506475
29160660	0.000937201382302837
29160830	0.00123578970791215
29161691	0.00253090381853942
29162310	0.00105979017229409
29163420	0.00183149594729832
29166101	0.00290924502182107
29167881	0.000918980850887136
29168301	0.00158826215724035
29170241	0.00390097723486288
29174361	0.00692754046370451
29175160	0.00292564745558423
29176530	0.00151585934429949
29176650	0.00333298763854557
29176820	0.00556808470756335
29176991	0.00139699294801903
29181090	0.0216863460296508
29181411	0.00213853262008886
29181500	0.00105184398905274
29183061	0.00579608666278462
29183451	0.00196529533040388
29185380	0.00282032028716972
29186211	0.00153074661201304
29187130	0.00264293926848531
29187201	0.00136619197902066
29190511	0.00118411707995453
29191321	0.00451471058983127
29191471	0.00219843130109057
29192790	0.00332209336756146
29193951	0.0019128661424849
29194771	0.00222149355740217
29195160	0.00196000650286961
29196011	0.00121401920305565
29200421	0.0111429898458139
29201770	0.00105176967217713
29201790	0.00165403213788424
29201951	0.00118339735984854
29203420	0.00113684630475842
29203591	0.00349084394978073
29206890	0.00345364533467518
29208561	0.0024354180791642
29208790	0.00102759966449182
29209780	0.00183977754008877
29209801	0.00344575370127891
29209811	0.00256228525303473
29210890	0.0190724114846962
29211451	0.00119124879972078
29211741	0.00375777180639931
29212240	0.00666736292868268
29213121	0.00100566111327809
29213821	0.0406615869105004
29215420	0.00389973453577086
29215700	0.00170167842156961
29216370	0.00194981274949863
29220810	0.0108940713662195
29223430	0.0054760920714587
29223580	0.000918980850887136
29223720	0.00207096518956546
29229210	0.050966204405346
29229900	0.00222980741239687
29232820	0.00337244826239001
29237740	0.00345210459371793
29238300	0.000930714598691941
29243461	0.00774108659153294
29244940	0.0186746476093407
29246720	0.000948945884040681
29249381	0.000942863007090381
29249640	0.0125570424019073
29251410	0.00665633848657184
29254320	0.00201914599991398
29255321	0.00366220543219165
29256161	0.00251875894776694
29259270	0.00120749172017979
29259950	0.00667664766997989
29263150	0.0129412647277861
29264380	0.00201135621002509
29266880	0.00186488427423136
29267120	0.00105182704801988
29267680	0.00123874624788087
29267950	0.0439768342685865
29270310	0.000959837998518783
29271160	0.0246479341566774
29271581	0.00192450621848648
29272411	0.000956646870384948
29275410	0.00329455569211697
29277381	0.000922616981868693
29278150	0.00447400378546972
29278460	0.00202380874297553
29278700	0.517116389535692
29279130	0.0010548093781493
29280640	0.0011321441925392
29283031	0.00376998737482347
29283140	0.00109297999840264
29285671	0.00101373132068487
29285750	0.00440748278829695
29285890	0.000918980850887136
29286320	0.00104883876259488
29286470	0.000955581988375794
29287020	0.00311025016223793
29287031	0.00147463058410586
29287560	0.00203825229435431
29287731	0.0104269719983618
29288250	0.0122762311739348
29290891	0.00187341937010837
29291461	0.369813774968109
29292380	0.00165200299083023
29293760	0.00517385342197277
29301661	0.0195295405936656
29302040	0.00224578623465414
29302450	0.00621217354278406
29304561	0.00130667080800512
29304640	0.00150988080119117
29305090	0.00732827870334459
29305791	0.00401358247512397
29306190	0.00390164042734426
29308910	0.00614908556162779
29309640	0.00118167819642711
29310570	0.00175012329916302
29312431	0.002674386371608
29314560	0.000950393325639153
29316630	0.0029438300991736
29318020	0.00189209471853195
29318980	0.0145564240699108
29321360	0.00321625011646451
29321750	0.00161582250236013
29325801	0.000919877252857519
29326471	0.0547246220440492
29328110	0.00126915047099964
29328281	0.00833302506316296
29329490	0.00159944857105968
29329651	0.00191623018041684
29330290	0.00559642520519926
29331430	0.00116484837868579
29332401	0.00140550424739434
29333661	0.0132439922642119
29335390	0.00162707119235319
29335940	0.00665957941482056
29336701	0.00492165505589782
29336910	0.00153729571070418
29338460	0.286190320132935
29339830	0.00208102844753449
29341470	0.00204047364638382
29341921	0.00285281694280427
29342471	0.00268202557477698
29343161	0.000918980850887136
29343800	0.00959572742014337
29344261	0.00134998676200102
29344561	0.0011659673036285
29345091	0.00570135353232098
29345470	0.0020128632747956
29346700	0.00238698372294068
29346730	0.00103753095636881
29347161	0.00093408182161631
29347851	0.00593733478226757
29348281	0.00201985234809109
29348681	0.00393736480406771
29349190	0.00123407456413384
29349651	0.00367091096722491
29350600	0.0191336747085203
29350621	0.00116347582563642
29350850	0.00436277397680678
29351591	0.00105812773487929
29351940	0.00241408501399355
29352001	0.00295668210529469
29352131	0.00267300346821072
29354051	0.00225157951229151
29354160	0.00597444457124251
29355041	0.00512102813221013
29356920	0.00364065248220312
29357391	0.00241127845326125
29358420	0.0121627142244534
29358980	0.0021598410156095
29361921	0.00105392222694642
29363810	0.000986687792577057
29363960	0.00479239446006322
29364640	0.00416974271132102
29365490	0.0163026154368094
29366160	0.00105315362690412
29366491	0.00141323970294045
29366631	0.0017771642255322
29367110	0.000975217690730276
29367581	0.0526905697779487
29368100	0.00169961546851928
29368551	0.0023791576200015
29369371	0.00133596226103345
29369931	0.0102295000444337
29370860	0.000982747182895308
29371530	0.00197917754246506
29372510	0.0020199383049536
29372790	0.000959045256103019
29372930	0.00466395312800355
29374761	0.00114958696119657
29375871	0.000947539276342793
29376250	0.00226736280299421
29376551	0.0377697788754879
29376811	0.00243890713661394
29377460	0.00113620880247773
29378180	0.00295978159954606
29379280	0.00308345067828918
29381511	0.000935291756443324
29381941	0.00110168729416252
29384930	0.00180016268561543
29385750	0.00173115324405458
29387981	0.0965354681682345
29388510	0.00933113021433704
29388630	0.00205890255349186
29390140	0.000918980850887136
29390690	0.0134371415540937
29392121	0.00182564216799012
29392780	0.00161011449558646
29394170	0.000987480178535893
29394331	0.00312989289766587
29394751	0.00312490348905524
29395270	0.0027791042970791
29396681	0.00273894295668756
29398491	0.000975959184743542
29399151	0.00123938284742619
29401630	0.00183397655790778
29402410	0.00253815063340684
29402761	0.00291360737501282
29403701	0.0010033865430944
29404961	0.0034951647279347
29405900	0.00876095102058774
29405911	0.00129231013175882
29406051	0.00133143947914179
29406840	0.00642200404719021
29407031	0.00125436319935425
29407680	0.0012623764402611
29408001	0.00262361565199513
29408531	0.00269123961164864
29408551	0.00101520876852409
29409241	0.0010284915332223
29409880	0.000948776870360145
29410010	0.00297040860879374
29410891	0.00370218527495868
29411130	0.000956023794578853
29412660	0.00338415998102634
29413241	0.0243436757732351
29414170	0.00687846678778158
29414310	0.00146767620079706
29414410	0.00414784380385271
29414550	0.00386084817531188
29415960	0.00121622859688287
29415970	0.00196688898480936
29416121	0.00166459020706937
29416261	0.0133573485560625
29416520	0.017735892111755
29418010	0.00147914660805886
29418741	0.000998936618591285
29419260	0.00603048016561731
29419530	0.0203369114715574
29421310	0.00193089492651421
29421340	0.00193203212133312
29424951	0.124190274963445
29425190	0.0010723249452406
29425310	0.00466139248378105
29426430	0.000973460617477018
29427940	0.00814862794240574
29428340	0.00103237910568534
29428760	0.00122254954272418
29429781	0.00320400015985063
29430020	0.00401676991917233
29430270	0.000986072652046614
29430290	0.00116675315573566
29435721	0.00284166270927649
29436340	0.0018461991714467
29437371	0.00317345996327647
29437521	0.00340924005845965
29437890	0.00131479969714803
29438300	0.000931209685051038
29439270	0.00109294348271828
29440650	0.00713071975275663
29440750	0.00234079840367896
29440951	0.00208875421183624
29442550	0.507300902221773
29442560	0.00231849440911915
29443820	0.000924371789200717
29444380	0.0142309435907414
29445060	0.00119998962885051
29445091	0.00101602370956307
29445480	0.084857121294598
29447540	0.0243990564006013
29448251	0.006145677477325
29449180	0.0906234984700526
29450341	0.00118804556126259
29450430	0.00101016975632715
29450960	0.00356453463809634
29451711	0.0257535720737088
29452220	0.00102706365326852
29452551	0.000938411716316521
29452691	0.000929496194662656
29452760	0.000950637507623059
29453491	0.00162617917028306
29454341	0.0171653940037542
29454560	0.00113946647446928
29454850	0.0148088237028072
29455530	0.00210255120059545
29456131	0.00382738964714979
29456821	0.00437719815068883
29456961	0.00121535916176688
29457241	0.00171775278767022
29457511	0.00337247278811353
29457921	0.00295589155698859
29460920	0.00100434266566821
29461320	0.0140113810563985
29461880	0.00174497181137606
29462191	0.00131168151779144
29463650	0.00279099889920679
29463940	0.00095066049786008
29464500	0.00118405506139857
29464620	0.00265492699202547
29464671	0.000929714362178527
29464920	0.0558328672234643
29465030	0.0030741713272103
29465901	0.00112915356926602
29465921	0.00126828950244231
29466030	0.00113518596412737
29466860	0.00317347721281199
29467130	0.00375321277420912
29467561	0.00121196263432454
29469300	0.00101383145454349
29471841	0.00199920489982611
29471940	0.00182480719563526
29473890	0.00229609718915972
29473921	0.00167086644764129
29475301	0.0009645490108554
29476391	0.000941480731514523
29477870	0.00223959157651988
29479810	0.00110977958582549
29480240	0.00269470896681485
29480271	0.00133368596700465
29481771	0.00857022466295302
29481901	0.001910339683001
29484080	0.00110879711402472
29484370	0.158334851005908
29484541	0.00607263607051947
29485470	0.00353512352162398
29487581	0.000923162048352424
29487691	0.000990479401775984
29487960	0.00202128223604162
29491100	0.0217102824361094
29494150	0.0157698072174275
29494591	0.00189636343328182
29496411	0.00189215698025681
29496890	0.00223822588927513
29497330	0.00119303923405931
29498181	0.000918980850887136
29498400	0.00374173020667825
29502680	0.00221858857917349
29504801	0.00107584352163597
29504941	0.00127466881809663
29505501	0.0049346365876136
29507390	0.00160264231777302
29510020	0.00378273629572478
29510540	0.00118334579826744
29511691	0.0745761424771792
29511820	0.00137309127090124
29511960	0.000951041328032693
29512241	0.00256062845544129
29512671	0.00200814400100661
29513211	0.00401985967917646
29514990	0.00208059423133006
29515001	0.0011514863892739
29516521	0.00194558159013391
29518830	0.00510532552560125
29520500	0.00104249569911931
29520750	0.0124578303618089
29521460	0.0013067412642427
29521570	0.000947499852792038
29522471	0.0043725358371261
29523680	0.000967300124093211
29526850	0.0800410294918868
29527260	0.00139393811222086
29528740	0.00150227429805496
29529481	0.00218766074446024
29529710	0.000997121408508611
29530160	0.00114623860412602
29530410	0.0365614293277766
29532531	0.000996030916011847
29533850	0.000949519915135227
29534550	0.00162405602079631
29534680	0.00832890871765041
29535540	0.00122506463151245
29535810	0.00330808686295164
29535820	0.00531249313469245
29536251	0.00564594537432792
29538871	0.00472513522623147
29538990	0.00164106417137031
29539920	0.00325748912478836
29540080	0.0126510909859338
29540931	0.00791684011938093
29541081	0.00210265204757225
29541320	0.0013207092536651
29541570	0.000918980850887136
29543800	0.0814665437341188
29545600	0.00135690890607358
29547431	0.0026874944369805
29548661	0.00101132077434838
29551240	0.003394606032385
29552801	0.000966947480255929
29553740	0.00372531576313909
29554181	0.00110758887048153
29555640	0.000938411716316521
29557221	0.0107539078736576
29557310	0.00141314137875608
29559510	0.00101754201810754
29561781	0.0030658634828971
29561901	0.00149408659232589
29562160	0.0228617999212919
29566570	0.0022092109909684
29568050	0.000987919232502468
29568750	0.00108920201825947
29569091	0.0365478734489906
29569491	0.00531535448874379
29571021	0.00102675530195191
29571131	0.0173790264016317
29571220	0.00293294171834314
29571950	0.00332417757255973
29572330	0.000951722003220392
29575281	0.00108365543327105
29578120	0.00191401835277832
29579141	0.00601926461956841
29579920	0.000916975794791156
29581320	0.000947737433152032
29585430	0.00113749573988161
29585440	0.220130745799997
29586560	0.00187604128149553
29587220	0.00183445469486889
29587380	0.00100818755160059
29588050	0.00289722984153543
29588350	0.000918980850887136
29588740	0.00125427293486885
29589870	0.00110299859784475
29589990	0.000948945884040681
29591821	0.0246438503168748
29591831	0.00115270455107052
29592600	0.0337566860491938
29592890	0.00581119504395051
29593720	0.00100266670469957
29594031	0.0020651640737303
29595701	0.00112168650145196
29597010	0.000974349545572814
29598290	0.00363417987698806
29598461	0.003558170801431
29599530	0.00250925516188428
29603500	0.0275611335556423
29608890	0.00223398086710614
29609361	0.000959837998518783
29610991	0.00229634042038991
29611500	0.00336286691968211
29617170	0.00178143641116672
29618171	0.00177400225328621
29620040	0.00856573673143621
29620870	0.0025461435449814
29621990	0.000930714598691941
29622110	0.00546099972297205
29623541	0.00103000689347058
29624050	0.00171660769884098
29627100	0.00118663951315627
29627650	0.0219016320369801
29630010	0.000990681649274737
29630161	0.00103115681072085
29632630	0.00315490976422938
29634000	0.00193535609802873
29634871	0.00119242160158557
29636080	0.0751793943694553
29636091	0.0018613666500495
29636770	0.00113990980249826
29638150	0.0101566401569515
29638690	0.00996631513555258
29640470	0.000945499642860826
29640531	0.00158496248334687
29640900	0.00106366222332914
29642970	0.00189482853247885
29644730	0.00399766830706781
29648060	0.00383864164038561
29648750	0.000928244913337972
29649071	0.000988141965899146
29650410	0.00191758554852899
29651541	0.00105470182843354
29653850	0.0010595215245417
29655151	0.00516133457473086
29657710	0.00908657776911051
29661061	0.013316042051814
29661990	0.0027283084357137
29662321	0.00846280103481687
29665570	0.0862006823479382
29666520	0.00162110493962024
29667250	0.00122518903197355
29667350	0.00116063515689157
29667701	0.00110641766390826
29669040	0.00109633473370934
29671681	0.00289542021575513
29674571	0.0046767565527498
29676080	0.00243499502039731
29676210	0.000973684719025204
29676371	0.00100407236203038
29676521	0.00566235477476035
29678851	0.0012270240473734
29679001	0.0293681303362109
29681211	0.00641027919450299
29684070	0.0564861468211863
29686520	0.00152877619958076
29686981	0.000918980850887136
29687250	0.0016976679406616
29688470	0.00103833266490387
29689420	0.00347348900842699
29690021	0.393501612289398
29690560	0.00226933367518556
29691121	0.00107411606509388
29692050	0.00364195658923222
29692460	0.000940361115830715
29693020	0.00126435643982514
29694810	0.000984861946271928
29695490	0.00099530952729899
29696911	0.00877499469862355
29700070	0.000981911601952985
29700771	0.00142566765860293
29702390	0.000918980850887136
29702650	0.00125865181618274
29702861	0.00141777561607444
29703930	0.0011631682171023
29705710	0.00192952763372164
29706380	0.00102935756887029
29706721	0.000959837998518783
29707760	0.00309048045120388
29708361	0.00270026596842622
29709871	0.00285484052636148
29713830	0.0018355738524097
29714250	0.000918980850887136
29714280	0.00324327129946944
29716501	0.000975408832535324
29716791	0.0011136136500864
29718260	0.000959837998518783
29718311	0.00103000067962712
29719281	0.0264825266572456
29721170	0.000948926863061373
29721871	0.000948331003872586
29722820	0.00172733571023603
29725481	0.00105687229861969
29726721	0.00233102812995066
29726930	0.0337595769613715
29729341	0.0241452438462531
29729611	0.000977803354584977
29732931	0.0165479670333915
29733041	0.000963931642494872
29733860	0.00354504442075878
29734380	0.00133511375335664
29736170	0.00126311969052437
29736180	0.00123513682272256
29736330	0.00100008766519062
29739350	0.000979990659233337
29744600	0.0038082484711078
29744641	0.268788530017156
29745410	0.00133754532659707
29745720	0.00103352791893686
29747510	0.00115069499526117
29748101	0.0292017974251111
29748340	0.00127450787763721
29750380	0.00121928698795561
29750660	0.00121296546364493
29751640	0.00157498230069669
29751671	0.0154750260930176
29751770	0.0011517975380151
29752931	0.000918980850887136
29754861	0.000943243735935964
29755640	0.00126986766328493
29756600	0.00636316123305633
29756631	0.00438674869399487
29758120	0.00211847481205422
29758571	0.0750709891788213
29760050	0.033426603676167
29760200	0.0146674456542221
29761041	0.000918980850887136
29762581	0.00208781488571265
29763131	0.0009423614669854
29763411	0.000961113619719736
29763790	0.001516562118797
29764310	0.00638532559843653
29764480	0.00150371611850212
29764651	0.000935593614326021
29765270	0.00128098351609268
29765310	0.000930976244032915
29766390	0.00104624828677942
29767821	0.00219924867793352
29767951	0.061285910323164
29769960	0.00309128953748259
29770291	0.00105312280897337
29770950	0.0110194505999776
29771411	0.00179889195556071
29772641	0.183369144636599
29772791	0.00820940226396708
29774130	0.00209284314735991
29774161	0.00105356422892683
29774510	0.00978977966105017
29774520	0.0905291748218022
29776170	0.0041588597506205
29776310	0.00093647262439794
29778550	0.00382481431629683
29779100	0.00117453472017436
29779500	0.00663677792307434
29779640	0.00157924323245202
29780221	0.000992598337272701
29782790	0.0148803635044034
29784641	0.00103826558048707
29785030	0.00165482228779115
29785980	0.00141446025865493
29786260	0.0187008455405242
29786691	0.0422563410660872
29787630	0.000994438589072217
29787941	0.000930714598691941
29788440	0.00389487801621212
29788730	0.00216400960908763
29788921	0.00545498743714229
29789960	0.00539468449988052
29792361	0.00151696714686701
29793010	0.000989263369698173
29796600	0.00113035692967721
29798380	0.00295033988781637
29799811	0.0108198877122632
29800631	0.0214236482034902
29801061	0.00136311646820166
29801280	0.00108500298091653
29804081	0.000918980850887136
29804460	0.0026500435725491
29805611	0.00858941880029074
29806981	0.00125914465690533
29807821	0.000998268941460692
29809191	0.00120587837262849
29810790	0.00121545638544334
29810820	0.00805135464719009
29810950	0.00177141655849267
29811470	0.000940158586965325
29812631	0.000968388371545405
29814100	0.0053153724634022
29814660	0.00396206688900604
29815401	0.00220963490229962
29817570	0.00224971715464585
29819910	0.00187511128545657
29820460	0.00198987928828813
29821881	0.000985248046747592
29822780	0.00128553467996937
29825260	0.0033918257870604
29825560	0.00991991251393855
29825871	0.00118121027265796
29827220	0.0479085993157709
29828570	0.000924371789200717
29828750	0.00139408405699555
29829000	0.00595193338084418
29829400	0.00700596619938819
29831330	0.00224855678508838
29832160	0.00527285264330966
29833550	0.00143489201656207
29836091	0.00205454339180349
29836300	0.00691604358913507
29837601	0.00217971077062457
29839941	0.00664420229468476
29841861	0.000918980850887136
29844040	0.00138807759450431
29846090	0.462870269709467
29847381	0.00107105757098529
29850411	0.00318558633533998
29851220	0.00112461425919341
29852330	0.000991579110785686
29853420	0.0359256451902144
29854360	0.00107963860898825
29854910	0.00172228181636819
29855600	0.000918980850887136
29855900	0.000978254065197941
29857041	0.00187923387373003
29857530	0.000976334127845681
29857840	0.00240677181358834
29858260	0.00200190312816118
29860030	0.00124063030688418
29860160	0.000938411716316521
29860720	0.00191986453337268
29860990	0.00458458101649454
29861270	0.0017339880515499
29862530	0.000950127500825355
29862561	0.000947737433152032
29863340	0.0036397211574427
29863600	0.0109429842471108
29864351	0.00253456955647249
29864891	0.0233931161858312
29865150	0.00438981395347162
29865191	0.0013279196995759
29865991	0.00229990420668516
29867791	0.012857580718936
29868010	0.0010138485426683
29872361	0.00149517860187746
29873181	0.0396735805151268
29873991	0.00658967922982853
29875661	0.000959410776669364
29876361	0.000997288590670838
29879070	0.00124818998514393
29879750	0.00366343247172605
29880860	0.00106166150985415
29883511	0.00317630869850475
29884320	0.00234744153239799
29884850	0.00146404673276081
29884880	0.000968536912207056
29886230	0.00102088686421572
29888850	0.000918980850887136
29889181	0.0010295173083687
29889861	0.00143538756116327
29889970	0.00184412508267127
29890151	0.00825008906298056
29893020	0.569762779197423
29893601	0.00103115681072085
29895651	0.0127182748764516
29897041	0.0028128054758094
29898360	0.00374360114533718
29899760	0.000993042579663294
29900061	0.000930903985996598
29901591	0.000929496194662656
29901861	0.00119345603214367
29902090	0.00269122069548049
29902380	0.00174717269528048
29903910	0.00173451047270378
29904440	0.00148307097326687
29906281	0.00132408938755009
29906691	0.00336490300271486
29910110	0.00104889588913482
29910650	0.0014966735700635
29911070	0.00224497187833884
29911371	0.00309120524383508
29913250	0.000918980850887136
29914141	0.000955214653515747
29915190	0.00331295621264025
29916440	0.00252734515846251
29917051	0.00135983776537921
29917820	0.00116726467529661
29919641	0.00348328470139464
29920730	0.00329964469949895
29921540	0.00126617188423414
29921571	0.00292837938687973
29921861	0.0263427781770444
29921980	0.00132335329145774
29923870	0.000936971493916561
29923910	0.00533778373682371
29927330	0.00226329745642216
29930261	0.00227152678474686
29932491	0.0017945891506211
29933410	0.0023773366276748
29935630	0.00159274539744955
29937290	0.0134508680010508
29937700	0.00153097044600588
29938360	0.000970719525822529
29938411	0.00196763940917548
29941321	0.00289250345358059
29942780	0.000930976244032915
29944850	0.00114282440691209
29945140	0.000993089908665355
29945400	0.000959837998518783
29947511	0.00238117770794407
29948560	0.000986712305592724
29948761	0.000935291756443324
29948830	0.000943243735935964
29948850	0.0049348691533022
29949010	0.000985236389602501
29950790	0.00129609008996291
29951050	0.00110680609360768
29953431	0.00201321258950297
29953530	0.00102482634668062
29953721	0.000952610271745795
29954121	0.00702831540636271
29954530	0.00143883359374894
29954971	0.000987480178535893
29957410	0.00449311474560538
29958640	0.00189443851578965
29958760	0.00113655652458111
29962350	0.000946448859282605
29963801	0.00124470883397668
29966660	0.00206007803328638
29967091	0.00221328360545813
29967231	0.000968667419472924
29967310	0.000952094303551399
29967750	0.00878997933721217
29969540	0.0009832744369886
29969800	0.00150248316408905
29971190	0.00216068703542417
29972150	0.00124181351241843
29974070	0.00260074325200804
29974401	0.0011070689700252
29974681	0.00135025679903384
29974760	0.000918980850887136
29975070	0.0010780750710315
29975661	0.00254115898420175
29977250	0.00109694773836032
29977270	0.00222182818055476
29977441	0.00106735832816779
29977721	0.000918980850887136
29979651	0.00201253890724779
29987221	0.0309474614869933
29987350	0.00118435686757312
29987641	0.000930976244032915
29988830	0.00110516915830951
29989721	0.0018338485283235
29991450	0.0028790654521448
29992710	0.00140998130973406
29993530	0.000956692040402816
29994821	0.00110993155041421
29995231	0.00192177279337375
29995361	0.00299167082096188
29996420	0.00482897040454162
29996461	0.00466797906518542
29997441	0.00293130120316646
29998110	0.0017158622425469
29998210	0.0108055597078953
29998500	0.00612714693266144
29998790	0.00095431530423066
30000461	0.0028660616501981
30001540	0.000981319345812009
30001550	0.0014508917099861
30001660	0.0352903038151832
30001800	0.00248173332469198
30002760	0.00105176967217713
30003911	0.000918980850887136
30004611	0.00340032371549645
30004901	0.00221482875303664
30006541	0.00156215334549023
30009390	0.0480104226414926
30010780	0.00560725188682998
30010900	0.00147996176000502
30011231	0.00237189462373865
30015310	0.00163591975506794
30015880	0.00666059699560328
30017680	0.00405324202546529
30018760	0.000992281340432634
30018930	0.00568044472927797
30020181	0.0131835504300797
30020990	0.0015981256578023
30021520	0.00168145755423123
30021830	0.00134604500515344
30021841	0.00132516270574289
30023590	0.0201849658886808
30024590	0.000918980850887136
30027600	0.00158323448698648
30029981	0.00789831588708569
30031880	0.00160091424190918
30032690	0.00183528524743532
30032980	0.000918980850887136
30035200	0.0121315472122146
30036150	0.000935291756443324
30036160	0.00119035390144615
30036170	0.000918980850887136
30036820	0.00169473664562538
30037660	0.000959410776669364
30038661	0.0179382897040458
30039210	0.00110897794656091
30040471	0.000986515632327933
30042340	0.000938289994184637
30043091	0.00100729320699632
30043610	0.00118625485203952
30043641	0.0072233792960503
30044601	0.000996782864648467
30044741	0.0011935146327849
30045270	0.00319245073808974
30045431	0.00299045512378896
30046220	0.00712602916532598
30046691	0.0230885431117569
30046780	0.000946008199336815
30047440	0.00293142662509918
30049120	0.00160502634231748
30050210	0.00280586154865566
30050541	0.00137030469321819
30053571	0.000987042190724353
30054630	0.00106171751712412
30055101	0.000918980850887136
30057441	0.00293743259214178
30058240	0.00906868638752397
30059371	0.00111172095413846
30060160	0.000971797217137467
30060850	0.00398243784226478
30064410	0.00163355431206568
30065410	0.00119222768532688
30066770	0.429703954979311
30069670	0.0033945279149157
30070961	0.00114145252166904
30071620	0.00161761680478589
30073141	0.00361047031396895
30074650	0.0143182183344341
30076181	0.0023934078251269
30076321	0.00100503903439647
30077971	0.00139987690036688
30079870	0.000929014148126388
30081161	0.000950393325639153
30081640	0.000935291756443324
30082080	0.0379692119116669
30083480	0.00195000508509115
30083491	0.00757248513439819
30083850	0.00945753917960224
30085441	0.00634857947403796
30087870	0.0010638693264344
30090360	0.000997007371903892
30090470	0.00505608387020478
30091361	0.00119580633345802
30092270	0.00462618931943
30092280	0.000970637240097863
30092331	0.0453496006339348
30093291	0.0153993895622277
30093390	0.00243121362226195
30094630	0.00235492243369259
30094770	0.00235032669521661
30095020	0.000930976244032915
30095710	0.00137070409670169
30096550	0.00142706742883547
30097500	0.000952950189762989
30097520	0.000945945678544904
30098780	0.00321215125783434
30098931	0.000938411716316521
30099020	0.006664044387585
30100201	0.00131647907104042
30100471	0.000938411716316521
30100570	0.000934502079169881
30101291	0.0121298185387512
30101431	0.00098131255642555
30101920	0.0120185798075342
30101930	0.00320680661981858
30104030	0.000944586497159893
30104830	0.00431394017374282
30107071	0.00126603479420573
30107710	0.0011973938064635
30108410	0.00987014168647055
30109971	0.00416924677475442
30112601	0.00417532439165162
30113380	0.022688671324986
30114220	0.00369629809077075
30116550	0.00201146319079124
30119430	0.00823808674876256
30120041	0.0139399481324855
30121691	0.0167842921250483
30123440	0.00135335965430248
30125400	0.000947233567991935
30128591	0.00124567057484495
30129120	0.00109086154521808
30129240	0.00368827544187768
30130101	0.000964032334055931
30133141	0.00269122567214256
30134370	0.00100014446101685
30135901	0.0165077697629225
30136290	0.0100523589913967
30137810	0.00111697985935954
30138780	0.0426170984495662
30139720	0.000975408832535324
30140031	0.00109558578446511
30140741	0.00406957354798614
30141281	0.00248445788574825
30142480	0.00366885365018896
30143361	0.0009716294066262
30145930	0.00426239656193035
30146760	0.00219142354828663
30147330	0.00105298285635803
30148420	0.0191919353638741
30150261	0.00199163163790081
30150500	0.00182110654898427
30152850	0.0013240109254587
30154360	0.00200389337222536
30157431	0.00249811902557493
30157500	0.00105585706096839
30157540	0.00191316170155023
30160290	0.00167733717572799
30161411	0.0024948680023112
30161520	0.00379473103561498
30161790	0.000986883773338611
30162811	0.0151515450402627
30164731	0.00108349383570663
30167050	0.00588874455730542
30167460	0.00214412294716818
30169571	0.0171170050472972
30169981	0.00115155848856618
30172741	0.000922046450819502
30172940	0.00269010481299961
30173510	0.00106044100224084
30175201	0.00100808591129998
30175290	0.00271076141549365
30176861	0.000935291756443324
30178340	0.00099786292948078
30179290	0.00127379901381557
30180840	0.029375090675247
30182371	0.00108874463862551
30182870	0.00590725470425284
30184120	0.00736291855499284
30184970	0.00518597525352391
30185401	0.000918980850887136
30186231	0.00202073353990244
30187150	0.000949201494568235
30187221	0.000944720090395667
30187590	0.00139190514348201
30187980	0.00275390224613112
30188270	0.00873513338535558
30188670	0.0015004187800922
30188721	0.000945540335853034
30188731	0.00135942635424116
30189281	0.00098835473696496
30189691	0.00102198632124921
30189800	0.00102965580588814
30190210	0.00117553313233244
30190391	0.00236950232178141
30190460	0.0013267819702199
30190490	0.0234952138471052
30191310	0.00103652909953427
30192171	0.00198579284137373
30193151	0.00112198215858609
30195071	0.000944586497159893
30195471	0.000976758174198731
30195580	0.00242085412555827
30196591	0.00160157461987285
30197131	0.00609726996615581
30197260	0.00275451359259361
30197360	0.00155172031624031
30198231	0.0206239067654524
30199891	0.0286255964013715
30200461	0.00110338126642496
30200670	0.0103147585451684
30200830	0.00256666928628209
30201510	0.00113193045469514
30202060	0.00136786265771366
30202080	0.00167532085708117
30202880	0.00119553967614219
30203911	0.000918980850887136
30206101	0.00103109961063647
30206200	0.000975583138924005
30206381	0.00595367301205096
30206610	0.00268869510689783
30208010	0.0010402073003997
30208400	0.00242501696675145
30210060	0.0262320414444973
30212410	0.000968667419472924
30213370	0.00358507169782727
30213841	0.00272454001365875
30214661	0.00126477182110605
30214671	0.00096389447066977
30215040	0.00109395640490746
30215081	0.00100879327544698
30215341	0.00107637424899499
30216280	0.00328157488157891
30216290	0.00581828860721733
30217380	0.00413284625491711
30218060	0.00742990122982225
30219030	0.00510813392638556
30219420	0.0191087798490107
30220181	0.00168124699851708
30222091	0.00171738023706065
30222330	0.0015154985240002
30223970	0.00208201193845001
30224000	0.0118068022571847
30224660	0.117422387600367
30225131	0.00116844290059211
30227160	0.00194599941611817
30227221	0.00173721457684997
30227440	0.00384709466906662
30228540	0.00242039856702941
30231341	0.00354197363008381
30231881	0.00493377272988172
30232161	0.000928244913337972
30232991	0.00104695831215883
30233141	0.00131254822147719
30235580	0.00100492170484272
30236161	0.0032480494462436
30236591	0.003098265205648
30236700	0.00450379064947657
30236950	0.00211444723253611
30237650	0.00166401608927607
30239710	0.00309685713334237
30240000	0.00190470087076769
30240420	0.00133270019522647
30240550	0.652539194929156
30240731	0.00138856339894867
30243710	0.00246829701794565
30244140	0.00168471385374224
30244861	0.000918980850887136
30246210	0.024053150404834
30246770	0.00807242937168283
30249650	0.00335138097422334
30250231	0.00344560248116503
30250740	0.00113520308338677
30251300	0.00106532168966264
30252930	0.00109778085965879
30253811	0.00204077326313987
30258320	0.00261104718037184
30259000	0.0285638152041692
30259201	0.00191218857651066
30259590	0.00307483389890864
30262610	0.00240147028963713
30262730	0.00648727583130852
30265121	0.000935291756443324
30265640	0.00132482994028815
30265920	0.00820618714598536
30266310	0.00102974252005511
30266340	0.00104448444318086
30266610	0.000961892685894734
30268820	0.00118485682187652
30269110	0.0300081852686067
30270101	0.0185246735776149
30270791	0.0020609053541409
30271481	0.0115512275689764
30272711	0.000947737433152032
30274111	0.000990466687403623
30274641	0.000918980850887136
30276100	0.0023923941731023
30276250	0.000985758491909855
30278791	0.00195011486687493
30279751	0.00105532003748297
30280031	0.00134662045721478
30280291	0.00299660387088179
30280830	0.00121295570702577
30281391	0.00325729522539001
30283590	0.00657351453905275
30284270	0.0106244555144669
30285811	0.00194837011425735
30286180	0.0121681925634485
30286610	0.00101449017347403
30287020	0.00701797590174012
30287580	0.00126868059982043
30288410	0.00146874465368508
30288431	0.00225863122383492
30288530	0.667366304001777
30288731	0.0187479068155994
30289780	0.00130036454708906
30290641	0.000946451225873545
30290890	0.00111903978669542
30291280	0.00127911413885286
30292041	0.00164357095487025
30297261	0.0013792602218745
30297941	0.000982340717139674
30299290	0.0038591421088971
30299860	0.0010111078669664
30304250	0.00115887571762841
30305001	0.00490225251112498
30305230	0.0131830886975936
30306101	0.00480055987396416
30306880	0.00255773609609134
30307040	0.382764484954436
30307481	0.000992065782814025
30307621	0.00118610006231613
30308380	0.00378183087524389
30308930	0.00138716550207825
30308970	0.00118947058218871
30309650	0.00175152662243062
30311570	0.00103558568958921
30312291	0.00108382265282867
30313510	0.00531041332385375
30313520	0.00102047802892581
30314231	0.00121526074957172
30315331	0.00117004203104656
30315580	0.0233782620107243
30315621	0.00107249233697121
30316431	0.00540780008149152
30318440	0.00149239518422083
30319160	0.00575141610426371
30319341	0.00233530117153905
30320421	0.00230199520995538
30320790	0.0138213290005364
30322791	0.00225089834496783
30324971	0.00221610778572329
30326081	0.00177231239055359
30326450	0.00127434650384998
30328011	0.00463025159669807
30328660	0.00256108786935414
30330860	0.00878967106639147
30332011	0.0407899788657304
30332161	0.00160750526430069
30333360	0.000928064055922792
30333691	0.00103513027833113
30333961	0.0011557043311214
30334180	0.00735868047112712
30335051	0.00257723861469888
30336930	0.00163743537442228
30337391	0.0103336135347946
30337630	0.00142866125045071
30338501	0.000918980850887136
30339680	0.00170888158827938
30339741	0.00391423434841455
30342791	0.000935291756443324
30342931	0.00269453513572858
30343300	0.00107623884916905
30344120	0.0256344014152796
30346491	0.00243208785748731
30346921	0.00298272332958864
30347010	0.00117842653551221
30347030	0.000986687792577057
30347560	0.0122576647838579
30347891	0.00313738890550079
30349961	0.000918980850887136
30353551	0.00109661923407413
30354071	0.00626224808574021
30354450	0.00497394020292118
30354911	0.00169464705373484
30355280	0.00201557357493412
30357821	0.00145521055394201
30359300	0.000928113647699071
30359560	0.00208880632264932
30359871	0.00539600765803886
30360141	0.0134922609502463
30361610	0.00433461825364903
30361770	0.0066188700903061
30362740	0.00113140945375415
30363601	0.00968177816303463
30363830	0.000947737433152032
30364981	0.000954774122818135
30365131	0.0199894741273798
30367290	0.00252167646911206
30367970	0.000982739740366505
30368110	0.00850929121963622
30369920	0.00100538504110751
30370580	0.00573392846526865
30371410	0.000921094252331038
30372851	0.000997551503964449
30374450	0.00104809611756804
30375960	0.0130738136285171
30376120	0.00107129478326871
30376520	0.000993639392790802
30376701	0.00185322522411948
30378450	0.0020671607770593
30379420	0.000934502079169881
30379461	0.00157730904837744
30379990	0.00098028289244475
30380161	0.00342703170705094
30381111	0.00243144460786866
30381261	0.00172254193443365
30382040	0.00115931880494287
30382330	0.0077069794426596
30382570	0.0173382190615327
30383430	0.00111937308595442
30383720	0.00100833548031736
30384260	0.00223697062780713
30385541	0.00098062207722071
30385630	0.00436435523270397
30386911	0.000949519915135227
30387270	0.00808410263403469
30389910	0.00199111754896348
30389931	0.0035952432521785
30390501	0.00186770844039576
30391311	0.0460720287804097
30392410	0.00130265495390788
30392530	0.00320206576827434
30394020	0.0438506485045543
30396100	0.00139329523626175
30396421	0.00166819890497533
30397220	0.0059691982719478
30397470	0.00109740609689033
30399290	0.014349656368182
30400640	0.100363120424021
30402351	0.00109451270035052
30402860	0.00463958951477508
30403311	0.00108060336748906
30404670	0.00144079921710898
30405610	0.00692429024097443
30406740	0.00092179301146957
30408831	0.0120588664215762
30408971	0.00285612667424223
30410371	0.00840378992429904
30410481	0.00576944333132025
30411120	0.000930976244032915
30411950	0.00205598978678853
30412021	0.00163029157369171
30412950	0.0172868282910781
30413750	0.00444463049427367
30414621	0.00697450913660945
30415440	0.00211003594469805
30416260	0.00532861755403805
30417241	0.00431383020941416
30418430	0.0138467740721784
30420011	0.00100104093141537
30420250	0.00369755338770833
30421521	0.00356894670686563
30422440	0.00243378244003022
30423331	0.00218036225959964
30423731	0.0219118365934014
30424971	0.00106778221106001
30427400	0.00105577587687705
30427530	0.000959045256103019
30427810	0.00171218139400849
30428380	0.0147130889174826
30428660	0.00480077894811954
30428810	0.012573478229732
30430621	0.0041886475763582
30433791	0.00104945662555264
30436090	0.00628492427091793
30436971	0.110068669529335
30437470	0.000988489520295476
30439031	0.000953912073407641
30439331	0.000928113647699071
30439670	0.00128268710387753
30439690	0.00226724533577244
30439820	0.00574947531907597
30441801	0.00204741035042745
30442891	0.00731434610544777
30443031	0.00103613874544061
30443160	0.00111474382701195
30445340	0.000985859337097043
30446621	0.0057687350078491
30447670	0.0010202173325494
30448571	0.00185104453739167
30448961	0.0274153165281845
30449391	0.00137176332927358
30449610	0.0765247105612705
30450150	0.00159802074264457
30450710	0.0034281283246048
30450720	0.000947499852792038
30452691	0.00113635383960006
30454980	0.00123109729353192
30457811	0.00728333239466304
30458430	0.0253667997756971
30459390	0.00385717777510559
30459881	0.00120235202563743
30463020	0.0219387013219444
30464500	0.0446757604406288
30466440	0.0047065582696114
30468380	0.0268899037000639
30469460	0.00768324127437548
30469931	0.00421442753406021
30471270	0.00159849971978551
30471881	0.00110342886031302
30476271	0.00101709277545105
30477060	0.000994997339199204
30477101	0.00177271420651812
30477210	0.00235159911358924
30477531	0.00132785888501811
30479260	0.00197377079788098
30480001	0.00265262842110171
30480141	0.000935291756443324
30480981	0.00197343375275705
30481101	0.00319443817094087
30481880	0.00171691075801435
30482740	0.00109066332594562
30483400	0.0161463934457843
30483830	0.00341964819375515
30483991	0.00103182411596439
30486420	0.00273642591310675
30486460	0.00110371287284827
30486771	0.00587996002564152
30487010	0.00103421105252342
30487721	0.00572457197643095
30488080	0.00692560694681958
30488271	0.00371884211041216
30489350	0.012131480035593
30489630	0.00170103797393646
30492500	0.0514150764286998
30493740	0.000922046450819502
30494440	0.00106366222332914
30494751	0.0022020425547995
30495851	0.00596185189183549
30496681	0.000931209685051038
30498980	0.00102455377546087
30499731	0.00159356038620346
30500841	0.00120508600042016
30501070	0.0419132764331325
30501220	0.618852447123398
30502180	0.000941283281001017
30506600	0.362304353498871
30507591	0.000918980850887136
30507690	0.00140966877175881
30510081	0.00127741612010318
30514221	0.00103344556783283
30514901	0.0268020308733754
30515010	0.00198707234496855
30516910	0.00355005231333997
30517050	0.00256048866349909
30518040	0.000918980850887136
30518970	0.00139954732237572
30520411	0.000938411716316521
30526030	0.00349783085057758
30528001	0.00172809695707312
30532281	0.00101383145454349
30532821	0.00135862002131833
30534690	0.00173879259796632
30535270	0.00364205379770882
30538430	0.00360582760981684
30540551	0.00272508412461139
30540790	0.000941081914868131
30546310	0.00362277162475273
30546970	0.00602369442287268
30548510	0.00243771956297425
30552691	0.00571289461922287
30556100	0.00144261897416549
30556930	0.00349935438521719
30558351	0.00797477945071258
30558560	0.00117970574864817
30561381	0.00127082343648512
30561661	0.0061975966005679
30562430	0.00471940847687154
30563181	0.00184282473899463
30564920	0.00663729600569561
30566280	0.0039923117651159
30566690	0.00217594690521209
30567171	0.00160196230630241
30572110	0.000947539276342793
30573101	0.00142604167927883
30575830	0.00151217618711363
30577350	0.00711256635810404
30577730	0.00355417676916759
30578061	0.0019982755195672
30578741	0.00129384301715995
30579591	0.00194380483667153
30579701	0.00110864164520721
30582331	0.0011270274181944
30584831	0.0252000162977315
30585030	0.0165343347315587
30585210	0.0077169152184725
30589490	0.00107261674571728
30592900	0.00169464393656889
30594410	0.0135974098312627
30596220	0.00394716426022503
30596961	0.00115854015975313
30598621	0.00107716390297683
30602321	0.00866905231992515
30602881	0.00162872132805741
30606270	0.00100336309538938
30606871	0.00209244948186235
30606980	0.00101477319983834
30607520	0.00133814964374879
30608220	0.00128367056911493
30612121	0.00426065084206238
30613070	0.00112209641840281
30613361	0.0046908057177428
30614840	0.000999894304095746
30615161	0.00573132752593461
30616760	0.00160546244574547
30616920	0.00102691685709779
30617040	0.00100468958482772
30617200	0.00098105076214035
30618051	0.00832480868629423
30618181	0.00124713079595673
30618881	0.00132670079800573
30618960	0.0186482037318604
30620261	0.0011092163250436
30620650	0.000958114944430976
30623171	0.0010751562081559
30623410	0.000992310411153513
30623650	0.000935291756443324
30623981	0.00694913069859591
30623991	0.00100807204927266
30624401	0.0677934254589015
30624671	0.00101790013972612
30625170	0.0173408546186491
30626051	0.000954337988554135
30626420	0.0373242735037685
30628801	0.0013258253845168
30629211	0.0158029728354352
30629760	0.00838557002729183
30633730	0.00168785385622326
30634550	0.0051659903917169
30634860	0.000996782864648467
30634881	0.00296556796023561
30634891	0.00351405787797102
30635240	0.00395835945756025
30636220	0.00388215582631257
30636240	0.00303198324780143
30637190	0.00100756105093537
30638741	0.00107434484458169
30639270	0.00145378448093223
30639441	0.00133893121549013
30639680	0.00220295011615654
30639711	0.000968667419472924
30643171	0.199427215950558
30643550	0.00336494918388764
30644131	0.00158266107836684
30644480	0.00126683144585677
30645720	0.0032140705143454
30649990	0.0321948085668847
30651561	0.0316744798997527
30653160	0.00643331870511766
30654440	0.00110585144002387
30654611	0.00103121119473129
30655090	0.00128546189184679
30655831	0.00362788340038077
30656681	0.00242587479285276
30658400	0.00147990421546972
30658451	0.00289799187946328
30658550	0.00127688367725651
30659151	0.00387097018933925
30660890	0.000985859337097043
30662341	0.0010043004913098
30662540	0.00171093324598508
30664251	0.00181632539137601
30664780	0.0213371548278565
30665091	0.00212231914666484
30665580	0.601662993376548
30666331	0.00108378883466257
30666840	0.0034764278325711
30668391	0.216915486747856
30668480	0.00264465418665109
30670150	0.00390882459798274
30670300	0.00797045491640217
30670331	0.00549757722788047
30670341	0.0227017101139012
30670850	0.00106213282224979
30672100	0.00105297409282235
30672391	0.00103182411596439
30672750	0.00377487104126502
30673340	0.0010127108963676
30673501	0.000918980850887136
30674181	0.0210559931921728
30676811	0.00116350447893544
30677631	0.000963188433722558
30678451	0.0182025522695343
30678820	0.000933819304287012
30679291	0.0020548776273477
30685340	0.361318801859227
30685450	0.00130320810330857
30685720	0.00205551466949047
30686000	0.00201666515705061
30686720	0.0112334894559971
30686840	0.000952950189762989
30687561	0.00367927806331024
30689740	0.00115566863342825
30689890	0.00941542785752121
30690140	0.0219874707433834
30691421	0.000979831844462021
30691981	0.00187431054424053
30694611	0.128024931242458
30696740	0.00946876712298714
30697730	0.00281352302004215
30701361	0.00107145038997948
30701850	0.00463907557573419
30701911	0.00115372909862672
30703141	0.00109963854774839
30706861	0.00247352535603374
30709460	0.00394203908649968
30710690	0.0012442828343053
30713201	0.139796375647678
30717211	0.0365139152987544
30718410	0.00101508003990028
30723110	0.00128146178241443
30723260	0.00840618019028426
30724101	0.000962578921490266
30725071	0.00195150686436377
30725580	0.000935291756443324
30726591	0.00363698617143513
30728651	0.00268130254383071
30730570	0.000990975331816942
30734700	0.00202655958903279
30739981	0.0090456590014464
30741341	0.00107344559491068
30748521	0.00747547527558329
30748671	0.025142147015114
30753180	0.00156949275856272
30754570	0.00688008107004504
30757440	0.00424216659888493
30758570	0.00838681099928459
30761150	0.0936017563875077
30761880	0.002003877092249
30763001	0.00169988791713735
30766161	0.00104782720661582
30770280	0.00281139260592104
30772241	0.00106600257313144
30776050	0.0022168382818753
30776180	0.000947344514399187
30777190	0.0056085014130523
30777600	0.00813451514868178
30781990	0.00259721702074705
30782250	0.00627490259362559
30782570	0.00144752420515186
30782690	0.00206696928522814
30782731	0.00673754860530252
30788340	0.0015981256578023
30788641	0.00100903941515308
30789631	0.000935291756443324
30790031	0.000985859337097043
30790851	0.015182999030866
30792180	0.000981850515588935
30794700	0.000952565272896154
30796101	0.00115490780388009
30797560	0.00102869189341738
30798871	0.000982192650726615
30801560	0.00155544174148525
30801911	0.00251389526666651
30802161	0.00134267343220631
30804620	0.00100840068388263
30805331	0.0103584497295366
30805351	0.00115221767716348
30806041	0.00207672672978647
30806130	0.001840247161775
30806800	0.000955691146975009
30806820	0.00119136237869168
30806840	0.0196941688131973
30808050	0.00209446985660374
30808620	0.00755272989911992
30810591	0.000994514800478317
30815370	0.00246278239853503
30818400	0.0031984416571426
30820590	0.00194422533015398
30820620	0.00221359486508613
30821420	0.00120996101146638
30821700	0.00128845407650186
30821990	0.00158448208760311
30822270	0.00723665064778702
30824460	0.0226225944011515
30826840	0.00116669752255697
30826851	0.00097880467942518
30828190	0.00466558332212447
30829570	0.00193009464159069
30829580	0.00121239432712305
30830181	0.00323440481449711
30830250	0.0010911261193659
30831011	0.0297338129245079
30834321	0.00103763866929804
30834560	0.00312682477075989
30835350	0.00189982812473065
30835900	0.00282410552716694
30837071	0.00186374822960587
30837300	0.0010012608634179
30841460	0.00956574819362612
30841840	0.00202870191633733
30842120	0.0115263276372677
30842530	0.00117227746223232
30842680	0.00322424295722676
30843261	0.00121578149805285
30843900	0.00281779941974359
30844371	0.016628715888929
30844911	0.00192157726167284
30845290	0.00405644858155391
30845310	0.00409252093214354
30846530	0.000969897545120815
30847831	0.00109307315977227
30849341	0.000935291756443324
30850240	0.00303167118051084
30850540	0.00153503525669306
30850550	0.000937514091474936
30850940	0.0181611713472968
30853211	0.000942895735244393
30853710	0.00259514080544457
30855541	0.0115899238087838
30855561	0.0889914245059841
30857430	0.00220321277776897
30857461	0.00101383145454349
30857611	0.0131135782874706
30857730	0.011061008015761
30858520	0.00139682709030121
30859110	0.00654087247951781
30859360	0.00340404573861541
30859391	0.0024013624648249
30859411	0.00156264176569988
30861201	0.000990823821809836
30861211	0.00766791885575112
30861850	0.00645018227406502
30862021	0.00224041061568252
30862810	0.00397942749180852
30863281	0.00130487875714409
30864661	0.00118595774884736
30865191	0.0011003817271834
30865280	0.0700378231470537
30866861	0.0203805331392303
30867640	0.0038779580306495
30869590	0.0014358710154372
30871620	0.0010528053775227
30872750	0.00122252603509535
30874240	0.0056481476587206
30877010	0.000957736030354189
30878810	0.00943103094036067
30879240	0.00163253519099514
30880030	0.00105557565827229
30881611	0.00156517184780258
30881990	0.000970023328743824
30886540	0.00251562510990298
30888330	0.00121073627407522
30889960	0.00164850662613387
30892610	0.0235183968576758
30892720	0.00441144839717303
30892931	0.0100707107056208
30893550	0.00133290404769241
30893901	0.000935593614326021
30894380	0.00099456154229751
30894540	0.00191415928089297
30897690	0.00221490669208972
30898530	0.000979426381670099
30898861	0.000975450698721352
30900221	0.00443155350080226
30901751	0.00124571547283943
30903001	0.00166401763493242
30903941	0.00173736080721528
30904030	0.00925864472430213
30905751	0.00194576352952948
30908610	0.00104037367280233
30908791	0.000935291756443324
30909700	0.00482476014098952
30909891	0.000929714362178527
30910550	0.00191413046322306
30912190	0.069367366009752
30913440	0.0293814528412667
30920750	0.00347425556973072
30923391	0.0290380248623379
30925570	0.00130722387338692
30925720	0.00233534969372634
30929191	0.0218104765267243
30929430	0.00119795632858217
30931681	0.00188843280871363
30934950	0.0787644208074761
30935131	0.00149090989360105
30938291	0.00222200306200659
30939521	0.00131990447039897
30940340	0.00122650618669248
30943090	0.0022385801807864
30943360	0.00289756669189449
30945751	0.013464677903593
30948101	0.00298868036734977
30948651	0.00198406106180043
30949820	0.00127025170150159
30954650	0.00234069334879895
30955090	0.00114916582599007
30955330	0.00405891407203551
30958240	0.00103930138803244
30958711	0.0360812955722867
30959381	0.000970284043052357
30959620	0.00152038453714384
30960180	0.377212125794556
30960300	0.00327586227062567
30960870	0.00491235448734935
30961010	0.00149694837442319
30962240	0.0012459666837471
30962680	0.00120927574492071
30963401	0.0103252757884732
30963811	0.00342565198453469
30964040	0.00187480229083543
30964050	0.00198099237052799
30965020	0.00126130550515029
30966431	0.00107700760649553
30966851	0.00368067904827723
30966930	0.00876022188373499
30967070	0.00285566361934661
30967251	0.00224875005506871
30969130	0.00103955781581359
30969290	0.00719998437512471
30971090	0.00173967074663555
30971210	0.00153090030093291
30972610	0.00133110644968545
30976351	0.00114208040910482
30977400	0.000997494681847601
30977420	0.0029021702308172
30977430	0.00101188021720089
30978130	0.00285164915094707
30978421	0.00098370409319365
30979500	0.0223716902727933
30982230	0.00121624911367573
30983330	0.0045057264356085
30983370	0.0122562289068111
30984040	0.00102950909027418
30984170	0.00135099438784231
30984890	0.00108175162970062
30985820	0.0203265196547014
30986130	0.0057930660592869
30987330	0.00894378939858589
30987770	0.0178679462943146
30988781	0.00376369967663465
30990021	0.0224336634906017
30990510	0.00297987934156193
30990540	0.00278851037594151
30991791	0.016096024313076
30993061	0.00551778029745467
30995780	0.00113231310350308
30995791	0.00256200901498877
30996440	0.0011146172489151
30996590	0.00128677407652936
30997570	0.00109080683540608
30997591	0.00096395813535155
30997950	0.00132279205207612
30997990	0.00116637066822819
30998400	0.00100064856592695
30998500	0.00426913554690473
30999510	0.0211609583565527
31000361	0.00169690347348152
31000580	0.00293416015566555
31000860	0.00266068326424976
31001560	0.00496399952329467
31001850	0.00204686701989302
31001970	0.00317739569932547
31002301	0.00101880619822488
31002400	0.000941628714496437
31002551	0.00454064915055528
31002841	0.00465702600406153
31005400	0.00117590714285497
31007060	0.00138154457165386
31007210	0.00104593291818895
31007480	0.0117219301794123
31008641	0.00346556555933174
31009280	0.00210168576220123
31010011	0.00111898464658855
31010120	0.00808473633506549
31011391	0.000990035166157498
31011511	0.0536316414053719
31014161	0.00230470329299844
31014520	0.00094832384581999
31015381	0.00268515099978215
31015801	0.00130918004492021
31016860	0.00811779835584044
31017181	0.00709199307980036
31017191	0.00166525494393186
31018431	0.00101036960420951
31018940	0.000945633654780925
31019050	0.00105677377699582
31020610	0.00753099871541357
31020781	0.001309978634314
31021461	0.00100881295918577
31022701	0.00098607099415219
31024071	0.00800468450982208
31024201	0.0010042118547765
31024221	0.00133382103113966
31024720	0.00230183189566815
31025120	0.000989556885031138
31026291	0.00100932652420087
31027080	0.00308255008154376
31027251	0.000960866073495228
31028160	0.000991806193739025
31028880	0.0015895992198852
31030421	0.00135801597265874
31032170	0.00113193936984001
31032720	0.00100372652408175
31032781	0.000940361115830715
31033010	0.00218452954205881
31033150	0.0450954269305245
31033840	0.00150350991429075
31035671	0.00170566249092068
31035801	0.00136277260180833
31036740	0.0520502578484194
31036911	0.00224374980970063
31037191	0.00129326872763467
31038520	0.0239414861075526
31038950	0.00101091647842634
31042540	0.00715685162329195
31042971	0.015851531853857
31044840	0.00142810215377228
31046151	0.0259113494737339
31046630	0.00270504818676663
31048010	0.0011900279190538
31048160	0.00133248582164089
31048481	0.00104116408062573
31048600	0.00179440340839108
31049530	0.00213886578976433
31051090	0.00206338026969237
31051801	0.000938411716316521
31052330	0.00275654528845373
31054950	0.0010915256419549
31055910	0.00214192721707578
31059261	0.00350962829727646
31063060	0.00355683561986207
31063340	0.00125223099906737
31064351	0.004836034025487
31065140	0.00383513933373657
31066670	0.000947737433152032
31067190	0.000985859337097043
31070230	0.00193164511772428
31070380	0.000971032519896602
31072290	0.0013809541929063
31072341	0.0105329718964532
31072440	0.00185318055915732
31072631	0.00104372837776409
31073530	0.000954474941444911
31074971	0.00781977242657877
31075521	0.00315903759078706
31075651	0.00155994235681997
31076491	0.0112255244089038
31077161	0.00865781465778296
31079330	0.00719032225588069
31079760	0.00237146704249581
31084361	0.000947233567991935
31084450	0.00108718350112511
31084990	0.00122006921189608
31088570	0.00721662211660715
31088710	0.00121732176539439
31088870	0.00237912614806406
31090971	0.100361716858198
31091921	0.00111918043448399
31092700	0.00172167491763284
31092751	0.00486712921442425
31094001	0.00272408069041722
31094250	0.000947737433152032
31094500	0.000947233567991935
31094831	0.000931518045739596
31094961	0.0011083856369493
31095651	0.00116739092000181
31096351	0.0034732943641551
31096901	0.00112350858961964
31100850	0.00100053847722406
31106790	0.00386015035654007
31107040	0.00116705533442746
31113851	0.00207040962338022
31120280	0.0228755264120386
31120580	0.0050523908982415
31123641	0.00198612170310907
31123781	0.0169578404458506
31124000	0.0011224250680739
31127791	0.00213846764390189
31128840	0.00106219893751819
31129280	0.00297787341914515
31132290	0.00603966876597568
31134541	0.00350888194293443
31144590	0.0916568403453664
31144901	0.00153972075750178
31146220	0.0462846930998779
31147781	0.00099983188561962
31147931	0.00169993914443083
31148730	0.0785813682404868
31149451	0.00280641234308933
31150541	0.0016584947966345
31151610	0.574508197029212
31151860	0.00154424965336884
31154531	0.00257689525465289
31157670	0.00980279907932763
31159101	0.000982933613546432
31163771	0.00121543762009067
31164901	0.00489132177515957
31164980	0.0262272131279181
31166281	0.0296847782010793
31167180	0.00102255145774944
31168020	0.00203735120415471
31170391	0.00548882538029166
31170510	0.0098897705414435
31170541	0.00121011922412751
31170760	0.0201143189755803
31171450	0.000938153782933164
31172030	0.00123356973122631
31172871	0.000984913886239951
31173151	0.00232757606462677
31173240	0.0222921295638385
31173270	0.00110727328486379
31173380	0.000918980850887136
31173690	0.00767089580444177
31175381	0.15753146981775
31176140	0.00427837284778358
31176280	0.00095930558722114
31178090	0.0039626485739913
31178551	0.000938411716316521
31180720	0.000935593614326021
31182200	0.00123707272161921
31182350	0.00349673660028078
31182790	0.00979824671643583
31183200	0.00353975832582187
31184030	0.00180814146242542
31185021	0.00236128712649734
31185161	0.00624225446293711
31185851	0.000951789969457481
31186510	0.00318486800285489
31186660	0.0017218036846407
31189581	0.00105712680505623
31191180	0.00128657241696959
31194750	0.00414310830791375
31195241	0.00440252077075692
31196020	0.00110860885621275
31197400	0.00108120051750663
31197441	0.00106937467172597
31197540	0.00100840068388263
31198391	0.001027882191907
31198630	0.00273353980490276
31199060	0.00264213371885992
31200830	0.0175582331442098
31202060	0.00331676028436813
31202090	0.00326934192363227
31203060	0.00300560191336975
31203371	0.00121228372223119
31207651	0.00968677263952577
31208871	0.00176968096571134
31209281	0.00101655357886723
31209690	0.00396527295310828
31210360	0.00307980402579372
31211600	0.000974914092544324
31211651	0.00132897081804074
31211901	0.057371043005545
31212420	0.00162387337461105
31212871	0.00301224861189332
31214200	0.00270218999665407
31214910	0.00372761411823235
31215200	0.00802839018970762
31217861	0.00177906571233323
31218401	0.00124372425353705
31218770	0.00109370813069851
31219200	0.0010324554494718
31220191	0.0011948302358806
31221660	0.00178856182485769
31221991	0.00137341941300735
31224570	0.00521440507691593
31225031	0.00102168039247743
31225151	0.00130994845136128
31225161	0.00147685212361376
31227070	0.00149429048914333
31229021	0.000944586497159893
31229660	0.00112818834371909
31232990	0.000944355679476875
31233520	0.00101574784412099
31237780	0.00123841116743006
31238200	0.000918467714810656
31238210	0.0012615055739637
31238961	0.0583598589827858
31239170	0.00167835367771647
31239761	0.000928244913337972
31239870	0.00976067699933715
31240400	0.0173655771047257
31244020	0.00189195673446273
31244311	0.00617743908346164
31247231	0.00113016319877936
31251580	0.000947737433152032
31254111	0.00368027399825694
31255850	0.00282028397098429
31256970	0.0441654124862577
31260540	0.00097643856788972
31260710	0.000947233567991935
31262330	0.00186579235971277
31263440	0.00126508329612327
31265230	0.000947737433152032
31266770	0.00105456107512806
31266791	0.00302701687399966
31267720	0.00439464996417776
31268400	0.00259739857800893
31268591	0.00118044135397534
31268980	0.00541776251315512
31269370	0.00146071133902709
31269800	0.00114971506420568
31270360	0.00220012915220873
31270391	0.0152889691635811
31270401	0.00312734445590798
31270931	0.00380349103049856
31271600	0.00103584234171612
31271641	0.0262109460479274
31272051	0.000958114944430976
31274521	0.00097205955238198
31275351	0.00129637838987828
31277021	0.0011523588353839
31277260	0.00096425004109529
31277660	0.00124869802340931
31277790	0.00316209447538334
31278541	0.00106940388528885
31278661	0.00140966877175881
31278760	0.00169150684818522
31279870	0.00318410889655357
31280580	0.00180495696584234
31283600	0.0159330927127634
31286251	0.00251335619777977
31286951	0.00095537210870027
31287081	0.00696608238253476
31287901	0.00388551485258988
31291290	0.000935593614326021
31293400	0.000987480178535893
31295610	0.00195972033121599
31301821	0.00948340360357721
31302610	0.00147952750575602
31302760	0.00536078351155749
31303310	0.00097121775689445
31306931	0.00266627980794503
31307020	0.00169818146429677
31307341	0.0706640204059998
31307921	0.00515546242648733
31308850	0.00741990600156135
31309380	0.00547053038717394
31309670	0.00185296363577885
31310801	0.00136373921636653
31310880	0.00103115681072085
31311631	0.0107710023866406
31315050	0.00109695310174773
31315600	0.00317576701702997
31317971	0.00567583927173902
31319470	0.00472521142825506
31319631	0.00247923648258816
31321380	0.00180383497262212
31321800	0.00273652624603764
31322801	0.00155977483995045
31328810	0.00292285951407343
31329981	0.00114017203699369
31330490	0.0410099381869388
31331631	0.0011248181863322
31332270	0.00101101452810531
31335710	0.0041889246956638
31337001	0.00439985853136846
31340861	0.0662518423483297
31341380	0.0106226447280441
31342231	0.00108257558232912
31342801	0.00188315373977093
31343040	0.00538389331287653
31343160	0.00188920292629007
31343430	0.00572081741535735
31345151	0.00267166267307727
31346470	0.00176449400005686
31346780	0.0333309485497175
31349360	0.0054186593197203
31350661	0.00110391892662817
31352570	0.0098473564971538
31352741	0.00364769124027451
31352820	0.00247687913611618
31353390	0.0032477436052652
31354330	0.0129351817917195
31356820	0.000935291756443324
31358220	0.00487338182998659
31358791	0.00123890324633862
31360161	0.0149272591910281
31360270	0.00541684103544017
31361510	0.00146431024084272
31365551	0.00117148161613283
31366091	0.00356864114275267
31366791	0.00203521322649926
31368980	0.00185220221096405
31369001	0.0379443656116777
31369910	0.0010067290393677
31369961	0.00311634165845863
31370050	0.0102909729057114
31371621	0.000918980850887136
31371860	0.00255423701729484
31372530	0.000995142809007082
31372980	0.0188556637391916
31374231	0.00314751228763181
31374921	0.00107760208404169
31375621	0.00096425004109529
31376820	0.000918980850887136
31377981	0.0105391052030254
31378080	0.00232840547390729
31378870	0.002102507258041
31379751	0.00102727370534122
31383460	0.019530453393681
31384301	0.00222475553525788
31385541	0.196361108339576
31386490	0.00251216988525536
31387040	0.00377384195545939
31388571	0.023067693771801
31390781	0.00106934437192239
31391970	0.00722461714668262
31392010	0.0467554426545234
31392731	0.0022783082121715
31394630	0.00244498676362363
31397971	0.000935291756443324
31400451	0.000935291756443324
31400830	0.00609824912137351
31401121	0.0019075425525058
31403081	0.000979621239797843
31403331	0.000935593614326021
31404940	0.00281114637379544
31405141	0.00944899291645112
31405800	0.00381964264979125
31407481	0.00197626042708992
31411870	0.00122405346030438
31412031	0.00762806610253444
31412441	0.00144805442249387
31412690	0.00244903009347044
31413281	0.0234043994650149
31413401	0.00471882579696312
31413811	0.0111644604202935
31414220	0.000938411716316521
31417561	0.00167725849749884
31417671	0.0174876685026904
31419061	0.00833814353751993
31419180	0.154780820767334
31420120	0.0110278423942319
31420130	0.00292191331014834
31420260	0.00453298105473733
31421691	0.000972749921157666
31426941	0.00161319888875955
31428680	0.000930714598691941
31428930	0.0234811289262319
31428991	0.0663322118992036
31430590	0.000928624711845048
31430870	0.00298688808477774
31432291	0.00423435590999925
31432841	0.0010216250411567
31433971	0.00134725747711478
31436041	0.00444543251631618
31437100	0.00864879229879519
31439040	0.00455616186394599
31440530	0.00196019249733061
31440711	0.00158153678852797
31441640	0.00422435122484248
31444041	0.00106249380033852
31444711	0.00244667987586583
31445380	0.00138254909597938
31446350	0.000989550857691488
31447201	0.000918980850887136
31447850	0.00217084407808844
31449940	0.00774301709063426
31450170	0.00291304225328688
31450200	0.00417765712829238
31450720	0.00523818175929237
31460311	0.00247837117052413
31460660	0.00120182262302185
31461831	0.00175244875605214
31469941	0.00146132166635766
31470170	0.00324290162385007
31471420	0.000968321575008622
31472410	0.0010556788562943
31473001	0.00221845635357139
31473780	0.0305880348581897
31475300	0.00255010625858951
31475461	0.0105999781511372
31477500	0.000980482723539013
31483820	0.00121358996502627
31485240	0.00769075854300178
31485360	0.00216386107944875
31487270	0.0212759766784954
31488161	0.00685754376603232
31488400	0.00130417931301976
31490460	0.0251406236297641
31491440	0.00948125101734539
31492151	0.00445041464585014
31493500	0.00630259817322919
31493790	0.000922879691167948
31496000	0.00171123883866355
31496930	0.00178824493902468
31498091	0.00165678276501515
31498241	0.00103066255144824
31502740	0.00217164292952625
31502901	0.00248625751921866
31503170	0.0011934933265011
31505380	0.0107048963628838
31508390	0.00821548136331207
31508581	0.00316007103542638
31512721	0.00189696272924212
31512790	0.0010421228167769
31513240	0.00837568824848732
31513500	0.0618675731034355
31513760	0.000948656278876188
31514580	0.0996392728463616
31515041	0.0112848525824638
31515680	0.000983339314758718
31516011	0.00314044575171783
31517401	0.00107027378903919
31517480	0.000946451225873545
31517821	0.00504914935031305
31518101	0.00583623688248735
31520711	0.000998035236177173
31521470	0.00777145762716296
31521780	0.00493665886011487
31524581	0.0341023146497121
31524940	0.00240293598910166
31525070	0.000934020088290587
31525230	0.00235641508513617
31528520	0.00286887293321872
31530101	0.00190016702840809
31530231	0.00100696220272709
31532701	0.032512352184798
31532991	0.00320051846630003
31533210	0.000948964672199749
31534791	0.00101981154050092
31536110	0.0153700360726659
31538480	0.000935593614326021
31540301	0.112656173189305
31540721	0.00242764087525171
31541350	0.00273205739502914
31541780	0.00215685783186573
31545510	0.0587678233600379
31545931	0.00406984209082828
31546060	0.00475913872588328
31546081	0.0057777817547267
31549350	0.000949655442497494
31549750	0.000918980850887136
31550160	0.00192319884546797
31553661	0.00123561458225766
31555570	0.000918980850887136
31556281	0.300492522470517
31557780	0.00293295312567009
31559311	0.00197950601990479
31559331	0.000935291756443324
31560670	0.00488927752363046
31561890	0.00259500326354138
31562030	0.00127359885425104
31563191	0.00169356155781562
31565251	0.00200480757245591
31568161	0.00105215531087685
31568411	0.00133805377420873
31570200	0.307968309791645
31570491	0.00554527728913311
31570600	0.00230141810630908
31570890	0.00128819090266369
31571731	0.109746310158481
31573050	0.000935291756443324
31573210	0.00143557285860511
31575120	0.00172546901988031
31575130	0.000935291756443324
31576090	0.000945281251197788
31576230	0.00543672473364539
31577900	0.00189113829573083
31579540	0.00200982824973424
31581630	0.00596843633280616
31582030	0.00449718429103555
31583061	0.000970016749810232
31583820	0.00105179819908805
31584680	0.00163736955777404
31586310	0.00116263720927023
31594300	0.0190413898482811
31594501	0.00106589829804789
31594781	0.000944586497159893
31594860	0.00205264499364747
31594891	0.00499922760275702
31595331	0.00115514559504589
31595430	0.00378056844117927
31595741	0.00252750176206656
31596500	0.0012940704280031
31597080	0.00753323956472185
31598570	0.00124445899503814
31600961	0.00429958202493152
31601480	0.000982330536068007
31603140	0.00358454408357314
31604841	0.00126358117125714
31607290	0.0336868921040894
31607690	0.00315830990743398
31607850	0.00101295404939366
31608271	0.00498813622774664
31608821	0.00219373422523163
31608940	0.000953225181206572
31608961	0.00108013039794369
31609531	0.00197605161973353
31610081	0.0253737912745377
31611591	0.000935593614326021
31612571	0.00457678945431545
31613060	0.00335669251003436
31613521	0.000943243735935964
31614300	0.00301048576980647
31614850	0.00572736221215121
31616650	0.00276723672665668
31619861	0.00134468140101399
31620551	0.0056269367989785
31625770	0.000935291756443324
31625780	0.000944355679476875
31627420	0.00118031899609764
31628021	0.000943737562856874
31628100	0.0132291842144038
31628360	0.00336844453625951
31629340	0.00289841321296961
31630010	0.22794590916176
31631160	0.0011500530032505
31631560	0.0169112127564338
31632421	0.00116902825066638
31632561	0.00223742324244201
31634211	0.000958114944430976
31636110	0.00102089452671114
31636500	0.00120324327167479
31636640	0.00276297733559835
31637231	0.018700076653351
31637910	0.00159113136227436
31638061	0.00121668142006058
31639400	0.00850956197791531
31639581	0.00103182411596439
31639700	0.00148110821325525
31642020	0.000918980850887136
31642501	0.00119990865047814
31642771	0.00106351254121571
31642901	0.000933048030972178
31643591	0.0115929476992618
31644421	0.00122470051965382
31645101	0.00126502736834374
31646771	0.000982092823785604
31648260	0.000981089522662458
31649640	0.00229180454866269
31654590	0.00861393141507107
31658430	0.000918980850887136
31659570	0.0051236416180948
31659700	0.00747934109119635
31659721	0.00520750515145429
31661630	0.00118233287755404
31661760	0.0282151747044877
31662300	0.00291999448980012
31662310	0.0137504790822541
31662600	0.00138520140320338
31664961	0.0345186313219755
31666560	0.00166655268547574
31667051	0.0625626740000033
31667540	0.00571033352624201
31668131	0.00226489905980466
31669330	0.000946451225873545
31670081	0.00111064771062772
31670430	0.00208443365796112
31672250	0.00111845691887169
31672770	0.0197762806088396
31672790	0.00537685119334456
31674710	0.000981173351811122
31674740	0.00156673547326397
31677480	0.0146283352726968
31681320	0.000931209685051038
31682570	0.00372089708458614
31683461	0.000947737433152032
31684411	0.0013391544514152
31684811	0.000947871471603103
31686180	0.00238329291405134
31686201	0.00109782149167371
31686600	0.00341467271395305
31689350	0.00129082278483154
31689750	0.000942863007090381
31692701	0.00204184401663422
31692831	0.00405298841937394
31693391	0.00218771221373442
31694191	0.000952691321168652
31694730	0.130597151769322
31694771	0.000936753912002712
31695820	0.323378078185886
31695830	0.0032137120210284
31695960	0.00212018640751121
31696920	0.0172888650437579
31698191	0.00106227102144246
31699711	0.000973451171706419
31700411	0.089304411051226
31706300	0.0447045382179068
31706761	0.000928244913337972
31707181	0.00147054463012989
31707451	0.00121504352174991
31708360	0.000933706492020205
31708421	0.010605500471314
31708660	0.00105684198663564
31711171	0.000953903473235557
31712240	0.00096323068596033
31712500	0.00381689652359906
31713340	0.0598207347312326
31715981	0.00104001541819255
31717590	0.000948656278876188
31718280	0.00553960294434511
31720281	0.00315480191845807
31720640	0.0014648409055632
31721111	0.000955444091339934
31722040	0.0056985508543826
31722881	0.00369447196078682
31724520	0.00227639680391626
31725050	0.00988466391118379
31726860	0.000978270311707307
31728141	0.0154703138425928
31729200	0.002769346138
31730440	0.00145598598469156
31730611	0.00173198604874638
31732070	0.00758471241642153
31732220	0.000947737433152032
31732370	0.00265617435917272
31733310	0.000918980850887136
31733490	0.0020211975554253
31734000	0.000954857439882616
31734420	0.00103649089995871
31735670	0.00736888790560319
31736230	0.00179897824768047
31737320	0.00231363991873698
31737600	0.00353105106630667
31738000	0.000953107304038755
31738980	0.000946451225873545
31739451	0.00311623588429782
31739690	0.00104618402708469
31740940	0.00290032116525928
31741381	0.0041047239639108
31742840	0.00109018330068036
31743011	0.000952436988962221
31744480	0.000918980850887136
31744520	0.000990018158453262
31745180	0.00892238579290332
31745661	0.00100563626303243
31746000	0.00109113622087756
31746341	0.00385217002879581
31749241	0.00296238561716573
31750550	0.00313765943863307
31752080	0.00193423119788973
31752090	0.00153168502497629
31753911	0.00111137930979207
31754901	0.00129377060628426
31755581	0.0017647717297985
31756800	0.000934709452991689
31756821	0.00247599286188519
31756831	0.0012853578534242
31758720	0.0172494914655661
31759960	0.00112217939478833
31760760	0.000968667419472924
31760770	0.00175161253903655
31762010	0.00239640895563197
31764380	0.00202327771928418
31764500	0.0204588918062636
31764691	0.00304435907025902
31766020	0.00187034305335392
31766051	0.00131469640477677
31767390	0.00944305184300611
31768941	0.00144165279552451
31768951	0.0012900682023071
31769241	0.00314253377215883
31771421	0.00509782556335042
31780121	0.000918980850887136
31781091	0.00200549698080012
31781921	0.656095749810655
31782041	0.000922046450819502
31783260	0.00355472073060059
31783441	0.00268623311585067
31785361	0.0010334936820215
31785610	0.00339703576127855
31787110	0.00254477780258237
31787240	0.00342104483421135
31789170	0.00137616579619726
31790440	0.00400011682476333
31791130	0.00100241351033156
31791721	0.00228252320737653
31792750	0.0172685914037505
31795530	0.0485033595916655
31796370	0.00167042962945367
31797361	0.0440226815955063
31799690	0.0132776936779025
31803151	0.00108273433572123
31803380	0.00164330309549386
31804370	0.00144416505504748
31806420	0.0134704495666364
31807790	0.00187720614192642
31808910	0.00107908706861116
31809190	0.000969786076061852
31811230	0.00200177220041216
31811650	0.000968667419472924
31812821	0.00111002010122923
31812910	0.0187554748698059
31813310	0.00252265151230829
31813590	0.00101954496541983
31813641	0.0135935593249743
31815110	0.000959045256103019
31816340	0.185124904415932
31816661	0.00233407799229341
31816681	0.00123539600806761
31817791	0.00247718356399054
31819650	0.00109780662497321
31820770	0.000929813488691522
31822020	0.000978404175825977
31822440	0.00428874323904363
31822680	0.00262970225079333
31822881	0.555760591731746
31823510	0.000962764979968649
31824640	0.00286666312596472
31825071	0.0037199418915006
31825600	0.00931868474542504
31827031	0.000932749608285742
31827691	0.0401726481085245
31828941	0.00195344065383503
31829501	0.000987480178535893
31830550	0.00756701640710063
31831810	0.00456066729158176
31832650	0.00117245699628198
31833211	0.00501128989145016
31833440	0.00372386414248294
31835031	0.000935291756443324
31836900	0.00120867198095846
31837631	0.00126599792966568
31839110	0.00569973080001238
31839151	0.00242103649284704
31841221	0.000968667419472924
31842751	0.0010739562395941
31845570	0.00109037438426286
31845860	0.00789188150912971
31846051	0.0028065604719992
31846840	0.00223974513402096
31847021	0.0230779600579053
31848490	0.00273674481865853
31849440	0.0224469682433825
31850030	0.0045777721405733
31851230	0.00890850314232399
31853880	0.00158553775113137
31855100	0.00730245983251956
31855981	0.000944586497159893
31857720	0.000997007371903892
31858990	0.0409353870198357
31859161	0.00203847498203866
31859380	0.00092316573845333
31859991	0.00211091863421264
31863281	0.00123154956148975
31865460	0.0514209634747363
31866181	0.00121763597775646
31866570	0.00119112334933305
31866960	0.00295750188564699
31867421	0.00521172962637327
31868111	0.000987480178535893
31870420	0.00204145481143365
31870471	0.00100777340140571
31870871	0.0018033339389399
31873911	0.000931209685051038
31874311	0.00482011875341189
31874710	0.00391237223693059
31878591	0.00101607564214941
31879011	0.0014396139916639
31879971	0.00223789169294302
31882051	0.0120998236912734
31882591	0.0157205855989126
31882861	0.00188851400784288
31882881	0.00198961724643845
31883800	0.000935291756443324
31883841	0.00220821080166
31884060	0.004752818060177
31884080	0.000978742660554176
31887670	0.000944536026024128
31888330	0.00504141167025459
31888600	0.000986177499149427
31888671	0.000959166007933624
31888780	0.00149015967286862
31889221	0.00268389598122898
31891650	0.000918980850887136
31895930	0.000987774037996639
31896521	0.00371038904372799
31896531	0.00205711210304502
31899930	0.00822182544480161
31900521	0.00508198433640904
31903100	0.024546021533326
31906400	0.0024749308752041
31910741	0.00236617642428179
31910850	0.00277728653098753
31911370	0.00181250492957781
31914670	0.00240433728190241
31914810	0.00197172944223872
31917870	0.00218785603515294
31919120	0.0153719800846305
31919540	0.00113291177225161
31922280	0.000918980850887136
31922670	0.0533454270030943
31923551	0.00504023930339781
31927271	0.00167249975934912
31934410	0.0011822083581667
31934530	0.000976887308491954
31936121	0.00271085509815608
31936610	0.0196935215482773
31936661	0.00116665811103219
31936760	0.00244736911389226
31945420	0.00586709407151817
31946290	0.00410244863814967
31947841	0.00485574601050191
31948791	0.00183368421005128
31952330	0.00226144606212242
31954041	0.00275579827625206
31954840	0.00109464536081581
31957631	0.00111642858606992
31957980	0.033322949577197
31958171	0.00662565796843783
31960760	0.018010092822233
31961611	0.00141989520100711
31961740	0.00569647039566885
31961870	0.0117976573458217
31963380	0.0011003974355902
31965580	0.00520518834968518
31967390	0.00638653522209869
31968200	0.00101100746524746
31970110	0.00105956978602693
31970270	0.00430656185662544
31972941	0.00144460527298791
31973730	0.000965518366843801
31975421	0.00284601255812682
31977071	0.00197672308512149
31977201	0.00844429240102467
31978690	0.000960770242375474
31982520	0.00418741641093543
31983910	0.00130236856978416
31985331	0.0111552409873916
31985700	0.00478650395174834
31985741	0.00912084072701569
31986810	0.00107384260600732
31989980	0.00144436619905179
31990441	0.00164558858098759
31992231	0.00181211789726214
31994171	0.00112640142642081
31995520	0.00112350858961964
31997730	0.0302598487752098
31999490	0.0024270756238755
31999541	0.0165062566906402
32001341	0.00135185022568237
32005590	0.00131419752512398
32010940	0.000918980850887136
32011401	0.00153361918363128
32015141	0.00145779430733982
32015541	0.00113138221262092
32016111	0.0141377802041852
32028730	0.0904626343134001
32033191	0.00269488388029739
32033840	0.0227949377114792
32039790	0.00301115925503857
32040070	0.00545788547736357
32045020	0.00286646645208621
32047380	0.00301700769167443
32049150	0.00108549200960634
32049351	0.0442551731357386
32049901	0.00232362646905719
32050000	0.0516830227674092
32053881	0.00100548230912137
32055920	0.00253335258653611
32056750	0.00747131468406567
32058400	0.00154624151493672
32060340	0.000947539276342793
32061891	0.000981034953265274
32062540	0.00203656604893374
32064170	0.0022131712835339
32065461	0.00128027757252544
32070011	0.000993640181246214
32070800	0.00109257970422107
32071370	0.0010451795648421
32072580	0.00156846498354817
32072720	0.0219660614647705
32073061	0.000938411716316521
32073751	0.00207687717859181
32074660	0.00140851190606626
32075941	0.000955033344051088
32078530	0.00214448267621718
32078851	0.35657517547755
32080340	0.000970755300373523
32082270	0.00106531215859434
32083060	0.0043041122494563
32084081	0.000935593614326021
32085331	0.00145448971032787
32086940	0.00342112382471236
32087890	0.0038102417272925
32088060	0.000957820779901158
32088491	0.00640536862354565
32088791	0.00149906557820449
32091510	0.00109428333337976
32091821	0.0016962278919409
32092070	0.000958774395679459
32093461	0.00141878372748076
32094151	0.00207089249979192
32094161	0.00115514559504589
32095340	0.000947737433152032
32095391	0.00111353920981877
32095801	0.00958832591780733
32096101	0.00124429921079616
32096340	0.00310992872608992
32096501	0.0801090415414891
32096870	0.000944891352008167
32097680	0.00151508172018154
32097891	0.00154683733348793
32101410	0.11814451899619
32102861	0.00119578236012707
32103411	0.00107676468359737
32105341	0.020923402496105
32107080	0.00228562589134123
32109051	0.00114059340389294
32109970	0.000996782864648467
32112460	0.00316306927218777
32112590	0.00673435989743233
32112720	0.002972243787281
32113280	0.000997545740155992
32115770	0.0080533610921796
32115951	0.000992762886409128
32116330	0.000947233567991935
32116870	0.0018384897284381
32117041	0.00372248318796986
32118110	0.00130823696442474
32118141	0.0012125189783259
32119090	0.00212779498577066
32122120	0.00526813762425627
32122520	0.00157261994689978
32127080	0.00469501157041247
32127220	0.00189376266580728
32128610	0.000929945887272815
32130431	0.000918980850887136
32130820	0.000982663098882393
32131480	0.000959597387682991
32132610	0.0186737192995749
32136450	0.00108486425505574
32136600	0.00312763526629355
32136880	0.0011640122090592
32137871	0.00132592490460916
32137960	0.00528503846543016
32139340	0.00254272170901314
32139391	0.00109416111767349
32140921	0.00771003211819359
32141471	0.00454398718645346
32141980	0.000986993712382842
32142400	0.00281833051326705
32142930	0.00106499382627089
32143791	0.00140991834078338
32145990	0.00244808487385299
32146831	0.00444180560528029
32149030	0.00444031211527276
32150510	0.00208391140918737
32152730	0.00728337466032401
32153321	0.131441008932507
32153741	0.000924371789200717
32157130	0.00413271705717357
32157140	0.000970342908080816
32157171	0.00127270108159534
32157840	0.00136303714794954
32157850	0.00108781360436249
32158800	0.00163273322589863
32159131	0.000944586497159893
32159210	0.00143783365547107
32159661	0.00120546530650819
32160231	0.00138819088746617
32161150	0.000953107304038755
32161160	0.00110436837273814
32161840	0.00217741046325627
32162090	0.00109735571858043
32162930	0.00416068592267789
32163101	0.00437598090482144
32164071	0.536663217336805
32164631	0.00194096102576534
32164870	0.00146665013742368
32165700	0.00660438887101738
32165741	0.0024217746114944
32165990	0.00110013921691748
32168631	0.000980857147290806
32169410	0.003961079890891
32170650	0.00176636549869463
32170930	0.0216199334667733
32174680	0.00273399923350552
32175050	0.0250956564918129
32176040	0.000938411716316521
32177160	0.00201593300229432
32177731	0.00491006132579661
32180310	0.00225675754803628
32180901	0.00584796840098394
32181010	0.00247621372669678
32181570	0.00165598185804349
32181881	0.00119543634983454
32182940	0.00106610799681064
32183500	0.468416604245294
32183910	0.000957291107202645
32184330	0.00126249172795491
32184850	0.136242024204159
32187220	0.00277735790995444
32189861	0.00105176967217713
32190220	0.00102683252320132
32190281	0.00957408212626699
32190400	0.0013772186474102
32192460	0.0114312608749983
32193321	0.00460439290828854
32198011	0.00112201646138255
32201861	0.00265255232953121
32202100	0.00540433401101293
32205820	0.00209196244756015
32207921	0.04171311385657
32208460	0.0025277407645553
32208481	0.000986505686037965
32208771	0.00130652471780011
32210790	0.00299099582546311
32211661	0.00590479455317129
32213031	0.0016239143397542
32217390	0.00510908548998525
32219320	0.00778338717926923
32220010	0.00106559449077675
32220020	0.0024916097410292
32220611	0.00509148182820117
32224491	0.0046684626110713
32225301	0.000946005236003287
32229280	0.00427332362523642
32230630	0.00330676560853843
32234520	0.0136589914395159
32236891	0.00169517533206553
32237250	0.00101383145454349
32238390	0.00100374135509859
32238650	0.0010768679934467
32240221	0.00172439254957105
32241311	0.00371428166236122
32242810	0.00130380519922717
32244361	0.00844601417698812
32244631	0.00134913109623603
32245560	0.000974594858058636
32246291	0.0014876418563315
32248071	0.00158339747949752
32248290	0.00115560612133839
32249741	0.0059327689554478
32253581	0.00523781734216642
32253810	0.0389864950034741
32254110	0.00110218502675199
32254240	0.00173198604874638
32255490	0.00172277730808932
32256590	0.000929496194662656
32256751	0.00144557042600918
32256761	0.00108056852905147
32257130	0.00118057241626778
32260450	0.000918980850887136
32261390	0.0013165343966278
32261721	0.0015772944878699
32261830	0.00132091076085889
32262350	0.0072382804325293
32262910	0.0245533953734662
32263381	0.00103900619781814
32263651	0.00169868416809707
32263661	0.0374508373335945
32265991	0.0041006199344706
32268351	0.00760043978866263
32270490	0.004151821145408
32270520	0.000947737433152032
32271610	0.00191049271308581
32274011	0.0212959695929716
32276440	0.00141991658279809
32279470	0.00103721478285358
32280300	0.00097696306272337
32280850	0.00193464966937726
32281000	0.00130825344409156
32282961	0.000930976244032915
32283890	0.00133401314103789
32284211	0.00364821497484573
32285721	0.00198011280965082
32287050	0.00100508133489378
32288560	0.00117389439342151
32289400	0.000935593614326021
32290541	0.0142812404714149
32291361	0.00244023336374863
32291590	0.00116492272814921
32292030	0.00607839484069909
32292310	0.00112751375673006
32292590	0.00116541476356752
32293721	0.0115813928862057
32296341	0.00111866154419019
32297991	0.00117332060014479
32298691	0.000971352809697712
32298910	0.0013300665206083
32299620	0.000924371789200717
32303091	0.00235451842765583
32303210	0.00219308190340962
32305110	0.00263586491226918
32307931	0.000985859337097043
32308191	0.00158179841463779
32309981	0.00109873122384206
32310541	0.221239583633524
32310780	0.0011432562233717
32312211	0.00168430807666576
32312420	0.0028539113860986
32312840	0.00379038513107635
32315361	0.0189699185681952
32318380	0.000960107823251217
32319630	0.00124152403706056
32320331	0.00551433660575844
32322940	0.0154883550993566
32323740	0.140930202515484
32323921	0.00215854553278907
32324040	0.00109223071506697
32324160	0.00111642032482503
32327111	0.00600441607480179
32327170	0.00301598980737034
32329451	0.00102706365326852
32329581	0.000985515094236873
32329591	0.0152564145686606
32329721	0.0103190696970863
32329861	0.00593560662800505
32330760	0.00105481995587064
32331791	0.00139841448620847
32332010	0.0258721137687977
32333790	0.00618997426781811
32335040	0.00128647196183302
32335371	0.000944586497159893
32336300	0.00105188430875058
32336590	0.0010429543764402
32337830	0.00113952334148829
32340560	0.0197912149775321
32340590	0.0041049103064808
32340960	0.0176513576564838
32342821	0.0215948999481431
32345830	0.00219852744858372
32347091	0.00176637356496882
32348191	0.00140515917113559
32350121	0.00176642248344334
32351231	0.00100637216733622
32352170	0.00097632852420014
32353410	0.00108697186257864
32353650	0.0150760602646682
32356450	0.00152823611872457
32356871	0.00183433886926978
32359921	0.000968667419472924
32360690	0.00784176651929454
32360751	0.607729287703307
32362790	0.00123878967935138
32365311	0.00180667677050088
32365660	0.00363639130578614
32365830	0.00215687985819618
32366531	0.00106646968049378
32368550	0.00154740579114604
32368690	0.0102988598818443
32374220	0.00221287070433455
32375860	0.016083774738819
32377971	0.000930248032490418
32378500	0.00289206672126745
32379101	0.00109735571858043
32379600	0.00148601162671817
32385991	0.00278298056458504
32387231	0.0134760756047681
32387501	0.00127539932523664
32389301	0.00688234905441664
32391890	0.0010499106836705
32392690	0.00119225858851517
32393650	0.0145109385395018
32393660	0.00105608097860099
32394620	0.0131697973657011
32396150	0.000935291756443324
32397390	0.0231965254584352
32398470	0.00103115681072085
32412591	0.154113971754838
32419231	0.00112150143333836
32429820	0.00280488757963858
32434340	0.0135869533270611
32436720	0.00384432370543317
32438190	0.00427054571991614
32448570	0.0161819524446856
32463870	0.00137267501060327
32467570	0.00209068330389671
32469821	0.000966938525739216
32473291	0.000949608376284379
32473691	0.00114811038353241
32479870	0.00120495074169678
32480000	0.0215349959540785
32483030	0.000997061421187501
32485291	0.0127332035699734
32485360	0.000935291756443324
32485520	0.00108276610291618
32485790	0.000950995854428813
32487190	0.00121197894798498
32487621	0.00437500229067145
32487880	0.00643098082132472
32488540	0.00479489243735748
32491990	0.00104455381407867
32494740	0.00118289455851847
32495160	0.00268128935025476
32495641	0.00125072706200316
32498090	0.0012040538491971
32498330	0.00111242263838219
32498480	0.00186402787168897
32499450	0.0011540327045713
32502360	0.00406761323951103
32507700	0.00218207794646238
32509500	0.00101608642872885
32511330	0.00101158934292432
32512010	0.00108598125036397
32512570	0.000944891352008167
32512991	0.0263389123170366
32514060	0.00366626387370002
32515471	0.0115148171366367
32515481	0.00102035783851271
32517011	0.0487920065961693
32518090	0.0217599821640076
32520000	0.00124920052390095
32521110	0.00117729056707681
32522490	0.0247259383632896
32524250	0.00122695362340432
32524991	0.0457159204253033
32530111	0.00506713591063672
32531310	0.0109115325703225
32533831	0.00219149759815017
32534330	0.00785204721233699
32535180	0.0990195084191938
32537291	0.00268658563153972
32538620	0.00100532769693358
32540390	0.00251775974326094
32541131	0.00253521345979986
32541910	0.0015354431023472
32543621	0.016283691913717
32544031	0.00181327686711477
32544110	0.00188267907958222
32544660	0.00189513880942261
32547010	0.000980365243099521
32547160	0.00219380588515715
32547840	0.0103654098393919
32548451	0.00315088933243839
32549510	0.000997103454197305
32549681	0.00163236444016715
32552441	0.0969469712360481
32552601	0.00231016748489773
32554501	0.00330768993404439
32556010	0.00437588127518629
32557800	0.00245209325442209
32566641	0.00801126400925663
32567341	0.00739323904921162
32569770	0.000980892844927465
32569790	0.00133403992556731
32570350	0.000946869479301873
32570661	0.00460930384699456
32571351	0.00397583554346288
32572321	0.00773346088083923
32577090	0.00222218140314257
32579051	0.00265301038550918
32580260	0.00334450600460547
32580840	0.00106751733599559
32581001	0.121753171050052
32582330	0.00123540504352746
32582450	0.0029406540043458
32583040	0.00173611382546473
32584530	0.00373055540634643
32586801	0.00117065703460464
32588181	0.00455918815241251
32588800	0.00130622393590861
32590480	0.00165024618127571
32590651	0.00106765738285445
32592700	0.000956758918286019
32593210	0.00297852917943181
32594501	0.0011504460259511
32597630	0.00213240442531508
32598480	0.00116008093992079
32599071	0.0012308300836724
32603481	0.00391301843022506
32603580	0.00125791550098697
32608171	0.0013034574948407
32608291	0.00156675280188212
32608550	0.00118641745852908
32608560	0.00211294807417875
32609240	0.000994853094110792
32610740	0.00543745934948791
32610801	0.00101660251476596
32611000	0.00462330478065682
32613121	0.00142605177025371
32614111	0.000923162048352424
32614180	0.00183047791893949
32616540	0.00115655482978345
32617421	0.00258168485225831
32618760	0.00214712856375988
32619000	0.00276085603537554
32619901	0.00100259493802993
32619970	0.00438712254768589
32620441	0.00189936160329309
32620520	0.0014888294845149
32621070	0.00160146265587553
32624530	0.0010057890187456
32624841	0.0157143753321757
32625391	0.161480518588065
32625930	0.00121295914350067
32627751	0.00295994349097932
32631550	0.00420154653997989
32634880	0.00380673736438195
32634890	0.0121995191014947
32635310	0.018400546864953
32635601	0.00420251886340302
32636441	0.00352473163477753
32636820	0.00345853046087525
32636851	0.00339267820483102
32638460	0.00129560406618944
32639040	0.0163681087216774
32639211	0.00514755427515519
32639570	0.001179173586314
32640650	0.000936437483934031
32640680	0.00186813352615449
32641110	0.000939963895334573
32641141	0.00214168899125243
32641490	0.00911908426655714
32642610	0.000961092355144233
32644431	0.00391506500381091
32644981	0.00164212688071987
32645411	0.00310756275628168
32645951	0.00176455666159862
32646911	0.00210668105070623
32649070	0.00280955923916566
32649080	0.0426966945130979
32649121	0.00316773620091393
32649790	0.00159431281551515
32649900	0.000947737433152032
32650070	0.000987936880597486
32653360	0.197240522085696
32654170	0.00338022228239145
32654200	0.0012266735835307
32657760	0.00104312448618556
32658620	0.00100979879867661
32660021	0.000968667419472924
32663751	0.0441254720350231
32664151	0.117723908596946
32666030	0.00667163778698573
32666340	0.00111633317345014
32669001	0.00256898249291837
32669770	0.0010663109092756
32669801	0.000942863007090381
32671881	0.0119435977791677
32672701	0.00216160406801137
32673770	0.00287920023260557
32673780	0.000988076742588604
32673920	0.00317468429728497
32675051	0.00242734824843542
32675420	0.00107980603423095
32680660	0.00262157822674867
32680721	0.00137822577016657
32680790	0.0021512864120149
32683611	0.00128179473574364
32684510	0.129923382965969
32684861	0.0111465585097048
32685350	0.00101688883887967
32685900	0.0116670214133015
32686221	0.00111229388215355
32686361	0.00135555749945247
32686631	0.00369086214429383
32687030	0.00259773424689318
32687710	0.00161517544386963
32689770	0.0132355087578987
32690781	0.00256956911772235
32691270	0.00297762007368525
32692281	0.00452356302438919
32692441	0.00556086349168701
32693080	0.00188567915744872
32693391	0.00158308383654144
32697661	0.00138877148002006
32698440	0.00101168636741372
32699020	0.000991044294574481
32699580	0.00110388197643845
32699601	0.00104292598450482
32700571	0.0127879871882914
32701261	0.00182693256228094
32702610	0.0244165660318135
32702750	0.00534311430659335
32703321	0.0010793043234255
32703990	0.00154953671983948
32704031	0.0103056232861327
32706330	0.00116637163937496
32707471	0.006418443702915
32711400	0.00450757837860096
32712940	0.00267131586880087
32713681	0.00113602394972743
32714160	0.0241107258749759
32718320	0.00248819020301072
32718330	0.00117764875508851
32719140	0.00558172741394218
32723270	0.00267842245758957
32723591	0.00494635820100349
32724230	0.00112076140346832
32725370	0.0044254121526624
32728790	0.00407053424957382
32728820	0.00925420534825712
32730081	0.000930714598691941
32730901	0.00168477606430612
32731611	0.00181447782832453
32731720	0.0177615274199844
32735280	0.00165193891673767
32736281	0.00135494149927123
32738860	0.00471715761944364
32739031	0.000947737433152032
32739300	0.00260895713212494
32739970	0.00185214313920716
32740130	0.0125872692739422
32741350	0.00106783015700231
32742491	0.00107836047340037
32744270	0.00123448572059502
32744431	0.01322865496468
32744660	0.00186623259669719
32744820	0.000945828964985795
32745920	0.00353313545682784
32747140	0.00290563538721479
32748281	0.00401988093928921
32749220	0.00175263472514109
32749251	0.00309124054859034
32749330	0.00721997859514713
32750040	0.0020422129624426
32750231	0.00973678377560891
32753890	0.00457268362016785
32754610	0.00125601575813968
32755031	0.00244439740275439
32755471	0.00116137575190408
32755550	0.00568206132882358
32755611	0.00199684272724703
32757340	0.0286992115467016
32759700	0.00600851235728048
32760800	0.000963639660611551
32760831	0.00306982906474913
32761651	0.0053452075035087
32762201	0.000934973662953168
32768230	0.00586413808216836
32771270	0.00768068775986497
32773470	0.0016157262306187
32776431	0.057649801193352
32776701	0.00169102048346547
32779331	0.00735230689305629
32780411	0.00252000209702525
32780681	0.00401451164887703
32781220	0.00148747734851192
32782481	0.0016236177051961
32786190	0.00110936506084803
32786430	0.101049253796692
32786460	0.0010650709484409
32789941	0.0012889782086362
32791540	0.0019541382807977
32792800	0.000996782864648467
32793251	0.00107903977505838
32794320	0.00104265995714677
32795991	0.00130015929516056
32796520	0.00139231280079136
32797360	0.00291412587819353
32799260	0.0139402818611178
32799881	0.00209217669390161
32802201	0.00120965011675446
32806751	0.00245880305056922
32807390	0.00104835573524929
32809241	0.00248995236148574
32809811	0.0501180152927308
32810020	0.00299053736202537
32812240	0.00282193269719378
32812271	0.00117258052718758
32812981	0.000918980850887136
32815420	0.00339235131180308
32818170	0.00135029934263716
32820230	0.00120691387402402
32821180	0.000954671121592473
32821531	0.036097785785584
32821671	0.00117302569364162
32821801	0.00101455170950783
32821880	0.00568336233517367
32822751	0.00419105925390821
32823540	0.000995378003151556
32823721	0.046470420335358
32824910	0.00167341842074351
32825511	0.0476231155009224
32826061	0.00108644145510555
32826870	0.00225373806198717
32827441	0.00667396143362442
32827721	0.00425070321294756
32830071	0.00180290121815381
32831991	0.00258129040870926
32839571	0.00129333315184242
32840630	0.00292200847762698
32844230	0.000975845762151742
32845050	0.00174387504334864
32845641	0.00917936415673159
32845791	0.00273232688144493
32848350	0.000939219737574562
32848561	0.000918980850887136
32849501	0.0117850277465681
32850071	0.00253224622157789
32852920	0.00218592677168728
32855550	0.00705208836229436
32855871	0.00358598160461332
32856701	0.00162487747920694
32858460	0.00143159414204966
32859021	0.00129393152609642
32860360	0.00431238748757235
32862071	0.0148129959137716
32863540	0.00191056928539935
32865231	0.00151637381533605
32865630	0.00210230030998451
32865770	0.00682451715565411
32867810	0.00124453969184543
32867861	0.00552007078978277
32868411	0.00177735496033948
32870081	0.00199004307216501
32870450	0.00694246305559428
32871410	0.00569741222041655
32871731	0.00334802508204375
32873770	0.00577945924279832
32875291	0.000955286981331197
32875981	0.00267786708956918
32876080	0.00474996208337535
32876350	0.000952436988962221
32881070	0.0032813974136933
32883560	0.00297538198680231
32884001	0.00231275385967504
32884350	0.00388235902821871
32884800	0.00174018859020394
32885801	0.000980694209471416
32887970	0.00728743701102015
32889870	0.0149847861759805
32894901	0.00477843330446084
32896070	0.00119533910194016
32896380	0.00102722715857265
32898290	0.00361034552833627
32898621	0.000938411716316521
32899000	0.00474126027670298
32899400	0.00100396288918351
32899800	0.0054974500186921
32900900	0.00106550819431819
32904121	0.00787947634842755
32905381	0.005914206333863
32906450	0.01586128418089
32906491	0.00305425669850592
32908240	0.0114982082162957
32908480	0.000948656278876188
32911260	0.00678085464296829
32917050	0.00126159773911935
32923100	0.00165122880524375
32924900	0.00212841576415322
32925641	0.00103294002408964
32925791	0.00380705746808016
32926601	0.127876841675942
32929310	0.0275662457266725
32931670	0.000939838329986661
32932681	0.00421863892927632
32932910	0.000987480178535893
32935250	0.00518622437414968
32935581	0.00419453147169545
32936240	0.00104417259806294
32936380	0.00403894927679148
32937521	0.00127291099304358
32938270	0.000935291756443324
32938621	0.00131774465949759
32939171	0.00132301814084581
32939270	0.00122125549897243
32942290	0.0362107753323967
32942700	0.00292903475560723
32942761	0.00116664398661821
32947800	0.00105868280260465
32948360	0.00705860014968248
32948411	0.000928244913337972
32949470	0.00100394581784932
32950580	0.0428227987728594
32953651	0.00483082589025944
32954820	0.00433452864728959
32956240	0.00361163648906949
32956510	0.000988076742588604
32960001	0.000942186336307293
32962830	0.000918980850887136
32963851	0.000971863827709406
32965931	0.00108247769820285
32966030	0.00995329219153456
32968001	0.00219674061953561
32969760	0.00149798388479978
32971561	0.00235642534712416
32972210	0.00922523429599518
32973580	0.00126495434364422
32975380	0.00119833732674844
32975540	0.00348842988743407
32978010	0.00248707225027029
32978201	0.0106656575209583
32979250	0.13898493351445
32979370	0.00368597945444707
32979421	0.00167875600979372
32980070	0.00738685280776246
32981491	0.00157264812944189
32984360	0.00235738191231415
32985580	0.00147666395161489
32987250	0.000935291756443324
32987410	0.00224572141368837
32988360	0.00376158342946939
32988521	0.00103562346842836
32989361	0.00321505974139657
32990400	0.000935291756443324
32990840	0.00112263616336736
32991240	0.000968667419472924
32991691	0.00167772623564172
32994891	0.00095598462549893
32994970	0.00107794448171561
32995130	0.000918980850887136
32995141	0.000940339414007075
32995400	0.00181912784233858
32995721	0.00336878790438218
32996521	0.00186868424102795
32997071	0.0012488099462378
32998400	0.00109593867077149
32998591	0.00262007954676661
32999370	0.00534197984999902
33000060	0.00132723312399735
33000360	0.00192716468529105
33000780	0.00157562320242907
33002710	0.00383496207013545
33003151	0.0031663587026139
33004941	0.00104889960461518
33005030	0.00104839496107013
33005040	0.00114009473162538
33005190	0.00125937919624703
33010030	0.00146246408253304
33010680	0.00688466796499364
33011130	0.00252539015332515
33011441	0.00140088969562681
33012090	0.000926241583281674
33012630	0.00123586348441156
33014130	0.0030980438737441
33014191	0.000918980850887136
33014550	0.00302434837425902
33014950	0.00134567681864577
33017050	0.00513506130846881
33018720	0.00164392155774009
33020121	0.00348113364183814
33022440	0.00400638338513855
33023991	0.00181098943141463
33025221	0.00262414667139272
33027551	0.000993296825934107
33028251	0.00461258641417395
33029320	0.0012738363937489
33030290	0.00406423486662283
33030960	0.0484914864759212
33032230	0.000947737433152032
33032330	0.0331076240259881
33032360	0.00100991736870236
33034191	0.00111737457542371
33034700	0.000935291756443324
33035260	0.581482228654826
33038031	0.00102378744159442
33038150	0.00496881723768027
33040931	0.0019337120517226
33041781	0.00234667219121223
33042850	0.00310722610554875
33043841	0.000991997028408661
33044401	0.007037184844389
33045180	0.00951740321496518
33045330	0.00380199329729974
33048910	0.00101892572488425
33052200	0.00151165359904157
33052251	0.0155229970339876
33053201	0.00305879485793229
33054120	0.0208525102725162
33056610	0.0015389161215749
33056620	0.000931209685051038
33057460	0.000986158822948323
33060910	0.0110063366993552
33061170	0.00132920351057102
33061330	0.000982901683687248
33063100	0.0422278804713586
33063800	0.00214864678237749
33069621	0.00706977061017532
33073040	0.00105756955095123
33074970	0.00210170295766745
33080121	0.00276232470381736
33080230	0.00852795364720537
33080750	0.00327058011847706
33082690	0.0409336232717426
33085570	0.0010775440955381
33086540	0.00176506861307952
33087500	0.00144415744520204
33090181	0.000947813602687648
33091530	0.00611188996514764
33094581	0.00295843968064638
33096231	0.000998369927698306
33097840	0.000991156051201698
33102530	0.00101938094459847
33103011	0.00362214116723934
33103821	0.0012839168595014
33103841	0.000918980850887136
33106191	0.00294332432353736
33108890	0.00143314242655268
33110280	0.000918980850887136
33110581	0.00240324306877111
33111360	0.00183791926448164
33115971	0.0151074755180456
33122051	0.00542724710365251
33127360	0.0071029728471033
33128360	0.00883367355230852
33128740	0.00189235604347546
33129570	0.0154204949363008
33139100	0.00109040064307993
33139261	0.00260057566625818
33143011	0.00227814273573137
33144231	0.00331030651592515
33156251	0.00244657545296179
33157450	0.0295163392312343
33159530	0.0127885943447666
33160641	0.0122470581145014
33161830	0.00104442012673381
33166690	0.00324049163914843
33169211	0.00139190514348201
33170530	0.120533294074344
33171510	0.00531307291913378
33171811	0.00947633249173119
33172320	0.00228941829693477
33172750	0.00105176967217713
33180350	0.00417265252940941
33181341	0.00167859210707727
33181870	0.00523257173433425
33183510	0.00322015411485268
33184111	0.00272875983373129
33184231	0.00694135473005565
33184941	0.0307914144551776
33185170	0.0013788953857214
33186021	0.00332206547767615
33187490	0.000918980850887136
33188371	0.00137297812323075
33189730	0.00463103938849701
33191100	0.00319564050346065
33192610	0.00105271177715056
33197690	0.00100005806136197
33198581	0.00115158998182844
33199110	0.0011650497608574
33199131	0.113127841093422
33202660	0.00104623007170942
33204180	0.0243824966502465
33204371	0.00212645184560554
33205901	0.00264460045755706
33205980	0.001046154609285
33208750	0.0009683658861079
33208911	0.00164868346317338
33209010	0.00101276587769112
33211920	0.0888728311173608
33212900	0.00103437676103636
33213420	0.00101623325705152
33215070	0.0758895141167713
33216480	0.00299945424767912
33217550	0.000993268692756821
33219910	0.0357571755290244
33222031	0.00404183991793161
33223070	0.0141173470209558
33223391	0.00891511300085816
33225481	0.000935291756443324
33225700	0.0131167916785705
33225830	0.000942863007090381
33226120	0.00387560279285571
33227951	0.129480294096783
33229071	0.00471221329292083
33229300	0.00192536676894877
33230011	0.00203962047423155
33230161	0.00595066981941189
33230510	0.000918980850887136
33230520	0.0010740851327583
33239380	0.00939360110509717
33242940	0.00364734028035337
33244460	0.112150080201218
33245850	0.0305624072134421
33248381	0.00307852957318937
33249410	0.00861880016021695
33251961	0.00108138708453632
33257290	0.000985859337097043
33257611	0.00508680184227484
33257891	0.000944586497159893
33258981	0.00332977311596048
33258991	0.0035616918145897
33261020	0.00253962232887373
33262920	0.00294337577037825
33264190	0.00125772121836315
33264730	0.137796632261832
33264870	0.00205206848135152
33264880	0.00911921944973699
33264931	0.000956558660411907
33266390	0.0010471495526473
33268620	0.0451754788546885
33268730	0.00145917501847084
33268890	0.00102382558744637
33268911	0.00249377816168615
33269321	0.0305234643860791
33271610	0.000982209056136002
33272070	0.0237147296701407
33273570	0.00186269798770612
33274100	0.00217240275504876
33276511	0.000989258940097798
33276761	0.0010346769286856
33277341	0.130310220976521
33278110	0.000931209685051038
33279271	0.00395717658002278
33279500	0.00368745561256408
33281280	0.00225509155303991
33282090	0.00116850534507025
33282130	0.00097643856788972
33283060	0.0196664437989515
33283381	0.0102371514518566
33283750	0.00411157131904964
33284710	0.0170759733519359
33284750	0.0145953033630577
33284901	0.00242419343228829
33285881	0.345692139750568
33286031	0.000930976244032915
33291610	0.00440523146586147
33292030	0.0066671723336511
33292651	0.00291697592747044
33293321	0.0016538522981344
33294540	0.00446222000728803
33296371	0.00777751762348865
33296590	0.00145363780460711
33296621	0.0153021181664208
33296880	0.000918980850887136
33297061	0.0217573834697099
33297300	0.000978894644249666
33299900	0.0044022881438791
33299920	0.00434872574681745
33300610	0.00130739413899757
33300631	0.000968667419472924
33301601	0.000959587590862828
33303821	0.00289820086595955
33305830	0.00248202009065693
33307941	0.00136272276858733
33309741	0.0102919110827182
33310540	0.00198918584557732
33311330	0.00921627504706841
33311370	0.00115660482341044
33311661	0.0123200150121028
33312060	0.00124106428321746
33314141	0.00184509051163005
33314380	0.00254622112387356
33317601	0.00112916701364978
33318141	0.00137149913858013
33318660	0.00110348623473028
33321731	0.143088861861909
33321881	0.00114463043550407
33323770	0.000985233610231887
33325601	0.0187499832400196
33325611	0.00099674825727469
33332430	0.0111114922994876
33332730	0.00637191899847893
33335470	0.00103443254813399
33343661	0.00596345736535832
33344190	0.00348829992880125
33344580	0.111328957750868
33346260	0.00128815961541425
33346701	0.00120126739552851
33346841	0.00252792364431209
33347531	0.00239671400588418
33348980	0.00166074041262174
33349331	0.00358060897628026
33349430	0.0421478763970634
33350110	0.0553164231605823
33350271	0.00714842838752481
33350510	0.000972817666072274
33350950	0.000940413646088881
33351111	0.00159527392922745
33352860	0.00346616254911622
33359101	0.0024019475640792
33360150	0.0428832597841005
33360501	0.00293368191058331
33361311	0.0152302399866992
33362090	0.0175324773615808
33363340	0.00589206855062102
33364221	0.016548366323531
33369171	0.00287457845645846
33369570	0.00108349383570663
33370961	0.00747997499663909
33371531	0.0020797258827059
33372901	0.00103667374851418
33375750	0.00140740760945853
33378090	0.000980593585698963
33378110	0.00237830464046398
33378711	0.000947959338456875
33378910	0.000918980850887136
33380170	0.137579725657019
33382141	0.00146384600367673
33382541	0.000965788122056688
33385810	0.00221837926328579
33386291	0.000942728273753193
33387661	0.000965110592291242
33388481	0.000978180626449112
33393171	0.0013060052230353
33396061	0.00280957050238595
33397451	0.00396788082110838
33398500	0.00154279266814242
33400590	0.00173313702519178
33401301	0.00182972390904241
33402260	0.0012228728512661
33403910	0.00114208040910482
33405810	0.00128858209483091
33407921	0.00151835507359906
33408040	0.000970719525822529
33408980	0.000984313438393938
33409000	0.00183867891292254
33409670	0.00105584668860058
33410281	0.00621116279840966
33410831	0.00174429659725041
33413601	0.0180321413096047
33416440	0.0291892421845044
33418240	0.00120414537057539
33418370	0.00135041660625866
33418670	0.00230091118525173
33419500	0.0177696223831238
33419880	0.00261029635978224
33419941	0.00102631241385924
33422831	0.00421217410439333
33423180	0.000997886439293467
33423801	0.0016023112608622
33424331	0.00121341989283268
33425140	0.000944536026024128
33425851	0.000997007371903892
33426530	0.00170761216387538
33428191	0.0011017145785582
33428840	0.00211661582215288
33428881	0.270870572575326
33431880	0.000979681531267906
33432010	0.00102880766671274
33432850	0.0168659798462027
33432860	0.00104365400121529
33433280	0.00181978959522532
33434011	0.00138541285840061
33434350	0.00841077927788709
33435730	0.00100856516521093
33436040	0.00184891876697797
33437601	0.00114887033205821
33438360	0.00115514355563921
33439101	0.00309413302722969
33440061	0.0105821103313012
33440191	0.00107722489740315
33441171	0.00304008713055066
33441530	0.00306655020970689
33442350	0.00158565786714717
33443760	0.0100374344764164
33443781	0.00658814872800487
33443921	0.00119608497694415
33448460	0.00111271778919504
33449830	0.00214845209943672
33449871	0.00166556194290649
33451490	0.000969082009800563
33451641	0.00203415208612939
33452211	0.0164831223939209
33452300	0.000935291756443324
33453000	0.00104630409856031
33453431	0.150045784598613
33453711	0.000992465889202175
33455910	0.00328354659737713
33457171	0.00111403466889245
33457940	0.000974183190895041
33460631	0.0015642922014387
33462281	0.00121222444000099
33465301	0.0145118913537826
33465670	0.00197321036685423
33467080	0.0222879170471006
33467740	0.00122414363138674
33468280	0.0294881629685448
33471310	0.000944614554785205
33473260	0.0011445134941008
33475101	0.00281162603348507
33476030	0.0173980366102284
33476761	0.00379606807935266
33479170	0.00179534445416588
33482281	0.00271768469515569
33482360	0.00587343229271416
33485280	0.000994713121527508
33489250	0.00188311147039231
33490900	0.0040688926373775
33491610	0.00105333223602517
33492030	0.00207676660258688
33492420	0.00467632929360726
33497140	0.0050209062925731
33497530	0.00449578482967079
33497591	0.00124328382234574
33501420	0.00468684684888168
33503030	0.0124885797449701
33504621	0.0796943441080285
33508010	0.00191954552104551
33509011	0.00247439266571195
33511221	0.0013570557259621
33513000	0.00093208448173805
33514760	0.00582011705435827
33515460	0.00117344894413936
33516621	0.000959837998518783
33518660	0.00194149850916202
33520440	0.0127101325405364
33521390	0.0309903249693311
33521451	0.00159660026308452
33522230	0.000987523751186842
33524700	0.00323437179499831
33525970	0.00165805497419962
33527511	0.0164145397589432
33528960	0.00217454771503343
33530121	0.00095439187033192
33530541	0.00259390245597855
33532061	0.00260483865800008
33533110	0.00202162911698345
33535310	0.0019534930193729
33536000	0.00117940904228678
33536290	0.000943099425884448
33536611	0.000964938908464525
33537380	0.0019406836611227
33537561	0.00138464276138624
33538671	0.0017055971827491
33539241	0.00654075369839818
33539620	0.000966087830689263
33542890	0.00128167811910699
33546770	0.0160453821846425
33547340	0.0280844706404856
33547720	0.00114521198149367
33548280	0.0010065352422186
33549530	0.00192546171103627
33549721	0.00278859753716883
33550100	0.000970347879569532
33550111	0.0456330466183077
33553431	0.0102835835494726
33554100	0.00104742520387083
33555651	0.00182633291061313
33556450	0.00141413787747419
33559870	0.000948782489254006
33561810	0.0040159110733015
33565120	0.00205850934774173
33567720	0.00292681713474468
33568290	0.000938733394372979
33568550	0.000965611593887061
33569270	0.00890398762400643
33570261	0.00248116219507256
33571200	0.00101716218766998
33572731	0.00400523105239973
33575921	0.00451168222197756
33576010	0.00167873942103743
33576850	0.000979750739160738
33577270	0.00294959620249947
33577920	0.00790250210874306
33579860	0.00196231090059619
33580270	0.000940781733761597
33581141	0.00249956296000173
33586131	0.0170731372031886
33587631	0.00105533842593265
33593780	0.00254514910095907
33593930	0.00101164523172416
33594931	0.0828059441917534
33595340	0.00114208040910482
33597660	0.00770191394091982
33597851	0.00196719308225441
33602500	0.000942426528664446
33602770	0.00102980433459495
33604000	0.000981292812192928
33606101	0.00203074350402436
33606681	0.00500481390965699
33607570	0.000929945887272815
33609370	0.00131183642907098
33609380	0.00117461392164794
33618470	0.00102686884230175
33618780	0.00360010536999359
33619091	0.00139405484151813
33619580	0.00226712893391164
33620191	0.001359256234091
33621161	0.00334911238989278
33624741	0.309915644246078
33624751	0.00120490449056546
33625291	0.00120089963061551
33625780	0.00154913077725302
33626050	0.00268662181908327
33626070	0.00345887483989436
33628451	0.000947737433152032
33629360	0.00116752654659173
33630090	0.0133021744059719
33631091	0.0667362140219426
33631921	0.00206491785458234
33633301	0.00099674825727469
33633431	0.00245357560619413
33636721	0.000981034953265274
33637680	0.00102129422471641
33639740	0.00254576480150139
33640311	0.000940569761300911
33641701	0.00195857511346896
33642370	0.00178777325769166
33644140	0.00232487580148703
33644181	0.0276239713356227
33644300	0.000938411716316521
33645001	0.00106062874985807
33645660	0.00413941010418371
33645920	0.00196744637738577
33646111	0.00115428783362637
33648140	0.00104012355796912
33650880	0.0027042710969165
33653640	0.00836662946788013
33654910	0.00416386898229336
33655481	0.000918980850887136
33657800	0.00103952137818254
33658070	0.0082112499171222
33658261	0.514925642469456
33658401	0.00119796597930457
33659170	0.000977352679331126
33659290	0.000958817640619623
33661110	0.00319164984522353
33661390	0.00102174731061016
33661510	0.0111622305200075
33662050	0.00392168591856144
33662340	0.000975447442420722
33663621	0.00162345458280996
33664321	0.0120280088966778
33666620	0.00142891941011905
33667290	0.00219199128320454
33672461	0.00105671461636968
33672950	0.00152296179567369
33673360	0.0144652504207939
33673400	0.00102470887400296
33674330	0.0893307162845309
33676311	0.00161052545201075
33679180	0.00109736609748275
33681281	0.00186171029267268
33685411	0.03458962508643
33685541	0.00131768759277821
33686070	0.00174002041740664
33686210	0.00181626326109906
33686381	0.000998164057652269
33687430	0.00654732769473504
33687631	0.00660124137530475
33689770	0.000918980850887136
33689790	0.00281309891005421
33691290	0.00725633145535492
33691330	0.00277343586556434
33692700	0.0011272537061379
33694101	0.00130837942575254
33694210	0.0020806078439937
33694640	0.0238405237839197
33696250	0.001059756823226
33697561	0.00782519197421414
33699081	0.00139312192462361
33699201	0.00239058763432917
33699870	0.427239634464877
33699911	0.00287885227291242
33702880	0.00145819777695778
33705670	0.00200286891708882
33707771	0.000980151603147744
33708731	0.001971967632235
33710360	0.00504828686590984
33710470	0.0070016408336496
33711071	0.000918980850887136
33716731	0.00385064380027812
33724980	0.00219271262120455
33725691	0.00209135915023692
33727870	0.00112087714788169
33729380	0.00100970939974697
33729510	0.00258487366251274
33729821	0.0010132561818039
33732970	0.0072475842962903
33733350	0.0061269031137712
33733650	0.00257958000033271
33733770	0.0058849324844644
33734791	0.00104456363562177
33736431	0.00252685255308367
33749691	0.0141419473218754
33750470	0.00642600295508275
33754361	0.0107736236254626
33754801	0.00171990981397906
33762620	0.00107426828134097
33762781	0.0567057585308091
33763341	0.00176839952011887
33768451	0.00250206953196065
33769370	0.00355646422630698
33770320	0.0166671190541181
33770740	0.00152657693932336
33773961	0.0010179609621737
33777800	0.0142217137288746
33782190	0.00519425477430192
33782310	0.000936085569522851
33783010	0.0601086896249545
33783051	0.00207158641181272
33784530	0.00200842806366101
33784991	0.00171432825162699
33786860	0.00328157005746039
33787140	0.0160400203942162
33788100	0.294029078225193
33796571	0.0024626477565879
33799191	0.0113371450716442
33801671	0.00137668105153622
33805070	0.00127673857221652
33808960	0.000933048030972178
33812130	0.00098931749573937
33818750	0.00445233534976074
33819700	0.0738772896059118
33819761	0.00302421085255146
33820400	0.00421797339610053
33823160	0.00551292175716306
33823690	0.00196327592264749
33824280	0.000928683965399807
33828120	0.00299815394930107
33828550	0.00345252689702232
33828660	0.093308952940917
33835300	0.00097821937310221
33843550	0.00211576246157266
33844851	0.00109210645837906
33844861	0.000954248815421065
33847550	0.000999706000350043
33848301	0.00103711475128808
33848810	0.00170538053894118
33848861	0.00154435478546066
33849630	0.00118883942405289
33851560	0.00194232091169271
33852680	0.00327892531207406
33854241	0.000942728273753193
33855201	0.000935593614326021
33855270	0.0123155059604097
33855850	0.00378618378345149
33859280	0.00183204740737476
33862211	0.0282503464341005
33863000	0.000945710402512002
33863601	0.00144788247170191
33864800	0.00354104381322034
33866720	0.00157597623778484
33871341	0.00415502890843156
33871720	0.00179394821399348
33872370	0.0034257410887665
33873500	0.0313985547321078
33879130	0.00414436087423882
33883191	0.00101845490251924
33884230	0.000989932616686283
33885681	0.0027535225705155
33886450	0.00981072302940907
33888841	0.0016750471916278
33889350	0.00103520295740019
33889620	0.00196224812507076
33890040	0.00138401241212998
33890850	0.00633510896959777
33891700	0.00168036716779952
33891850	0.00306468860757915
33893650	0.00367289807911752
33894211	0.000925158936941687
33899290	0.00372384005833797
33900571	0.00306293519582051
33904250	0.00101195432362258
33905780	0.00189714317562853
33906211	0.00312976386620108
33906761	0.00108045022333591
33907451	0.00178780671248506
33907550	0.00239282966254667
33910211	0.0012410484597591
33912001	0.00109215793115558
33912400	0.00130087513340148
33916961	0.00126368466667008
33920431	0.00093669654797113
33920920	0.00105790850293712
33923810	0.000939455046151782
33926880	0.00229525795887843
33928660	0.00228217136396208
33928711	0.00255435511764818
33929251	0.0077068704218774
33930310	0.0123708493502513
33935031	0.00244347800034222
33936421	0.00194006213218832
33938600	0.00916029605263437
33941101	0.000975217690730276
33942450	0.00354873364403993
33943690	0.00136953281092392
33946730	0.00514533918988392
33948800	0.00200087378326686
33949760	0.000968667419472924
33952821	0.00215129776659917
33961350	0.00667339525288302
33963031	0.00187416299935089
33963280	0.000918980850887136
33963861	0.0170208784496191
33965640	0.000965766577807608
33965770	0.00173832805156998
33966740	0.000948945884040681
33968370	0.102706488955891
33969740	0.00312229298455204
33971260	0.00354303884714247
33971420	0.00102217973285081
33972520	0.00355935225654046
33972930	0.00181970643527604
33973330	0.00101164523172416
33974061	0.00111376628858291
33976650	0.000986177499149427
33977180	0.00100261038892645
33979591	0.000936753912002712
33979991	0.00121097330073044
33982980	0.00102587296145773
33985391	0.00203549929938872
33986751	0.0187851483323633
33987410	0.000970637240097863
33988360	0.183734276282179
33988670	0.00582340149645588
33989651	0.00112205735509205
33990850	0.0107061022747155
33990870	0.000985690940170645
33991700	0.00676204568506152
33992681	0.00140626295467902
33993460	0.00220633514956727
33997101	0.00465990109660331
33997900	0.00401472075772375
33997941	0.000970894975222107
33998580	0.000918980850887136
33999810	0.00154634418880406
34003871	0.000951248717452625
34006980	0.00522999071586963
34007130	0.00124852579396353
34008821	0.0170286551056715
34008951	0.000967246271440937
34010050	0.00150409499468947
34011830	0.010150037628267
34012421	0.0582325644699412
34013791	0.000977787615116984
34015120	0.00206755421564604
34015321	0.00315468196128091
34019010	0.00109662755102292
34019150	0.000946451225873545
34020961	0.00209509395885997
34020971	0.00373585930045783
34021040	0.00157540842693015
34024401	0.0146429639567473
34025350	0.00131927674632907
34025781	0.00134171920712067
34027950	0.000949608376284379
34030351	0.00180413195654239
34031970	0.0177543758067353
34031991	0.00108808716857954
34032271	0.00218085873552764
34034460	0.0016144683370982
34035550	0.00163892179269404
34035970	0.0116895309150764
34036210	0.00124012735527749
34037080	0.0043667166937457
34039550	0.00237566557736028
34039690	0.0012297919620991
34045661	0.00299039440989684
34047960	0.00384531255546084
34048250	0.000968833082677851
34050310	0.00253548202939891
34050440	0.00999976034338351
34051000	0.00101698608000708
34051120	0.000988031672943181
34051800	0.00771942058558336
34051940	0.00639873515922171
34053750	0.00266874403278901
34054191	0.00178985432170117
34055721	0.000949001833785482
34056121	0.000989807796511186
34058690	0.00463600107548319
34059441	0.0147453160445136
34059800	0.00168044802931527
34060640	0.00107221747919567
34062611	0.00131819730133768
34064541	0.00347841664964228
34067161	0.00114101402508049
34071810	0.00380069246475792
34073771	0.000950393325639153
34075041	0.00540814638675747
34076121	0.00622826603899227
34076760	0.00099211173374115
34077070	0.00197191494932327
34077890	0.00202582514511961
34077900	0.00210158541637368
34078751	0.0485601275705002
34080250	0.469342144827555
34081600	0.0036384773239513
34082881	0.00101383145454349
34083270	0.00104462103791219
34084930	0.00447065851992896
34088080	0.00104185302189673
34088691	0.00102964099879905
34094191	0.00257972315060419
34094901	0.020416952376607
34096531	0.00129441487993672
34096551	0.00108409610886226
34097740	0.00857493469142414
34097760	0.00537587599030799
34098601	0.00107496791082829
34099711	0.00281666846666281
34100240	0.000961486837367148
34100821	0.00240108046142945
34100961	0.000918980850887136
34101070	0.00104638975336546
34101231	0.0281482078014227
34102061	0.00106035711631509
34103130	0.00200413996731459
34105200	0.00308479361181568
34106461	0.0192998574669044
34106560	0.00158089563040111
34106840	0.0080884581734292
34108370	0.00100886610414478
34110030	0.00195398832489924
34110410	0.0144794148501031
34110830	0.00111269607552925
34111301	0.00139345193217802
34113730	0.00107221747919567
34115280	0.00275672239375601
34115581	0.006498408297684
34116691	0.00547907249528193
34116801	0.004051616048503
34117651	0.00459789809861608
34119421	0.00207226833986151
34122191	0.00286953797786925
34123240	0.000977467927785426
34124380	0.00213159428144105
34124391	0.00331270559748271
34124941	0.00230412908206663
34126140	0.00102597866727347
34127011	0.000953466796073147
34127431	0.00155178703624401
34127820	0.00761983497703635
34129381	0.0151951694530344
34131680	0.00116078676096477
34137070	0.00121919161320711
34137371	0.0188012719263166
34141860	0.00112943524249536
34142420	0.00365613983222046
34142560	0.00531327252055905
34142621	0.00207376174617581
34143151	0.016961786187661
34143370	0.0136264813118099
34143431	0.00167286818379246
34143851	0.00254775847675488
34145200	0.00391690325550043
34146440	0.00275432814233223
34148210	0.00146362474320595
34149060	0.00163507545395716
34150041	0.00225613913041902
34150840	0.00259030644521869
34160111	0.00102377368978379
34165020	0.0393526344048055
34165491	0.00179262022357905
34166270	0.00173231310643175
34167390	0.00116367197448057
34167581	0.00125273461677213
34168200	0.00169325104777463
34169071	0.00126252839757306
34169621	0.000940177899939983
34170611	0.00120917808960283
34171011	0.00454359773063216
34174000	0.0212672423164537
34175090	0.00118515024823031
34177160	0.00228080004748808
34178191	0.000980936236895372
34179270	0.00438090037349305
34179510	0.000944586497159893
34179930	0.00304866665734796
34180330	0.00300555744807381
34180490	0.000941061119413595
34180640	0.00107106404121686
34181300	0.0155051586215458
34182440	0.00450017627796006
34183240	0.00104671277791111
34184271	0.00137974260375186
34184681	0.00097110022589455
34184931	0.000961308479333409
34185060	0.00113890815630222
34186051	0.00107730063982664
34188080	0.00199886763014176
34189440	0.00132549511185541
34192060	0.00639453023612493
34192791	0.00315052409163288
34193740	0.00104425640618344
34194160	0.00113976347051916
34194550	0.00239257557410184
34197330	0.0010871478680084
34199510	0.000988717673332219
34199551	0.0112921299371985
34199571	0.00204520475948068
34200340	0.00172558814660512
34200630	0.00251564432417801
34201631	0.000938850652326854
34202871	0.0113405800292896
34203100	0.025416189959666
34206260	0.00186007529019461
34206591	0.00252888971783895
34207540	0.00213039873977383
34210540	0.00104482893206599
34212510	0.00252065966595054
34212630	0.000961308479333409
34212770	0.0112385061453157
34213771	0.00593201100843812
34214041	0.00100197603998429
34214181	0.00462940072925332
34215151	0.000959045256103019
34216350	0.00442667577286361
34217880	0.000963752376250411
34220230	0.00255194527208289
34221590	0.0215623962175709
34222270	0.00281670704788352
34222550	0.00183087082463986
34223841	0.000981034953265274
34225980	0.00131578927731889
34228610	0.000985859337097043
34238810	0.000968667419472924
34239240	0.00455765830447796
34239691	0.00435402979986481
34240070	0.0172148507328249
34242530	0.00169076851693777
34243100	0.00121697615867054
34244101	0.00107536692439725
34244490	0.00143776439620287
34245631	0.00111359103032825
34246721	0.00136939717416317
34248210	0.00230675685980907
34248220	0.0169415808841935
34251400	0.00232738040747728
34254331	0.00234997215965787
34256531	0.00132686286519465
34260070	0.00123196749063728
34260630	0.00108694305467639
34261040	0.0262223872298437
34263961	0.00661383511135172
34271011	0.002844936208264
34271810	0.00104613125560861
34271971	0.000981034953265274
34272050	0.000929945887272815
34272111	0.0355059519413094
34273590	0.00216272369147602
34275841	0.00488951415580508
34278171	0.0010347800591463
34279151	0.0184198795291545
34280880	0.00710786778984453
34281190	0.0036692456650409
34281870	0.00219940809386568
34283271	0.00115213550998474
34284890	0.00275532812715215
34286441	0.0119230371650247
34287841	0.101823723227025
34288760	0.00256347056517068
34289211	0.00135045272137471
34290731	0.00537944394072217
34291011	0.000961360778664765
34291100	0.00119684178546339
34291220	0.00931406018334452
34292651	0.0191159433075778
34293850	0.0114997629767948
34294311	0.0390158987453894
34296490	0.00121584353487739
34297341	0.581375959437905
34300610	0.000997716422007954
34301341	0.00125564052323649
34302970	0.00313915200060103
34304470	0.00103891254828898
34306110	0.00306764415182406
34307520	0.00128635982842949
34310820	0.00676591278577864
34311811	0.00124911087875918
34311841	0.00351470383217931
34316340	0.00456775270347687
34318311	0.000935291756443324
34319790	0.00146803816693322
34322520	0.0135075566831692
34323770	0.000947715802551994
34323951	0.000918980850887136
34324190	0.00333231747629223
34324921	0.00634467818471616
34325290	0.0179708337951374
34325840	0.00102064654685017
34326960	0.00271859284820246
34327401	0.00213283614393695
34327691	0.00106285369735311
34328730	0.00118115826577695
34331271	0.0183922957825623
34332900	0.00402125681778988
34334010	0.0257128670612979
34334250	0.108184041169889
34334820	0.000969786076061852
34335811	0.00714678295914966
34336241	0.000978838600150271
34336760	0.00229388726838444
34336911	0.00255769540171059
34337990	0.0191219334127984
34338871	0.00209436353263614
34340610	0.00163414807661585
34342140	0.00730238455055586
34343230	0.00119789308539803
34343681	0.00242495099019932
34348740	0.00210659286885069
34349000	0.00158632473007918
34349830	0.00103006052390903
34352641	0.021986875453689
34353290	0.0171101160357629
34353320	0.00126416621404328
34353830	0.00100800536871892
34355250	0.000930714598691941
34355910	0.00112477705982006
34356340	0.000930953729385194
34356730	0.00123529971329826
34357280	0.00122855290715097
34357830	0.0016905406666672
34358830	0.0010647786244916
34359660	0.00278301503158376
34362690	0.00121674334368385
34364931	0.0441024243099972
34366110	0.0687753860016422
34366311	0.00124061029476756
34366731	0.0809945375059207
34368040	0.00377207437213775
34370820	0.00654865441106679
34370851	0.0619529215237979
34372511	0.00722302612769043
34373761	0.00432141588888138
34374000	0.00104119292461952
34374731	0.00207529066914133
34375370	0.000956413108469207
34376170	0.111389011400094
34376870	0.00574220789224065
34377331	0.00425999069656609
34377980	0.00356843927803821
34378270	0.00970837647214973
34379811	0.106840180897714
34381020	0.00215379621280403
34382960	0.00119135729296262
34383520	0.00116262303581539
34387900	0.00152726869431025
34387941	0.0030462139418969
34394260	0.00116488489392966
34394520	0.00118286051254484
34396050	0.00793817756190495
34397730	0.00176311098460168
34398711	0.00121287265289573
34400470	0.00239646642756452
34406721	0.0270429641494861
34412351	0.000965556291285189
34416610	0.00226347392106353
34417741	0.00362395753344914
34423411	0.00329990533942508
34429310	0.0583622728909008
34436060	0.00805732653194211
34436860	0.00293627460511414
34440221	0.00186132631397289
34441601	0.000942446550456114
34446090	0.00192721470913718
34449191	0.00237521823370091
34453051	0.00270265816371913
34453311	0.00119059216317406
34457020	0.00284375931652513
34457270	0.0743051753021731
34463470	0.0023879355985221
34464310	0.00110761065497822
34467370	0.00127778697241425
34468590	0.000956230661830863
34469960	0.00992762808250464
34475531	0.00729693827720739
34476361	0.0766640160500049
34477181	0.0700593158023017
34478510	0.029512972469602
34484511	0.00117107151522434
34484730	0.000944720090395667
34486120	0.00129654454379511
34490301	0.0153404881394398
34491070	0.00316501027869968
34494250	0.0486214494783711
34494540	0.00632299825104388
34497601	0.00796886523194665
34497741	0.00173529356531183
34497990	0.00197806079890744
34501950	0.00129045045165524
34507330	0.00244945708659793
34510240	0.00828477844267732
34511370	0.00479677782028771
34511681	0.047506577349615
34513300	0.00104346591285445
34514130	0.00146738024204915
34518281	0.00638594354342276
34518851	0.0010239280673076
34519230	0.000977432758456558
34523880	0.0251232540188601
34524180	0.00172320691536407
34525270	0.0032962407106457
34525710	0.00213984807174938
34527111	0.0506029399795026
34527391	0.00126660833564747
34528850	0.00240892389319944
34529270	0.0543960109303728
34530660	0.00371218579591219
34530940	0.00333729216021995
34532771	0.0245520275037048
34532880	0.00106473445235385
34532901	0.0123061212312098
34534110	0.00347990760570133
34535200	0.000951761469473262
34535350	0.00173674825583388
34536641	0.00117817371871433
34537840	0.000975408832535324
34538920	0.00524400544157201
34538981	0.00196310797832235
34539460	0.00144477129393464
34539951	0.0428041056299189
34540190	0.000918980850887136
34544710	0.000983290921506854
34546011	0.0119839385070008
34546370	0.00185292214931144
34548891	0.00115466825623814
34549140	0.0251532707457848
34549840	0.00362268677658265
34549970	0.00101969693874917
34552481	0.00476147325001034
34552751	0.00260413881722592
34557430	0.0022217052315766
34559531	0.0105998985509528
34560081	0.00433796541621118
34561731	0.00107821074410496
34562810	0.00102446416691252
34565161	0.0095633051307949
34565410	0.000929496194662656
34568290	0.00331426771089421
34568460	0.000932854959310457
34569680	0.00113117821886435
34570390	0.0469339388557466
34571330	0.00568094342222824
34571371	0.00109082504553483
34573270	0.00175915948787278
34574640	0.0073542158826043
34574961	0.00653458608129652
34575360	0.00514235422395779
34578431	0.00299593707923987
34579350	0.000970768949148425
34579490	0.00162368796749316
34581130	0.000931209685051038
34582240	0.00116062551805803
34582691	0.0224193621687736
34585581	0.00398448528827813
34585950	0.00421211269917623
34588850	0.0144072452887718
34590520	0.00207318424731502
34595941	0.002047564599045
34597410	0.00158003408525926
34599511	0.00416632453352123
34599921	0.00131123912995159
34600221	0.000970067125315063
34601301	0.00125260029515975
34603511	0.0101023805819819
34604860	0.0302279699679615
34605690	0.00390605096586361
34610811	0.00162095854759988
34613940	0.00144833847415746
34616580	0.0175080279531545
34616901	0.00102489059788148
34617140	0.00106571210778931
34618660	0.000944586497159893
34618770	0.000947737433152032
34623101	0.00315911354913001
34624150	0.00144298312241004
34625840	0.000986177499149427
34626131	0.00299722576876776
34626961	0.000934932253538484
34631050	0.00156589273395244
34634701	0.0010044302543348
34635600	0.000943333974792388
34636761	0.022271359625497
34636850	0.000929496194662656
34637181	0.0131235849583721
34638131	0.00174850865749758
34638551	0.0037682779469807
34638650	0.00264191811916483
34638951	0.000918980850887136
34640631	0.0199991838566246
34641021	0.00177681728121316
34642831	0.00137070263769134
34644201	0.00122091152595345
34644751	0.00144801291459212
34646090	0.00215516769747732
34647101	0.0462878430831003
34648280	0.00544156470493833
34650080	0.367908459443879
34652180	0.00227538392695541
34652351	0.00178203655826765
34653270	0.00174544905923147
34655101	0.00104332794252338
34655600	0.00648424148502296
34656051	0.00104144408788006
34658671	0.0016505752322212
34660020	0.00346639864853658
34660700	0.000944586497159893
34661140	0.00214268262903495
34662250	0.00129207624954037
34664180	0.0013405890453241
34665690	0.00177245697114749
34666640	0.00392489224901516
34669650	0.000930976244032915
34669970	0.0105085148788576
34669991	0.000985906277592074
34670240	0.00100927711243583
34672191	0.000935291756443324
34672420	0.00217065032743911
34676871	0.00330697257267689
34676891	0.00397980828819315
34678660	0.00221107162211659
34679330	0.00117444545943353
34681721	0.00153054961748437
34682500	0.00184617511938701
34684321	0.00358121171812177
34684601	0.00343492189517106
34685571	0.0012299322825432
34687221	0.00207802821905397
34691060	0.0012304017042154
34691750	0.085940571426523
34692290	0.000918980850887136
34694551	0.0214881802844421
34695860	0.00285807188859256
34697021	0.0014169574135594
34698480	0.00115325288560129
34701561	0.00103942875959112
34701861	0.0410959213639005
34702821	0.000930892801753275
34705960	0.00151653062479533
34710401	0.0505455433101579
34711180	0.00444945053132885
34711511	0.000962388533061718
34712481	0.4221750709557
34714531	0.00131192552335885
34715101	0.00934220776168589
34715340	0.088742648448639
34715600	0.00157642282622894
34716560	0.000935291756443324
34717021	0.000940361115830715
34717670	0.00780130207552316
34720331	0.0309402728732419
34721230	0.00140003797594619
34722910	0.00169048953809799
34723720	0.00796448100631149
34723890	0.00650399020438946
34724061	0.000982033670353457
34724580	0.00179958698666583
34726531	0.00515450078004513
34730910	0.00118230690532077
34731300	0.000930976244032915
34732010	0.00124083420167227
34735590	0.00143601983953644
34735761	0.0601953120653642
34735890	0.00101845856681043
34736290	0.00112804786117052
34736591	0.0104599475969468
34737670	0.00245641491024656
34737971	0.000929945887272815
34740010	0.00574598708206916
34741370	0.0014568920378957
34741940	0.00116238189257394
34742200	0.00200979016853996
34742821	0.00140544571011581
34743040	0.00201730292622693
34743060	0.00501831242689571
34744020	0.00485678431401782
34746780	0.00568348261103368
34748591	0.00121420788635579
34748970	0.00290449779769168
34751781	0.000930248032490418
34753790	0.00223085423010735
34754920	0.00901696973835829
34755450	0.000946449023969598
34755710	0.00196082411967595
34757930	0.00800173790121726
34758230	0.00100451867440902
34761301	0.00433503025444608
34763371	0.00101383145454349
34763480	0.000929496194662656
34766271	0.00764576641483567
34768311	0.0039102003262385
34770931	0.00110665052277535
34780150	0.0812824849062973
34780540	0.00297042498687634
34783911	0.0010038316353269
34784690	0.0323900863895206
34784850	0.00539973791035339
34785431	0.00252389481865728
34785950	0.00470740394206677
34792331	0.00171211366094482
34792721	0.00262071391879284
34792741	0.000956102489239487
34795320	0.00446084581866221
34802070	0.00150477430986189
34802121	0.0120781452903911
34805790	0.00787554981774114
34807361	0.00120540692336775
34816051	0.0155670384640583
34819300	0.0121662085215348
34824041	0.00830578742353587
34828311	0.000928894953199669
34830760	0.00139256741832484
34836020	0.0219075797512366
34836980	0.000990922482654256
34837220	0.00626653507839667
34838740	0.00212620242260904
34838750	0.00325724041572878
34839740	0.00100620884172839
34842251	0.00119321294506091
34842760	0.0015018096685225
34844810	0.00866025294690593
34849930	0.00107679573765623
34850910	0.00723993488222927
34851761	0.0135362751355204
34853120	0.00632752395051279
34859351	0.00162785337473077
34860161	0.0149785303250679
34860840	0.00165773480476036
34863990	0.00352297498375777
34864441	0.0011637987754148
34866480	0.00108411337202414
34867361	0.00411833190099564
34868420	0.0146466707071636
34871840	0.00224029089101431
34873630	0.00748546813921744
34876851	0.00688744249260375
34877530	0.263007689121048
34881110	0.011986632725912
34882350	0.0539002334534827
34883081	0.00644239236276833
34892861	0.00253258058820408
34892871	0.00103095825400296
34895331	0.0189008598708182
34900420	0.000945121827345216
34901380	0.0020177870601622
34905500	0.0494039081319441
34913271	0.00160384734921349
34915140	0.0016798917567664
34917640	0.00106276279582229
34919030	0.0190293364188653
34920010	0.000944586497159893
34922251	0.00648318544060274
34925281	0.030439995418192
34932530	0.0734776320485631
34933650	0.166260022624656
34933811	0.0331962772796708
34949490	0.00626258165311223
34949951	0.00117602197351294
34952930	0.00189493435984411
34957760	0.0438355731965159
34958730	0.0142136103309975
34959440	0.00770654193527232
34960800	0.384059628852879
34962890	0.0110626223259933
34964701	0.00103023626972375
34965070	0.183364786005203
34966661	0.00486210278439017
34971040	0.00998587703107488
34972581	0.000930050529764551
34974501	0.00142778482299644
34974641	0.00949710287408244
34974771	0.0205445740846803
34974870	0.00171233527652834
34975331	0.00235131853147928
34978091	0.00466706153774038
34979300	0.00179554117498988
34980991	0.00188824611396169
34982470	0.00164178072532942
34988810	0.00187524247461452
34989660	0.00285334329341784
34993240	0.00108913896550821
34993671	0.00317002393171478
34996021	0.00244275850657584
34996280	0.000968667419472924
34996971	0.000968667419472924
34996991	0.000918980850887136
35003471	0.0159317071495864
35004400	0.00184251228845525
35005401	0.00198313856917378
35006990	0.00603124914387799
35008561	0.00192885014970314
35008581	0.00109700441223972
35010870	0.00107824584096996
35011881	0.00109412885658609
35017391	0.0013741867060973
35017900	0.00177717103699271
35018180	0.00154067384866426
35019061	0.00203549753139964
35019160	0.00101002021017668
35024441	0.00335354277750562
35026310	0.00131038913214498
35028011	0.00727982834198698
35029650	0.00152289707663367
35030610	0.00387985162151973
35031321	0.00533139289132263
35031860	0.000943099425884448
35033620	0.00173932953132951
35034060	0.0594806032024369
35039130	0.0066335216176969
35042180	0.00100309710572248
35045920	0.00133959132242927
35047700	0.000941347379237772
35049910	0.000944586497159893
35051041	0.00277927298087031
35051150	0.00202468771609843
35051881	0.00461189050707323
35052680	0.002644190841637
35053381	0.00129792073961486
35055140	0.00124484165910159
35059331	0.000938411716316521
35061521	0.000918980850887136
35062040	0.00140403602304156
35063171	0.00186456059952722
35065131	0.00242021144088197
35065510	0.00128930444472082
35065750	0.000918980850887136
35066320	0.00421764877351271
35069251	0.00103039042908813
35069661	0.000994354318369803
35069770	0.00104515180203844
35071201	0.00162181178634216
35072011	0.00372961697418575
35072441	0.000979752553447594
35073241	0.0009523675912944
35073521	0.0010156824008979
35073661	0.00128690929812219
35074330	0.00595189789802349
35076110	0.0010017148020386
35077251	0.00105650792029569
35077661	0.00917739630478928
35077740	0.000991070410725353
35078091	0.00102769416705965
35079420	0.00143790319674986
35080260	0.0231203226863287
35080810	0.0011247586982084
35080961	0.00123363591740321
35082580	0.00187208745719729
35082921	0.00124992253615489
35083051	0.000979789233612422
35083400	0.00143509306438032
35084001	0.00164446933497731
35088301	0.00118209770981
35089470	0.00118816158126482
35089750	0.0097039486300132
35090621	0.00280857619749711
35090641	0.00104078463930965
35092520	0.0107595404482751
35093521	0.000918980850887136
35094071	0.000918980850887136
35094921	0.000935291756443324
35095700	0.00274966756218059
35095950	0.00218122367375332
35101220	0.017646083675752
35101531	0.00235593815734487
35102221	0.00247701677908373
35103311	0.00136257157326999
35103321	0.00110275505417343
35104571	0.000969013261535407
35105070	0.00140443889847043
35105890	0.000918980850887136
35107191	0.00114208040910482
35107830	0.00131091796392082
35108670	0.00162119954206505
35108691	0.000975823297317311
35109190	0.0010170161901603
35109661	0.00184132025879734
35110641	0.00356510299144198
35111130	0.000991785609501892
35111670	0.00241322203732111
35112711	0.00145048648032861
35112981	0.0109541812654327
35115130	0.00236382162886465
35115690	0.000959410776669364
35115731	0.00212518024927599
35119530	0.00256787734760901
35120380	0.00387112184557826
35122641	0.00234339550557612
35123020	0.00137422471397338
35124001	0.00103976229044065
35127150	0.000943243735935964
35129080	0.00241971832000948
35129750	0.000953225181206572
35130351	0.000959410776669364
35130710	0.00114473279324009
35131591	0.0130181909894672
35132520	0.00344471349004949
35133371	0.00120528755097386
35133640	0.00109327161963667
35136151	0.000978801920816226
35136780	0.00226595434824021
35136831	0.00292296833811522
35138361	0.00515666252742355
35138720	0.00981769743538271
35138840	0.00291866565363332
35143741	0.102243161895193
35144950	0.00332607887828329
35144981	0.00236242613091543
35149180	0.00200438383477848
35151970	0.00708027675322057
35154300	0.00136252567259914
35155041	0.00134447976952191
35155430	0.00385964483008161
35156940	0.00118548354225708
35157620	0.000992593051128955
35157740	0.00101785054581606
35158420	0.00337254302076316
35159290	0.00109260932218935
35159550	0.00169107190040625
35159741	0.00305880757915416
35160110	0.00266584226235419
35165121	0.00101383145454349
35166030	0.000945709505861396
35167260	0.0041633025414927
35168831	0.00159095893120707
35170631	0.00547275200311828
35170761	0.00267174105201096
35171311	0.00484942086887652
35172240	0.00126014932789105
35175451	0.00107939037981138
35175670	0.00222812307544618
35177480	0.0029733376814187
35177801	0.0467022423527346
35177910	0.000918980850887136
35178491	0.000981310730923816
35178901	0.00103692915952152
35179960	0.0549897742733725
35181910	0.0011070003923225
35188080	0.00120519394741472
35191031	0.000943982451471993
35191260	0.00505992302041412
35191660	0.00203499956286294
35193600	0.0349269962889986
35193770	0.00167004284560789
35196940	0.000974069252047431
35197590	0.00700728105278378
35198071	0.00099823142733743
35198170	0.00280641014564551
35199321	0.00227248363099988
35201340	0.00207678614265774
35204971	0.00104637772861697
35205231	0.00126195362790435
35205880	0.00145818608714767
35210211	0.00118138843877664
35211010	0.00289901039542038
35212800	0.0214567225879019
35213590	0.00105307823200646
35217310	0.00142853823616755
35217350	0.000935593614326021
35218870	0.000959410776669364
35219451	0.00158550537410212
35223560	0.00155313061890499
35224790	0.00197981191833075
35225361	0.010965961980689
35228620	0.00105788602519289
35230590	0.00203984769159599
35230870	0.000990922482654256
35232930	0.00106533127378074
35233101	0.012706055898999
35234160	0.00776614953383436
35235120	0.00101792317718818
35235171	0.00860666520945037
35235790	0.0169004458001417
35237801	0.0851384343696874
35238331	0.0016115151113622
35238751	0.00413026935641009
35240480	0.000947737433152032
35242331	0.00103910882696473
35244110	0.00103942875959112
35244630	0.00257479348440719
35244800	0.00169349658598449
35245641	0.00721869484099881
35245730	0.00129717907273418
35247011	0.00116012768669588
35249091	0.000949131467179599
35249501	0.0157701575127479
35249651	0.00115085718637754
35250191	0.00195589185764352
35254020	0.0125707074061003
35254160	0.011177893268619
35255011	0.00102820020187041
35255110	0.0101525191428202
35255660	0.00210902492877619
35256671	0.00230096284549985
35257200	0.00407553841358926
35257590	0.00142616212478427
35258550	0.000968667419472924
35258690	0.00117747927805943
35260910	0.233061671799415
35261040	0.00484825314570597
35261480	0.00224823919058287
35262901	0.00128979933237673
35269651	0.00213182842960282
35270321	0.00110017824202441
35270741	0.00148895594446561
35271380	0.000984499841398472
35272261	0.00198212900049155
35273210	0.000985077065755908
35273720	0.000947737433152032
35274010	0.00137482362910774
35274191	0.00103653262082583
35275561	0.00307352653300174
35276141	0.00395604150279105
35277890	0.00542808935468103
35278270	0.310442324338311
35281381	0.00117963033215739
35281511	0.000935291756443324
35284240	0.00208103489523142
35289590	0.00257365600736491
35291011	0.00185793783937135
35294881	0.00848440387780367
35295021	0.00109469500623151
35299120	0.00493824422032597
35302440	0.00102370495295899
35306871	0.00108376856487139
35307120	0.0307491464872058
35308111	0.00105231976332381
35308750	0.00143780637070307
35315571	0.000938411716316521
35316220	0.000981034953265274
35319680	0.00100970939974697
35320620	0.0024359186006628
35322041	0.00106823114204395
35323520	0.00384243468153922
35325180	0.000933819304287012
35325200	0.00096292342226349
35325440	0.00315959479385124
35325641	0.00111408304044676
35326751	0.00212630914589253
35327520	0.00115913422395658
35330321	0.00131567391312389
35330540	0.000947737433152032
35337180	0.0016830178727047
35339370	0.00589141960734932
35340620	0.117188381517933
35346560	0.00105176967217713
35346891	0.0030725027152609
35347250	0.00103624283114847
35351001	0.00116279225842767
35351250	0.00659987766405981
35351551	0.00108859044031638
35351670	0.0035531292455498
35353351	0.00094589791701999
35358181	0.00229370859316186
35361081	0.00123888177965193
35364401	0.0208716932406818
35365170	0.000946451225873545
35371711	0.0252490107816175
35376101	0.000958511728201746
35377330	0.00197081189812565
35377491	0.00106242083982474
35381290	0.00178060825663582
35383090	0.00164344534394934
35383701	0.00274449548613021
35385771	0.00287195897905556
35386400	0.0618742704370407
35387110	0.0017028314378185
35387260	0.0592906588800428
35388230	0.0031246840420849
35391961	0.000952436988962221
35394810	0.00131082146379534
35398441	0.00198236449833505
35399680	0.000978907400184714
35400890	0.00284682808866583
35400931	0.00116995873624971
35404090	0.000929945887272815
35405751	0.000988905222188183
35407090	0.00173548531303655
35408060	0.00197016031580786
35411770	0.00266743155749515
35415431	0.00143396727147787
35416340	0.00130215005162629
35418260	0.0213842800127734
35418840	0.00781711530747508
35419011	0.00178406499491349
35419151	0.00120684941495678
35422010	0.00101379223256007
35425290	0.00271417181410472
35425481	0.00340860426926478
35426130	0.00109604703513228
35427021	0.0314370476631211
35427930	0.00143063276360215
35430960	0.00110676854454598
35431260	0.00763795746427843
35434031	0.00126044545657619
35443151	0.00112364361233199
35444080	0.00108098707817234
35444231	0.0314511763282807
35446270	0.00150905583962129
35448671	0.00140392285265806
35450530	0.000965935555429616
35453700	0.00135154920729053
35453870	0.0175383191607886
35456500	0.00180120251962248
35457331	0.00117394882256262
35460651	0.00101383145454349
35465560	0.0245495671115229
35467131	0.00124140945984049
35468641	0.00637952722682492
35468801	0.0231460622625653
35470451	0.00103836311859596
35471151	0.00130666691431021
35473840	0.642226827528325
35476200	0.00118643552017478
35476231	0.00247760126165781
35478420	0.0841543307660804
35478591	0.0055793630715292
35481891	0.00229931005354509
35482540	0.0221173332651117
35482601	0.00262196645593798
35482721	0.000949718291824427
35483131	0.00198612754864683
35483971	0.00246106397692593
35484391	0.0040881131471566
35485440	0.00866871842245421
35485980	0.0428156602287486
35493290	0.0020983447789421
35494041	0.00250345510134294
35495401	0.00103115681072085
35498380	0.00198188806239964
35498390	0.00136762325536285
35499530	0.00456436279407235
35502721	0.00449166945982839
35504060	0.0131540731414155
35505580	0.0017881073570325
35507131	0.001085002977987
35510950	0.0154743512952373
35512931	0.00467871392472148
35513450	0.00957739846774265
35515360	0.00106610116873412
35516870	0.000922046450819502
35517300	0.00985275171185798
35521341	0.00285046120068889
35529860	0.000946451225873545
35540241	0.00293014608605658
35545160	0.00658456222014673
35545990	0.00168295244508945
35548631	0.00165258636571362
35548880	0.00221767459298015
35550960	0.016261791071191
35553071	0.00103652909953427
35556730	0.0117187868638701
35557840	0.206461751411882
35563760	0.00198848908578872
35565290	0.0020535950357698
35570431	0.0025582899459698
35571900	0.00357162971740018
35576361	0.00478338312806701
35576781	0.0729218902524333
35577481	0.00341898390903459
35577871	0.00205461411269672
35579661	0.0796390220540888
35580070	0.0017089857219696
35581580	0.00100573141186166
35581601	0.00101930980473794
35582021	0.00257366801127593
35583541	0.00487084544606094
35584491	0.201313620706851
35584771	0.00652988802957544
35585270	0.00878409106242231
35585560	0.00106932345930672
35587661	0.0208105012394631
35588460	0.00290403738705552
35588921	0.00179933677113649
35589990	0.000966947480255929
35591370	0.0011686212797743
35592070	0.0250159491176206
35594810	0.00533579164930432
35597410	0.00195317509328195
35597690	0.00217539323196889
35599261	0.000937123808937373
35605160	0.000969133438549542
35605960	0.00180372088296424
35607920	0.0253024786171121
35610260	0.00217870211992095
35610690	0.00168602597098519
35612040	0.00140250991473345
35613970	0.00867830214018113
35615521	0.00330819409959782
35617611	0.0108846847400119
35631121	0.00142618157076825
35634670	0.00171249932785086
35639470	0.000998582762287387
35639951	0.000918980850887136
35645300	0.00356503573495386
35646130	0.00615188596371446
35652860	0.0064730074610525
35654230	0.00234455895969916
35663910	0.0018519288406222
35667531	0.0011306829444279
35668040	0.00595350535400867
35669580	0.00362504285253787
35669980	0.00113707320859545
35676190	0.00162181178634216
35677041	0.00137588298717083
35681430	0.00625618839743093
35682390	0.000970846194295254
35683050	0.000953057930081362
35689160	0.0111760557447233
35690500	0.00521486880431697
35691791	0.00146782531468877
35693140	0.00105439944935639
35693410	0.000947737433152032
35693840	0.00102842975672511
35694910	0.000968667419472924
35696460	0.00200949070963796
35698271	0.00158496248334687
35699210	0.00702823516968152
35700491	0.00103279411290918
35701601	0.00107015005526234
35701980	0.004620754232527
35704170	0.0011366152313418
35704290	0.00226555189143042
35704730	0.00105188430875058
35708150	0.000970324086797341
35709830	0.00105176967217713
35710120	0.00192892520877699
35711251	0.00287096480260026
35712330	0.0011398477185446
35713581	0.00108509054051041
35714260	0.0012013224720542
35716361	0.00211770332527631
35722080	0.000960039095067287
35724761	0.00307853342129485
35726841	0.00172612701065088
35727600	0.00447573520446652
35729041	0.00108630518032754
35729670	0.003580975973558
35729820	0.00428730367262654
35732030	0.022200831456867
35733000	0.00129263515125775
35734100	0.00508954041663273
35739371	0.00208417001366183
35739740	0.00102342226177059
35740020	0.000950637507623059
35741051	0.00176290450248767
35742821	0.027998867465944
35743381	0.00111085675992197
35743460	0.00147918741459138
35744061	0.00109402212438685
35746971	0.00110996760958887
35748201	0.00670013275172536
35748320	0.00263898373728246
35750350	0.00119606744402031
35750390	0.00120013166653961
35756040	0.0124399951231907
35756221	0.126467857703839
35757840	0.00805320356205275
35758490	0.00315596296249958
35760860	0.00149551394015939
35761150	0.0012166952730786
35762250	0.00124390746246037
35763231	0.00103514623064667
35763480	0.00115187308903071
35763760	0.000924867983717692
35763791	0.000987480178535893
35765530	0.00111776100757174
35766660	0.000922046450819502
35769021	0.00670719639217455
35770510	0.00802004361204046
35773520	0.00142855969582862
35773721	0.00171347511166725
35774811	0.00258692160906413
35775080	0.00169967842737151
35776901	0.000996487154507777
35777571	0.0325704285437957
35777591	0.00126999667379477
35783381	0.00151667989797438
35783630	0.00366007847015495
35784201	0.00352458951794913
35785591	0.00173899035266959
35787470	0.00113542354417925
35787490	0.000918980850887136
35788201	0.00118244457101504
35789540	0.0165711263371658
35792460	0.00122778882413889
35794390	0.00308153590469487
35794920	0.0382526742169005
35795040	0.000983415709855506
35795921	0.000918980850887136
35796150	0.0019511431462505
35796191	0.000958850038823916
35800990	0.0205211427455587
35804020	0.00212263676593039
35804611	0.0010520077751383
35804621	0.00130018467460993
35810261	0.00290890981946876
35813151	0.00206967889692386
35813680	0.00195379736918675
35817140	0.00181745118406299
35819170	0.00848469446108364
35819460	0.000989750953404025
35820341	0.000950393325639153
35823801	0.0071829232034316
35826100	0.00100691694480004
35827860	0.00603592332903137
35829420	0.000987523123555044
35830401	0.0173384199188347
35834480	0.0235781975101268
35843610	0.00195909800644976
35843781	0.00131594339508876
35844280	0.00241521718523419
35844881	0.00138052252650133
35845410	0.00303603051002945
35845530	0.00166496304104212
35845810	0.00165582162107687
35845940	0.00110482484636612
35846131	0.00128917705233581
35846681	0.00340892393977883
35860570	0.00165181001455084
35860611	0.00277538445836071
35860731	0.00361119197145512
35861431	0.000969339809193233
35868590	0.00339589624572341
35868850	0.0116428172113797
35869311	0.000918980850887136
35877240	0.00469266603085471
35877940	0.00200566202044682
35878801	0.00174339756864211
35882671	0.03214512965257
35884130	0.00207158324633621
35886930	0.00103182411596439
35888061	0.00257120341833079
35891750	0.00110555945377161
35893291	0.00226210862592208
35894210	0.00114210586911423
35894780	0.0136268614443165
35904820	0.00230551259834104
35909120	0.00142446206674564
35912191	0.00172608196279034
35912990	0.003631466921753
35917240	0.00644375301708964
35921991	0.00180974449700061
35931860	0.00462911346742524
35932830	0.00104478425050236
35940191	0.00106857115876682
35943990	0.0183204252569965
35949400	0.000928244913337972
35956311	0.00402000992527531
35957421	0.00122660718145117
35958811	0.00515947827836751
35962360	0.00164114904018431
35964871	0.00653338649213834
35967170	0.00117142803354293
35968020	0.165000292785078
35968430	0.00758142809607517
35973930	0.00227924880189635
35975491	0.021943054705792
35975781	0.00336876796968314
35977110	0.00188377797530633
35978640	0.00100712293525292
35981821	0.00857032802624387
35988850	0.0128945204093164
35989131	0.000978746441051384
35990920	0.00197750307172279
35993810	0.00948230035974249
35995730	0.00232379990112939
35996591	0.0059135504410285
36005910	0.00184599801705018
36007180	0.0265165401626904
36009220	0.0017943448681229
36021950	0.0336427560952615
36022480	0.00310777882351677
36031180	0.0162210903611205
36032031	0.00239462958566779
36033660	0.00501339714299055
36035221	0.542808262075319
36042630	0.00106296851806847
36043980	0.00207811629807211
36046770	0.00199178228120343
36053220	0.0205400344165286
36055761	0.0035206682474954
36056731	0.0052044935341297
36059980	0.00171118705193617
36060400	0.00172877679110888
36060800	0.00328740194907882
36061120	0.000993952451681197
36061210	0.00109795510941764
36061910	0.0026010065190224
36062890	0.00102854121821459
36064810	0.00225348200600379
36065370	0.00311937848875845
36065561	0.00971359634020645
36065701	0.0010459953045696
36066620	0.00155688335654365
36066801	0.0046265152960094
36069401	0.230067510117498
36073121	0.00349367409194707
36075211	0.0030871766830107
36076441	0.00130031880322079
36077220	0.00515152833433373
36079150	0.00119844488336992
36083010	0.00110410225982539
36085671	0.000938411716316521
36089100	0.00706337941748808
36091290	0.00609545851455503
36091690	0.00934809126461678
36092130	0.00164811644363953
36092540	0.00379105596790169
36093671	0.000975672792240306
36095580	0.0293280875120531
36096120	0.00365621916154647
36097650	0.0269150737374973
36099440	0.00695553153628942
36102361	0.00150521231672839
36102610	0.00519943946776516
36102730	0.00131743753169299
36107211	0.00102659308334571
36108930	0.00149447631989424
36110651	0.00173235198349391
36112960	0.198950118181656
36113900	0.0145591745067442
36119351	0.00127176343625476
36119741	0.00694567885361091
36120431	0.0177596347592049
36125391	0.00093859099308451
36126921	0.175452463070379
36127450	0.0236081080474062
36127550	0.00199955364014806
36133360	0.000972817666072274
36133401	0.00103114276783575
36134490	0.000944883286284132
36134931	0.0161865624531209
36137380	0.05238284869592
36137630	0.00204808935709252
36139191	0.00126963702981204
36140301	0.00101510571990325
36141811	0.00102133501787323
36142081	0.00607590130868268
36142330	0.00109881319626186
36143071	0.00237183185393978
36144530	0.00156161178055118
36144660	0.00111014104653405
36146720	0.00139200460371303
36147601	0.0549258130377696
36149770	0.000918980850887136
36150470	0.00261128425658402
36151020	0.00104353309568745
36152400	0.00100248348536967
36153370	0.00148530671699535
36153930	0.00101271471004676
36155751	0.00103908911967186
36156270	0.00186101471756445
36156571	0.00755037568160144
36157070	0.00100481191549143
36160571	0.00175610291818255
36162781	0.00100012569830853
36163731	0.00116545500421525
36167051	0.0216048386571202
36170880	0.00132824144346364
36176240	0.00170111127726687
36176410	0.00275822526951266
36176800	0.000987758712692297
36177121	0.00138912996024292
36177200	0.000989721696798201
36177391	0.00576326015281305
36177770	0.0015317419139288
36177890	0.00229106092857822
36177910	0.00328661924983985
36180581	0.00107948756447524
36182300	0.000918980850887136
36183310	0.0208447526464999
36186791	0.00975952050279479
36187341	0.0114168016052207
36187741	0.000975484796322697
36188281	0.000922697155116115
36190440	0.00462885478509064
36192950	0.0009782309491146
36195420	0.00114685022907028
36195601	0.000938154463523351
36200130	0.00223224727039928
36201131	0.00210679296905223
36201801	0.00241563951172641
36205951	0.00397278756375819
36206710	0.0582705893696572
36211550	0.00468490515485264
36214870	0.0010657310362916
36215290	0.00413811866413984
36215700	0.00200558752081486
36215881	0.00511299341227683
36215970	0.00199624229665436
36216011	0.00348552868782066
36216400	0.000928570285314965
36220090	0.00353462517381061
36220540	0.00107674971276959
36222990	0.00217404547063153
36226621	0.00298311851462875
36232540	0.0511560708062388
36236291	0.00402761764457589
36238921	0.00372531272036441
36239030	0.00100513561412108
36239181	0.00101009279322178
36241951	0.00779015145197099
36242460	0.00194741420538145
36246720	0.00581658691050658
36251560	0.00099323929057748
36251741	0.00112211062240289
36251861	0.00100375089661493
36252100	0.000949916903893111
36253750	0.0012165685094449
36254781	0.00289105808006312
36254980	0.00112719422069468
36255031	0.00130787396378119
36258641	0.00838435695586
36259881	0.0035686185916286
36260390	0.000918980850887136
36263400	0.00106386750541188
36266921	0.00178745592758051
36272831	0.00103958070112148
36273330	0.00114662344738309
36277541	0.00124822705679175
36277941	0.00101383145454349
36278470	0.00771077622188602
36281080	0.0012435251071769
36281330	0.00471297876874323
36281470	0.00101982945990355
36281770	0.000930714598691941
36282081	0.00101697434750214
36284551	0.00138606849747452
36284851	0.00119949317748904
36287120	0.00350240369087328
36287300	0.00105289207286266
36288260	0.0117760807638288
36288520	0.00131678550593579
36289610	0.00184906237779582
36289671	0.145333772545572
36289931	0.000998100593725453
36290440	0.000918980850887136
36291031	0.0444167020398543
36291270	0.00110520327760042
36292510	0.00718188915697287
36294211	0.00359909710331061
36296431	0.00112902443114418
36296660	0.00912215559185825
36297511	0.00287498026497978
36298201	0.00204654707282794
36298580	0.00222646093762461
36300380	0.00467965759049369
36300800	0.00124614859966909
36301780	0.0021590598828061
36305511	0.000985859337097043
36305890	0.0468549660930862
36306361	0.00207400559052976
36308780	0.00621049475433387
36309640	0.00396609428618657
36310720	0.00101588699431595
36311700	0.00135257165968837
36313121	0.0041110084365387
36313511	0.000982355674050305
36315700	0.00203163425983683
36316151	0.00241430801747149
36316271	0.00834639834378023
36317210	0.00132537682490306
36318320	0.00128821863716769
36321251	0.00192445421965416
36321371	0.00506699700222242
36324630	0.010761779281199
36327110	0.0011081033343418
36330570	0.00126841588418788
36332841	0.0901337086919518
36333320	0.00159261207126709
36333760	0.00151585147494304
36336431	0.0417683465294683
36338611	0.026224407171968
36339441	0.00130811855472837
36346010	0.00498143197009732
36346460	0.00496131268783888
36346970	0.00109694859421334
36347130	0.0016855019652834
36347311	0.00301660563128233
36347591	0.00102807950903085
36348281	0.0027155326538534
36351021	0.00168624738036775
36353371	0.00364128247431293
36354850	0.00133537686594402
36354870	0.00293915961531145
36356220	0.00224373249605857
36356230	0.0113947356385277
36357890	0.00116336123215295
36357921	0.000969612302433501
36357931	0.00131158867624818
36358030	0.0195710904094983
36361180	0.0017029215263636
36365921	0.00254212079987253
36367290	0.00176142945112231
36371670	0.00330602566575316
36372940	0.00132957551344706
36374720	0.0215730417938802
36377101	0.00340075339849356
36377620	0.00101472598443192
36378590	0.00106364305794791
36379871	0.000998663597742131
36381361	0.00829547794358321
36382310	0.00105383506104036
36383000	0.000961113619719736
36383311	0.00525993590251536
36386420	0.00244075206707984
36388220	0.00143846050879992
36388230	0.0157012507546402
36388630	0.00106052023157572
36390191	0.00152317997951007
36390970	0.00200262301163901
36391270	0.0015097039254455
36394061	0.0334479957982032
36394611	0.0226971877774136
36398140	0.0102363343360595
36398850	0.00127452920671077
36399960	0.00113021835651957
36400940	0.000935291756443324
36401490	0.0107122814661812
36402560	0.00209976141966915
36403380	0.0201601126171408
36404831	0.000947737433152032
36406071	0.00116451172563689
36407660	0.00257193763729366
36408090	0.00100938361162934
36408261	0.000995514761680485
36408770	0.00119456624784958
36411841	0.00096389156504177
36412531	0.000992977961959253
36413330	0.00179144679732497
36413641	0.00173103346127121
36414970	0.000968667419472924
36416271	0.000947233567991935
36417730	0.00120277571134057
36418440	0.00236678831189967
36418850	0.00451633030009593
36418970	0.00118928361493591
36422300	0.0157922028817732
36422980	0.00106085293530054
36427110	0.00260698045868207
36428811	0.0260267573150284
36429771	0.05863856517442
36430751	0.0603162430593541
36431280	0.00270227172306582
36433040	0.000944536026024128
36434201	0.00400497946066258
36435571	0.000993879548630396
36436370	0.00336517102314378
36436811	0.000918980850887136
36437730	0.00198202714058876
36437781	0.00555813903546515
36438300	0.000994202845067223
36438310	0.000944008732022001
36441200	0.00120178272183238
36442590	0.0049354163641787
36448500	0.00246252569137635
36449320	0.00125711255332881
36449460	0.0131940181176914
36450850	0.00101892572488425
36452141	0.00128965519383607
36453030	0.00154029511981027
36454820	0.0212445854379852
36454990	0.000973509382806733
36456070	0.00101983093735029
36459120	0.000952436988962221
36461870	0.00956494845596901
36461911	0.00105535058511567
36464941	0.0497286980959022
36465310	0.00505285304906757
36466840	0.00109095703923145
36469890	0.00346831959962929
36470150	0.00184599801705018
36472251	0.00639912845647992
36472821	0.00113761610900475
36472941	0.00721579372732315
36474960	0.00478630264527276
36475421	0.00438113700024439
36476500	0.00100252725181041
36476920	0.00530369656980707
36478191	0.00147247472795953
36480220	0.00142689484999881
36481040	0.0130013122177867
36481170	0.0234260925223148
36482690	0.00128691914634282
36483670	0.00104549280840539
36483861	0.00101383145454349
36484100	0.00102665576584811
36484240	0.000959045256103019
36485990	0.00344483589191043
36486881	0.00575859782128557
36487960	0.00184501453644249
36489470	0.000962706683897542
36490310	0.00198523832422684
36490410	0.0174086354785756
36494191	0.0183141692190377
36495100	0.00100279564998913
36496251	0.122675500652368
36497610	0.00332799299634742
36500210	0.00227373402895388
36502891	0.00109847489580159
36506690	0.00201395226719023
36513030	0.0011549908377753
36515510	0.00112123794307605
36515670	0.000974087034708588
36522570	0.00135024536357036
36523141	0.00201100762819579
36523680	0.00153354404086706
36523711	0.00110338265431676
36524090	0.00642847057803157
36524770	0.00105256548189409
36525091	0.00102726208237777
36525361	0.00265931184964564
36526181	0.000958114944430976
36527551	0.0819914223482023
36529501	0.00776606755454581
36529720	0.000948776870360145
36532531	0.0175677368301263
36534440	0.00145642578345902
36534540	0.00191378939189285
36534731	0.00126317524204697
36534970	0.0074395934558551
36535291	0.0221956569837548
36535441	0.000931209685051038
36535510	0.00139568544372931
36535820	0.00311488118007291
36538440	0.00304316380090433
36540801	0.0015438342367079
36543411	0.0016200574836038
36546130	0.0224932084732192
36546560	0.0135063292839783
36547390	0.00228665351098561
36548090	0.00303116121964948
36549030	0.00102161905272497
36549200	0.0030161555843786
36549501	0.00221571022854304
36552200	0.000966978273125883
36552620	0.00214445738867739
36552801	0.00324905144661445
36554430	0.00311870140405486
36555151	0.000978054747472858
36555551	0.00105041884642295
36555640	0.00359349587184074
36558540	0.000936229918567307
36559250	0.000918980850887136
36559520	0.00389387473497696
36562950	0.101091960972077
36564760	0.0773597667805151
36565351	0.0091913220468069
36567220	0.00104113457074221
36568500	0.00971225968925979
36568511	0.00347372862299137
36575260	0.00244445159270268
36575981	0.0011438882068547
36576371	0.00249895510346826
36577211	0.134704996542609
36577341	0.0010164106661998
36580521	0.00138353594953205
36583681	0.00182035040970584
36585730	0.0020963717989081
36585891	0.00129505872534522
36585990	0.00395723018156196
36586120	0.00132068437316146
36588050	0.00298607193208417
36588090	0.000918980850887136
36588121	0.000954577853504218
36589330	0.00191782175225235
36591701	0.00198976174511031
36592791	0.00109660752800738
36593351	0.00763034868953183
36594970	0.00239188164022349
36601351	0.00130228713634066
36602140	0.00132809602350474
36603500	0.00170998380243185
36604470	0.00366501569418987
36607670	0.00212532182694668
36608111	0.000972922355956063
36608500	0.00217200230527431
36608600	0.00531654190174711
36609720	0.00345252888413334
36610581	0.00113966246317653
36613071	0.000983234010808265
36613860	0.000968667419472924
36619090	0.00969494176283578
36620241	0.000917830702752189
36620921	0.484525774982012
36622560	0.000924371789200717
36623390	0.0113742221053706
36625491	0.00675418843651951
36628220	0.00147308719964937
36630940	0.00581122357848321
36632900	0.00121699901810104
36633320	0.00247976799195578
36634110	0.0128660355126113
36637050	0.00819419269795467
36637341	0.00170392709779794
36638321	0.00112173023240492
36638430	0.00248088641510679
36640360	0.000987641469512431
36642010	0.00208775136861273
36643141	0.00125009592366593
36643790	0.00105182365061
36644101	0.00195949546337623
36646171	0.00144883712627759
36646601	0.0125448900434488
36647681	0.000984499841398472
36647800	0.00230501990559518
36647971	0.00107028590884273
36648610	0.00277976135786971
36652941	0.00176151606704192
36653430	0.00398501799158083
36654021	0.00118672905809896
36654721	0.00137860043011949
36657201	0.0228861260170481
36661351	0.00114420364784429
36662290	0.452144709678642
36662721	0.0117886269453286
36666260	0.00481840172559294
36667630	0.000935291756443324
36671240	0.00384353949907546
36671250	0.0108390337186929
36677201	0.0112405967048119
36679131	0.00318519556916478
36682550	0.00148818165699252
36684470	0.00335473089639899
36685440	0.000987480178535893
36685491	0.00154886219583139
36689980	0.00102878133817469
36690660	0.00148904300672136
36693761	0.00118557346578631
36693850	0.00172946779899246
36694120	0.032562323427115
36694591	0.0011213890600171
36694731	0.0011697265355927
36697450	0.00108295153595773
36697471	0.00163163160416558
36698280	0.000998778535256702
36698560	0.0172962726268208
36700180	0.00119149842614542
36706571	0.0133467543086529
36706841	0.00112041501803141
36712771	0.00176284282737289
36717191	0.000945051231852398
36717201	0.00105964381345754
36720450	0.000980501340656463
36720750	0.260031012291336
36721751	0.00435855070404032
36722701	0.00560850548269495
36722981	0.00330765452844764
36723080	0.00200116495153776
36723520	0.000988076742588604
36724241	0.000931209685051038
36726151	0.00264389329249298
36726520	0.00139778301041211
36727070	0.00225408144301814
36727401	0.0150405831330867
36727941	0.00107623365468292
36728921	0.00128052153219023
36730140	0.00176017872145042
36730660	0.00119550362224706
36732060	0.0256946650584473
36734110	0.00324249863007404
36734670	0.00209409478971028
36736880	0.000935291756443324
36739370	0.000959410776669364
36739490	0.00156849209056799
36739520	0.00184729904951321
36741150	0.00517360114495955
36741160	0.00184823153461603
36741560	0.000983409789292545
36742581	0.208063711949858
36742810	0.00192725828373132
36743691	0.0132799775222102
36744740	0.000918980850887136
36746410	0.00612982548812329
36751510	0.00176061681852044
36752921	0.00119793627584563
36753140	0.00125847143260063
36754311	0.000989388362433084
36754650	0.00912058782300056
36756210	0.00401670862925909
36756320	0.000967636277706419
36756491	0.010511593657297
36757700	0.00110535147208036
36758291	0.00107627880564227
36758981	0.000979146537096142
36759661	0.000989459114434067
36760590	0.000943922460195671
36760931	0.0359881575489981
36763801	0.00125413425640509
36771521	0.00738072074826333
36773051	0.00285431785388748
36778171	0.00115049993354253
36780081	0.000985859337097043
36780101	0.00100961121423168
36780330	0.00328713979914425
36780730	0.00302583001216662
36780750	0.215431576104808
36780781	0.0284994039088931
36781181	0.0010714210294929
36782960	0.00124658283251552
36784761	0.00273639097828932
36786031	0.00215526616089584
36788060	0.00115077183406605
36788081	0.0473287089973695
36788761	0.00157186472296097
36790571	0.0385490915663464
36790711	0.00358593835703623
36792371	0.00524808428043875
36792511	0.00290950184123041
36794940	0.00498971538683569
36794960	0.00144095775064954
36795780	0.00116282754731318
36796081	0.00198293287342613
36802530	0.000935593614326021
36802640	0.0113328674473951
36804580	0.000931209685051038
36804621	0.000991988437081531
36806100	0.00110068592784112
36806370	0.00157434454539859
36807640	0.00318993080438561
36811681	0.00163323649920037
36811780	0.004449553943245
36813020	0.00103445251786292
36813741	0.0204809162122535
36814100	0.00135230024510617
36817020	0.00260696540370289
36817570	0.00151634593086826
36817891	0.0045560132545765
36823251	0.00363166889186707
36823490	0.00349353764809796
36823890	0.00120687514981297
36824450	0.00227610744561816
36824750	0.000933351183154007
36824850	0.00236238039753333
36825601	0.00113593829714309
36826130	0.0013507683763851
36828761	0.0025982786041412
36828890	0.00157648644856065
36829120	0.188674019197392
36832470	0.00202651985000595
36833471	0.0119034946116254
36833690	0.0580435345079685
36834141	0.00123474233420861
36834400	0.00881157985534309
36835080	0.00100548196075799
36835941	0.470220286631421
36838141	0.00285812951182872
36841980	0.00278728296931446
36842130	0.0016078106661542
36845471	0.0019839011030988
36846640	0.000924371789200717
36846780	0.00100965464777449
36846961	0.00113740781870116
36847910	0.00168431701654836
36848170	0.00157306397836053
36853010	0.00124751177873337
36853300	0.137235842223445
36854250	0.000947737433152032
36855770	0.00122438942748106
36858021	0.00244441397880397
36858821	0.00100456979107367
36859200	0.00237158077644444
36861721	0.00223245181945995
36862561	0.00409508290248076
36864020	0.0030563940089724
36870790	0.0314215386818592
36871381	0.0120044006434398
36871931	0.0161220074424161
36874681	0.000947737433152032
36875401	0.0118725922101104
36876880	0.00244798549362438
36879111	0.00250013710658256
36881991	0.000918980850887136
36882250	0.0475494944266654
36882711	0.000942014681206956
36885581	0.000986687792577057
36885710	0.135644622711257
36887671	0.0400803829979381
36889871	0.00285308944478456
36891350	0.00167387796630789
36892020	0.00258003010452072
36896491	0.00639927597460784
36896860	0.000922046450819502
36898001	0.00183046652830862
36899220	0.000943497970176938
36899880	0.00243882690580045
36902370	0.0165727894864672
36902411	0.0010974310200936
36903460	0.00109138523539806
36905010	0.00112116409067292
36905110	0.00169298577245432
36905970	0.000960617769731521
36910630	0.000946756681972077
36911190	0.000918980850887136
36911330	0.00101447326872735
36911620	0.00279184320803752
36911750	0.000957886778933313
36912491	0.00336532058885535
36914260	0.000959493834049153
36915740	0.00106181398863005
36916481	0.00105646360701887
36917940	0.00296278822243916
36920491	0.00124582742861933
36921110	0.00104929494712033
36921530	0.001917299387627
36922770	0.0359100252137629
36923671	0.000951812326331642
36924491	0.00241818325855548
36929400	0.0020030860536927
36930790	0.00174945729772413
36930951	0.431328754364668
36931490	0.00592468054685863
36932221	0.00593685553099247
36932320	0.0125632229224004
36933851	0.00260425688185174
36934210	0.0138499897483698
36934920	0.00101383145454349
36935531	0.00183949324493059
36938490	0.00418217058889386
36940611	0.00215141203958351
36940621	0.000997007371903892
36941400	0.00186557948955728
36941721	0.00747274086820576
36942411	0.0256998407149738
36944720	0.00099424102542281
36946261	0.000936214374946496
36946530	0.00280026487100046
36948180	0.00389728805163469
36951060	0.00136069333759429
36951630	0.00152134179865165
36951760	0.00303789281053845
36951801	0.00119649119695882
36952010	0.00138336351439425
36952170	0.00115223008120301
36956491	0.00242565003533979
36958390	0.00189716198331775
36958920	0.00118634541098405
36959060	0.000962546166797565
36959231	0.001180883400492
36960170	0.00190963843565971
36960310	0.000971783410558392
36960440	0.00254613757299127
36960741	0.0216047886475127
36961581	0.000922046450819502
36961830	0.00123723991942081
36964310	0.00095539455072824
36964860	0.0334151343756765
36965960	0.0019074288102488
36966070	0.00208759416933003
36966630	0.000983439623372262
36969550	0.00211992123158269
36969721	0.245535409761477
36970541	0.01633498119193
36970681	0.0039619211043163
36971801	0.000931341388162731
36972150	0.00106366222332914
36975781	0.0010842752762989
36975900	0.00135078585424263
36976741	0.00796858352611816
36979070	0.00125230338635975
36981010	0.00108156146474518
36981280	0.0054582133913578
36982630	0.00159952281300202
36983941	0.00136400347857953
36984061	0.0013408369591747
36985110	0.00243195233826706
36985841	0.00126768378404843
36986210	0.00147644081102682
36986790	0.00377951819000553
36988000	0.0137581546310634
36991470	0.00125028459267838
36992030	0.0115904012402098
36992560	0.00239105116237971
36996211	0.0011886227525675
36996341	0.00102198632124921
36996751	0.00673859283007026
36996881	0.000959320596090801
36998401	0.00213935219859921
36998900	0.00290778840956377
37002640	0.00219822579596154
37005701	0.00335733593767957
37005851	0.00132968367553189
37006110	0.00193595971990382
37007511	0.0104797875027354
37007590	0.00737142816319207
37012690	0.0225787386790633
37021581	0.00285239478784742
37021981	0.000944586497159893
37024061	0.001083781953031
37037171	0.496890476625979
37037970	0.0136912135518222
37038760	0.0060775679926221
37043320	0.00107369944957561
37045701	0.000987480178535893
37047221	0.00237719922113279
37050770	0.00619619038140613
37051361	0.00306984834112935
37051371	0.00177152826741524
37054760	0.0119930859693899
37055470	0.000959410776669364
37059880	0.00104163375489056
37062210	0.0236825060055679
37062500	0.00105895737133077
37073390	0.00704593500324599
37078121	0.00153803713672479
37080321	0.00171537232067586
37083450	0.00180700370870464
37085011	0.0364741187410018
37104540	0.00194194512897178
37104861	0.00666711130363885
37107771	0.00107376467675557
37110480	0.00153472468888526
37111440	0.00106207779184987
37116270	0.0128710200435383
37120611	0.00790472878813394
37126920	0.00103078027069654
37128850	0.00660686086592351
37137151	0.00323704732460948
37140550	0.00352034458811551
37147320	0.0120100067343879
37151440	0.00131843162316996
37164451	0.00167177929552094
37164820	0.00102593474282757
37172820	0.00125442279547589
37173400	0.00105927360243716
37173650	0.084408686189223
37175040	0.0317837213467333
37175150	0.00581473254263284
37178190	0.00101622738233333
37179621	0.00466417227045397
37181831	0.0042594547905209
37182391	0.0268519846904937
37183491	0.0014890442479768
37186330	0.00486549411905413
37187771	0.0110220339034038
37187901	0.00405121894773507
37188700	0.00857924470243711
37189380	0.00109183026428423
37191730	0.00269687859736568
37193141	0.00113567010585669
37193291	0.00106548257527963
37194180	0.00122866143919719
37196970	0.00424126780132929
37197841	0.0017489047440272
37201401	0.00289159961181689
37201681	0.00131996635457794
37205821	0.00136764208572269
37206620	0.0147620384302704
37211310	0.0025888489188216
37211361	0.00190614756467982
37215631	0.150344300130006
37219600	0.00104763701262224
37221090	0.00187512065105652
37221660	0.0014134971253587
37222381	0.00240425030882354
37223020	0.00105058644864689
37224110	0.00870144134455338
37224660	0.00190533795758723
37224840	0.000985175249756328
37225120	0.00112216728889465
37225541	0.00110845776108976
37227280	0.00303835912885912
37229541	0.0010523525262013
37230060	0.00101735072951026
37230200	0.00168038958580126
37235280	0.000949608376284379
37237240	0.00642185479635123
37237360	0.00127221925924027
37237701	0.0158244655528171
37238060	0.00126748135275013
37239700	0.0019135365231447
37241110	0.00116368403570667
37242050	0.00127217525168507
37244390	0.00257868332297481
37244991	0.0112467677468163
37245530	0.00112643431449143
37245671	0.0103106540305476
37247560	0.00152525105402943
37248981	0.00220411326310745
37249261	0.000935291756443324
37249520	0.00105226922748098
37251560	0.000987480178535893
37253961	0.00110853930602748
37256400	0.000947737433152032
37260670	0.0403811872181264
37262900	0.00299605015394676
37263700	0.00155958464294775
37265100	0.00820039529921505
37265490	0.00100509309940516
37265630	0.00143926733087614
37266490	0.000968667419472924
37266630	0.000968667419472924
37266760	0.000948593868034753
37269811	0.0040991882578231
37274190	0.00225523859223736
37274801	0.0022030185319139
37276451	0.00203991712804362
37276981	0.00312694056679301
37279160	0.0304699790957222
37279481	0.0452567586660683
37280380	0.0014142530770226
37280800	0.00131342381056971
37281261	0.00466118664579889
37281531	0.00100763311433497
37281671	0.000968667419472924
37282050	0.00263359653757527
37282511	0.00222696881493194
37287730	0.00271392920743584
37288441	0.00113730501342864
37290480	0.00189122945943268
37295140	0.00288243066363788
37296420	0.00674757794360623
37296721	0.000931209685051038
37298350	0.0010596839185049
37299881	0.00387075575635538
37301080	0.0054950660062207
37303430	0.00669142054068994
37303761	0.000978105641684247
37307071	0.00132222396142332
37309510	0.00105226922748098
37311420	0.0766838702230698
37313110	0.00357921313032521
37313510	0.0034313528421328
37314781	0.00147404643658662
37315621	0.00197927295606935
37315891	0.0163003226880123
37316011	0.00128180270475341
37317961	0.00114958696119657
37321531	0.000978218042025353
37323430	0.00120477515562282
37330501	0.000966265323079873
37331720	0.0118192965454367
37331871	0.0164585356538796
37334870	0.00297178241832122
37336161	0.0526783538406964
37337350	0.00343912587150884
37341681	0.000943246647229515
37342040	0.0035848181288107
37346740	0.00230836086457088
37395451	0.00229235508955465
37413241	0.00120160364056087
37416240	0.0025597010033836
37419321	0.000954766321421244
37420660	0.00167384500827236
37427980	0.0579157093812565
37430020	0.000999860326662858
37431181	0.000947737433152032
37431540	0.000918980850887136
37431550	0.00193440514099195
37432431	0.0103113825687305
37432540	0.00104754990660732
37433780	0.00336179004012178
37434631	0.0468279016037651
37435270	0.000922046450819502
37436800	0.00105944827655612
37437381	0.0011487741099784
37439051	0.000986887222527107
37444090	0.00687752024112877
37444711	0.000947737433152032
37446091	0.00355290959566222
37447041	0.00112516315980921
37447140	0.00240924458178014
37448660	0.256343055723208
37448701	0.000961308479333409
37449230	0.000944891352008167
37450600	0.0026895239708964
37451980	0.000977217721131491
37453251	0.0244931758412166
37453371	0.000971518884923135
37454440	0.00103672158661677
37457920	0.00449689601429432
37460981	0.00328689091230843
37466880	0.00574474015540776
37467280	0.00149963484775439
37471840	0.00182107209154003
37472291	0.00102261656769065
37475331	0.000969609275600963
37479881	0.000990845567844158
37483591	0.00574128731994739
37483680	0.00279042948608412
37484571	0.00238073552743624
37484701	0.000909270901725868
37486341	0.000996782864648467
37487420	0.00174445470453087
37488151	0.0230567991415663
37489210	0.00105686941449541
37489480	0.000968974556866335
37489740	0.00144302119290881
37491301	0.00493650736849292
37491540	0.00173981702205549
37492090	0.0105469131934904
37492250	0.00228009153450883
37494341	0.00161599447712676
37496831	0.0010375705646656
37501251	0.00311394296750985
37502740	0.000955798076268315
37503120	0.0434098524574639
37504220	0.00415045123277506
37505340	0.0655213330106041
37506460	0.00129661486152476
37509870	0.0208554606690527
37512780	0.000946433817665111
37513470	0.00163050093461246
37515690	0.0149073593516268
37517070	0.00199867199335712
37517251	0.00132516094490071
37519560	0.000918980850887136
37519940	0.00837380860795096
37520230	0.00426222813951022
37520380	0.00516160118224492
37524770	0.00109492899242261
37525661	0.00129209671932934
37525740	0.0075483399340704
37525880	0.00110614807421243
37526300	0.00428008178726978
37526450	0.00939211789545904
37527441	0.00201769749303161
37527540	0.0142877903694543
37528951	0.00378750494939826
37530320	0.00202329071104029
37531581	0.00290440619732174
37533111	0.000985921696930003
37533630	0.00118713852863636
37536261	0.00139519515429653
37537890	0.0021433863642935
37539591	0.00484973617361572
37541361	0.00147085852340908
37543550	0.00174975729475035
37544490	0.00093669654797113
37545340	0.00506236465811685
37546491	0.00135714194931833
37549610	0.00178369515666011
37551441	0.000979386270093023
37553620	0.0010581793004525
37555181	0.00194292893304481
37556800	0.00125686171919256
37558901	0.00105268112280157
37565661	0.000961905768176722
37565911	0.00149380552386483
37569460	0.00184236375225689
37569661	0.00151860623595394
37576100	0.00277635109747302
37577210	0.0184680434407369
37577931	0.00196249430912664
37585170	0.00300050160567941
37585190	0.00218055864951599
37587311	0.00457526392820082
37588541	0.000965630615398267
37588811	0.00325698123070683
37589330	0.00334616764525511
37594321	0.0010462584242767
37594570	0.00098062207722071
37594590	0.000959410776669364
37594720	0.000975484796322697
37598040	0.0402484319934027
37599031	0.00152345204203973
37601371	0.00108750656454533
37601580	0.000978685665723571
37601590	0.00554562181177867
37602980	0.00139153830338482
37604340	0.00276538628855731
37604660	0.00190174800278401
37605330	0.000944891352008167
37605460	0.000994916248130409
37605631	0.00986474869100783
37607571	0.0977197252514823
37609600	0.00233888433264332
37614150	0.00128923866310379
37621310	0.000946033933887058
37622010	0.0072894712076161
37622741	0.00141303826930396
37623291	0.00713088690655208
37623960	0.0271400454949519
37624630	0.00120070149859014
37624811	0.00575359979825162
37626601	0.00296675068558947
37626621	0.00399102542393377
37627670	0.00101754592466698
37628111	0.0148738198605727
37631031	0.00169637440390549
37632681	0.0114394880813679
37632811	0.00225158558795967
37632890	0.000951903813510491
37639370	0.00107278283704151
37639650	0.00242302525842338
37641620	0.00491203126910229
37643281	0.00132305185760231
37646020	0.008799582928428
37649750	0.00193420043415808
37651441	0.0012198093236009
37653460	0.00840135116916768
37655920	0.000980654545269493
37657200	0.0010596112092965
37658440	0.00140278442452552
37659100	0.00100050459602166
37663971	0.0443937261324585
37667991	0.00955514648738355
37668340	0.00167383353077298
37670170	0.00675679478411123
37672790	0.00122636036126798
37674341	0.00366979168667526
37677371	0.00121860247196322
37678010	0.00112163968223778
37678150	0.000941283281001017
37680330	0.00118462188410845
37680381	0.00101554048657542
37682990	0.00105664751815265
37685300	0.00132602002652946
37685460	0.00169004283506906
37686881	0.0017405863271903
37687301	0.00170382683281487
37688760	0.00158496248334687
37689610	0.000947737433152032
37692350	0.00139966890251943
37693570	0.00109084593639281
37694471	0.0012518135583572
37695011	0.000979750739160738
37695260	0.000922046450819502
37696541	0.0215546618192546
37697911	0.00103843208850472
37698741	0.00155535212460061
37699800	0.000942320495029081
37699920	0.00179716571450263
37700490	0.00526994660135786
37700671	0.00274600819295857
37700890	0.000983290921506854
37701211	0.00212081708077549
37701501	0.00120983943246381
37702321	0.0305961291321722
37703680	0.00110658500662236
37703950	0.00112447858837413
37704610	0.001160818171178
37705050	0.00198158168046551
37706840	0.00104814292978518
37707530	0.000947737433152032
37710611	0.00179267570583227
37712651	0.000927728857139698
37714010	0.000955614087446044
37714051	0.00115687251175185
37714741	0.00101111042852046
37716500	0.000970894975222107
37716880	0.0111853246275667
37719851	0.000997716422007954
37720780	0.00960756660761699
37721631	0.00161193142142632
37723240	0.000959045256103019
37723411	0.00712572984710346
37723561	0.00130451320286025
37724801	0.00285363472933841
37724951	0.00192414033967614
37727230	0.0409363852020557
37727250	0.00280061421266171
37730611	0.0163579286664976
37733570	0.00309413606737661
37734290	0.000958964869188677
37736080	0.00131135060514549
37736190	0.0133289041056787
37737710	0.00113050885302775
37739411	0.00656782521319092
37741050	0.0011948960823596
37741751	0.00870866171415781
37742550	0.0105293311273618
37742710	0.00117610029498627
37744880	0.0127682063320236
37746031	0.00260392153800799
37748671	0.000979249635292715
37752791	0.00114254862716666
37753020	0.00175694959847629
37754970	0.00218548912690519
37756070	0.000918980850887136
37756921	0.00102459409345371
37757710	0.00282691683437104
37758311	0.0410205463961998
37759630	0.0032784135045548
37759930	0.00107078992221107
37761730	0.0057904322588759
37762420	0.000996286649083249
37763271	0.0764034702958613
37763650	0.00289396543707706
37764210	0.31796052522581
37767110	0.0156737458479143
37770250	0.009763596525941
37770570	0.00139374183579669
37770731	0.00639976891151962
37770970	0.00201392717898344
37771390	0.0536702317907225
37774940	0.00127028458849209
37776080	0.00160488220007982
37777020	0.00524782168358195
37778120	0.000957548393850662
37778161	0.00102556230228766
37779971	0.00214157986913401
37780880	0.00103755060421952
37781450	0.00610507984628759
37784210	0.0330265384157074
37784931	0.00634615901028209
37788640	0.00110112516764984
37788811	0.00138407814849024
37791561	0.00201843375266666
37793300	0.00117478874845968
37794181	0.00242685782630362
37795681	0.00155139075515688
37796231	0.00477990725786133
37799401	0.00103182411596439
37805081	0.00843479528727206
37807800	0.001632209372515
37812111	0.0117098056254801
37814731	0.000947539276342793
37816320	0.00211480883800083
37817570	0.00208731286651501
37817911	0.00688026901801131
37819151	0.0103405443960423
37819220	0.00208809484072714
37820320	0.026280833937395
37821030	0.00405862078781028
37821290	0.00105154683292998
37821430	0.00269773482730115
37823261	0.00103228122477086
37823670	0.00108723598878776
37824350	0.0025837690215024
37824381	0.000953733246493202
37824490	0.00682170461707019
37825280	0.00111442910656287
37825351	0.00123286908664298
37825481	0.000947737433152032
37827131	0.00474236254440596
37827261	0.00249692065252526
37827681	0.00187619559390834
37827790	0.00343552621353443
37828391	0.461245257904239
37828511	0.00162765166513172
37828730	0.0228914060023335
37829741	0.00258168359044906
37830171	0.00241565996473055
37832210	0.00126043731885294
37833720	0.00379484264101827
37833980	0.00389862754830999
37839141	0.00128172448890635
37839900	0.00159974888581426
37840200	0.00186594681150285
37841211	0.00413345161676515
37841280	0.000947499852792038
37842690	0.000962005333746231
37845481	0.250712372959633
37846520	0.000938411716316521
37847141	0.00095343172674491
37848511	0.00380740629667827
37849040	0.00104623902213117
37849440	0.0026243172082117
37852101	0.00109088829920177
37854161	0.0456332567616131
37854660	0.0121275064735255
37857580	0.0010710106441122
37857970	0.0029701882609607
37858591	0.00154855725790429
37861010	0.00136932194851405
37861471	0.00211784774264668
37863790	0.00354616450724332
37864880	0.00224324157692178
37864921	0.00729433422426482
37866871	0.00340172116280433
37867271	0.0011214382102009
37867401	0.00232943791670593
37867821	0.00140039477372696
37868511	0.00304508748489991
37869611	0.0267127150596934
37871271	0.0142482911063035
37872330	0.00175803609172889
37876860	0.00132535418971855
37877040	0.00187688860782164
37877280	0.00183151360606394
37878930	0.0010234966031774
37879281	0.00210499622785013
37879520	0.0014391762404857
37881560	0.00114131282387082
37882031	0.00401263292185865
37883210	0.00451237696713079
37884740	0.0286038057262698
37885621	0.00163897532351188
37888030	0.0023175882343682
37888590	0.00195543397400335
37889191	0.0187204086380073
37890250	0.00111413937747935
37890380	0.000990373082322735
37890820	0.00155882359911167
37891821	0.00108526747265175
37891941	0.00666298416150238
37892070	0.00127733490025887
37892661	0.000995051193960068
37895271	0.00259631355771793
37896740	0.00120412576636243
37898851	0.00119124152583253
37900210	0.00133013387263774
37902820	0.00171301334038129
37903271	0.00315739640935247
37904070	0.00101378705307834
37905570	0.000943243735935964
37906790	0.00100473102243502
37909010	0.00102105412984954
37909150	0.000937930926186992
37912081	0.000918980850887136
37912740	0.00146592870348195
37913051	0.000943364549598473
37914410	0.00273154386573225
37914841	0.0012305635271197
37915090	0.00278554875456107
37920320	0.00248425704231105
37920330	0.00778338860498195
37920651	0.00578363906004419
37921041	0.00182159549972399
37921570	0.000955856761040843
37922291	0.428981876087514
37922830	0.000935593614326021
37922930	0.00114121531878476
37923500	0.000921094252331038
37923770	0.00609125077701744
37924791	0.020727797029641
37925840	0.00196980570203678
37926981	0.00125454605422357
37927811	0.00160731938892038
37927890	0.00276874450722027
37928050	0.000918980850887136
37928720	0.00350974935954475
37929191	0.00214881396312218
37930380	0.0019235443219391
37931230	0.0104004161273249
37931750	0.0222562373841277
37937051	0.00266657799077209
37941000	0.0017270832394599
37941010	0.000918980850887136
37941140	0.000918980850887136
37941181	0.00100705721128297
37941481	0.0170347420778266
37941891	0.00100135952226266
37944340	0.00531870351320211
37944491	0.00525981675936553
37944921	0.000943497909152702
37944990	0.00132385160530475
37945700	0.00113546736293865
37946660	0.000927609264712103
37947240	0.0013866566118757
37947801	0.00104098207649317
37948361	0.00119505958399358
37948460	0.00101234658866283
37953410	0.0017569936865708
37953580	0.00142091868106904
37956491	0.0010033674058189
37957860	0.0010016870012192
37960060	0.00104367222610436
37961430	0.464759696522531
37961471	0.00136416225844483
37962441	0.000942186336307293
37963330	0.00103967335690478
37965170	0.10093487333746
37965591	0.00252579175874339
37969540	0.00216721301032501
37970090	0.00347563656774357
37971230	0.00177429881399878
37973030	0.00123354041475979
37974260	0.0059130348437887
37977751	0.000971700862538211
37979821	0.00341208914733082
37981861	0.00315441382601581
37981950	0.0018725686270625
37982130	0.00168000348619377
37982790	0.00827044351391678
37983330	0.0165440881826943
37985140	0.000963340972440107
37986410	0.000944586497159893
37988081	0.00512675332664356
37989130	0.00712035054294915
37992351	0.00165805497419962
37993140	0.00171490738997195
37995880	0.00132818811190316
37996180	0.00180006801632635
37996880	0.00341565382898883
37997130	0.00375909607168739
37997191	0.00122546964593921
37997300	0.00100427176046599
38000020	0.0015993111336637
38000190	0.000948253379256971
38002141	0.00103697400905533
38004231	0.00115201230978739
38004501	0.000993715426557574
38005440	0.0102094575286929
38008600	0.00326417930377598
38009430	0.00137659309425823
38009591	0.00853700734280705
38010360	0.00166794917227141
38013611	0.00124438891287856
38014561	0.000992720277925156
38014810	0.00227483226560312
38014971	0.0010073306087782
38015121	0.00187167920882179
38016050	0.000938866160580084
38016160	0.00357653093721251
38016330	0.00141346710116557
38016450	0.00262909064131325
38016491	0.00130778206371606
38017120	0.000965423589919657
38017270	0.00680366795605233
38018800	0.00107099475185271
38019490	0.00388790025204079
38019610	0.00220834347434709
38022301	0.00237463735575367
38023241	0.00273331199058944
38024160	0.0040792512650862
38028850	0.302687625990847
38032221	0.00169460014835057
38033871	0.00307648596314928
38034100	0.0022425833674369
38034400	0.444049444179918
38034950	0.00195532800389072
38035251	0.0113629977991524
38037010	0.000953427990176127
38038220	0.0262006832824658
38040880	0.00259814859202517
38041000	0.00190317184480399
38041031	0.00336455268354307
38043651	0.00200204994619406
38044300	0.000918980850887136
38044450	0.000968634639020673
38044860	0.00113496717799063
38045991	0.0355580554986359
38046971	0.00352604836869688
38048361	0.00131284085739776
38050831	0.0442783211480453
38051630	0.0028937696046313
38052030	0.000995556329781337
38052150	0.00372055167213118
38052850	0.00121801876036615
38052891	0.00225850377343617
38055651	0.0244135431643417
38056211	0.00107545210951516
38058131	0.0150858239956152
38061991	0.013088494989674
38063470	0.109621205771752
38064310	0.0366373746731282
38065461	0.00102154838672395
38065940	0.00158454610294569
38066520	0.00213466055417501
38066650	0.00165585422116523
38069000	0.00172779009832542
38069010	0.00440831426960255
38071490	0.0017614017518394
38072320	0.000935291756443324
38072700	0.00101383145454349
38072880	0.000994044630449952
38073150	0.00105381632005628
38074490	0.00243228034181426
38074940	0.00122334566228529
38077441	0.00134042513208217
38078650	0.00281001297442406
38080150	0.000992090576505026
38081741	0.00915734111447282
38082240	0.000938411716316521
38083531	0.00284068411117305
38084351	0.00858084602173337
38084430	0.0014272370292016
38084730	0.566777644111663
38086681	0.000964084647830899
38087360	0.543647258179164
38089110	0.000954216093820481
38091040	0.00764105994905332
38091330	0.00485035063327836
38092761	0.0680460836379054
38097840	0.00132306334665686
38098110	0.00242596511576629
38098541	0.00100466723337518
38098831	0.000922046450819502
38101321	0.00121711193992954
38102390	0.000997434079640708
38104860	0.000929945887272815
38110670	0.00108398450993032
38110800	0.00641985197741768
38115330	0.0026708553558278
38115371	0.0131209850163201
38115460	0.00127572542247403
38117591	0.0104547637740439
38120071	0.00187176654230297
38124481	0.00168944074951264
38125000	0.00107343660794035
38127521	0.00140061515607809
38133550	0.0200213134674044
38137321	0.00344850239759165
38138520	0.000994502408648934
38138940	0.00161065239322276
38141970	0.0697773149196114
38142900	0.0689119846925837
38143080	0.000966099812878109
38149571	0.00196441535858457
38151771	0.00114334241349285
38152290	0.000967620566315143
38153550	0.00187940672330472
38153851	0.00328962923144013
38154401	0.00119074320791782
38157140	0.00237151392249509
38157270	0.00231661606649597
38159880	0.00465084494298894
38163381	0.00695016124097247
38163781	0.00171510047962154
38164310	0.000939295415220427
38165250	0.0147329770770651
38165400	0.000918980850887136
38166131	0.00398603635478963
38167361	0.00214998340471508
38169930	0.012329315037258
38172700	0.000972096747068851
38173311	0.000962893747782592
38173940	0.00697879271053705
38174790	0.00313697574236851
38176410	0.00237109952647432
38176461	0.00172998129885661
38176970	0.0227787981937451
38177530	0.000918980850887136
38177670	0.00852663009890383
38178001	0.35880431182026
38180201	0.000919877252857519
38181021	0.00783403089729904
38181140	0.00185465741905774
38183381	0.0108281576578719
38183870	0.000965601141473826
38185451	0.00100254661944547
38188560	0.00170349641977058
38188570	0.00236761674072667
38188611	0.00111862230699179
38190261	0.000947737433152032
38190801	0.00164916429734921
38193800	0.00101087702983317
38194671	0.00199353638895146
38196130	0.00316354873253578
38199210	0.00200044563967412
38200071	0.00256821971096231
38204751	0.000922046450819502
38204860	0.00127219998064589
38206681	0.00126706224215491
38206920	0.0788541518442186
38207030	0.00161098604517641
38208560	0.000947499852792038
38210801	0.0140491747612616
38212321	0.0016805593816947
38214500	0.00289652636001548
38215440	0.00177647468604885
38216820	0.00172124652616655
38218070	0.00268356816283091
38221301	0.000935291756443324
38221841	0.0013124359105526
38223211	0.000972012550897188
38224621	0.00133083169011074
38224720	0.063053528447958
38225410	0.00136386410454458
38227040	0.00252704711333454
38228960	0.00100787802979812
38229571	0.00186935461774784
38230401	0.00182908303042454
38230650	0.00346917204018346
38231241	0.00235539376685479
38232440	0.00117337359762643
38233000	0.00114717348947359
38235050	0.00537329906952565
38236181	0.0010455826515856
38236420	0.00214958781849519
38236990	0.0231677020637239
38237380	0.00237646243816214
38245130	0.00234627876324208
38245380	0.00593481212093699
38245390	0.00174662862660504
38246900	0.00510543096556761
38248850	0.00107861917298602
38249090	0.00101845364367434
38249410	0.00188134226857258
38250131	0.00105500804370847
38251511	0.00207965425818502
38252041	0.000952436988962221
38253421	0.000963863830080244
38254271	0.001269261439602
38255180	0.0109287188168651
38255901	0.00133710106556869
38256430	0.00249447545124947
38261820	0.0104773022305304
38262510	0.00193035043537653
38264591	0.00334737164304617
38265650	0.00245427099793936
38265991	0.00130480427907822
38267570	0.00128736677871854
38268201	0.00122343594817061
38269790	0.00163618961938558
38276331	0.00647056290823062
38277820	0.00373987162262818
38279320	0.00304194546196495
38279880	0.00502368992010962
38281281	0.00138542036423101
38281500	0.00112768999527973
38281981	0.0010556575077307
38282900	0.000990698554802125
38284540	0.0185612102235004
38285421	0.00239339136837816
38286330	0.0011615812388568
38288321	0.0013052818506771
38290111	0.00165650120731245
38292830	0.00227082639105487
38293090	0.000974727891816467
38294391	0.000979979050624719
38294681	0.00255935089401789
38297961	0.00124607617745794
38300970	0.0352968263205287
38301920	0.00333486314804427
38302090	0.010388568730494
38302531	0.00150501720313931
38303200	0.0013511522942078
38308120	0.00231097202416144
38308410	0.011580871102252
38309431	0.0138706559954412
38309660	0.0199408045082279
38310360	0.00125976825110568
38313910	0.0016831686863798
38316321	0.000935291756443324
38319300	0.00286118432804839
38320871	0.00102700162715919
38321971	0.00108647402448661
38324810	0.0414695167635687
38326050	0.00107628123026673
38326220	0.00116783320645285
38326661	0.0137008999106789
38327880	0.0260361945807574
38331170	0.00102341573610746
38332171	0.00192108780362797
38332881	0.00101891269161187
38333220	0.000974731199165686
38334811	0.000974349545572814
38335440	0.319617106940434
38335751	0.00234667763792714
38336840	0.00125896160017603
38338651	0.00276841719739247
38340000	0.0010284858562296
38340140	0.000918980850887136
38341670	0.00330933234003654
38343081	0.0016356906361588
38344140	0.0398890486022849
38345220	0.00417765057655633
38347761	0.00102291517822285
38348140	0.00146502852007603
38348321	0.0051703125847276
38349510	0.0156172582985894
38349630	0.00833579442430469
38350480	0.0117994304314339
38354371	0.0056556274514397
38357400	0.00103595170237753
38357790	0.0019356643673076
38358060	0.00161770504237662
38360601	0.00108598125036397
38360950	0.00324472484078957
38361291	0.0015570955147262
38362231	0.0020310879258248
38363600	0.0407503458477248
38365630	0.000918980850887136
38369431	0.0398121615698382
38370900	0.00128821104235881
38372970	0.00100572929480147
38375720	0.00184655690364115
38376120	0.00391193897299707
38376171	0.00116145194208463
38377090	0.000968667419472924
38377421	0.0287022792298874
38378080	0.00314993536159996
38379211	0.000959045256103019
38379300	0.00173769969212718
38380120	0.00301905966926445
38383860	0.00167556003063351
38384000	0.0379799717819761
38385151	0.00252898250395221
38386340	0.00589570018562918
38387290	0.00448814421804073
38388550	0.00689501901343624
38388571	0.00146032921811531
38389691	0.00256844892353012
38389981	0.00105313763309422
38390630	0.00105759131926929
38390661	0.00125231789840065
38390791	0.00611857279536274
38391030	0.00098609414510666
38392711	0.00209276738145072
38393350	0.0160787089746709
38393541	0.0127913285423291
38393780	0.00109129525211249
38394340	0.00106207779184987
38395761	0.0013535340699843
38396970	0.354094738514632
38398760	0.00163596381784135
38399160	0.00602464964899307
38403290	0.00119638803789324
38404120	0.0021960267348465
38405261	0.0598160823504521
38406870	0.00107733721030514
38407191	0.000918980850887136
38414760	0.00273728867574515
38414880	0.00148643986438097
38415471	0.00842679819284193
38416260	0.0118311339892039
38416591	0.00143666635835004
38419570	0.000941618244615696
38420260	0.0284420366521463
38420690	0.0112740956680438
38424291	0.00155747000881024
38427020	0.00135719894791338
38429121	0.000968222907228849
38429131	0.00615220606057416
38429900	0.000961503237851933
38430880	0.00110476318683898
38434101	0.000971589294729296
38434620	0.00582665702798691
38434661	0.000956915798903066
38434801	0.00101912148966319
38436041	0.275900049007613
38436871	0.00104187461559826
38437281	0.0204673385587329
38443611	0.00533431158293054
38448431	0.0172942746313738
38449541	0.00248032134301365
38452270	0.00360819847989738
38457220	0.0129994914521301
38461261	0.0011786843843806
38461490	0.0525634829864175
38464311	0.00232793313283536
38465620	0.00356767016847437
38466610	0.000968667419472924
38466661	0.00171935912735907
38466880	0.00109505474864675
38467730	0.0070015845102079
38469930	0.00124777349618491
38470620	0.15698523444432
38473630	0.00922298135188646
38474381	0.00102950934718664
38476550	0.443963533039303
38477760	0.00105748384625163
38478190	0.00101360254034503
38481510	0.000982053067624143
38483611	0.00459386556561568
38483871	0.00403274531364053
38486221	0.000918980850887136
38487000	0.000932943905921328
38490081	0.0138467273293487
38490620	0.0117853408165834
38493811	0.00202556415293283
38497100	0.0111766669965053
38498050	0.00138820373385005
38500161	0.00171519660646021
38501001	0.000948607290438774
38506511	0.000959410776669364
38508250	0.00105432765729718
38517770	0.00160267839161674
38521370	0.00339140254842315
38523570	0.00276781751494947
38524110	0.00231350753506748
38524141	0.00309857604254436
38524161	0.000938733394372979
38524820	0.00292187728954444
38528151	0.00199162461159378
38528950	0.0235479459725036
38529360	0.00491186946827
38529401	0.0101562479471487
38530330	0.0021607063852198
38531331	0.0955519240915463
38531820	0.00482298373907919
38532301	0.0163674764297243
38539591	0.000999749674853823
38540100	0.00236772168555566
38540650	0.00100996562542746
38541060	0.185666365995896
38542450	0.00117179770783373
38542620	0.104909555421108
38543700	0.00185501369889318
38543731	0.00505898851138237
38544031	0.00137561318756982
38546351	0.012514809303208
38551720	0.00856326407321868
38554491	0.00117060563806786
38558340	0.0128164360116399
38560230	0.00145244723802297
38561790	0.0350972241200599
38562351	0.00108647402448661
38562600	0.0104315949889318
38565880	0.00403363210699381
38567840	0.001084768764444
38568250	0.00101860767902065
38570081	0.0503026249871743
38570570	0.00289663457704435
38575420	0.00213799261044922
38577920	0.00302622286823247
38578771	0.0024162002488144
38578850	0.000951041328032693
38579451	0.000961720720156062
38583830	0.00281581872225009
38584441	0.0159006923956238
38585121	0.011040736734378
38586860	0.00173097642608873
38587321	0.00238070951772024
38587471	0.00381836848885572
38587611	0.00177820825852943
38590710	0.00374001621783348
38591970	0.0157667685098537
38594300	0.00112408939302771
38595270	0.00508525352173793
38597791	0.00116612906084981
38598310	0.00281695982643391
38599410	0.0236346215854353
38601261	0.00174428690869139
38601640	0.0009919965879698
38602891	0.0105826276934789
38603041	0.00158876054178232
38603160	0.00952795363220639
38603440	0.00172836933412182
38603461	0.00109691054650296
38605261	0.00143836950764205
38607260	0.00838222265894054
38607871	0.0108798793132601
38608131	0.00551337029191311
38608230	0.00501719477418249
38610300	0.00112250598974904
38611260	0.00122565961768977
38611530	0.00327178422584415
38613600	0.00368999107681592
38615150	0.0023018707059114
38615670	0.000981310730923816
38619530	0.00161912664742795
38623420	0.00197832692367052
38624131	0.00117256377062225
38624821	0.342374120583512
38624950	0.191403330661636
38625600	0.0141902232063224
38627150	0.035448022657598
38627290	0.0289029431457161
38627550	0.00483446120390983
38628561	0.000918980850887136
38628780	0.000987919232502468
38629050	0.00117975169979441
38630030	0.00783610776119871
38630460	0.0104090241122018
38630771	0.0118330570810232
38631410	0.000998943333006176
38631420	0.00490724416012918
38631430	0.0493918757973056
38632230	0.00780277909303006
38632681	0.00376381324500351
38633101	0.000956646870384948
38634310	0.00738964174176167
38634460	0.00092440647731003
38635041	0.00570012936030874
38636001	0.00500843263397992
38636510	0.00207026735145865
38637101	0.00119247488097065
38637921	0.00133320633684467
38639601	0.0034863440989879
38641791	0.000979922610973613
38644770	0.000935291756443324
38645360	0.00173957939186467
38646440	0.000918980850887136
38646751	0.00540324059797759
38647461	0.00106303055528521
38649470	0.0146459257093412
38650290	0.00280198387014894
38652541	0.00106225881181708
38653180	0.000959045256103019
38654730	0.00093108539633023
38658081	0.00667333117654862
38660281	0.000969906280361249
38660630	0.0015780967495124
38663290	0.00502372399604195
38663451	0.00101648507624995
38665531	0.00105266318621253
38665760	0.00416717125631801
38667110	0.000918980850887136
38667570	0.00548374171632252
38668551	0.0051548367517537
38669210	0.00125503649442936
38672250	0.0168902593587867
38674491	0.00169114326402702
38677620	0.0112336030647469
38677641	0.0208895333370615
38678310	0.00305022314832396
38678590	0.00955216052477734
38680770	0.0137598594555619
38681200	0.00219658009628629
38683250	0.000954633887977561
38690331	0.00709921367030567
38692411	0.000975377178436774
38697200	0.00195271730701892
38697350	0.00106518151160693
38698570	0.000998389313900067
38699700	0.00179426619101591
38701330	0.00168788522210173
38701450	0.00260341039448286
38704811	0.00557997255032103
38705111	0.00104505748876526
38707520	0.00105332680896852
38707950	0.00107485819594026
38710840	0.00218576300955309
38711000	0.632025815511483
38711400	0.00257984286733562
38711800	0.00132922969498442
38712510	0.0885920279657426
38712630	0.00635100278163101
38712770	0.00121926985606324
38712940	0.000954039384740311
38713330	0.00236990510254492
38713480	0.00262964266021654
38715041	0.00172027459123128
38719560	0.304548288441412
38719711	0.00142117693742284
38720831	0.00122570351603266
38721641	0.000975363875480474
38722341	0.00107086344281875
38723291	0.00827271332623822
38727260	0.00513359280961969
38727380	0.0501201983002929
38727851	0.0146736999910805
38733511	0.00134490235697595
38737371	0.00536588405325403
38738440	0.00225344880987495
38739181	0.00548393205103443
38743700	0.00171445376991623
38743711	0.0671431821206318
38746430	0.00162290274989252
38748930	0.000938733394372979
38750580	0.0232351613263213
38752531	0.00185543001105033
38753911	0.000981310730923816
38755130	0.598702443240559
38756380	0.00189196534282058
38759690	0.00198047620901524
38760370	0.0043327604222402
38762690	0.00457585001971324
38764100	0.00195735225871231
38764780	0.00129672468180445
38768380	0.00111069133399966
38774150	0.00574471421200113
38774420	0.0011410648128994
38774481	0.00266234953248386
38777330	0.00112350858961964
38781350	0.000960107823251217
38781740	0.000922046450819502
38782820	0.000980766293543578
38783660	0.00646885912867741
38787431	0.00556611833557565
38787991	0.000961416461823072
38792090	0.00595764036871041
38795151	0.000944586497159893
38795161	0.00205389568583454
38795981	0.000935007979597842
38796340	0.00104675267756368
38798820	0.000937234040583657
38800080	0.00127699534012827
38803130	0.00201512357013616
38803390	0.00584770870390048
38803441	0.0958312554567894
38803940	0.00967155936922326
38804920	0.00211776903520767
38804941	0.00254440962122557
38806140	0.000934894156576167
38806270	0.00159041230549538
38808951	0.00885701265297299
38811390	0.0175188713030786
38811920	0.00101799826197585
38813170	0.00157965383647338
38815530	0.00181974798957916
38817610	0.0016488369561291
38818201	0.00441207008500474
38821480	0.00188480540885691
38824240	0.00926669349052562
38825771	0.00102772091159716
38826850	0.0403331452536299
38831161	0.00415895295187817
38831930	0.0013183865064029
38833050	0.0044393376521936
38833491	0.00135852282775627
38833580	0.0133296430077582
38835441	0.00116806470189109
38835930	0.00113560035090145
38837850	0.00210072148610764
38838570	0.00108959378332954
38838970	0.00101155043212393
38839960	0.000939313188485819
38840650	0.00198617960265018
38841320	0.00103942875959112
38841351	0.0227623645576765
38843270	0.00165745526829556
38846471	0.000996351425604566
38847640	0.00126036595641566
38848111	0.0012051287973235
38849211	0.000935291756443324
38850000	0.0022991626163522
38850400	0.0014858102879392
38850410	0.00596912022801678
38852490	0.00528827360519121
38853850	0.00238071221964352
38854741	0.00128448591289374
38854980	0.058068367727768
38855540	0.00151490145810894
38856340	0.0259488870809964
38857740	0.00135256661447083
38858741	0.011640739837701
38860650	0.00125838189480102
38862990	0.0242822138699799
38863021	0.00108589583421508
38864220	0.00157796796510743
38864630	0.00099636350314706
38864791	0.00350608206000733
38871431	0.00100357799079888
38872620	0.00308407409628825
38872661	0.00146387510987029
38872900	0.0072777721011699
38873850	0.00177867311163964
38873990	0.0642459999406412
38874540	0.0324697572073249
38875250	0.00643423515456607
38876620	0.00681090530714011
38880251	0.00911910526385002
38881990	0.00306305803279379
38882321	0.00154878935971036
38883240	0.0341960946756264
38883650	0.00101962787210217
38886311	0.00526699565518073
38886871	0.000950261876982041
38889750	0.00123956270548618
38890611	0.00652483594587439
38892490	0.00116279186043017
38892760	0.00412365487012994
38893160	0.0025608276842621
38893761	0.00183128312950516
38896121	0.000947737433152032
38898120	0.0079627653571036
38899151	0.00138909283818666
38899851	0.0347037762184823
38902130	0.00233996559649467
38902980	0.00140105268714683
38903500	0.00126465965355799
38904740	0.00695722844845245
38909501	0.00276790097791838
38912190	0.00224311438984152
38915520	0.00223111234349573
38915810	0.113795679740771
38916600	0.00106835520133645
38917190	0.00408694985218472
38917310	0.00124914726237777
38917710	0.00552642233961771
38918160	0.00199227774367336
38920360	0.00209311481188972
38921201	0.0081663534611244
38922120	0.00737297773622426
38922260	0.00174204472994833
38922991	0.0523329825359394
38924890	0.00221736871905819
38925481	0.0015018580210826
38925641	0.00404287863176577
38927120	0.0593219396378502
38930270	0.115995723023969
38930301	0.00167849400228518
38930830	0.001374137660384
38933631	0.00340861922145327
38935220	0.00177705109635309
38936931	0.00185224548132844
38939821	0.000918980850887136
38944490	0.00860156802666531
38950461	0.00331685867384615
38951291	0.0142632355321488
38951520	0.00245441247283871
38953771	0.00250087232842956
38955981	0.00256079862893225
38956521	0.0182349291980638
38958410	0.00128885743037643
38959141	0.0011530496284678
38960121	0.00319557110891185
38960251	0.0199657400918428
38961720	0.00096425004109529
38961891	0.111382112586168
38963490	0.00134736345961661
38963640	0.00102690234215019
38966800	0.00250128772181019
38967930	0.00413543606911918
38970700	0.00362523104839751
38972730	0.00109238439930633
38973771	0.000930586083472742
38975630	0.00101352659353029
38978181	0.0123747838671154
38978820	0.00110625063637737
38980320	0.000918980850887136
38983910	0.00733754955471377
38984531	0.00367180383643864
38986041	0.00190307573442388
38986171	0.000937495362785793
38986601	0.00115321582103654
38986950	0.000958174187379296
38987350	0.000960107823251217
38991670	0.0166045223467775
38992460	0.00366861925993495
38992521	0.00308388833670992
38993901	0.0176601673989781
38997600	0.000936437483934031
39003630	0.0011130639071803
39004080	0.00324399843539505
39004180	0.471971219026774
39005040	0.000987809783740813
39005310	0.0291588971796831
39007350	0.00257041569362205
39009160	0.00229632645664661
39010000	0.0011885363883925
39010390	0.00302648800562297
39012361	0.00132238526720987
39019271	0.00184649144256728
39020450	0.00148024018350675
39021180	0.00187265835431521
39024221	0.222013749996238
39025000	0.00610631386048132
39029980	0.00169995154510295
39030410	0.000942320495029081
39030960	0.00535324898122701
39031261	0.00200557292521644
39032651	0.00124011298593482
39033150	0.00128628392784749
39036320	0.000918980850887136
39038031	0.000952689397112731
39042981	0.0142248265675037
39043831	0.00825890010474486
39044651	0.0276210982643389
39046530	0.00101384757833363
39049870	0.00133525185649974
39049891	0.00262917394935373
39050011	0.00111393630308236
39050250	0.0100651941337268
39053990	0.0331472937665265
39054390	0.00464711247617664
39058820	0.00220669259273302
39062810	0.0513160714743858
39069611	0.00107468290337702
39069761	0.00240537050371173
39069830	0.00108552090636339
39070021	0.102914495091193
39074161	0.00108185174656853
39081580	0.0048874468478125
39081761	0.00112559559180194
39085741	0.00175245885988454
39086940	0.00323433378389564
39090820	0.000968275436951974
39093071	0.00197222027903701
39094701	0.000930976244032915
39098291	0.00316887677760312
39099391	0.00282020170618451
39101871	0.00238314845758719
39102400	0.00096065933032434
39102810	0.0448417082703763
39107070	0.00247401308103945
39107340	0.00771101665026473
39107411	0.00103489800261499
39110670	0.0102784302564988
39110920	0.00096273402298507
39111790	0.0025017712579176
39112921	0.000973378612145918
39115411	0.00157651092662984
39117000	0.00125392500952762
39118421	0.000963184036350552
39119920	0.00809922095003111
39120101	0.0675328869409791
39120860	0.000965273227555102
39121331	0.00831763210985006
39125960	0.00126695065855459
39126441	0.00205109825127519
39131271	0.00204933770220423
39133891	0.00150943201562541
39134250	0.000949004980778422
39138151	0.00424329873901857
39138920	0.0013529160902087
39140091	0.00159307078450968
39141300	0.00188162988525401
39142130	0.0046514941913051
39142240	0.000967447862124334
39144450	0.00102966293210592
39144710	0.0218718935369178
39145290	0.0013576076042121
39145700	0.00138665000647581
39146820	0.0484184059865645
39148631	0.00101354530572393
39151330	0.00145819817637141
39152040	0.00134503221358671
39152720	0.00704648934660187
39154851	0.00301869822030123
39155230	0.00299927840246729
39155750	0.00233501319320992
39158151	0.00171872868052136
39159671	0.00216312877639341
39160570	0.00228068358469979
39164600	0.00133030915502205
39165020	0.00122284986924044
39165960	0.093593209858325
39166001	0.00902735464060317
39167210	0.0013005798832376
39170360	0.00940906419939194
39172231	0.00116366782403428
39173670	0.00165121593680668
39174510	0.00274631697908214
39175770	0.00165139304763672
39176020	0.00119018530750526
39177861	0.00363633380012055
39179760	0.0143175011195715
39179910	0.00797181443948421
39183370	0.00126353331678309
39183681	0.00142054766638975
39184040	0.00101630246497674
39184050	0.136784996692064
39187671	0.00100519939709596
39191900	0.00787645395209712
39193591	0.00147969885059563
39199251	0.0184074781065617
39199360	0.0192374107095046
39201960	0.00270894211736356
39202770	0.000959146412675001
39204590	0.0019607016126287
39205041	0.00311862588951547
39209321	0.000971845810077968
39209591	0.0041372482748826
39211090	0.00402247940022953
39212351	0.00119218501542372
39216710	0.0110702420902717
39216751	0.00123299510798081
39219931	0.00112462459981599
39220600	0.00266260366462851
39222551	0.00289069557022576
39222920	0.000918980850887136
39223900	0.00109570871217607
39225181	0.0026543352503337
39226250	0.0049356178246839
39227231	0.0622242956266664
39227880	0.00103294878704326
39228850	0.0138916892548723
39229540	0.00546291223741121
39233700	0.00197781283857433
39234510	0.00198470215055116
39239200	0.00103256337497715
39239740	0.000944586497159893
39240911	0.000947737433152032
39242790	0.00783253297215994
39244570	0.000933153022207698
39244880	0.00173430882579672
39246660	0.00673021868077543
39247890	0.000954786842733012
39248201	0.00226658842332725
39248320	0.00512203937081607
39250790	0.0537209460389461
39252860	0.00129249522400355
39254401	0.00112364361233199
39255371	0.00095066049786008
39255641	0.00287715377138269
39255880	0.0030817616455648
39256081	0.00106185015899079
39259241	0.00462228486084779
39261250	0.00204820607486408
39264061	0.0593182969074513
39264170	0.00100973637245078
39265311	0.00124722980199309
39266080	0.00124630210869402
39267470	0.00365010743810487
39268170	0.000947871471603103
39269430	0.00318428890943787
39272491	0.000928113647699071
39276761	0.00133611622008646
39276860	0.00112789731740101
39279210	0.000945640833114665
39280050	0.0114278337092957
39280901	0.00785056526889147
39283450	0.00206782931335479
39284221	0.00274907031227098
39284331	0.00266221663176749
39286230	0.00190084457566922
39286691	0.00163803078948284
39286900	0.00106530393984992
39287101	0.000966129674677551
39290250	0.00249484460777078
39290510	0.00255058437170004
39290660	0.00115529921696404
39296020	0.00216879227539944
39297301	0.00109457185944136
39302640	0.115980408520197
39302831	0.00160812692877517
39303781	0.00869200395220243
39304751	0.00238744550709252
39309591	0.00346269639487076
39310510	0.00142220331839616
39315521	0.000980936236895372
39316471	0.00236276429570005
39317420	0.00110883630494579
39322790	0.000935593614326021
39324491	0.0031087852903809
39325021	0.100494426805675
39328990	0.00113851812216579
39331210	0.00403648134898724
39332170	0.00115965342039328
39332471	0.0320813475464868
39332491	0.000962346537137984
39333011	0.000954830736107641
39335480	0.00199878624028276
39336040	0.00244991686018754
39336580	0.00111546141946463
39336710	0.00153668060880734
39336990	0.00111112475658266
39338100	0.00121685134555541
39340180	0.00106695475630979
39340440	0.00128001049240297
39344010	0.00193984224109623
39347231	0.00509009517123532
39349390	0.019835040487197
39350070	0.00512198578712054
39352211	0.00204018237092315
39353270	0.0030442108824068
39355600	0.00213930852019624
39357130	0.0276175792123528
39357561	0.000961901951491417
39357571	0.00101820385279554
39357581	0.00107451302710324
39358251	0.00109553224906608
39358910	0.00245791089419792
39360980	0.00101474066529031
39364871	0.00188757778550592
39365161	0.0713711612312863
39365670	0.0116335965650992
39365810	0.0395267633467446
39366131	0.0216536613276032
39366541	0.00284064618144848
39367651	0.00233340049059856
39368461	0.00212291610720102
39369280	0.00126071447957058
39369960	0.00201668911051624
39369991	0.0013070728566164
39370920	0.00232379452198655
39372061	0.0015065371984558
39373110	0.0521981656036395
39375631	0.000986177499149427
39376980	0.00137451039061912
39378500	0.00862671591072388
39379060	0.0496529168194544
39379070	0.0744853166544548
39380041	0.00132359103215365
39380410	0.00166854871560442
39387610	0.00170785097894794
39390251	0.0111783000197491
39392410	0.00109813706173034
39392820	0.00298958532419901
39395221	0.000928922955234724
39397561	0.00127304291620633
39398380	0.00208944149937858
39398640	0.00110940784349448
39399850	0.000978989106923489
39403101	0.00161643877735442
39403480	0.00118507431869747
39404290	0.00189639420698087
39404310	0.00107268313175056
39404690	0.00210597809621168
39405711	0.0268063511051109
39405820	0.00170888158827938
39407371	0.00383532757937054
39408540	0.00119247999858487
39410411	0.00261673544965497
39411351	0.00095742405161358
39412840	0.00179241780470657
39413380	0.00124050802766815
39413530	0.00163125188760628
39415310	0.00510850280031631
39415580	0.00122898716608696
39415641	0.00128662699291462
39418220	0.0014143091123055
39419450	0.00221361802967648
39420400	0.291887361310476
39422780	0.0223292855834073
39423371	0.00101906427576752
39423911	0.00717067476536064
39424690	0.00159571337121295
39428980	0.00135524811763259
39433421	0.00270944918336238
39434350	0.022038476588496
39434931	0.00556833990289898
39439160	0.00097643856788972
39441240	0.0009523675912944
39441400	0.00304467203579624
39441810	0.00306348989959316
39444321	0.0615722023701728
39445250	0.00477198403450717
39446521	0.00237254970767797
39448420	0.00645197449041445
39449421	0.00172024041472438
39450121	0.0019440825411172
39450261	0.0414870011792245
39450640	0.0108220645198855
39456181	0.00102277026719324
39459180	0.00153183371210534
39459190	0.11707457842522
39460031	0.0049781628053599
39461021	0.00638351333742827
39462050	0.00100022450123806
39462190	0.0120541509241652
39463740	0.000968667419472924
39464260	0.000963404341077838
39464741	0.00104219196363036
39464820	0.000963447627613804
39464970	0.00117874814938897
39468960	0.00135686018040839
39470391	0.0238843149810597
39470951	0.000967907377555636
39474600	0.00106855064423212
39474630	0.00107625895851985
39475921	0.00370977707238311
39475980	0.00186554836099615
39476290	0.00451419155449201
39476560	0.0344680963823731
39478350	0.0014083305285995
39479740	0.000909972366647632
39481380	0.00241158326116565
39481520	0.0010394611241358
39483631	0.00615035319873284
39484260	0.00100963171586329
39484440	0.00605878020763374
39486370	0.00112692378333033
39486791	0.00108923014561201
39486941	0.000989186838815757
39488031	0.00187824732361085
39490661	0.00127007834681158
39490671	0.00099674825727469
39491710	0.093220618003199
39495751	0.0190840776732162
39496471	0.00258399124608065
39497110	0.00119966260854978
39497920	0.0032677161192585
39498200	0.0614185790277901
39503341	0.00096160653792786
39503980	0.00292464974122922
39505431	0.000965500352040443
39505790	0.0010050503050148
39506340	0.00191263452932714
39507020	0.000998976696915415
39507631	0.00129844190923189
39508010	0.00279935160526574
39508461	0.00616194672420585
39508960	0.00098087740594276
39509831	0.00614799441816178
39509940	0.000998035236177173
39511010	0.0162230704752524
39512000	0.0101470004814805
39512850	0.0011004225116357
39515221	0.0101921846453372
39516331	0.00189008770143245
39516991	0.0022092237536694
39517380	0.00234540692998777
39517510	0.00264673188549121
39519560	0.00269645883567872
39519710	0.0042150917796842
39521821	0.0054272530314505
39528010	0.000967163340897203
39532940	0.00100761987668665
39534360	0.00511171472639912
39535061	0.000918980850887136
39539440	0.00598664907012828
39541810	0.00110619446001119
39544840	0.00138546225372102
39546870	0.00135588907335451
39548010	0.00191761056167117
39550180	0.00290861454609891
39551040	0.0207417329328193
39551580	0.000981860613968905
39551600	0.00304847370742562
39553370	0.00120081150108189
39553530	0.00140647113344374
39555280	0.0016413822308138
39555361	0.0132131878736254
39556171	0.00469969065525455
39556871	0.00114091795639452
39557401	0.00503745012936543
39560301	0.00200457081317112
39560700	0.00103392336050091
39563870	0.021895776337512
39566080	0.0044411123375108
39567081	0.00100936031253857
39568311	0.00145945543354818
39568950	0.0254942225935776
39569821	0.000928113647699071
39570360	0.00108583014432
39571061	0.0010167633128197
39572171	0.0029294470788104
39572451	0.00111592591702757
39572840	0.000949319942080597
39573250	0.00168281839896409
39575081	0.00288049459543408
39575980	0.00206498926994271
39576581	0.0012801422494789
39576591	0.00100852854720233
39580810	0.00131792585867359
39582890	0.00149867452825425
39585411	0.113573383954922
39586501	0.015883843706234
39587631	0.00220417142371209
39588420	0.00229876808233522
39588940	0.00101643926403598
39591481	0.0204108233271433
39591580	0.00211349005350015
39592840	0.00216869342364574
39595870	0.00312009435918824
39598501	0.00101109594847774
39599201	0.0121562638779177
39602361	0.00129721642458062
39603020	0.00200771378668149
39603040	0.00261967393485891
39605780	0.0014729816334425
39605951	0.0225544568164281
39607870	0.00114171357347744
39608031	0.0015173889230993
39608270	0.340124945050634
39608711	0.0408192754741045
39609411	0.00106877995125649
39609490	0.0052153340240986
39609561	0.00208498972291509
39611601	0.00112893050458979
39613401	0.00187774852552942
39613930	0.26240198012293
39614340	0.00361629831463011
39615891	0.00105477560891541
39617360	0.00102582542039137
39618210	0.00186687114706716
39619170	0.000922046450819502
39619560	0.000933153022207698
39621110	0.00103942875959112
39621541	0.00179133818440058
39621821	0.002280724742707
39622911	0.00590939762472182
39623020	0.00146837619577441
39623990	0.000977172475080795
39624851	0.0011119180016096
39625401	0.00276234601940025
39626190	0.00104500559534575
39626490	0.0259518930584844
39626781	0.00106054590061449
39627290	0.123840550015382
39628100	0.00525577963379175
39632110	0.00340411995266128
39632841	0.00109353431689562
39633121	0.00430194682159633
39634170	0.00119945049667827
39635010	0.00164797044413257
39635030	0.0488592369401766
39635351	0.00283482921940426
39637660	0.00105622371538338
39637910	0.0028865552609363
39637930	0.00276663069411048
39639430	0.00755303755276362
39641391	0.000982576389450424
39642330	0.00148132274251556
39642651	0.00209014425513674
39642771	0.000918980850887136
39643840	0.00115334555805391
39644000	0.0224669091321216
39644841	0.00272084896004536
39645230	0.00134228506250412
39645691	0.000962982262339844
39648451	0.00191576461997121
39650040	0.00216168322740337
39650180	0.00264772663898186
39652670	0.00110434803390549
39653080	0.0010464985505639
39654460	0.00100180149000442
39654480	0.001201725276542
39656810	0.00116200002296733
39656820	0.00313962681197387
39657340	0.000984861946271928
39658720	0.00479022040336465
39659000	0.00142860321213138
39659840	0.00101341733669346
39660830	0.00181104269887382
39660841	0.00101318464377277
39661510	0.00206062147664479
39662781	0.000931209685051038
39664550	0.163797457075916
39665200	0.000970215966725918
39666771	0.00513822670632232
39667850	0.00345150981761063
39668100	0.00588422039919897
39668510	0.000947233567991935
39669230	0.00143180855148846
39669541	0.0040326454824264
39669801	0.00110703914407535
39670081	0.00119561356029683
39670460	0.00162154373395208
39671300	0.00246051051153563
39674511	0.0213315639274373
39679310	0.0119004831833776
39680810	0.000963863830080244
39684130	0.00226987474742814
39684950	0.0019562073644141
39685131	0.00188113460335171
39686060	0.00104737230276146
39688930	0.00117302570281623
39689360	0.0286272568454968
39689900	0.00263458853629755
39693220	0.00983806029269983
39693630	0.00213208189908496
39694330	0.00239908421797445
39694931	0.00127565823576606
39695000	0.00122459331859124
39695820	0.00161136393217368
39697100	0.00195218477261808
39697251	0.00322605378080752
39697370	0.00360793613271811
39699270	0.00142969094417409
39700390	0.00154744458166707
39701350	0.0010893626240268
39701551	0.00730769731766682
39702221	0.00167410022296184
39705480	0.00122357966634421
39707010	0.00248973569277966
39707201	0.00367992432934052
39707960	0.00481373204517779
39710231	0.00208364141042326
39710351	0.019023951914315
39711061	0.00111952738723043
39711471	0.00170686408498115
39711970	0.00235727522093715
39711980	0.000929496194662656
39712141	0.00108504240973806
39712400	0.00104949844225823
39714050	0.00103078027069654
39715311	0.00188483650838095
39717661	0.00535276233293308
39719051	0.00167732390271351
39719420	0.0011923257064748
39720120	0.0127987428466473
39720141	0.002756151125859
39722160	0.00234065629168547
39722211	0.00102469532907392
39727451	0.00311966736275422
39727980	0.00196775241367792
39728400	0.00203343380337119
39732820	0.00103568120816743
39735171	0.017097675328983
39738200	0.00139048817457164
39739710	0.00251530563378541
39741210	0.000924371789200717
39742200	0.00120238255764647
39746450	0.0066845826846148
39748281	0.0339924925130862
39748841	0.0014776276812095
39749090	0.0017581913781858
39750740	0.000984136425939245
39750921	0.00431448282258985
39751171	0.00109541759734555
39752640	0.00138242541777283
39752940	0.00338390263718696
39754351	0.00284786672161144
39754610	0.0443592042634847
39758351	0.0015735304783455
39759861	0.0233255311774742
39761531	0.00273139095387836
39767850	0.00152191747727085
39767871	0.00146521275708572
39768021	0.00138654870888972
39768800	0.0183399048531799
39768981	0.000918980850887136
39768991	0.0157480007724457
39770600	0.00163579894940864
39771130	0.00100936031253857
39773200	0.00853086313917438
39775000	0.00139488658979476
39776831	0.00502741327482223
39778091	0.0220330229639838
39778430	0.00104386872846833
39778730	0.00193043947217451
39779430	0.00158085591723398
39779471	0.00131142291892768
39781121	0.00552990817923669
39781190	0.00206324664638282
39786201	0.000987038066049806
39786300	0.0028236911610592
39789220	0.0083096993980532
39791721	0.00110070665719681
39794710	0.00767034062367749
39795830	0.00184167083513085
39799601	0.00246154154882537
39801500	0.0337749315598704
39801770	0.00244625809009791
39802771	0.00486530915725057
39805941	0.00119841792541118
39806460	0.00145201099582113
39806980	0.00119823348485049
39807420	0.000968667419472924
39808260	0.00101888608298717
39808670	0.00504541976950115
39811991	0.00103380690866836
39812780	0.00187575014091207
39813220	0.0266854626632727
39815960	0.0025045152002754
39816770	0.00117423719676734
39816910	0.00178764362754713
39817050	0.0014353458578492
39818221	0.00129555868160381
39818310	0.000974856716530933
39818631	0.001101529816203
39819280	0.00906685717664335
39821460	0.00150362685098112
39821470	0.00325247728732571
39823120	0.00263657269416107
39823270	0.00260314357266598
39823861	0.00274713886344021
39824551	0.0022420132689365
39824841	0.0108141899644455
39824981	0.00298975989375016
39825500	0.00357534796566285
39826061	0.00639062968549587
39829470	0.000990651482409438
39831441	0.0011876368451416
39831601	0.00207197492337955
39832230	0.00782378189004471
39834460	0.0184062119848387
39835031	0.0017340650950122
39835741	0.00270080514771696
39836090	0.00608278392424909
39836120	0.000967253601790559
39836770	0.0277100766777852
39837531	0.00151174556944539
39837811	0.00179828494716381
39838351	0.0508182707734324
39838590	0.00232478495082116
39839840	0.00122780036786304
39841391	0.0274576493333071
39843851	0.0282182756560195
39844401	0.00147309949796886
39846771	0.00166602034063112
39847420	0.00104211652704902
39848350	0.00233442591067985
39849040	0.00131291042847518
39850980	0.00291947550851078
39852810	0.00346943933111735
39853511	0.0064959891849935
39853651	0.000947539276342793
39857340	0.615046893387906
39858420	0.00130443008207274
39858751	0.0221416191782975
39859021	0.00225264403861588
39859721	0.00106610799681064
39861781	0.00259348488089341
39863960	0.00144523646613413
39865091	0.00276964155637031
39866201	0.00654541453940705
39866580	0.00652201080124588
39867140	0.00249928555107757
39867670	0.00669333930105875
39868250	0.00103797208415184
39868951	0.00237134935332679
39870020	0.0134457053883297
39870830	0.0249827738909091
39875000	0.00891381242628932
39875150	0.00138671023215661
39875181	0.000988017739104213
39875851	0.0015685741607924
39875871	0.00531748966287831
39878840	0.00161754287094722
39880681	0.00132373372189163
39880951	0.00135824254250121
39881350	0.00120890867924093
39881371	0.00971976524236581
39883250	0.00375026531668392
39885080	0.00135526113488439
39885890	0.00121235550488045
39886081	0.0010371466154323
39887940	0.021334895198198
39888961	0.00633643394784584
39889750	0.00134955808847723
39891280	0.00137188298209568
39892551	0.00194909196749709
39894040	0.00323821135720598
39896831	0.00171221953278898
39897630	0.00117635067537831
39898351	0.0146387468935077
39899670	0.000918980850887136
39899841	0.00101934214787227
39899871	0.00153311576954799
39901760	0.00224152046815842
39904141	0.00126634818703666
39904250	0.00498149186863355
39904390	0.0283732185283692
39905921	0.00131328542953343
39906020	0.00141182312504171
39906440	0.000944891352008167
39906730	0.00312217171077778
39907000	0.000947737433152032
39907560	0.00252693005899066
39911130	0.0361775795392099
39911291	0.00102247826740918
39911571	0.000922046450819502
39912271	0.0245000982132688
39912951	0.00101709277545105
39913641	0.0134330255689988
39915410	0.000929496194662656
39916131	0.0013720111714325
39920660	0.00298694123897186
39921641	0.00130490579425967
39921740	0.00103809007121422
39922751	0.0010136752153753
39922860	0.00513943951474235
39923250	0.00111801478624789
39924961	0.00097643856788972
39925070	0.00199059711833628
39925371	0.00403567254660984
39927000	0.00251985097476847
39927830	0.00112044219541051
39931861	0.000960196862625178
39933631	0.00396824744370299
39934061	0.00110807228938262
39934310	0.00613875174970197
39935690	0.363402865233945
39936141	0.000928786057451999
39936681	0.000996700655100785
39936910	0.000983409789292545
39937750	0.00228535595759447
39940131	0.00194699908074376
39940630	0.00105470182843354
39942860	0.00183854730557961
39943820	0.00106580226612182
39944370	0.0162923599821145
39946020	0.427438164180801
39946840	0.489999635615294
39948510	0.00642987067775579
39949590	0.0015721517516506
39951530	0.00307813984099162
39951571	0.00148806480840767
39953310	0.0011460699936071
39955021	0.00217512722292031
39955680	0.0114065919626866
39955950	0.000950637507623059
39957771	0.00133518821381141
39960111	0.00233274448789766
39960790	0.00341316279195821
39961740	0.00591306919927467
39965610	0.00100180903482531
39966170	0.0160365612234218
39966321	0.00137563219400778
39968001	0.00122130524741456
39969371	0.00232142813493304
39971270	0.00331159212012966
39971670	0.0228910177238009
39972370	0.00607903200181617
39972531	0.00289355534513814
39972930	0.0138791415796786
39975380	0.00113249369330949
39976240	0.00096024354745799
39978020	0.000987480178535893
39978181	0.00127287837791544
39978611	0.00337707619944829
39980340	0.00194166150203828
39981641	0.00156094131427678
39981720	0.00213899960884383
39982300	0.00127077827121717
39985730	0.0012210339717171
39987431	0.00157854706023427
39988620	0.00125282800591918
39990140	0.00104697690061875
39992490	0.00093669654797113
39994000	0.00352573157314888
39994440	0.00517113494349828
39994871	0.0051169026405491
39996821	0.00253540827292791
39997030	0.00102677503088587
39997720	0.00190411214830235
40001091	0.00106312868119961
40001850	0.00109743912680478
40002061	0.0029244343134504
40003431	0.0010196652610372
40006201	0.00612064039212617
40006700	0.0422312477772552
40006840	0.000998607673828217
40009221	0.00106473843447182
40009600	0.0011086732603623
40010130	0.00446892033698366
40011920	0.000985880327023966
40012470	0.00526748143129765
40014140	0.000934932253538484
40018471	0.00187840039377625
40021580	0.00136655356916723
40021641	0.00246406348977358
40023021	0.00145782794132006
40023380	0.00106609764488961
40023800	0.00169233997786345
40024200	0.00590105623174034
40025901	0.00098262736736217
40033761	0.000918980850887136
40034010	0.00101545041838288
40034270	0.0520730609571178
40034440	0.00124737220393831
40035021	0.000947737433152032
40036510	0.00779067101486291
40038601	0.290004236495163
40039110	0.336958409576734
40041050	0.0109739559277521
40042130	0.00133893343425326
40042300	0.00552985728857386
40042550	0.0110352651484563
40044900	0.000988774222215188
40045371	0.000966085452248999
40045720	0.00137967043144703
40049341	0.171925488551673
40050960	0.00212912338423577
40053020	0.00252910459471858
40054540	0.00937677010219247
40061160	0.00960983817370964
40061170	0.00328921448782005
40062010	0.00212939118282531
40062191	0.00169844219671852
40063660	0.0418445100772824
40067800	0.00158740290424262
40069030	0.00105611567182959
40071141	0.00211603951413928
40071230	0.00264848179977777
40071961	0.000944891352008167
40073231	0.00108300368363275
40073730	0.000957604970407979
40073771	0.00124125820335616
40075400	0.00130130512242992
40079571	0.00133913252669218
40081980	0.00534580998098116
40083981	0.000954497994067274
40085491	0.00106656446357834
40086591	0.0034548923421358
40086710	0.0033804145364737
40088620	0.00104127180249382
40089610	0.00826028114516578
40091250	0.00108365756765882
40091681	0.0793054286189548
40097980	0.000974262132812341
40098420	0.00338818899352774
40098991	0.000928113647699071
40099120	0.000922046450819502
40100801	0.00116700623036379
40102250	0.00102709089563684
40102321	0.00126180849737144
40108231	0.00425147796611121
40109590	0.00368563417787239
40110851	0.00388903891322819
40111630	0.0545715966279262
40112180	0.000988076742588604
40113560	0.0011341001163973
40113891	0.00145972254271913
40115920	0.0127346028711885
40116640	0.0182905725593196
40116921	0.0281918022949316
40117061	0.00101494305717939
40117840	0.00105437694399146
40119650	0.00111507956868215
40120101	0.00225378589084543
40121761	0.00286457784906241
40123131	0.00281588738308938
40123260	0.00268883281768538
40124521	0.0017193148004809
40127530	0.00175987959473112
40128470	0.00139190514348201
40129611	0.00121130680716487
40129621	0.00160340120102832
40129880	0.013326993602232
40130800	0.00153101031498442
40130980	0.000938411716316521
40131151	0.00427096998647318
40133071	0.00110823596149633
40138041	0.000935593614326021
40138290	0.00215413102865724
40139220	0.00125115654984794
40139411	0.00104265995714677
40139520	0.000998726817822218
40141570	0.00210296826623238
40141850	0.0417644868783186
40142430	0.00120869176598886
40145160	0.00241963134709365
40146830	0.00924175344067092
40147230	0.00103957179713888
40147670	0.0648820528801109
40148360	0.000928244913337972
40149460	0.00727205594386058
40149481	0.00158693722677871
40150871	0.00107977140832111
40151920	0.00975788134375199
40155691	0.0020453597196052
40156391	0.00202747803335316
40157030	0.00237986580367266
40158301	0.000947233567991935
40158311	0.0043855935523209
40158660	0.00150051761990964
40158950	0.00105760683845862
40160040	0.00108078830632297
40160661	0.0016865023955033
40161590	0.00101613623821942
40161621	0.0597769736575418
40163421	0.462448693543748
40163541	0.00940473796309334
40167630	0.00283688492530447
40169010	0.00671454516008988
40169631	0.00112321175339122
40173560	0.00154816261903168
40175110	0.000971146265982201
40176870	0.00770263774959902
40183551	0.00521725410197331
40186571	0.00127207229800835
40187110	0.0168993683759738
40187510	0.0129877220558067
40188060	0.00100932092194295
40189280	0.00293841315262282
40189450	0.000944586497159893
40190711	0.0157367799368395
40192050	0.000935291756443324
40192610	0.00124818014386242
40192860	0.000930976244032915
40194410	0.00595219543270656
40195541	0.000936671338752942
40198571	0.00124031481282227
40199770	0.00312710037013394
40201730	0.00671415141705683
40204750	0.00108288234307132
40206280	0.00231677294124281
40206690	0.00157705395873015
40206721	0.00147284854312797
40207080	0.0058918357117748
40207691	0.0711387387420439
40208381	0.00691999408381986
40208470	0.000999020853094248
40208740	0.0197994773744358
40212870	0.00097995439131214
40213160	0.00324091723714921
40213300	0.00179402816893057
40213860	0.00936819208255906
40214161	0.00123086440059334
40218660	0.00284744110092247
40219681	0.246873737025917
40220091	0.00189223329173642
40220361	0.0187354475878367
40221450	0.00107578634045473
40222571	0.00335311733223851
40223671	0.00123035327798747
40225461	0.00101906427576752
40226991	0.00438032742847683
40227080	0.00157088703945511
40227271	0.00173256175977674
40229020	0.000990385693801383
40230100	0.00197524285067856
40231380	0.00212624970171435
40231510	0.00161392368064735
40231900	0.00204472613019574
40232760	0.000992846606563101
40233191	0.0119222588283861
40233290	0.00580334027169633
40233871	0.000996823674183007
40234311	0.00146911767953922
40237970	0.000924371789200717
40238380	0.000984008712127115
40238970	0.000984330659294359
40239360	0.0256295306382658
40240340	0.0020389811256526
40241990	0.00267922874525567
40242960	0.00244155343459977
40250130	0.00093521196729008
40250311	0.035663333190695
40251100	0.001464939517938
40257010	0.000951707275160395
40257170	0.00310244582693731
40257461	0.00191821593926077
40261850	0.00103042099362292
40263121	0.00121506292383284
40264511	0.00979539152550075
40264880	0.000978431871771886
40265680	0.00193561365700462
40266301	0.00217717867388234
40266390	0.0249812390352142
40266800	0.00194469915066113
40268440	0.00104829597844588
40268631	0.00133201517405784
40269481	0.000950132102103003
40271401	0.00148525041392696
40272901	0.000951611427248669
40273820	0.000948593868034753
40273830	0.00112472377743468
40273860	0.00189866496120776
40276091	0.00580363821848503
40276631	0.000938411716316521
40277010	0.00287025991975092
40277751	0.00268290930063499
40278410	0.0135037887489846
40279661	0.0363319460643934
40280241	0.00148964508391977
40282031	0.000948791121509276
40282660	0.020773299744691
40283480	0.00218396335866255
40285191	0.0026753485853491
40289280	0.00259117505230681
40292590	0.00164156109869289
40294950	0.00252714337466838
40295811	0.0017931798307864
40295920	0.00248383524336644
40299381	0.00108900726571802
40306581	0.000935593614326021
40306691	0.000935291756443324
40307330	0.00136976923510485
40310291	0.00104732586686329
40318301	0.00187449429511005
40319821	0.00447285861706242
40319931	0.0145111808087611
40320221	0.0079956579379582
40320740	0.00124633939602282
40321191	0.000918980850887136
40322660	0.00963908592857157
40326370	0.00609943798760521
40327521	0.000928113647699071
40334841	0.00108260595858314
40335490	0.000918980850887136
40335620	0.00254107214132249
40336730	0.00246535833563189
40337160	0.00163579212886878
40337311	0.00115851312588541
40337321	0.000944707354272348
40338250	0.000930976244032915
40338510	0.000918980850887136
40338971	0.67123966278048
40339470	0.00253008771316883
40339880	0.00325711138125344
40341410	0.00131154278158098
40341550	0.000952411885975582
40342161	0.00335404900567351
40343050	0.00126431809978323
40343210	0.00147727064629353
40346841	0.0132595302963275
40348330	0.000930976244032915
40349670	0.0209103096439047
40351740	0.00210163772711361
40353670	0.00419181625162562
40355251	0.000980763651879807
40362230	0.0067678421309315
40364880	0.00269116682980813
40365731	0.00300373738342017
40365950	0.000930714598691941
40366920	0.00293854391337519
40367541	0.000928113647699071
40367811	0.00612737361991081
40370360	0.00125022832915808
40371080	0.00823315777729894
40377390	0.00221058922609382
40377451	0.0598121328282747
40377700	0.00200285971539895
40377960	0.0010069446173408
40378701	0.0136976347719566
40381010	0.00100958753536653
40383101	0.00124489512540795
40383630	0.00100500930734983
40384720	0.000961714706931835
40385881	0.00120225566330936
40389461	0.0594479894446543
40390120	0.00132193884313377
40390920	0.00486256496759419
40391780	0.00347818888468307
40395330	0.00407155681443281
40395661	0.0121658403006179
40395770	0.00139327596731169
40399500	0.00469944467494241
40405420	0.188518797241197
40405840	0.00524957416096018
40407610	0.00104293107607471
40410650	0.0227397043173194
40412061	0.534086178599957
40412751	0.00499253532543954
40414770	0.0169572712456399
40416720	0.0105132865240418
40418551	0.000933843964075692
40420860	0.000950995854428813
40423600	0.00171448378683125
40423661	0.00116049076532187
40424600	0.00223171212861829
40426240	0.00415224702834448
40427521	0.0039854959750418
40427630	0.00123149642148463
40427931	0.00422121191903915
40431760	0.0365502060988171
40431931	0.00570496716690634
40433840	0.00098799174225385
40433861	0.000968667419472924
40435740	0.000943364549598473
40435931	0.00126544441689824
40437181	0.00252734117146145
40441290	0.00571127479557086
40441390	0.0367051575983658
40448201	0.000947737433152032
40448430	0.00407773791729519
40449171	0.00488886305763817
40449680	0.000998464658318623
40451220	0.0010003307038687
40452290	0.000937123808937373
40455330	0.00436413716829755
40456440	0.00112906045101241
40457400	0.00107742115918341
40457560	0.00284546000831526
40457731	0.000920342309510298
40457991	0.00190132745722176
40459791	0.00102543100264362
40460020	0.00127923429606605
40462360	0.00184575937494002
40463450	0.00100838940606365
40464430	0.00216555102597753
40464751	0.00108059472618978
40465130	0.00173371024946369
40465810	0.00254758368402239
40466800	0.0045791115295261
40469721	0.00123436292693973
40470011	0.0010984225144331
40470230	0.00121818680712108
40471651	0.0841060165149046
40473161	0.00097868397673057
40474551	0.000941628714496437
40475381	0.00106519077971691
40477591	0.00141856611246305
40477981	0.00574853121425664
40478910	0.00886051824804434
40479911	0.00214032048856104
40480351	0.514597291402127
40482001	0.00190860117225693
40485960	0.00106184025726665
40486640	0.00120246343748385
40486650	0.00133906463200674
40487350	0.00332920929745812
40490760	0.00812642893416567
40495661	0.0210168384175292
40498831	0.000994352388140575
40499730	0.00575036331962629
40500341	0.00142806122530318
40500850	0.000997330514175595
40502971	0.00103669603485589
40503781	0.0117854513836022
40505380	0.00219953408052033
40506681	0.000950995854428813
40511781	0.00166120066306643
40512191	0.00350403749015524
40512960	0.0709423974456988
40516280	0.0012548941264644
40518800	0.000982696138183735
40518961	0.00315739104759382
40519070	0.00132491921765661
40521390	0.00457381926819539
40523101	0.00107232925636895
40523860	0.00100241164256156
40524881	0.00894808729606742
40525130	0.00101537010428068
40525431	0.00324006908437555
40527730	0.00295999844424382
40528300	0.00127923293030805
40528440	0.0228411340300127
40529431	0.00109325558620612
40529841	0.00481308711746269
40533940	0.010919082353377
40537171	0.000947737433152032
40538080	0.00104013008456476
40538391	0.00198242613201357
40539880	0.00142374294276032
40540611	0.00207318807729805
40541540	0.0028070689238186
40541680	0.00100840068388263
40543791	0.00104265995714677
40544980	0.00476057300201099
40547180	0.00156043205329586
40547900	0.000984782176924123
40548181	0.00392139401586903
40550961	0.00103722822661267
40551340	0.0345439171896983
40552290	0.00145261667969791
40556840	0.0169640469971786
40557031	0.112539189304375
40559190	0.000948945884040681
40559310	0.00306906036215635
40559491	0.00140458113514356
40559590	0.00687235232987159
40561510	0.00129989938012728
40562261	0.000942186336307293
40562650	0.00312888054939933
40562681	0.00114105257780845
40565960	0.00105729302799062
40567300	0.0185984193666404
40569861	0.000968667419472924
40570380	0.00358078249011631
40573400	0.0301839323220787
40574230	0.00198511307891349
40574240	0.00225676874212568
40574821	0.00203380421807816
40577441	0.00310737533073144
40578661	0.000970347879569532
40580871	0.00294564286539093
40581851	0.00129310456129602
40584061	0.00316139375493329
40585390	0.0383669268604098
40588160	0.000934659792777557
40588690	0.0108022840360157
40588751	0.00103156944493569
40592201	0.00104161037125467
40594210	0.00106157620161609
40594401	0.00219787639865886
40597260	0.00100005806136197
40598510	0.00117670210860549
40599330	0.000918980850887136
40600611	0.00364526202388323
40607211	0.000987187666498118
40607570	0.0565733778406562
40608741	0.00150096988119596
40612181	0.0120264841606131
40613510	0.00296162897601088
40616051	0.00442074239798619
40618620	0.00271586702353164
40619060	0.00245433836539794
40619870	0.00101103270169108
40621151	0.00233994661446759
40621950	0.000933117205794186
40622101	0.00142063296740687
40624150	0.00180621474365574
40624321	0.00255989720706805
40624881	0.00102256360990966
40625691	0.000960177410763824
40630200	0.000995685603731782
40633100	0.0710560892145512
40634060	0.000944586497159893
40635980	0.000988110601137175
40638500	0.00104888642522815
40641021	0.00105759131926929
40642370	0.000918980850887136
40644721	0.00105455104706286
40644980	0.0018144056325151
40647450	0.00252787904353159
40652670	0.000956758918286019
40653360	0.637911328104163
40656950	0.00321716468854978
40657780	0.0168547373300093
40659980	0.00106366222332914
40664810	0.00182122328519057
40666780	0.00227470625526467
40668270	0.000947737433152032
40668970	0.00112271163525679
40669940	0.00106916912127545
40670880	0.0136079288130155
40672840	0.00173113760971055
40672991	0.00349526874748751
40673100	0.00224236335279999
40674340	0.00588882176562845
40677971	0.0043002012071577
40679771	0.00198592741971999
40680280	0.00359574257770598
40681821	0.00101287628560527
40683180	0.0253230941194109
40685780	0.00988356107158542
40687860	0.00393370683956597
40688670	0.00460874154684005
40689131	0.00774133909700744
40689701	0.00207515884620715
40694931	0.199306063940485
40695450	0.00198353923155805
40697701	0.00405275479165631
40697930	0.000993454455504152
40700270	0.0389900196667114
40700700	0.00172371755590577
40701950	0.0014907064113668
40703580	0.0181838707220753
40709401	0.00982506441975541
40709701	0.00149755030698629
40710460	0.00460619514003997
40710770	0.0115625227086597
40710931	0.00098873834209967
40711331	0.00101537991504528
40712041	0.00385683551840081
40712250	0.00103274159720778
40712321	0.277285493619605
40713681	0.00126251597490196
40713701	0.00174590644455709
40715320	0.00185395754874418
40716031	0.00254308793324934
40717831	0.0115576100774222
40719150	0.00210122419975853
40719481	0.00158735856164531
40719850	0.00102610713328451
40719970	0.00136623922593982
40721500	0.00172202179399399
40722050	0.00186230731928139
40722480	0.00985700437782489
40723621	0.00146917689106903
40724690	0.000947737433152032
40727170	0.000970163950852777
40727491	0.00203701514112952
40729131	0.00100402400183276
40729510	0.00113027781732688
40730040	0.00125248452404232
40731170	0.000959045256103019
40732010	0.00129821956732468
40732581	0.00820460907086323
40733691	0.000987480178535893
40733770	0.000935593614326021
40736591	0.00112032984009058
40736851	0.00109011821124163
40746040	0.0761330679446547
40750091	0.010814690351773
40753541	0.00106366222332914
40754101	0.0111503198378747
40756110	0.545571078403327
40759020	0.00106645976271159
40760820	0.00340154555410969
40761281	0.00398296211441765
40762620	0.0021268473584253
40763720	0.00107162256310376
40767020	0.0248607353627533
40767901	0.000984299182494811
40772041	0.00213704822060139
40773691	0.00100007631499076
40774101	0.00119951220577086
40774900	0.00556394828762386
40775631	0.0432454661464642
40778590	0.00113940815389553
40778781	0.0784235431052297
40778900	0.0462623726576757
40778941	0.00367395367676247
40779140	0.00190015639814847
40779201	0.00363212313885486
40781070	0.00289217057082928
40782330	0.00133384907361886
40784851	0.0012206359217183
40785401	0.00279123757605519
40786320	0.000935193752752425
40786730	0.00100144906053735
40786791	0.0507141491120167
40788581	0.00095542861181136
40788711	0.00175701384328999
40790371	0.00249311860617002
40790450	0.00124894475631728
40792181	0.00185501154157045
40796680	0.00121963442697386
40797001	0.00226077290912756
40797271	0.000941618244615696
40799150	0.00121915623889309
40802860	0.00117046498955134
40803180	0.00339870311001658
40803280	0.00296893168137383
40807140	0.00174888483489087
40807310	0.00981536198035297
40807450	0.000952957214183905
40807621	0.00463276624834432
40810511	0.00100475476437213
40812550	0.00108440545142801
40813141	0.00108960668628262
40813401	0.00260701499410194
40817900	0.00245489948499988
40820410	0.00229555714914817
40821930	0.00403155102978028
40823140	0.00161126692559165
40823150	0.00136146483797304
40823331	0.00103091255263697
40823580	0.00214689961820176
40823730	0.0038876992470917
40827130	0.00869739825880138
40830720	0.00123510075051945
40831020	0.042660772687294
40831601	0.00118870514145141
40832021	0.000934117263007168
40834791	0.00212976487795846
40835550	0.00115109763087431
40837251	0.00514615049202189
40838101	0.00151081836736296
40839840	0.00214423999139838
40841360	0.00182396554568408
40843840	0.00107781748003666
40845681	0.00146653782161192
40848171	0.00322994453558669
40848701	0.00799217374122655
40849220	0.015036744640228
40851331	0.00265346509563706
40851440	0.00118119802932813
40852940	0.000931209685051038
40854750	0.00596171557785974
40856920	0.00189331950202923
40857910	0.188861712576144
40858750	0.00179918316236485
40859830	0.00111969002460208
40860171	0.00254947200508523
40860421	0.00189442373703172
40861121	0.00473261525092902
40862170	0.0010777014913871
40862330	0.0128270346231697
40864510	0.00484429599734879
40864851	0.0174581534356549
40864960	0.00329583235959103
40868390	0.0133732674671951
40868940	0.000997716422007954
40876960	0.0094867472305077
40877770	0.000931209685051038
40881090	0.0134746772477671
40881541	0.00210015675776887
40882361	0.00531736744862412
40882990	0.000949344994467261
40883201	0.000918980850887136
40883580	0.00136677546180533
40883891	0.00101353038359319
40884561	0.00166457634511632
40884820	0.000980996072285114
40885131	0.00142666541963665
40889241	0.00357532818208241
40889350	0.00254715053709595
40889630	0.00126365595161297
40892291	0.00216730966600617
40893510	0.00126514973415912
40899030	0.00159348141031804
40899861	0.0451440411335847
40900260	0.00162581363661035
40901661	0.0011356562044278
40903130	0.0643855657748233
40903430	0.00325636033764738
40903580	0.00108500298091653
40905360	0.00161098321155473
40910730	0.00282690899059161
40914020	0.00195865718508391
40915300	0.0052688494892643
40915881	0.0261552074542336
40916161	0.00125943367226356
40917610	0.0218392669066017
40917671	0.00203290088545614
40918200	0.00136503270319599
40918300	0.00139160802313624
40918730	0.00258304475173434
40921340	0.00102950934718664
40921531	0.00244596626289779
40921620	0.00102820310582933
40921791	0.00556140871767862
40924971	0.00149075279204442
40924981	0.00385654811253816
40929620	0.0058103537930836
40929951	0.00344746693176622
40930860	0.00306433431083003
40931581	0.00152270991239982
40933610	0.000928922955234724
40935670	0.33758204769961
40935810	0.000922046450819502
40936841	0.00104401066627578
40936910	0.00103703774060409
40936971	0.000935291756443324
40937770	0.0010238461860947
40938030	0.00109335528050773
40938170	0.00122190547552476
40938341	0.00107305786627975
40938730	0.00101816162236555
40939680	0.00187317109566347
40940120	0.0492952591334493
40940301	0.0319875681131342
40945801	0.0021183092970426
40946071	0.00179627100767248
40946201	0.000962238325599289
40949210	0.00266963635232117
40950091	0.00127965762983572
40950320	0.00196253991418026
40951181	0.00279789031358196
40951670	0.00537408884770977
40954730	0.000922046450819502
40956640	0.0154709610831433
40956650	0.00111296694091677
40956790	0.00193878967730547
40957190	0.00118075245464709
40958150	0.000955856761040843
40958211	0.0017068469772858
40958310	0.000918980850887136
40958570	0.000997100236977347
40958710	0.00097643856788972
40960271	0.000953908839963357
40961760	0.00101142092053836
40965460	0.00808150204457387
40967140	0.00128372160438384
40972151	0.00155889969545318
40973511	0.000968837072895429
40975191	0.00139581816384819
40975550	0.00149686451551835
40976670	0.00179897087122149
40976681	0.00124056143094831
40977070	0.00105683038568341
40977200	0.000935291756443324
40980390	0.00428528566221615
40980790	0.00101410166793941
40980971	0.00363034359448744
40981780	0.00882468713649915
40982700	0.00248856568679542
40984380	0.000935495416356441
40987161	0.00151164514018888
40987741	0.00181889269111065
40987851	0.0265032564083946
40988131	0.0010883046328942
40989880	0.0038845990671634
40990020	0.00111684478893111
40991191	0.00114616711019965
40991530	0.000947737433152032
40991581	0.00217032127704864
40991960	0.000983234010808265
40992240	0.0342224227352506
40993350	0.00108656953280305
40994491	0.000928064055922792
40994590	0.00312234763624406
40994710	0.00109182057651744
40994720	0.00596393147323486
40994891	0.0296023811242467
40995540	0.00106283883457805
40998840	0.00285501536542082
41001750	0.00115462590948619
41002040	0.00103766668476314
41003550	0.00096747746599357
41008100	0.0319923322348849
41008650	0.000944586497159893
41009320	0.0010945190104271
41009340	0.00351062852144915
41009740	0.000980158558502787
41010710	0.0107172639687206
41011120	0.00300241048551824
41011980	0.00188484491170484
41012100	0.00097643856788972
41013200	0.000928064055922792
41013320	0.00102050618175719
41013641	0.00115688705300307
41013791	0.000996067259820598
41014430	0.00227674573693852
41014460	0.00838641100232816
41015830	0.00330217997720652
41016920	0.00154998655124545
41016971	0.00373690820359237
41017500	0.00339875260860832
41018040	0.00105135027982994
41018980	0.00133341717604095
41019690	0.00117811191986108
41021330	0.00102043187926658
41022471	0.00174163553592343
41023700	0.00120350308045366
41024640	0.0219325078808054
41026050	0.00677590095540622
41027690	0.00096883993614346
41028350	0.00791773321619008
41028930	0.00149158967525487
41029870	0.00099305284870691
41030040	0.0010315209619453
41030631	0.00104579115713094
41030840	0.0020983447789421
41031400	0.00127256268917891
41032011	0.000959894574312228
41032350	0.000988522665421791
41032401	0.00115686644707018
41032510	0.0010744755615844
41038150	0.00299847676601058
41041101	0.000990267957719714
41041791	0.00402796739425059
41043800	0.0553268581814624
41045900	0.00140663425180635
41047150	0.00102761833777865
41049231	0.0117420419885172
41049371	0.000958844737277155
41050140	0.000918980850887136
41050600	0.00136810865469148
41051270	0.00221510967057534
41051970	0.00678572473420107
41051991	0.00185552118365572
41053241	0.00095340282224366
41053381	0.00108939954453183
41053931	0.00202326302539806
41057180	0.000968907794619864
41060281	0.000947737433152032
41060401	0.000929945887272815
41062051	0.000930198326774017
41063930	0.00248756863855576
41064910	0.122693614123807
41064940	0.00196481683071873
41066051	0.000936671338752942
41066160	0.000974032159467606
41066440	0.00130493786498697
41066450	0.00203134120730639
41066870	0.0024979394911561
41067530	0.00101639755642659
41067960	0.00150215282582766
41070420	0.00557640709962592
41071581	0.0024163837163479
41072240	0.000918980850887136
41075591	0.0510308931195333
41076230	0.0613225368508637
41078331	0.0018525311240146
41078710	0.00151898382254222
41080630	0.00141536671832776
41080691	0.0127689383394104
41081350	0.00150669221153485
41081460	0.00318654264182794
41082191	0.0171664175986708
41082840	0.00250254008210792
41083830	0.000970894975222107
41084671	0.00336243102434036
41085231	0.00294755713753826
41085590	0.00099054866039359
41087270	0.107059785534914
41087820	0.00250375453501319
41087950	0.000959936140117015
41093661	0.0442617588711077
41093750	0.0141681695592371
41093931	0.00115567319767646
41095731	0.00164311327222342
41095930	0.00101548280807924
41096070	0.00107197688618553
41096110	0.00156751168976133
41096831	0.0012572312455581
41097190	0.00201381719594795
41097480	0.00355769164029395
41099550	0.00353615812783159
41102430	0.00132658059665886
41102590	0.00254602072882206
41103250	0.000952436988962221
41103431	0.00771573056288554
41106010	0.00116022516424249
41106901	0.00103252740400436
41107400	0.00245493154274664
41107861	0.00145992655575627
41108360	0.00120008441709501
41108480	0.00101607564214941
41110611	0.0059179947055778
41111280	0.00158137171864707
41111930	0.0116529211675896
41112821	0.000955057679392212
41113781	0.000945499642860826
41114181	0.0134282628154442
41116821	0.00117314140538814
41118450	0.00351960848894543
41119161	0.000998035236177173
41122191	0.00231326190759771
41122201	0.00332565459605137
41123441	0.00242641296619346
41123930	0.00932133900628826
41124210	0.0173005495978498
41124660	0.00103346459294154
41125590	0.00114762837460293
41125890	0.000935291756443324
41127380	0.00284898911901933
41129351	0.00185215445941485
41130850	0.00195126447457898
41131390	0.0162618654456969
41132920	0.000947737433152032
41133781	0.00296255547265437
41134160	0.00099876837069244
41135650	0.0048395725420134
41135660	0.000965766577807608
41138420	0.00112565465963171
41139370	0.00165059864069303
41140640	0.00149785862852722
41140961	0.00230632919949167
41141170	0.000940361115830715
41141620	0.00214313991703033
41143110	0.0071063686419092
41144930	0.00104408331689738
41146960	0.00404328242515854
41147120	0.000974352078895954
41148531	0.00223523861513123
41151281	0.282541112129931
41151410	0.0584095238486231
41151971	0.00447949662147158
41152811	0.000939259731820557
41153050	0.00203466758201676
41155920	0.00249059998657593
41156340	0.00128684130257479
41156510	0.00572167175293132
41156760	0.000956543662207197
41158550	0.00101034255400179
41158570	0.000928113647699071
41158741	0.0262386409853746
41159250	0.00142954963281169
41159281	0.00146594425443795
41162341	0.00213413724950847
41163141	0.00107800308203405
41163981	0.00304882127448648
41164090	0.0510807517980935
41164220	0.00269169135761338
41164801	0.00173887119199503
41165071	0.0210804269789497
41166020	0.00101694774618511
41166591	0.00597119312524772
41167031	0.00169449253954634
41168951	0.00782248871894681
41171380	0.0015373662183714
41172900	0.0153380976771139
41173310	0.00432098707339761
41175421	0.00292609272686257
41178430	0.00295889913145698
41178550	0.00165915274935051
41178601	0.0010451358758952
41179291	0.00181457470447518
41180200	0.00130867110653511
41181361	0.00110513494295402
41185491	0.0423676020104234
41186030	0.0933470953648527
41186410	0.00102669661523014
41186611	0.0058892470486784
41187270	0.00595587148834608
41187291	0.000983498193149121
41187930	0.00215968134417769
41192750	0.000969320924979755
41193320	0.460177028393676
41194030	0.000968543272296771
41195680	0.011696577314647
41198041	0.00185523422664062
41198440	0.0106345098845021
41199540	0.00120302784782937
41201020	0.00111593448535494
41204101	0.00101317169755082
41204500	0.00278860142679474
41207250	0.00424026969559208
41207370	0.00112052674642814
41208811	0.0710346939507337
41208821	0.000935593614326021
41208931	0.0153351768145614
41210461	0.00318185945252731
41210680	0.00387335901108223
41211141	0.000944586497159893
41211270	0.00100914200862043
41212070	0.00107762403714803
41212671	0.00196080694582101
41216381	0.000935593614326021
41218410	0.000997007371903892
41222010	0.00288379266009334
41224080	0.00194924094287298
41224521	0.00310509721500832
41225450	0.0189697336947122
41225730	0.00113352797917535
41225750	0.00197323111182217
41226280	0.0027761361961015
41230611	0.00221651586872504
41230721	0.0173735464529694
41232630	0.000981034953265274
41233501	0.00189030643241477
41234461	0.0298050659396591
41236750	0.00307458918162276
41236900	0.000990211066131963
41237621	0.00242625918591549
41238581	0.00169476681855674
41239120	0.000950485295402541
41240661	0.000918980850887136
41241481	0.00195758604675405
41242181	0.00184196077587341
41242430	0.00110932785382655
41243640	0.0348983314214882
41246721	0.00195050920624621
41247800	0.0011425195155513
41247831	0.000982611485666896
41248381	0.00119169904762863
41253150	0.0114845665962764
41254010	0.00100510771206107
41256121	0.0290574233481436
41258140	0.00690467232145356
41258331	0.000943764973598662
41258581	0.00673123004102739
41258840	0.0449517863326808
41258991	0.00103092973991441
41259131	0.00103965341161031
41259400	0.00295769760482241
41259821	0.00134871888007812
41262690	0.00533605928152882
41262840	0.00205860988994115
41263950	0.00510131241180933
41264070	0.00126773479116416
41264381	0.00171400081849628
41265020	0.002206225723252
41266540	0.0387077686796294
41268671	0.00112082511281145
41270970	0.0111782433929401
41272241	0.00612083197461028
41274690	0.0113416398087783
41275390	0.00366796954315493
41276261	0.030256252130949
41276870	0.000918980850887136
41277471	0.00153181490447319
41278960	0.00145824378890859
41279681	0.0224851015607014
41280080	0.00222108339169249
41280671	0.00181207083759984
41280740	0.00213953030801715
41283131	0.00256894516741941
41285180	0.00959288460765183
41285751	0.0638733462323474
41286830	0.000918425395333303
41287510	0.00100916236362178
41287790	0.00583499737338472
41287950	0.00119488434201678
41289020	0.00415223585083644
41289570	0.000997007371903892
41289911	0.0268897003297346
41290830	0.0142595935160202
41291001	0.00113005642169863
41291380	0.000970163950852777
41292091	0.0063933320519016
41295640	0.0393395836036163
41297570	0.00278657612553928
41297730	0.000932791570483692
41298980	0.00121675979568233
41301751	0.0105216445427054
41302051	0.00660443277120699
41303810	0.00123472766149773
41304220	0.000967224375960266
41305150	0.00115143429524806
41305180	0.00106022937531166
41307100	0.000974069252047431
41307670	0.00103949998112401
41309430	0.00163333286716931
41310711	0.000959410776669364
41312371	0.0663835602895144
41312531	0.00108763164844195
41314721	0.00233811031767801
41316730	0.0012607509264986
41316740	0.00710403374719913
41317331	0.000996796161122322
41317430	0.00267701283855971
41317730	0.00633372891929233
41321310	0.000947737433152032
41321891	0.00254267767254387
41322670	0.0604582279235617
41323401	0.000987480178535893
41323951	0.000988076742588604
41324241	0.00139204046244928
41325081	0.398921507460528
41327900	0.000974069252047431
41332750	0.00228102484921563
41335380	0.00138845904849679
41335520	0.0010605079037642
41336340	0.00143918860201561
41337631	0.00120463452572733
41339110	0.00119437792348503
41339930	0.00411598383053632
41341460	0.0026223654368002
41342820	0.00104656567227827
41342861	0.00132668761978243
41348620	0.00236583322849442
41350530	0.000955614087446044
41351390	0.0115788544755277
41351530	0.00127704973870322
41356501	0.00123883389688704
41357481	0.00217263501352343
41358250	0.00112446228613318
41358581	0.00480772924974318
41359401	0.00176274825481836
41360210	0.288035475000784
41361761	0.00110072972468091
41362530	0.00160157461987285
41364361	0.00098811166950986
41365071	0.00289660549888882
41366700	0.0012857401247583
41367220	0.0185853329863227
41368210	0.00806902393480227
41371790	0.00783524162011333
41372361	0.00570315139640159
41372870	0.00214524815920375
41375541	0.0012758751816191
41376040	0.00099723557573813
41377020	0.00433486013302531
41378800	0.00352402786852989
41382940	0.0273501889403253
41384231	0.00100927711243583
41389471	0.00117537084815777
41392480	0.00194391318903213
41393300	0.0105164361155317
41394420	0.0023155733606211
41397621	0.00189505254786426
41399620	0.0836581572131312
41402960	0.00102803365666671
41405840	0.00358033270349235
41407760	0.00643865736106602
41412580	0.00199117681413889
41413550	0.00114085897636621
41415620	0.00282135104265457
41417300	0.00347013446413316
41421300	0.00379712699896535
41421690	0.00303422116850105
41421960	0.00102648887283961
41422130	0.00146867037529081
41422670	0.120540381163843
41424030	0.000950439865230155
41424081	0.00116573176117234
41424371	0.00361638464105959
41424440	0.00103115681072085
41426510	0.000995549524398129
41426971	0.00093611348089728
41426991	0.000918980850887136
41428491	0.0234275349120967
41429140	0.0257434842843481
41430140	0.00127961978698055
41430311	0.00228721193369703
41431671	0.00139496848491392
41432511	0.00880140837630094
41433601	0.00122845910350451
41434031	0.0238876382354401
41434650	0.00239663447290365
41438660	0.00249073018128139
41439210	0.0018130839604297
41443941	0.00129196346188111
41444081	0.00117252511658831
41444990	0.00140743138922219
41445881	0.000965363589784705
41445990	0.00140937026038735
41447930	0.00117599967481532
41448761	0.00122144511263599
41448990	0.00118498489798051
41450301	0.000962374173390386
41450520	0.00181767016947026
41451230	0.00255912706046904
41451541	0.00277433666746804
41452351	0.00112082803771518
41454141	0.00128904988661498
41454151	0.00103638653858971
41454240	0.000941618244615696
41454851	0.00127505312139783
41455801	0.00124588005525789
41457020	0.00660453906463392
41458421	0.00188664876391213
41459070	0.0172329273890808
41459210	0.0294230184008017
41466250	0.00358769525760391
41467480	0.00266602450454919
41467811	0.00112291261418898
41468091	0.00136287207764312
41468641	0.00372492202686147
41470410	0.00102647388673909
41472710	0.00115254274057204
41472890	0.0010878815088505
41474011	0.00592292461999814
41474790	0.00356820024064495
41476310	0.0187215135856996
41476901	0.00184991325475098
41477840	0.00354966478757632
41480330	0.000985065803151691
41481311	0.00298948548484008
41482400	0.00100772212112468
41482520	0.00104907341013577
41482571	0.00137616579619726
41484580	0.00101690101492213
41488050	0.0288963240381253
41490510	0.000939313188485819
41490520	0.000918980850887136
41492170	0.00104726441484653
41493720	0.027692085519021
41494100	0.0117410991866095
41496911	0.0029549967144898
41499531	0.00821371739838965
41503541	0.0034281838499258
41504781	0.00616216905193813
41506011	0.00717642119023821
41509980	0.00937930191780533
41510291	0.00103131506704966
41517710	0.0864278494780852
41518250	0.00139006879724912
41521471	0.00103257869546863
41522530	0.00192421381539242
41523370	0.00199322705585706
41523640	0.00169696237066383
41525020	0.00115266774039798
41526520	0.00395257958336152
41526971	0.00435610097151352
41527511	0.00103558244604892
41528221	0.00244188839424307
41532170	0.00497602553039859
41532211	0.00218390240711583
41533260	0.000931209685051038
41535190	0.00149965276970862
41536211	0.00222474453760157
41536320	0.00111263656102492
41536730	0.001809506434215
41536751	0.00175956601805774
41539220	0.00109526848703473
41542831	0.00112789401345439
41544501	0.0107983107131628
41544740	0.00104357358949956
41545181	0.00385797061384604
41545731	0.00353809629344035
41545810	0.0017264662689892
41546950	0.00342939498726646
41547330	0.605493990463743
41549130	0.00224966324570345
41551880	0.000918980850887136
41552611	0.00474549793926381
41562790	0.00451516231950207
41562940	0.00101662028719889
41563080	0.00156171326576085
41563340	0.00475786920519857
41564700	0.00106051788726671
41565140	0.00116273920231375
41565601	0.0024165481133076
41565690	0.00145601471310746
41566691	0.00107705407372571
41566810	0.00103115681072085
41568450	0.0049730529986332
41568631	0.004218193709758
41569670	0.00186211597722399
41569991	0.000938411716316521
41575480	0.00167999863380359
41576491	0.0137358936653446
41579890	0.00144029260396071
41583330	0.00220791127518576
41585670	0.00168338542064038
41596061	0.00112435255564049
41596150	0.00288179868130855
41598011	0.000968009062964954
41601110	0.00620732624659807
41605171	0.017764336046977
41608980	0.000939547095803605
41612751	0.00426872569365924
41619801	0.00388037179924975
41619931	0.00275007563336925
41621301	0.00237565075612447
41622240	0.00215702915598139
41624051	0.0009567665390979
41624621	0.00399194019032704
41627391	0.00113182712020851
41630131	0.000952162455009798
41630520	0.0369165490785409
41632351	0.00109211824447441
41634370	0.00105419186782872
41635220	0.000928064055922792
41635241	0.00202991365685752
41636850	0.00139135116174165
41637441	0.00149083946034456
41643791	0.00469789031923181
41647740	0.00223464481215098
41648580	0.00105506780980964
41648850	0.000952944783022136
41649041	0.00480861353838646
41649530	0.00239865019562227
41651070	0.00762074101333019
41655060	0.00103510236732472
41655361	0.00140002558747675
41656481	0.002160217553916
41658490	0.00200577588261461
41659750	0.00149804441705133
41662500	0.00289970284549398
41668901	0.0237597827145524
41669151	0.0442430961820897
41670380	0.000938411716316521
41672030	0.00227901992229493
41673161	0.00417148864193876
41673940	0.00373963553223133
41675480	0.00597959931727108
41678961	0.00112435794704601
41680590	0.00163628863488944
41685810	0.0021863608545424
41689571	0.196395306813731
41690770	0.00554351805164627
41693591	0.0168232420839523
41697301	0.00271953223020903
41697701	0.00325482875454
41701970	0.0172234664781159
41702380	0.0877435101021298
41704720	0.00336153268311518
41707791	0.00903360313373752
41713410	0.00205561347713489
41714920	0.00357713721448024
41718770	0.00118686736016111
41718790	0.00195239989200887
41719921	0.0152425082786681
41726240	0.00100497880282172
41727470	0.00117660496968417
41728140	0.00111977467820226
41728280	0.00109037005335928
41728970	0.00226282669284939
41729841	0.00102118313512181
41730951	0.00245628941165406
41731641	0.017078434549512
41732881	0.00500874716848918
41734961	0.00333433955014819
41735610	0.00395792719169247
41737260	0.00178096016522198
41737390	0.00265242230115014
41737510	0.00125820024076678
41737550	0.00562947304460915
41739180	0.0423972167332334
41739231	0.00170587930666682
41739330	0.00249627956149176
41739491	0.000944639497677675
41739771	0.0103701773121072
41740601	0.0021711444131774
41742610	0.00248624553107713
41743580	0.000953922546709431
41743720	0.000918980850887136
41744020	0.00125566827371176
41744160	0.0134297818857772
41744871	0.00137551044323885
41746080	0.00142378880656092
41746941	0.0027250023197637
41748201	0.0010503078859413
41748710	0.00184945745656777
41748970	0.0642762166800058
41749650	0.00110281360683388
41750961	0.00304480433767473
41752310	0.00481990716997287
41756980	0.00261920971511042
41760881	0.00126478229312896
41762480	0.00158735856164531
41762941	0.00131908615751047
41762951	0.00200549673000297
41764140	0.000918980850887136
41764290	0.25734022462448
41764840	0.00106857684413396
41764850	0.00182145481138638
41764871	0.0145613229996858
41767190	0.00559013705252191
41767361	0.00121604420197679
41767740	0.00105609792459177
41771600	0.00263892570659887
41772201	0.613236953959328
41772331	0.00289061669331586
41773001	0.00294551056995983
41773090	0.00115869643144808
41774801	0.0585638886611414
41775221	0.0249508843541556
41776540	0.00119556403772586
41777820	0.00679338216340228
41777831	0.0247146806658829
41778381	0.0227626658126832
41778681	0.00203891859007018
41779990	0.000992475519741031
41782190	0.000933819304287012
41782750	0.00341136978367192
41783720	0.0198182952878925
41784140	0.00276387553906434
41786671	0.00133522743048718
41786880	0.00650359564004537
41790470	0.0111163180972102
41790760	0.00254016572155916
41790811	0.00162181178634216
41791310	0.00101546236834568
41792270	0.00172421433478402
41793001	0.00123801909528308
41793370	0.00102521926327237
41794531	0.000944586497159893
41795730	0.003238682215667
41795860	0.00190143147188482
41797540	0.00248928922958153
41798671	0.000975408832535324
41798791	0.0029790564028676
41801291	0.00167023633227876
41803060	0.000953578017254009
41803631	0.130806723165243
41805800	0.00133981162937186
41807570	0.0685229793282815
41809981	0.123599302585227
41810801	0.0017452790103931
41811341	0.00101443804778288
41811621	0.00213460645832021
41815891	0.000932051198359631
41815911	0.00163029157369171
41816440	0.00100494930089697
41816950	0.00168321838590942
41817510	0.00478888930272094
41820270	0.00552249305987696
41820311	0.00237003725063033
41820861	0.00167633362154884
41822811	0.00213531159644587
41823990	0.00128588650477371
41824041	0.00135911371948894
41825090	0.00296881736009025
41827440	0.30660317391606
41828461	0.0504562124289774
41828540	0.00280509295480499
41828810	0.00746922097772778
41829001	0.00100012569830853
41830050	0.00186896438247834
41831211	0.00119240630821887
41832441	0.0012506906059228
41832881	0.00143572678473652
41833571	0.00135651561888056
41834740	0.00209739518873206
41835470	0.00100804467502404
41836721	0.00420920479742128
41837561	0.00231125982767016
41837770	0.0013972293917559
41839180	0.000976997214829778
41839300	0.00186029719404448
41843071	0.0038863500229955
41844010	0.00340206856031959
41844430	0.00113165882560149
41844820	0.0012533092874469
41845360	0.0468924063283564
41845790	0.000972922355956063
41845961	0.00141139566024084
41852451	0.00110797330838522
41855470	0.00101025699361617
41856530	0.00342831326250638
41857780	0.00736209106703445
41858251	0.00135920452709536
41858610	0.00115081930197847
41859150	0.00139190514348201
41861260	0.0100491317197834
41861541	0.0157265383695939
41862101	0.002946503128319
41862811	0.00305086364986524
41863460	0.00275021385213032
41863891	0.000991483854127325
41864430	0.0026793292513785
41865120	0.291520398620474
41865650	0.00476932966401277
41865681	0.00166812988138881
41866320	0.00100799505429272
41866610	0.00650606288815926
41867901	0.00283293794688959
41868410	0.00446923595898538
41868710	0.00572511459941553
41868871	0.00101168170341716
41869810	0.00110250332453435
41870360	0.00755719566792014
41870381	0.01113434169086
41871310	0.00395773779605739
41871891	0.00456747671053657
41873250	0.0019310698713146
41873510	0.0024053449835231
41874050	0.00123750394218952
41874490	0.000969433529522295
41875840	0.00647598537315045
41876940	0.000938513730988077
41880270	0.00811888553684018
41882460	0.00178630768063458
41885370	0.000969689065294686
41887020	0.00475271832819729
41888700	0.0235272049909256
41889141	0.00138939798489087
41891970	0.0208427862713177
41896451	0.00813107836892198
41897490	0.00218003668598732
41899071	0.00559924107885257
41899911	0.000961708576562712
41900260	0.00186893749341707
41900540	0.00801349555367
41901800	0.00136716998966403
41902241	0.00389976807531844
41902521	0.000935291756443324
41906350	0.00102778147103951
41907860	0.00148590177066481
41907881	0.00178332721914961
41909100	0.00127721611791162
41910220	0.00126487386969613
41911720	0.00647070138130932
41911870	0.0165796417098337
41912800	0.014985675889938
41912840	0.0015035031928077
41913281	0.0079855459498615
41917831	0.0351801828383217
41919970	0.00103732764120844
41921360	0.00104652469555058
41924680	0.000990815856164806
41924690	0.0412038404107669
41925660	0.000929014148126388
41926740	0.00260680656755891
41927710	0.00155435871984739
41928711	0.00175916598671476
41928830	0.00132656897667256
41929011	0.00326711098068884
41929691	0.00134181022348964
41929951	0.00133081417197391
41932150	0.00138365588891804
41932441	0.00163425168524322
41934921	0.114312311263464
41935990	0.00104425640618344
41936991	0.00106550898212016
41942870	0.00132686286519465
41944950	0.00222186346158715
41945790	0.0299182423219766
41948680	0.00495308599127032
41951430	0.000983978430649525
41952861	0.00751827418894639
41953770	0.00280363546630763
41953961	0.00102371478207837
41955611	0.0012715429138324
41955970	0.0014462207065204
41956291	0.00112355118773742
41962750	0.00102189323713785
41962791	0.000947499852792038
41964420	0.00319400878469789
41964560	0.00103044169433135
41965900	0.00240832648080825
41966781	0.00117117688767689
41968311	0.0183566942576252
41971201	0.00101755519492631
41971450	0.00178880419045597
41971730	0.00141287522304243
41973421	0.00132629065156944
41975970	0.00151327700141921
41978200	0.00831568858870189
41978651	0.00105765677323629
41978760	0.00124912452448473
41979621	0.0108241144621963
41980021	0.0806983187144173
41981811	0.00178762585281741
41982310	0.0022271089903359
41983321	0.00120965220097972
41984550	0.00217293480711131
41985671	0.0143457135614159
41988820	0.000973934148389883
41989671	0.00128956182941582
41990470	0.0165590967692275
41991321	0.000989969250216653
41993001	0.000984861946271928
41994381	0.00123182646778423
41995751	0.000952312462662385
41997090	0.000928113647699071
41999560	0.00251299822755143
42000130	0.00838984007639148
42001080	0.00719867035314997
42001520	0.00200409363206348
42002381	0.00107678428737953
42005261	0.00149601109918904
42008000	0.000929217971251109
42011830	0.00161240757936328
42013531	0.00151526353437373
42015000	0.00203333204443559
42015710	0.136058478155595
42018631	0.00810876599422046
42020021	0.00140270278172593
42020161	0.00513392496457051
42024540	0.00952361378478084
42029920	0.00211510735852022
42033951	0.00166131236010473
42034190	0.00104790269910749
42034241	0.0029981607000378
42037531	0.00358505093148691
42039331	0.00319674570940257
42039680	0.00225273154933151
42041370	0.00152837991540056
42043030	0.00261742377474981
42043690	0.0032633695308206
42044680	0.000984318504798676
42049210	0.00129389169508271
42049620	0.00460201835999998
42050020	0.000956165249760977
42052431	0.00182632000590598
42052441	0.00495646209125541
42060431	0.00111151760598633
42060810	0.00330243928812726
42062320	0.00416418359236958
42067690	0.00552177537927839
42077811	0.00260499660168415
42079601	0.0151813020619683
42084250	0.00715836998038891
42086771	0.00214234465811695
42087000	0.00128453041353599
42087550	0.00160117151444085
42089750	0.0314342386194408
42091181	0.00208897226727396
42091290	0.00831305880240236
42095680	0.00128659467974137
42100141	0.00136520098139349
42104120	0.00119680288170243
42109261	0.000985047350520824
42111591	0.010315257777166
42112701	0.00101607564214941
42115601	0.000957170513899164
42115611	0.00123055193041544
42118730	0.129068773869078
42119471	0.00125473809989242
42121381	0.00258495202666727
42123280	0.000959987830306824
42128571	0.00350473298147298
42134040	0.00293955192224494
42136701	0.00126971339125927
42137080	0.00340555292429347
42141500	0.00234355501474789
42145261	0.00118137175095461
42146621	0.00330920150727107
42147851	0.0118177086884189
42149511	0.00149124688131167
42150481	0.0451076295740927
42153470	0.00234514063660041
42156630	0.00498667473487338
42156691	0.0013697289794076
42159161	0.037470989878199
42160500	0.00718314404477455
42160971	0.00116551001311068
42162221	0.0377867658385556
42163851	0.000946451225873545
42164080	0.00122298739843149
42164821	0.00104450823697931
42167410	0.0261708839807231
42169600	0.00678952698687525
42169610	0.00145384746401642
42170491	0.034415894888933
42171390	0.00246475752022732
42177101	0.000918980850887136
42181180	0.0124678095411095
42182720	0.0102614645957285
42187871	0.002105229399955
42190310	0.00182195436487779
42191711	0.000947686793815192
42194201	0.00104762548626141
42195461	0.00923333566458611
42195830	0.000972922355956063
42196390	0.162596317494718
42197220	0.000965110592291242
42198211	0.00145706880142658
42198341	0.000987480178535893
42200131	0.00177030395355319
42200360	0.0754767564741446
42201470	0.0152566542565635
42203260	0.0025916901259713
42203270	0.00106536319720279
42206600	0.00381116404912682
42207130	0.0196973174238466
42207150	0.00635234024974448
42208230	0.000951736635206137
42211660	0.00113158116944914
42212281	0.0611144727451368
42212821	0.00461554907541718
42215031	0.0012782122403842
42217600	0.0220077862955393
42222450	0.00216750937567955
42222560	0.00157141122457528
42224900	0.00116592780059846
42224930	0.00138694194939227
42225101	0.00187043701182684
42227660	0.00887030122562484
42228070	0.00172571478267291
42228701	0.0023882062458288
42229241	0.00176592953262734
42230051	0.00108101982992025
42231140	0.00311038474895539
42232281	0.0011248057981797
42234320	0.00116666611781745
42238850	0.00124825363724677
42241490	0.00101164523172416
42243120	0.00134928159467177
42245651	0.0030347178869148
42245740	0.00165069654205686
42246051	0.00115174406961978
42249630	0.014613628009329
42250051	0.0020889757822559
42250761	0.0676778772939422
42251021	0.00146837350781174
42251790	0.00515823368618357
42254410	0.000959391769426249
42254461	0.00467863791193118
42255100	0.00124668922471482
42256900	0.00195175028509248
42260100	0.00144083763859522
42261641	0.00174550533984711
42262720	0.00160064232606522
42264930	0.00192308941719009
42272360	0.00134421834779807
42272500	0.000918980850887136
42272520	0.00822636359985251
42274181	0.00180730379731034
42275100	0.00207182082683267
42275991	0.0103918126617276
42276951	0.0134085944725278
42277620	0.00108674401788729
42278310	0.00607373245673586
42280620	0.00310901719790028
42282720	0.00209304369319592
42286471	0.556496816516987
42287510	0.00335635821237884
42287820	0.0490430325132368
42289310	0.195007217560374
42290310	0.000965949039436408
42297310	0.00116099495563173
42298580	0.00120361479869127
42298590	0.0016719374897522
42299971	0.00125759244510079
42300100	0.000976717171304117
42300200	0.00172108809434316
42300360	0.00103243740606674
42302601	0.000987234773681084
42303291	0.00102565607718444
42304121	0.000947539276342793
42307270	0.000990181461132034
42309361	0.0013035538598438
42309470	0.00409597942399939
42314310	0.0191660590758055
42315670	0.00128458912897135
42315721	0.0235574455727206
42315920	0.00120867236187394
42318700	0.0189880844916835
42318990	0.00364169744782345
42319281	0.00107412798909664
42323000	0.00256182131258734
42323400	0.0010258446936216
42324271	0.00108869945332374
42324370	0.00250730507971501
42327171	0.313556810766833
42330331	0.0190074310323045
42331550	0.00108348896041862
42332060	0.00110064563544723
42332401	0.00478802513570712
42333160	0.00205962114958732
42336681	0.00289218299727597
42337620	0.00127034788284684
42343120	0.00940544444533994
42345030	0.00311486842666979
42348220	0.00635145170781833
42349211	0.00329341157521742
42349450	0.000969073934284689
42350300	0.00111117514899303
42350871	0.00117284477171754
42351561	0.00233484186734166
42352801	0.0172319674808286
42353330	0.00361325245681061
42354140	0.00500181330528633
42354331	0.00173418060333579
42356090	0.00103117488767444
42356100	0.01781386336684
42356121	0.00146715075511252
42356941	0.00136625981293045
42357491	0.00137100769853752
42359851	0.00129084932120142
42360671	0.00252767943965437
42362550	0.00119265348220097
42363680	0.00173520069861653
42364131	0.00226974381528212
42364671	0.00116823330893275
42370130	0.00139323918052414
42370970	0.001012873277596
42372350	0.00269083547047795
42374471	0.00241593753820453
42374611	0.000937442633256328
42375640	0.000952436988962221
42376261	0.00421173180898255
42379230	0.00421610648766281
42381030	0.000922879691167948
42383161	0.00164853496126013
42387670	0.00219925420478174
42387991	0.00390152159637325
42388090	0.0013395782184673
42391530	0.00106950052030934
42392791	0.00190304628823878
42394960	0.00331344933114283
42397170	0.00354525823022192
42398430	0.00123036089786932
42402150	0.00210044427599377
42403271	0.0014943881960653
42410840	0.00195323862044963
42412521	0.0020042640092819
42414420	0.00174464942537258
42414471	0.00105710715231244
42417071	0.0059206167714314
42418830	0.0254598194998898
42420360	0.00810730845770297
42420661	0.0601946246971371
42423930	0.00096511192623365
42425320	0.0183360242201502
42428490	0.0350693074774595
42428880	0.0146384479282392
42428920	0.000944586497159893
42429720	0.00155317253615397
42431411	0.00121293573868717
42432220	0.00635887031309311
42433221	0.00095329690276874
42433330	0.00216375048032847
42434290	0.00103647726504408
42434820	0.000954417418647509
42435660	0.0217188189934225
42436060	0.00423055011167615
42436090	0.00140731085616555
42439380	0.00144556712087804
42440740	0.00142285114276722
42440760	0.00146403893161762
42443260	0.00142310890568708
42444671	0.00150743796801877
42446420	0.00099674825727469
42446881	0.000931209685051038
42449201	0.00273471888342721
42449580	0.0198917326162174
42452231	0.00132744406003634
42454950	0.00107660115075686
42457010	0.00362030201463306
42457180	0.00280392333017798
42457631	0.0845587804104232
42461180	0.0169746649234311
42461361	0.00114800020837872
42463500	0.0109416331411681
42463950	0.0011545550489002
42464620	0.00148655806996153
42465030	0.00339467833207819
42466550	0.00314302196150737
42468750	0.00389898786935782
42469221	0.00206601260045651
42474171	0.0187564566790475
42476251	0.00827931270471268
42481221	0.0136523164121944
42481631	0.00630455499346808
42482540	0.0109172005398083
42483141	0.00178296207848829
42486571	0.00426829278173174
42491390	0.00211714333949322
42491691	0.00115740823271158
42492040	0.00612810900871952
42493010	0.00106639055356805
42494390	0.00327746564430999
42494451	0.00390472397190505
42496241	0.00102935756887029
42499961	0.0123772342532079
42502830	0.00097643856788972
42503831	0.00244416503266642
42504060	0.0113944792737438
42505580	0.00131155203271937
42507930	0.00281456976163896
42510991	0.000955577394244808
42515920	0.021968340326886
42517860	0.00183833891901995
42517990	0.0027930624500713
42518670	0.000995940630763969
42521341	0.00484217311640358
42524931	0.00106262576361013
42530161	0.00788398204097644
42531940	0.00103145450068254
42532771	0.00118804489272028
42533341	0.00093669654797113
42533761	0.00632927718590537
42539421	0.0109793951940056
42539951	0.00147833549817954
42540330	0.00110353677978155
42542581	0.00208971657106294
42542591	0.0014161838022192
42543920	0.00145782766589256
42546031	0.00100897796900731
42549020	0.00110607413886875
42551510	0.00104712318113821
42554660	0.0240435416377595
42557000	0.00829464997899012
42561201	0.00104120925737217
42563951	0.00114911970440524
42564641	0.00139111625618743
42565140	0.107370834849335
42566540	0.00172489359019441
42569201	0.00160378020930416
42569901	0.00886031974213586
42571500	0.00411451034315902
42571640	0.0234438950843537
42573550	0.00103609693185181
42574000	0.00212303088211327
42575401	0.00107370891680318
42577331	0.00112990853837668
42580880	0.00172406249827312
42583770	0.010050762112809
42583941	0.000918980850887136
42586701	0.00686156548122625
42587401	0.384952162097508
42587531	0.000969513534032819
42590171	0.00114688030108119
42590260	0.0082027158436725
42594540	0.00121291525397026
42595531	0.0017538541330103
42595750	0.000938411716316521
42596730	0.00412650929936808
42597850	0.00567073742153532
42601881	0.0119057987000341
42603640	0.00117479439797872
42604101	0.00103242266085299
42607090	0.0039265565404044
42608771	0.00120108759311363
42608870	0.0173050393756013
42610281	0.00176428253897018
42611210	0.002616392096547
42614421	0.0625905241672967
42618441	0.00197095740821834
42618550	0.00409369609653281
42625580	0.000930714598691941
42627801	0.0103931749912009
42628371	0.113767596633124
42635610	0.0011077794333918
42636631	0.00115849045822504
42638120	0.00308905009745869
42638510	0.0013796517948472
42639111	0.00255825486951522
42639640	0.00184354027977046
42641410	0.00110434030542185
42641751	0.00594519773235582
42641950	0.00263413216053574
42644371	0.0891289708537276
42644990	0.00137901259248739
42645170	0.0011275369794013
42646691	0.0161582051979085
42648231	0.00156280300973904
42649611	0.00109129525211249
42657850	0.00852077539584534
42658120	0.00117984614187706
42665550	0.000944586497159893
42665731	0.00100163043198752
42666001	0.000987480178535893
42672631	0.00458235034598126
42675381	0.00216996716256027
42676170	0.0124944001942079
42676211	0.00166784656026263
42676911	0.00106049055766942
42678981	0.00112968034090992
42679740	0.00226290884427576
42682240	0.00149098129194185
42682810	0.00102412956968545
42684300	0.000962775065010178
42686161	0.00120240299016112
42689430	0.00166819890497533
42691910	0.00110540848431841
42694421	0.00133455121419162
42695500	0.00197260109968494
42698250	0.00264431564684925
42698400	0.00971870123323612
42699900	0.000984716705544114
42701441	0.00112143539864433
42702571	0.0015981256578023
42703090	0.0168177889869445
42704860	0.0091891093777084
42705420	0.000986177499149427
42707610	0.29217947961448
42709540	0.00141831874828998
42712850	0.00113871175102179
42713710	0.00840042779227288
42716330	0.00112078666183681
42717441	0.00312508322506891
42718681	0.00283713415165001
42718770	0.00221758198038542
42719251	0.00099446501962299
42721570	0.00106548098693031
42724590	0.00490656400244234
42724621	0.000959045256103019
42725031	0.114013475542276
42725721	0.000996632821182168
42726281	0.0020814098514999
42730250	0.00133727508659581
42731360	0.00146069384533479
42731780	0.00363124984734676
42731791	0.0246378679621062
42733550	0.00105138079865761
42733591	0.0161994874242196
42734120	0.00541667373369019
42735350	0.00630373865586702
42737540	0.00310665743340591
42738421	0.00127413484696759
42741970	0.0571947993119341
42748580	0.00273562377452354
42748840	0.00134409023322272
42756050	0.00131909894438195
42756570	0.00127632799403128
42757461	0.00116181539390118
42759091	0.00164563821641784
42759641	0.00263814977589339
42761840	0.00588868984129629
42762780	0.0791612652865153
42763500	0.00129419229555418
42764570	0.001002988480758
42764911	0.004214522843405
42765861	0.00453086308846639
42766841	0.00198156934465921
42766920	0.00184412932163389
42768580	0.000931209685051038
42770100	0.00102681299227466
42770110	0.318026328715685
42770940	0.00485677093285198
42773550	0.00299633551667525
42775231	0.000983113234253361
42777940	0.0014575598000024
42778110	0.00279322796535828
42780071	0.000966087830689263
42780420	0.00293675827172418
42780710	0.00664773326828211
42782800	0.00113029233974233
42783921	0.00121933165149851
42784911	0.000932791570483692
42786220	0.00102730077641018
42786230	0.00275432073040203
42789571	0.000992527534021585
42791050	0.0148142480959096
42791750	0.00858905803878039
42792331	0.00170492878251966
42795340	0.00110172562447071
42795750	0.00190033082276786
42798510	0.00436946481879036
42800211	0.00103591400373016
42801830	0.0749274166705231
42801991	0.00126146742196245
42803450	0.00800844571866557
42805871	0.00118645912435471
42807101	0.0016548368917399
42807630	0.0013463415120443
42810131	0.00132602406145049
42810561	0.00476526926153398
42810620	0.000959410776669364
42811231	0.000935291756443324
42813591	0.00273093633055622
42817520	0.00537440653210029
42820471	0.00275049961232529
42820611	0.00125099316570981
42822951	0.174503210299413
42824160	0.00230563790863952
42826790	0.00100371772006891
42826831	0.00209644760798907
42827180	0.00100973637245078
42831490	0.0297239737436889
42832420	0.518226138773025
42835521	0.00180668306886381
42839350	0.00144339703465583
42840290	0.00179568077302455
42843781	0.00309802002341976
42843921	0.00285663038205776
42845410	0.00444534972054835
42846121	0.00584795727005982
42848840	0.00117318064274051
42849861	0.00098014806319668
42851610	0.000946346523471732
42854110	0.00117759465199507
42854630	0.00130805776002035
42854971	0.00103942875959112
42856030	0.00287890350577493
42857571	0.00312622856964733
42858090	0.017660521592192
42860700	0.0029490528576627
42860741	0.0129422270318664
42864580	0.00165906273733809
42865940	0.00231988959925259
42866531	0.00326336440611573
42867170	0.0013879312909502
42868310	0.00116352731090294
42868331	0.000935291756443324
42868601	0.0216075128272194
42869680	0.00164690581788311
42869970	0.00406522111540883
42870220	0.00840568487125758
42870630	0.00349533741250629
42870811	0.00571414116107716
42870910	0.00117051287685004
42872061	0.00115023281247739
42872300	0.00608168091293433
42875241	0.000918980850887136
42875330	0.00126467429952385
42877940	0.00694882569775745
42878131	0.001361777195907
42878350	0.00542797563201349
42882380	0.000961250705934763
42885100	0.000979326479755896
42887511	0.00102911842383568
42888130	0.0013714892197555
42894401	0.00252431484976415
42895491	0.00208772806741436
42895600	0.00156331259090587
42896170	0.00113592428017637
42897000	0.00158217976049001
42897561	0.00101924128471706
42899730	0.0010890337401669
42903491	0.00108394796438261
42904570	0.0044610122302118
42906100	0.00116104530401116
42907631	0.0011110264322354
42908451	0.000918980850887136
42908871	0.00164847628807756
42909230	0.00101716615004971
42909510	0.00543037559257329
42910210	0.0111400286197715
42911600	0.00157142805363955
42912051	0.00122287575688633
42912061	0.0011669553296907
42913260	0.0725385718503497
42913370	0.0011627741528154
42914541	0.0042103212881478
42916160	0.00234180936390826
42917861	0.001223384744074
42918521	0.00112051015910237
42918780	0.00104154075916171
42919511	0.00155094010353514
42922111	0.00377106281604648
42924461	0.00135884079525136
42925410	0.00160249630626855
42926930	0.0231310854823432
42927050	0.0011122743656738
42928430	0.00341361950736658
42929270	0.000964035783458764
42930370	0.00117297506347799
42931470	0.00163438517764245
42933780	0.00187425491324104
42935631	0.00127004969973748
42936451	0.00103733044099054
42937810	0.000921094252331038
42940830	0.000998134130372831
42942261	0.00123942017330765
42943190	0.00644403736680413
42943361	0.0049756026449567
42947860	0.00168050839089917
42951610	0.0209743668663618
42952430	0.00205386596252752
42955170	0.000918980850887136
42955880	0.00104838839704757
42956201	0.00166820645765418
42956990	0.00120350395551201
42958531	0.00856694182742117
42958661	0.00140011278962111
42959860	0.00141748053096748
42960171	0.000950879169416738
42962920	0.000984662191622364
42963180	0.000978159544159234
42964680	0.00129477026127277
42964690	0.024837632739855
42966531	0.118131273905453
42968430	0.00273402298757543
42968461	0.00260177093311868
42969421	0.000928113647699071
42969670	0.00173329048844198
42970350	0.048561429279177
42970791	0.0480238627217954
42971190	0.00245868836580182
42972280	0.00128933956945556
42972451	0.00101500482428739
42972960	0.00099446501962299
42973640	0.0216703415786905
42975590	0.00659006334076673
42977551	0.00485946939380745
42977650	0.0019464193081682
42978811	0.00172626913078747
42979361	0.00365011099042845
42981660	0.00115372909862672
42983180	0.013353494460806
42984020	0.00169998836096318
42988150	0.00282891795701312
42989571	0.00316964884446877
42989831	0.00093669654797113
42990190	0.00133414511889376
42990360	0.452514362362
42993100	0.0141020912216483
42993151	0.000935291756443324
42994381	0.0026025263917733
42995320	0.00327411112097545
42997540	0.000961223798839169
42998941	0.00092649757681274
42999860	0.00113117821886435
42999880	0.0367084336748894
43001780	0.00308737233097288
43002600	0.00342982103144346
43003150	0.00588943788865884
43003351	0.0013000875315755
43003860	0.0037613033681113
43004000	0.00164464670280284
43005971	0.00186067843442267
43006101	0.0098507341555216
43006230	0.00210443857379816
43010651	0.00104869850083654
43011430	0.0321505557959707
43011911	0.0052813655207065
43013831	0.00131174714499157
43013950	0.00128693920041452
43015631	0.00107593301229344
43018350	0.00167276483566033
43019501	0.00194075126732773
43020041	0.0110229808078948
43020311	0.00197591830978632
43021961	0.00109149591649654
43022320	0.00118049817516461
43023501	0.000985859337097043
43024000	0.00667595299338783
43024830	0.00166606377779962
43026490	0.733906925971957
43027061	0.110136756597667
43027860	0.00123351917072926
43032540	0.00113812899577125
43032851	0.00771569981952412
43034180	0.000935593614326021
43034811	0.00108500298091653
43035771	0.0171002375204479
43036420	0.000983310583412247
43036540	0.000956646870384948
43038661	0.00179689230607822
43039170	0.000985498995951917
43040010	0.00987414040600461
43040150	0.00214501173982772
43040280	0.00301718905695754
43043330	0.0034940496556764
43043560	0.00637119245731096
43048820	0.0097880444020322
43049011	0.00132437367772504
43050781	0.00168049370850752
43051420	0.000986980229958435
43052110	0.00107112068352697
43052140	0.0010904028693576
43052441	0.000993510972239521
43052960	0.00147782514465071
43053810	0.00124763711352377
43053951	0.00104929494712033
43055440	0.00157085180241923
43058180	0.0229964015229936
43059590	0.00613286667822857
43061541	0.00689940467297094
43064031	0.00131585658677852
43064110	0.000928570285314965
43065380	0.00110208364274551
43066661	0.000947233567991935
43067050	0.024949169975324
43069681	0.0025902390472078
43070091	0.00923426610856851
43071170	0.00144479189420956
43072041	0.000968667419472924
43072711	0.00396849958042601
43073360	0.00165313506042622
43075211	0.00305942869394085
43078231	0.0011905973821011
43079030	0.00949858369299173
43080540	0.00320553998190735
43081670	0.0190584614864493
43083071	0.00112613915827606
43083211	0.00117765577000945
43083331	0.00346964571387806
43083481	0.177040504414498
43083710	0.315513106384374
43084301	0.00128908075409975
43085100	0.00100276726962466
43085230	0.00126952333259506
43086180	0.00103743909258897
43087850	0.00120575465528597
43090740	0.0011386487690933
43091081	0.00264283523635696
43093821	0.00115911311515182
43094590	0.00435014669501189
43096150	0.000949916903893111
43097900	0.518657207436262
43100591	0.0160920992450118
43103010	0.00222993765508814
43104041	0.00193510365306186
43104410	0.00112376006866657
43104861	0.00180032102215855
43105531	0.00206115021735354
43106200	0.00231092673109179
43106620	0.0182353391362092
43120520	0.00149096083931565
43120851	0.00267807506302514
43121370	0.00234900267026952
43122460	0.000938411716316521
43128021	0.00154936194055385
43130040	0.00106285328012123
43130760	0.00541348053964832
43131180	0.00242695399993167
43132970	0.00102727370534122
43133250	0.00845794937982676
43133271	0.0712161412832962
43136260	0.00138356912854714
43138870	0.00541728003708829
43139211	0.00216742077958981
43140140	0.00776953345648084
43140171	0.00588906417401801
43140441	0.00304712975824797
43140711	0.00154470671128028
43141900	0.00207739625811251
43143461	0.0186464957102726
43145811	0.00160557879819463
43146791	0.00347907020522008
43148970	0.00161514379541063
43149141	0.000971489745299874
43150241	0.00104685101449687
43153380	0.000987004957888374
43153541	0.00452974475252231
43154781	0.00426784059518043
43158880	0.00118089878677896
43160240	0.00109593675221603
43162900	0.00117954114797484
43164161	0.00201930548981693
43164970	0.000918980850887136
43166730	0.0011118759347394
43167170	0.463226293348457
43167891	0.00175734121521744
43169340	0.00119402087567511
43171341	0.00148596723060929
43172260	0.00795354243882395
43176530	0.000918980850887136
43181090	0.0246320008250543
43181951	0.00315113189432794
43186091	0.00899860451260633
43188920	0.0014174852046153
43189340	0.00370816841194465
43189900	0.00228347748060448
43190580	0.0105763936262388
43192520	0.00365648331809839
43194211	0.0125898297285148
43195751	0.00100102569235863
43196151	0.00221954164538823
43201480	0.00804312490417782
43202860	0.00467649961644665
43202911	0.073081269028701
43203290	0.0024175104298376
43204380	0.00173373971271037
43204940	0.00202281775574135
43204950	0.00207013689947024
43205661	0.0034191315320922
43207280	0.00658199251077994
43209220	0.00295605066418275
43210050	0.00222089516494197
43210060	0.00330825212916068
43210101	0.00121671652761562
43210330	0.00101621303704287
43212851	0.00125515544820863
43213500	0.000918980850887136
43213920	0.201338541009902
43214740	0.00302386585982687
43214750	0.00102059476358804
43215680	0.00592130147066871
43216510	0.051816374831826
43217541	0.00195408968829139
43217941	0.000947737433152032
43219720	0.0023795721451346
43221271	0.00122464268241851
43222781	0.00353057077275125
43223400	0.000935593614326021
43223580	0.0146332566576027
43225681	0.00947028215011769
43229900	0.00128931494789105
43231570	0.00163482957119921
43233531	0.00122606689757774
43238060	0.00102717081467892
43244650	0.00275793231985962
43245650	0.0337554721944657
43247290	0.00133997847985785
43248270	0.554998411420358
43249941	0.00325959338157278
43251601	0.00114328949871474
43252421	0.000973405403994743
43255700	0.00231223314105231
43258300	0.00311382743066698
43261931	0.00403210182422925
43262160	0.00926664281631092
43263731	0.0010072726257938
43269050	0.00097643856788972
43274491	0.00272520457777831
43285630	0.00110705715322227
43286351	0.0109468301896369
43286730	0.00192624133588765
43291591	0.00338694656068646
43292120	0.00132443131950902
43299471	0.0205729298346198
43299560	0.0018079627103782
43301900	0.000975484796322697
43303840	0.0420520674463304
43306150	0.00488384340044825
43307301	0.00587741930454137
43309251	0.00832350304183282
43310611	0.0059383610255346
43310710	0.00258355789023343
43311191	0.00233189996036474
43312240	0.000990654256366078
43312370	0.00134763338962301
43312810	0.0434070156333817
43317060	0.00162323724188027
43317651	0.00936171628636911
43319161	0.00469891870362419
43322611	0.00188563612678654
43322911	0.00102950934718664
43323390	0.0053737670277629
43323690	0.00315840901099684
43326911	0.00595119757217051
43330341	0.00219033632660409
43330361	0.00711681161826007
43330980	0.00112038537174802
43331881	0.00116712078337992
43333180	0.00116112406462939
43333330	0.00132168722576433
43333391	0.00420556584504722
43338501	0.0018509580484341
43339400	0.00459128698445435
43340950	0.00184310456700642
43346020	0.00178766032764752
43347581	0.00102286095912236
43349521	0.0235327685671325
43350351	0.196765177323153
43350850	0.00101939314296919
43351400	0.040417681597508
43351430	0.15901195603241
43352701	0.00438018504265527
43353931	0.00367799905757998
43354891	0.0015626266734555
43355400	0.00117143866773507
43355441	0.000918980850887136
43355871	0.00644613599778943
43358280	0.00191931887235625
43359010	0.0465299501245296
43361501	0.00989206224150053
43368350	0.0023820904094501
43372490	0.00165313506042622
43373220	0.00155904048835336
43373251	0.00205570604042285
43373641	0.0025843738108558
43374280	0.00108427853496533
43376670	0.000995058355316639
43376971	0.0148357010058275
43377470	0.00268480146044286
43378351	0.00308567323381625
43379410	0.00577633416332447
43380401	0.000942084271315443
43380841	0.00135146503983264
43381610	0.00168582119658424
43382191	0.00107412071947028
43383181	0.0258180610914413
43386030	0.00575409134088124
43386351	0.0425856678194768
43387840	0.00150519586338925
43389060	0.00150205355793442
43394051	0.00464025970299712
43394211	0.00113149283681828
43399260	0.00448892041027905
43401241	0.00204231072548549
43403130	0.00133299674795635
43403520	0.00379463208715232
43403851	0.00135870161685934
43404261	0.00100149099219298
43410000	0.095317798938634
43411171	0.0032945180340995
43412681	0.000938411716316521
43413480	0.000947499852792038
43414201	0.00326506723533411
43416230	0.00127127156069557
43418481	0.000935593614326021
43418751	0.00249201622904683
43420281	0.00282932209283335
43420790	0.000918980850887136
43420971	0.00344886445330024
43423390	0.00112124287905596
43425791	0.00103018868912608
43426040	0.00106039590532133
43426170	0.0121528885490946
43427800	0.00102666229956816
43435171	0.000933048030972178
43437631	0.0520796783628713
43438830	0.0113330856810882
43441101	0.00125924080551759
43445860	0.00846785221414089
43447711	0.0072213666997307
43448210	0.00271463606122981
43457870	0.00175770946182738
43459520	0.00561899065232687
43461631	0.00190781192421522
43462960	0.00127778937135307
43464551	0.00182220803576198
43467011	0.00604972476808818
43467680	0.00225348013020223
43470970	0.00200345206913735
43472131	0.00146671501718257
43473501	0.00306079014441615
43475431	0.012822550128111
43475510	0.00805835458885301
43477651	0.00100504925730725
43477890	0.00110018328801221
43479441	0.0100296182163337
43479581	0.00288149134695237
43482150	0.00964914392079844
43487230	0.00251416240559732
43491110	0.00143657163024769
43496630	0.0822945108195672
43505870	0.00455700029191155
43506481	0.00466954899047741
43507831	0.00122287053289374
43519431	0.00171798349022483
43525340	0.00280016478046512
43528521	0.0084820781632932
43537440	0.0180411870547803
43540791	0.00386744284432827
43543841	0.00318328403897518
43546710	0.0024627309798494
43552360	0.000942180994410464
43553091	0.014667053561348
43554861	0.00276827448317937
43555141	0.00332668911285364
43556671	0.00255017175691205
43556920	0.00223416310914753
43564510	0.0640642077287622
43570550	0.00252056537219535
43570881	0.00368326293795313
43570990	0.00360955914592987
43571130	0.00654778616440298
43572210	0.0164403691772496
43572470	0.000970122600561124
43579260	0.0031545323844633
43581481	0.00106510749607016
43586120	0.00121112281618629
43586471	0.00147513122344234
43586560	0.102002940608867
43587681	0.000935291756443324
43591131	0.000945412882495245
43592350	0.0014336750793416
43592610	0.00144125774125432
43592620	0.00222433780422431
43593440	0.0344599487088459
43598280	0.00124223959159651
43599930	0.00216259709396472
43601160	0.000928293479661955
43601310	0.000935291756443324
43603500	0.00223756157837702
43604910	0.00141739584265654
43606570	0.003269364672541
43608600	0.000990991291077235
43619240	0.00111298179683696
43619431	0.00341441877912759
43621450	0.00196502571521416
43623650	0.00108923233163946
43625310	0.00135428919882266
43625911	0.00139511071744646
43639660	0.00531811019179734
43642451	0.00701940782619406
43653980	0.00131449187650562
43656470	0.0011317420421088
43657911	0.00175818690041798
43661040	0.00479074541961276
43662451	0.00108003596459958
43667760	0.00316975248667684
43675380	0.000968667419472924
43676251	0.00528818402667789
43676590	0.00677955392152736
43676870	0.00512979505517491
43677170	0.00225450790603332
43677560	0.00327842240559426
43679080	0.00199826920933355
43679701	0.00108923508472327
43680760	0.00119581045428503
43680781	0.00100497880282172
43681150	0.00130222267915186
43682441	0.0152089072014832
43683080	0.00214634512075814
43683281	0.00404121190711796
43683530	0.00108261253251452
43683760	0.0265693448750198
43687530	0.0265648047557375
43687640	0.00103592133947166
43688350	0.00136785723388159
43689040	0.000938287147928459
43692760	0.00403531378882153
43692781	0.00105604544816745
43693150	0.00105538052134661
43693891	0.001106983131205
43698380	0.0021464946425107
43699261	0.00100125915610208
43700170	0.0035662510071068
43701570	0.0117916691075824
43701881	0.00112210239066311
43702841	0.0012306610576054
43702851	0.0442696402539395
43703070	0.00179087186285044
43707780	0.00118957138593304
43709471	0.000958114944430976
43710260	0.00131442597932536
43711370	0.000930976244032915
43714820	0.000989828880628296
43717710	0.00110098425127547
43718441	0.00104444590628628
43718550	0.000932915191143811
43719110	0.000943243735935964
43719490	0.0215425288539875
43719630	0.00415022694662978
43722530	0.000970894975222107
43723391	0.0015090688486569
43723510	0.0029053075121082
43724760	0.0153658555985322
43725461	0.00412273368177986
43725601	0.00184325717947016
43726250	0.00235029364775843
43726390	0.000970163950852777
43727780	0.00267993509658426
43727821	0.0490669937530098
43728600	0.0188067001076943
43729010	0.00231284640284499
43730140	0.000969612302433501
43730151	0.00397655954999326
43735281	0.00462162147685908
43735800	0.0010122693872436
43736890	0.00102721950244471
43739380	0.00837088509001437
43742260	0.044172142626542
43743510	0.00123419208240913
43746441	0.0371694225505437
43746711	0.00229138851742571
43747001	0.000931209685051038
43749341	0.0011108573188964
43750250	0.0021632952917453
43752641	0.0029940890140241
43754250	0.0515069652080069
43755480	0.00278597884278478
43756340	0.00169082216463838
43756740	0.002402292704281
43757030	0.000956758918286019
43758851	0.000967636277706419
43760241	0.000963863830080244
43761191	0.00253687332595911
43762240	0.169593284211362
43764241	0.00134060133173375
43765960	0.00125374871040546
43768610	0.0126678906548565
43769061	0.0190658867742028
43769710	0.000985480416443675
43770250	0.00123750787764075
43773191	0.00917876936994114
43773840	0.00251122172435662
43773860	0.0019287435112559
43779890	0.00121810963676322
43779910	0.000925700046746745
43779941	0.0018680389052331
43784911	0.00309483424715647
43787531	0.00196554663575378
43787640	0.0165923563183317
43789611	0.0141038290682216
43789980	0.0038395382899202
43790510	0.00626120454191617
43791411	0.0130600028663422
43794441	0.0171682463992236
43795411	0.000946245146583014
43795470	0.00715305731180255
43799411	0.00171717877971699
43799821	0.00291756044715305
43801580	0.00108453629102439
43802540	0.00440343843883173
43803521	0.00871183749490775
43806380	0.00456785908693619
43808631	0.0018245503599824
43808740	0.0012102403377549
43812081	0.00264210208299221
43812761	0.476915057844097
43816300	0.000970894975222107
43817051	0.00218292670954156
43817191	0.00123701308316911
43818920	0.001282287531423
43821871	0.00350576356683147
43823080	0.0035636846630796
43823941	0.00297239344710187
43825140	0.00158474141728245
43828320	0.00187986266074785
43831261	0.000944586497159893
43831671	0.00133434592893392
43834301	0.00250003984728403
43834380	0.00108781054449754
43834851	0.000999522287329656
43834971	0.0014028159040378
43838021	0.01590167828198
43838561	0.00140966877175881
43840590	0.00683552759852779
43846001	0.0848782747328411
43848440	0.0263199182034198
43849331	0.00235504526933369
43850790	0.0184292631878662
43852071	0.000990402693149387
43852440	0.00340096924838713
43852621	0.00284013031608565
43861010	0.00251426350701077
43862530	0.000921094252331038
43864850	0.00112556739550839
43865140	0.0036980829941617
43872501	0.00242351338282306
43875230	0.00141308549379027
43878910	0.00493050527745061
43879330	0.0144007887733412
43880030	0.310542435792639
43880570	0.0143951057440789
43881830	0.00868460700820381
43886670	0.00228198155728982
43886711	0.00370280489601039
43889410	0.002148200163201
43889741	0.00283180258292806
43890001	0.00628209026793772
43890021	0.00270365766462167
43890831	0.00295527330767683
43892590	0.0091668358685527
43894670	0.00354382742708928
43896361	0.00164720708748761
43896590	0.00111662813773459
43897410	0.00250833942122605
43898370	0.00260595593209506
43898421	0.159223286312196
43898510	0.0070871324475202
43898930	0.0108922835755848
43899500	0.00118388496970216
43899791	0.00098477014745132
43907740	0.00347270299202797
43911050	0.00563221894240069
43913940	0.00287750977544644
43915200	0.00144543561095992
43915251	0.00362843282284823
43922360	0.00094534386020771
43924331	0.00104226338533949
43932331	0.00165649639881393
43935350	0.000931209685051038
43935880	0.000990165219729047
43936290	0.00186546704217113
43941731	0.00132301112149431
43942701	0.000939313188485819
43943671	0.00140455676478003
43951350	0.00112837848520115
43951880	0.00331282053613522
43952700	0.00221671256318132
43952720	0.0126776689157751
43953290	0.00117232800393507
43954411	0.00289022321889855
43954701	0.000947737433152032
43956980	0.000983844541631522
43957441	0.00101220807095421
43959190	0.00103774839945992
43960761	0.00139353855622468
43962701	0.00333370377297197
43962920	0.00641284801833256
43963661	0.00374317564781231
43964081	0.00138404946080553
43965380	0.00114446020937227
43965520	0.00124306054857687
43970780	0.00148715289285446
43971381	0.00535280646236564
43972840	0.0559441552414518
43972891	0.0112929003609587
43972990	0.220097597533822
43974770	0.000922046450819502
43975941	0.00895816099821379
43976211	0.0026874436135858
43976560	0.00161156527379818
43977550	0.0563725324364748
43978800	0.00136215834219117
43980320	0.00108636776616922
43981110	0.00993819633321046
43981431	0.00877102413264488
43982131	0.00226717696633909
43982821	0.00503856971370117
43982961	0.00100917469858926
43984331	0.00275505245147022
43985380	0.0274699409583165
43987241	0.00205366200490548
43987890	0.00117586384141868
43991180	0.00452825756920768
43991870	0.000938411716316521
43993670	0.0369501687601543
43995180	0.00231696396561419
43995361	0.00148925245118364
43996201	0.00858681187087335
43997010	0.00214721134700487
43998250	0.00420611693472362
43999091	0.00117891105348536
44000280	0.000961304907456582
44000550	0.00288167722032659
44001270	0.0137541630707838
44001380	0.00224539011051343
44001711	0.0444831495264474
44002090	0.00176132881514794
44003750	0.000975408832535324
44005240	0.00521150401495236
44005680	0.00118673072414714
44005851	0.00330182235501385
44006671	0.00483501073268627
44008341	0.000928064055922792
44008471	0.00403643206054307
44009820	0.002901853867301
44014681	0.00106227561671937
44017520	0.00135147197690439
44018510	0.000933048030972178
44019070	0.00105422333026023
44019501	0.000952955915048261
44023631	0.00133902488904676
44023750	0.00153114523054992
44023781	0.00226101444390396
44024160	0.00171929783536653
44024761	0.00983036575551502
44024970	0.00160040012635811
44025140	0.00165835449265763
44026941	0.000972492126249307
44028000	0.00101226312627977
44028871	0.00213684333327314
44029530	0.00220495974483179
44034360	0.00117918869943756
44035210	0.00133425039254523
44041711	0.00106516256185169
44045711	0.00356433295309841
44046370	0.00147023412740959
44046780	0.0015973426101904
44047180	0.00113724645693451
44048020	0.000918980850887136
44050480	0.00194723225214593
44051050	0.00422725488398315
44051620	0.00348344759518466
44055600	0.00625559513830261
44058271	0.00206328526339022
44058370	0.000938411716316521
44058510	0.00105945540560188
44060601	0.00319873351315815
44061240	0.00112780998586106
44061400	0.0548196418924784
44062551	0.000918980850887136
44063760	0.00215798053803899
44065971	0.00123111463865425
44066251	0.00199069387803266
44074360	0.00130759879249238
44076830	0.00137638776951261
44077240	0.0343425566180701
44078401	0.0058679047461782
44083440	0.0026361338792907
44083740	0.000993326622199
44084830	0.00137735140526741
44088170	0.001199659645184
44088191	0.000943364549598473
44089660	0.000928113647699071
44090760	0.00351112356902033
44093390	0.0032640159178041
44095071	0.00138597035765018
44102230	0.00350148262858778
44103901	0.000928113647699071
44105230	0.0168558176905502
44110900	0.0629110109509767
44111160	0.00327099745883374
44111631	0.00118922873803678
44111750	0.00119542232455811
44112560	0.00128662504892689
44116550	0.000966375518029949
44119371	0.00146801225530312
44120171	0.00477070870163212
44120451	0.0027314098015153
44121011	0.00109187738835296
44121021	0.00273310606507159
44121810	0.00127775824503895
44122090	0.00273388298536553
44122131	0.0121187095791125
44122910	0.0013635045461469
44123020	0.00351472047131315
44124120	0.00101434007427687
44127730	0.00907939471415791
44127850	0.000924371789200717
44128960	0.00283189590773359
44129120	0.00115094254569658
44129380	0.00902841202580543
44129711	0.00304469888933428
44130951	0.00150046439726985
44131190	0.00125755603221255
44132741	0.00315234719788625
44136120	0.00102038948734905
44139190	0.0111541931955957
44145230	0.00134463789804535
44148290	0.031353351999142
44155071	0.0115628812036943
44155880	0.00350286952038254
44156311	0.00117667081417413
44163231	0.00152212643281666
44163710	0.00396383448342224
44164530	0.00140966877175881
44164820	0.0013191305941765
44165680	0.0010364607696017
44166770	0.00218925710059075
44171740	0.000947737433152032
44172670	0.00183800483449799
44173841	0.00111265463700514
44175450	0.000935291756443324
44176530	0.00224712512349033
44176570	0.00168944814133946
44177810	0.00199777258789558
44179450	0.0011307419548883
44181510	0.0024252564546523
44181950	0.00131061202766119
44183751	0.00132557967224233
44187720	0.00312877192093516
44187860	0.00174678783933573
44189100	0.00228341958557576
44189650	0.000994857081237515
44192191	0.00103620148590947
44196410	0.0141478551745637
44197151	0.00303631572198393
44197220	0.00460123975128017
44197260	0.00202979926328202
44200150	0.000980056245677117
44201001	0.00278677492169388
44201411	0.0425416956916073
44203211	0.00487997999009183
44204950	0.0056388476935273
44205831	0.00129295838997999
44206890	0.00121494673873321
44207170	0.00438036739976731
44210121	0.00158767175540079
44211020	0.00118150257373832
44213910	0.0565353179901652
44215840	0.00127238988352126
44215860	0.00335472342703307
44218251	0.00112069087044679
44218740	0.00456478945075555
44220851	0.00271874177577352
44222791	0.00351543588025774
44222921	0.00288765493410596
44224800	0.00267904842497941
44225390	0.00661157446126348
44226521	0.0012672052904312
44227190	0.00721787401941411
44227341	0.00112224812032816
44227570	0.0182020664562821
44229001	0.0010361486147602
44229350	0.00130685051457932
44229930	0.00111894929068159
44231221	0.00255158477751033
44231351	0.00566931126081811
44232810	0.000935291756443324
44234080	0.000935291756443324
44235700	0.00274813750719414
44237220	0.0010198596803961
44237681	0.00102061710987755
44238190	0.00108046739207754
44238391	0.00529400931346912
44239211	0.00409049488845961
44240660	0.00572900541786124
44241151	0.00222158312291886
44241380	0.00097632193043536
44244110	0.00121224912577332
44244591	0.0118877762870731
44245151	0.00174179637885243
44245691	0.00164654750104691
44251450	0.00191852993300625
44254480	0.0037543145183948
44256280	0.00310691473341937
44257520	0.00136498353806873
44257701	0.000980370483586669
44258600	0.0270449110473045
44259280	0.00257385175253677
44259840	0.0114713251301141
44263710	0.00112058774097892
44263751	0.00136989718284024
44265951	0.00127487621680838
44266890	0.00548962913238374
44268410	0.00156215132945557
44268571	0.00101550743589696
44269650	0.00362938378773764
44271580	0.0671937436113206
44271621	0.000986281278313109
44277561	0.00143117920451663
44279700	0.00144850565250259
44282610	0.000991131350919015
44283140	0.00158692759453941
44283461	0.00101252340048548
44285121	0.00113272285587134
44287071	0.00218383300329931
44287980	0.000986127145665279
44289281	0.0212447655197559
44289760	0.0288668375626495
44291970	0.00138294749111686
44299331	0.162003433265396
44300031	0.00403463477829109
44300841	0.00107556440802533
44301510	0.002691655888504
44303040	0.0197115540465653
44303980	0.00104006519904619
44305080	0.00443355183200834
44308790	0.00117023410750422
44309660	0.00116484837868579
44310330	0.0010066188719711
44310661	0.00361023816162064
44311211	0.0251360572254908
44311850	0.000992824733629348
44312120	0.00101077404966772
44313671	0.00148870566650105
44316311	0.00142059431318168
44317480	0.00720717736405522
44318620	0.0156477133950368
44325200	0.000951206583348412
44332970	0.000959410776669364
44335731	0.00168333397807547
44336021	0.00462372959610691
44336820	0.00130727974919322
44337240	0.00161330495740867
44338791	0.00107676219775862
44341650	0.00195893619045513
44341790	0.0870443462060582
44345900	0.00139375092757895
44348441	0.00123238209477548
44348701	0.00187810196734069
44348861	0.00110515519970603
44351280	0.0299171634625818
44352790	0.00127861373056855
44353620	0.0263697890911938
44356930	0.0702687455365458
44357370	0.00114291303817877
44358320	0.00725301316807607
44358470	0.00138593757339973
44358911	0.00230136126943328
44359321	0.00154479638609285
44360291	0.00368634449454889
44360520	0.00421822866286329
44361090	0.00594110115090207
44364660	0.0016203565859676
44364820	0.00233480791034558
44367280	0.000942863007090381
44368021	0.00148454036155695
44369480	0.0186569503471582
44370030	0.0232471791959356
44370351	0.000972689462380914
44371020	0.0319249564116142
44375051	0.0014293340717632
44376780	0.00110844906260034
44377951	0.00130244566538705
44378170	0.0323372466573142
44378730	0.000944536026024128
44379000	0.00183430937265665
44380291	0.0013566526089217
44381350	0.00141853799962014
44381661	0.00274003064049342
44382491	0.0166112572986027
44383010	0.000947737433152032
44383020	0.00271394615146475
44384550	0.00863783924359598
44386091	0.00211118300157859
44386850	0.00124510013988897
44386911	0.00122829531859596
44387280	0.00139252379649433
44387341	0.00396223498529372
44392141	0.00119478770129719
44392930	0.000935291756443324
44393760	0.000918980850887136
44398091	0.0348524990536795
44399010	0.0160950393513751
44399130	0.00103977743887394
44399260	0.00609338820076985
44399440	0.00135271376446287
44399871	0.00150216751520844
44401681	0.00107255515912264
44407560	0.00842428559217469
44408441	0.234348712768565
44409060	0.000922879691167948
44412161	0.0258401032473832
44415181	0.00113802037145599
44415540	0.00715870971068699
44416711	0.00147200380144028
44422091	0.00186491711559187
44424540	0.00991204916541313
44424660	0.000970719525822529
44425681	0.00212735815390011
44426781	0.0010686152192381
44430170	0.000944412004802809
44430180	0.00108658155054054
44430850	0.00306965541341355
44431031	0.00423499708662706
44431560	0.00475670273816012
44432141	0.00103968543290078
44432551	0.00413945614263398
44432920	0.00233663194543929
44433200	0.0140700101954033
44433350	0.00130846545740398
44434371	0.00215777209023213
44435260	0.0059756556160263
44436640	0.110532543219677
44436950	0.00165314904168416
44438621	0.0124203506155279
44440120	0.0427841367817786
44441941	0.198786738124732
44443570	0.00118903265724754
44445381	0.000929927888894645
44445941	0.248568541936937
44446221	0.0280410688853627
44449060	0.00124187718021327
44450160	0.0015367921238867
44452110	0.00955545401932932
44453480	0.00172267137757824
44456930	0.0184853569205601
44456961	0.00240036571014159
44457241	0.00463539907660153
44459970	0.00602029261912851
44461241	0.00331097623376613
44464411	0.000971458974798321
44468561	0.00348502376030073
44471970	0.00187144892675453
44475530	0.00136692307333903
44477880	0.000997007371903892
44479861	0.0190569947462355
44480841	0.00211296225105577
44485640	0.00298154588392716
44487041	0.00122871578486121
44487530	0.00147529349092624
44488920	0.00285750307429545
44491000	0.00152863106792058
44492520	0.00142300561950325
44492770	0.00223102043511818
44493610	0.00185316261215725
44496100	0.00202475746160615
44497111	0.010490390867304
44498481	0.00119999723015044
44504151	0.00105759131926929
44504421	0.000975450698721352
44504841	0.00108113277213279
44506710	0.00232206725298682
44507311	0.00873584916864555
44508421	0.00204784957861677
44509360	0.00108921166112755
44509460	0.000918980850887136
44510030	0.00309651810059051
44511530	0.0117204822440141
44512551	0.00293653435478399
44515410	0.000930714598691941
44515420	0.000905778856648485
44515550	0.00213385950434582
44515711	0.00269424880144116
44515830	0.00454145848067986
44518850	0.00270695086133857
44518870	0.00196790571720963
44518880	0.00690582662429461
44518980	0.00135902650564506
44518990	0.0189918876010189
44519181	0.00244814905834843
44520350	0.00173614384462543
44521770	0.00189768496461883
44522560	0.00126452253577214
44524250	0.00184022577768796
44526600	0.00093408182161631
44530211	0.00369473623816159
44531851	0.00182585817098274
44533630	0.00108178600063986
44535451	0.00115387435208403
44537750	0.00178217063230029
44538850	0.00389124836663479
44539431	0.00222740958542485
44540360	0.00533890349965163
44540920	0.000950811426879217
44542081	0.306800863279354
44543711	0.00107502165202988
44548800	0.00196869104910592
44550901	0.00132668821381607
44553590	0.0106735370702992
44555161	0.00102130362608623
44555280	0.00127573219299231
44556090	0.00519907764993216
44556220	0.00121108943527516
44556421	0.00139518324801374
44558191	0.00135847454990155
44558471	0.0014304086206979
44559010	0.00208123997024983
44559861	0.00106655903785794
44562320	0.0187552621914743
44564141	0.00128869469746883
44564551	0.00104607514144239
44566170	0.00169496218518528
44567311	0.00198216909343483
44567851	0.0108847210442927
44568001	0.00299066548093929
44569320	0.00179779653509213
44569610	0.0015684133476347
44569641	0.0205356992868892
44569770	0.00097682391651281
44571260	0.00254072964577897
44571410	0.00130473273620522
44573480	0.0267369110620941
44574051	0.00662430239519273
44578850	0.0101115416513612
44580110	0.00168497315638045
44580770	0.00261025284700726
44583810	0.00189234628052886
44585241	0.00182783458540677
44587861	0.0244695370926664
44589470	0.00100850351266048
44591100	0.00128072145390236
44592640	0.00196013299305096
44593460	0.0413252451573044
44594720	0.000928113647699071
44596940	0.0441643441607153
44597241	0.000935291756443324
44598410	0.000928113647699071
44601870	0.00101221640345619
44602351	0.00215901326330057
44602601	0.0110058519591164
44607311	0.00460846362339072
44607660	0.00305548221505325
44608240	0.00489253884165134
44608790	0.00108641994531934
44609750	0.0201534981041609
44610601	0.00381940299903258
44611930	0.000984688513120876
44613050	0.0315647499092297
44615380	0.00111110371295826
44615670	0.0019148164552185
44616520	0.00113938673867184
44618280	0.0611580989904545
44620650	0.0426082194532192
44622191	0.00733611197569544
44625081	0.0249326550941898
44626000	0.00143809810288679
44626290	0.00112079001947102
44627981	0.0012880732885248
44628360	0.000988251232050269
44630341	0.0376316647830379
44631861	0.000971631477368418
44634761	0.00182769955366651
44634990	0.000977533601990775
44635390	0.0104244945647226
44638980	0.00545424502076297
44639410	0.012453653605621
44640780	0.000947233567991935
44641610	0.000942320495029081
44644490	0.0013234836756173
44647380	0.00223321629932194
44648261	0.00201540170592585
44652551	0.00172901418957952
44653740	0.00210899101582064
44655151	0.00349697931444324
44671421	0.00282420181370818
44671960	0.00105510783140979
44677081	0.00433188980831782
44677190	0.551719787186334
44678440	0.00104218346965233
44679441	0.00363241111992403
44683011	0.00157227995394906
44689501	0.00120235935611461
44697761	0.0068137044949363
44698461	0.00352738419905182
44699011	0.00102970721797038
44704330	0.001146299646643
44706150	0.00140400298088397
44710000	0.00106231266109725
44722280	0.042157752048708
44724541	0.000984044594896674
44725091	0.00128521653120526
44726420	0.00102610260171681
44729710	0.00147077433836416
44732391	0.000948150176993735
44732750	0.001045536969987
44735021	0.00286127479161267
44735961	0.0142908534368747
44743100	0.0016045205007785
44745361	0.00132144295780522
44747161	0.00665850243330676
44751711	0.00567958606393283
44751780	0.00533711449071655
44753300	0.0149443876016988
44755090	0.00315456344751934
44755940	0.0013745256231416
44757460	0.533063200067171
44757481	0.00102015745944945
44757980	0.00103030462605928
44758130	0.00355104583183414
44762020	0.00201110784077809
44762430	0.00101315332693251
44763110	0.0176152747611397
44764251	0.00100661808069115
44766280	0.00104723654843557
44766960	0.00217825670898003
44767500	0.00412359534992809
44769081	0.000991689373187129
44769700	0.00559842879822987
44772050	0.452954407825879
44772470	0.00502242173267484
44772910	0.00162207054163624
44780770	0.000991147574458267
44780780	0.00097028829213544
44780900	0.0290440036488961
44784200	0.00212222381657409
44786970	0.00123086306096012
44788900	0.00279372995217464
44790191	0.000959045256103019
44791090	0.0178339291230872
44791831	0.0244875083639495
44792101	0.00774580429868265
44792340	0.00114228995686054
44793040	0.0358698082356629
44793710	0.00241075530913741
44795490	0.000935593614326021
44795510	0.025764077001227
44798430	0.00271358683874817
44799701	0.00275666478436972
44800091	0.0014512483272401
44801071	0.00340084704516013
44803810	0.000918980850887136
44803910	0.010509564888769
44806530	0.00102616516517617
44809720	0.00349496006848881
44810670	0.00244261183067949
44810810	0.00391541164058255
44814871	0.00251955557408259
44816490	0.00140608942387619
44816671	0.00207759308979458
44818390	0.00273800530448104
44818400	0.00305112461624513
44818810	0.00842252951220501
44822840	0.00242481592806531
44827141	0.00104444509984933
44829180	0.00682801680746304
44829891	0.00154918969393957
44830991	0.00229223477254441
44831090	0.0010062709484623
44831390	0.00109623756790668
44833061	0.00246243396710442
44835780	0.000946005236003287
44836470	0.00214680619245312
44837850	0.00203870751299733
44841150	0.00209178627583926
44842981	0.00831354874839749
44843490	0.000946756681972077
44844340	0.00108288193558665
44853051	0.00109735151254442
44854380	0.0012801028472356
44856590	0.00113264856128604
44857980	0.000959709780833388
44862861	0.00173295610330646
44863141	0.00210751274214039
44863660	0.000994754074244211
44864040	0.00232320556053779
44865580	0.0035012001326199
44866441	0.00654223831294934
44871360	0.00245725745787216
44871821	0.00189498980371778
44874240	0.00660066609941058
44875551	0.00101588699431595
44876091	0.001156672670647
44876880	0.00818852489938974
44878420	0.00865623548151231
44881850	0.0121467996844184
44883630	0.0218660348811273
44885440	0.00128577233074305
44887271	0.00181605685154542
44887620	0.00212771384729496
44894581	0.000965911896665403
44895490	0.000998805847598948
44900880	0.00314302947982933
44901461	0.001032257409511
44902550	0.00211983722757023
44904350	0.00130038268540836
44905420	0.00111520934662312
44906400	0.00673031239130131
44907411	0.00213730853128469
44908340	0.00137838812377879
44910701	0.000984044594896674
44911650	0.00419054690232019
44912200	0.00104425640618344
44913181	0.000970894975222107
44913840	0.00097295179601689
44915220	0.00108627869020149
44916460	0.0030386694427419
44918561	0.000947737433152032
44918861	0.000918980850887136
44919380	0.00760460090127343
44923200	0.00115970072402566
44925150	0.00423183396324288
44926260	0.00669101381050923
44928860	0.00114487770431103
44929270	0.0131881523210951
44931500	0.00195773578258681
44931900	0.00246161081127298
44932931	0.00150391918906588
44933601	0.0243849197682137
44935750	0.00282420119250171
44935890	0.00132623159056398
44937160	0.00104945662555264
44937201	0.0022253321387937
44937601	0.00325294701748631
44938960	0.00187929337862376
44939360	0.00143139030982366
44941300	0.00493186509526008
44942800	0.00119945406354522
44942820	0.00119442071378008
44943541	0.00248448319481098
44944211	0.0543579142074069
44944330	0.00391878384810219
44944351	0.00116633086638337
44944610	0.00294300441864627
44946510	0.00228470304982939
44946790	0.00263468556216135
44948200	0.0140078534736605
44951060	0.00123683019437415
44951541	0.00154374078988628
44951811	0.0012323300590417
44951961	0.0197839329748483
44953751	0.00359331034874058
44953871	0.00111042327444074
44954250	0.000992022720635095
44954800	0.0015073716848331
44957191	0.0250663529065578
44959220	0.00365860117959361
44959671	0.00421907484974846
44960351	0.0125176020801696
44961130	0.00226628436815979
44962000	0.00156071600847828
44962431	0.00225296770985409
44964030	0.00207010570617002
44965341	0.00291875089368878
44965440	0.0011173057751954
44966650	0.000930050529764551
44967261	0.00174635453024218
44968511	0.0119242342492893
44969461	0.001285955145548
44971111	0.00114104485752276
44971121	0.00118960279785011
44971200	0.0798194497375773
44971251	0.00595171680474053
44972101	0.000935593614326021
44972621	0.00244859532507984
44973000	0.00116978632839572
44973150	0.00382253137782087
44976050	0.00111033444107452
44978021	0.00447401407281726
44979961	0.00101372014288022
44980030	0.00099785698160575
44980050	0.0743734309204786
44980091	0.00107662191522677
44980631	0.00242091677859388
44981990	0.121970190356505
44985130	0.00269351364092331
44986120	0.0733678429869447
44986711	0.00100053550036218
44990650	0.00350662032919089
44999190	0.00114348578731415
45001280	0.00481295074196729
45001290	0.00139190514348201
45001861	0.00106986186933328
45002831	0.00301865891585704
45003210	0.00101859331548412
45003401	0.00102614579430705
45004320	0.00222292847763099
45004511	0.00158398801689163
45006090	0.00108871390468077
45007230	0.00252241683752743
45008221	0.0080003298780977
45012170	0.0312712957242234
45014411	0.000994004093938662
45014790	0.0549499078333106
45014920	0.0174212264982201
45014940	0.00232618661759967
45015791	0.00100973637245078
45016050	0.00649517027593671
45016880	0.00309533105013368
45017020	0.00423527022411411
45017611	0.00228886645270875
45019610	0.00369356367957266
45024641	0.00101624760659326
45030551	0.00212114609176283
45033300	0.00139075181540624
45034110	0.00366451810924052
45034551	0.00116833940140041
45035080	0.00192662188097518
45035330	0.00225012876410846
45037570	0.000984545405231287
45038670	0.00289594126697292
45038831	0.000946451225873545
45038950	0.00211021305435478
45040050	0.00179904950420186
45040590	0.00792781257732387
45041581	0.00138115568711848
45043190	0.0033598031540996
45044621	0.00896857508520696
45044990	0.00100563626303243
45048840	0.00255168400619929
45049390	0.0019000141693346
45049451	0.00266197541938005
45054770	0.00114927980418233
45060430	0.00817245571562099
45060470	0.00239494310190913
45061840	0.00520635010841293
45062510	0.0020913472476854
45065390	0.122786414469288
45065601	0.00351140434885008
45066141	0.0126690728666534
45066691	0.0010712482484969
45067521	0.00125143557688269
45067630	0.00120841192784454
45075320	0.0136649710672834
45075330	0.00254942137771697
45075391	0.000990501745148929
45075870	0.00119617721510084
45076330	0.00331519350007624
45080840	0.00316563936126537
45081390	0.00147310898751517
45081570	0.00101459555250283
45081741	0.00161507325607216
45082131	0.00356436184812444
45082701	0.000983470500331028
45083111	0.00130962552725976
45084361	0.000921094252331038
45085420	0.0014067803877828
45086291	0.00423341610409573
45087921	0.00443883528768535
45089711	0.0166826074135141
45089960	0.00111183023958818
45092020	0.00112092771012141
45092160	0.00165038809888328
45095801	0.00242362026426469
45099040	0.00207002267300113
45102951	0.00383177441104871
45102961	0.00128858289137811
45104010	0.00151924647456281
45104030	0.0661701921754354
45104320	0.00134789929941694
45107630	0.00104914518477309
45110500	0.619256139239891
45113150	0.0177093642266238
45113280	0.00262999455653634
45113441	0.126193448659943
45113601	0.00128927800484966
45114640	0.000933153022207698
45115190	0.000930714598691941
45116310	0.00499952614844785
45116320	0.00137761731274128
45116730	0.00995336485612327
45117950	0.141003632834086
45118230	0.0081410903876417
45122360	0.009746312616382
45123050	0.00209595587270291
45123921	0.00118595427560058
45127740	0.00149771108988957
45127801	0.00476196760839683
45130080	0.00183865897342573
45132331	0.000967166819605361
45132901	0.00102822496837753
45133041	0.00112350858961964
45133871	0.00374809437681331
45136211	0.00157288776921662
45136891	0.00135666528269834
45138080	0.0509966523582176
45138141	0.000957555045358674
45138220	0.00719978079279861
45140710	0.0113794160818368
45140761	0.0103795378818255
45141680	0.00100653410149675
45141700	0.00102316261202787
45143190	0.00418873073440551
45146281	0.00250334678668146
45149410	0.000993341792634651
45149451	0.00281160461331129
45150951	0.0291719575907222
45152430	0.00166182213624446
45154971	0.00308228375582122
45155880	0.00389767362019444
45157291	0.00684421899060193
45158220	0.00145137050659835
45159350	0.00203769321850449
45161981	0.00172734299767619
45162350	0.000959146248879091
45163661	0.00324939020082157
45164300	0.00103698505505896
45165380	0.00969285964325104
45165560	0.0023265180495696
45166121	0.00103551750828985
45166131	0.000982998108012946
45167371	0.00123508934074717
45169591	0.00099780764103275
45172010	0.00110465920358661
45173431	0.00131198194246091
45174531	0.00121482636002188
45176990	0.00652265848666663
45178480	0.00171285829627092
45180690	0.00114753494645343
45181161	0.00511535477960469
45181670	0.00159913135637504
45182220	0.00121128194459994
45182671	0.00120884468507333
45183030	0.0733003725610968
45183320	0.0011435726115989
45184690	0.00111778391518395
45185861	0.00119685555680048
45190951	0.0105127853730005
45194760	0.00222666802121426
45197420	0.0846937358111512
45198961	0.00221627076165484
45199221	0.00410604508668715
45199241	0.00405164630387412
45202391	0.000935291756443324
45204061	0.00133923070137537
45205530	0.00362765295824888
45207081	0.00187170110650028
45207771	0.00125457243247125
45212440	0.000959355184985688
45212860	0.00108508668122291
45214750	0.00168784673672708
45215911	0.038886144436223
45219470	0.00154567711132851
45229270	0.00128496036635549
45230961	0.00362973749330855
45231210	0.0122722902555439
45231781	0.00357872786176657
45232160	0.00103182411596439
45232580	0.00270033479890615
45232601	0.000952436988962221
45235170	0.00112563390232628
45235351	0.000971193074264531
45236020	0.00107826600798724
45238220	0.00331277489923616
45239480	0.00134629424247324
45240850	0.00416142611974985
45241711	0.00360805811804345
45241960	0.00296892264483761
45242340	0.00497154004501231
45244690	0.0113842922639535
45245291	0.00101383145454349
45246630	0.00178552874956711
45246770	0.00107382490787416
45246910	0.00229238647155445
45248451	0.00165313506042622
45248891	0.00118535385544238
45249650	0.00146908637865235
45250500	0.00258270684526901
45250661	0.00121437690349298
45256150	0.190097787774267
45257790	0.0025345912466323
45258920	0.000956915798903066
45259740	0.00212077760282232
45260410	0.00107439209193693
45260440	0.00228823359430749
45262821	0.00338212000995492
45271761	0.0139857097247096
45275050	0.360601061831138
45277571	0.0010880817784739
45278340	0.0015321527393656
45280300	0.0142276664847663
45280960	0.00344788871441949
45281090	0.00103761509919876
45281370	0.00304271557596372
45281701	0.00334883989060762
45281780	0.00187856390300933
45282931	0.000940361115830715
45285640	0.00182915683003555
45286880	0.00114582949496166
45287231	0.00733623252447603
45288130	0.055487659505261
45289390	0.00165446896661767
45289500	0.0010065526165478
45289581	0.00633543674756498
45290760	0.00317291802674824
45291590	0.000938992364119292
45292451	0.00822687524515638
45299200	0.00183254276785601
45301640	0.00191442141457795
45302200	0.00507691856175495
45302220	0.000968667419472924
45305561	0.00558365258420756
45307231	0.0111608979029109
45313360	0.00253846375086193
45314370	0.00104618402708469
45319020	0.0317040459479106
45321701	0.00302029938736689
45322210	0.00332281026150132
45323020	0.00231221043815164
45324120	0.0018388101304935
45328680	0.0029214976292235
45329220	0.00123568463379634
45329520	0.00126325457316255
45331351	0.000930714598691941
45331590	0.00108643828882232
45334750	0.012478224353701
45334920	0.071441295636532
45335211	0.00109018583094478
45337230	0.00125310233270292
45337530	0.00221708920055537
45338900	0.00130117048917903
45340010	0.000927455355904056
45341510	0.0017093049958839
45346500	0.00114025524871377
45348000	0.000918980850887136
45348461	0.00233127533979849
45351170	0.00165329105323143
45352581	0.00177018144257473
45353640	0.589314141589926
45353790	0.00115103726173578
45354951	0.00103967458681311
45356031	0.0141513380130118
45357260	0.00435376574553567
45357670	0.0117287570890324
45358921	0.00327017566125354
45359911	0.00956168927787133
45361701	0.00271046111092581
45363481	0.00382494478538702
45363901	0.000957119570372616
45364010	0.00409170723516615
45365831	0.000956413108469207
45366190	0.00149781567147253
45367061	0.000922046450819502
45367351	0.00380783527478509
45372940	0.000948728027496336
45374231	0.000986957834261428
45374880	0.00617725451241325
45377260	0.00100910604207326
45383351	0.00106802546964155
45385421	0.00205108980663664
45386371	0.000940228138419122
45389530	0.00183661921796678
45390870	0.00117981823500942
45393141	0.184012423621342
45394350	0.00101386712930718
45396980	0.00359128816266416
45397271	0.00120595576786678
45398330	0.00379392126912827
45398641	0.00311313879028785
45399030	0.00431587194726099
45400311	0.00195678416893871
45401421	0.00105065939761069
45404140	0.00146129518875958
45405080	0.00126500590578212
45405660	0.00150145895978801
45405691	0.0307740622506978
45407911	0.312420394867931
45410941	0.000970347879569532
45413790	0.00170280930896625
45414661	0.00217571124752528
45415471	0.00150735848695714
45415860	0.00452663957554148
45416800	0.00173765419852022
45417230	0.00116394588455107
45418880	0.00234455895969916
45420311	0.111003650394912
45421100	0.000983983723840857
45421370	0.00244327850486599
45422391	0.000959410776669364
45423071	0.00141142131052208
45424181	0.000998100593725453
45424451	0.00095598462549893
45425131	0.00146637085550905
45425671	0.00155123451275765
45426460	0.00146781047633325
45427140	0.00166838909596784
45428290	0.00217699571030996
45429250	0.00335869542332726
45429780	0.00332790740794417
45429961	0.00129935181199037
45430190	0.00116254675825543
45431990	0.00129461369010223
45433701	0.00288476261895009
45433780	0.00261152867522838
45436800	0.0019650514352834
45447180	0.00228647969879929
45447280	0.00409843830079728
45451700	0.023849697544128
45453630	0.00103830235061042
45456680	0.011609087402097
45456810	0.0508410100891983
45458450	0.00101250337028698
45461520	0.00326103550641889
45463741	0.00425847234770082
45464380	0.00220215039866488
45466781	0.00278830695476739
45469551	0.0018012249613874
45474921	0.00144540308038302
45479830	0.00290505237655357
45482371	0.00194613435735397
45484451	0.000944586497159893
45486241	0.000944001887344313
45490600	0.000954551927961406
45490911	0.00123106486079093
45491550	0.0034531178608413
45498350	0.00101292501626212
45500820	0.657580433180607
45500861	0.00219065650137741
45502651	0.00242857742241123
45512550	0.00183940431057435
45521090	0.00159706654749904
45524161	0.0146319798438922
45525210	0.00489915163464955
45527751	0.00161938336894448
45529090	0.00125543889578048
45532370	0.00121331914629074
45533951	0.00104265995714677
45535201	0.0142510911221895
45537411	0.00304784123905456
45539051	0.000958422023711695
45540151	0.0535956844036091
45540930	0.000935593614326021
45542180	0.0128696592936642
45544851	0.00131169505263979
45546491	0.00233401935418908
45546860	0.00127340535899472
45548550	0.0012580315582903
45549910	0.00104528934160922
45550231	0.000918980850887136
45550641	0.00503173484966969
45551000	0.00600172075570043
45552161	0.000946451225873545
45552530	0.00116160881479506
45552920	0.00135359399087191
45557240	0.0259012416280703
45558081	0.00196323195995864
45559191	0.00133276163048698
45561480	0.00105030906667775
45562470	0.00477733565212571
45562651	0.000959881781529025
45565340	0.000997445656983636
45565470	0.0013997181999784
45565821	0.00120333629815233
45565910	0.00100324038060178
45568031	0.00134709537630176
45570071	0.001521542333653
45570081	0.00253432557489889
45570590	0.000943718783212409
45574750	0.00743610298977927
45574990	0.00100053429559974
45577671	0.000965217756861007
45580270	0.00130552450756314
45581190	0.00179714092366282
45581340	0.00265990891243243
45581821	0.00110641766390826
45582450	0.00262886024646477
45582860	0.00576886207221855
45583720	0.00204514826252312
45583830	0.00259826406794281
45585671	0.000943297018830328
45585681	0.00121108244584296
45585791	0.000970894975222107
45587030	0.00120403746050521
45587751	0.00684101410217225
45589121	0.00251004536053347
45589391	0.000935593614326021
45590180	0.00123770900091504
45590610	0.0598225071623998
45591540	0.00146307835012757
45593230	0.00382388795864495
45595710	0.00530210954142363
45595721	0.00238216669995878
45595990	0.00147399450795709
45597531	0.0115476215567215
45598190	0.00253338679565465
45599580	0.0227001942974922
45599710	0.00122789425226435
45601101	0.00164716330543973
45601760	0.000918980850887136
45606310	0.0582776724656998
45608360	0.0823463781467661
45609060	0.00110520776376593
45613780	0.00175903792257972
45614351	0.00132048744486714
45615270	0.000967844140781681
45617261	0.000952436988962221
45618621	0.00142980534304482
45619611	0.000930976244032915
45622180	0.000947737433152032
45622710	0.00102141820865448
45623120	0.00679780656656267
45624141	0.000933048030972178
45625391	0.0354774981463891
45625661	0.000941017470237474
45627980	0.00202272327902403
45629050	0.0532542450921036
45631191	0.00163332564724053
45632021	0.00716162110738503
45632940	0.00268313259686276
45637080	0.0316444032909454
45639680	0.00378635885855263
45640691	0.00146765088792438
45642290	0.0010711841306212
45643710	0.00854552701589737
45650850	0.0168594476857377
45655840	0.0011723719897643
45656551	0.00347739126463643
45663250	0.00113377322464491
45665340	0.0011707737013949
45666061	0.0133154865157574
45669470	0.00107290194548224
45670190	0.00100018388667877
45671390	0.00184379547908015
45672281	0.00209963001819753
45679861	0.00758828953034682
45679991	0.00321736709491759
45683980	0.00194968976913903
45689941	0.0011242910069744
45690180	0.00198506997055341
45691711	0.00202423033008969
45697371	0.00970610381028383
45698061	0.00214703218236733
45698560	0.00171623118664483
45698720	0.00291376070768598
45699711	0.00158860502279776
45700350	0.119540585680051
45700530	0.00384055155922201
45700841	0.030395278841314
45703670	0.0112340578388945
45705941	0.00140330598081544
45708141	0.00422703139076022
45709480	0.000923912874123363
45710010	0.0012183765909279
45710030	0.00182032128592844
45710191	0.00145892013131168
45712811	0.00191341184926671
45713340	0.00136937012101647
45714440	0.00409939039928192
45715270	0.255058145783967
45716281	0.00157375222396457
45717661	0.000947737433152032
45721910	0.00100129994137843
45723400	0.00123624637509103
45723700	0.00297136910552066
45723861	0.00205721918588747
45725040	0.0746488921461738
45725870	0.00406996830079756
45726170	0.00929024295340045
45726590	0.00303127287337504
45726970	0.0107123373620961
45728261	0.0610822706572239
45729501	0.00371358737780614
45731000	0.00449431881873178
45732800	0.00129525923715048
45732930	0.0233290304400961
45739380	0.00241027669234791
45740500	0.00411774528915129
45741630	0.00480602932141013
45744691	0.00345354947668904
45744900	0.0127227967910821
45744930	0.0223201871413799
45747800	0.00110836181488735
45749490	0.00126353331678309
45750180	0.0106460022814675
45751581	0.0029979383789776
45755420	0.00112209453587613
45760350	0.00121547393013319
45766410	0.000983715385996422
45767400	0.00174755237526187
45768261	0.00394681761800047
45770611	0.0322965325997891
45771711	0.00643702934982345
45772401	0.000959410776669364
45772790	0.0012334361811729
45774840	0.00367964239440901
45775171	0.00120069312879958
45775790	0.00378343697552268
45777760	0.0174060235514709
45778621	0.00161719553050531
45779390	0.0011790430410169
45780080	0.00233524489431246
45781651	0.00154368123793029
45785631	0.00200980972571063
45786030	0.00097643856788972
45786761	0.00171153607511306
45788121	0.00906375894569728
45788770	0.00118757318413544
45789750	0.00148250194797506
45790030	0.00100347700146059
45795820	0.000968086039506145
45796210	0.0012789840047266
45800360	0.169919739826545
45801900	0.007171430331526
45803790	0.00175916125452468
45804531	0.00195646256890847
45804541	0.00360673552849798
45807240	0.00220126779383595
45810000	0.00173115773330153
45819000	0.000918980850887136
45819151	0.00154016443432805
45832510	0.0460485257031286
45832811	0.0011439369418422
45835230	0.00869103319175284
45837740	0.0012519862227962
45844060	0.0011195600570123
45846311	0.00632873271896505
45852610	0.00205326108747553
45855540	0.00407567548472938
45857200	0.00232895523167068
45861180	0.00180336285028735
45865641	0.00353758692191195
45876401	0.00694190223673769
45877621	0.005632778210157
45880391	0.00169454358657987
45881750	0.00100533919987881
45884251	0.184017441827362
45884330	0.397709970640894
45887441	0.0199875649202356
45887670	0.00118247680601823
45887820	0.00741874503561378
45887831	0.0220884569506052
45888910	0.000971640045033861
45889071	0.120033012591896
45889470	0.00274649300462952
45890290	0.00118596385226288
45894440	0.298006091874499
45896490	0.0026570509521912
45898321	0.00120240299016112
45899130	0.00423110190015905
45899390	0.0242910980126239
45910591	0.00100992248561729
45914560	0.0154131683885643
45916801	0.00420527340612566
45917081	0.00364664519612312
45919011	0.00806253028437922
45919551	0.00160680007696158
45921221	0.0134929591018256
45924371	0.0257887131950839
45925050	0.00527290251255321
45925290	0.0153102392269374
45927421	0.00377485924184392
45927711	0.00112626691939794
45929751	0.000935291756443324
45933330	0.01661730226424
45933361	0.00100079446876267
45933870	0.00432819305927509
45936340	0.00115184319140519
45938680	0.000952162455009798
45939670	0.00157047517179367
45942041	0.00352121512091739
45942721	0.00966716199515111
45943910	0.0116980416652489
45944350	0.0219234901989732
45944391	0.00170865992419662
45945850	0.00255504618112578
45946041	0.00222769064602314
45946130	0.00819669232183791
45950390	0.00917053118879143
45950871	0.00777444755211798
45954290	0.0020088732980046
45954810	0.00103621905846786
45955250	0.00119590049554868
45956101	0.00176986367155833
45956521	0.00363538984369225
45957501	0.017972665390035
45957580	0.352541408141222
45957901	0.0277281733248199
45959011	0.00125889445610611
45963080	0.00095340282224366
45963291	0.0011137442867803
45964350	0.00262170192013914
45965050	0.0115142310115061
45966410	0.00107463739486617
45966991	0.00150630782991269
45967670	0.0925294897266747
45970441	0.00118867359421993
45971260	0.0018982575128597
45972870	0.0272812290804477
45976620	0.0014679397821308
45976890	0.00117812996672028
45977351	0.000987610715770787
45979271	0.00586529117259552
45980080	0.00329163606780614
45981040	0.00147996384818255
45983411	0.00214917505179414
45984241	0.0017407303281937
45987240	0.00129741695242513
45987500	0.000925694700219785
45989570	0.000952617426468649
45991981	0.00184867085537316
45995701	0.00957510044424016
45995900	0.071740091920089
45996381	0.00354053825477455
45996620	0.000938411716316521
45997180	0.00102275046501785
45997191	0.00164036710570817
45999811	0.00291479854123697
46001020	0.0148851943303221
46002140	0.00171625417135785
46002540	0.00162959596150246
46003380	0.00232412041201229
46006680	0.0011447062898934
46007800	0.00264571157733451
46015230	0.00145206271384545
46015821	0.00175805017384826
46017611	0.00168190387904816
46029741	0.00284472518904238
46035760	0.00403055680095504
46037140	0.00416520450384154
46040760	0.00101383145454349
46041491	0.00961165028657
46042400	0.00601171746094896
46044521	0.000959386701756693
46045211	0.00151642316849319
46045901	0.000935291756443324
46047971	0.00218367578576483
46048371	0.00119110283067946
46052661	0.00161522414734203
46053040	0.00104757091129376
46054540	0.000918980850887136
46058800	0.00131408960822547
46059920	0.0541283245215924
46063251	0.00114493082697491
46065051	0.000983453059340634
46066410	0.00328336546559588
46066540	0.0112506333276254
46066581	0.00201803286253637
46068330	0.00330539676772437
46069761	0.00231185773747483
46073310	0.00384280117901288
46073560	0.00156665026727205
46075691	0.00252233618510688
46076371	0.00398648865877247
46080350	0.00100850362313188
46080460	0.00171579175511867
46081761	0.0216382391539062
46082670	0.00117079602999611
46085191	0.000981050107962307
46086291	0.00201877475239097
46091780	0.00144650942222935
46094680	0.00232731176617773
46094970	0.00163389573950929
46098981	0.00335979025130417
46100050	0.00399536054766929
46101461	0.00213143405595454
46102031	0.00978949122046707
46102510	0.0013075469837033
46103760	0.000939313188485819
46105970	0.0036443760582781
46106260	0.00181445361428455
46106940	0.000959410776669364
46107610	0.00206842916255859
46108300	0.00162152729681678
46108491	0.00326882449694804
46112211	0.00689314274628264
46114421	0.0011266730535115
46114991	0.00347745688652247
46115121	0.0233964254865725
46115490	0.00212775669142493
46115790	0.00103803661745752
46118011	0.00254952803553403
46119340	0.00313027013818239
46120070	0.00219777993814413
46120371	0.00146801473654888
46121990	0.00118867343941251
46122520	0.00128171299046921
46125201	0.000971589294729296
46125481	0.00100690941006154
46126250	0.00211845252769897
46131080	0.000946005236003287
46131220	0.00538579288788869
46132450	0.00163420588510397
46132620	0.0119688126524274
46134841	0.00604110269438223
46136651	0.00103952951898196
46138130	0.0015024676372675
46138581	0.00162975343073968
46139531	0.00201264360096975
46140761	0.000961708576562712
46141820	0.00133455943542421
46143521	0.00106167151229051
46143671	0.00126765828360948
46144710	0.000943749557843396
46144730	0.0105026757268364
46144901	0.00102095749549396
46146810	0.00101656026455882
46146950	0.00233774265577548
46147330	0.00103113823873226
46149970	0.000961222825399157
46151661	0.000984369709869019
46153061	0.061518552714668
46155241	0.173514045390264
46157471	0.00105801230556163
46157700	0.0167349107995939
46158960	0.00110159042476842
46163261	0.000947737433152032
46163650	0.00659869745536702
46166270	0.00101573897453976
46166971	0.0021805723858627
46167121	0.00114882699463008
46169061	0.00261491357808162
46169130	0.00213677311243552
46172221	0.00190886020007547
46178151	0.000992139173966497
46182281	0.0412999788171189
46185970	0.00100398890765976
46186691	0.00118654913349225
46186831	0.0122752208677933
46190260	0.00335161973865237
46191880	0.000977432758456558
46196491	0.00470276337727833
46196781	0.00468254923689297
46207500	0.00104676431463779
46212061	0.00105127252965292
46213290	0.00458221191209179
46213861	0.00147803488349208
46214151	0.00208284099123455
46217150	0.0109839717848709
46218780	0.00144649606380211
46218831	0.00128512007118322
46224180	0.00152512070298819
46225570	0.00299870515805753
46225591	0.000957519730587898
46226021	0.0014794200623655
46226520	0.00107937484983212
46229991	0.00130725232714772
46241130	0.00205438661302585
46242500	0.00117633196369205
46245980	0.00144957341454248
46247320	0.00120280394228639
46258971	0.00130197675628961
46265810	0.0010708257675201
46267391	0.00436819673135324
46269051	0.00112450952574601
46271511	0.00131920242734593
46273171	0.00118892650059472
46274090	0.00144882895386537
46275801	0.0870937525807563
46276341	0.0013696443221454
46276850	0.00112643273225756
46277000	0.00118546150445771
46289041	0.00120448790709989
46296611	0.00274782836885887
46299091	0.00135756879324238
46301311	0.00709523170770243
46302530	0.00198484534099389
46302961	0.213654483992648
46303781	0.00195664927092758
46304710	0.00172884335260935
46307511	0.000952162455009798
46310961	0.00353380212672893
46313110	0.00160124624296338
46313420	0.00413925608374557
46314681	0.0113522750303501
46315610	0.0034959152361638
46317721	0.0307965413197049
46318281	0.00418893776188395
46319060	0.00164094975149243
46319371	0.000935373274927734
46322281	0.0078727784685136
46324290	0.00103908107709285
46324611	0.00277178400156898
46326490	0.00206841518552857
46327320	0.000951817353331966
46328870	0.00131377265261291
46334760	0.00100120198170206
46334930	0.00184261075072245
46336570	0.0012734581222714
46337400	0.00962777991704435
46337591	0.00250892421313568
46338541	0.000952790084732201
46340140	0.00223925310998432
46340310	0.00365128966435628
46341550	0.00134480893737122
46342650	0.0364774165695492
46342770	0.0126523269984201
46344891	0.0036807967703156
46345250	0.000994850302856493
46345660	0.0021682675544274
46350780	0.00105513061756205
46351101	0.00121796796864056
46352830	0.0171283667836123
46354391	0.000983268880912311
46355760	0.00567500861101462
46356410	0.00220531210328296
46359490	0.00325077901548849
46360761	0.00276017778915773
46361390	0.000978147864551311
46362920	0.137021355000142
46363060	0.00115863701845246
46364901	0.00129494701689451
46365291	0.409022822966252
46366100	0.00195199015328824
46367180	0.000946713462687108
46368481	0.00766816175181163
46371590	0.00215712718853377
46374900	0.000986177499149427
46380000	0.000918980850887136
46381561	0.00736293163266019
46381670	0.00163770671015777
46383221	0.00207360309569864
46383890	0.00327950382041807
46385000	0.00343554927701337
46385390	0.000947737433152032
46390271	0.00140233349743992
46392590	0.00238167281745335
46393130	0.00457897983886957
46394661	0.0078031927929539
46397441	0.00198098829913874
46398760	0.00215680559628224
46400041	0.000944586497159893
46402210	0.0333720201887854
46404700	0.0150663199644177
46404980	0.00152402604587034
46407480	0.00161555461197105
46408980	0.013145862872764
46409250	0.00169980570420588
46409410	0.00126429595889693
46410661	0.0633859589743253
46412871	0.00123682716910914
46412990	0.110045680045814
46413660	0.0016230536717355
46419241	0.000993318352363263
46419590	0.00145706785131556
46420820	0.000979623062442235
46421120	0.00134011532542651
46424041	0.00913283148251065
46424871	0.0317294619406227
46426090	0.00169234373813669
46426541	0.000918980850887136
46427361	0.00159090338966318
46429110	0.0106435419501614
46433960	0.00106921588589771
46433991	0.00248676093359922
46434090	0.00866255479438366
46437691	0.00350518130875733
46438090	0.00101610004494604
46438401	0.00125448564013151
46440341	0.00103066909654998
46441930	0.00147197084226612
46445240	0.0062642161221763
46446770	0.00329445008913277
46448550	0.0127636402598353
46448871	0.00097039993104716
46451200	0.0291500439313321
46452861	0.00493137518295609
46454661	0.00327830467588514
46455590	0.00115704275694264
46455870	0.00117609347277859
46456331	0.0140652498445556
46458760	0.0155882845308147
46459020	0.00152622671226683
46460560	0.0112890291433717
46460850	0.000932336358969435
46464321	0.00377132620860161
46466531	0.00110798596506395
46467511	0.00317266703572766
46469510	0.00148252552342441
46470951	0.0040400224463428
46472461	0.0813159250431284
46473950	0.00192016997869975
46476010	0.0288766563480371
46477001	0.00427627505980256
46477271	0.0120830731436657
46477920	0.075495860284059
46478750	0.00133218104733071
46481001	0.00107106404121686
46482880	0.00114675754146594
46483200	0.000968667419472924
46484581	0.00388249285251084
46485370	0.0124891269860256
46485800	0.000922046450819502
46486070	0.00217013178876614
46487290	0.00180330697836507
46488420	0.00406019482978459
46488970	0.00191004580493671
46490111	0.00186973613600025
46491030	0.00576550634133438
46495621	0.00529737220902056
46496820	0.00825976980334671
46498261	0.00123311954029577
46500051	0.0028851784476848
46500160	0.00113500848956265
46500430	0.00158482770383272
46500601	0.000922622310636117
46502661	0.00154739047919839
46504451	0.00152144155723979
46506620	0.0130963540699764
46509291	0.0953124009897673
46509971	0.00131522893495921
46514521	0.00178119193340595
46516051	0.00148783099754862
46516120	0.00188979661453416
46516191	0.00109179721714605
46518391	0.00100877506131825
46523320	0.00100222578186202
46524410	0.00522640638402843
46525240	0.00101226823806143
46527170	0.000935291756443324
46528540	0.00447403957069787
46531150	0.00409969838842952
46531221	0.000987480178535893
46531740	0.00429146495962789
46535440	0.016676344638886
46537260	0.00131869630251987
46540250	0.000946451225873545
46541380	0.000941596117572936
46541571	0.00323409000803308
46542101	0.486466857056645
46543300	0.00099674825727469
46545930	0.00129766380498176
46546190	0.00218732030773875
46546760	0.00100972311798372
46547310	0.00173852494393538
46547330	0.00181511743269235
46548301	0.0170724712173288
46549100	0.000983234010808265
46552150	0.00137205452238338
46552940	0.00326335996789852
46555440	0.00306442165004858
46556670	0.00114605871079718
46557780	0.00168273182424139
46558091	0.00252338037513313
46560051	0.00177123917963431
46561011	0.00193813490008361
46561431	0.00479378688618681
46562480	0.0010565434029285
46564940	0.00106843707662949
46566251	0.00132944872739988
46567341	0.0117609864163489
46567361	0.0459522445182762
46570241	0.0234272492201119
46572250	0.00249383415441923
46572960	0.00375836617019879
46573770	0.00100296070565569
46575071	0.054038884288666
46581660	0.00102629325028708
46582231	0.00106301888483635
46584540	0.00114956650410463
46586750	0.0070001694571134
46587201	0.00257257725052639
46588110	0.00161983238173672
46588451	0.00101588699431595
46588721	0.0393845854371795
46589951	0.00549242236766424
46590590	0.00110389813121326
46590610	0.00112729725053728
46591901	0.00119752559424269
46596031	0.00132123243355137
46596311	0.0026386034387981
46597691	0.00130953250321062
46601390	0.00172084615566544
46601930	0.0017694094343682
46603481	0.00109160582730953
46604390	0.00704978690137757
46604820	0.00345721807097349
46608120	0.00127029579619537
46608571	0.000982199022798764
46610630	0.00111818941322838
46612530	0.000926401345120349
46614521	0.000987480178535893
46616250	0.0148870271789304
46617541	0.00346153725871605
46620301	0.00101184448682709
46621531	0.00109884051306812
46623191	0.00265913250676083
46623870	0.000942186336307293
46624420	0.00260990729724188
46624540	0.00304146437497789
46624841	0.00208368357106225
46626480	0.00232714570653846
46626771	0.0111159586376759
46627601	0.00127309648149473
46631980	0.00102198632124921
46632680	0.00383409175732517
46632820	0.000940569761300911
46635741	0.00114444012089188
46635881	0.00209305474270568
46640540	0.001844404552984
46641640	0.00248517516301684
46641671	0.00430588335423739
46644851	0.00139594841348427
46645001	0.000935291756443324
46650170	0.0612147982254265
46650600	0.00484420260466299
46652800	0.0019029281044601
46653500	0.00450846961520102
46653691	0.00237686909047079
46656380	0.0175603870420844
46656810	0.00767349042274118
46657230	0.00122440888179255
46657800	0.000944586497159893
46659420	0.000931209685051038
46661131	0.00158194477597579
46661271	0.0256529441053657
46662480	0.00278893551838897
46663570	0.00231030990740162
46666600	0.0019528553809829
46669360	0.00537369437426901
46672151	0.00367150310637249
46677811	0.0305968906558613
46678470	0.00799621632706347
46679201	0.001947633700669
46679761	0.00399512257533524
46683341	0.00452402333444081
46698931	0.028557558974666
46702340	0.00244258281179379
46714340	0.0474479461354076
46714491	0.00997649355222313
46714651	0.039183640715092
46716240	0.00101504295315217
46716421	0.00126632894986911
46720790	0.0246194985573078
46721230	0.00108436428890393
46726101	0.00336180779530622
46726730	0.00212517880764896
46727400	0.00310899543147186
46729070	0.0129177814543546
46730371	0.00522805245671573
46731840	0.0045183069026239
46739710	0.00253392950999848
46742450	0.00500507419175916
46742850	0.00110001130252329
46743601	0.169388940122485
46744670	0.000937287036596213
46745190	0.00720569708399649
46746460	0.00154443359147975
46748001	0.0183393396022329
46748800	0.00116732100917351
46748971	0.0399901944788906
46749811	0.00161077412954256
46750050	0.00108504240973806
46750761	0.00143648966080556
46755570	0.0190819709686957
46756250	0.00217140973744571
46758440	0.00098087740594276
46759960	0.021240473633912
46760120	0.00473085721960926
46760151	0.00508643516554396
46761630	0.277791543943797
46761740	0.180812249366147
46762081	0.00104505748876526
46763840	0.0025080443934141
46766020	0.00132303933785084
46767710	0.0303253876313654
46768441	0.00125654585785601
46769480	0.0017498915712659
46770030	0.0268087753169831
46770190	0.0265166995728526
46772530	0.00311228173295715
46774060	0.00430786775209361
46776991	0.00274387405216677
46779051	0.0181885187358411
46779980	0.00166046096971808
46780360	0.00349460226434819
46782310	0.0197269704761948
46782491	0.000947805647001611
46782730	0.00275032465743931
46783570	0.00631561209693703
46783850	0.00108455579818721
46784660	0.00246027513599436
46787601	0.104011411901546
46788001	0.00405798225679906
46789661	0.00106472858941315
46790071	0.0342518620720614
46790231	0.0016484398892129
46792711	0.00104841498990601
46793600	0.000940019256088225
46795000	0.00189165862506929
46796670	0.00114831833749385
46796910	0.0208860343097391
46798081	0.00299204534996312
46800001	0.00513810638422643
46800800	0.00215301918648161
46801811	0.0308510677588735
46803051	0.00160650760012804
46808841	0.0179313956589041
46809801	0.00251986606959127
46811581	0.00129054745276352
46812510	0.00173068348978576
46818010	0.014651788240657
46819530	0.00211561796050989
46819970	0.000970072145431338
46821381	0.00202752713773409
46822160	0.00104762548626141
46825870	0.00403747044128196
46826030	0.00128888309458723
46826471	0.00565792309509178
46827700	0.00540848078836301
46829111	0.0111149105298961
46833890	0.00257273519042504
46836141	0.0163789051986929
46837490	0.00511879046164814
46838081	0.029665680833663
46838740	0.00245923704347402
46846221	0.00110400707757689
46847000	0.00614690295679809
46850710	0.00129746590502622
46851950	0.00102381829167659
46853091	0.00548787846077989
46853880	0.00610243165846403
46854700	0.00210937592343114
46857651	0.24166742926102
46859550	0.00156022244930197
46861180	0.00294931780268926
46865910	0.0213277588371157
46865941	0.00178539733503587
46866460	0.00198581634784846
46872411	0.0200596987538285
46874201	0.199268397554756
46874351	0.00298142741282132
46874460	0.00105699030306174
46875851	0.000986687792577057
46881050	0.408665516006273
46881661	0.111748126829973
46882040	0.0170452179833217
46884360	0.00120839613819042
46884380	0.00141604590078649
46885180	0.0154744465148674
46891670	0.0013195702175987
46892691	0.00113457632491318
46892780	0.0571639036680119
46894730	0.0010664392462574
46895451	0.00166640246738571
46895711	0.00475892141753452
46898331	0.0131781917352117
46899871	0.00347413311554674
46900100	0.00193081184692967
46902051	0.000959410776669364
46903260	0.00221177035489041
46906611	0.00138291372367132
46907670	0.0468709456555497
46907991	0.0967217952921365
46909231	0.00181213922768808
46909770	0.00212905793905143
46919581	0.00097128122404613
46920250	0.000978669973214385
46921501	0.00416973641949185
46923550	0.00198486217395364
46924520	0.00259928792494298
46925091	0.000943916532552628
46925221	0.157809173090877
46929610	0.00103614165181406
46929890	0.00483166489804502
46930980	0.00439676124653523
46931041	0.00106808353513448
46931530	0.100872471200787
46933460	0.0810316776966196
46934300	0.000961416461823072
46935380	0.00352335727750328
46936480	0.00181670364132772
46936620	0.0630129578910097
46937180	0.00212623326269365
46938850	0.00696458943528697
46944240	0.00101416930390089
46944671	0.00136231073868494
46945200	0.00250758046878953
46946030	0.0386243892286577
46946280	0.00147818459004636
46947581	0.00123608269907577
46950700	0.00690569949405704
46950990	0.00841471095579724
46951441	0.0152626041401517
46959711	0.00276016949684903
46961880	0.0514076869828591
46962611	0.0010436554462565
46963250	0.00416539406316817
46964380	0.00108894617144689
46964790	0.00126520454616261
46964831	0.00316876210071394
46968271	0.000965342615449226
46968750	0.00234726846198067
46969480	0.0010210058610412
46970560	0.095178045623191
46971031	0.00139870830846837
46972910	0.00410135546949785
46973781	0.00158243033830956
46975021	0.0151929665839989
46975301	0.00104406032104761
46976541	0.04426801900701
46978440	0.000978469694506681
46980070	0.191396701308052
46982270	0.0138638475193497
46984350	0.00474703302433766
46987940	0.00108388824209969
46988401	0.000961503165978053
46989060	0.000987480178535893
46989491	0.0011894245777815
46991971	0.00486281603171908
46992500	0.00105297722263463
46992770	0.00114953342860839
47000510	0.0347450881664576
47001040	0.00514765717876525
47004200	0.00149839492117884
47006881	0.00101409323038583
47009211	0.00348154274353076
47013620	0.00477991304525293
47016661	0.000949678777699201
47016681	0.0100785394129262
47024920	0.00881500554126297
47025040	0.00122901679299043
47033781	0.0020824829069648
47043431	0.00122741202365655
47043510	0.00127604511812584
47047100	0.0181760561909112
47047370	0.000972538074198943
47050150	0.0173110011719436
47060060	0.00590974712547309
47061491	0.000986596617799306
47065570	0.0303526168786727
47068750	0.00200976868309364
47071940	0.00171851803620421
47074471	0.0013725077775662
47075411	0.00475138062571224
47075841	0.0013503240558571
47081020	0.00204144586044047
47081351	0.013129313680205
47081481	0.000970719525822529
47082331	0.00102566904667744
47084121	0.00187015566012349
47086311	0.00517041144177535
47090051	0.0180966626088828
47093020	0.00100527399684102
47094191	0.00125946069435141
47095821	0.00204577968759114
47097160	0.00261955783021122
47097361	0.00102428310245693
47099151	0.00167201595433724
47103711	0.00118554031178053
47103950	0.000952111348144708
47104080	0.00463618748636826
47105501	0.0246308778046925
47107380	0.00155017509586907
47109761	0.00215134253009457
47110051	0.00512885460905772
47110690	0.000986396135758023
47111370	0.00145953660761754
47112190	0.00102602672347399
47113170	0.00431310553908408
47113611	0.0753112011177252
47113700	0.00127904479342345
47119510	0.000951041328032693
47119971	0.00545160344103455
47123561	0.00111126662617079
47124070	0.101357243425116
47125501	0.00120324942167326
47127380	0.00427673808918366
47128811	0.00911062256356325
47129440	0.00108977319462024
47130191	0.000972922355956063
47130950	0.000997307530744573
47133611	0.00115201329293679
47134871	0.00121383998318112
47136060	0.00292445479812876
47136661	0.0013859733456315
47137160	0.0212581610486242
47137580	0.00233922386967524
47139421	0.0137137018848817
47139500	0.00436687155798667
47143630	0.00353332896153075
47144651	0.0213845555530718
47148750	0.016434879599351
47149621	0.00130895615616243
47151691	0.285289576663095
47152050	0.00132521155118497
47155080	0.00106366222332914
47155250	0.0262358436107006
47158660	0.00167139453745017
47158731	0.00158735208322123
47159080	0.00245986311298757
47159961	0.000935593614326021
47160620	0.00108935414636424
47160921	0.00120741391353445
47161730	0.0125894943231568
47163131	0.00101630595822139
47167650	0.00126922182719594
47169901	0.0050307762565032
47171100	0.00114226769026817
47175110	0.000939066284018312
47177970	0.000982790531696024
47179940	0.00281930605962375
47185051	0.0405602420188911
47186731	0.00421422555896568
47189720	0.000942186336307293
47189830	0.0126894436201502
47192521	0.0127448590804303
47193071	0.0136412436890804
47193420	0.342659011469322
47195971	0.00194176164394469
47199350	0.00242213108388308
47201201	0.00099056873641384
47203790	0.00341434659297039
47203900	0.00299059965763479
47204040	0.00130123612996631
47206000	0.0058325294827486
47207831	0.00200003611287331
47208661	0.0144283632087848
47214560	0.0113471267296326
47220630	0.00284340524527805
47221430	0.0034503953844768
47222790	0.0052648689924887
47224170	0.00717324329305896
47225180	0.000971589294729296
47225730	0.00105917595064597
47226520	0.00200673329284385
47227380	0.00132662744373497
47232470	0.00824830521189284
47233461	0.0013295032326886
47233730	0.00214467830166854
47234280	0.00258500830113647
47234690	0.00102484892585189
47235141	0.00574862970313547
47241891	0.0599409315725197
47242100	0.013804519830789
47243391	0.000966087830689263
47243520	0.00122492867880264
47243671	0.00236992298259431
47247111	0.00106022937531166
47247200	0.00955490904115524
47247261	0.00103332313667298
47249000	0.0275675771456743
47250120	0.000924867983717692
47251801	0.03552418855548
47252631	0.00139727405564559
47253030	0.00211243969368512
47253590	0.00117834739446573
47258110	0.00109628525314148
47258721	0.00117013546906482
47260070	0.000918980850887136
47261030	0.00960976429424393
47261761	0.0011496213433132
47262110	0.00316627026892978
47265071	0.00150170189753821
47268310	0.00100612420522568
47273290	0.00100381715383616
47275210	0.00485084286249511
47277041	0.00228246062267656
47277290	0.0051674153622615
47277341	0.00297991723602034
47281820	0.00096323068596033
47283251	0.299354015949002
47283671	0.00129423004045493
47284730	0.00325753252628391
47288480	0.00230043507437047
47291230	0.00272636166162731
47293321	0.0183303858155084
47293690	0.00124727973813368
47297611	0.00101044808220646
47298670	0.00581726475008903
47302581	0.00104506298608328
47304511	0.0010161627642472
47306820	0.00711629867880651
47308091	0.0159686847009124
47309540	0.001112611332497
47309751	0.00787715224395968
47310981	0.000935291756443324
47314120	0.00321619620973146
47315780	0.0142219766609402
47318831	0.00220490260326877
47319821	0.00191495807623269
47321160	0.00232986768667107
47321300	0.00139858493240799
47325171	0.00108965937153634
47326141	0.000972777015294165
47327890	0.000935291756443324
47329041	0.00112674002977852
47329270	0.00729057209857616
47330270	0.00120751507886225
47332491	0.00250988465975064
47333150	0.00114296510075704
47334410	0.00122162294433488
47336300	0.00194165406931184
47338120	0.0013166858252299
47338161	0.0157802167640414
47338820	0.0188432329498619
47339650	0.00113725182310981
47339920	0.00115125536282658
47340491	0.00540324613290904
47347370	0.00102125131693974
47347391	0.00302593138195481
47349410	0.00692803390830108
47350841	0.00115826385719934
47351640	0.00380811179412995
47353591	0.00113523389003576
47356600	0.00160426366154979
47357290	0.00130241707948203
47357850	0.000933048030972178
47360911	0.00158655525102459
47361990	0.00252690666582368
47363910	0.00101535445475893
47365611	0.00550188981276492
47368211	0.00407840361631942
47369171	0.00110003012955049
47369710	0.00148983062253482
47370800	0.00716009410911795
47373461	0.00103120933172468
47374650	0.00894031667973119
47376751	0.000987666315180709
47378291	0.0246868920183758
47378380	0.000981832780168438
47378790	0.00197943811507605
47379931	0.00265607401274673
47384631	0.00896110989111431
47386380	0.0104149573368425
47387490	0.0189810399547834
47390930	0.00093669654797113
47392030	0.00126621594329834
47392341	0.00206141503311411
47392491	0.00738105924217675
47392781	0.000976215388881631
47396170	0.00936381019990186
47399060	0.00236772530279188
47401400	0.00110462313138049
47401550	0.00139029207756822
47404160	0.00228468593161148
47406281	0.00636982764898014
47407460	0.00235106086339291
47410230	0.00774047689521987
47411620	0.00302687436475232
47415781	0.000989750953404025
47416901	0.00355181908651334
47417020	0.00504495369475473
47420621	0.00109028267351307
47421191	0.00337272175018988
47425960	0.00098427244591169
47426390	0.00170609154580604
47428211	0.000916818858408939
47431391	0.00116573139130557
47432621	0.0014482335850549
47433451	0.00171372936536131
47433830	0.0383925548323742
47434291	0.00227047636017596
47435651	0.00148807815683285
47435730	0.00100979715302278
47438780	0.00106727130202578
47439251	0.00103968113033906
47439360	0.00231446096830246
47442800	0.00124711923386752
47442930	0.000997716422007954
47444450	0.00317244822524371
47445250	0.0016048162025695
47447931	0.00381885707866117
47449430	0.0707861533948243
47452720	0.00166088975145215
47456150	0.067050013996194
47457311	0.00111980303031609
47460170	0.0017960227157469
47461451	0.00193130472636003
47466930	0.00195611424343841
47466940	0.00220288061101446
47467501	0.00392175217190564
47468830	0.00114853534448203
47470760	0.00108439219731281
47471890	0.00820330641798453
47474261	0.000949608376284379
47474370	0.00194256835200542
47475781	0.0290606122600399
47476901	0.00463441504282629
47478930	0.00143427843503964
47479190	0.00654419303757899
47480440	0.00235930688751318
47480881	0.145038213365244
47481390	0.0018340130964511
47481410	0.00239384960582712
47486100	0.000928270334070413
47486230	0.00617297560685468
47486370	0.0628779513801012
47487231	0.000947737433152032
47488741	0.0052999356155783
47489930	0.00416160612656626
47491210	0.00220895667026956
47491371	0.00226677139601772
47492040	0.00791460542208065
47492180	0.0204419494077554
47493311	0.00097099882345163
47495460	0.00196786438276745
47498940	0.00110051082412242
47500751	0.00149442643134226
47500830	0.00202684811157351
47501151	0.00124530317044217
47505851	0.00535705917061276
47506271	0.569429980868238
47508051	0.00281597205605877
47508970	0.00118387481561177
47511900	0.00120181049997401
47515170	0.000973591637867554
47515931	0.00138577422665627
47516191	0.00231139877524406
47518360	0.00253154437378078
47518480	0.00281417184520035
47519450	0.00671722959638939
47521031	0.00391792816905037
47524160	0.000989331063364907
47525981	0.00359224400511514
47526070	0.00216655710582728
47526910	0.00785078082607388
47527750	0.00102644616133944
47528611	0.00140164838728125
47531651	0.00168562699289163
47532840	0.0575449134772559
47533410	0.0119950940019332
47533680	0.00132032783887319
47533940	0.00870555573116289
47535060	0.00120305204263083
47537690	0.0212614354668321
47541680	0.0133137673739228
47544040	0.00100633797736642
47544211	0.00169371230780128
47544341	0.00220987842535763
47556580	0.00102615606404439
47564731	0.00125179331718867
47564741	0.00137598543832018
47569540	0.00241996586302343
47570070	0.00103728653099716
47571040	0.0111443170148087
47572450	0.00181480269268201
47582551	0.0208592600019967
47586801	0.127293760697787
47590531	0.00116736390774284
47597100	0.00100791069425937
47598350	0.00119072799323247
47605581	0.00192015939216573
47607450	0.00133607633802494
47607990	0.0888037115630907
47608990	0.0040690806971144
47610261	0.0012167817499905
47610401	0.00590807238877545
47612061	0.0694602691864064
47612331	0.00379272826589477
47622210	0.0020389051622524
47625151	0.00265196402822783
47625561	0.00111393076976075
47626340	0.00113564879641967
47630480	0.00213164316646273
47630770	0.00109121130475325
47630951	0.00211781052419995
47632820	0.00116944587237676
47633130	0.00887299327134678
47633161	0.00214594136661451
47633920	0.0257574725801877
47635320	0.00500096185556274
47636280	0.00103115416866709
47636580	0.00170859953041089
47637281	0.00306712066784256
47637421	0.000947737433152032
47637991	0.0151112401898064
47638190	0.00103237910568534
47638470	0.00155140661107367
47639300	0.00287231948071406
47639860	0.00678769965750579
47640020	0.00102343510676011
47644440	0.00342418077040197
47646610	0.0048206110373332
47647330	0.00117142345271213
47648260	0.00891045957036656
47650801	0.00265445574287754
47654261	0.0017323352736494
47656260	0.00219433195564561
47660731	0.0335547564272703
47661561	0.0126674275694624
47662330	0.00832980440154006
47663190	0.00135077696493411
47664461	0.00434224298483248
47668680	0.00219019949143267
47669370	0.0175968546323836
47670261	0.000918980850887136
47671081	0.00318327474054731
47671300	0.00108678622442509
47672680	0.00177182584937501
47672871	0.128725553514685
47674261	0.000931838818621267
47676290	0.00245906324306499
47676881	0.00120857637548142
47677271	0.00858764790982506
47678090	0.000931209685051038
47679150	0.0783811595562837
47680280	0.653087153110619
47681780	0.0709142089416025
47682740	0.00111614152224566
47683840	0.00199005664520515
47684430	0.000992762886409128
47685151	0.242695374320292
47689011	0.0116385990656459
47689950	0.00165612120433021
47690610	0.0158292070783015
47693660	0.00276650096083374
47696550	0.00208340953057794
47697360	0.0127954965505637
47698921	0.00190971895783088
47702760	0.00137690400478978
47702791	0.00342682935302414
47705271	0.00254369018626681
47705561	0.0221218319095325
47706080	0.000940361115830715
47706941	0.00116636909032525
47709510	0.000912447762026984
47714241	0.00105924114623189
47716680	0.0147098988257235
47718080	0.00236719603959799
47721630	0.00305677924132159
47725640	0.00173874987938172
47726791	0.00216758968705561
47727840	0.00122091571589562
47728181	0.00413233916027984
47731061	0.00262817080122544
47731970	0.00147960545804374
47733240	0.0123627040104258
47734880	0.0021403448017984
47736960	0.00326607401471341
47742080	0.000935291756443324
47743870	0.00177298420498131
47743911	0.00540141781748856
47744260	0.000991643085665068
47746340	0.0294158234617561
47748991	0.0011012702035285
47749110	0.000929945887272815
47750521	0.000970958921088274
47750770	0.0444463058184674
47752250	0.0723526017191434
47757520	0.00111120421236859
47759580	0.0032152466019621
47759600	0.019394531274116
47761910	0.00204643208981265
47762180	0.00284898826166083
47763710	0.00169552358571542
47763970	0.00247770118577075
47764311	0.000967462819488975
47765650	0.0334944020399934
47767280	0.00102728168131185
47768530	0.00367772561633834
47771180	0.0013485772540837
47771710	0.00419826357390649
47772700	0.00184471705553347
47774241	0.00193560287417572
47775601	0.0013470319182702
47777250	0.02753009701599
47778381	0.00269670488460296
47780581	0.0027935609393036
47781780	0.00102088686421572
47782070	0.00103379721587815
47784120	0.00110812806078453
47788130	0.00181764660581072
47788171	0.00102914599363999
47791461	0.00198208666184085
47792800	0.291221316695462
47793080	0.00188398555946373
47793940	0.000989803103803181
47794060	0.00499755458457664
47794480	0.000978842341757411
47795570	0.00323812002695021
47795840	0.00580009372494125
47802221	0.0159757786599049
47802911	0.00135650482910789
47803320	0.00134561518845321
47803450	0.00167836071030889
47803570	0.045053225856259
47805951	0.0022261054238882
47808151	0.15556254827186
47809691	0.00118663951315627
47811430	0.0023768387487632
47812420	0.00204207740954163
47815201	0.0189919790585473
47815420	0.00411998077096782
47815720	0.00809561690713003
47818911	0.00123518905889835
47819290	0.000968667419472924
47823980	0.00139058418914299
47826200	0.00102247039748168
47827160	0.001069935052806
47831040	0.00402019421369606
47831061	0.00137477887340489
47838860	0.00253232853725443
47839201	0.00358155232454647
47842070	0.00100754572191306
47844991	0.00325987328012226
47846351	0.00114107148597801
47846450	0.00579222436736434
47849541	0.0501609875661563
47855550	0.00676486452855349
47856130	0.00106150222337391
47857630	0.010137931665019
47857910	0.000995300377534026
47860031	0.00102172992738124
47863030	0.00558246601215323
47863601	0.00863918346939567
47864510	0.000933819304287012
47864790	0.00323058287513024
47865551	0.0324384314865437
47869790	0.00130110124555578
47870491	0.00119593049847408
47870651	0.0010225121056217
47873230	0.00608461645902034
47874200	0.0130301442507609
47875310	0.0270496292063705
47877401	0.320432224334058
47877411	0.00132076970586042
47879051	0.00115901244235733
47880510	0.00120663148794597
47880701	0.00106272024423875
47882160	0.00100965464777449
47883420	0.000939313188485819
47884711	0.00474273208921038
47888691	0.00126849324884889
47892230	0.00309778169081816
47892380	0.00404981626004468
47896851	0.00437178524654036
47898351	0.0012294404681921
47898470	0.00120647593133138
47900421	0.00192179327410482
47901080	0.00197278775884302
47901470	0.00100725307243957
47903170	0.00194717141950256
47903990	0.00166626869315931
47906160	0.0192972303808433
47907451	0.0022181228881716
47908670	0.0015835006430961
47909381	0.00120436182511656
47909521	0.0854686310561563
47914170	0.0139354019563331
47916991	0.00225078105702198
47918740	0.0168195615287978
47919820	0.00205568009933935
47920940	0.00927409068648832
47921090	0.00843632520806646
47921510	0.00123443503676646
47922160	0.000981754762293568
47922750	0.0013768794562088
47922870	0.004054514855628
47927461	0.0070457045629363
47931000	0.0165243407309967
47932301	0.00137743351415704
47932820	0.00286531550974145
47934300	0.00123400122789847
47935400	0.00143197589571793
47935810	0.00168739740868108
47936831	0.00280071352606264
47937651	0.00715529402527564
47945941	0.00398480648104956
47947311	0.00125659221624935
47947710	0.0725528472213158
47948141	0.00321383261073407
47949220	0.000940778287919548
47950470	0.080560943562424
47951051	0.00207453014848022
47952831	0.00118120971275029
47955700	0.0845607830287723
47955840	0.000913866787142794
47957121	0.0946225348005244
47959731	0.005880405409007
47964571	0.201353433893452
47966180	0.00101587376576575
47966740	0.000985859337097043
47975301	0.00100240465615814
47976240	0.0087393042329406
47976510	0.00133166449423032
47976920	0.0014673734735613
47976961	0.00107999123992242
47979290	0.00118002297402639
47983120	0.0116107819763007
47984500	0.00123260509812549
47986761	0.00197770207114922
47988240	0.00402328540900427
47989900	0.00195008973470043
47989910	0.00134579326616804
47991160	0.00135500270907783
47991601	0.00100644582911114
47992770	0.00229094783680277
47995830	0.00114039808424749
47996630	0.00114667124589787
47997261	0.00137909850083556
47997391	0.00399166106681846
47997500	0.412995617892781
48004930	0.00182074677275756
48007000	0.00112135966184177
48008141	0.00101590022832853
48011810	0.00307728039674554
48012961	0.00249866191431604
48013630	0.0314434632286416
48016001	0.00346501220226989
48017231	0.00176581941856232
48019670	0.00143534636748917
48021521	0.00105378334996985
48023181	0.00711796389890166
48023311	0.000968667419472924
48026560	0.0101220676764428
48033900	0.00182517411001733
48037340	0.00108367578224762
48042631	0.00934666051392565
48043280	0.0624789335730308
48045371	0.0250054856460243
48052011	0.00165755325807377
48056971	0.0467554426545234
48068650	0.0382895117268338
48078990	0.00641946900348638
48093450	0.00516328868527012
48094601	0.00471938274235928
48099270	0.00202621213984349
48100141	0.00546476458406244
48101730	0.0020015003406067
48104620	0.0678231726536604
48106430	0.0209373016910979
48107701	0.0169443615149759
48109651	0.0011958845547786
48111021	0.00127993457295257
48111120	0.0020074864566703
48111400	0.00102050034132971
48113040	0.0082344325361547
48113350	0.00214794320593393
48114871	0.0139372237781714
48116500	0.00181416443233375
48117340	0.00140694338082978
48121241	0.0021899476061243
48127400	0.00100641617717902
48132380	0.0379063302709436
48132500	0.00220863116289804
48134030	0.00366386452535102
48135250	0.0355539668045146
48137180	0.00110406168429164
48141371	0.00274183681337057
48142560	0.00526902469984566
48143120	0.00160607761002001
48144890	0.00272798307353727
48145221	0.00230784892831096
48145730	0.00126513671380342
48148531	0.000951379118608611
48149590	0.00101127116734193
48153170	0.00761483062827851
48156391	0.00429047353737613
48156760	0.00358235198981735
48158700	0.00195776205090763
48159230	0.00168311185628569
48161091	0.0009967165658524
48161101	0.00143729739199259
48162560	0.0013545907842766
48164271	0.000966089706104608
48169180	0.00107411756230927
48170440	0.00352770714010112
48172930	0.00109296700069186
48174860	0.0303318338131574
48176240	0.00101656497992469
48180681	0.00274480152298246
48181160	0.067050013996194
48187660	0.000977128963398282
48188360	0.0346500957717287
48188391	0.00177828828527217
48190150	0.00144664435615397
48193180	0.0106650387906957
48193460	0.0120723510385284
48195380	0.0233390278690026
48197190	0.0010056032767559
48197781	0.000948051261644043
48197990	0.00250336774626673
48200070	0.00404148594186652
48200080	0.00108449827350863
48201720	0.00369509617546962
48202061	0.00181624081465052
48202840	0.000955544458505871
48204251	0.00250241234225779
48207161	0.00132912599613669
48208090	0.0328745584910629
48209050	0.0566418894104981
48212080	0.00206893476074202
48213440	0.0128985014913418
48213470	0.0111375841853339
48219831	0.00113689408689755
48221590	0.583917831103006
48222700	0.001458855318304
48224630	0.0151782316544768
48225060	0.00129240888917893
48226440	0.00111812631122952
48231230	0.00114278732710152
48232050	0.00335181279952814
48233091	0.00140299107004913
48235551	0.00157233240063679
48235670	0.00281754116978098
48236920	0.00107269927006052
48238051	0.00114707770681373
48239001	0.00202494322016692
48240951	0.000965373794714923
48242871	0.0011534074601345
48243130	0.0019804739838149
48243991	0.00103141748424011
48246430	0.00577086664734082
48251920	0.00255534385369023
48260210	0.00296204359133369
48263571	0.0123774429222891
48263971	0.00446191801848389
48266420	0.0109531361858257
48271981	0.00866340847568005
48273071	0.00134594618533687
48275821	0.00106310048238025
48275940	0.000992742703329333
48275950	0.00131345187005214
48281020	0.00100715214878523
48283260	0.00151771597372838
48287370	0.00144898332647697
48288121	0.00148726295968479
48290690	0.00248113003509558
48291240	0.00125562798331196
48297891	0.0308156928975436
48300210	0.00104449783859662
48300381	0.00131094158167688
48302000	0.000957119570372616
48302540	0.00184807307927748
48305761	0.00452980281867696
48306861	0.0128420981461667
48307100	0.00792281835151961
48307520	0.00121039926910717
48308371	0.0194842998509944
48314800	0.00127534522872467
48316231	0.00140049439846793
48319370	0.000968667419472924
48320511	0.00292709962905305
48320791	0.00170240557508974
48322591	0.00183309019411747
48327141	0.00142824117903182
48327250	0.0177714104240504
48328620	0.00397355248791315
48329580	0.00102598786335629
48331790	0.0026751735901708
48332590	0.00248851768949098
48332620	0.00432549339909093
48333430	0.00104367551170892
48334441	0.00118016491480685
48339421	0.00107520628162301
48341351	0.00356642744329006
48344040	0.00291890756851072
48344501	0.00141092865941394
48345020	0.00137614367643549
48345600	0.00761785797275963
48346250	0.109232500118015
48346301	0.000992442481318584
48349170	0.00182717173789562
48349280	0.00272783151563297
48350410	0.00167000831410547
48355380	0.00101397151930191
48355541	0.00105822473689798
48356091	0.0013700604286798
48357430	0.00104851581329662
48358260	0.000975408832535324
48358660	0.00428426972162937
48360791	0.00231534416776529
48364060	0.00444021806668205
48364371	0.0620568656920143
48368251	0.00628119759021788
48369010	0.00254124501690002
48370581	0.0336805941861773
48371411	0.0665604185537436
48371520	0.00135904083603392
48373730	0.00913881051098674
48375510	0.00266441072210413
48375920	0.00161563869941404
48376630	0.0291015956002132
48376791	0.00132209053128469
48377170	0.00168268820186685
48377481	0.00153405099977047
48380630	0.00128324491976891
48382441	0.0015218687791944
48384900	0.00164337270524763
48385491	0.00401774679658052
48390011	0.00498964254037536
48390280	0.00255670277294901
48391411	0.00911691755875906
48391660	0.0215960449198291
48394250	0.000928113647699071
48395671	0.000988714614296443
48396470	0.00116343717064654
48397751	0.00134298636527217
48397830	0.00201095673220676
48400490	0.00374963011574352
48400880	0.018258674764986
48404750	0.00212494047947468
48406171	0.371467719843831
48406380	0.000935247558922049
48406540	0.00144467166661345
48411691	0.0127853247182743
48412210	0.000918980850887136
48415510	0.00176226296942692
48418280	0.00306299210952479
48422970	0.016668576914707
48427121	0.00410654201848715
48430861	0.00202854059915485
48445820	0.000993201165454742
48457690	0.00235420488269769
48462800	0.00331838962866793
48468631	0.0028440273123018
48471080	0.00159614362083057
48474421	0.00380846151314546
48476620	0.00108630254084954
48477871	0.00208012851500703
48484491	0.00607543566277347
48490510	0.00380688951113453
48495350	0.00470010097822075
48497980	0.0100481275482312
48500160	0.00297954476420611
48501990	0.00120738450377068
48505290	0.0014902760839166
48514370	0.00098715760675491
48518540	0.00658896489107844
48519770	0.0128908791118961
48521810	0.0207395739366814
48527111	0.00254176836809313
48535740	0.00115949783446398
48536081	0.00237441258967079
48536330	0.0171115149047738
48536430	0.00224459253410063
48536740	0.000947737433152032
48536980	0.0033402513530082
48538151	0.00122495321877168
48539490	0.00275117641654983
48539630	0.0210095946060198
48550090	0.00305681411619627
48553120	0.0124359168877566
48558510	0.00298340207907838
48568481	0.00737077374319823
48569830	0.00488111538729318
48578011	0.0297728768157012
48580860	0.00211113305103076
48592911	0.00272668053105198
48593570	0.00183368248995616
48594981	0.00117742549481833
48595671	0.113701403895975
48596160	0.00139296810192431
48596590	0.00351499100831902
48596611	0.00867397862181459
48597181	0.0020459842283081
48599620	0.00211004566472615
48606541	0.000978561194923926
48608040	0.0112843857362213
48608050	0.00124194812621789
48608450	0.00226065836664527
48611880	0.00270878870444917
48614770	0.0238958524924381
48617031	0.00106852869739071
48621660	0.00136115091548386
48622561	0.00745995372412598
48623180	0.0015210594285153
48625690	0.00151532843982857
48627050	0.00168293378163571
48627521	0.208007996370433
48627531	0.00602495919568078
48634421	0.00281728872675113
48637660	0.00239871547912173
48639091	0.0558240091637939
48641321	0.000964021642072978
48642800	0.00126475304036796
48643190	0.00120018063380434
48647361	0.0319271855382994
48647450	0.000964270883120875
48647730	0.00213610266266041
48648751	0.4541212146772
48652580	0.00101557641777051
48653041	0.00212282032406291
48653260	0.69719812055659
48658261	0.00358232726480605
48660710	0.00255524206072293
48662250	0.00108182442944795
48663911	0.00100645743906054
48666660	0.00106955187701013
48667170	0.00119761885814592
48667180	0.0013308583905609
48667190	0.00130162358050063
48667760	0.00440670919028634
48672180	0.00892101982709712
48674790	0.00117785300975776
48675241	0.0017125419022828
48676751	0.00109923781190327
48678360	0.00530151384821418
48685120	0.000951922343347686
48695490	0.00101477431995277
48696601	0.00241584178916297
48696871	0.00281529577033083
48698100	0.00139759764852757
48698380	0.00195557504693746
48699880	0.00692563818719438
48700321	0.00177704171009643
48704191	0.0146587174746756
48704430	0.00320831339241138
48705561	0.044000325903341
48706350	0.000918980850887136
48708211	0.0139715030611692
48708820	0.000935291756443324
48709441	0.0017810854216643
48710490	0.00113907503914705
48711521	0.00153103832101809
48713530	0.0286564518909632
48713991	0.00208734388243174
48715030	0.00113232718367998
48716191	0.00100626786195902
48726520	0.00351091257940063
48728191	0.00163967968191991
48732960	0.00271199583225186
48733930	0.00102370189860116
48742370	0.151629743821316
48742821	0.00902476182009853
48743620	0.573784241227142
48747371	0.00217784900265106
48748710	0.00326225954817402
48751340	0.00152563233004659
48751921	0.00106648121653403
48754681	0.0107295084130246
48761831	0.00278182319613899
48767180	0.0143778646142814
48770801	0.00598563254063572
48772191	0.00118026716794728
48774931	0.0344198955316893
48777301	0.00167971551541942
48783460	0.00142646592900648
48786931	0.00268663158438729
48796540	0.0019604875441611
48822470	0.00614883058382106
48825281	0.00175490617660138
48837940	0.00140335286498939
48838261	0.0185227671249993
48840331	0.00673611924542396
48851160	0.00284274053204389
48851450	0.00300190851226639
48854261	0.00133441975236533
48854330	0.0016643882444749
48854521	0.00100010613104645
48855020	0.000949608376284379
48856700	0.00398183816372848
48857510	0.00117055461934159
48858090	0.00671013752228051
48858350	0.00661482527260087
48860980	0.0022543883465184
48861961	0.00278570107166052
48865001	0.00120974312538639
48865390	0.0185007281602981
48866060	0.00136004291928084
48866350	0.0107087465670733
48866671	0.00119263608478204
48867341	0.000962342517419073
48868430	0.519648537654903
48869561	0.0073664953977792
48877981	0.00191714123351165
48881691	0.0477278162880053
48882340	0.00132140083311186
48883880	0.00239936342754112
48885411	0.0321557478437884
48886671	0.00136876764022763
48886921	0.00237853181307743
48887150	0.00136086541275977
48895341	0.00287946472367759
48896540	0.00205210108218136
48896960	0.00354842839539053
48897500	0.00213022650299954
48897681	0.0640634101800277
48898381	0.00165313506042622
48899331	0.00161853540153414
48902801	0.00262809004789516
48903331	0.00111289523283827
48904731	0.000939187551762608
48907191	0.0212776761835848
48908150	0.0030290473744698
48908171	0.00164643684301362
48909490	0.00137024436253124
48912970	0.00198861461540196
48913500	0.00117367454996657
48914080	0.00114695518599102
48918340	0.00142728748144461
48919580	0.00113299614719572
48921421	0.00106481957296805
48924670	0.00294055734962421
48924680	0.0246372648440701
48924820	0.00100084004143633
48928021	0.00150056469358022
48928950	0.00194140233525386
48928960	0.00102727370534122
48929930	0.00110406686428079
48930740	0.0010161627642472
48931140	0.00101607564214941
48932280	0.00116911906025969
48934760	0.00735224116171635
48935560	0.00711628411151691
48935840	0.00118264478180528
48937500	0.00195158579532597
48939341	0.00346255308486035
48940301	0.0012014594630514
48943440	0.00318695840168154
48945131	0.00210836741775379
48949281	0.00388287079587865
48949380	0.00657509614018066
48949551	0.00104046063732856
48950350	0.00225007118431367
48950371	0.00196712008638363
48952581	0.00158047693226304
48955901	0.00112934964675536
48960700	0.00162796019740629
48961001	0.00512285379793433
48961121	0.00147536404816601
48962050	0.00144001249674751
48963860	0.000993077583422817
48965510	0.00228632391118362
48967621	0.00113880548386891
48972000	0.0010907663478978
48972520	0.00141400060700747
48974371	0.00147894523482576
48976581	0.0014331531471465
48977281	0.0187659539411917
48978521	0.00097821937310221
48979751	0.00127404417269363
48982371	0.00294588864419029
48983140	0.0020040460076392
48984431	0.00178268932235415
48986860	0.00369795021683372
48989360	0.00171185743015421
48993220	0.000933819304287012
48993951	0.0741206576108889
48997271	0.00136217248178453
48998091	0.00362438767955519
49001770	0.0661919081798243
49001801	0.00230524380561946
49005480	0.00391616683130718
49007071	0.00097403534920224
49010651	0.00129619811512421
49011130	0.00436594580451337
49012240	0.00308673434551154
49016270	0.166119602996191
49016690	0.00194230584783676
49016950	0.00223750977801077
49017111	0.00107635100422627
49019150	0.00101267128359226
49020171	0.000981764753812251
49020940	0.0135603884495723
49023071	0.00162802049865358
49024410	0.00138963678451758
49026241	0.0043507177790918
49028431	0.00637069739777047
49028520	0.000957957693892868
49029411	0.0011239490586157
49032000	0.00416609869200929
49034231	0.00135457985927793
49034241	0.00099155260202123
49034351	0.0129849177459018
49035321	0.000947737433152032
49037480	0.00312417150478056
49038050	0.00448419922843324
49039191	0.00191031093783858
49042310	0.026240612513345
49043580	0.00554234402436956
49051710	0.00787201159802773
49054501	0.00172288034394619
49055331	0.00179274663116941
49055410	0.00196674855421495
49059150	0.00184494756392792
49063960	0.035296867867826
49064410	0.0171879760732954
49065610	0.00139988690489068
49066730	0.00441752825634822
49066890	0.0010116889422553
49071710	0.00758922728530625
49073330	0.00359257486610237
49075690	0.00122769802412222
49075950	0.0120964284621498
49078310	0.0140207970745798
49078371	0.00106934055546028
49079201	0.00107825402568298
49082771	0.00138285698686692
49085811	0.00107033725792033
49085951	0.00118158770250885
49087000	0.000922046450819502
49090890	0.00148105066771009
49097791	0.00656352510841904
49097890	0.00118041065653879
49098310	0.00171308881086268
49098481	0.00108842073794114
49102300	0.00196164787296178
49103020	0.00304920725040398
49109760	0.00096230943713956
49111191	0.00164732293553221
49111471	0.0012888915496533
49112831	0.000926241583281674
49114460	0.00115535045263811
49114621	0.00140023738551327
49117740	0.00307336930703895
49120701	0.00564865922525479
49122921	0.00124481100884592
49127680	0.00140871601264428
49130310	0.00178117134722008
49132120	0.00111964870047044
49133671	0.000958114944430976
49134071	0.0237697983597244
49138501	0.000996219124756707
49140790	0.00731005414956465
49141941	0.00387568291648583
49142221	0.00131575497451667
49148141	0.00330529482027282
49149880	0.0030358772720147
49154330	0.143317962291207
49155280	0.00768092269874172
49158501	0.00484297436140597
49160500	0.00102717752565359
49161671	0.0248338877767183
49161951	0.00292744840005282
49163540	0.000950719106961811
49165190	0.00190262402109284
49165870	0.00110900446023291
49167031	0.00144475895221154
49169921	0.00676964364248959
49172670	0.00465896612846256
49174631	0.00262054798247382
49177111	0.00207533552777785
49180080	0.00321840578394793
49182310	0.0483338026018412
49182491	0.0209169643060456
49182840	0.00120221771107132
49186471	0.00193597017326263
49188670	0.00183312020727995
49189091	0.00187182939257509
49189391	0.000930248032490418
49193870	0.0461307950349092
49196401	0.00168200518163543
49196640	0.00369004447290113
49198061	0.00274661101477614
49198320	0.00204315500632816
49199270	0.0023519883748172
49207301	0.00136620975879967
49210970	0.00122325190992702
49213470	0.22326471331705
49213760	0.000951206583348412
49215410	0.00119389614443236
49217531	0.0132023445062928
49220100	0.00175017615045345
49220350	0.000974051598713803
49221251	0.00397450950805242
49222430	0.0136286793575544
49223851	0.00378311811364226
49227820	0.00140343534767088
49231431	0.00100410876871657
49232961	0.106328729057687
49236910	0.000918980850887136
49237921	0.001173013919728
49238160	0.00162908967768695
49244141	0.00265528008307545
49245661	0.00100856573627468
49247140	0.00662011582094359
49247400	0.00325532352501271
49249490	0.00306394526248821
49253050	0.022444653760284
49258150	0.00115296525195104
49258710	0.00168772394600167
49261170	0.00339730624252087
49262331	0.00213460496716516
49264210	0.00314544488871963
49267031	0.00273320948286495
49268831	0.00488497403341194
49271670	0.00417726725352579
49272340	0.00135891620902669
49273101	0.0729366487284008
49274140	0.00342433590905944
49274990	0.00475654894512894
49275280	0.00189671464775051
49281170	0.0752662847506518
49286040	0.00532393507767969
49286410	0.000951812326331642
49287650	0.00205863134123871
49287981	0.0013543233729341
49289600	0.0941888728598918
49292070	0.00109788878796021
49292811	0.0013112351656526
49293091	0.00114707770681373
49294450	0.000922046450819502
49299021	0.00611047167283928
49299721	0.00124598206111959
49299790	0.00117902136672589
49300490	0.000959410776669364
49300541	0.00177381794768189
49301361	0.00169168448496146
49302560	0.0827021358039835
49303250	0.000934659792777557
49303841	0.00101164523172416
49304821	0.0028263866461549
49306471	0.00463142686371901
49307650	0.00107736633789284
49308531	0.00184818510492621
49312671	0.0451252224608032
49313330	0.114377205089726
49315981	0.0312421783652241
49316531	0.0289378755977611
49316541	0.000930198326774017
49317221	0.00103682647265178
49317300	0.00101281765329574
49318270	0.00226452512373524
49318840	0.0288028677576654
49319810	0.00627489834899533
49319940	0.00100938437549123
49326341	0.00576534212756483
49326840	0.00106848809083478
49331141	0.00143343635154334
49333641	0.00689701485641974
49334041	0.00310727000410327
49335581	0.00266309797120085
49337440	0.00555471769129066
49339100	0.00138661370321306
49340531	0.00242226293867733
49340551	0.0010397169639593
49343090	0.00380630238964356
49343861	0.000918980850887136
49344210	0.00101928001501308
49344620	0.00203664218640998
49345850	0.00251497196093817
49346331	0.0226871906225847
49347561	0.00111242762077867
49348411	0.00635591607176716
49349771	0.00242291335948409
49350170	0.00190084469112268
49352111	0.00193904658768999
49352240	0.00706514175294727
49352671	0.00165535889206341
49353190	0.00123218531404166
49354160	0.087574218783177
49359790	0.00101245592353659
49360900	0.00855553022119956
49363120	0.00370926864723941
49366150	0.0231070724987732
49367110	0.00525592288456115
49369160	0.00319011676526965
49370580	0.00166875130878919
49371670	0.0018062881737065
49372060	0.0010847626020305
49372330	0.00131361622765431
49372671	0.00584792481975214
49374751	0.00313343006015972
49374970	0.006579305948194
49375090	0.00170528497268699
49375390	0.000974675978913561
49376671	0.000976970123547713
49378280	0.00696084679390581
49380210	0.00210085296612029
49382960	0.0010874301825914
49396811	0.000961250705934763
49399370	0.00320600593855935
49399991	0.0673246719667157
49400241	0.00347098894835722
49400261	0.00241242199095745
49402140	0.0024274605126433
49405290	0.00275047527902638
49406560	0.00284994730009414
49407151	0.00418643332033431
49409190	0.00264046863873847
49409290	0.00110383698403284
49415281	0.00196725372611183
49417440	0.00372778556796688
49421590	0.00139850467179316
49422290	0.00123256322473312
49426581	0.00165365412096004
49429180	0.00102033914348441
49429610	0.00100620259326482
49430570	0.00192994401271755
49431390	0.00181871211479477
49437740	0.00391832015288076
49437880	0.00210124853736142
49438020	0.0301870215115652
49439561	0.0432463694459637
49440060	0.00137826651832334
49445081	0.0010156578748628
49446721	0.00511594516856107
49451220	0.00601968787409743
49451800	0.000981762530916696
49457201	0.00111439409180307
49457481	0.00125655480625192
49458290	0.00240059389132818
49459630	0.0517717841959808
49459800	0.000918980850887136
49460760	0.00965564181537859
49463490	0.00114623607842662
49465061	0.00144193737840504
49466031	0.0188112624758549
49466311	0.0382178910093884
49467930	0.00451014124636777
49471401	0.000918980850887136
49471691	0.00290891211095654
49472111	0.00101588699431595
49472210	0.00140252583365108
49475971	0.00166131898857313
49482550	0.000948414552836169
49486311	0.0041085168665752
49487080	0.000957291107202645
49487421	0.00124285869371321
49492651	0.00100893361306128
49495900	0.00103614640173078
49496381	0.00199279895760382
49497010	0.00117319562669278
49498140	0.0083260049398668
49500350	0.00152497589279537
49501061	0.00341570862145324
49502431	0.00140110063815127
49508651	0.00316224023921218
49512190	0.00264847528063152
49512470	0.00106327369373955
49513881	0.00230900496976809
49515390	0.00172516321309463
49517590	0.000996407834557022
49520521	0.00103311233112375
49520921	0.00186311496305404
49525191	0.000957119570372616
49525601	0.00581573991377795
49531620	0.0011540752830357
49531671	0.056244211742931
49534830	0.0306188573021062
49537901	0.00100464591004122
49539240	0.00107172185990189
49540890	0.00223230036908471
49541201	0.000999656928418537
49545051	0.00103026560075556
49547630	0.00153401024426171
49554400	0.00372301908822986
49555360	0.00172253562579901
49555630	0.00499901303317781
49555681	0.0065447187957005
49555811	0.00297387009247626
49556231	0.0166006144640049
49557621	0.00279791361921069
49557690	0.00111942361373751
49559951	0.00181010693812105
49560631	0.00116778176984328
49560740	0.012288573386154
49562660	0.00103178697860784
49563340	0.000985946667148698
49563500	0.00388068330737182
49565351	0.000975305581027933
49566560	0.0170358224569834
49567121	0.00580504004480095
49567141	0.0039868408424487
49567671	0.00139147017594384
49569710	0.000948647855435002
49570250	0.00111204250782808
49570270	0.0010149416313837
49570940	0.00102843599315282
49571490	0.00218834545668704
49572310	0.00168921715505151
49572480	0.00338511466023435
49573970	0.00365728430075854
49576200	0.00421598736427299
49577481	0.0622102731766484
49578280	0.00120533524090626
49581461	0.00274161681409721
49581860	0.00234323811701859
49583531	0.00100639555686756
49584460	0.00105176967217713
49585051	0.000985732978616612
49586390	0.00118373546091545
49586670	0.00199905853125307
49586991	0.00477985723758968
49592330	0.00107699827721678
49592740	0.002591162038846
49593440	0.000980158558502787
49595760	0.00104078982883318
49595790	0.00093669654797113
49596060	0.00125437179885979
49597150	0.00296946673023548
49598151	0.00653937348368083
49598400	0.00117817371871433
49598520	0.00194752463099024
49601181	0.00315074657469552
49605611	0.00129581024282402
49607500	0.0424398837330549
49608860	0.00237557119778467
49609680	0.443294272836289
49609980	0.00151282996718651
49610800	0.00102040955004081
49611131	0.0551642993079384
49619411	0.000968667419472924
49619620	0.0228273449375747
49620340	0.00133744058314658
49621990	0.000945673202108859
49622940	0.00236354852002259
49623480	0.00126872352574134
49624310	0.411871031242188
49624750	0.00205778077012364
49626100	0.00113122265140181
49626571	0.000969246947529337
49626790	0.00787594943190079
49628361	0.000937305113761211
49628921	0.00497870627344962
49629550	0.00189953531460009
49631230	0.00253587453490168
49633300	0.0023532916405103
49634161	0.00194221070707304
49636040	0.000993546170168731
49636470	0.002886216251058
49636990	0.00109195729893855
49640351	0.00230639502104236
49641430	0.00327059192980132
49646650	0.00104707794067148
49648740	0.00199311970709172
49651401	0.0159600255742539
49652480	0.00105908351955032
49653601	0.000924371789200717
49653960	0.00134493321216225
49654540	0.00113070110515775
49655391	0.00131706496780689
49655470	0.00257588346058698
49656460	0.00157781899103327
49659531	0.0249316782367709
49661280	0.00100658112358114
49665311	0.000958195518067001
49666130	0.00261819519893003
49666230	0.00151521109767554
49666780	0.00322423540297865
49667360	0.00235478670439942
49667811	0.0012406786724828
49672761	0.0216666387261521
49674960	0.00127278955273693
49677570	0.00266431320380228
49677820	0.00133093764613602
49679821	0.00103899420534976
49680761	0.00278073070188748
49682680	0.0106734558476959
49682691	0.00176369956822801
49683370	0.00095913588489427
49684020	0.000959410776669364
49686250	0.01221365117712
49687880	0.00170540157203525
49688310	0.00521451545048298
49688371	0.00711855987568971
49690400	0.00672228883118971
49693830	0.168176949501814
49698260	0.0120168177693507
49699090	0.00262698978853288
49702640	0.0193752012955482
49703661	0.000918980850887136
49704460	0.00102378971044359
49711521	0.000965737134880987
49714011	0.00169786257706192
49717670	0.00134641370173475
49720751	0.00102116530868583
49721700	0.00158060751043841
49723241	0.00355637184997952
49724150	0.00111375929518097
49727470	0.00285076284172634
49728300	0.000966163069269102
49729280	0.00353077308237105
49732351	0.00132642722445043
49734240	0.00112941380700278
49736590	0.0037903070321408
49737420	0.00190980305884167
49737540	0.0113775403842428
49737991	0.00128424632432193
49738100	0.00433913071173921
49738770	0.000975925078135817
49740501	0.00288156775250466
49741290	0.00259232374608706
49744211	0.00228318049595273
49748221	0.0012871909710309
49749581	0.0085580436236546
49750120	0.000986048599902978
49750790	0.257841463157968
49751791	0.00136507365280006
49752081	0.0134380291095971
49752491	0.00121718391865593
49753530	0.0555525838563222
49754240	0.00186442421230505
49754961	0.00106148042386259
49754981	0.0010531551314598
49755381	0.0020739130363108
49757670	0.000984868439525609
49759340	0.00251872100524086
49765430	0.000971563098590279
49766220	0.00240603243573524
49767350	0.000943870433159441
49769021	0.00101954879383685
49769560	0.0177146345334642
49772040	0.00537235662819358
49772341	0.00202021786054807
49772891	0.000939716413346846
49773161	0.00165024088180785
49773711	0.00097002171138934
49773960	0.0035435726539538
49776341	0.00101845447756549
49780720	0.00425282150192342
49782650	0.0061489102579175
49782660	0.00108471187016003
49784580	0.00119746317807272
49784590	0.00104987309642466
49789960	0.00204831877907809
49789980	0.0017082482814963
49790551	0.00254595657260308
49790770	0.0147639003859074
49792331	0.00125133377543867
49793110	0.00128585992205318
49793670	0.0284420366521463
49797810	0.00939714040844321
49807610	0.00134458312715397
49809390	0.000944030802606282
49813690	0.00133541674157692
49817301	0.0263826043899816
49822110	0.016480448450212
49822510	0.000938411716316521
49824280	0.00120745530954716
49824980	0.00108545060048907
49825010	0.00795854951077597
49836840	0.00567098780706189
49836891	0.00105750661900769
49844601	0.00112922807017175
49853550	0.000981662805265388
49854800	0.00122693499162061
49856730	0.00122953969991125
49863371	0.000983874911085041
49866401	0.00126555944339362
49869151	0.094059886381905
49869940	0.00247745473555608
49871600	0.0211982758064429
49877260	0.00312073441799475
49881291	0.00126213443127604
49884211	0.00122695654287897
49884741	0.00720821290295458
49885120	0.00728535180074594
49886920	0.00988461628630902
49887310	0.00116511531710371
49887320	0.00106032555703069
49887450	0.545389340685257
49888150	0.00177893404791916
49888871	0.00125224968267862
49889960	0.00106610799681064
49890961	0.00116779501156076
49891791	0.00129735926281319
49893930	0.00346358995274411
49895450	0.00433678144772755
49896700	0.000979623265383485
49898001	0.0018159562163401
49898780	0.00107436221821514
49900990	0.00133888643627853
49901670	0.00106604423017758
49903590	0.00129771465810621
49904741	0.00124781104405426
49905530	0.00124231377644711
49908840	0.00104849407080559
49915620	0.00103186732390246
49916580	0.0492910084642976
49917100	0.0035880014605989
49917390	0.00418791842680182
49919450	0.00326312138272111
49920580	0.00190995290649127
49922541	0.00109622974519826
49922890	0.00214147215950758
49923320	0.00253619324536896
49924850	0.00192276588984553
49925110	0.00157452263465214
49926750	0.505868251261628
49927040	0.00299297501207642
49927580	0.00172078087616073
49931231	0.00170309888645781
49932680	0.0011710987895749
49939850	0.0152567939988619
49942620	0.00936183390012796
49943030	0.00786830236359941
49945031	0.00199059750695981
49945250	0.111588579384518
49945790	0.000922046450819502
49946941	0.00304754076317664
49947340	0.00153753733548423
49948731	0.00859856075103066
49950360	0.0013489713511817
49953380	0.0381822932075664
49955901	0.00179560279366291
49957540	0.00848820632394251
49959901	0.00297255307453884
49960990	0.000951663181237451
49962470	0.00415871951483993
49962880	0.00107589787316459
49964150	0.00240958859103071
49964980	0.00140291824387691
49969110	0.00235597396746991
49969151	0.00143659932909952
49976540	0.00593121481285035
49980580	0.00187279494070104
49980871	0.0017880684608913
49982770	0.000984312768088269
49983621	0.00426880734091841
49985510	0.00555530534695142
49985940	0.00101865159169835
49988181	0.0530812564303698
49990661	0.00777608852824336
49992191	0.00115229212803135
49997950	0.0488197646504855
49997961	0.00108126711340796
49999880	0.00105098493618238
50000830	0.00214557409972551
50001230	0.00105436532236835
50002610	0.00106735832816779
50003501	0.00191628498621226
50004591	0.000922616981868693
50012410	0.00107994673549014
50016861	0.00155439612642005
50020570	0.00607292948333994
50022210	0.0028869700638856
50025981	0.00150041924245944
50028420	0.0154414246302538
50029910	0.000959410776669364
50030360	0.001099156282557
50031310	0.0227810235153214
50032120	0.0169133541484828
50039300	0.00531872547873556
50042760	0.00118435686757312
50044041	0.0426618468009844
50044861	0.003399439333643
50046190	0.0278612738764514
50052031	0.00108678933972852
50052051	0.358543634985015
50053800	0.00333905963148291
50060161	0.00112732209691112
50062651	0.00184348404442156
50066060	0.000971589294729296
50069271	0.000974633447323406
50071300	0.00100012569830853
50071870	0.00279995021765882
50071980	0.120821718410603
50072660	0.00311402395399258
50074661	0.00104159384653663
50076161	0.0214028282730178
50078470	0.00122643236075645
50079010	0.00299173742929154
50080010	0.00233825026009356
50083891	0.00103899029359789
50084530	0.00102371478207837
50085240	0.00175186574689021
50087771	0.00442868132906644
50088321	0.00166312594092381
50088980	0.000992720277925156
50089141	0.00201693036958233
50090180	0.00370791930689337
50090241	0.00209874725573355
50090350	0.00216169846792266
50090730	0.0043386768943489
50093811	0.00097032936633871
50094070	0.00135004027269117
50095341	0.00243329430586799
50096321	0.00120588158126951
50100950	0.00279141117002951
50101910	0.00155671251117691
50102521	0.00111466559783072
50104820	0.00473657377798993
50104871	0.00244842859706854
50105541	0.00656576293898742
50105640	0.00122075936652021
50105940	0.00106042490947984
50108731	0.022829349916346
50110080	0.00430733861824311
50110381	0.000980966952177336
50110521	0.00110856724629874
50111170	0.00106201299265113
50112021	0.00819673625390528
50112871	0.00131929887177561
50115901	0.00693387683942295
50116380	0.010509248591259
50116670	0.00125686887010681
50118070	0.0012607737741398
50119751	0.00108003535345659
50121920	0.00209808496484297
50121971	0.00330596047116126
50125531	0.00152041810442972
50127290	0.00339580157312053
50128301	0.00350414582033876
50129001	0.00100886610414478
50132031	0.00180615204717773
50133480	0.00799291172128556
50134361	0.00233832391414308
50138040	0.0011482044277437
50139450	0.00254337170560745
50141940	0.00479021464752472
50144400	0.00126847111300383
50145910	0.0189836633274897
50146490	0.00176405279730977
50148571	0.00239244034732086
50149660	0.0254131682127032
50149941	0.0122876691612136
50152810	0.00816579436581265
50160301	0.0654046558973083
50164540	0.001644286098645
50164690	0.00116724978653727
50166050	0.25095396321596
50168830	0.00210432203746848
50169350	0.003654168742468
50169930	0.000949916903893111
50178651	0.00116187228809649
50179980	0.00100777340140571
50180120	0.00100821683387296
50181001	0.00379622794074225
50182620	0.0332253359389476
50184410	0.119739921368265
50186450	0.00108380952805707
50188301	0.0274850993299931
50191310	0.00201009533432303
50192971	0.00126004089514628
50193691	0.0100237260265342
50193790	0.00217193029628043
50198480	0.00101065202856352
50208011	0.00126613144486542
50208670	0.00136211604731749
50209100	0.00124442086917078
50209640	0.00124088740589959
50210200	0.00126616713675172
50210880	0.0012694599154381
50212581	0.00155081430549396
50215591	0.00101110154593998
50216940	0.00109697352572311
50217900	0.0643347838737457
50219000	0.000933091426800389
50220721	0.00408173586971119
50224270	0.00308023251487775
50224441	0.00095403626974114
50224820	0.00097121775689445
50225411	0.00155181778604852
50227430	0.00652661552793102
50228920	0.0220270150441282
50229271	0.00149377676344457
50231591	0.00655562212774764
50231720	0.0167168944650179
50233760	0.00614182945978161
50235191	0.00125105929214689
50235611	0.000955614087446044
50236161	0.000931290828434762
50237801	0.00313516152018119
50239830	0.00145342755444001
50242040	0.00626550094803099
50242990	0.000983409789292545
50243601	0.0358045807549157
50244100	0.0061947793439862
50245650	0.00327517078632216
50245790	0.00356820232097629
50248100	0.00529819595312863
50250060	0.00156302594020174
50250330	0.00413771319584156
50252090	0.00171676539644265
50252981	0.00344526688130224
50253391	0.00363327452818573
50254860	0.00106204065071545
50262160	0.00375609919866889
50262911	0.00350188249122683
50263311	0.00268030458982522
50264971	0.00144860691820114
50265190	0.00130130338052802
50265470	0.0095120806784866
50267400	0.00296865865081294
50268670	0.00124821118974814
50270430	0.000967273052755382
50271721	0.00223970629267666
50272281	0.0012997408968813
50273101	0.00128408096849574
50274351	0.00115327584758924
50274631	0.00872236038597972
50278890	0.00097108311822261
50279300	0.0394334588846253
50279601	0.0012760410646937
50283420	0.00171204278830062
50289401	0.0114667902097108
50290450	0.0060323237274802
50293770	0.0062421855729876
50297900	0.00145828851308483
50301811	0.0242322156901507
50306631	0.00209521813692095
50307051	0.0022483878891163
50313500	0.0163373228453444
50317050	0.0201388900324061
50321460	0.067050013996194
50322010	0.00385289149522257
50322450	0.00530088049619295
50326061	0.0105485404039624
50338300	0.00528394806336148
50344370	0.142778034383523
50345251	0.00109284151818547
50346860	0.00872744226559651
50350201	0.00139880890995692
50351010	0.0124705905755819
50353811	0.00423123730252435
50354700	0.00169955528517799
50355311	0.0021964940902919
50360281	0.0010590434458456
50361101	0.00139434196892381
50364670	0.0115747956832851
50366570	0.00134651279935964
50367400	0.00305535172285597
50368120	0.019757437820228
50374341	0.00141475019363761
50375861	0.00097597564287355
50376001	0.010181437851137
50379280	0.0024174447216328
50379400	0.00247224048772471
50392230	0.00151257975445544
50392630	0.00390493197222389
50394331	0.00524500093365179
50400510	0.0352235463387191
50401911	0.0191204059097696
50408090	0.00332646366617776
50408401	0.00160251763552552
50411240	0.0024199456245345
50413750	0.00175575776864861
50413900	0.00227450380444058
50416790	0.00120205097587761
50419711	0.00779187326410302
50420671	0.00180904324193068
50422051	0.0237601032240151
50422160	0.00267574526078011
50422420	0.00684257117758802
50427291	0.00100976825045755
50428940	0.00281309793710732
50429791	0.00380805602717109
50433371	0.00166012959048954
50433921	0.00144455762930053
50436100	0.00225974238928987
50436421	0.00201759509164233
50438180	0.0105337214451903
50438420	0.00106388989497817
50439520	0.00116883517200728
50441651	0.000967521529798934
50442601	0.000929945887272815
50444421	0.00266947076474579
50445050	0.0022488094199628
50448251	0.00205718464389244
50449600	0.00268828599960757
50449860	0.00136839807260565
50451270	0.00101687731176389
50452620	0.00101400460324393
50452961	0.000935800933496583
50453651	0.00517986556256954
50458761	0.000948461287556284
50461210	0.00197012181019008
50462860	0.00360255051031424
50465791	0.000940778287919548
50465880	0.000959410776669364
50466761	0.0015868144059873
50467171	0.00219195467930703
50467841	0.00109083216780305
50471301	0.00315504864207642
50472240	0.00140414619828922
50472531	0.00356735639044127
50474410	0.00123086306096012
50476080	0.000982068074799039
50476520	0.0040252955969092
50478341	0.00297818855427098
50479711	0.0255006250901636
50480620	0.0026741964868811
50484941	0.0165562520550185
50488640	0.00309506552474918
50489310	0.00119533409692415
50490300	0.001230200755589
50491110	0.00121692654775972
50492811	0.00137103842261238
50494850	0.00146880425015145
50494881	0.0012394167487817
50495120	0.00207313901923647
50499441	0.00190953180114599
50501631	0.00151831680667053
50502881	0.00110191773570328
50505040	0.045639072561792
50516640	0.0537541319868314
50524510	0.00188755746811586
50525310	0.00512240702342304
50527260	0.00141057980633919
50527780	0.56973267860347
50530051	0.00368510933366628
50532121	0.000939928733121983
50534181	0.00105809545718976
50535950	0.124757822204597
50535960	0.0115361874311752
50539810	0.0058932163224204
50543820	0.000986177499149427
50555810	0.00252303283715367
50556470	0.00117560776956262
50569990	0.00116970395157597
50578420	0.00349880086794277
50578670	0.00123800477616883
50583421	0.00173862046511738
50585330	0.0229604493977245
50586461	0.00201451271639639
50589361	0.00143931703278855
50589901	0.00594713999848798
50592920	0.00175725565342694
50592931	0.00103810212731911
50595950	0.0345162611433687
50601870	0.0019209007876722
50602171	0.0138446856595334
50603981	0.0209931680997781
50604401	0.00596107651266841
50607110	0.00241031786953643
50608740	0.00127481952347284
50611131	0.0107406060191865
50612460	0.192282750682488
50612531	0.00288407654020044
50613071	0.00248713752312395
50613170	0.000944536026024128
50613310	0.0664520784855473
50617481	0.000935291756443324
50618171	0.00143798490022126
50619650	0.000987782129651692
50622020	0.00516261664164342
50624350	0.00505477472762692
50626690	0.00308459664345178
50627541	0.00269846179264067
50632340	0.00121804978516491
50634410	0.00191505615835361
50634581	0.0259539507938803
50637891	0.00130297753205085
50639090	0.00413948837255683
50639790	0.00684113128997936
50642441	0.000992378166679818
50645590	0.00101799826197585
50646260	0.00103941994112169
50647151	0.00213406067302577
50648880	0.00322533651303659
50651250	0.00108026081719394
50652180	0.00175268167207361
50653970	0.00125192343464584
50654581	0.00130556924541434
50654700	0.00124472279301838
50654830	0.00790411228903325
50655401	0.00722719930379671
50655831	0.0057813298201806
50658810	0.00172179256425593
50660531	0.195782283022223
50663100	0.00142632670764367
50663790	0.00169992343017351
50664210	0.00444146932244005
50665050	0.00127419195001162
50665761	0.000928064055922792
50667240	0.00103137759279671
50667401	0.00156348952030177
50667630	0.00335277539087804
50668521	0.00539819049445537
50670140	0.00209151737979007
50671920	0.00337674000714031
50672391	0.00106542650606546
50673850	0.00208735801884565
50677170	0.0811819384514097
50678000	0.0084118340786185
50681150	0.000980091836326422
50684080	0.00112933122970412
50686560	0.0226298610970329
50690800	0.00693079397988854
50691961	0.0035089544518756
50694950	0.00139493398674931
50701980	0.00125377403269046
50705611	0.0222099212591123
50711411	0.00266501467624985
50714711	0.00837480464095755
50716460	0.00841249641746348
50722800	0.00193382214411869
50727520	0.00447677638328843
50748750	0.00454792599900597
50754530	0.0181629383100638
50755350	0.00102316261202787
50755811	0.000963863830080244
50759360	0.077041676077172
50763360	0.000938733394372979
50764781	0.0125568866098515
50765970	0.00286992039661123
50767350	0.000961725269126136
50767541	0.00230218917342981
50768361	0.000978310145796468
50770120	0.00414473324382175
50770311	0.00190227420998592
50771930	0.00101296253908313
50775080	0.0015269077425805
50775401	0.00103181458713402
50775640	0.000957119570372616
50776771	0.0010249065754592
50777570	0.00274310943266116
50778021	0.00137350860181983
50778110	0.00252417126423681
50779100	0.00104889521803804
50779510	0.00131692978018873
50785341	0.0181921220082785
50786281	0.00106821903909563
50789481	0.0011169908230755
50790400	0.00133442233259373
50795521	0.00308026011469369
50796091	0.00189692538945025
50797700	0.00106787417461762
50797751	0.0309088976228614
50798240	0.00123205764139819
50798390	0.00124626526837891
50802380	0.00306221974164445
50806301	0.00165205876664791
50807750	0.0245173900961631
50809290	0.015712209060147
50811620	0.0012815320654255
50813140	0.000931159927998781
50813720	0.00261709552304112
50817201	0.00136939118845199
50820081	0.00188711718185278
50823360	0.00146665013742368
50823920	0.00303932264148465
50826390	0.000944744587139281
50827111	0.0016162632636115
50828470	0.00109585553332691
50832901	0.00239802859606246
50833061	0.00124810295208865
50838581	0.00111280318513779
50840071	0.0195692513496234
50841061	0.00427014436638172
50842161	0.0302096534030426
50843241	0.0057269005579866
50843391	0.000997288590670838
50844310	0.00524844099753392
50846001	0.000950723802726631
50850291	0.00112517835546708
50851811	0.00225659321815695
50852621	0.00447098560257861
50853061	0.00188791471847234
50854691	0.00109767889388821
50856341	0.00634064615548606
50859681	0.00114636196645451
50863880	0.00230845668784219
50864621	0.000957591613333101
50864911	0.00411512582443819
50869260	0.00156175790875063
50869871	0.00130014375592738
50872740	0.00109493990280383
50882680	0.320078997584487
50884020	0.010007559207186
50887090	0.00289038010580045
50890650	0.00426295652913834
50891801	0.00180490234788542
50900710	0.000954057459085396
50900860	0.000956532623773696
50901160	0.00167418023531541
50901721	0.00110934681038049
50902540	0.00162979341843152
50908330	0.00498513280808573
50909550	0.00135561637899688
50909980	0.00104886555320535
50910360	0.00190944385535207
50910380	0.00406050378717792
50913010	0.000943212916814491
50918250	0.000985859337097043
50918660	0.0025409667158562
50920730	0.00369914260432004
50923921	0.0011227075711912
50924860	0.00241151222794392
50925010	0.00218681654144961
50925670	0.0018806756951773
50926380	0.00434806023504775
50929840	0.00104224625912807
50929861	0.000951812326331642
50932430	0.0114224330558614
50935770	0.00140342098043763
50936201	0.00123187353759844
50937700	0.00347031623202468
50938271	0.00153719014236591
50938421	0.002340612008236
50941430	0.00107023059561686
50943101	0.00508703375448655
50943531	0.00118746085608096
50945150	0.00528588432086268
50945731	0.00951892846516774
50949031	0.00121646856212561
50950500	0.00157584691996589
50951060	0.00116787873865185
50953041	0.413808850808846
50954841	0.0114612567616962
50955511	0.00324274182817723
50956700	0.0010801263902053
50957560	0.00254014535166615
50958151	0.0111533639880948
50959610	0.00548948117259414
50960990	0.0272215431110145
50961150	0.0031696969102102
50961520	0.00144173595018317
50961711	0.0217058739978114
50963620	0.00188954658245543
50963630	0.00627598163412832
50964911	0.0103925601966555
50965420	0.00129308511924979
50966411	0.00185907337615265
50966831	0.00230865934439464
50967651	0.000939313188485819
50967870	0.00114291303817877
50968160	0.00555142145598327
50970541	0.00499460844005727
50970821	0.00276544235764065
50971190	0.00381106102467902
50971600	0.00102512758000083
50971931	0.0055862379110511
50972730	0.0011148256900071
50974500	0.0040308275959006
50976881	0.00107948708983978
50977021	0.00314163952289464
50977871	0.00448946997857113
50979190	0.0037454527731419
50980280	0.00126774005118077
50982411	0.00360260503843433
50985581	0.00126525455893671
50986500	0.00113691121983661
50988211	0.00300697394568671
50989260	0.00173161654444301
50989660	0.00162613123847774
50991241	0.00235495629028207
50991450	0.0012196268396293
50995740	0.00260135772282654
50997390	0.00175730799038154
50998961	0.0190302448114247
51001041	0.00116716871561363
51007060	0.00126886793873976
51008440	0.00611546442273857
51008860	0.00106487268852787
51012420	0.00109533511566755
51014261	0.00184865570503303
51015070	0.00134972388200197
51017410	0.00179899655360257
51017571	0.0435423892982795
51021110	0.00101564785272609
51024690	0.00349416896972225
51026401	0.0654174460220638
51028020	0.00270750712018848
51029260	0.00122344943192604
51029520	0.00275701474972187
51029731	0.0017697089564449
51030121	0.00153616647530794
51032621	0.00140236260692015
51034360	0.0108543783139524
51034490	0.00130475066950531
51037410	0.00361657929851691
51038240	0.000969003632395385
51038660	0.000971660240528663
51041130	0.00142692815551501
51041650	0.00548948588367945
51041680	0.00100754392997237
51045721	0.0011144124927703
51046240	0.00646068788451515
51046490	0.0106255144453734
51047781	0.00119438621797011
51048170	0.0119959864767953
51048850	0.0230458457862163
51049851	0.000947737433152032
51051091	0.00185414547071658
51052700	0.00109957330793126
51053280	0.00264599007472717
51055590	0.005583275754789
51055641	0.001678135515381
51055900	0.000945656106390046
51057981	0.0130193928280374
51059651	0.0103885437661019
51060450	0.00102980482627874
51060751	0.00499310522115552
51062230	0.00114193020432857
51066070	0.0378620768942393
51067620	0.00190277620616562
51071320	0.00317830033755815
51071590	0.000947064283944089
51073421	0.0123615362090722
51074490	0.00132034538509383
51076041	0.00117576582383206
51077281	0.0270368982002665
51080150	0.00595020732447803
51080570	0.00958441143310922
51081140	0.00265472720359319
51082821	0.00452167675689584
51082890	0.0576542582054982
51083771	0.00155212144062408
51083911	0.00146810949883295
51085841	0.000935291756443324
51086681	0.00253533788382291
51090910	0.00218837465685088
51092010	0.00401602702384313
51093701	0.00944177098464909
51097561	0.000957119570372616
51098821	0.0274951808316477
51100690	0.0277847095014509
51102480	0.00177004444558967
51102531	0.0016969652116743
51103160	0.00452726730985679
51104550	0.00283057507675127
51105810	0.00284259098344781
51106780	0.000984313438393938
51107211	0.00516010537551339
51108160	0.00105485424761541
51108400	0.00111961037754744
51108700	0.00166570687279892
51109400	0.0152723099057496
51109581	0.00203944892560845
51109831	0.000982491198523488
51110951	0.0188000047548063
51112160	0.00101383145454349
51113390	0.000995003090740912
51115781	0.0329570160848773
51116720	0.00787524984690389
51117270	0.0038564454931261
51122480	0.00829755007463324
51125670	0.00385369472469749
51128160	0.00194721069284576
51128871	0.00099091178837046
51129141	0.00530641182794597
51132440	0.000972817666072274
51134230	0.00309653489114262
51134241	0.00109754792942669
51135351	0.000978697505627737
51136540	0.000997329128120881
51138480	0.000951651821396679
51143211	0.00291279690889158
51144690	0.0120369433731306
51146401	0.00212392817620455
51147221	0.00204133432139767
51150220	0.00240678952084833
51150261	0.00346310369890559
51150740	0.00194987338000907
51156440	0.001057588006367
51157500	0.00338319492343532
51165141	0.14614380603135
51167081	0.216008676310367
51168191	0.00114713993184187
51168471	0.00133513445556537
51173910	0.00502338185294336
51174750	0.0013978369290202
51174811	0.0311935422956614
51175580	0.00196614110201338
51175610	0.00270090523122162
51175720	0.0102884197839786
51175850	0.00145131315448944
51179320	0.000945051231852398
51180041	0.00156238848369411
51182600	0.00445430012657611
51185691	0.0134481603540938
51186210	0.00155133332558574
51186251	0.00138874056309252
51187061	0.023261050190142
51189561	0.000950505666999331
51189930	0.00609854580820901
51191071	0.00296314365161617
51195621	0.00237135541364238
51196280	0.00266833905689777
51196601	0.0155480074308854
51197971	0.00428545796688646
51199160	0.00512993436313019
51199990	0.000968543272296771
51203201	0.00124577173269711
51203290	0.000937745184665624
51204700	0.00103000465612734
51205151	0.00164415840420721
51210330	0.00100624647117184
51211190	0.000989513229010642
51211361	0.0123143415044288
51213260	0.00157781785921914
51213810	0.000966478762012413
51214241	0.00101328436824497
51214391	0.00234569056866436
51214941	0.00552232435761739
51221360	0.00263612482692401
51223460	0.00165246348716894
51223751	0.00101164523172416
51223990	0.00519110936458037
51225971	0.0107178359950277
51229260	0.000963639660611551
51229981	0.00109016728613701
51230210	0.00104870833627975
51230251	0.106090335520248
51231160	0.00112654551568783
51232140	0.00363274176210809
51232420	0.0029769441910881
51235440	0.0258022882666346
51238671	0.00104929157752694
51239310	0.00188424850664689
51240581	0.00581172923154442
51241151	0.00336886263029325
51241421	0.00881898702005115
51244420	0.00208312469712765
51245920	0.00805785788616688
51249951	0.0048740244377132
51249961	0.152007477930505
51258730	0.00995178266995762
51259201	0.0294291703032006
51261701	0.00437390660399556
51263180	0.00394265007772104
51266450	0.000934932253538484
51269370	0.00118597218682671
51270050	0.00277608377644758
51273790	0.00476987612801668
51274340	0.00229122794129388
51275481	0.00170909670299882
51276950	0.483168335905403
51276970	0.00123927070820942
51279140	0.00328850497966104
51280560	0.000986241160970292
51285630	0.00926316409741577
51286231	0.00115419261806169
51286880	0.00096690568857484
51289971	0.000937745184665624
51293360	0.00439841844151109
51296031	0.00623036716197258
51296240	0.00120362264784815
51297110	0.00720916136469988
51301001	0.00109936217974054
51303290	0.00116058910750219
51303990	0.0018840060403303
51306190	0.00180468889872835
51309551	0.00467425686512415
51310480	0.00114202504240792
51311611	0.00515208700391203
51312711	0.00111782709155081
51313131	0.00125675717903652
51315280	0.00181665176541614
51316711	0.00160438777920596
51317240	0.00164909204116419
51317660	0.00121077325994286
51318641	0.00345284089231792
51318870	0.0102018805660001
51319160	0.0108097029852548
51319191	0.00633615647131314
51324140	0.00230303418702174
51324550	0.00631946327833315
51325070	0.00284673480418927
51326180	0.0115252716243174
51329391	0.00352123838662324
51335871	0.000952162455009798
51338750	0.000944586497159893
51339840	0.00171958772088639
51340810	0.00122711184106957
51343341	0.00165248081113052
51343440	0.000951792584586197
51343751	0.00193462135341735
51344161	0.00946099335385405
51346460	0.0109533422302112
51346521	0.00808861918895266
51348660	0.00150198864684398
51349500	0.0015347957526319
51350511	0.00128447146640708
51356711	0.0283614541011442
51357360	0.0111511610314168
51357541	0.00123865379609865
51357551	0.0011289605080801
51358190	0.0470929628092654
51369551	0.0959909998518412
51369610	0.0496263387975342
51370911	0.0220308428385982
51373640	0.00203968586554775
51378491	0.00153401600289325
51380670	0.0126679421654704
51380701	0.00133237158303888
51382180	0.000980936236895372
51384151	0.00396633336227579
51384540	0.00108344001513814
51392950	0.0300587242328106
51398040	0.00219656395790583
51399181	0.00973142540866361
51399290	0.00272088968005068
51401210	0.00100675299711059
51401780	0.00287534582294235
51402351	0.00137259752861832
51403820	0.000916058067241162
51406491	0.00170613404632943
51410081	0.00128595419273328
51410580	0.00141267671605377
51411471	0.00413320189139373
51414491	0.001805293264963
51418050	0.00100243270017342
51418351	0.00289218801665703
51419700	0.00106318292955382
51420120	0.00312378116001795
51421920	0.00170657071770162
51422781	0.00719994620796546
51424520	0.00216373119212818
51426911	0.00122114430553718
51427601	0.00247261486205318
51430641	0.0033377603393104
51431201	0.00158735856164531
51432141	0.00193799178502129
51436400	0.00148228593444687
51436670	0.00109937817449416
51438160	0.0106806290601093
51438740	0.00467600340758319
51442491	0.00255643842278985
51442730	0.0116571481039414
51442870	0.0997046449056275
51445360	0.0020866069994174
51449210	0.0039240628599916
51449470	0.00330343687122462
51451980	0.00305459733832316
51453210	0.00517270155126699
51455020	0.0342393726940411
51455041	0.00921537727361921
51456431	0.000957391537250434
51459810	0.00874758369604994
51460250	0.00101910272801378
51460370	0.000922046450819502
51462730	0.0030965981520419
51462921	0.00202488804607258
51463540	0.0059129108137753
51466351	0.01813255582517
51471051	0.0227725674445859
51478751	0.00758437073186062
51480510	0.0132220041323604
51502730	0.00309630437658854
51512691	0.00174347704281522
51515721	0.00268329889019146
51516630	0.00154478554475603
51517210	0.00170463069446544
51518860	0.00106442309803235
51519830	0.00200614657725048
51520500	0.00210361062552581
51521870	0.026451561640357
51522631	0.00419555099661106
51524011	0.00571059560434248
51524910	0.0113375667745278
51526570	0.00134081437234186
51540561	0.0074991024435444
51543041	0.0193989016361667
51547711	0.00103626017335773
51561760	0.00415154025312927
51570351	0.00413773751269651
51570440	0.00164804665050846
51570611	0.240727132241022
51570710	0.0402094697256318
51571861	0.00173921091824655
51573801	0.00155453839194262
51574730	0.00159268329756554
51575810	0.00169881193765528
51575830	0.00120580731621463
51576411	0.0023487630965068
51578710	0.00194705662864905
51581521	0.00304110328206006
51582211	0.00169561596655106
51582850	0.00111918566156072
51586430	0.00157953093939282
51587970	0.00357446971003226
51589521	0.00140140036813404
51590730	0.0010116493778923
51592800	0.0019214897799138
51593070	0.00486274496447341
51595270	0.00253213882785181
51599010	0.0126953366622757
51599731	0.00153745308807628
51599820	0.00131527601192617
51600510	0.00104856966862221
51601200	0.000978989106923489
51602850	0.00141585843333613
51603021	0.0179953641206396
51606860	0.00103469022091829
51608480	0.00104193232941254
51608531	0.00099814343290689
51609210	0.438793799097197
51609641	0.00210179271988814
51610160	0.00235276854588931
51613791	0.00523529047714262
51616080	0.000931820090214905
51621231	0.0014499420604767
51623390	0.00105112066704471
51625070	0.00288337760805244
51625381	0.00390254464054769
51628271	0.000999745362682621
51628900	0.00533002273034268
51630051	0.00228804292350675
51631701	0.185819056317173
51633190	0.00113995099701102
51634741	0.00176310924200008
51634751	0.00110087973749247
51635161	0.000960571086098342
51635820	0.00361898653934101
51636380	0.00134125234446258
51637740	0.00105902711798821
51637771	0.00175590401943153
51640370	0.000921094252331038
51640391	0.00290063592267411
51643520	0.00857687158380428
51647291	0.00163762465461747
51647400	0.00240440557705572
51649330	0.0103557799493686
51651011	0.00288702026924063
51652500	0.000934932253538484
51652811	0.000949975729491585
51654030	0.0017509772096231
51654191	0.0042153030160474
51655311	0.00354005572273685
51657190	0.00434237194577427
51657620	0.00190453768980997
51658310	0.00800855785392446
51658420	0.00134548388945409
51661511	0.00140074266200118
51663530	0.00224979066132561
51663701	0.00240873850198632
51664510	0.00916558740009846
51665190	0.0233098100627788
51669040	0.0102602359322081
51669491	0.00406140969673183
51669641	0.00164635445813639
51670270	0.00339703318841353
51672240	0.00221923565936541
51675841	0.00187831411964228
51676080	0.00172904024490534
51681170	0.00119833732674844
51681180	0.000918980850887136
51681310	0.000918980850887136
51683920	0.00101708598837809
51684090	0.00215959212237685
51686140	0.00215889846486039
51690560	0.00142801501752221
51690980	0.00158661821670067
51692360	0.00116439220745849
51698311	0.0148389958086135
51698710	0.00129846014953462
51698720	0.0182885906856046
51700080	0.00169080753971767
51702201	0.00100520338674362
51702410	0.00138081568415476
51702680	0.00728161669735206
51704251	0.002096641157909
51704750	0.00104946963118455
51711410	0.0194878173191215
51713351	0.00312487152240313
51719670	0.00426993885688005
51720661	0.00103045894673334
51728890	0.00260687836605764
51732350	0.00172022184473379
51733450	0.00118936772261716
51742140	0.00363475159327868
51747691	0.00318524697504107
51754530	0.0016624951333295
51783520	0.0204415285694368
51785600	0.00110993179371712
51791571	0.00411764290425683
51792480	0.00181913709381881
51795220	0.000957286079796183
51795271	0.000958595344773841
51797010	0.000956308333227848
51821190	0.00127832341281386
51821420	0.00162745312827843
51823541	0.00222391389848087
51825160	0.00210805523900921
51825280	0.00132722719562922
51825361	0.00110433590363297
51828231	0.00146915331871647
51830861	0.0034633683955826
51832511	0.00126256419685821
51834260	0.00279839547614562
51834800	0.00103446231417357
51841491	0.649783411337971
51849710	0.00830128100192719
51853211	0.00474845465826188
51855500	0.00751567078386804
51855971	0.00365382588977206
51856600	0.00348419127030997
51856630	0.00108030812249829
51857040	0.00318358800727862
51858291	0.00163424327443911
51860040	0.020930776784414
51862581	0.00106781973278792
51863910	0.00311040621522456
51864340	0.00126125779268587
51865351	0.000961923742258661
51870140	0.00345758548435162
51871240	0.0253847996270807
51877170	0.00804277967128474
51880941	0.00299278513309149
51881970	0.00555552827060541
51884050	0.00938104931012176
51886841	0.00116645676834552
51889761	0.000981339414591934
51890390	0.119419650878497
51891630	0.00192812923033754
51896361	0.00253886865676782
51896600	0.0100496519178508
51898100	0.00243260492251318
51898540	0.00131774818490922
51901030	0.00113274426811691
51901730	0.00103788907655004
51902420	0.00159520249234307
51903070	0.0197872383918685
51907541	0.000996525388147835
51908480	0.00317470766939982
51909051	0.00491964537895737
51912460	0.00439898794417139
51912900	0.0010210797408448
51916600	0.00263671422656514
51917211	0.00764848034820742
51920050	0.00246357366754528
51928231	0.0160539455042738
51931251	0.0011104022415781
51932491	0.00141413674128571
51932890	0.00110927038498672
51934930	0.00105926827545381
51934970	0.00100077855376859
51935900	0.000976423786808267
51936651	0.00101179066243037
51936890	0.00475117711862181
51938581	0.00131478748496368
51940091	0.00109824770278821
51940221	0.00148580716445582
51941560	0.0069426122860824
51942421	0.00467278284327757
51945410	0.00163904454931322
51946000	0.00245104989006539
51946031	0.00528326766464742
51946721	0.00114350058626035
51949751	0.00243381098095098
51951480	0.00143791385033501
51955070	0.0024026559879154
51959890	0.00116430854521424
51965700	0.0379607714324026
51967941	0.0098313256762091
51970861	0.00418098884747176
51974841	0.00212501939383226
51976091	0.0791649296043098
51976101	0.00140117315802416
51976590	0.0010768216096589
51977181	0.00197114578833049
51978711	0.00101883272119554
51984081	0.00165174243943481
51988351	0.00095062132802997
51990650	0.0081404778680224
51991521	0.00257413781438403
51991931	0.0010345521037215
51992361	0.00115172972183935
51998151	0.00567376394579073
52006691	0.0214927821685932
52013810	0.00149067561642884
52014780	0.00322186020258233
52016221	0.00105654809479734
52028501	0.0168319967544203
52037140	0.00176484815663827
52043210	0.0506806950664238
52045871	0.00142976462921921
52053171	0.00296992028174207
52059920	0.00793278570917304
52060891	0.00402906879093463
52065451	0.00267239163764887
52065881	0.00100364302660084
52076901	0.277028019362313
52079101	0.00153080259250962
52079371	0.623427304624908
52081260	0.00252170953239143
52096030	0.0012786462356361
52096300	0.00116749393010894
52103220	0.00237400799769213
52103500	0.00120232528003317
52105171	0.00170554359993592
52106961	0.000960362426758424
52109120	0.00204622532490815
52111231	0.00104190639518078
52112481	0.00183290599386318
52116150	0.00192786631128459
52116160	0.00112057186060887
52117290	0.00375998090010612
52117451	0.00142332129476902
52117560	0.00254838357265562
52120420	0.00129437771247503
52125301	0.00877785653333108
52128751	0.00158498111887156
52131220	0.00124221014194996
52131350	0.00223609400958722
52131381	0.0012552255212475
52132700	0.000931223129564559
52136201	0.00129919813110566
52136970	0.000970899069721998
52136990	0.00100310174372338
52137010	0.00116005061142116
52140071	0.012765604516826
52140440	0.0054836715254056
52143750	0.00118996433226029
52144560	0.00192832318187536
52148071	0.00130475923630474
52148901	0.00181078660077606
52150370	0.000960362426758424
52150411	0.00109274594159471
52150421	0.00102693835958075
52152160	0.00249238307414985
52153451	0.00232113169155665
52153820	0.00110818368123664
52155740	0.000974028271776124
52155921	0.00208342669333201
52159661	0.0113135355334927
52161520	0.00114367244848216
52167180	0.00861275321604012
52168730	0.00320039635491898
52170531	0.00116224226532842
52172970	0.00127821386572048
52174250	0.0101624061215762
52175750	0.0014844814393912
52185400	0.00112094468579546
52186001	0.00299703528613801
52187630	0.00199981312638678
52187750	0.00654683305071577
52187791	0.0063551760757508
52189810	0.00217967492442617
52190001	0.00253027317794489
52193581	0.00945377995909812
52195221	0.00221397926567524
52197420	0.00966795178984251
52197431	0.00187998296949479
52198790	0.00177877343898152
52201120	0.00108336552155287
52203501	0.0135933233598479
52204891	0.00118333970497099
52205400	0.0151804951771465
52206240	0.0106340104703416
52206370	0.109722284880911
52207771	0.00112602368382353
52215781	0.00393654092554786
52218890	0.00106584577267458
52219060	0.001087811041514
52219231	0.00919223660074937
52220201	0.00163175476002497
52223381	0.00181353050939613
52223911	0.000959059102112002
52226230	0.00096944818465771
52227381	0.00303860458784665
52228481	0.00111574421543618
52231180	0.00284758208382924
52231491	0.0105077620203294
52233431	0.00887835655382185
52233950	0.00187064453527352
52234251	0.00345499605713433
52236450	0.000989065338519686
52236710	0.00118424517826792
52236720	0.00132544987017308
52240850	0.00124815952835631
52241021	0.00510222776040003
52242360	0.00111678083908149
52245530	0.00491072683420839
52246500	0.00324389739862441
52247580	0.00497825862248517
52249971	0.0375103518442863
52250500	0.092794447530369
52251211	0.000962441953969656
52255990	0.00101135105623881
52256041	0.0440421371448333
52258551	0.00203891071844123
52259211	0.00245621044595512
52259221	0.00129226813987003
52263460	0.00551258366761591
52263771	0.00453088640196864
52265031	0.00093611835105479
52269991	0.00599932568450117
52270401	0.00137788025694238
52272481	0.00119132263241983
52273001	0.00108542107530203
52274510	0.00137225525402842
52275850	0.000986478465698851
52276140	0.00772440456292235
52278531	0.00163716002999586
52287890	0.00143819698519552
52288680	0.00162093910989602
52301960	0.00141733234979881
52303371	0.00221718388696445
52305110	0.00129961749832647
52310381	0.00169540296250452
52310610	0.00155874409376073
52317500	0.00408741456992822
52318780	0.00149478996274676
52319850	0.00102141377493378
52319921	0.001976403899002
52325291	0.00219935685161299
52325540	0.00230941884138078
52326490	0.00415388693470414
52328560	0.00354651875701996
52329540	0.0263153370967629
52330220	0.000983450129706546
52331590	0.00183231009672319
52331990	0.00102512359426423
52335300	0.00119726567434495
52336540	0.0764505582194445
52337691	0.00212422132361053
52338470	0.00741117243357414
52341821	0.00111625241643428
52342910	0.00229158438199008
52349431	0.0391733793406916
52364530	0.00117821087238032
52368120	0.00196135422911624
52372140	0.00114662568853402
52374600	0.00111499185670788
52378801	0.00134491112521838
52382760	0.00735607242806329
52390050	0.029655547947438
52390070	0.00170008677430939
52390460	0.0011267084298549
52403850	0.00238563727396424
52404670	0.0030029491219644
52408140	0.0123073350413175
52408660	0.00111061120195005
52412140	0.00519206110769526
52413141	0.00508151679012228
52414480	0.005468527013551
52416861	0.00603272448232387
52421281	0.00578494385709053
52424980	0.00252534829253438
52443870	0.00209664495945812
52446641	0.00282748689043171
52449681	0.0036685675638471
52449971	0.00644874676335715
52452660	0.0619879127913308
52460311	0.00108423993954599
52473671	0.394900429679059
52474101	0.00518210602238717
52479741	0.0515342663517497
52482590	0.00107855655747118
52483461	0.00129639639942689
52485790	0.00556878329944267
52487881	0.0173815965866182
52488270	0.00114050090824647
52493531	0.00100225466405529
52496171	0.00571102723784527
52498330	0.00114015883773047
52501650	0.00136982369362094
52502101	0.00336980213087546
52503611	0.000954412553815822
52503730	0.00163293678790041
52504120	0.0015585668648425
52508950	0.00103939489018382
52514600	0.00133916794202012
52514760	0.00157634410683351
52518911	0.000968142767579036
52519560	0.0294596530459565
52524380	0.0677990031365161
52526450	0.0049661612235018
52527850	0.00109371930946258
52528711	0.0020385366687572
52533271	0.00118908969696451
52533350	0.00141221010337096
52533930	0.0577592466508034
52539061	0.00282271522349518
52540441	0.000984315778192486
52544240	0.00938848073918521
52544581	0.0269668272101845
52551710	0.00135350267266905
52554231	0.0027635251858356
52556270	0.0122390738318454
52558030	0.00726463529825821
52559751	0.00244668809239506
52562221	0.00328763888829544
52562351	0.00311117641673471
52572301	0.360697503250715
52576540	0.00143554365184555
52579400	0.0164333576054629
52579410	0.0016219172896486
52579871	0.00222535462092844
52580650	0.00100326268751111
52581661	0.00126318367867254
52586180	0.00149295002701533
52587731	0.00301668776057466
52588380	0.000931223129564559
52589070	0.00247275427412294
52590901	0.0270497248658075
52593531	0.00226040741194298
52597521	0.00105150998263826
52599680	0.00286880690186462
52599840	0.0014890087775567
52602310	0.00434974337222903
52605370	0.005352067770068
52613190	0.00150035225362856
52617541	0.00117904927349833
52620110	0.00160399310630199
52621050	0.00252239132336831
52622641	0.010072246607606
52622860	0.00485124093377648
52623260	0.00492274550633455
52623430	0.00114093519255215
52624950	0.000981570951540461
52626160	0.00167184727939086
52627471	0.00130487868477123
52628380	0.00352168572877586
52628411	0.000977057424325758
52628930	0.00910730442653909
52630641	0.00118157849579606
52631120	0.00305923450908527
52632100	0.000967741589533107
52633910	0.000974606351661516
52636120	0.00399525992144556
52642211	0.314608688089417
52648821	0.0878094380051536
52654740	0.00104450405602959
52657750	0.0382680860007337
52659840	0.00233362320461155
52660701	0.00162421871448791
52664650	0.000952930911565878
52665760	0.00307397927104161
52667270	0.0051005564186181
52669381	0.0278194497395863
52670481	0.0010590457860578
52671140	0.0130062270409358
52672011	0.00470091830667127
52674980	0.00269700420228586
52675290	0.00328147950073803
52676841	0.00968590874849566
52677251	0.00186400980948839
52687570	0.0010210797408448
52694160	0.0019674781936394
52700230	0.0046158171787968
52700910	0.0022090641986718
52701210	0.0009625709026777
52703680	0.0227574285066188
52707400	0.00388473179982922
52711530	0.00619632667941011
52723700	0.0287209452858595
52733740	0.00137616579619726
52749210	0.00203469561777227
52754881	0.0110981855121108
52756930	0.00159423879744978
52763591	0.00116837241958207
52766180	0.0154964570769259
52781750	0.00311852861958526
52782990	0.00611043829989677
52785450	0.00220273686525296
52787041	0.00104005204752601
52788281	0.0232965243670748
52789221	0.00359960067700187
52793760	0.00311412939115495
52796691	0.00112469102347357
52797720	0.0177741699427125
52800650	0.00102776891315785
52802040	0.00169152802344885
52812510	0.00130543293629533
52812961	0.0216443105333261
52819830	0.00894908114310749
52820541	0.0743403122174537
52824391	0.0112803958955996
52826550	0.00210242067436997
52826970	0.0010466904025873
52827000	0.00914195424905163
52827790	0.0162892325392319
52829651	0.000986687792577057
52830580	0.000947751116061635
52831000	0.00150771406480167
52835711	0.00419082982500552
52841030	0.00140854621833414
52844750	0.421804851108407
52846061	0.00288567525715008
52852910	0.00256039499488983
52855120	0.00111570837100995
52855790	0.00104174612599311
52857340	0.00415489904838632
52858420	0.00335471337192542
52862341	0.000986389955783041
52865050	0.0009625709026777
52872961	0.00117607134326011
52876340	0.00098168101657715
52877590	0.00151874595476866
52879090	0.00178978699366908
52881621	0.0527473463277637
52882611	0.000994004093938662
52883370	0.0147390033363371
52886290	0.00226443384503099
52886440	0.00450368875859357
52887670	0.0120374437091492
52890830	0.00188913942950195
52892650	0.0022496311646325
52893361	0.0501714148439031
52893590	0.060977184845975
52893710	0.00936084377197309
52893901	0.00313699642049893
52895520	0.000949930618238789
52900811	0.00290219398539506
52905020	0.00349531268851262
52905200	0.00593646489776439
52907711	0.00168246503258635
52914970	0.00181562009988028
52919530	0.27011760702888
52921921	0.000985470051732362
52923701	0.00154353495017311
52927411	0.00185455725482239
52927841	0.00108964758329743
52928910	0.00191306377922225
52929980	0.00302062530586717
52937880	0.00107408614394662
52942290	0.0010439492978963
52947971	0.0373030084749156
52951291	0.00113582037288248
52953351	0.00569980546560372
52953470	0.0014444946697956
52955001	0.0022570648803187
52955360	0.0754231765025667
52955691	0.00711989391904095
52956350	0.0168534092456967
52958051	0.00515792964072161
52958560	0.00243767774794076
52959950	0.00266778423833168
52961310	0.00172267608182158
52966311	0.0026639827116345
52968910	0.00317934776923428
52976101	0.00172990226068107
52981150	0.0013403135592325
52982390	0.35717092806498
52987281	0.00395183352322582
52988750	0.00140316293424454
52990260	0.0423171630669312
52992251	0.00198120073216325
52992371	0.00194305986033671
52999541	0.00112967256860296
53000641	0.00104458409457862
53001600	0.0012422288930938
53004231	0.00364988236980317
53006820	0.00468971094838699
53010800	0.00164906926026202
53011650	0.0305065926861866
53013990	0.00202451830621172
53016880	0.00267112161299606
53019940	0.00192992649947257
53021881	0.00892049976146175
53021901	0.00593896679865797
53028770	0.00110866963949833
53037140	0.00185552562918409
53044921	0.00638915031714412
53066400	0.00126512474004108
53067001	0.00129953814340344
53067090	0.0213609989958756
53074011	0.00576148488324302
53075770	0.00188998394887017
53076511	0.00428074701655212
53077830	0.00961577298148817
53079261	0.555161469916981
53079971	0.0592091630907944
53081051	0.00278944475702877
53081611	0.00286950413183455
53096070	0.0011225871647437
53096870	0.00219393712885139
53105061	0.00231275829492798
53116330	0.00566923298362453
53124440	0.00104991924837276
53125741	0.0142413913953488
53127240	0.000969503972217766
53128211	0.00132356066123125
53131210	0.00313214749935148
53132781	0.00156602889871649
53133181	0.00608525374440587
53133751	0.00552764340044366
53135080	0.000945867128381068
53135090	0.00215945421923598
53136720	0.00123661092386543
53138390	0.0601438313781036
53138520	0.0195480852297018
53139060	0.0038592442124902
53139070	0.00135152205787288
53140870	0.00118760132786207
53144740	0.00256631146057599
53145160	0.00116052334186672
53145461	0.00114993161441386
53145960	0.00100812786789523
53146410	0.00249701886829282
53146701	0.00135918292299582
53148231	0.00233058358186171
53148901	0.232346843063705
53152491	0.00180526311609058
53152720	0.00143412623168061
53155671	0.00188364462345508
53157550	0.000999758345671292
53158130	0.0385087062719369
53159060	0.00311759453102203
53160200	0.000965445751433429
53162291	0.00195966474982612
53163080	0.00172789073375288
53163900	0.00243977656892976
53164371	0.00100225466405529
53165410	0.000975435193271736
53165550	0.00332089336739277
53165611	0.00190229290984396
53165741	0.00248185725617807
53167230	0.0104227619206321
53167261	0.00207223771643622
53167941	0.00179474240958821
53169181	0.0110799977207124
53170390	0.00549198516737431
53173140	0.00276467882178347
53175261	0.397615120066749
53176300	0.00104918268131003
53176440	0.00100532457076199
53176470	0.001020191087999
53176610	0.000996041156581439
53179750	0.0035056364526549
53180020	0.00292217804866126
53181311	0.00549297101968764
53181731	0.00110799216370351
53182780	0.00921313728596939
53183340	0.00442313721202471
53185010	0.0108291741047706
53187470	0.00102585011510842
53188330	0.00748366162762028
53189171	0.0022259151912281
53190691	0.00106268413256052
53190851	0.0113831269973149
53191101	0.00116876936372555
53191640	0.000995188477496196
53191740	0.00421652008347617
53193420	0.00579876302721094
53198991	0.0170477025724667
53199791	0.00101531508282376
53200310	0.00111723865858277
53201140	0.00118140355004119
53201741	0.00104395601310053
53206640	0.00335259004260729
53206701	0.00341908533397538
53206800	0.000971350814593573
53207391	0.0584275189613726
53208050	0.00116534084930477
53208091	0.0248721115208189
53209181	0.00103979354245358
53209420	0.00204144586044047
53212980	0.00157994058332202
53215541	0.0116572661990946
53215610	0.0419008033760412
53215661	0.00255021472905603
53216710	0.00492993275938016
53220751	0.0018072889250647
53221171	0.00427473091715237
53222360	0.0011038601984507
53224310	0.00120110603141639
53225980	0.172415264474408
53228771	0.0331994346699813
53229680	0.00190226140747588
53230940	0.00308983257209784
53236891	0.00232899806337455
53237881	0.00145092165748943
53238920	0.000990918645544109
53239460	0.0101997128521533
53240190	0.00255874554448932
53244860	0.000973392425633354
53246001	0.00196005531202124
53250910	0.0105915760697074
53252351	0.000973294494281877
53253191	0.00318572424774088
53253250	0.000959965314294431
53253680	0.00113558388971832
53258370	0.00130320637007736
53258390	0.00236562456059477
53261010	0.00260037567248525
53261150	0.00154657931863828
53263251	0.00216140262395328
53266551	0.00114872290127544
53267121	0.0017271247192385
53269560	0.00494830572062568
53276071	0.0032637581223932
53278821	0.00097892969067285
53282780	0.00196752739559478
53283190	0.00238036981108964
53287200	0.0045010840135612
53288970	0.00221627577283541
53289260	0.00294528946380821
53291210	0.00899980344339879
53291490	0.00121586402156935
53293280	0.00513982263595413
53295080	0.00178714511015251
53295210	0.00130224889289691
53296030	0.529930671523058
53296061	0.0030759154928221
53296430	0.00197180596485331
53297410	0.00413045356324735
53300040	0.0013834410211073
53300191	0.0130869038599368
53300300	0.0012938558836007
53301110	0.00334995507873942
53302530	0.00206032249965571
53302640	0.0570460134203619
53304481	0.00401656464862105
53305041	0.00493629000813478
53309861	0.00894280529892324
53312280	0.00952407515868825
53318261	0.00712174242373814
53318551	0.00203534093052415
53318561	0.000981193796551721
53322530	0.00108412865334054
53324170	0.0167013668603463
53324180	0.00289566511408177
53324560	0.0642490031089039
53325031	0.00206600753953943
53325851	0.00357399162807857
53327391	0.00369449348082147
53330271	0.00126653893261588
53332830	0.0693861462386778
53337120	0.0012301461997034
53340000	0.00131773495069256
53340870	0.00366476590481097
53341451	0.00714367306916521
53345110	0.00589720102670288
53346551	0.00147269659367084
53351490	0.00494654713082788
53351900	0.000983719466685196
53357711	0.000989372957810888
53357981	0.00151185767143892
53358240	0.00101965813247516
53362640	0.00113087509056217
53365670	0.000955286603183453
53368891	0.00250216594031137
53370220	0.0200961940180795
53370630	0.0196864575818921
53371361	0.00100113341808709
53371600	0.00100811485841501
53371781	0.00106926037272532
53383911	0.157941377659062
53386551	0.00110154860690373
53386681	0.00134796128007216
53390961	0.049474006159262
53391210	0.00641661572133861
53397571	0.0160230476612563
53398131	0.00099867689093291
53399511	0.00279992183288186
53401311	0.00188701454002725
53401510	0.00621642462095177
53403221	0.00458570892191108
53403791	0.00178733616939964
53405810	0.00112439624209909
53408130	0.0299421080572002
53409670	0.00160506323103658
53410230	0.0235874788675878
53410240	0.232534753710779
53411760	0.00101294199588713
53411990	0.0023147352783331
53412310	0.025216841256608
53414541	0.000954934964141157
53416690	0.0275289172067557
53417670	0.00280047126617016
53417960	0.0260891126047974
53419890	0.00939772931213368
53420420	0.0220517142753179
53422920	0.00497609684491441
53423921	0.004180411910898
53424170	0.00236346187785037
53424680	0.00602493871214143
53425250	0.00146289893466603
53426401	0.00172291407260948
53426470	0.00539467919197508
53430620	0.001575033839163
53434401	0.00100370803002359
53435880	0.00106777067784083
53436871	0.00378444518955736
53439860	0.00111499712775931
53440300	0.0148653636234703
53442480	0.00115866424881718
53445260	0.00118326195483777
53449851	0.015442478890997
53451160	0.00105711872203856
53451860	0.00855055075249237
53453250	0.00343301924354947
53455651	0.018302939041117
53455911	0.0508257387052295
53456150	0.00103138724615346
53457820	0.0102113004514328
53461991	0.0019043212723022
53463190	0.0012494663099431
53473411	0.0219146809816393
53476031	0.0250384959154305
53477640	0.00733866618458867
53479330	0.00100935150972196
53480580	0.0159835003869001
53481831	0.00107605033570663
53485981	0.0179348254698889
53487491	0.0565016791327247
53490480	0.00104841671270901
53492160	0.00259770016940923
53492680	0.00205740049380526
53501250	0.00120117077300813
53501530	0.00673165223627713
53503170	0.00512589014244008
53504840	0.186939227185174
53506340	0.00360335525856935
53509380	0.00367066208642257
53509500	0.00114113014654857
53510070	0.00188244896138715
53514610	0.00670252343633055
53525971	0.0514050114574195
53526220	0.00308580324715358
53531700	0.0034420632468396
53538740	0.029592469513347
53539201	0.001108416579419
53539720	0.00103163908434701
53541390	0.00096425004109529
53542620	0.00454374451554671
53543501	0.00199006560565694
53545971	0.00682669810547173
53546500	0.00107577071162296
53551730	0.0198438018783046
53552741	0.00642600514020911
53556410	0.0066569754995139
53561220	0.0019794469347893
53569390	0.00127172406038136
53571420	0.0020132244853587
53572000	0.00265224893327704
53575300	0.0010373447037657
53577230	0.00232922909676398
53577660	0.0101994408175157
53580571	0.0106971567895187
53584680	0.00155068626956159
53588031	0.0019103132738948
53588140	0.007037653920713
53590040	0.00261933485717207
53591751	0.00174243174180928
53592110	0.00177227679447391
53592810	0.00198307692454446
53595320	0.003199438836561
53598350	0.00332709260485174
53598490	0.00158693180566952
53598600	0.00497344584170795
53600280	0.013314663097166
53601811	0.00104071092706729
53604000	0.00991942252920397
53605131	0.0017816329801899
53605770	0.00120997178025421
53608130	0.00111229861558081
53611170	0.0183737688753831
53614310	0.00558257579662008
53617920	0.00298069401526135
53619611	0.00189858071150616
53619751	0.00109138433984096
53622221	0.23224853190961
53622330	0.0230182450218227
53626340	0.00136184041222778
53626480	0.00132539064895897
53626911	0.0062531161656611
53627870	0.0036113528253752
53628311	0.00354675766987173
53631201	0.00169573353542522
53631840	0.00953297704632319
53632560	0.00203376014660416
53634511	0.00127230270341203
53637230	0.00278723784096665
53639020	0.00978440865110213
53639491	0.00321773245541736
53640540	0.0201422142767956
53640820	0.00109599188528511
53642480	0.00132717801674123
53642880	0.0166663645797675
53644380	0.0145509383198045
53644930	0.319630405871773
53646101	0.0131502462079198
53648660	0.0479069780767272
53649110	0.00096775264545707
53650320	0.00101348256102296
53651830	0.00119514776028549
53660660	0.00221893556242623
53664851	0.00108094314959237
53665510	0.00123684212040615
53666760	0.0046690507281706
53668940	0.00347578614758722
53668950	0.00288111252954397
53669620	0.00097396871397594
53671150	0.00491873094836019
53672161	0.00637275452158518
53672800	0.00196065423996088
53673811	0.185959307966895
53674050	0.00357726155624317
53675830	0.00241566251839812
53681001	0.00114954127981854
53681790	0.123583440507803
53685220	0.00189745061138054
53685360	0.0100002152758697
53688561	0.00157268179271277
53689401	0.00132302147457337
53693821	0.0161395516570926
53706450	0.00111053342595723
53717090	0.00116147024373532
53719840	0.000988645549339272
53732780	0.00551545730345897
53735140	0.134875965798312
53741220	0.000969285943420189
53750371	0.00123653847326457
53752011	0.00203694645484188
53752141	0.00106487332806416
53754641	0.000973993572761764
53755731	0.00160416076092108
53756370	0.00915834845996518
53756640	0.0215522471584701
53758641	0.00130633774237
53760810	0.00608579673983894
53762641	0.324015131300587
53765470	0.00141349214704185
53765490	0.0011313929979686
53767321	0.0419342272554637
53768120	0.000980294751668742
53769821	0.00120400221371216
53770440	0.00169483772316551
53777801	0.00474905676478834
53777811	0.00174338939127056
53778440	0.0237206460140721
53781391	0.00350661474432381
53784161	0.00557664073493596
53786491	0.00101397151930191
53789470	0.00783045627720832
53791400	0.00151393162349649
53794720	0.00121249279569432
53795440	0.00433157026706334
53796271	0.00331884532334742
53799471	0.00186420596072197
53801770	0.00783380251378107
53802060	0.0483823017582045
53802641	0.00135977669525427
53803171	0.00111810266921646
53803861	0.00755255970669766
53810361	0.00306867898095853
53813760	0.00281146659215216
53817910	0.000996006214690588
53819280	0.00441208650747731
53821121	0.259287335472095
53825900	0.0590708424831513
53827810	0.00187511281822935
53830190	0.266690973881604
53830320	0.00125868295731171
53831710	0.00268524448545944
53831810	0.0019430568444071
53831881	0.00124155209604612
53832431	0.00134869811791903
53834771	0.00103558536524256
53835550	0.0185866928803207
53839250	0.00344327482705754
53839451	0.00164500431947806
53839670	0.00670859535695432
53841070	0.00944738891377065
53841480	0.0292781467950112
53842170	0.0528535725757051
53843960	0.00420705744521522
53847861	0.00130529364341647
53850221	0.00105925783758389
53852120	0.00104994130100953
53854700	0.0596776068273074
53855680	0.19195416531057
53856670	0.00230652101699347
53857941	0.00155200841086853
53858860	0.0280704315227406
53861610	0.00116485095865798
53861740	0.017517200249321
53866710	0.00448239740358363
53873941	0.00165193465832399
53875270	0.00360233044464989
53876971	0.00125650919829691
53879660	0.00136794229073623
53880650	0.00357649705388223
53889910	0.00153093775476844
53891280	0.00763746914661343
53893220	0.00182172526446779
53893371	0.0112400526464207
53894570	0.00115431334304758
53904271	0.00212391390628204
53906061	0.0248294165081303
53909241	0.00939858849511627
53909460	0.0017420491328908
53910460	0.00721923451168242
53912691	0.151125778672301
53912770	0.00107955847861505
53918071	0.00213827731651005
53918201	0.0264754674048425
53922071	0.0141290997626234
53922970	0.033759602729674
53923660	0.00418748772647507
53924971	0.00299300273312036
53929771	0.00132904039487963
53931010	0.00215145996592489
53932681	0.00603003229976673
53941190	0.00100961933462267
53949521	0.0823212234840715
53958341	0.0474393027726913
53967561	0.00209263283696725
53975280	0.0999492136107811
53983301	0.00119760285678387
53998191	0.001738050934479
54000620	0.0020311968012611
54000650	0.00245071684138097
54006580	0.00106346880976085
54015841	0.00105427976966163
54016230	0.0100681011030339
54017890	0.00154407948713369
54018140	0.00118540385339327
54023950	0.00440988254779599
54027431	0.00142181731253175
54036910	0.00116092603699581
54050140	0.00180319465562624
54052350	0.00173138862987853
54066061	0.00131942637476294
54069060	0.00147471933588098
54080190	0.00571453175281133
54089231	0.243356344169308
54096791	0.00620480225005485
54097091	0.00846302952156538
54105641	0.00121933491227807
54114810	0.00109504976501402
54118721	0.00198526776600155
54119001	0.00865620549168542
54120121	0.00102600993236248
54121590	0.00147154823665247
54121860	0.00355022183244957
54123220	0.00116361350579963
54123400	0.00162696349725314
54136371	0.00121771774981818
54137211	0.00170076141378447
54137590	0.18152274764593
54139950	0.516170069105356
54152180	0.00102439226103528
54153331	0.00379170100568937
54153850	0.00105130982014409
54159401	0.00128278280164047
54164511	0.00338896027943198
54166540	0.000951357376138408
54168750	0.297744482449977
54169201	0.00257715570715522
54170021	0.505311367906408
54170820	0.104908888459069
54173351	0.00551131634951159
54175240	0.38489200637392
54176360	0.00244744976003801
54178250	0.00153240341294198
54178290	0.00103178800484469
54178301	0.00218852007079939
54185580	0.0189535436695077
54186270	0.00922892622982807
54186520	0.00298866018078218
54187421	0.00178528900505743
54188371	0.00110841061320839
54188450	0.00116842600130016
54189030	0.00312573222290125
54189560	0.0102771967600833
54189720	0.170423144001802
54190390	0.000953836363351923
54191780	0.120423654623474
54193310	0.000987240013144097
54194840	0.00234974507797577
54204200	0.08837337426991
54204661	0.00101741421780719
54208801	0.00233745580739685
54210171	0.0140693842311595
54210280	0.00233210401342595
54211630	0.0010255267442722
54212040	0.0130612446241912
54213201	0.00154482488001084
54214041	0.00227722507341573
54219480	0.00855414341862494
54221990	0.00134279374744722
54223121	0.000945281888187152
54224661	0.00149397771987785
54225590	0.0026103306442004
54225720	0.00147562039198848
54228180	0.0010948591561338
54230171	0.00256940760429475
54230861	0.247069124779836
54238431	0.00289290143851384
54242841	0.00395131616945472
54247650	0.0125681684060793
54248241	0.000956085614296646
54248610	0.00206756169063678
54249181	0.00112929900721964
54251090	0.00575347262627617
54256241	0.109935052597572
54257550	0.00127906109676052
54257570	0.001535271900342
54258680	0.00101082325432868
54260330	0.00556155377305399
54261140	0.00198805594635871
54261741	0.00119748652290845
54266171	0.00156969682365714
54269270	0.00137888195416092
54277820	0.00316035776635706
54278110	0.00455555616296393
54278690	0.00150813478991757
54280340	0.00763317370241952
54280450	0.00132970323619731
54282660	0.0964879694727414
54285160	0.00131217684538814
54285820	0.00119575349546293
54288491	0.00141358163032757
54289290	0.00390614726214402
54291111	0.00642347892184926
54294100	0.00368736560825842
54294250	0.00342651441411931
54295920	0.0009600841316392
54296320	0.0013012968538888
54296440	0.00128630852251052
54296901	0.001870904185528
54297481	0.0178075305162674
54297550	0.00100728443359805
54299541	0.0018178591104194
54300060	0.00110842474475504
54300501	0.00116421852707758
54300880	0.0184133244603222
54304911	0.00110765370268084
54307500	0.0347504787105024
54311640	0.0114663966043534
54313830	0.00268335162986717
54314090	0.00525181825753002
54322790	0.00365643678925732
54322940	0.0055716797386282
54326120	0.00109335031841488
54326260	0.00173213933789678
54327350	0.00230462097618621
54327490	0.00164022752417075
54328020	0.00155606282524632
54328621	0.00268588310816047
54329970	0.00141888422419732
54332180	0.238664243264678
54333990	0.00217962614455074
54336501	0.0137354190829675
54337150	0.00452154154152948
54338230	0.00374179395993344
54338520	0.00174359114761037
54339271	0.00654848121626462
54339880	0.0339361156190097
54339961	0.00107743444219721
54340160	0.00133178403532652
54344590	0.00397893451738278
54345440	0.00100815598180702
54345540	0.0015879970959435
54345820	0.00501783394310759
54347340	0.00718426748190919
54348310	0.000951008628787169
54348351	0.00198314988571934
54349300	0.000981759833261982
54350701	0.00110422596906362
54350991	0.00117586910158571
54351541	0.0634253642554119
54353321	0.00125153084594997
54359490	0.0010336149023956
54362691	0.00249473109119279
54366141	0.00186421065842562
54367681	0.00622032009619197
54368590	0.0235861639740855
54371090	0.00258115984239281
54371261	0.00122633276517972
54375890	0.00240883091863878
54376320	0.000933364658556922
54378021	0.00165301019986289
54381451	0.0370007713596868
54382220	0.0161803268875462
54385570	0.00176090681939799
54386110	0.161101581864692
54387600	0.00096585566566208
54387770	0.00320631578125546
54387880	0.00131198557668128
54389690	0.00124046634936694
54394520	0.00242184050511751
54394650	0.00129903379088027
54394711	0.00640898476550201
54395951	0.00272823664451302
54396201	0.001017393408856
54396621	0.0191249386649677
54396740	0.0068992875864544
54397171	0.00123754733119429
54403951	0.00300882121231094
54407770	0.00723176740517932
54413881	0.00101284042003687
54415651	0.000961321387886281
54433810	0.00372449137422282
54436980	0.013399999545612
54439091	0.00348623255340552
54444860	0.00229573764799931
54452580	0.00488079745724754
54452720	0.00679811948770117
54452730	0.00185237322448304
54452740	0.00794693422209333
54453960	0.0014353141225612
54454490	0.0150321443087968
54455531	0.00103210553077563
54458520	0.00134473830946673
54459671	0.00115724465800233
54459750	0.0102748308103698
54460201	0.0177128750776576
54462520	0.0016791041919182
54464761	0.00170632682139882
54465660	0.0381926612439386
54466080	0.00103154960746788
54468460	0.0111585168146566
54469581	0.00185191163726617
54471190	0.0106509976344151
54475480	0.002046852973337
54476850	0.00249555621859174
54478800	0.039904689406591
54482390	0.00120477074930043
54485260	0.00103906148708757
54487371	0.149792413218779
54493301	0.00827466850090335
54494900	0.000998296595645086
54497981	0.00299020888422075
54499180	0.0015263605481002
54502370	0.00301129124869983
54502411	0.0011400637024667
54502510	0.00145962811868141
54502561	0.00115983366963198
54502951	0.00417615288551118
54506210	0.00142379146376667
54507730	0.00516637717927521
54508700	0.00602615281249875
54513110	0.0197504657307309
54515600	0.049963399238505
54516160	0.00109120502470354
54516580	0.0701201882587586
54517690	0.0142346122353276
54518131	0.00212834565494715
54518360	0.00590389195638512
54518780	0.00574643112903705
54519781	0.00265768477914057
54521520	0.00110253216827509
54521540	0.00201197292882597
54521680	0.00538944728287297
54521970	0.0013748538177758
54522421	0.0112465380239353
54529441	0.00437605308023825
54529790	0.00402986006268084
54529861	0.0029712807482826
54530920	0.0025726925676567
54534080	0.117056953679877
54534480	0.00464812755428235
54535050	0.0393661662193438
54538480	0.00113921328684893
54541100	0.00143846363239457
54543730	0.00456859635979782
54543880	0.00195521526973115
54544580	0.00156704521593433
54549171	0.00155470088996656
54549250	0.00427816662903573
54551921	0.00136202590661333
54552040	0.00288896868908686
54552140	0.618882493827948
54552150	0.000987162534811972
54553530	0.00183702305031517
54556310	0.00214151328148578
54559050	0.0286934539979137
54559641	0.006067695797249
54560041	0.0153714883267087
54563880	0.00218468031685552
54564860	0.0026555020304489
54565100	0.00124320547626852
54565301	0.0208103381976813
54565421	0.0110638954684793
54566401	0.0056981360592562
54567180	0.0304066532878065
54567600	0.00139682662553104
54569950	0.00102958009827965
54569981	0.000964693899103535
54570750	0.0506274942854305
54571931	0.00347856463905929
54573670	0.00134113837148636
54583231	0.141564145366247
54583931	0.0272503066200844
54585011	0.00765079262562687
54588310	0.107275370205693
54593031	0.0308859801012596
54599720	0.00387908179816541
54600980	0.00712794065380788
54601380	0.00130682319291
54601660	0.00189063623093751
54602510	0.0236444525281874
54603860	0.00197002248154379
54603880	0.00159004623314755
54606521	0.00167140069051011
54607710	0.0124997931054716
54610271	0.497570981094836
54615160	0.0143166711773021
54615610	0.0644301054258084
54616290	0.00094740204586703
54616881	0.00316456953128902
54617441	0.00171719264807171
54619480	0.00788994530575494
54620041	0.00131840165193308
54624061	0.00190453804409554
54627631	0.00103500101137159
54627901	0.0201996925836628
54628591	0.00539373438191441
54629960	0.00275994989057727
54630951	0.00193892576689785
54631590	0.00183864415020417
54632321	0.0013724096145654
54632861	0.00127425736505357
54633400	0.000943274032184851
54633680	0.00200383061482352
54636700	0.00211665755717494
54637110	0.00160254996421188
54640440	0.00321379723503941
54642350	0.00135667965075955
54642630	0.0131550619370662
54642650	0.00173311519522379
54642671	0.0265104807880859
54646531	0.00613211758391659
54646821	0.00107194074290331
54647351	0.00196804693139166
54647470	0.0010069448212555
54647710	0.000995600635516758
54649421	0.00197690985052975
54649520	0.00240556194115756
54651901	0.00096751152830393
54652690	0.00215668324491949
54653411	0.005527180132494
54654510	0.00145110686935462
54655371	0.00110510181872146
54657370	0.00877527129384717
54657971	0.0282053075710275
54661100	0.0144060416561103
54663600	0.0011247150004391
54663891	0.00121022207978617
54665161	0.0202240004877216
54666381	0.00098343561955633
54668140	0.229770217745351
54668581	0.0598454365470587
54676680	0.00174184477022335
54678630	0.00128142066557804
54681431	0.0196985005877277
54681711	0.00106851305440661
54682610	0.0589491745785844
54683610	0.000995303779458082
54687850	0.00217716640589092
54687860	0.00857209625534067
54688560	0.0144381439979309
54688721	0.00182609791373644
54691621	0.00425677783108383
54694350	0.0128549053025318
54695590	0.00826480094341308
54697220	0.0153763935174242
54699071	0.0011600929712621
54700560	0.00100675133415963
54700721	0.00617187495090358
54702640	0.0216037918836958
54703310	0.00103008381174952
54704591	0.00104593766906471
54708010	0.00394134597834899
54709421	0.0691368609951947
54712461	0.006839533047958
54713250	0.00228310910042393
54714320	0.00115101301915331
54715751	0.00110975443869823
54722620	0.00306524609464256
54725961	0.00117855818586836
54731020	0.000957600783009294
54732970	0.00115560866695796
54732991	0.158431780525857
54733961	0.00177972296454929
54735150	0.00113273601111476
54735361	0.0014213540219425
54745810	0.0161584085597968
54748601	0.00957264344707835
54750330	0.00244668944496467
54750381	0.00125819874649163
54752161	0.00155905852222363
54752390	0.00112806145194346
54757110	0.00106090094980551
54758900	0.00499248875591621
54760441	0.00170773684599974
54761220	0.000979722738430641
54763050	0.00195427967834251
54763481	0.00127379672890889
54765821	0.00144403217094777
54766360	0.00156083494973671
54773370	0.00237695731553119
54774770	0.000977880930209766
54778080	0.0132625183963631
54780140	0.00532884260894939
54785971	0.036710451821682
54786730	0.00157145354163173
54793811	0.00776999025959275
54803040	0.00311299166434474
54815180	0.0010864387074436
54824660	0.00126788463714134
54828820	0.00129237828085281
54830030	0.00101897295663861
54830740	0.00149070708894678
54832100	0.00203994566220507
54837141	0.00114105205672093
54839881	0.00955236469203377
54840711	0.00631395529311152
54842371	0.000977889167845031
54845961	0.00159874721872285
54846060	0.00212647106012814
54847481	0.00173165202192959
54847710	0.0011982198046866
54848021	0.00204186361498163
54848810	0.00094388939454625
54849360	0.108161762385792
54849391	0.00111057086729057
54849920	0.00204079114001307
54849930	0.00203787941815225
54851410	0.00255875635288954
54852721	0.000970561324658588
54853480	0.00248035027992388
54855820	0.00205639132949784
54855980	0.00236909051370934
54856670	0.00143515983327245
54856680	0.0011934595260596
54858070	0.00111200013909501
54860240	0.00350168163512981
54860581	0.00113893550084914
54860991	0.0165044964419105
54861210	0.00281328648305611
54861490	0.00132303190085689
54863450	0.00167349562892847
54864311	0.00276076175680099
54867591	0.00118005493956176
54867850	0.00353430614679048
54868100	0.0208841540687275
54870730	0.589366573657952
54873240	0.00106070196194488
54874860	0.00121549651534707
54875960	0.000981779406245916
54878470	0.00514845941446897
54880011	0.00860026819270294
54882101	0.00304612840515948
54886221	0.00630780148750406
54886231	0.00373104351341647
54886990	0.00112600189264699
54887731	0.0179654121953327
54889100	0.00187218299673702
54889230	0.396791283938474
54889251	0.00284739484168264
54891830	0.028434892916915
54892410	0.000985564911683769
54893890	0.00642794394220097
54894060	0.00106594946083481
54898361	0.00104681339595679
54900100	0.00281763427360616
54901210	0.0102121036011046
54902020	0.00126752714925964
54902720	0.0382400494995811
54904021	0.0166999833799274
54905251	0.00421682634879087
54905951	0.0907069427156615
54911061	0.00123059250391856
54911201	0.307847665852249
54916151	0.00965876270656983
54917961	0.00114246489499049
54918730	0.00243929518919833
54920161	0.00126721860903966
54922190	0.00491770452309772
54924390	0.0010544689090422
54927300	0.00190573565462849
54928410	0.00101652111253712
54930460	0.0656623714316255
54932540	0.00286003540129156
54932920	0.00887659352893847
54935191	0.000944252223880747
54935461	0.0109542614373607
54936790	0.00104170843754982
54937791	0.00100749441522096
54939591	0.0113665540471033
54940281	0.00601171372249445
54941190	0.00411600861689861
54942170	0.0203245478138851
54945610	0.0100583992138677
54945780	0.00115760365878092
54947041	0.00132871846426794
54947331	0.0085497246801217
54948260	0.0129109571683168
54949900	0.00371458803194164
54953811	0.00286054539739487
54956090	0.00205912796425325
54956230	0.000999620096606669
54956670	0.00237245699598581
54957190	0.00147855650623413
54958310	0.00210679426095483
54958740	0.00269913763438369
54959471	0.000986275194053738
54959581	0.0147086343998118
54962750	0.00472572703165507
54962761	0.00323264187601104
54967280	0.00244653639596622
54968021	0.00225405530113317
54970590	0.00120557232873096
54972021	0.0039185659542715
54973230	0.00169053308260891
54973391	0.00141351517262337
54974290	0.000969399547670025
54975020	0.00209840088432821
54978160	0.00146187665597573
54979181	0.00211887943087108
54980770	0.00205569082371995
54981760	0.00107892730238467
54984950	0.00103365751967013
54985101	0.00728484399252284
54988510	0.00168807962139833
54988780	0.00184615543072213
54989770	0.0020126836273521
54990911	0.00236963183325359
54991441	0.00158669202361443
54995051	0.00116745278923908
54995550	0.00141545235404364
54997090	0.00224339194319072
54997791	0.00228264277026071
55010771	0.00136289459731511
55011010	0.00215108864089304
55015721	0.0183240768746692
55020800	0.00120844982057853
55023390	0.00225813558255276
55030891	0.00583992393006791
55033360	0.00134648472706513
55036080	0.103194212404703
55043140	0.00581599031640856
55053320	0.120849584461355
55060841	0.00237098574253134
55061501	0.00109634846991959
55072770	0.00316522811896006
55073060	0.0017289621400031
55074000	0.00254606428490677
55075420	0.00107810510076656
55077231	0.0274513301551598
55078010	0.00130470283462403
55078061	0.0105955052206487
55078440	0.00164310463000856
55081760	0.0180406636080731
55083940	0.0014788700186317
55084490	0.00238888668246169
55084671	0.00180829336743131
55089460	0.00162612840467104
55091390	0.00106092960042635
55093921	0.00355808702719294
55096421	0.0206040892091094
55099711	0.00240714598167859
55101630	0.00418128332888143
55103250	0.00481566575774999
55104261	0.00155144508395219
55104790	0.00180029439535722
55107711	0.00116087152678379
55107820	0.0207464734567417
55108001	0.0140135265404042
55108630	0.00245268630912199
55108640	0.00785594510205527
55108971	0.00776348772463709
55109350	0.00808312009959793
55109511	0.00100111039714414
55109651	0.00349870815504547
55112520	0.00133257665727163
55115140	0.00291352790968279
55119120	0.00178693475526142
55119861	0.00108229007805494
55120240	0.00375647356905937
55121610	0.00124361676001547
55123960	0.00384904298733477
55124070	0.0208003833308059
55125200	0.00110703053030377
55134471	0.0012398964578542
55134871	0.00207820549291503
55136480	0.0307360619335978
55137651	0.0009713519858346
55138211	0.504300005870502
55138410	0.017463616663698
55138461	0.00140341227023066
55139260	0.0066229403359662
55141911	0.00238185016973088
55145460	0.0018879534328628
55147021	0.00149522545360037
55148240	0.0272918853351402
55148811	0.00584331011322371
55149190	0.00195725837747546
55151130	0.00215309377382713
55151701	0.00141706439950046
55155250	0.00286916797084097
55155370	0.00111692108660274
55157060	0.0087518543453698
55157371	0.00356262695032058
55160910	0.0078810140906303
55162181	0.00159221338963881
55164100	0.0131684304205081
55164770	0.00175871443352278
55167390	0.459992406923413
55170321	0.00267323534243118
55179800	0.00103849769606955
55180111	0.00130674116984952
55180681	0.0243169104613107
55181060	0.0559072458090541
55184381	0.114348437257488
55185870	0.00103536475003551
55186000	0.137573688580612
55187031	0.00160446256844019
55191260	0.00342482238850187
55192500	0.00280998062850659
55193921	0.00198557978603956
55194471	0.00258767043934821
55194550	0.000968652052211464
55196521	0.00201405045887513
55202891	0.00230224332855869
55206440	0.00687636869820378
55207711	0.0105095705363996
55211281	0.00297548848387329
55215711	0.00156519626720319
55217761	0.00356875974753679
55225860	0.0144236520616598
55228620	0.0168814325218392
55231561	0.00339937398082422
55234260	0.00580426553758389
55236470	0.0102083575494248
55240370	0.00413414510063033
55240630	0.0053549726609537
55242270	0.00301297926460892
55247961	0.0012501531819254
55248220	0.00131168105382693
55249300	0.00097825145759853
55257201	0.00239857357891349
55257911	0.00295516004485907
55259940	0.00100703750562739
55261221	0.00490714553572637
55262171	0.00130276939246223
55262871	0.00103159553293155
55262970	0.010049330509067
55262990	0.00138088201726671
55264740	0.00361678924585109
55265030	0.00164030031196226
55265460	0.00209529557032179
55265481	0.0016845759034789
55265860	0.00164587324773192
55268460	0.0030263705021721
55268490	0.00233058057614203
55271660	0.00126743794299941
55277201	0.0326914073413778
55277450	0.0311214672807135
55278850	0.498814738916626
55283421	0.000983068141229688
55285761	0.0161872450307947
55285870	0.0241769193630372
55285901	0.00319604842530168
55286290	0.00105415436870678
55289590	0.00164801992863859
55291131	0.010797701605308
55292261	0.00167944681676867
55298950	0.000991168098278656
55300090	0.00124161825432718
55302280	0.00110971659415779
55305891	0.0203818779767231
55307260	0.00109904357632794
55307940	0.00128557894429547
55307961	0.00153755924417221
55309310	0.0149338004920145
55309631	0.0170988081997226
55312320	0.00204323257727179
55313330	0.000941596496037972
55314171	0.0122397261449652
55314700	0.000985216707275572
55315800	0.00146265352359745
55317481	0.00940140292080937
55318721	0.00273326715852526
55319660	0.00213155423132393
55320490	0.0030114798894116
55321980	0.00160854718129471
55322041	0.00301567052380283
55325020	0.00620158724876224
55326130	0.00633915399054524
55326171	0.00413474279939882
55326731	0.00304962157506715
55326851	0.00517290264525822
55327110	0.00237585301062727
55327370	0.0940879661838457
55329580	0.00105689958310524
55329611	0.00107132877771607
55331421	0.00280143066415907
55331971	0.00146617603011912
55332921	0.419186028012898
55333180	0.00260449309171574
55333211	0.00103781538939075
55334461	0.00171005057746091
55335981	0.0272029621568568
55337211	0.00123505067259331
55339670	0.00204030913950643
55339971	0.00404717712687136
55340210	0.00408115464074472
55340730	0.00123539201730606
55341290	0.000997449015463946
55341300	0.00181944584321981
55342250	0.00147128433097017
55342840	0.530809090619579
55345030	0.00110855653545324
55346830	0.00289800708668461
55349140	0.017763577711022
55349221	0.00126890227726219
55351281	0.00103924559102044
55353840	0.0272508025580728
55353850	0.00118185720470456
55354400	0.00506793399067171
55356450	0.0153285871109737
55361331	0.00151099417464956
55362110	0.00839164949195616
55363951	0.0118618218726188
55364941	0.00232019481714084
55366000	0.00218795211935231
55366110	0.0159568678360453
55367380	0.00323805834210918
55367691	0.0172991015417721
55367951	0.00359730288606977
55368330	0.00255721500569079
55370700	0.00107235671373594
55371490	0.00377665020694517
55371500	0.00105741054301492
55372781	0.00102882628897648
55373061	0.001345497998601
55375780	0.00105833288364688
55377710	0.00315296945719534
55379900	0.0127855626428824
55380231	0.00132918246233955
55381071	0.00132564847374535
55381710	0.00352262103303293
55384091	0.00114489259850625
55385720	0.00552512467967356
55387001	0.064452317377531
55388081	0.00481162896518373
55392590	0.000951949275443819
55396050	0.00910824312518855
55397901	0.0111853871901318
55399660	0.0117618104709898
55404050	0.0148419539341089
55405040	0.0441045390624647
55408890	0.0010469434314551
55410930	0.0030372199757594
55412890	0.00161747063509872
55424511	0.00386995464526742
55425891	0.0011589294452791
55435500	0.00166021704621909
55442441	0.00192891485335956
55443630	0.00123372409470718
55447490	0.00301040735711366
55454390	0.14273563263944
55455890	0.00434635695418795
55456860	0.0108018614646655
55468580	0.00228073409072611
55469601	0.0054505964553483
55478130	0.0798298500393082
55488791	0.00102449929910684
55489280	0.00415289940848187
55496361	0.00271146826289805
55503370	0.0297171289505434
55512771	0.0010967185598774
55516071	0.00481796872258015
55517020	0.00170803156307593
55525181	0.00162169516489564
55537061	0.00953130753644293
55544781	0.0262844473968745
55545280	0.00233455966469355
55549601	0.00207985005409174
55566810	0.00182216588935799
55572491	0.0161929038491134
55572980	0.00842215893748921
55574250	0.00191261967219668
55574530	0.00410036435869351
55591640	0.00565583345717821
55605171	0.00135845933786271
55619350	0.00115611297361557
55620420	0.105212594522567
55625810	0.00122142151570332
55640990	0.00109037402494126
55641700	0.00104059155445056
55644280	0.00308827504733419
55646110	0.00144711372640258
55652211	0.00116945353610931
55657700	0.0223608060088206
55658681	0.00344660336556689
55672140	0.00213856108644936
55678490	0.00137307665976554
55685021	0.00541313113616509
55688341	0.00147588763815438
55690070	0.00150133751430467
55690261	0.00142258574890477
55696300	0.00291179673476775
55709011	0.00110815438494289
55709721	0.00248609353397953
55711480	0.00249130320123046
55711931	0.00186317526504462
55712201	0.0594240549404866
55712621	0.00361761926346778
55714210	0.0021607970607324
55718920	0.00151618252610936
55738930	0.000999602879039137
55742811	0.0313860481130308
55743320	0.00127405642897772
55751641	0.0559088994879165
55766251	0.00130935670439622
55782931	0.00207501050907428
55796051	0.00153471524576556
55801930	0.00183749805534004
55806480	0.0894505683432515
55819631	0.0154723631980633
55834500	0.00154386870678766
55841851	0.00333714762016041
55842740	0.00282546778452297
55849230	0.00595658243168523
55857011	0.00195287605195039
55857421	0.00570727454708986
55863570	0.00100330903764477
55867501	0.00938132800922187
55868260	0.0015094105685933
55868410	0.00657586838263398
55868560	0.00519015329647994
55868980	0.00427920683131527
55870101	0.00100769354733271
55870360	0.00281116753378677
55872290	0.00142940249972705
55894121	0.0201109740169585
55900731	0.00148360689401727
55916721	0.0012437854141491
55918600	0.00120129832623265
55937360	0.00145933568465171
55940301	0.0270447124931953
55959150	0.00112600432426755
55966651	0.00242341041323496
55970251	0.000981232257293041
55977640	0.00121750746576785
55982060	0.00451709107470032
55986781	0.000954738641744742
55992930	0.00125408398659889
55993230	0.00106118657251332
55995840	0.00258752004021588
56001541	0.00100624003171469
56010060	0.00302001211030666
56013650	0.00175574775137068
56013821	0.00161332411505854
56019290	0.00112063604493238
56021920	0.0193590349108825
56024970	0.00268891980175164
56027430	0.0013163005270388
56038310	0.00314607774555303
56038641	0.00105398087824692
56039150	0.0121559604001013
56044561	0.00141473537764424
56045490	0.00153289330010879
56046091	0.00132908706730838
56048311	0.018696745663802
56049070	0.0263792080454991
56049380	0.00104448485981433
56051990	0.00473953222916686
56053620	0.0314707103473474
56055751	0.00402141261319188
56056861	0.0297043051124837
56063960	0.00111730006190029
56063980	0.011359934484689
56064431	0.00127065810644579
56068130	0.00802124374768834
56069111	0.00104241053665
56071041	0.00120197009911741
56071130	0.0012422409018034
56071591	0.00146336648447794
56072161	0.000976955282821315
56074330	0.00203222112928036
56074440	0.00110880429298166
56076581	0.000978021970859626
56079201	0.0191768140227972
56081780	0.00228961116908633
56081890	0.00217361372528983
56083451	0.00184675350581662
56083591	0.000991268220343484
56086200	0.00892176241872173
56088701	0.00234090900743891
56090160	0.00293311328774633
56090511	0.00210746931171829
56090880	0.00191837562193931
56093401	0.014467647856339
56096110	0.00195866230022083
56097681	0.00120572841633936
56099871	0.0811782653875168
56101890	0.00101620955342804
56102781	0.000992685849017156
56103041	0.000993363251579715
56103410	0.00188221322692487
56104100	0.00110659137690898
56104151	0.000971275164901956
56104370	0.00128841635081084
56107680	0.00110232035497369
56110730	0.00135564192904509
56112500	0.011586672923749
56115871	0.00272425071634785
56116431	0.00117945434789293
56119680	0.0230428372661358
56122580	0.0512683578293959
56123331	0.0667901035169783
56124981	0.0100227840639742
56126740	0.0010154246982252
56128831	0.00276783309481378
56129750	0.00558127373156812
56132130	0.00370373077910137
56133200	0.00136328347196671
56134091	0.00394999697394087
56134740	0.00112938336696579
56135300	0.00177730392992371
56139980	0.625974038610994
56145101	0.0132331854667915
56145521	0.0110581571343615
56146221	0.00945114130010053
56148841	0.00129650317342196
56149050	0.00138678547151627
56149340	0.00160452345688887
56150361	0.00137331812363252
56153480	0.00121697045183371
56158170	0.031980030252904
56158850	0.00391677611560517
56160400	0.00113596817608382
56161101	0.00550200229315297
56161661	0.00255482067013973
56162700	0.00101464994780609
56163970	0.00233080004398041
56164151	0.0010240286200285
56167461	0.00279415572436353
56176090	0.0130541678047101
56178501	0.00100080748127953
56180630	0.00100375923740958
56181251	0.0014801705271324
56182310	0.00219693877711175
56183540	0.00401129593776858
56190560	0.00475233466341407
56191301	0.00118405863572754
56193500	0.00369437654064892
56196691	0.00234230066922406
56198600	0.0250624420212396
56199840	0.0888996353727475
56202710	0.042952020458911
56202751	0.00221879543031843
56204220	0.00130205796788295
56205080	0.007570489253187
56205340	0.000959001062280396
56206331	0.00102788331757536
56207410	0.00177717948897202
56207660	0.0222481610346637
56215670	0.013681936108083
56215711	0.00698038506712349
56216920	0.00124493469963098
56218331	0.00286685972939852
56218860	0.00546962339575009
56218870	0.0180648130579064
56220900	0.00265833973959667
56223000	0.00174306127011341
56223021	0.00211421264469052
56224530	0.00237047557412182
56227301	0.00210806508737022
56231181	0.00508061073007569
56233220	0.00151023079159124
56234600	0.00475418379650446
56241340	0.00201140741557755
56242710	0.00154599540840991
56243451	0.00155166864716774
56247031	0.0121471790098945
56248541	0.00394713596928136
56252930	0.00266525145913835
56253320	0.0038521524372929
56255571	0.0277201876227805
56260240	0.00213119861816916
56260531	0.00162000568979249
56260561	0.0206312081050414
56260951	0.00111251531213992
56264350	0.0070291874658305
56265231	0.0853539429195742
56266030	0.00117984052789995
56269511	0.00138117532770479
56270351	0.00296017098115039
56270850	0.00502960983131732
56271100	0.00393834079130067
56274741	0.00217943084309366
56277200	0.00357672955646142
56283810	0.04314379814229
56285460	0.00111364283326954
56289791	0.00581826646477927
56295021	0.00123399731658488
56299161	0.00152108457296451
56299270	0.00383117606809489
56299830	0.00360358399830298
56300811	0.00100754658798084
56301350	0.00113579579124716
56303451	0.00233276974180226
56304350	0.0012016140272666
56306970	0.00214084774160011
56306980	0.00100635658061538
56309590	0.00193305955256275
56310300	0.00168572950870206
56314140	0.00180474237726847
56315260	0.00162513913321279
56315571	0.0389856117562784
56320750	0.00375909791671353
56321760	0.137818496777004
56322130	0.00756328448375805
56323701	0.176596844544863
56329320	0.00631651654843129
56333371	0.00124388045916638
56335291	0.00316350127369239
56338461	0.00534033128730732
56342331	0.00100664115149274
56342560	0.00266630297963516
56342611	0.00385972294570349
56346150	0.00264869070229649
56347530	0.0012209940216767
56349330	0.577041836265739
56350471	0.00357105712339438
56351141	0.00127369340137463
56356541	0.00102102911695548
56365040	0.0120969609209242
56371940	0.00104135572524664
56374601	0.00562596646288906
56378300	0.0100330149279428
56390331	0.00220965549912247
56400780	0.00932081855347486
56405850	0.00139924736484781
56410950	0.00135025574678882
56417300	0.00463888456258173
56417710	0.00103947891538124
56418430	0.444816572587639
56423100	0.00909239200439729
56425361	0.0833355647831394
56429491	0.0319927834363382
56429860	0.00802287454845259
56432381	0.0022711402112919
56433081	0.00113208877857339
56435011	0.005636569273104
56435131	0.00245892422510157
56435770	0.00133982514100299
56436941	0.00154046054982805
56439431	0.00301615012505206
56441911	0.0016685349597552
56444261	0.00107906155193987
56445720	0.00189190246138778
56449221	0.0070594156815985
56457631	0.21748784616914
56458390	0.00131837921923845
56459950	0.00572942383717126
56460381	0.00159780841659381
56461361	0.00107605479501527
56464661	0.00146121769905754
56466130	0.0228914015875448
56467100	0.00759081204491825
56472910	0.0016574498649879
56474570	0.00119105404308246
56475360	0.00123315862360128
56476791	0.00112125557396206
56477030	0.00195349346746876
56477320	0.00415028033356934
56477450	0.00124011206955523
56478041	0.0103323448866423
56482181	0.00242356789502778
56482980	0.524210216851531
56483431	0.0187475127935595
56484750	0.00301107833602373
56488391	0.0218011484596921
56488750	0.00393331767455152
56491110	0.00107279862660369
56492070	0.00749684715110976
56492180	0.15477900626223
56492740	0.0312688694185484
56493580	0.00585571941998446
56494321	0.00102528239361259
56495940	0.00216695372274515
56498980	0.0046226268754347
56500661	0.0408042698041277
56507011	0.00245299726691564
56508180	0.00329075399158877
56510311	0.0717885844405285
56513331	0.00141218767841119
56521600	0.0203171242410402
56522181	0.149170990296935
56525600	0.00144955688290923
56526660	0.00266762839610156
56527070	0.00315732513430523
56530700	0.00132668799555419
56532620	0.0016026344467764
56535100	0.00111379730304693
56535411	0.00258895995488283
56536890	0.059547102182085
56538041	0.00469688512100702
56538270	0.00456864458864302
56543940	0.00142653455093934
56545590	0.00102348838077394
56546171	0.00110487380213316
56547620	0.00102090249867831
56550291	0.00182378364609384
56556101	0.00117495698446953
56556870	0.0264981577881578
56556880	0.00112477428862894
56557030	0.0012557840495134
56559421	0.00106364577443088
56562031	0.00110080724163542
56563281	0.0398737686561578
56564330	0.00111091349885613
56565211	0.00104366864401063
56566571	0.00303575993578045
56567360	0.00157600432900154
56570390	0.0141485253066716
56574560	0.00434791535633656
56577020	0.00295553592714247
56577030	0.00130622327882003
56582140	0.00185520223286648
56583650	0.00152703744407389
56590701	0.00832215380674426
56594660	0.0769220238618924
56595401	0.0317756579796641
56598991	0.00100385226994038
56600590	0.0121820162929303
56601000	0.0244155722082077
56601741	0.00253094991651743
56602250	0.00153345813558286
56607111	0.0012555007253333
56608880	0.0114223504347193
56609201	0.00200787853794482
56615220	0.00165143618767084
56620580	0.0875095366022565
56629410	0.00168861590401255
56629461	0.00515731220823736
56629980	0.0685910494601954
56634950	0.00559040690556244
56640330	0.138711147335936
56643360	0.0846008634983853
56644440	0.00900373492402582
56645410	0.00338131750340786
56645540	0.00155699274616705
56647210	0.00127561070533371
56649420	0.0238607870515778
56651360	0.0208069683101498
56652231	0.00105432611942802
56654370	0.0205532819528718
56655080	0.0111356152141761
56655100	0.00102847601619194
56655121	0.00128196540379922
56655131	0.00577730632357957
56660720	0.00623806845376052
56661741	0.00220065989484095
56663200	0.0144623475976412
56663230	0.0122842206772431
56664440	0.021605220313399
56669871	0.00132537682490306
56670301	0.00188632261567975
56672480	0.00100105979642522
56672990	0.00158795026485953
56673061	0.00446837269039581
56673461	0.00126194797815291
56674680	0.00289716687714348
56677400	0.0520923846286239
56677611	0.0133937208458203
56677680	0.122682410369591
56683951	0.00178287804703497
56684200	0.00962527046676716
56689560	0.00390996372090828
56699050	0.00225359674985185
56700231	0.020597897822947
56700351	0.00115380859158194
56701850	0.00716641125518634
56702291	0.00158671777295203
56704450	0.00285742947434043
56705061	0.00255319536740893
56705550	0.00494434641847817
56705611	0.00198402191792757
56705881	0.00536821949020725
56707111	0.0730117135968082
56708060	0.00132641445448451
56712091	0.00233640991726095
56713041	0.0010168226333019
56713611	0.0673342908346105
56714390	0.00217391048559937
56715080	0.00570278341042407
56716470	0.256258028037246
56717611	0.00495519628523649
56720020	0.00352721698965153
56721311	0.00114388946914006
56722510	0.00130232332720665
56726151	0.00238794260450245
56726680	0.00134214651529898
56727090	0.00126263713512882
56727350	0.00151490908216869
56729871	0.00996712301873234
56731381	0.0319967110554604
56731511	0.0012556303249742
56733120	0.00100192325576041
56733950	0.00130856541978572
56735401	0.0208377219851223
56736170	0.00758636127135975
56744440	0.0444643556606213
56746790	0.0015914720572838
56746910	0.00315223534611727
56747750	0.0040827353330192
56748621	0.00133598620331728
56750100	0.00215302598606407
56750691	0.00125101904805172
56753041	0.000989042803931853
56754220	0.00184248300490479
56755880	0.00100712230722234
56756600	0.00167208964852873
56758250	0.00176625315512968
56758691	0.629638103569437
56760700	0.000992704681215095
56764341	0.00250793343249042
56767360	0.00296231242976817
56768221	0.00374868545815521
56768351	0.00112922316197563
56768730	0.00162041985803652
56769410	0.00110829939100912
56770220	0.0105544992018689
56773820	0.000981524487422852
56776320	0.00564605021585231
56778681	0.0246524914461196
56781560	0.00160437938687857
56782490	0.0272798184239493
56783251	0.00136417934071232
56784310	0.368967546296116
56785021	0.00270586940101648
56792901	0.0027578308420206
56798520	0.00218723750898824
56798530	0.000976955282821315
56801840	0.00104040624314111
56801871	0.0011636135212141
56803511	0.00439396811666954
56806520	0.00345598458417888
56810250	0.00117499917569608
56810510	0.00148296220895563
56812710	0.0111159073231172
56824061	0.00166455511191443
56828881	0.00230534943964779
56829161	0.00236078618827079
56830650	0.00157128668269036
56834121	0.0894938478517853
56838951	0.00228013751964032
56839911	0.00101176106662803
56841991	0.00698770152944378
56843070	0.015595488506474
56844450	0.00114628252962803
56845960	0.00190485239217058
56845970	0.000951460331200404
56850831	0.00448420853995234
56853010	0.00280847511093681
56853280	0.00917242114755069
56856051	0.00949159207985854
56857151	0.00197338564009588
56859900	0.0873420261808143
56860140	0.00097562406133969
56860751	0.229474928591314
56862930	0.0298667613992944
56863860	0.00264850558152194
56867880	0.0100058536570236
56869240	0.00158614673681675
56869451	0.00325794561504074
56870790	0.00713523374660306
56871490	0.0050144859219649
56872891	0.0176960680331781
56874660	0.00354753597147119
56877950	0.00370024241962611
56882890	0.0218654852857673
56884990	0.0220356366504093
56886360	0.00107047648163935
56895511	0.0350537503130915
56896061	0.00129630377711235
56897550	0.0011704666607336
56899880	0.34081492313003
56900850	0.00124451616099608
56901021	0.00111701320476064
56902671	0.00104972139997951
56902801	0.121601035735166
56905830	0.00305681885300446
56906261	0.003180181739103
56909721	0.00141949220142129
56916010	0.00137386592875093
56916020	0.00331734737114571
56918060	0.00286292794363507
56919221	0.00181477129346159
56920270	0.00628311778258335
56921270	0.00289083260786846
56923760	0.00103496192258007
56924170	0.00426179900718577
56930510	0.00156827099686656
56935030	0.114463529691587
56937260	0.00726677308713769
56941780	0.00136309775638811
56941800	0.00119948857347512
56942391	0.00723783650022502
56943221	0.0144411041958854
56944690	0.00643693001078686
56947320	0.00104348988683296
56948471	0.00519735535693974
56950391	0.00274247350877886
56952881	0.00121996495288273
56954900	0.00632347576689219
56955211	0.00191456981331025
56955480	0.00301425741261922
56957981	0.00161024787611334
56971440	0.314774614914468
56971590	0.00178522943444014
56972731	0.00707446347823204
56974661	0.00127637135612505
56978340	0.00109124530756759
56979310	0.0104958600723617
56979880	0.0151253555470627
56980820	0.0011055116873993
56981940	0.00187996992074997
56982480	0.00214872140104154
56984171	0.0165355075658909
56986661	0.0208166838252777
56987071	0.00258626673971585
56987990	0.00179886005720662
56988031	0.00358347173441856
56990220	0.00204211454436535
56991160	0.00271073976116194
56991720	0.0553921568240379
56991901	0.00287103245844667
56995351	0.101744922387034
56995740	0.0120307904449654
56995980	0.00129395581611764
56997011	0.00130386037238431
56997110	0.00353584754670929
57000830	0.00117898588242571
57001940	0.00164578086910853
57002951	0.0548256252923436
57004051	0.00216480510674228
57006890	0.00131982389902968
57007921	0.00774686033069429
57015300	0.0195691020117971
57018050	0.120455400411952
57020290	0.00332861304045726
57029790	0.00315686537842978
57030630	0.0032983779992367
57033530	0.00205761784792643
57033821	0.000951826068016251
57035621	0.032502691941743
57046740	0.00386821559080666
57051611	0.00100851662572633
57053291	0.00119142965922928
57054781	0.00316330512127581
57056191	0.00525342598873963
57056430	0.00106268011096016
57057691	0.00107456584118941
57065431	0.00141484693696374
57065660	0.00113871943365439
57065910	0.00126951394597701
57066180	0.00145371714211013
57066320	0.00502181689306139
57067481	0.00371400758282524
57067600	0.00249543855454009
57069981	0.00331642583203262
57071860	0.00101442978385161
57076960	0.00178386984688572
57076980	0.00382211979264612
57076991	0.00881163686030492
57078241	0.0010145263486145
57079710	0.00198937768535003
57083730	0.00189099179065922
57087061	0.00307662473550682
57088031	0.010743023446781
57091030	0.00170979675688885
57091341	0.00185969747043384
57092410	0.0089830741374383
57094231	0.0026649519730235
57097701	0.0181973156448872
57098070	0.000986476778434614
57102791	0.00129018959425615
57105390	0.0041214417316139
57106241	0.00116355446706905
57107010	0.000984984189000442
57108031	0.00286653268360961
57110200	0.000972350991417698
57113770	0.00495915096337686
57117831	0.00944213996456613
57121620	0.00128408256335878
57122911	0.00112060256753337
57124021	0.00126813938079784
57131071	0.0238308005110974
57133141	0.0020130581615851
57133930	0.00119703048041948
57134590	0.00646285436199717
57135180	0.000951826068016251
57140161	0.00114421111026257
57141411	0.00113509400669051
57141671	0.00100198691155514
57142620	0.00183839625428106
57148841	0.416249995541505
57151980	0.00111324133217544
57158501	0.082053361198957
57161100	0.00179651272382424
57171211	0.00231333298512672
57173411	0.0689729646512311
57176161	0.00118180120996522
57177801	0.0228343051234394
57178371	0.00474398606437224
57178580	0.00139018433253748
57179420	0.130996877813976
57180451	0.00132752316683415
57180810	0.00103447190000707
57181350	0.0033407355615642
57181360	0.0124617394149571
57186381	0.0015657577065528
57187211	0.00360224935307818
57187611	0.00123793681048623
57189620	0.00145584556631511
57190651	0.00164920562243994
57190900	0.00255332994266901
57195461	0.00449968416137171
57197350	0.0013403582407597
57203560	0.00234935720946335
57204281	0.0424886584040899
57207871	0.00817075333732539
57209790	0.121527563583796
57210211	0.000952090356690577
57210450	0.011966659148782
57211570	0.00808977974829682
57212161	0.00111095564742158
57213220	0.270800970853925
57214781	0.0015513132132269
57217401	0.00197567014279981
57218200	0.00124015088789342
57223270	0.00164480833505498
57223720	0.00109266440967218
57226081	0.000986488053194228
57226850	0.045134280840977
57228950	0.0669214782890703
57229251	0.00115548057379218
57230101	0.00100285016701669
57231010	0.401742875379043
57231201	0.0011045366920071
57231560	0.00100044907870979
57232431	0.000965825006862473
57234990	0.0154341361905692
57239611	0.001697119353616
57239700	0.00213503803655049
57240680	0.00205547575918962
57241070	0.00317884079726298
57244410	0.551830591837791
57245370	0.00108774340001417
57249910	0.00309377419480736
57251140	0.00285094561920309
57256991	0.00558621115059831
57258071	0.00641561374647328
57258911	0.00146090933360889
57268011	0.0390669762217163
57268230	0.0011881004422241
57268701	0.00264280979253427
57270580	0.00104163145039461
57270720	0.00104186054661121
57272920	0.0030105449238617
57277200	0.00100594727850126
57278850	0.00393999754747865
57281090	0.00100328669674275
57282750	0.00859265981586996
57284660	0.00159293550973667
57286330	0.00101723551330582
57286921	0.00215364497776332
57288380	0.00457177549476665
57290050	0.00334436981507944
57292230	0.00194236541066867
57296841	0.00147258966166247
57297480	0.00195252432816668
57298020	0.00358084627101269
57303451	0.0106516198745975
57305111	0.0202351882647967
57305391	0.00478571544989227
57307810	0.0014566504000051
57314880	0.0515258245252827
57316151	0.00360787786048752
57320141	0.0202725143889649
57321490	0.00109444883959947
57323560	0.017749974940639
57323820	0.0211503040223304
57323850	0.00476121092017636
57324500	0.00144074507642741
57325630	0.00142765449583491
57327270	0.00357839625088065
57330150	0.00103250610852365
57330590	0.00146267864360762
57335321	0.0022445712672466
57336640	0.0207161277471483
57337661	0.00102373453347362
57339181	0.051447930617046
57342430	0.00449701760930602
57342440	0.102055656609558
57343010	0.00121554975739454
57349531	0.00109096991432234
57353760	0.000965108313095761
57355270	0.00124472075512086
57358730	0.0138692003366311
57360401	0.0239156564947699
57361791	0.000989683367917331
57363051	0.00104990133918262
57365620	0.00102468433993467
57371400	0.00124374302123963
57373641	0.0146973001986212
57373750	0.000991135680098187
57374320	0.0081103655047962
57385801	0.0714081039687335
57388831	0.0447220928968024
57388940	0.00395102704276545
57389180	0.00147432500623347
57397750	0.0015860775866511
57403940	0.00201800047910465
57430980	0.00120995048379544
57444691	0.00127515455103567
57453781	0.0014448107361384
57468681	0.0125212588403274
57469720	0.00138152287335001
57470550	0.0482443825884572
57470700	0.00120544455082684
57470751	0.00102931749782763
57473320	0.0125787565089007
57474550	0.052357161547057
57474700	0.00206964466637766
57475280	0.0787738295532729
57479270	0.00255812433518632
57480681	0.00133968683141256
57481340	0.0824205873856594
57483140	0.00805441622125416
57484210	0.00142917458902594
57486201	0.000968719375022457
57488001	0.00358335895381766
57490570	0.0012043850171438
57492001	0.326642500297404
57494130	0.00186415846837681
57494280	0.00128371834437106
57495660	0.0290381609003267
57503441	0.00396209719167282
57510481	0.00318481200770347
57512100	0.00188405505470039
57513600	0.00118338660611552
57514061	0.00690048067194983
57515011	0.00120528450694762
57515690	0.00960234845019659
57519680	0.00494242635630794
57519800	0.00104926216253893
57519841	0.00100646981258574
57520671	0.0052982510296582
57520811	0.00138537622690237
57525101	0.00131815434619344
57527370	0.0012703535463229
57528490	0.00554132946627853
57528770	0.00155318003787156
57532801	0.0015770891446662
57534560	0.00101831025695647
57537890	0.0396790159136573
57542430	0.105197388520823
57543090	0.0127752304321674
57545071	0.00300674725619274
57548931	0.0500716967617247
57551400	0.00201660441776221
57553170	0.00473101009792068
57558311	0.16128994024158
57559370	0.0241000441568111
57561211	0.0120442309831373
57566741	0.0040750593472446
57569310	0.00203993230746558
57570031	0.00126327100234382
57571100	0.00207626135458271
57571230	0.0021696511994573
57574171	0.0032922878502648
57577911	0.115873191691037
57578311	0.00103721478285358
57579950	0.00109211096396465
57580780	0.0622590104231413
57581901	0.00501052210493623
57583100	0.00128358310728633
57587680	0.0022198644248481
57588630	0.00117486659403441
57592190	0.0102024918807052
57596801	0.00136486876749966
57597180	0.00295903815389359
57597570	0.0112783731984212
57601190	0.00118460694853355
57603841	0.00153821014688177
57607930	0.00126604660082003
57608780	0.00130290617037704
57609211	0.0169157768501633
57609361	0.00146597794047166
57610331	0.2237571775907
57613450	0.000971577272601738
57614581	0.00125385821617122
57615821	0.00597282106811169
57616080	0.00264035369195264
57617840	0.000991425620512942
57619670	0.00134067985156824
57622280	0.00758923538137385
57628210	0.00174373686344386
57632651	0.00104828334750619
57633771	0.0012758729115847
57640360	0.135510807474171
57641160	0.0015565315890635
57642601	0.0066803351180799
57647250	0.00270098772931769
57650420	0.00363132178843777
57652320	0.0026826230688909
57652781	0.0162483679007752
57654741	0.00309659265444082
57656251	0.0013787109165253
57658670	0.00279217074819007
57659910	0.00996426520922259
57660791	0.0040209507407512
57664231	0.0183703250173803
57665061	0.00277331065508697
57666581	0.0039334656929702
57667500	0.00110547249643917
57667640	0.00159138096138564
57668391	0.00110430707517487
57669560	0.00321675266801018
57670851	0.00102132256793976
57672190	0.00130352509087435
57672641	0.00252356759122902
57675360	0.00175145616319284
57676900	0.00249182921791714
57681201	0.286670993363221
57683910	0.00308418044115421
57685471	0.00179944976956716
57688210	0.00136249434092101
57689300	0.00490601032323303
57689491	0.0535226904116607
57689891	0.00784896153823647
57695811	0.0611664036880482
57697150	0.00592484596536457
57698571	0.00309655471462499
57702800	0.00196863979426039
57704330	0.000992544984887743
57705341	0.000993317748544862
57705980	0.00330512840766189
57708870	0.00110842993751291
57710660	0.00105095445189169
57714400	0.00119417952014571
57716501	0.0160068361538632
57718000	0.00242012617194016
57719271	0.00123728856554932
57720900	0.00224780848627733
57721741	0.00172210124608926
57723910	0.00152814055622555
57724111	0.00102823168914777
57725420	0.0048264554464865
57727831	0.0202168365516253
57728241	0.00121897351821055
57728590	0.00371122404508539
57729970	0.00173766667041984
57732610	0.0669356568098968
57733160	0.0257837631583581
57733840	0.00514627328296881
57735480	0.00106350787944476
57737430	0.0412936802869682
57739640	0.00148640047134339
57741601	0.00139030294716346
57742041	0.00899654682553014
57746520	0.00304774934233181
57747001	0.00113138838094578
57752600	0.00123935604414466
57753830	0.0480342630057742
57758250	0.0486330552819858
57760170	0.025672726041545
57763080	0.00922650635033373
57764870	0.0655391077990829
57770151	0.0103918994026994
57771660	0.00110569126483784
57771760	0.00207908699491215
57773430	0.00117180311590102
57774571	0.0874062226225268
57775671	0.00129319310641048
57778680	0.0335800299127221
57782960	0.00119822870434221
57784580	0.00147482617018509
57788170	0.00225668346264548
57793270	0.00943524473027326
57794260	0.00110644407864007
57798370	0.00395759982563234
57799001	0.00656403028088228
57802950	0.0024532355583336
57804771	0.00148186978089794
57805871	0.0101978490933918
57809710	0.00106824000889276
57809871	0.00978636472310575
57810680	0.00115452994955722
57812040	0.00811715488204862
57813410	0.00983859289961047
57818390	0.00137623893337469
57818530	0.00548895835479989
57818721	0.00179467046329677
57819251	0.00105294165545141
57819760	0.00158841293340625
57820340	0.31794602552782
57823650	0.00115757004725537
57824990	0.00495035793248242
57828231	0.000972920398294209
57828361	0.00250396255860237
57829280	0.00121022610044361
57831801	0.00117215837707315
57835780	0.555562944745477
57838390	0.0239281427065726
57842530	0.0013316890405231
57842561	0.0787530026824557
57847500	0.0013799401281947
57848180	0.0270870666674231
57849000	0.0142173408410447
57849680	0.00105536722748616
57849751	0.00181696041349099
57849830	0.00162388880652786
57851350	0.00309306811290049
57851821	0.00443062267842135
57851880	0.00214202680970724
57852860	0.00117841499289094
57856880	0.00296838255236852
57858130	0.00270422728110841
57861560	0.00111691212410232
57869980	0.0145715485543487
57870431	0.0631551869347791
57871060	0.0569388434225255
57874240	0.00170902275412129
57874421	0.00338265067475818
57882411	0.00451374170418956
57885130	0.00149338571995594
57885270	0.00223149858397287
57888300	0.00166603962378743
57895490	0.00111029935641445
57895801	0.00155933350075004
57896061	0.00154768027965527
57898400	0.00114083864194988
57901051	0.0665505860087883
57901280	0.00483501944093243
57903661	0.00103579804796727
57905591	0.00351842803662486
57905810	0.00149275208198723
57910940	0.00545521498351881
57911261	0.00104473721567019
57922831	0.00167945395580831
57923220	0.0010935484521034
57923391	0.00454293031580571
57926011	0.00110839166756834
57928901	0.640317816174133
57931371	0.0216511390692137
57932730	0.00169382752053305
57932870	0.0240582444308995
57935251	0.0520428627387782
57936430	0.00223362657181079
57936870	0.00174056891412582
57941570	0.00455549956785596
57945731	0.00112143253499801
57946971	0.00495334277785067
57949031	0.00110262180801548
57949581	0.00262580468975369
57950281	0.00109505939305225
57952150	0.00123376742826572
57953741	0.00324510916187835
57953950	0.000984612349946152
57954981	0.00142489462235903
57955521	0.00122091164487505
57957830	0.313777940754102
57958380	0.00244107704592577
57962981	0.00268775891483062
57963870	0.00246920646963348
57966230	0.00114386274531196
57966770	0.00348479169280032
57968290	0.0955323322681996
57968860	0.000999011344917565
57968911	0.00539720222992666
57973451	0.0414223484026802
57973980	0.00104987180861783
57974240	0.00111057541617078
57975590	0.0110857106292524
57978961	0.0189518115399495
57980280	0.00819917514818022
57997171	0.00236384165271643
57998800	0.00148060354795238
57998831	0.00109862895795759
57999340	0.0019430462930529
58000860	0.208315796530938
58006421	0.00156938257023965
58008150	0.00136645069970464
58011320	0.00193534787675568
58069581	0.00102398150526637
58099870	0.0649077935398353
58099921	0.00127437420932811
58103580	0.0300019669975996
58103791	0.0156898762876889
58103850	0.00128080675308367
58105431	0.112834887254837
58109721	0.00915483404735937
58112540	0.000994287325416808
58114350	0.00126650083571107
58115190	0.0016678299840664
58115740	0.00156533884410451
58116891	0.0169499059792403
58117400	0.0039740510991494
58118811	0.0021125949448449
58123761	0.00117013391448364
58124591	0.000999170467336248
58126681	0.00218424004756008
58127361	0.00559648380533168
58128331	0.00102988872851334
58132030	0.00143127122801412
58132160	0.00214788939473327
58136051	0.00234236046579043
58136321	0.00103731906974208
58143990	0.00143414192313324
58146780	0.00136058180775792
58147580	0.00118056609880754
58150910	0.0114802606175926
58154480	0.00110774588057508
58154740	0.0027522413542888
58160061	0.00131046517582452
58161660	0.00105461669658634
58163921	0.0014522407898522
58164980	0.00110084509797031
58165011	0.0121202387910237
58166401	0.00117312297471319
58166951	0.00129049752097514
58178220	0.00102142193064538
58182750	0.00186911262500313
58186780	0.00269071609091766
58191590	0.0040009966737088
58192150	0.00318264227917718
58192290	0.00948373239266068
58192540	0.000951460331200404
58200850	0.0015221631260869
58206241	0.00129854079058559
58208700	0.00150555544331343
58209360	0.000965741431755426
58209800	0.00960998855107641
58210630	0.00108579105642316
58210740	0.00185099834211157
58215170	0.00119061402226398
58215330	0.0648390431970165
58221670	0.00125958019424016
58221821	0.00189870890053538
58221961	0.00146395755741903
58222070	0.00101360717151039
58222350	0.00136453467594368
58223081	0.00190713702172847
58225151	0.0447308692880919
58226750	0.00100408015933797
58228390	0.00535296555042281
58228441	0.0011840067990363
58230180	0.0352225276653703
58230671	0.00100599969033879
58236970	0.00132973639380128
58240301	0.00316377735868889
58241390	0.0109903410605557
58243751	0.00112457651306182
58244010	0.130724460618772
58247450	0.591439777845394
58250101	0.00170087374484375
58252851	0.00104590950971623
58252960	0.00113829332461773
58254050	0.00274501577675193
58254460	0.0014815719445156
58257001	0.00130749784958288
58259180	0.000998423211177515
58265670	0.00128351989300455
58266730	0.0043266956532688
58268031	0.0155400057948146
58270190	0.00723915679589205
58270651	0.0010741076942482
58271751	0.0143204857994654
58273951	0.0045674544819385
58274101	0.00134308811679938
58274590	0.00339091676024177
58277520	0.000997262966099444
58284280	0.00615165313173786
58284810	0.00294265864013092
58284861	0.00169188072174699
58286381	0.00174512094823041
58286460	0.0115467193655258
58287290	0.00190471408974425
58289261	0.00758443927152535
58289650	0.00177448405019944
58310771	0.0276376057105597
58311590	0.00217503716069224
58312660	0.000981232257293041
58313380	0.00125988380145743
58314170	0.00680556173084768
58316981	0.00105996716449897
58322340	0.0262082355368731
58322361	0.00369561949579044
58325951	0.00167999278559624
58331830	0.00100266632941759
58332280	0.00622372871397018
58332581	0.00132450151499949
58339351	0.0022642354954
58341090	0.00101105723814718
58347730	0.00894593248923732
58348140	0.0208242347434249
58348670	0.000974524890363853
58349251	0.00128542934914078
58349961	0.00936696313572821
58353650	0.00260237193130294
58365910	0.00132206096561169
58370381	0.00395252463212178
58371191	0.0202816775083306
58371410	0.00100030843804454
58375310	0.00803311016545714
58376110	0.00146358507485235
58378231	0.000980475916916683
58379280	0.00138957710944197
58381220	0.00871336217821468
58384540	0.00205476988488203
58386190	0.00148331647674947
58391170	0.00120423375427441
58391840	0.00775762701154878
58397100	0.0117984790100741
58397661	0.0025416536768172
58399181	0.00337777873652852
58400680	0.0262487830200416
58401090	0.0314855548763404
58402921	0.0224915795607123
58408571	0.0246209361656788
58410990	0.00123092203396596
58415560	0.00402239312241632
58417961	0.00126366994997298
58418030	0.00347439176478786
58420691	0.0047639723604351
58420701	0.00106328072504494
58420711	0.00193559419017183
58422060	0.00115614731187911
58424991	0.00246663519285769
58426511	0.00123720548423004
58426570	0.00108488650722163
58426651	0.00393073673855298
58435130	0.00445094578735376
58438501	0.00123991779954872
58438730	0.44640639625633
58440161	0.0011503984201544
58443580	0.00167607225628379
58444090	0.0801890032394543
58445880	0.00367179243359074
58447710	0.00960843823793155
58453391	0.00138036030873201
58453480	0.0233775346795566
58458020	0.0428907888110423
58458631	0.00141528615683742
58463570	0.000993012197471467
58466911	0.00111548082587357
58467560	0.0016462464753469
58467670	0.00178456236151564
58468220	0.00642748106427393
58468711	0.00322008585065241
58470750	0.0011706933142956
58472120	0.00653846007039129
58472400	0.00247501198776993
58473200	0.00106576239275004
58475700	0.174802649002988
58475731	0.00366383325174186
58477910	0.00138196873142068
58480380	0.00117779621340378
58485080	0.00187780541517286
58488711	0.00118517584839858
58488841	0.00162226656083718
58491420	0.0086691228341372
58491430	0.00191471345655932
58492271	0.00178759861580807
58498201	0.520189150557687
58500711	0.000991278223818597
58503881	0.00357467854063838
58504080	0.00724215425278993
58507451	0.0586330870631338
58509880	0.00136144638945765
58511150	0.0013171532160247
58511581	0.00412343075095725
58512681	0.0790364072349556
58513220	0.00472561702628552
58514491	0.01526333081769
58514740	0.00383812696188533
58517781	0.00102860659837289
58518050	0.00884255556498351
58525921	0.00130097763845112
58526740	0.0189584679769532
58527741	0.00319959113951451
58528001	0.00132957122880137
58528110	0.00106956322732177
58528701	0.00568630276826889
58528920	0.00136680611983993
58538891	0.00100994840047167
58539051	0.0159854067317828
58543690	0.00383342410503615
58543980	0.000993317748544862
58547181	0.0425795912047067
58548421	0.00103402563538442
58550911	0.00377020435090412
58554990	0.0313800742341837
58555260	0.00112378624591847
58559810	0.00247332195498144
58563940	0.00418098755618098
58564760	0.0011150764804827
58565470	0.00121955939580426
58565490	0.000955001130564205
58567041	0.00132070315627966
58567161	0.205228575096336
58576671	0.00130102950555538
58578191	0.00743310209091928
58582201	0.00206100359175087
58582980	0.00337107132119113
58592811	0.0023267997295622
58596681	0.00267657015077903
58599591	0.00137360658977884
58611790	0.00174201004337427
58619550	0.00314972735162633
58623301	0.0012206162782163
58624230	0.633917657473939
58625781	0.0106024023848918
58626331	0.0105378703134819
58628510	0.00271787533606164
58630160	0.00310056761358546
58669200	0.000998008926252195
58673040	0.00768303363658343
58673460	0.00123855632939735
58673491	0.00104531943754051
58675431	0.00245081178523601
58675550	0.00102339632966185
58678881	0.00122894721704908
58680210	0.00201178589153083
58682160	0.123645222223075
58682191	0.00126866637742348
58684340	0.00136461215706688
58685351	0.00165523579809195
58686061	0.00946273738776546
58687011	0.00147033425509684
58689590	0.0010241716103939
58694611	0.00386503994476155
58698300	0.00147863744723047
58699691	0.00268243390867491
58700251	0.060401320430335
58705870	0.00911273602702141
58707260	0.00160539905111805
58710420	0.607561487159383
58711820	0.0015641241721495
58713450	0.00350572386879913
58713600	0.00253951570895175
58713870	0.00175096689872392
58715810	0.00226589222706026
58718321	0.00154320152159807
58719141	0.384882339109858
58731001	0.0525520997169216
58732811	0.00450505168308297
58733081	0.00998994495814098
58735110	0.0148267416834594
58735981	0.00581856489193741
58738160	0.000984653804949015
58738970	0.0168290443926358
58739520	0.00331468303308249
58740480	0.00128492313617111
58741850	0.00140426500192104
58743250	0.00999870786628499
58743640	0.0010467104450192
58743711	0.00532563685902132
58745880	0.00204363866291468
58746311	0.000967359779798433
58751780	0.00953948488485528
58752210	0.0184123686436224
58753190	0.521130163943728
58756381	0.00103578811165886
58757201	0.00138202889987365
58765440	0.00113091274992726
58771151	0.00153753622231564
58772651	0.00405516885106985
58772920	0.0427842796220039
58774270	0.00469525955368752
58774680	0.00114230109621113
58775090	0.00916625085941062
58776900	0.00100290120615729
58777361	0.00112114093256856
58778321	0.00137958404013099
58780340	0.00128927297540519
58780740	0.00104872940906088
58782031	0.0158612749803788
58782690	0.00278295002749768
58784381	0.00248510137250419
58785190	0.00110628021711092
58785320	0.00663873247421267
58785341	0.00651755239990304
58787910	0.000973294494281877
58790020	0.117672705393994
58790311	0.0107137493286421
58791660	0.00288113790065053
58791961	0.00134493429393709
58793310	0.232251137045573
58795630	0.0157427341575092
58797450	0.00186897124360846
58803260	0.0196683897058078
58891780	0.152567421898026
58979200	0.00345994086721852
58995890	0.014396005013059
59001150	0.00315019235380547
59010291	0.00686330209793882
59081530	0.00168700710158306
59095490	0.015539389996763
59100850	0.0314342386194408
59128440	0.0137579184218833
59170951	0.00829679054890375
59221970	0.0257915479781135
59241851	0.00253693214780151
59365770	0.170161931326415
59429131	0.00111341551801174
59437900	0.173719926014827
59475280	0.00285091456804863
59491700	0.00128823080777316
59508140	0.0011125611277587
59516701	0.00128284792982598
59524711	0.00202474274054918
59593111	0.0189865534019598
59606470	0.00109219907889943
59609900	0.0113381060790121
59658430	0.0100535191926543
59747820	0.00170518776685817
59800831	0.0906864006616547
59886830	0.00523346481501655
59940121	0.0543813031786919
60118981	0.00251043668745542
60171770	0.00485449328937129
60174950	0.00143400332373494
60178141	0.00906321783767191
60201010	0.00374800070099394
60246291	0.00157855171778997
60246360	0.00186882550191276
60262080	0.0971088270661947
60262421	0.00124477196869455
60268351	0.00135923070787131
60272720	0.0729138251733131
60292590	0.00490748680902365
60299590	0.00316892767324905
60300700	0.00112130307605666
60309120	0.0020487945635085
60324850	0.0220844255980618
60326541	0.00124845495332269
60336320	0.00111376125658898
60351340	0.00359741441949589
60379190	0.00122772043776309
60399210	0.00323757369947285
60404570	0.00292635995906669
60418770	0.00106027071882617
60439340	0.00105945084405639
60445930	0.00113132193532368
60449230	0.00123855574526789
60480850	0.00435917663599039
60544741	0.00119909801212786
60558050	0.0116613153483119
60576311	0.0171401140774727
60606791	0.00264029380218983
60636041	0.00104694129864191
60663560	0.00150011017552391
60711471	0.00577837900223703
60769900	0.0304384716761674
60817500	0.00152634294466818
60818740	0.0012964084008683
60819451	0.00148855111179811
60820510	0.00153559358212369
60821200	0.00141849929014754
60823441	0.00138870502936334
60826170	0.00231623965541046
60846570	0.00108520220997762
60849210	0.00129562972881869
60883581	0.0108122144195763
60885330	0.0015982822142042
60886170	0.0153395977988223
60886560	0.00326344768092097
60888080	0.00116683062039837
60889040	0.00110180263957012
60891301	0.00629385306820301
60892360	0.0012726509943363
60898170	0.00594875878382697
60901521	0.00114965353677536
60903800	0.00155967633583052
60908100	0.00439322082381954
60908411	0.0497263039517956
60911181	0.00988191799489849
60913320	0.00250793560214726
60915301	0.174605260443002
60921241	0.00528871070413333
60923571	0.00487214283040254
60924230	0.0135182901168589
60924800	0.00115646284592831
60926331	0.00552469020729805
60928141	0.00302531626449789
60929521	0.0149984935992888
60931400	0.0142059637562666
60934051	0.00210638429935792
60936490	0.00111039714869783
60937511	0.0015570111371805
60940210	0.0012535851110066
60941931	0.00132490377388022
60943311	0.00645172033968474
60945111	0.177786539391296
60948490	0.00119641483417803
60949040	0.0479630908872865
60949180	0.00111995075964252
60951120	0.00110379494517919
60955451	0.00380396964479578
60955520	0.0241547662472753
60958751	0.0118014317321926
60960660	0.0038459439961684
60961180	0.00523227913653726
60961890	0.00224519760749691
60964490	0.001394270386285
60965480	0.00338992513140697
60970030	0.00164402116049605
60972790	0.00137187268063005
60973771	0.00210961041709802
60975841	0.000982404434884059
60975861	0.00718484656130693
60977070	0.0192020488060564
60978150	0.00226019532408628
60978730	0.00376174233908059
60981931	0.00471558929289211
60984920	0.00125175149578202
60986010	0.0012593094820029
60986440	0.00103224168924656
60990440	0.00197432532084837
61000121	0.00125622953239722
61001440	0.00177643045301536
61001911	0.0150791406491553
61005440	0.00178420755061528
61007380	0.0324912217268038
61008240	0.00249095872686226
61009730	0.259149431665626
61011940	0.00131203781403578
61012070	0.00100261733129391
61014020	0.00407626338937479
61015291	0.00416871619800675
61022751	0.00156297221695015
61025190	0.0211399780614064
61026690	0.00107439619094609
61027260	0.00205876659549487
61035141	0.00159180754960637
61035721	0.0129152258188102
61040210	0.00136135014910732
61042471	0.00304913487315757
61043380	0.0011332130225003
61044070	0.00842191866374122
61045310	0.00751420568864878
61048750	0.00239217413992856
61049081	0.00114199657994861
61052661	0.00117651169730672
61054130	0.00331659394893702
61056931	0.00116908046295586
61057911	0.0010129099690679
61058751	0.0017383240882356
61060661	0.00112063723809912
61061710	0.00116394198649311
61061921	0.257558058922146
61062000	0.0440989221737031
61063441	0.129097561377566
61066020	0.00586694428617688
61113980	0.00106443857126774
61117720	0.00105302208039036
61118451	0.00118840077040948
61121600	0.00564368833185063
61123281	0.00105272066785422
61126051	0.002333422218861
61127021	0.00602474032692388
61140111	0.00117208619177176
61147151	0.00105244491519576
61149710	0.00114634637386932
61149901	0.00106962222242594
61150290	0.00146000888844104
61150670	0.0119833368146006
61153580	0.0255085362055445
61155100	0.00875674848997617
61157010	0.487299328362928
61161050	0.00100008069202572
61162540	0.00155954318122747
61165980	0.531338050551988
61173580	0.00148231675601014
61174031	0.00215411736884646
61179530	0.0122154205372139
61185751	0.00110521281190755
61186560	0.0119718617202498
61187380	0.00140710432427619
61191660	0.0312791378082351
61192190	0.00151499642356524
61192251	0.555976544842394
61192760	0.00500159711596362
61192910	0.00140666015252301
61194161	0.004480748592581
61194670	0.0241531827165926
61195500	0.528843638909351
61196521	0.00317675010958226
61197201	0.00181124836635142
61197481	0.00140877210512739
61198321	0.00122992693458268
61201331	0.0091703968571889
61203910	0.00633844376063273
61205211	0.00116792711063796
61206171	0.00126760420814141
61214000	0.0841905799532634
61216381	0.198941774804436
61220200	0.0484310006319541
61221550	0.00367449651602869
61221980	0.000995761561088399
61223940	0.00106709295512783
61225560	0.00199899408521455
61229040	0.00160643118560968
61229140	0.199874234822104
61230960	0.00180421211756631
61233180	0.0318072410883984
61234660	0.550834170684288
61239480	0.00157726418179806
61241201	0.0304783424222474
61243090	0.0035569880973243
61243490	0.0255731062694803
61249321	0.098503631915996
61249450	0.00536193206935078
61252320	0.00147787111935344
61253690	0.0207006594948593
61257601	0.00111684127429311
61259510	0.0429394542592009
61261690	0.00135715087954133
61262100	0.00832520927374241
61262171	0.00100547311239449
61263210	0.000996177526599987
61266280	0.016591572160164
61266561	0.0010125639243816
61267251	0.00109840646846041
61269710	0.0133156972499464
61270420	0.00133845849382262
61272310	0.00210147353918192
61274250	0.00101591551100008
61274390	0.00216112117834199
61276350	0.00118986332018077
61276480	0.00544884568564561
61284070	0.00111668223722792
61284231	0.00115641769606089
61285331	0.00125521296724573
61285601	0.00235312390817121
61285761	0.00552268809950811
61287200	0.00392697886776165
61291930	0.00120825299231621
61293751	0.00703995083948619
61294690	0.00114847396651592
61294981	0.00169325678954938
61295131	0.00164685575607975
61299661	0.00984970606548446
61300211	0.00166664400939476
61302130	0.00123766076673552
61302940	0.00103863059903239
61304091	0.0015630602222058
61306021	0.00200274391323661
61307131	0.00109162808696129
61307210	0.0167501662770499
61307821	0.00147045138569662
61312740	0.00197335463652697
61314370	0.00121159309221157
61314831	0.00414880334394726
61315521	0.00140444388033163
61317820	0.00297743032024975
61318240	0.00139464091785354
61318550	0.00217910014989685
61322820	0.00101504192007772
61323271	0.0927275152939729
61330780	0.0142022958477123
61330790	0.00269438954396696
61331090	0.00178792222818765
61331350	0.00140749107929194
61331510	0.00258984724707709
61332221	0.00184061428304101
61334380	0.00277442673673169
61337030	0.00196172467146383
61337731	0.00172294676998724
61339090	0.00138475664310309
61340300	0.00122237475986697
61342240	0.00128949896493074
61342831	0.00330939118647539
61349570	0.0262253853707185
61361290	0.00654964391702372
61373260	0.00228501172363901
61391801	0.00121150430311728
61401420	0.00126321961172243
61404221	0.00213612359916513
61407261	0.00132589621288009
61409830	0.00110297678855418
61414520	0.00137245942433777
61420891	0.00117281938809058
61422250	0.00215900292277377
61428040	0.00219984220295424
61445940	0.00427924142088375
61445950	0.00168480188837154
61448631	0.00240961176429653
61451040	0.00262862872267788
61451251	0.0109847121862578
61453731	0.056817328723612
61454810	0.00130718829384278
61455360	0.0547020295538499
61455480	0.00195259604545872
61457430	0.0159141681185663
61457660	0.00161805983398162
61458401	0.00107412169257944
61458681	0.0289306263158234
61461301	0.00124524829307935
61464700	0.0058603553489835
61466230	0.00105972104529725
61466630	0.00515025707629062
61468761	0.00793104355912003
61470141	0.00189085790510482
61470250	0.00155959854646495
61470390	0.00232594880063946
61471080	0.00185887231349506
61471921	0.0029522950461162
61472700	0.00187361321357216
61472850	0.0269807038562719
61476020	0.00125505721861948
61479630	0.048302780775409
61480430	0.00449376529650318
61481441	0.00102142193064538
61485000	0.00114425122692488
61489311	0.00216748849383116
61492580	0.00123261163421872
61492600	0.0319249564116142
61492621	0.00865116822545962
61494250	0.248675419899495
61494530	0.00169691624081634
61494561	0.00451854617377795
61497311	0.00608249608409489
61498080	0.00134728975077015
61499040	0.459724874321534
61504891	0.00136258072777942
61509700	0.0090034998755167
61510110	0.00112056108021739
61511770	0.00384119774067811
61514121	0.00532033077783401
61521021	0.00164141661189427
61523590	0.00490264381147022
61523911	0.125735925648036
61527081	0.00218519657392866
61527750	0.0795214081231923
61528310	0.00235700127227596
61530240	0.00314703651962685
61533390	0.0218827860597371
61533530	0.0025858809939647
61540280	0.00117150182117604
61540690	0.00320506435880487
61541000	0.00106449452272026
61544000	0.00811557340287705
61544720	0.117453902343295
61544751	0.0020417288105234
61545520	0.00449079551499828
61547880	0.0371785572933989
61549441	0.126414258612543
61551190	0.0194526691187597
61552980	0.00182786858129602
61553000	0.00163338641668123
61558070	0.00310049608754676
61560300	0.000996928064742851
61561670	0.00112574866943095
61563590	0.0111480164872535
61564270	0.54069164522456
61565110	0.00383170358397856
61565410	0.00578582781538129
61566100	0.00116933149406523
61571870	0.158880994795437
61572150	0.0109062625386902
61575241	0.00701725146526393
61575860	0.00626674874192824
61578930	0.00139361899645382
61580761	0.00482824879034507
61582350	0.00138032709152925
61595170	0.00144059749780105
61595610	0.00121466707179209
61598060	0.298053474709281
61599720	0.00457385853755506
61602200	0.00198429211178652
61606620	0.0125805954330709
61607921	0.00459757488928352
61608690	0.00292846122316445
61611101	0.00139281567005401
61611190	0.0030129442778914
61611491	0.00751448713377175
61612000	0.00370586292194843
61613031	0.00117407023961703
61614391	0.00166185587112943
61614750	0.00409696544119389
61615600	0.000951460331200404
61616061	0.00178321798349085
61617851	0.00247753701369983
61619361	0.0519135560240605
61620311	0.00104582187958861
61620830	0.0422675840028797
61621410	0.00185383956663725
61621441	0.0100213292098354
61624181	0.011847709052485
61631491	0.00132147889664669
61635990	0.00224359843976468
61636201	0.0167729814992253
61637540	0.00103782211285194
61639921	0.00613427400354838
61647300	0.00672644313446602
61651590	0.00573207948354097
61655190	0.00172789129946595
61656820	0.00107620406248205
61656830	0.00125929131578107
61657841	0.0122155987284622
61661950	0.00106157798410327
61662350	0.136758513512059
61662470	0.0837835343562422
61662521	0.00157946529106151
61668560	0.0439782023206992
61669250	0.00141630733895838
61669841	0.00452712460755669
61674350	0.00469079295246841
61677961	0.00131928713575608
61679880	0.0048747427089649
61682251	0.000971577272601738
61682370	0.00452913549228152
61682780	0.00163884450392794
61684601	0.0121236309740404
61687641	0.00158911904118061
61689851	0.0011173959841515
61690401	0.00379902811846433
61697080	0.00379254020319157
61697940	0.00384036178648692
61698200	0.00424841512483572
61702210	0.0213985728038346
61703891	0.00205086745751189
61709431	0.00100736041032253
61715180	0.00106986055591546
61720191	0.00310413352021649
61722900	0.00137886405834361
61723190	0.00612523412445322
61724710	0.00650776332680046
61728000	0.00114711447238627
61728130	0.00120036634007909
61728260	0.00125674667313611
61730531	0.00467804446670266
61737100	0.00292687828475836
61739071	0.00114139872112434
61742091	0.00231227151125151
61742220	0.00160105208080152
61744560	0.0916845540118189
61746791	0.0014153772800299
61747351	0.00179728420878732
61750531	0.00099729321514084
61753421	0.00342338680478502
61754900	0.0270683751181536
61760800	0.00384294719219815
61761981	0.00345752751922728
61765681	0.00105269157356628
61772451	0.00887762190017319
61774910	0.00240318956989119
61775201	0.001240474631261
61775481	0.00131751459762704
61776721	0.0429053176183405
61778641	0.00124503761957205
61779751	0.00146581528194811
61781350	0.00152776946570343
61782060	0.00439018927323017
61784700	0.00110545796803476
61785780	0.00118232398211142
61790470	0.00645470123238749
61796670	0.0698227017298974
61797900	0.0013292847906932
61798460	0.00101228204523166
61798641	0.0193163844008492
61799560	0.00105231046191355
61799730	0.00201917540872562
61802330	0.00111571506750776
61802340	0.0166782779864393
61802371	0.00286904905605469
61805490	0.0108695988715916
61805500	0.0188499371738766
61806860	0.00185644822657922
61810101	0.00245363234432219
61811720	0.00929238889557632
61812130	0.0169957800792373
61812451	0.00103064238635683
61814080	0.00143185042414915
61818460	0.0264830067839037
61818771	0.00216028486712681
61822111	0.0126237352607459
61824410	0.000948784349667683
61824550	0.0530236696981383
61825271	0.00325064254195157
61826050	0.0177307582654151
61827550	0.00779107008859181
61829421	0.0232569560002258
61835410	0.0134254068942458
61835601	0.00241130578922925
61836420	0.00137205679784912
61838180	0.00131550223782453
61838890	0.00103526904025484
61839611	0.00100882930666665
61843321	0.00472259232997628
61848851	0.0011123944955801
61849121	0.349958219980048
61849220	0.00108401337298475
61850040	0.0108610135174906
61851420	0.00113600471708244
61853090	0.0108040613098341
61853760	0.00363335559271743
61855010	0.0202355414801291
61855980	0.00106100306589202
61856861	0.00107493561185106
61857620	0.0184562417866099
61860431	0.00116496222235964
61860650	0.00122164502807232
61863731	0.00187018297942297
61864960	0.00296708692782516
61865251	0.00104615089989192
61869780	0.0301116271044974
61875321	0.00463262554956553
61876281	0.0401596905399384
61876510	0.00132335756964091
61876820	0.0154631133179817
61877671	0.0155987851861409
61878190	0.00383878601246536
61885070	0.00113951557396676
61889490	0.00160361363169965
61894190	0.00631461289591336
61894771	0.00217238681197463
61895741	0.273358783094791
61897100	0.00164814446495639
61897650	0.0027081614044715
61899860	0.011801676828138
61902180	0.0164907776733762
61902771	0.00146980610703544
61905920	0.00126925894887552
61913630	0.0145402275331567
61914190	0.0154969037530158
61915341	0.000964491549973401
61915881	0.00185138741137629
61916711	0.0013800679270893
61917931	0.00185524513363665
61920841	0.0018181923410875
61923280	0.00700065372373128
61923400	0.2026841434438
61926040	0.00341331554823897
61927140	0.00134171345201058
61928441	0.00186772589906254
61929541	0.0549291422428133
61929801	0.0027341090361671
61930330	0.0642605902329425
61932820	0.0258068132176905
61934720	0.00183669565954574
61938860	0.00194844927703093
61940431	0.00137809182821359
61942160	0.0020535040408371
61947970	0.0010413482997969
61952510	0.000958498429586142
61952991	0.00145462952556892
61955191	0.00288312100453722
61956540	0.0014728569934078
61957811	0.0464979041350789
61960260	0.00124816663054423
61961050	0.00123607567894398
61963400	0.00105737044086531
61970160	0.000969032010935682
61971950	0.0874044442385237
61973050	0.00153491296308349
61975710	0.00826466420128267
61979570	0.00140125724623033
61985801	0.00220986651848668
61986870	0.114200940497193
61989620	0.00158663541651461
61989661	0.00274091985729858
61992360	0.00097360860528962
61994221	0.00269906854382802
61994310	0.00624495463089833
61996500	0.00355484265133656
61996950	0.00201488018440621
61999191	0.00173753940102703
61999410	0.0014613387874367
61999820	0.00196696332044276
62000090	0.00181765326140385
62001811	0.001070437897008
62004940	0.00160658566288044
62005231	0.00145212460315736
62006310	0.00158781256939034
62006860	0.00404708741811821
62006901	0.00281371063070605
62009651	0.00137410345600792
62010771	0.00154795223245847
62011991	0.00530921583626332
62015191	0.00149432626273194
62016260	0.00245131750653334
62018501	0.0171718256421794
62020930	0.00470970480847883
62021190	0.00284634814922741
62025190	0.0146072114864766
62027150	0.00181958657186562
62027991	0.0264434358047948
62028520	0.00266701322851968
62032841	0.0129864610738386
62032920	0.0205054001672019
62035140	0.311783014753954
62038580	0.00168260377137968
62038720	0.00311175015879928
62046491	0.00108079827898665
62049040	0.00248710127534726
62049610	0.00144477518257699
62051851	0.00384724080370253
62053231	0.00129049570406469
62055290	0.0021345980036509
62069060	0.00210805317606183
62069371	0.00200253949592246
62069791	0.00198865043641432
62076151	0.00139043704969656
62077450	0.00148061205476976
62077941	0.00412313323399699
62078010	0.00170671946068648
62080121	0.00123030157316967
62086331	0.00188986790263331
62089391	0.0171816933539302
62093381	0.0193444979538629
62094201	0.00249793964244911
62096691	0.00106637813443551
62098590	0.364659821446863
62099321	0.0015093139479521
62100691	0.0114601304571635
62101371	0.00179302319120562
62101641	0.00185427752974163
62102320	0.00187484175831539
62103851	0.00738777242417489
62105111	0.00240429683827839
62106690	0.00102624570064377
62108080	0.00267689161501351
62108910	0.00108113108537943
62111841	0.00284079840702545
62112271	0.021189880610112
62117860	0.000991873703987211
62118420	0.000965825006862473
62126761	0.00255724936142754
62128281	0.0102704663388899
62133870	0.00110991943122187
62134140	0.0374827262239361
62136370	0.0113117046156793
62143550	0.00110923409213171
62143561	0.00165793829007266
62146290	0.00128808206703178
62146850	0.00183130965968046
62148681	0.00169967213420212
62153501	0.00102438139426837
62154461	0.00115698020908186
62154891	0.00101805323549577
62156271	0.0771841808232205
62157580	0.000978624292491404
62157641	0.00397984475391442
62158621	0.00188166103567826
62159670	0.00160778564471552
62162130	0.0137819880441909
62164360	0.00511812125114177
62167021	0.131324989606033
62167140	0.00608684796637914
62167830	0.00114618955293678
62168910	0.0107102635655197
62169921	0.00332866735923414
62170621	0.00102353661275016
62171260	0.00204306051698465
62173911	0.00195103487575213
62175031	0.00308117633080042
62181320	0.00472534116999416
62181610	0.0138704653776106
62183571	0.00136516192941463
62187161	0.00117963603797543
62187291	0.00215784509502987
62192100	0.00108466752773831
62194751	0.0011379983959297
62195701	0.00111944936849204
62196360	0.00166366247648995
62198871	0.00120042939980094
62199701	0.0010242231032141
62200100	0.00264436062264088
62201320	0.00171984268761895
62201990	0.00214896589431123
62204111	0.00213262698033332
62204271	0.0203846948347483
62208330	0.0018574917613877
62208650	0.00179225790606339
62211011	0.00106958664885089
62214201	0.25751138925393
62214680	0.00102142193064538
62217720	0.00480390177857642
62218160	0.00154834396969883
62218300	0.000953737576730491
62221610	0.0278480294561217
62222871	0.00143294025011028
62224370	0.00911908600495597
62227120	0.0120784934236364
62228951	0.0576609072115681
62229081	0.00626173829396999
62231581	0.00138151258973231
62232681	0.0140263658394372
62242871	0.00101918985376169
62242960	0.00105381966151075
62244541	0.00272819434773827
62245720	0.000980128595173381
62248210	0.00157053311122369
62248931	0.0564482204389099
62250871	0.00148473058078929
62261470	0.00139366300907509
62264090	0.058841993048481
62275920	0.00973527070933556
62277720	0.00565159010433264
62278191	0.0105426654507689
62279271	0.0125156116141611
62280661	0.0106235150715442
62281641	0.0484093671612098
62285600	0.00142759134149909
62285771	0.000962812530684084
62287220	0.577698242740976
62291360	0.00257779078285925
62294980	0.0474989551452565
62298690	0.00101666571903651
62299660	0.00154913620562471
62303930	0.00144249398625675
62305990	0.00942761442662524
62306250	0.00138029416198696
62306970	0.00110245297482523
62307510	0.0777767635177643
62307790	0.00137641377594293
62309430	0.0160664196908638
62309501	0.00763856918042806
62310410	0.00149955886776164
62310540	0.00221101517010053
62312080	0.00102142193064538
62314601	0.00115952776188033
62317471	0.00120986313422206
62319940	0.0055625124150028
62321290	0.00116532968754293
62322301	0.0163208781681082
62324500	0.00110501665214795
62324890	0.00100026491451266
62326270	0.00128814589794574
62326591	0.0241849183648953
62330031	0.00154365545119648
62330110	0.662674390420842
62331421	0.00149236965910522
62334451	0.0116864382281635
62336231	0.00524077462003583
62336801	0.00118470258353419
62337570	0.31989073225721
62338021	0.473124769721004
62338451	0.226049450007115
62338970	0.00897324770611192
62339151	0.00100172395264422
62339271	0.00343114353647012
62339910	0.00135240172092357
62346031	0.00147070105473451
62353430	0.00123461308921087
62359520	0.00120467668602679
62360921	0.00121217104752781
62368330	0.00245624301558376
62370950	0.0497739086639934
62371090	0.00130004103809872
62371691	0.00952092774218059
62372931	0.00949631577939894
62375780	0.587748029544757
62376391	0.00127877836214412
62381481	0.0244307638487995
62385040	0.294651495450647
62386861	0.0116049869754215
62388060	0.00112366529233417
62388630	0.00142859453928722
62391240	0.00530825582086005
62391971	0.00132258893786347
62393331	0.0289072802067564
62395070	0.0290840933201745
62396791	0.00372746836140771
62401450	0.118319628278594
62402270	0.00102973015074163
62402871	0.563839200784753
62404521	0.00104188648154276
62406670	0.00137847716280479
62410441	0.00274472926294191
62415090	0.025626771868139
62416241	0.0171985312469085
62418711	0.00112604964827464
62419100	0.00310862329983283
62422280	0.00108411578308588
62424730	0.00206102186799836
62425020	0.00102792478618745
62425410	0.00138594198899174
62426120	0.00331375836159457
62426171	0.00370771049989608
62426420	0.00488905679732144
62431121	0.00390422596901019
62434650	0.00256365205713102
62435691	0.0282115795816056
62436170	0.00716995022661257
62437611	0.0016010535228559
62438670	0.00299815549973699
62439111	0.0176247175944861
62442110	0.0257752869271662
62442441	0.0528971230268033
62444460	0.0013563344713868
62444760	0.00376362972501159
62446161	0.00161300804467272
62454431	0.00461564434699948
62455750	0.0104883827876383
62457030	0.00339661168829453
62457820	0.00274183765711782
62458680	0.0156790278701826
62463671	0.00807403111927106
62464330	0.00115341599344497
62466711	0.00791743060232852
62467910	0.0908140032540671
62469591	0.00108983086296268
62472631	0.00738409572104757
62475780	0.00129755849226697
62476740	0.00313946263364748
62478950	0.00134982491312932
62479890	0.00428760110248598
62482650	0.0197968566232088
62483360	0.0366945572815908
62487541	0.00117226350928317
62488200	0.0013991702012367
62488371	0.00138657975469681
62492211	0.00251724074729248
62493170	0.00148371276728737
62493871	0.00166056208705226
62494281	0.0131650724141603
62500190	0.00157911930768132
62501160	0.00450781886526432
62501181	0.00298429645065011
62502960	0.00148960293669439
62503090	0.0121745302435263
62503510	0.00346138859630253
62504221	0.00145264795502937
62506011	0.00105125067766115
62510800	0.0976092544026452
62517030	0.0010867411190965
62524901	0.247757496845564
62527661	0.00364700600624542
62532330	0.0163537521092222
62532491	0.56940253738525
62533020	0.0125979482194606
62533280	0.00418317359364116
62535200	0.0026644858770763
62535821	0.00241808702925688
62536030	0.0162123322289639
62539230	0.0102346338542073
62545970	0.00614412206473229
62547330	0.00136380418130491
62547770	0.00285177692865518
62556020	0.00269706806621591
62556460	0.00126943903401666
62564580	0.00127575350053028
62567111	0.00104415637471476
62568020	0.0224914726307844
62571210	0.00912158670760179
62574530	0.437008338995844
62574961	0.0012087243587045
62575801	0.00214241969776129
62579360	0.00571287390566569
62579931	0.00135820304747017
62580870	0.00413815021269401
62586281	0.00111314644253707
62589301	0.00569192630938151
62592600	0.00237976952228543
62593430	0.000993699559148762
62594281	0.0200718652459556
62597410	0.0388021999672128
62598701	0.00122832955124884
62603200	0.00113599232405155
62605390	0.00203691958830601
62611480	0.0119697205674348
62612030	0.00102591462500354
62615091	0.037973915177841
62618530	0.0036907794195516
62618790	0.00135347556311138
62621570	0.112597110584439
62623121	0.00179018423828308
62623220	0.00290165522739839
62631651	0.00118922689214491
62632720	0.00103247472100134
62633441	0.0224448632012884
62635480	0.00119488421199871
62639330	0.00342647636226279
62639391	0.00236467169125657
62641680	0.0189557615926856
62642551	0.0173644893766626
62643511	0.000964108324849645
62645830	0.0160181305973912
62649861	0.00151519202241208
62650131	0.0012806145335752
62653290	0.00229986171901189
62657161	0.00156734152422747
62657410	0.00136938481529527
62658821	0.0282716921457701
62658971	0.0011216067718404
62660440	0.0011004965721912
62660450	0.00119291361700652
62661311	0.2505841172432
62661560	0.00111322207984376
62664761	0.00125080957182928
62666811	0.00109273894947862
62673540	0.108396240648851
62673820	0.253140018747206
62681400	0.0110513994776993
62686210	0.0611457409782146
62687101	0.00500931998840224
62689161	0.00257207404290705
62690770	0.0084735011687235
62691320	0.00148718235160539
62691931	0.00131144847578026
62692191	0.00137545787243268
62702110	0.00317694777440873
62702790	0.222445253566838
62702920	0.00517890470923858
62704611	0.00311122444629521
62707200	0.00113607758940845
62713041	0.00100090480285381
62722131	0.0656389892523972
62726520	0.00102527457909033
62730080	0.00304726492396932
62730531	0.0011977081418293
62733800	0.00460929242142277
62735350	0.00254549459347054
62739460	0.00210176922987594
62740061	0.00718628788993999
62740970	0.00999398733775293
62743381	0.00175778350663803
62745171	0.00245126876584206
62745571	0.0281512088295541
62747070	0.00126761229141513
62747620	0.00141412737580447
62749311	0.00292876872750671
62751631	0.004396223996808
62752020	0.00129722582431654
62755590	0.00213665151990062
62758811	0.00128303668336957
62760420	0.00586468487271064
62761650	0.00709246961911934
62762920	0.0206747674460521
62767320	0.00329876613337334
62769301	0.0119519332309827
62771371	0.00111402082662136
62775081	0.00142810917069756
62775450	0.00173683566247919
62780710	0.00123242537184166
62781550	0.00990593941312372
62788270	0.00801264432791606
62788751	0.00322209481912363
62789510	0.0014122837186533
62793711	0.00104466229454107
62794480	0.00570044810461563
62794500	0.00111148798177383
62795050	0.0302849408969223
62797281	0.0645967152375252
62798210	0.00187951899546584
62800140	0.00124393292500323
62804280	0.00964421017515134
62804311	0.0152782606185642
62806090	0.0488589913823275
62807990	0.00160616006970851
62808321	0.0010073414702969
62819180	0.00149461443986839
62819850	0.00221212496457721
62821831	0.00540811703968824
62825701	0.00150487263359011
62827221	0.00125696784871414
62831430	0.00991825224442361
62837281	0.00214258992417919
62837500	0.0791435651650546
62840850	0.00278496547860464
62841120	0.0154920023358503
62842330	0.00224852127393058
62843020	0.00107370043335044
62845141	0.0103934358197105
62846101	0.00220368093876866
62846910	0.00207534121318494
62847641	0.00251578534916684
62853640	0.00116721581482233
62855740	0.00126189779788829
62858651	0.00900800947423713
62861360	0.00106457186131127
62864980	0.00439705188386984
62868010	0.00108556282175839
62871771	0.0146382982632522
62872321	0.0123266858770677
62880010	0.00104280489179947
62880051	0.00214289941927312
62886200	0.0021922867159799
62886391	0.00163604917486245
62886740	0.00100370981354403
62897640	0.00167279084465659
62901571	0.00145558555397583
62902340	0.00192282923506897
62905120	0.00598011962117574
62912980	0.0184131557825389
62913691	0.00156385237910265
62914200	0.00551576446905087
62915170	0.00135005908500228
62916800	0.00338775817490983
62919450	0.00254079929433857
62923170	0.00269797430755019
62925360	0.0030609779177149
62929510	0.00153364339760673
62931191	0.0149732439556561
62932041	0.023456537516367
62937660	0.00124162870281198
62937971	0.00139345615828233
62939440	0.00114713939759945
62942870	0.00333752931687283
62945520	0.00130004488522321
62945561	0.00220888189995267
62947730	0.00115177678493706
62959560	0.0104824095828284
62960321	0.00118522957610219
62964571	0.166386923996149
62965650	0.00134720342786475
62965760	0.00281505137257157
62965780	0.0019803799164644
62965790	0.00149723153615624
62966460	0.00104763524425454
62967621	0.00167207566891485
62968270	0.495224907184285
62969650	0.00137730858797389
62979560	0.00111336750753499
62980301	0.00233275378969306
62986060	0.00143680721915983
62987850	0.00161001424787179
62996851	0.00126537148311651
62997961	0.0277251594892045
62998620	0.059644008705563
63004530	0.0010325837267555
63006511	0.00124296847087961
63026470	0.00113292647033081
63026870	0.00109934356243416
63030091	0.0167239709621946
63030610	0.120461096173193
63032670	0.0014485335404924
63034511	0.5294625999756
63050600	0.0188376573395419
63056171	0.00163750427927808
63071570	0.00140749931245661
63071980	0.00208046993998644
63073961	0.00323186640218731
63074221	0.00498359756130949
63076780	0.00339789264623983
63077760	0.0013268408345879
63079461	0.00112712890116684
63080421	0.00154774931248133
63080810	0.0528482447264032
63081521	0.0013860916219604
63083881	0.00181134751791326
63086221	0.0038432924829961
63086470	0.0428269908721093
63086750	0.00111687169996361
63098310	0.00186621974922076
63099420	0.00134701078860014
63104810	0.00105442370769112
63105080	0.0361354385678181
63105880	0.000987033049877401
63106860	0.00169240076565021
63107720	0.00404811832329139
63109190	0.00131935182168689
63113251	0.106879986482124
63124940	0.00175366489686327
63124971	0.00126827063773585
63127041	0.00396647545509032
63127051	0.00156627063729778
63131820	0.00130588678610598
63138621	0.00523223614492301
63139830	0.00118456535712151
63140230	0.00613523154038496
63142071	0.00707899773974979
63142170	0.0345157289019688
63142750	0.00210928507640675
63143680	0.00171586983540266
63145920	0.00930514624536032
63146710	0.00157698752393209
63152561	0.00238112743285394
63152711	0.00251537531282552
63152930	0.00441323066726061
63155160	0.0341089142658924
63155191	0.00170921128508607
63157500	0.0212099645598037
63161780	0.00117997074922383
63168540	0.00122793183231717
63169900	0.00128097678634868
63171591	0.00561739927598443
63171680	0.00146301177841484
63172400	0.00106872781038243
63174611	0.00130977095929396
63177651	0.0019244924196244
63182361	0.00219124342678274
63183721	0.0148658806543041
63186860	0.429326914956691
63191000	0.00359106134247228
63191550	0.00228082002432186
63194631	0.00115669266074281
63196780	0.00216650730169546
63199321	0.0013236767819893
63200950	0.544266805812947
63209241	0.0293341590449431
63211280	0.00183740846753904
63215960	0.0017999463057292
63215970	0.00149343482573439
63216981	0.0159150265675133
63225791	0.0182568254890127
63228271	0.00155134388520931
63228541	0.00364315127869995
63230280	0.00487288773434997
63233880	0.00107221356238999
63234570	0.0235466569109574
63234751	0.00111512710809577
63237251	0.0039747509218425
63240821	0.00176377402142892
63241480	0.00205691913376206
63248110	0.00121397810891325
63248230	0.00120911690512859
63248350	0.00132706589718522
63248900	0.0272739027025547
63251000	0.00170908397857159
63251270	0.00191262516737571
63253070	0.00265643091301515
63255431	0.00235615781469126
63255700	0.0014388983322102
63256080	0.00191295250438321
63256220	0.00110172084126489
63265661	0.580276067072128
63266351	0.00736489532499233
63270450	0.00293341152972966
63279851	0.00112320778634468
63281730	0.00210313026300076
63283420	0.00173935589070634
63291280	0.00128045262430273
63291291	0.00496308630462134
63297610	0.0682090473333788
63297661	0.00144559817708548
63300251	0.00116282100327544
63305521	0.00153119102505279
63306020	0.00114079691385658
63306181	0.00110744890020471
63308230	0.0125482817365507
63314830	0.043112469340124
63315991	0.0016279970972137
63317030	0.00230763506904184
63318820	0.0039782078149785
63319950	0.0246456376859647
63321310	0.0023364046692537
63321330	0.00221203795103451
63323820	0.00592370395125705
63327110	0.00118041344098611
63332780	0.00138758280220312
63332930	0.00131292375953338
63334290	0.00625392083941133
63335380	0.00490720058287291
63337450	0.00264122236189358
63341600	0.00453651163143335
63342270	0.00144379957801735
63343370	0.00118927581334809
63347011	0.00507099802749655
63349040	0.00179621515405647
63351390	0.0130993821178982
63352661	0.00355787867532117
63358150	0.0224990370191827
63360480	0.00118874714003709
63360930	0.00112900396197126
63363370	0.00144131552213534
63369620	0.00517664090634948
63374041	0.00182201644160578
63375930	0.0224286233376437
63379851	0.00195369399183972
63381511	0.00142728114138105
63382061	0.00837045984438297
63382601	0.00168982805361076
63383100	0.00145868926255354
63397710	0.0012918357650967
63401050	0.134368438009447
63401071	0.0629816684461442
63401511	0.0106577828635646
63402871	0.013490279112958
63402960	0.00107485097406666
63414120	0.0117447398875031
63414440	0.0047387569693978
63416261	0.0011445897741391
63417040	0.00158139234746358
63418400	0.00117965505804857
63418410	0.0802421856501802
63421621	0.00150090534227024
63422550	0.00125482131129761
63422820	0.00127749798227834
63425030	0.00296256274049893
63426591	0.00393224383806245
63427271	0.00135955184578077
63440360	0.0109967637855157
63447701	0.00142255470487477
63449050	0.00192669579088735
63449351	0.0024329071455827
63449600	0.00128976392831947
63451120	0.230714191552511
63458710	0.00561304074742592
63461190	0.00284180085301227
63463691	0.00205931630922348
63465460	0.00110741493382803
63465491	0.00123767190265134
63467240	0.00139352393188378
63468060	0.00142365028655295
63472791	0.00197517453111593
63473560	0.00240745352004375
63480880	0.00195572765813166
63481621	0.00169524487900091
63481740	0.00118196143158775
63486161	0.00134080144289044
63486830	0.00119500525234546
63488350	0.00294831424080815
63490000	0.00189266215030294
63492480	0.0327899676877078
63492640	0.00463994653487768
63496050	0.00183225126537619
63501430	0.00321441848261847
63501730	0.00112617911601808
63502441	0.00148516863629996
63503650	0.00129939069794241
63509631	0.00164045318640015
63510250	0.00134131215343083
63510820	0.00203273914146214
63514940	0.00104573653488826
63515640	0.00108559660416409
63518871	0.00107129288836975
63519250	0.0524426776993838
63520620	0.0113100794003984
63525430	0.00167952503398561
63533491	0.00279142034896134
63534970	0.00128370364811892
63537460	0.00181608257871493
63538140	0.00191033847412648
63538721	0.00114556698042919
63539271	0.00139170276151807
63542431	0.0011515787142496
63542981	0.0230600791909923
63546950	0.00121988944420695
63548200	0.00113923737529639
63550311	0.00559524091902672
63551070	0.00229563649027131
63556111	0.00232179528950975
63559531	0.00125090192871618
63560320	0.00127552485879222
63560511	0.0013581633508884
63562171	0.0105321612932135
63565331	0.00137789618878654
63567930	0.00122866778495243
63575541	0.00242204440036224
63575900	0.00170636887567398
63580760	0.00447408054060223
63584050	0.00170700561666629
63584350	0.0126502570795743
63584361	0.00134733421068005
63589560	0.00995544563695626
63590100	0.00911236765408916
63590841	0.0049535857947304
63592521	0.0010439308120255
63598670	0.00368953161931618
63599920	0.0734416255605412
63609461	0.00118879281565062
63609580	0.0011436304131824
63614421	0.00179381605724148
63617690	0.00143162192865922
63617850	0.00420646137928253
63617881	0.00186771846535568
63624091	0.00161361934294372
63635490	0.0010984462251432
63643411	0.00117392950487715
63643510	0.00437692364984892
63646100	0.00156623936485975
63646240	0.0300972735464673
63652610	0.00241823465985857
63653741	0.00405919501405368
63657341	0.00133529930578746
63658171	0.00130858083419148
63661321	0.00810682735696614
63662031	0.0525126443921586
63671900	0.00114333541799361
63675671	0.00110203351533942
63677260	0.0015870662804329
63677601	0.0357986194564348
63681010	0.00149131413842054
63687401	0.00254955921847587
63714411	0.00292599939550375
63913370	0.0109497485817981
63914210	0.00163758635796231
63927880	0.00115568281793965
63932450	0.00106451345572051
63951880	0.00346989696774237
63952410	0.00160686438972572
63975221	0.0011653085055472
64026330	0.00308522198392678
64028471	0.00733764220061529
64063911	0.00114956920239576
64112550	0.492357534523696
64120800	0.0011797437399519
64146101	0.239592481113819
64173080	0.00166563089966706
64181480	0.00107683325696803
64181650	0.00724141133304427
64185800	0.0311563570295706
64190511	0.0169112677624571
64197900	0.00442152778351888
64226040	0.00144072941594504
64236991	0.0569116315302515
64238600	0.00119719974169793
64289210	0.0291734302501957
64315020	0.00105215543515076
64374600	0.0254289472597069
64376001	0.00120266626448395
64404210	0.00974131049902241
64441340	0.0938511001844422
64507851	0.00221100301477979
64521860	0.00158266326395999
64538840	0.00273873523920365
64547930	0.00541416090960569
64553190	0.00118212816851903
64561231	0.00125019451780221
64585491	0.00365550426005275
64594581	0.00684047860389346
64627240	0.0019663960517767
64633040	0.00214257223585961
64635841	0.00195942579817525
64651691	0.00103710986375168
64674820	0.118938439459792
64676330	0.00131104541586434
64677901	0.00571531774564399
64680190	0.0442750664573143
64681071	0.00148628648915521
64713990	0.00173385865273985
64715920	0.00130458162162355
64726571	0.00168541320462221
64750400	0.00114308897382161
64752231	0.00208193095277574
64756070	0.00912857060925827
64765321	0.00978331215190217
64766950	0.00116972551273123
64771541	0.0116167609463607
64772730	0.0016344428569642
64774140	0.00138553996024823
64779340	0.0025145868691438
64781440	0.518111954745819
64783531	0.00178539736289973
64785130	0.00125980793030836
64792081	0.00142213011938225
64792170	0.00106103930016088
64793191	0.137822723636552
64795251	0.001162218512788
64797051	0.00139869916917475
64799251	0.0010393029658333
64800990	0.00240122380202855
64805720	0.00166949812901507
64806400	0.00127050536162735
64809481	0.0249270846032702
64813430	0.00151927961779181
64815961	0.00165675676019472
64821150	0.00129044089058616
64823381	0.0125407063703088
64823811	0.00118543958205498
64824330	0.00132321370795437
64824850	0.00272032784533531
64828060	0.00121360011709569
64828740	0.00247517081981316
64829300	0.00276121371731176
64833051	0.0223925659719328
64837020	0.00113187886064052
64838260	0.00117367760248413
64841970	0.00154114798657404
64843671	0.376126252929893
64843801	0.0012170514288442
64844580	0.00114904887493681
64847340	0.00640188729615948
64851391	0.0011199210645717
64853010	0.00119756928459219
64853430	0.0280391381763506
64864221	0.00109334953785409
64865051	0.00152322867096478
64867931	0.00150857332035117
64870240	0.00102911458701174
64872921	0.00287529032682271
64874141	0.00214331116408041
64879541	0.00133922243366268
64893741	0.00126918097938915
64900180	0.0325148837820229
64904911	0.0327770335064369
64905120	0.00753485747715449
64908470	0.00170628673196117
64912290	0.00215924210134083
64919511	0.00610893117253281
64921301	0.00204346642899314
64929960	0.00157425136037511
64930950	0.00160046671992057
64931470	0.0391130543137829
64932341	0.00125224017999192
64937130	0.00295388311233558
64937570	0.00125002512319117
64940860	0.0021649139993024
64941191	0.00235360746279713
64943261	0.00123812777944316
64945161	0.001308488553803
64946001	0.00133153319354327
64946411	0.0044328465480455
64951391	0.00131658459601631
64954701	0.0010482426887715
64955371	0.0028399946250689
64956320	0.0642697198490266
64958151	0.00153944784031765
64959781	0.00142231183189699
64963740	0.00118844303953157
64970831	0.0128829744322878
64971101	0.00108822604376076
64973571	0.371830569334579
64980290	0.0464573398104798
64980570	0.024364250060747
64981120	0.00113185720998591
64982110	0.0809377899991889
64982691	0.00118926264278432
64991391	0.00172905936540569
64992280	0.00462264785367642
64997530	0.00185040024544591
64997660	0.00491451470850596
64997851	0.00183415503870352
65002541	0.00266866792922534
65005000	0.00145596439884709
65005991	0.44065865454002
65006510	0.00676648788314485
65006561	0.00196851008049754
65012071	0.0011356012916448
65015620	0.00478452040383509
65023180	0.00187805665069431
65023190	0.00214600059827361
65024471	0.0273213885547855
65027350	0.00143408767126965
65028180	0.0209149897819378
65032061	0.00378761863148009
65034800	0.00118986224420083
65042080	0.00152531794908808
65044000	0.00124065190440978
65045390	0.00251080512386775
65045431	0.0266626240196716
65049280	0.00628364528427181
65053711	0.00279642781725163
65056010	0.00116634192602028
65056020	0.0013486533739643
65056191	0.00556949490438701
65057571	0.112732653980651
65058831	0.00124989229759103
65059030	0.0493132287989324
65061280	0.00163114245189372
65064621	0.00158549163048132
65066001	0.00114640440206113
65066080	0.00101844117685756
65068270	0.00111696018845549
65070100	0.00136176526485311
65072450	0.0343023939014111
65073790	0.00460582107171633
65075371	0.00197685068058317
65076341	0.00488173595156362
65077380	0.00312376428852723
65080061	0.00104673794319884
65081861	0.00197572528138179
65089120	0.0645118507165613
65090131	0.00123170932710809
65090661	0.012858005987776
65090750	0.00555772727429739
65095990	0.00128161784083269
65102261	0.00207676483677786
65111771	0.00150080756907543
65112990	0.00484165468718928
65120690	0.00259889567849462
65122610	0.0010743284612214
65124720	0.00114983460563289
65126750	0.00548926962862862
65127990	0.0210248979482866
65129820	0.00165396625608807
65130620	0.00271997224745747
65136051	0.00329458881175971
65136840	0.00140902067019281
65139310	0.0960402685643687
65143200	0.00688680774772887
65145380	0.00151084190313609
65149260	0.00164040977146638
65150510	0.00858835462237749
65151071	0.00158854443435365
65157291	0.0234450462942915
65158190	0.00233254591433549
65158210	0.00318766007805552
65158330	0.0232712924729926
65159050	0.00414293416270309
65159180	0.00425539141077085
65160061	0.00209641197730863
65160410	0.00302310198710439
65164471	0.00123620134935787
65165270	0.00137315033535293
65166880	0.00112853132647347
65167590	0.396644753103497
65169670	0.00355553865927312
65178620	0.00763225606143116
65182610	0.00241658402180861
65182640	0.00141276061446615
65185400	0.00697684931319009
65185981	0.00752560805106972
65188191	0.0011751492923898
65188400	0.00154018212598473
65194610	0.00190743829001805
65195081	0.00152202884774496
65201271	0.00156874043233572
65201821	0.0018402852867958
65202600	0.00345679446532279
65202931	0.00157875340758123
65203160	0.00999692019007889
65209640	0.00179212092535125
65216430	0.00122074344855508
65216710	0.00338089099202719
65219190	0.00114440797576299
65219860	0.00126353282964059
65222200	0.00113473064995801
65222210	0.00202279361654753
65222651	0.00150498098445582
65223211	0.00122856908354659
65227310	0.0195961026349696
65228051	0.00215039380362885
65228601	0.0015830152096715
65230600	0.00252160894328662
65231631	0.00124136492641349
65238470	0.0190651150969028
65238500	0.00109899273362618
65248980	0.00238620932995616
65249360	0.0229839403664914
65288390	0.35767377718103
65389541	0.0338145832442347
65412120	0.00364626653619315
65513780	0.00503803351018462
65514071	0.00144110353398584
65620800	0.00436579286696988
65656811	0.00140065735441207
66033891	0.0122569829531952
66045570	0.00126479319201774
66057191	0.00174163648101505
66096190	0.0567893478012877
66107811	0.00232016371765435
66108840	0.0017186545713923
66114630	0.00201967208721934
66137420	0.010680104644175
66139760	0.00117238688443827
66148621	0.00150784268261057
66191501	0.00312949636917119
66193690	0.00107274117663797
66195080	0.00151331303037057
66245660	0.0493983916798651
66261820	0.00241362772883162
66268601	0.0012184447420728
66293281	0.0124228794755197
66353120	0.00117653910064227
66424840	0.00139260798661376
66466381	0.00431720232192433
66487741	0.031868148905751
66512100	0.00224131659421232
66526480	0.00541029489209366
66550730	0.00185995288506608
66582071	0.00206062842923576
66592011	0.00126383553939994
66600421	0.00173373601163421
66657651	0.00132185100913997
66683301	0.00354118697614905
66699800	0.00187203197202616
66712120	0.00131256858365239
66734030	0.00146143283312925
66767140	0.0016407679769669
66785330	0.00162263747812431
66794741	0.00736312706586191
66836080	0.0353217227517464
66843540	0.00113318390529446
66860551	0.0083663450608966
66928920	0.00274975328464471
66932360	0.0443660988086751
66938150	0.00113171986725004
66959821	0.00606595837555679
66968261	0.0746113261200239
66976941	0.00222592738079406
66978250	0.0099300973900563
66987810	0.0432696799977
66996460	0.00317262820500664
67003530	0.00761416109775252
67115531	0.00280308907404348
67144200	0.00113111319677254
67196320	0.00166231838713159
67203801	0.0363614972066769
67203910	0.00291189828098004
67214530	0.55286568781642
67218551	0.0448163709305488
67221960	0.0186548042040181
67229570	0.0568195535118313
67232081	0.0042270199640258
67232170	0.0010689057205865
67237471	0.00199513579179129
67249300	0.0010526469518837
67250011	0.00114713975941022
67250390	0.0144764791838321
67250841	0.00117326908750131
67251521	0.00144221902630713
67253550	0.00128619697713106
67255801	0.00139567609525449
67258220	0.00420527122891215
67258841	0.00121502622714149
67259640	0.00477873327312298
67261721	0.00262209395858439
67263661	0.00468449246412817
67263921	0.00129792880326632
67266230	0.00182772406453061
67267111	0.246056059351734
67267190	0.0059185608158537
67270220	0.00913234615087956
67270910	0.00116713100113506
67275760	0.00317842930328269
67275951	0.0822796164335575
67276580	0.00299093072273043
67278490	0.0026008674934682
67288751	0.00195708367673499
67290230	0.0011770385308694
67291900	0.00104689717130574
67300911	0.00128342175781284
67307931	0.0452548616935769
67315600	0.00177038302848476
67321161	0.0176006571198056
67331730	0.0025398668425874
67335730	0.00527463269881874
67352881	0.00114836762611446
67352970	0.00165738187131056
67361711	0.00213460413748676
67362110	0.0319249564116142
67364590	0.0760416833137211
67370800	0.0136034946640146
67371771	0.00209644760798907
67376440	0.00171732160191053
67377260	0.00318668331123195
67379241	0.0137002587020069
67382941	0.0619059473551174
67388700	0.00137510837253879
67393100	0.0011735175250091
67395241	0.00345338049832226
67399921	0.0012965454337964
67403180	0.00508808744201423
67407610	0.00166664652481566
67413800	0.0158194047172033
67425680	0.00472559158883886
67430121	0.0053088467344437
67436990	0.00219402399957891
67437690	0.132118743570022
67437831	0.00141060491303615
67437851	0.00112547542208472
67438821	0.00232227709152679
67439620	0.00717662219977223
67440150	0.00147257271962599
67444481	0.0018743388152916
67445260	0.00160006153804507
67446340	0.053971060625389
67446480	0.0012346831757692
67446490	0.00115716458843304
67452000	0.0141380359321888
67452310	0.00818092954860447
67453250	0.0161515905539667
67455211	0.00186740972630171
67456451	0.00113978366544431
67460550	0.00205463099540393
67464400	0.00114461690332445
67470671	0.0107389408313899
67474661	0.00143069973217519
67476471	0.00125551935103241
67479600	0.0024093466204857
67482261	0.00111277792545105
67484300	0.0136804109687736
67484400	0.00842638814602099
67484680	0.0119471648401619
67485230	0.00139492001671068
67490121	0.0254060515330288
67492331	0.00324068572938602
67492451	0.00160847729780635
67493411	0.080013361661669
67497820	0.00568523582261195
67498801	0.00154941122489971
67504721	0.0484468138373095
67508871	0.0015889691685568
67509011	0.00393886076046848
67513360	0.00197192565983861
67515860	0.00126278972023896
67524721	0.00225568894802225
67527911	0.00182945326188655
67533821	0.00144222710750994
67534500	0.00124478874341187
67535610	0.00549315349523182
67539160	0.00125914532799993
67539320	0.00121315965471577
67541520	0.00891889411431335
67541800	0.0403856924316599
67542220	0.0135198275104791
67543501	0.00305570396562125
67543710	0.00113035263747849
67543850	0.00147716387758546
67547501	0.00134957577761053
67549711	0.00435489384107515
67554330	0.00149192565975241
67555440	0.0015162118757422
67557520	0.256855737175909
67560150	0.00140546084940237
67560721	0.0010418410492414
67569810	0.0116062888862351
67571180	0.00136292301310739
67576840	0.00171926843871954
67578931	0.0022130373655793
67592161	0.00535852408982585
67596430	0.00133881523556244
67603420	0.00122139538788692
67604290	0.00300536213161262
67605790	0.00394876579782646
67611160	0.00110643840541107
67611860	0.0021835667245858
67612540	0.431513010973174
67615211	0.00120574768692779
67615980	0.00191965815935985
67616311	0.00116780426586163
67618610	0.00148921933803865
67619700	0.0011025457449396
67622101	0.00247077911807859
67632940	0.00257294120272608
67633121	0.00399228604856665
67634460	0.00115929988028107
67634590	0.0012636844669881
67636571	0.432569636304769
67640970	0.00228303017160295
67646900	0.0153294849687155
67650330	0.00133736546335477
67650460	0.00107375090075149
67653131	0.00120424826142561
67656530	0.00416305763484117
67656940	0.00790669341996288
67659970	0.00157601258687982
67660451	0.00240450700582384
67661100	0.00121789720460268
67662170	0.00108083593677035
67664701	0.00722736876289529
67665141	0.00111421998833789
67665821	0.00159574542931726
67669281	0.00116916470548737
67669391	0.00147530175902698
67669770	0.00175859526537581
67672991	0.00187253634731172
67676260	0.0863590972149493
67677480	0.00140862490375139
67679621	0.00124906448771475
67680800	0.00151032774164771
67684291	0.00117539046752333
67689541	0.06968767348041
67691741	0.00106130049688482
67696280	0.00133172635187383
67704390	0.00348565202438241
67710870	0.00992728301780334
67712721	0.0153893451642128
67717671	0.00261568482724362
67720410	0.00182639640122381
67860011	0.00123778587523165
67860510	0.0072807928186886
67860940	0.00377562777960544
67861781	0.0422224455806523
67867721	0.00268848920305758
67871741	0.00347255688842916
67877910	0.00120804797091318
67879260	0.0171587480054535
67879950	0.0173497207887365
67879960	0.0360878503143175
67880250	0.00168314136666159
67884240	0.00173418354594862
67895311	0.00111516813807738
67898341	0.00142814890650549
67902471	0.00175926400810734
67909190	0.00111700611373575
67909610	0.0289707497005699
67916701	0.00106419558200626
67928500	0.0147590634349518
67936640	0.514244275881462
67943861	0.00529137059130321
67946751	0.0191183829352336
67959011	0.00365311820955211
67960271	0.00127096782356158
67962140	0.00928798763448308
67965450	0.00801749337323358
67971291	0.00177680219780443
67972650	0.00148429626367028
67975140	0.00154491793355192
67976951	0.00574700973398947
67983680	0.00235905382093226
67997740	0.00246530261525695
68002741	0.0249941319265254
68003400	0.00668246355063609
68006601	0.00105511741744109
68007960	0.00214974198247344
68012951	0.0225856825982384
68015370	0.00309575192056092
68022741	0.00263463857255833
68023171	0.00300990137317152
68023581	0.00248679635307864
68027141	0.0111463280354065
68028490	0.00628236932403534
68029931	0.0028235624862461
68030201	0.00630837575001833
68030840	0.00126477838741336
68034741	0.285005880562458
68035421	0.0703013528542615
68036070	0.00373428772912138
68037720	0.00114878252300536
68041491	0.00178434620112336
68043110	0.0680623220047344
68043960	0.00151378395950003
68044261	0.0157927470997767
68048080	0.00130987691337235
68048350	0.00154854409509746
68048610	0.00239299750724361
68049361	0.0462006757556627
68049590	0.00111753611251028
68050820	0.00125102733909401
68051370	0.00119294607980076
68054990	0.00112084343080356
68055650	0.00126293473932539
68055780	0.00131974765316739
68058980	0.00170979875941493
68060370	0.00405518962252285
68061710	0.00289191359432151
68062751	0.00162095290435175
68062840	0.0024772832884143
68064811	0.00156858068686743
68065091	0.0017869392206949
68065710	0.00153363140578328
68066970	0.00163929097168102
68067250	0.00122840325440502
68068821	0.011044083420001
68072101	0.00134913887464204
68074030	0.0032125080318017
68074051	0.00207302071466202
68074881	0.00128860110852441
68075780	0.00113275971035116
68076360	0.00271895433364119
68079441	0.00175879486960689
68082051	0.0010668082619235
68082061	0.00111991816681244
68094970	0.00129332816530653
68096480	0.00174706407752635
68103001	0.00176120606551227
68103011	0.00105584668860058
68103240	0.00846754391160208
68103910	0.00249894036063752
68105440	0.00228052637955173
68108251	0.00179183056580608
68112910	0.0019382514000099
68114441	0.00114152229051935
68115800	0.002442722673729
68115910	0.00325637366128101
68118451	0.00240971335630801
68118960	0.0142053461186927
68126400	0.0135420596783771
68127011	0.00339210784067975
68127271	0.00113718640846379
68128080	0.00239791792103234
68130591	0.0131957371159389
68133880	0.00323928666970302
68135400	0.00484683572788925
68136460	0.00128792135151395
68140340	0.00154723313577785
68143260	0.363615223103565
68146160	0.00125271760567078
68147551	0.00250074192498553
68149751	0.00111112002632446
68150441	0.00156412228234292
68153611	0.0151591248336966
68155660	0.0025849220261959
68157911	0.578765727248398
68158820	0.00158312911268844
68159940	0.00162670728113507
68160770	0.0267920323347012
68167541	0.0017553206923424
68168391	0.00116013576642957
68171981	0.00104372314782034
68179261	0.00121658632877393
68179831	0.0200154471065955
68180200	0.00119650741730161
68181430	0.149319932188999
68181621	0.017324688709517
68185730	0.00138642645470606
68190540	0.00150367017610182
68191110	0.00114569840168036
68194581	0.00145690112621689
68194820	0.00155576739621555
68194960	0.0039919399706745
68197020	0.00371765440666498
68202980	0.0380628154531194
68204610	0.00111065098638225
68207281	0.00223106633857337
68208590	0.0104822377494232
68210420	0.00108808827812452
68211131	0.00136657388296757
68214150	0.00165544882997542
68217601	0.00174350028904652
68219070	0.400502290212445
68219831	0.0160499572367586
68222120	0.00183977876678606
68222311	0.00420397566155208
68224490	0.0316175426928043
68224760	0.00138271950448963
68225481	0.004499346644398
68228251	0.00308101229718314
68228770	0.00112771671192348
68233170	0.0015901169375297
68235770	0.00505849138026955
68237891	0.0533732859158832
68241030	0.00140411890904683
68242260	0.00107838194317812
68244610	0.00111170702287986
68246560	0.00904064837257435
68247650	0.015102900478201
68249290	0.00193298805839407
68251240	0.00188791428026721
68251910	0.00821456004215396
68252620	0.00561924223564173
68253420	0.00114485470064195
68258731	0.00623787884170948
68261891	0.00372704762482346
68262451	0.020570844702465
68263941	0.00129030308191654
68266571	0.00131026772691468
68269761	0.00172772606800842
68272651	0.00163440338347751
68276791	0.00297940455384616
68278591	0.00142191819474405
68280651	0.00200400629698311
68283100	0.00397307005847927
68285130	0.00507570793947592
68287630	0.00151674597243928
68289290	0.00122493590360656
68289550	0.00193312904663093
68290240	0.00217727808949681
68291520	0.00120704030823599
68291770	0.00771964624776464
68295060	0.00137405116928484
68295121	0.0011729491787691
68299480	0.00111341551801174
68299640	0.00107664296920539
68302161	0.00290517598549196
68304221	0.00191453008074995
68308170	0.0067885355235414
68310650	0.00153518511835819
68310950	0.00144427315817409
68313591	0.00244495169018617
68325980	0.163802991364708
68327121	0.00115453811282053
68338001	0.002552901726055
68339240	0.580429937105848
68340511	0.00202861870441317
68340580	0.00217757284924907
68343401	0.00145302791724813
68345010	0.00313652798933643
68345290	0.00185370807043264
68351220	0.00136907610862783
68354841	0.0120298854083742
68355391	0.00259320894944456
68362410	0.015653986056153
68363330	0.00827173010952834
68363630	0.670616441365627
68363951	0.0128109607947699
68368860	0.0021418979808283
68369300	0.001674128109814
68369570	0.00194832262510701
68369611	0.00129593253172089
68370380	0.0017005349166775
68370950	0.00953634305216399
68372040	0.0012389334139865
68380081	0.64587609238856
68380590	0.00166445331452862
68381970	0.00145505194573423
68387070	0.00236839170538477
68392720	0.00207188494425401
68393840	0.00124771906693178
68396870	0.0122932159410546
68397990	0.0051331853183633
68399880	0.00115647066755994
68400211	0.00192036399230535
68401731	0.0349214996219775
68402510	0.00143811789443065
68404170	0.00126985724042991
68404180	0.00168234482625106
68404341	0.0025731725709862
68405300	0.00518643628736424
68406851	0.00119042165484917
68407531	0.00110377284766672
68411060	0.0011167537832934
68413461	0.0470940047768206
68413570	0.00211298140475865
68413861	0.0168975174769237
68414161	0.00123269085556791
68414530	0.00186570011148463
68416020	0.00136510779203294
68416071	0.563537132454975
68416880	0.487863974901886
68417970	0.00110885665939124
68419640	0.0218141218700934
68422950	0.0107417331868968
68423640	0.00125550869402256
68425140	0.00149530408661606
68425441	0.00125537547180015
68426920	0.044557719193352
68427220	0.00275578530174695
68427381	0.00709582698835405
68427740	0.00516250178004876
68428290	0.00241014865783409
68429000	0.00287091574370751
68429550	0.00166749307763089
68432751	0.00263977145234054
68433280	0.00136494919229376
68433950	0.0102168728793001
68437120	0.00284199794881737
68438230	0.00274882547998162
68439511	0.001356374457767
68440740	0.0021347143322749
68440850	0.00111644851661547
68441270	0.0275568580881597
68444351	0.004261017591791
68447801	0.00387040535897878
68450530	0.00203373269681251
68450800	0.00133441207289552
68450831	0.002152941002938
68451121	0.00194724575215644
68453960	0.00618128046798964
68456740	0.00204538152887986
68456870	0.0118788967853931
68458431	0.00176467221558114
68460471	0.00106138653847535
68462530	0.00107069058165855
68462800	0.00198520078841039
68468361	0.00110684714255225
68470640	0.00110416891241864
68471620	0.00281230673236272
68476020	0.00111566491483227
68477301	0.00135144210339207
68478510	0.00219339284985882
68484840	0.00167947473281491
68485280	0.0012580191131576
68487111	0.00278968577751428
68488030	0.00147515349242873
68490261	0.00109322654225562
68496290	0.00248662600041259
68500460	0.00121466491270644
68500860	0.00483063280869502
68502370	0.00541558535462818
68505981	0.114530227508204
68505991	0.00114113922621743
68509031	0.0011226424493565
68509591	0.0012957604578435
68510401	0.535706086270143
68510831	0.00267393694797815
68512030	0.00149110778924308
68514691	0.00167817435841199
68515791	0.0632166719399812
68516741	0.00247301764178734
68517280	0.0375811163868503
68521400	0.00272375963631644
68522240	0.00608028541015458
68524420	0.0017137572682738
68526141	0.0148820592299174
68531911	0.372996160424503
68533041	0.00918332137649897
68533670	0.0253562917856244
68534350	0.00132829573923097
68534411	0.00163019188317338
68535641	0.00157363040850214
68539050	0.00143607016605023
68541591	0.00338799132769798
68541711	0.00576905171639317
68542350	0.00112371751957668
68542760	0.0997430133987795
68545041	0.150174226578437
68545451	0.00108808827812452
68545721	0.0167814959395736
68551720	0.00235945210210041
68552850	0.0011856642171864
68553540	0.00126368713501505
68554630	0.0305287317045338
68554760	0.00113041572067178
68554930	0.0372074461851908
68555490	0.00850249590669945
68555870	0.142439288986896
68556030	0.00207444439792718
68557110	0.00134183221243223
68558490	0.011521993161414
68559330	0.0010388173121767
68559750	0.00193015827964987
68560891	0.00167408556333627
68561721	0.00459010284416303
68561790	0.00127343371945302
68562001	0.00119729782504691
68562780	0.00112884853716828
68562831	0.0104773130611853
68562961	0.00107453672552789
68563330	0.00118056759071256
68564550	0.00186085828535367
68564580	0.00148914731973013
68565591	0.00122146406427594
68568270	0.0749108726404646
68572341	0.00180561865621952
68575600	0.00307206303609543
68609920	0.00371844518742388
68616980	0.00150931716669294
68619890	0.00301006189544683
68636611	0.00106522240360841
68637561	0.00325313136441576
68662381	0.00127139277649351
68662811	0.0108580176402746
68664731	0.00592600163328374
68672300	0.00228884050101033
68689411	0.00121045396497078
68715771	0.00203785352092756
68726320	0.00177339735731176
68732140	0.00254790230938715
68734760	0.00192103256571989
68736000	0.00238858471376756
68739850	0.0513938837711581
68744700	0.0112542117569768
68759560	0.00578444182316763
68761350	0.00112328760166101
68761360	0.0166776911666527
68762900	0.0011809357437601
68764181	0.00307546798580429
68764871	0.00162483147702799
68769961	0.00227054697411647
68770241	0.00169297189365712
68773510	0.0563639840330172
68777100	0.00255409199548454
68777681	0.00137202875687309
68777971	0.00149148459249232
68778531	0.00642521327524919
68778590	0.00539177931864374
68782511	0.00120000134117012
68784250	0.00268370842045394
68786750	0.00246746664746289
68790870	0.00155727070409754
68791570	0.0123769572007592
68792301	0.00216636435859499
68792400	0.00245600245392879
68792800	0.00401398113813392
68794040	0.00160634438609196
68794931	0.00209741221154671
68794941	0.00454183548230914
68796550	0.00119880282431441
68796670	0.0235772526044711
68798371	0.00307793083691853
68799341	0.00311307748721845
68801490	0.149724320060503
68803580	0.00144946910780493
68804311	0.00171119640019718
68807830	0.00131432024682437
68810770	0.00329625697866439
68812270	0.00171972644855728
68820130	0.0041423099059226
68820291	0.00191329280204508
68821141	0.00141756146933554
68823201	0.017346251541134
68823870	0.0498538923000939
68824311	0.00182735362160364
68826900	0.00241381669738449
68828700	0.00118779424808288
68829261	0.00596180856519003
68830320	0.0050392325688161
68831741	0.0138892427770135
68832530	0.00142722694059015
68834620	0.0023754923550805
68837110	0.0488548122029601
68838200	0.00195921012997058
68839560	0.00123478323453788
68840110	0.00155148418066971
68841340	0.00145327008895726
68841961	0.00119729782504691
68844110	0.0048152014186521
68847870	0.00210574145546347
68848380	0.00638783170757095
68848650	0.0121341547334899
68848981	0.00705363521686457
68849090	0.0280079497259095
68850361	0.00133438189224454
68853780	0.00131538209672841
68854050	0.00570498065329655
68859191	0.00227696480880125
68859891	0.00156434169245745
68859901	0.00143192773410072
68862081	0.00273878488782152
68862491	0.0016211686271121
68863481	0.00144454310905618
68866921	0.00162646400963298
68868810	0.0433129170201809
68869760	0.0016057863780736
68870880	0.00112006619169541
68872011	0.00926898522428501
68872561	0.132784650055396
68873770	0.101814955080203
68884100	0.525527305488566
68884790	0.00237374700186559
68885340	0.00331344360961786
68894241	0.00155446309807798
68897941	0.126462594783161
68898480	0.0406092169046856
68899160	0.0068972729390535
68903140	0.00126385447034367
68903341	0.00115851709730387
68904011	0.00143946644392729
68904240	0.0387692554982194
68904831	0.00929100164717315
68908400	0.00107485097406666
68908441	0.00213244185635727
68911420	0.00113881610981592
68919980	0.00128462448869991
68921381	0.00346927014019659
68932250	0.00474520049711575
68933541	0.00348746824659512
68936001	0.0133918466974862
68943680	0.00106882851634331
68944120	0.0173476635726003
68945330	0.00574810142634907
68945650	0.00222806502698031
68946990	0.00185988841212705
68952820	0.00259740465119013
68953401	0.208911883218762
68954750	0.00131940238460532
68957210	0.0278340951731907
68959270	0.00107836351437577
68961681	0.00476984571800956
68966460	0.00209644760798907
68967031	0.00551573715322059
68967820	0.0348275169865005
68968291	0.0111840914882811
68970170	0.0128056381514701
68970781	0.00201595598310691
68973350	0.00186458730751057
68975041	0.00269967934630017
68978330	0.00104224149173048
68996520	0.144854214692408
69581051	0.057354624187919
69623470	0.00144501288084118
69623490	0.00151148778314985
69636911	0.15050249145143
69639880	0.0141283701447383
69640221	0.00549294354942332
69640351	0.00569922562699306
69643220	0.0358732889844285
69643330	0.00111829262108377
69644570	0.00131006013821177
69645290	0.0852337402582708
69645301	0.00106516961644161
69646421	0.0119686985128856
69648570	0.00746618263799048
69650080	0.00216708339992325
69650100	0.00127736658590393
69650110	0.00140553133021778
69651890	0.00625700578892387
69653940	0.324631398126988
69657301	0.395182856194613
69662800	0.00161382128069017
69667220	0.00653319742611718
69669660	0.00138082197458461
69670401	0.00131925961759171
69670681	0.00122811215413474
69670910	0.00125764957965771
69671330	0.0162323782420414
69672420	0.00138298828699677
69673700	0.00112725797998308
69675050	0.0210410631590529
69676730	0.00160591611197054
69678541	0.00135779486016662
69680140	0.0783680951886557
69685390	0.00109310246498659
69686630	0.00139379268279885
69691941	0.104248464874638
69694080	0.00220071862810015
69694131	0.00133043626417481
69695900	0.00116910809927396
69697171	0.0172498784780489
69699480	0.00113344450383441
69700140	0.00108726735937796
69701670	0.00123653847326457
69701930	0.00108808827812452
69703661	0.00120148013270111
69705280	0.00301897625669235
69706541	0.0013014525624826
69712990	0.00141153116245073
69713301	0.0160808410447935
69726411	0.00254098944698692
69729591	0.00294886706466796
69732061	0.00120071183236702
69733120	0.0030684667758697
69739911	0.00113302157918141
69741701	0.0169360449008825
69741711	0.00239054786082895
69747381	0.00194945054455407
69747480	0.00118360103363012
69750360	0.0998533513348256
69750801	0.00369062978043747
69752871	0.00130611947062055
69754620	0.00125042307905522
69757680	0.00174512799542249
69758230	0.00113738601726171
69758360	0.0234858870772076
69761851	0.00191800487404365
69762801	0.00838458868082661
69764860	0.00150288957481153
69769281	0.00412419161163006
69769800	0.00213965751115669
69769851	0.00126456205081529
69771870	0.00152379873853691
69775060	0.0387096746480629
69776860	0.00247735654596491
69778121	0.00126497664359092
69779221	0.00436519172296271
69783180	0.00194281488199326
69789800	0.00193776918720022
69790391	0.0045340542254923
69791750	0.133549566405239
69792601	0.00216359087788732
69798210	0.00482109491293491
69799610	0.00812840844354072
69805550	0.00283003527031015
69810531	0.00310892048361169
69813950	0.00116511662496539
69819921	0.0345996981733988
69830801	0.0319249564116142
69848591	0.00173107096336802
69904710	0.0205600378732148
69909950	0.00223484034180725
69910640	0.00165535610862281
69912010	0.00153110179815381
69912410	0.0679194514779809
69912871	0.0180396009481457
69971751	0.0172032777230358
69971860	0.00334440191587009
69972311	0.00227535772375233
69975990	0.00202552743514505
69976010	0.0011633690877728
69979450	0.00152029503314962
69979751	0.00558734958132739
70035871	0.00113154361760016
70041890	0.00134400728969073
70044100	0.0029315538154395
70106091	0.0195953937459217
70110020	0.0104273473963037
70168240	0.0274386613257456
70170771	0.00158083028910658
70170891	0.00373126938491791
70171300	0.00283632857085827
70172161	0.00740215204200773
70176400	0.315511839370769
70236961	0.00134314882485681
70243000	0.00163622068677252
70243301	0.00248442812812404
70243581	0.120510685375891
70297771	0.00245473703774189
70300401	0.0276962550269784
70302830	0.00141670919730374
70365870	0.00201455947063781
70366051	0.00135973790816531
70368900	0.00273530262950569
70370741	0.00320344274986786
70371011	0.00192487221554128
70371861	0.0818274233012733
70375380	0.00446108007513918
70431831	0.00150482417964334
70432381	0.134944678894303
70434400	0.0261691809945036
70467821	0.0171128161977068
70586400	0.00238203677833312
70676221	0.0412544890674685
71147450	0.0203966108078488
71174310	0.00305765853595994
71186470	0.00519406288425991
71289650	0.00392699686947544
71291840	0.00128680941474456
71340090	0.0151142120869041
71353890	0.00218321495840692
71355311	0.126332987995672
71357490	0.00163020959064786
71359570	0.00115701984027422
71359731	0.00156105009045563
71359741	0.00114812183370966
71359840	0.00203794938121867
71360220	0.00155936632388232
71360431	0.00149313726231042
71360630	0.346625766701449
71378891	0.0399844132929471
71382010	0.00204667296704576
71384131	0.00124771843668049
71386180	0.220095128244579
71388291	0.00554136345748451
71412940	0.00345802521213446
71424691	0.00125010770093902
71425200	0.00177673247592921
71431871	0.00177039465455389
71433310	0.00112793673628868
71434320	0.00117306969994624
71436490	0.0025720533692288
71436630	0.00122368534405779
71452620	0.00186972139960848
71456760	0.00148778973553657
71458320	0.0129751896214641
71459431	0.0831794481191153
71461801	0.0833626115476051
71475800	0.00863300503830765
71476350	0.00301556813865983
71482160	0.00162975997111073
71482440	0.00210608692539402
71484971	0.00192949520698819
71498430	0.00112869375695746
71499031	0.00157109136889407
71505101	0.00244915602245709
71506030	0.00245304428666353
71506471	0.00178668962031118
71509580	0.00293369997951825
71522471	0.002481466192708
71524681	0.00282752122081312
71525050	0.00169738477294125
71527571	0.00120689158858698
71530290	0.0014390897750669
71530960	0.00175143670778186
71533340	0.00402149368740516
71533931	0.00132682262939409
71555011	0.0163366588038759
71556100	0.00107992679544116
71571161	0.00244106784726906
71571301	0.00168592913582708
71577050	0.00121467527878896
71577990	0.00432600986456225
71578311	0.00279828950620896
71581450	0.00160338559771389
71581870	0.0235438817849022
71596470	0.00311772074640129
71599240	0.00319026038499179
71600681	0.0152775588814116
71602871	0.00172247750185129
71608401	0.0033667018085402
71621030	0.525560140574984
71661430	0.0303506404100917
71677211	0.0151215771267962
71679240	0.00182223910022754
71682130	0.00124171301049874
71684381	0.00224179191814778
71687080	0.00674301706083513
71688900	0.00222929292137624
71717710	0.00192025894625668
71719510	0.00344420316343509
71721290	0.0159511523529471
71721600	0.00216219571765988
71734390	0.0143270174255529
71754010	0.00106169036217696
71756210	0.0011824482814073
71775121	0.00294875160691001
71776310	0.0315066844369973
71779080	0.00145849960417659
71781611	0.003439833350743
71782581	0.00161729994873527
71783630	0.00130031169026923
71783650	0.00722324375552212
71786380	0.0854583698466519
71787520	0.00191398849114447
71787691	0.00563631941767246
71790280	0.0686505893126843
71790421	0.0850921029581922
71792050	0.00209262674890132
71792361	0.083163938864621
71804231	0.0088633531522198
71823070	0.00231326463144979
71823920	0.00185006712561833
71824620	0.00177053022351339
71825321	0.00248152725886558
71826151	0.0176007955205486
71841560	0.00157973788116922
71860911	0.00296323196515477
71866701	0.00116158058136291
71886021	0.00783366516098596
71889830	0.0398392429378787
71891510	0.00560248831934613
71892310	0.00120281439006201
71892580	0.00826070816227983
71894011	0.0577818363929534
71919121	0.00221995822442283
71937581	0.0057986868112737
71953031	0.00305650584294852
71959610	0.00143910751563366
71969861	0.00144630101318392
71982080	0.00607913678885896
71984300	0.00203856038786851
71985410	0.0131325816158292
71985711	0.00222168424836239
71986151	0.00132973141542803
71988331	0.00219476676602436
71991470	0.00154885733338894
72009110	0.00412221093913594
72050261	0.0026292009076365
72051590	0.00226049773076671
72066630	0.00138918032496742
72067580	0.00374524304998679
72072580	0.00128422402481897
72083521	0.00231033847341449
72083631	0.00435711623657092
72096601	0.00119011743241812
72097841	0.00112250306303137
72105370	0.00569588905027294
72119200	0.00136079691390963
72126090	0.00136706152968126
72130930	0.00275848889199293
72135590	0.00321918171620736
72137721	0.0151741990960635
72139501	0.00123142526628847
72153120	0.00126730190921812
72155631	0.00291741305108931
72158401	0.014908275468189
72159351	0.0066842079384109
72162230	0.109915748292252
72175440	0.0801131483370858
72176830	0.00343021174078459
72178200	0.00390745469528288
72186090	0.00107089008825352
72187060	0.0154907378197489
72198230	0.00501519184751693
72198750	0.0128411291700289
72198910	0.00885281272968188
72199870	0.00726122989995785
72213681	0.00159300356110054
72221650	0.00113438931609529
72222460	0.00141200975720368
72222500	0.727482011137025
72226610	0.00341463101896017
72232051	0.00136864397998014
72232311	0.00111341551801174
72241821	0.00455087483039641
72250740	0.00218382881235307
72251710	0.0012293690762456
72256130	0.00395587943386704
72264601	0.00179302478838384
72279460	0.00206129022421062
72282320	0.0087567209087889
72282661	0.00205949927897883
72314630	0.00106857963966739
72326740	0.0017491779479225
72336790	0.0170975050351623
72347010	0.00130729915517731
72348790	0.0132364761795443
72350180	0.00231340050926068
72352591	0.0264841636362109
72367481	0.0200293063157265
72393541	0.00237919979305975
72394170	0.00360658802868161
72395170	0.00113716099395714
72396250	0.00208808750113725
72399731	0.00126732606493896
72417541	0.00124582372421098
72418580	0.0368207648251633
72443041	0.00183914687185123
72458160	0.0028628191299107
72466170	0.00199136438113804
72468540	0.00423125169633797
72474020	0.00122436053319317
72491331	0.00132250559197517
72493330	0.00112887406429796
72496540	0.00125064352997282
72498290	0.00149732821464565
72509910	0.0165455392075619
72510761	0.00252135127420163
72514160	0.00310249821664744
72514430	0.0013529538056347
72545490	0.00129407304994845
72558061	0.0804732856196572
72570160	0.00186673194017302
72571150	0.0287399356320259
72571970	0.00195983463983793
72574030	0.00162460775854909
72574040	0.00176088817144
72578901	0.00366927525150689
72581651	0.00208046349869199
72582040	0.00231539332441863
72587670	0.00137661669026684
72589480	0.00108462261985767
72601231	0.00114410891797112
72604701	0.00119312917164148
72605350	0.00205769381797267
72618170	0.0216833821985434
72619571	0.00124579839894777
72621490	0.00129171084639448
72621610	0.0012696323896194
72628800	0.00300053757359043
72628811	0.00479969192817406
72631000	0.0015728058830391
72638761	0.0021446265366404
72638881	0.00861704244931224
72639041	0.00111239972596354
72645320	0.00212642102684163
72646850	0.00120916578541288
72650960	0.00124270955953266
72651161	0.00148305972326729
72655000	0.00189680938654779
72655171	0.00136805982324967
72656090	0.00326753471813038
72667520	0.00152996538117794
72671540	0.0021196149343393
72676411	0.00152073119679725
72683291	0.00905122787827628
72685740	0.00672593914913864
72897840	0.00228072107671858
72905310	0.00341347877837254
72916320	0.00226187751959805
72917040	0.00412137178800651
72921140	0.0160013932724246
72925320	0.00112339404813457
72926670	0.0012828739123084
72928190	0.00132756978417686
72928470	0.00324539646534268
72929440	0.00414312362860618
72932921	0.00590579647184498
72939240	0.0925190873342397
72943780	0.00125007990949685
72945850	0.00196426469261943
72948450	0.00152701125212686
72950420	0.00108978463512912
72958250	0.00204814527788205
72962011	0.0876677596785353
72965310	0.00195574364639894
72965450	0.00198618032116272
72965700	0.00511759058607754
72969270	0.00241754820627477
72972470	0.00171949893076297
72978250	0.00135889932738388
72978790	0.0105272031816393
72986841	0.00240972644316019
72988990	0.00128556652855364
72990841	0.00451570282841687
73005061	0.0150056101588524
73008870	0.00132638514172448
73017960	0.00166075599908103
73020300	0.00116996328124633
73022701	0.00121782830579422
73022721	0.00164890350111009
73022800	0.00539640101644385
73027261	0.108902770117634
73027330	0.017542024322193
73028480	0.00119751767352156
73031350	0.00710568616419692
73035671	0.00356040946845003
73037830	0.00138207116241674
73039391	0.00466602146233577
73045420	0.00149598984672929
73047210	0.00259805188419751
73047650	0.0011817377545424
73048221	0.00165789548825936
73049171	0.00172690275925716
73050130	0.00447964193791752
73055681	0.00161210631413291
73059190	0.121036334774814
73059220	0.0314042393943231
73059750	0.00291607985592905
73061191	0.0142875280132292
73064050	0.00134708714982871
73066510	0.00172183993102398
73068201	0.00118778128192147
73068761	0.00205939736680141
73069020	0.00482537105548019
73071600	0.0742429830151122
73077031	0.00168692940350917
73080840	0.00153782578813868
73094500	0.00262277911995682
73096641	0.00128935201688657
73096891	0.00216156317172123
73097591	0.00152653277120271
73097680	0.00482312504622656
73100351	0.00119011022288225
73172990	0.00132197119298883
73381151	0.00127614183292304
73509520	0.0421090331427347
73523901	0.00283482731689031
73529890	0.00215781278970061
73536441	0.00168131057178496
73540711	0.00351288032245328
73541271	0.00122842817926568
73544260	0.00199381239052946
73550730	0.0506690228672646
73551000	0.00114392347694924
73559280	0.00109596532301579
73560571	0.00116468880965572
73561080	0.00103777854490946
73567420	0.00155438757525741
73568270	0.10912201142129
73572670	0.00280771010600715
73573100	0.0159988323518775
73578300	0.00258289352564417
73579430	0.00228488615215435
73580100	0.00113996951207246
73585111	0.00151594504201814
73585620	0.00121872836386964
73589401	0.0156580093921674
73702730	0.00230041800390596
73704390	0.00175431800052143
73711031	0.0061027159171565
73712100	0.0213149048414544
73722030	0.0682714706876655
73722050	0.0024896198567312
73723010	0.00223055254232199
73724951	0.0166615590937053
73726351	0.00355670071014198
73728370	0.00635459756190194
73729470	0.00137841374658421
73731051	0.00112423879384782
73743181	0.0026664511071633
73752780	0.00254797733109823
73752900	0.0030572857855313
73755140	0.0421921349738548
73757910	0.00272447850057402
73763690	0.0651357008978132
73764411	0.0489726599907849
73765730	0.059389654553951
73766741	0.00123531109588647
73768100	0.0445899132689538
73773340	0.00163394516530156
73777101	0.00313263474889686
73779690	0.00140588345896257
73781651	0.00107369956615152
73792131	0.00145694683581762
73969450	0.00124158351048178
74110140	0.00409946655003965
74113761	0.00131143007780593
74116740	0.00219392353839916
74130670	0.044488718170101
74131531	0.0028504460154486
74135360	0.00185495062657474
74137471	0.00153718364053647
74140931	0.0323673092042352
74141300	0.00252075347669238
74149280	0.00221358834618506
74152070	0.0033920859578017
74161840	0.0064871097029473
74164890	0.00259297317078334
74165580	0.00145049009020227
74167630	0.00124800820533975
74169010	0.0232794517135883
74170861	0.00168440190543417
74173130	0.00282716312086241
74179271	0.0993390783909314
74338551	0.0044175765133455
74353981	0.00176897540265857
74360690	0.00111644851661547
74363320	0.00181867160829115
74364351	0.00281582486830326
74369670	0.0053664094698754
74374001	0.00400897404995955
74375450	0.110398998955009
74381451	0.00231802740798878
74382780	0.00163378891141045
74385970	0.00124702672870237
74389041	0.00374348794034609
74390391	0.135274126868387
74392550	0.00223012423237277
74395081	0.0684514631869524
74407911	0.0223355772662708
74408830	0.0016518629098219
74409550	0.00131669075132503
74410240	0.00218220807929645
74411180	0.00121904595876653
74413510	0.00177427322364738
74417451	0.0450302997824489
74429510	0.00392838799424098
74433721	0.00262799795227253
74434350	0.00730564559802452
74436170	0.0398394377603391
74441851	0.00294450077666604
74448690	0.00224330323011116
74453031	0.0019107158804976
74456970	0.00548731753388204
74459460	0.0152074824419319
74474531	0.00120726993873924
74491030	0.00121090852668227
74498111	0.00951539881065703
74505551	0.00157093152322407
74508260	0.00220319383209113
74509110	0.0103968222587215
74515170	0.00431718301314345
74519890	0.00296119233981047
74522470	0.00552996125285115
74523300	0.00131170078163568
74535231	0.00374760620687658
74536471	0.00386043516064262
74537011	0.00129619440693431
74545011	0.00211792780609486
74548041	0.00491017351303952
74549841	0.00118462695834557
74558391	0.00173530333622961
74559081	0.0190131821620063
74574620	0.00153103427705683
74576840	0.00175830556854668
74581370	0.0224563836282245
74590791	0.00133496094101151
74608660	0.00406122191965802
74610651	0.00523438381541701
74620530	0.00111977303201476
74621841	0.00307520473951006
74621961	0.0282551208166147
74625350	0.00137060193257285
74632820	0.00180767118415976
74632940	0.00454168675442698
74633920	0.00129795245709604
74635290	0.00600648566892089
74640680	0.00141175953272351
74652120	0.00783541922683934
74653831	0.0267957203419154
74655191	0.00333765597588819
74661360	0.00228088163913933
74663720	0.0196366340730584
74664711	0.118750309792143
74677910	0.00104302980957249
74688530	0.0136233313116971
74696161	0.00112209528691087
74698200	0.0026635426429403
74709090	0.00155143408461771
74711960	0.0328861825659594
74714091	0.0387361402178528
74734600	0.00165253438879351
74734651	0.00296179725399989
74738241	0.00252338306780361
74738501	0.00248629491769387
74740270	0.00671166984504174
74745210	0.00181235286837395
74746870	0.00187786158750155
74756120	0.0021520749401923
74757811	0.00390332136189955
74772530	0.00599987964103503
74785951	0.00465807793178478
74794481	0.0016292626479386
74815840	0.00156140022575348
74827670	0.00125429623334789
74830730	0.00166652138632192
74839181	0.00532334508543779
74850040	0.00143852864246558
74854740	0.0241789918844417
74859390	0.00147663527976261
74874320	0.00137443285152843
74884411	0.00778792675744056
74886071	0.00188054300753709
74904350	0.00249867492989881
74904981	0.00306481031221791
74907260	0.0250391565617637
74907970	0.031640788522101
74910761	0.00283353711799679
74915670	0.00167032482000139
74921620	0.0278482550420342
74930720	0.00287530609522252
74935660	0.00282290959394351
74937781	0.0741618063125169
74942830	0.00241926058579907
74948380	0.00510571779367985
74951400	0.0172710866191272
74952681	0.00311926599788137
74974850	0.00798716763586213
74975930	0.0312318915484978
74979820	0.0158678111557318
74994410	0.0025011146921975
74997511	0.00944400089515582
75016391	0.00179395953579025
75017050	0.00288766957315778
75018061	0.00298117471063574
75031120	0.00252776038244245
75043810	0.031980030252904
75059660	0.00524487911738189
75066290	0.00357298888875503
75070140	0.0073828422488233
75077030	0.00298117471063574
75082970	0.0120998852250466
75094171	0.00403631366074805
75095110	0.00207217442238005
75100541	0.0186633155301811
75109481	0.00272475764509497
75110970	0.0063525133731615
75112671	0.00235007604940467
75115711	0.00259306112364307
75118550	0.00354792815748355
75120401	0.0148794191879411
75131011	0.0224915795607123
75137870	0.00801277616645653
75147281	0.0349974443865169
75155981	0.00380657483144928
75187940	0.00765496579049009
75214571	0.00423231639145997
75225280	0.00579699688511783
75234270	0.00401774868871688
75236630	0.0100815688945022
75250451	0.0352743025771269
75254991	0.031980030252904
