numero_de_cliente	prob
11675570	0.00199758016920024
11675731	0.000933154377966743
11677630	0.00508994185892078
11678491	0.00110067176237534
11678621	0.00112502577161909
11679331	0.00406490516636197
11680281	0.00157783162488775
11682860	0.000495545015859215
11683331	0.0143717044467066
11685801	0.000676093391088009
11687440	0.000845391377150255
11687720	0.000638424577256484
11688421	0.00189440405167575
11689401	0.025422553440755
11690330	0.00141148485283029
11690740	0.00567357377197553
11691191	0.00307348366986428
11691850	0.00258569489361824
11695140	0.0443682015500657
11695321	0.00142687482624474
11697261	0.00185977095035846
11697490	0.0824916699585396
11698501	0.000657412537039219
11698641	0.00246217185664958
11700691	0.00048440656425627
11700790	0.00257508066516444
11701350	0.000743704542805818
11701770	0.00411723837636109
11702170	0.000535240633576078
11702430	0.000572332515645075
11702710	0.00259255525766582
11703280	0.000563886662911943
11704161	0.000720149846576634
11704260	0.00187965992799062
11704650	0.0019837137317596
11705610	0.145230437784391
11708130	0.00048804518847145
11709131	0.00160333352639003
11713251	0.0012292911559941
11716360	0.00191946375169968
11717880	0.000796973772181808
11720520	0.0084760339939452
11723611	0.000642286158128128
11724141	0.000691021789975876
11724520	0.00269614217740953
11725200	0.064098355417804
11725651	0.00198035504968116
11729620	0.00358749292341584
11731950	0.00108576867750955
11732421	0.00114180475087531
11734201	0.00154530743855747
11738921	0.000472034527129936
11739140	0.0006663501021515
11740680	0.000814538478325211
11742460	0.00233295976466804
11744100	0.000991485795533352
11745200	0.00140026158694309
11746710	0.000660948295994816
11746730	0.00605252986147912
11747710	0.000676570603519547
11748120	0.0188512539606947
11748810	0.00074402257140635
11749090	0.00224885273085965
11750710	0.00669367339121297
11753050	0.00288369714095112
11753261	0.00812327888683092
11753910	0.000580460462631158
11758720	0.00297693925249178
11759960	0.00277875314374259
11760001	0.000613178097931954
11760370	0.0358103480493519
11760780	0.00141460958023251
11763160	0.000548789721943373
11763191	0.000518276928150803
11763301	0.0034383536808477
11763540	0.00658224952148889
11764540	0.00647328414196322
11764971	0.00444683940266724
11765330	0.001185011240808
11765340	0.00106769576584308
11766751	0.00559945919705239
11770150	0.00164149478993752
11772500	0.000830789627919341
11774481	0.0054311539573104
11776961	0.000530036510416934
11777661	0.0010708835509897
11777951	0.000971293035135172
11778631	0.000593132415968081
11778761	0.00219936906735917
11779270	0.00153784767206821
11779810	0.000596866098268659
11779820	0.00366820774936973
11781360	0.00197064201199658
11783010	0.0028166303054409
11783150	0.00129608687508825
11783410	0.00115755701004138
11784561	0.000836349636978046
11786491	0.000794306334264998
11787140	0.00240741098429282
11791581	0.0204086724482399
11791601	0.000613019304630253
11792120	0.00385874992647634
11796240	0.00582049622405665
11796660	0.00413900448908609
11796800	0.00110095388164573
11797200	0.00150973651052085
11797600	0.000591968233545769
11798331	0.00224865521460451
11799690	0.0100101636578334
11799940	0.0146229157023884
11800250	0.0014799999696261
11803021	0.00418507325089082
11803461	0.0996283425535272
11804131	0.000491226974508924
11806990	0.00126953218277389
11807871	0.000756073125021227
11808110	0.0133602225938736
11808561	0.00598586045387581
11809921	0.0145946324268549
11810460	0.00104015002069747
11810471	0.000666805058759948
11812131	0.0662545695577373
11813501	0.00170812152153459
11813740	0.000556732971629391
11814221	0.00280094487682622
11814850	0.000616468084514754
11815150	0.00589089769391277
11817641	0.000598065899212507
11817661	0.00100198133007563
11818221	0.00462603465160167
11818280	0.047049061446853
11819171	0.032206998107174
11819851	0.000610477659842275
11823130	0.00179161936425603
11823820	0.020218721176229
11825210	0.000858993150278161
11825791	0.00049583182347929
11827140	0.0240393287198617
11829801	0.00138804327716004
11830211	0.000689712690736368
11831940	0.0016835435910651
11832070	0.000598096670273247
11836770	0.000534902163864936
11837590	0.00255718043469524
11839680	0.000475799859415086
11840920	0.0011961439999966
11840961	0.00608677478555943
11843021	0.000735036715812821
11843700	0.000532027871916223
11846280	0.00228582312913802
11847140	0.00475470395764503
11847950	0.00171393798247844
11847991	0.000545736107965133
11849630	0.00489743275350936
11849921	0.000573712231292311
11850850	0.0303601992065156
11851110	0.00239903753485252
11851550	0.00126435054340384
11854590	0.0020703685072987
11856821	0.017800869197951
11856971	0.00227247296445605
11858970	0.000653687316694772
11859000	0.00103736365345914
11859041	0.0168848747650512
11859380	0.00734866675603214
11860070	0.0111480759177126
11860421	0.000594517499091297
11862570	0.00225601920446478
11863861	0.00257665940990063
11865070	0.00129315509344878
11867800	0.00570087976859449
11867991	0.00755900686270295
11868131	0.000941887541502967
11868360	0.00155710604118564
11871930	0.00297367071042364
11872780	0.00260558910420392
11873330	0.00136134401315832
11875810	0.00243709775294234
11876421	0.0020396684968318
11876900	0.000550780750823148
11877221	0.00263604318167881
11879861	0.00100981914549027
11880961	0.0010735054086126
11881091	0.00224898632497014
11881200	0.00585270677034389
11881490	0.00731738669195033
11881590	0.00162325315306699
11881921	0.0059218252401624
11882290	0.00186112131653187
11882310	0.00204759297317374
11882430	0.00486678078717236
11882751	0.00255624138598178
11883520	0.00184592505074954
11884770	0.000520232792838126
11884780	0.00244398567640606
11884920	0.000571730430163495
11886341	0.0220087107595905
11886430	0.0125794153684467
11887940	0.00104613690595872
11888510	0.000495202512451524
11888941	0.000561286927891308
11890270	0.00371204151297079
11891800	0.00170639351276064
11893180	0.00194557733665375
11893521	0.000617070042698223
11893651	0.806504527318
11897180	0.00362097997869384
11897730	0.00238955121754349
11900121	0.00201307083719004
11903100	0.000600858793167642
11905890	0.00231023284076695
11905921	0.000963247124690732
11906300	0.00125991498272658
11906310	0.0107010696934821
11907110	0.00165638310298715
11907291	0.0149738360257332
11908240	0.00238507874306161
11908401	0.00290084782777798
11908500	0.00104027797259872
11908650	0.00422002445385818
11909491	0.00340842922594241
11911100	0.003183264362764
11911970	0.00086000623392323
11914290	0.00137023224667782
11914590	0.00178892891909934
11915981	0.00564302844128136
11917470	0.00195415990606426
11918461	0.000639153436689817
11920080	0.00243502268381713
11921880	0.00103732398889189
11922840	0.0167849183695286
11924200	0.000618404197512064
11926181	0.000489037621966366
11926280	0.000473371770963687
11926440	0.00108638539547335
11926891	0.000636623493613863
11928920	0.000908043098227261
11929620	0.00191903402466363
11930420	0.00052096556049393
11930860	0.000572924979931905
11932821	0.00134923125801616
11933620	0.00251355504196518
11934840	0.000612140037947065
11935561	0.000921778952087114
11935650	0.001151100592673
11935711	0.000514263094872121
11935960	0.00107582496988254
11936500	0.00615339059017163
11937070	0.0043102894994065
11939011	0.0209075382282904
11939390	0.000526437325249367
11941720	0.00754910792431416
11942471	0.000514163401680724
11944760	0.000524660821270429
11947581	0.00403104493657356
11948401	0.00311888418595423
11949310	0.0188680575930001
11952350	0.000697862308228512
11954191	0.00697818279483447
11956080	0.00515755010117398
11957081	0.000547484734146302
11957091	0.00943109809832226
11957221	0.00379479557605001
11957491	0.00116242874748009
11958310	0.000497719642547707
11960360	0.000936345854585731
11961791	0.000545488529891904
11963581	0.00543500028791032
11963660	0.00487687663882394
11964790	0.000710821873483587
11965870	0.00231196654667422
11966820	0.0123187904456992
11968500	0.000777246547108081
11969501	0.000863082336056905
11970311	0.00251021120599355
11971390	0.00382812206121046
11971561	0.0128303736583683
11973890	0.00148056836477877
11975691	0.0312188898430944
11975711	0.000724460662137824
11976350	0.00910820576385687
11976920	0.000516188801841544
11977781	0.000527647413743863
11978970	0.00124471988798948
11979151	0.00333845863580862
11979421	0.000607979319806229
11979851	0.00123880754322894
11980100	0.000861018672592709
11981740	0.00105217324515181
11981850	0.000521980442339055
11984220	0.00333971124150653
11984490	0.00480352118825835
11985231	0.00481923780253227
11986891	0.00103107536083752
11987530	0.0203643154316616
11988890	0.000612464653093096
11990000	0.00297649569927379
11991520	0.0025988084989854
11993450	0.00174083009152549
11995831	0.000605321530645659
11995960	0.000624984657789354
11997300	0.00636858670025563
11998700	0.000940932607309696
11999161	0.00111747517103849
12001590	0.00200149412482527
12002950	0.00198376663630065
12003650	0.172401037895295
12004230	0.00222539541546618
12004381	0.0192216908520996
12004480	0.00263160538288831
12004900	0.00250546822767513
12007561	0.00106130943186406
12008060	0.00108681852668293
12009740	0.000804932294368657
12011230	0.00126484467440387
12011291	0.00202893375727613
12011431	0.00509148465779829
12016760	0.00111026418771381
12017221	0.000906160585180949
12017290	0.00287499243868651
12018260	0.000606528628709391
12020060	0.00534204070442528
12020620	0.00310681086561946
12021081	0.000883995407138748
12022191	0.014346726752907
12022280	0.00492895027407507
12022840	0.001063867499865
12024511	0.00709677162984919
12025060	0.000564730783788944
12030000	0.00240810498901041
12030171	0.000840680017684648
12030820	0.00164178532213508
12034260	0.000520778417766318
12034850	0.0267662006698157
12036350	0.199597898072453
12036490	0.00129677629398075
12036951	0.00462172224636509
12038010	0.00175625934432029
12038700	0.000484689144577666
12040251	0.00123338248598652
12041600	0.000560370381500187
12041610	0.000591212491096299
12045481	0.000845051097255641
12045730	0.000741962618224068
12046710	0.000552615738686382
12049081	0.00505621633991544
12050540	0.0399559048611257
12051691	0.00233799903836885
12051981	0.000645902988921856
12055431	0.00218745711181223
12055650	0.00213077285980624
12055831	0.000576469802328462
12056050	0.0216254406484707
12056121	0.00310373487334441
12056460	0.0034087642690663
12056511	0.0119444559192655
12056521	0.0037230091985918
12056951	0.00140007611560355
12058000	0.00177558867331539
12059120	0.00314897189862417
12063930	0.00348109088828844
12064261	0.00632879790987238
12064780	0.0370582917535804
12064890	0.0021369407923791
12065880	0.00105529373950889
12066851	0.00415262055656196
12067151	0.00207647608079864
12067370	0.00596309077742374
12069481	0.00522921001677394
12070670	0.000870320521572416
12073330	0.00133548497800247
12076320	0.00239377915124266
12078830	0.000524402559966898
12078871	0.0442507343396057
12083541	0.000523235342670047
12084900	0.00169499243833142
12086800	0.00089285801998699
12089300	0.00109075620192752
12092200	0.00160688074951954
12094991	0.00325607283145293
12096210	0.00153921006588089
12097700	0.0109560456173806
12097891	0.000796707763650189
12101471	0.0091434336820146
12101870	0.000490395399939086
12104091	0.00112602123385067
12106171	0.000658056540570987
12106810	0.00830766066977597
12107530	0.00240750843224682
12108781	0.00113685209611638
12110290	0.328116060444852
12111080	0.00065370349848635
12111230	0.00289773966210772
12113331	0.00116156169121961
12115271	0.000581370978077892
12115971	0.000487334742493417
12117160	0.00210821501182926
12117201	0.00277641569033846
12117560	0.0013719269404591
12117860	0.00221386110241951
12118021	0.000597535801747292
12118800	0.000726084727052287
12119660	0.00109803099716067
12119790	0.00316451358887116
12120251	0.00256807516380642
12120590	0.00949858544514357
12120730	0.00162387857765465
12121460	0.00206047469477678
12123110	0.000600696081065397
12127151	0.0012930021096719
12127640	0.000735343876975807
12127920	0.00147205227136506
12128050	0.00203846953140968
12128760	0.0140757097834781
12129040	0.0193137794586296
12130721	0.000636167916376857
12130991	0.00402369302440329
12132340	0.00289525241105653
12134530	0.00158129810854016
12134670	0.000704994143850743
12134840	0.000489523428817803
12136450	0.00087758847027717
12137300	0.00406945271711334
12137690	0.000535473669865003
12140941	0.00114445475782848
12142031	0.0025078764015089
12143121	0.000564250103519056
12143360	0.000609126606942157
12143900	0.00545945519782484
12144921	0.00131676831236202
12145150	0.00116520281364333
12145160	0.0144635469730102
12148200	0.0127569029307763
12149020	0.000559340970995726
12150591	0.000828057216711705
12151620	0.00173130220574101
12152050	0.000635744919754615
12154260	0.000498748962424831
12154270	0.00657277045925805
12155940	0.00111917643316931
12156361	0.0579444563294798
12157351	0.0115188369152353
12157690	0.00229657486191017
12157990	0.00154271131749084
12159681	0.000544815939898536
12163920	0.00048289095053235
12164050	0.00149463974844199
12166380	0.00056874384111118
12166660	0.000506926491821404
12167250	0.00558752155104725
12169321	0.0939004164593218
12169870	0.00257677869034018
12175240	0.00206832619086915
12175551	0.00582278859840643
12175971	0.0242431320898298
12176231	0.000768760241941188
12176730	0.0114051516814639
12177040	0.00052188622423985
12178250	0.00308221602983239
12178581	0.0170332882887422
12179281	0.000526129302595308
12179541	0.00321580898674841
12180030	0.000687198794831734
12180340	0.00227195076365594
12180620	0.00567346753490285
12180921	0.00173130702971132
12181550	0.000551592810471907
12182410	0.00196847408277808
12182680	0.00158357299753243
12183551	0.0160098593576743
12184050	0.0123758073588325
12184661	0.00325233167269023
12185010	0.00194547044949463
12185840	0.00204838243914872
12188371	0.00115700444313667
12189410	0.00456569843618842
12190721	0.00142148893634146
12193830	0.00697211490526743
12194000	0.000743125782654128
12194130	0.00432823372281832
12195640	0.00461635102955463
12195760	0.00157517551801742
12198690	0.000702971369442655
12200361	0.00438905163301497
12201321	0.000536112385906698
12201590	0.00228064625567175
12202650	0.0062473752810127
12202800	0.000945260422908319
12202810	0.0086719315466568
12202950	0.00138720120902455
12206260	0.00192293666647398
12206431	0.00106621431440686
12207141	0.00180725307706149
12209751	0.00127078065977016
12210820	0.000549537946231579
12211070	0.000475156942915648
12211100	0.000982416033472056
12211220	0.000583035276439204
12211681	0.00210052909586084
12211811	0.00192954929151871
12213061	0.00246487679257137
12213130	0.000580878695255766
12213160	0.00172575780372119
12216580	0.0103213306300116
12218940	0.00163355392927751
12219541	0.00128621474307465
12219770	0.00471055596162773
12219920	0.000527439883933621
12220590	0.0112633097544581
12220600	0.00560751391567188
12221570	0.00114254089194756
12224760	0.00518819455418773
12225201	0.00398318028438055
12226680	0.00273483610552601
12226950	0.00536247826689714
12227510	0.000856411586786039
12228440	0.00903101599015366
12229191	0.000520140037021391
12229990	0.000586023203817603
12230250	0.000482876865873135
12231480	0.00144544860242487
12233980	0.00557569904263525
12234230	0.00114979246673502
12234680	0.00312955787533043
12235541	0.00551019856088518
12238530	0.00893986434996121
12239620	0.00113251591035685
12239930	0.00147199506932122
12240921	0.0050247107421951
12243780	0.0276845644881853
12245051	0.0102478107865141
12245860	0.00316828477354022
12245960	0.00080186964326654
12247080	0.00218616845425688
12248491	0.0309755874189535
12249830	0.00228869217704337
12250250	0.000993052021658948
12251060	0.00151026850090005
12251630	0.0121457866423555
12252850	0.0288847066434233
12253980	0.000485920868205598
12255900	0.00424954392534238
12257871	0.00247195593038609
12258721	0.000506565353577603
12259251	0.00315114880148797
12259360	0.0084378577771208
12259510	0.00107765047443518
12259941	0.000827569760633433
12260101	0.00166105663307697
12260740	0.00914455226780637
12261400	0.000569944284884822
12262991	0.00142611396162168
12263271	0.000741152258607952
12263381	0.00837724428397159
12263941	0.000580789853295918
12264491	0.0113109919876691
12267330	0.00128879387706317
12276020	0.00500459951949294
12279111	0.0012519874861379
12279131	0.00152659087445721
12279241	0.00159864019742709
12280030	0.00176219956165533
12280641	0.000477826061577886
12281420	0.00446981146971645
12281861	0.000843065086191586
12282421	0.00132069262525606
12282810	0.00316152130179269
12282831	0.00330111539370765
12282841	0.000713792515013447
12283470	0.00135211893742996
12284511	0.000579454894144755
12288020	0.00167243923436779
12288621	0.000606363111146501
12289591	0.000487375352471776
12290540	0.0154615062414786
12291070	0.00278588276357818
12291620	0.00338345316294634
12292501	0.000518017872608903
12293540	0.0037986975067723
12295791	0.00398369537468182
12296341	0.000734399825518139
12297400	0.00121935044412575
12298380	0.00107078277662775
12299931	0.00511315280874117
12301410	0.00069122014830062
12302090	0.00125240117202812
12302141	0.000528207505927221
12302230	0.00248161186604387
12305581	0.00183819768475842
12305850	0.00327422207012715
12306500	0.000552774320834128
12306841	0.21741463829539
12307241	0.0533177272869379
12307401	0.000485439794881568
12314670	0.00122070541024775
12318431	0.147774212799851
12320020	0.0362687145203008
12320231	0.000528644230027897
12321530	0.00111513174428834
12322110	0.00248723758600285
12323521	0.000531705757691823
12323620	0.00169701910285899
12324901	0.000537727340796623
12325130	0.000602212906715672
12325321	0.000675187484123492
12325810	0.00120853988917369
12326011	0.00236013530111245
12326390	0.0158207804311325
12327251	0.0100075255415634
12327920	0.000658946650766518
12330021	0.000859860303142181
12331500	0.0438612051455998
12332491	0.00108732480418726
12332580	0.0014984236988938
12332980	0.00103256143824547
12333031	0.0120799387498725
12333130	0.000539003635631382
12333461	0.000472244303531667
12335230	0.00101092404220862
12335521	0.00568427585865367
12337530	0.00247763439204955
12338660	0.00137874288332803
12339090	0.00063184545874885
12340010	0.000469033762137771
12341130	0.0264534094410738
12341830	0.000544604553586648
12343371	0.00386742817881258
12344730	0.00108831839557275
12350001	0.00351336571615178
12350541	0.000886995347012937
12351900	0.00141229707793815
12352300	0.0114928978975837
12355360	0.0109279562704596
12356980	0.0270121277895108
12357000	0.00108451101380717
12361181	0.00106714605516849
12362380	0.00105286366754843
12364860	0.00056959234444518
12365301	0.00194231555972906
12366411	0.00157043292795452
12367360	0.00144193253438209
12368160	0.00401986496559008
12368850	0.000565662455492588
12372850	0.000645700869544114
12373260	0.00191920510774236
12373980	0.00244351269737048
12378250	0.000605828396085085
12379360	0.000548781190697149
12379890	0.00109229538419573
12380320	0.00279096027650795
12381861	0.00181072397003725
12383060	0.00107605897388671
12384611	0.00135949208493755
12385970	0.00270300339714182
12386831	0.00507036312925393
12387880	0.00241163605923718
12389150	0.000870206844170759
12390421	0.0118608248817435
12390500	0.00271950217364096
12391801	0.000560900368415895
12392611	0.000786206582224585
12392700	0.00107052100765559
12393861	0.00672709038540839
12394810	0.00276290262652405
12395050	0.00112094916675288
12395630	0.000543649026393343
12397940	0.00159806495882813
12400050	0.000573901056993934
12403651	0.00743746966151565
12404331	0.000530002253511438
12404611	0.00302319664396083
12405130	0.0784413165423984
12406541	0.000629775384233526
12408300	0.00147024068502948
12408560	0.00733944336206474
12408730	0.00665599499763057
12409290	0.00244561475836979
12410281	0.0025396735053324
12411781	0.00837895552427133
12415070	0.000925550161298333
12416300	0.00245649958236102
12419330	0.00779588401138251
12421940	0.00897204380504646
12424160	0.00164922778564781
12427641	0.00201740464454454
12431190	0.00135529967756154
12435040	0.00311221499168461
12436481	0.000717410108463554
12439730	0.00239104998402995
12441161	0.00326276160587657
12442800	0.000488967021163374
12443600	0.00105198908198242
12444720	0.000584149679828201
12444990	0.00689310542827283
12446660	0.0119550452236184
12447221	0.0123776936209582
12448170	0.0022759521269343
12448191	0.00173682950034126
12448341	0.00450036724983073
12448461	0.000743930832940754
12448830	0.000684978154025646
12448881	0.00293769085948972
12449151	0.000501971668261248
12452570	0.0013912697256145
12452700	0.00452883777344432
12453021	0.169625500837605
12453100	0.00190598901373653
12455880	0.000497358902996646
12458391	0.00125610042456794
12459760	0.000633512688114972
12460051	0.00292688766215233
12460321	0.000805918215107113
12462411	0.00169047781934106
12466520	0.0096341785317175
12468850	0.00318138543096753
12469110	0.00917796119751745
12471771	0.00131538467699608
12472741	0.000549873967310489
12472830	0.00681432410383686
12473311	0.00655452253795154
12473670	0.00166494958204641
12473940	0.010048667657125
12474370	0.00136813741079002
12474380	0.0134183822681152
12477031	0.000730113900981985
12478760	0.0051645688572113
12479210	0.0043187702464592
12480590	0.000808790747303395
12480751	0.000787346086634675
12481240	0.00143898115749229
12481680	0.000996023301395609
12482200	0.000818958239053764
12483170	0.000930982045350678
12483921	0.00139465141811346
12486110	0.00103891160739173
12490380	0.000544879812310814
12490900	0.00115067864269216
12491091	0.000571425757697257
12491361	0.000513943642272912
12493660	0.0617718831405534
12494681	0.000654433656411037
12496560	0.000662052779094238
12497410	0.000555016617021357
12497940	0.000549425698535947
12500560	0.000561354631948437
12502520	0.00252903124580655
12504570	0.0501494188242006
12505390	0.0115919594898814
12508020	0.00345099317935025
12508170	0.00124638421933174
12508270	0.0032139698017185
12509100	0.00186079398367774
12509981	0.000526496806618029
12510681	0.00291184833454133
12511511	0.000522390864063051
12511580	0.00206092811427946
12513441	0.00191182012088175
12513721	0.00175140285452967
12515610	0.00224754789707295
12516881	0.00283245913367336
12518100	0.0148294341610198
12521120	0.00113949474041092
12522661	0.00372949363657108
12524170	0.0017406715459513
12524300	0.00408688472866483
12524570	0.112098356978733
12524720	0.00182262483421344
12525800	0.000736959317224019
12526630	0.00366664070039141
12529270	0.0264010343972988
12530220	0.00136287436499054
12531320	0.000586788272568875
12531890	0.00422569278576843
12532020	0.00813507876056623
12532840	0.0038809106220148
12536830	0.00121434631107156
12537250	0.000587441588297825
12538490	0.00169401070779094
12540041	0.00297464825050861
12540290	0.00142400178101524
12541810	0.00868179908735525
12542381	0.000591207921787629
12542811	0.00130232095174302
12543160	0.00100896845544766
12544170	0.0406129517036806
12545011	0.011461087010815
12547620	0.000569286261528244
12548140	0.00527078165357209
12551211	0.0019753728561613
12553421	0.00288617626710335
12553550	0.00106455523710326
12557230	0.00299913319234806
12557680	0.00293050695798258
12558090	0.00193534956785251
12559060	0.0016879155252628
12561841	0.0159387015583833
12562941	0.0850592835121676
12563771	0.00561244948532742
12564041	0.001894089339152
12564871	0.00080869822489572
12565680	0.00423514856442755
12567340	0.00144421318004306
12568191	0.000900523504581804
12568611	0.0025712463696284
12569100	0.00388229139328498
12570541	0.00134733657193755
12571481	0.00112785700206134
12571501	0.00070327596615768
12572580	0.00207182408970299
12573660	0.00482420486162138
12575761	0.000591260261941316
12576260	0.000603099639492133
12576400	0.00915276895020719
12576591	0.00703424025567458
12577250	0.00539383253040892
12577831	0.000590851432221263
12578070	0.000519109723912999
12578640	0.000536298788242681
12579310	0.000816581978187236
12579730	0.00450730003922391
12581011	0.00101160225941504
12582220	0.00212633463113273
12582671	0.000524748342764075
12583621	0.00185571602011513
12584451	0.000812205284451504
12585431	0.00240585830292442
12586251	0.00148274522532318
12586370	0.000611765797605106
12586801	0.000793839961507932
12589380	0.000789687569406788
12591040	0.0011560019346086
12591071	0.00366934054423997
12591870	0.00117042673788216
12593271	0.00340143351062423
12594220	0.00986232889600275
12597520	0.00398189950455592
12597670	0.000851168519330905
12600171	0.000686602481015356
12602370	0.00245658232683991
12602791	0.00121881467989835
12602801	0.000682909881982866
12603610	0.00408614924431284
12604120	0.00145575318200525
12604400	0.000879800927477266
12606200	0.00108698031242389
12606480	0.000508725281344542
12607160	0.000576409711322423
12607901	0.0290944424464682
12608280	0.000570131668331537
12608840	0.000508325317246052
12612451	0.00747908767316972
12612601	0.00320669123665052
12612871	0.00250413863101824
12613800	0.00188161649865933
12614050	0.0126108517824827
12614121	0.000735329540627079
12616591	0.00216399869296921
12618920	0.0013330928932061
12619081	0.00351989580946876
12619880	0.00128256471902104
12621161	0.00167818650840454
12621640	0.00207910732191347
12621800	0.00108806717612854
12622401	0.00564491125640265
12624051	0.379630352153407
12625161	0.00330040640656427
12627050	0.0157614662852435
12628311	0.000509839034278943
12633400	0.00122557452094223
12633950	0.000575518659296011
12636591	0.0201149070648933
12637930	0.00112939761846072
12639020	0.00508587070839982
12640140	0.000604643066718583
12640850	0.00280333209023871
12641230	0.0041602392900533
12641650	0.000619658137599876
12643580	0.00149086821901788
12644150	0.024915847943836
12645510	0.000667085768860031
12647300	0.014554363319936
12650261	0.000678761648868009
12651560	0.0240191444267721
12654480	0.00132546968128483
12655330	0.000674186847016149
12657841	0.00402731608440026
12659771	0.000515525133805684
12662460	0.000541995301052778
12662671	0.0165530477991146
12663170	0.00108207621773857
12664390	0.000898258246880045
12666060	0.0010738903415207
12666220	0.00406523059380419
12666320	0.000521535668108677
12666500	0.00245767003948424
12668120	0.00157128789975519
12670350	0.000611752369685801
12673230	0.000577470574308385
12674661	0.000515739081320145
12675621	0.0818137422995497
12675710	0.000712561850923521
12676570	0.00154382775059926
12678330	0.00619503559290149
12679840	0.0127655179131396
12680441	0.00534403368315162
12682111	0.0026611530123618
12682880	0.000564205876232682
12684451	0.00166318167091689
12684581	0.0028298883299606
12685930	0.0219534330097576
12685981	0.106074171358819
12686360	0.00106595009367883
12686500	0.000602630825427157
12688010	0.0024454634594943
12689681	0.00250858770105108
12689971	0.00223431008417481
12691290	0.000798435660566065
12694501	0.00147998171187251
12694521	0.00119767715820518
12694740	0.00211230846092431
12697271	0.000494342816247416
12699160	0.00091735073750597
12700390	0.000569859170332083
12702340	0.00511375496364069
12703980	0.000995181323656024
12704140	0.00381177834131072
12704851	0.00111720667246267
12705971	0.0014322761902373
12706450	0.000704280028686561
12706501	0.000962707961248493
12706610	0.00126625595333301
12707970	0.000512742155049265
12709350	0.00124619156083285
12709930	0.00125198243288497
12712540	0.0576643060804836
12712581	0.00520061605539427
12712670	0.000550191161434978
12715051	0.00115312293507938
12716311	0.0104750174182111
12716431	0.000562470838255297
12717760	0.000548368018286061
12718381	0.00141516724020757
12723440	0.00315728330315753
12723970	0.00208362031449687
12725920	0.00227322823708143
12727730	0.0356856721857713
12728250	0.00480111881273855
12728680	0.00200013772373092
12729090	0.00404088561019574
12731211	0.00052624307300833
12732240	0.00109658103367326
12733811	0.000522436835930964
12734241	0.0030225543978007
12735481	0.00333555947276087
12736041	0.0011464714114075
12736940	0.00142774042091268
12738651	0.00139676171407858
12741090	0.00122400310514843
12742330	0.00479008273185247
12742781	0.00322884865436085
12744930	0.03860815797159
12745821	0.0447194951517582
12746470	0.000609251454111416
12746501	0.006321927290433
12747071	0.0267985690483608
12748250	0.00394266111024336
12748940	0.000576652739274333
12749070	0.00237456735384117
12749620	0.00140494443607214
12751491	0.00222284070825513
12752810	0.00190012067473471
12753640	0.0046514407264223
12753691	0.00332783312868304
12754231	0.00135881106206825
12755430	0.00124997698208602
12756380	0.00162580207839157
12758791	0.000799304778857712
12758890	0.0208036304525385
12759290	0.000501844299023817
12759870	0.00190380390649763
12760991	0.00659378296523244
12762371	0.00176594537934493
12762460	0.00123478618554028
12763860	0.0079003166746047
12766791	0.00292125671149105
12768400	0.00559571543981788
12769800	0.000740673217900408
12770521	0.00104569645585448
12771331	0.000965479030224741
12772110	0.00693030976837087
12776161	0.00194863863487873
12776571	0.00157408264663945
12779341	0.00098235178504606
12780120	0.00170767767447845
12780571	0.00176469071641376
12780810	0.00130210047985731
12781210	0.000712816350718325
12784021	0.000663941405673409
12784110	0.00582339228205092
12785100	0.00203394070663218
12786241	0.00124263002495102
12786880	0.0540267411107601
12786931	0.000863049137311341
12788031	0.00913608210828636
12789671	0.00151039851608581
12789831	0.000537871310877922
12790610	0.0846075024804699
12790740	0.000535295133117719
12791030	0.00457497254847389
12792970	0.00151316998203508
12793060	0.000592068550455437
12793141	0.000532661876862527
12796550	0.00110062268282959
12796711	0.107582161217825
12800981	0.00102596931369435
12801890	0.00342155429802845
12802590	0.000689884548815347
12804021	0.316864155490377
12805230	0.00402792965773318
12807850	0.00423964165996601
12809350	0.0032805435054437
12809640	0.00165382094577087
12810511	0.00102164387477056
12811061	0.000752559847792671
12811410	0.00344660669222515
12813220	0.00100001112047853
12813360	0.00145270651801856
12814620	0.00134103722588464
12815280	0.000961839597162576
12817220	0.014527476954768
12817890	0.000548707066022638
12820561	0.000545449265171069
12820581	0.00234660430750976
12821640	0.0020104281764455
12823471	0.000636800154090983
12823820	0.000529668738614318
12824390	0.00116336733069321
12826200	0.00136977605984289
12826211	0.00241571583205845
12826320	0.00284227058055815
12826921	0.000520490359733225
12828861	0.000513416126029365
12829370	0.000486949262613365
12831830	0.00176686534637019
12833541	0.0029031004081348
12833610	0.00173556706673527
12834750	0.00244859172353052
12835481	0.00244238512264858
12836810	0.00562225357437543
12838781	0.0216191416687576
12839341	0.0893703534686635
12840831	0.000547029964805024
12840960	0.00501527595784071
12844151	0.00206785382617643
12844410	0.00282202020475458
12845770	0.00329076350144381
12846231	0.000540186481950995
12848561	0.0059507951796181
12848841	0.0028371123795703
12849330	0.000541630183719961
12849510	0.00064049950603024
12850170	0.00243256596477467
12851020	0.0028541260918374
12854020	0.0020370100791346
12854170	0.000571002619208809
12855051	0.00163314843485425
12858730	0.00310814785157576
12859461	0.000499510498361768
12859550	0.00892975950165095
12862200	0.419249844775784
12862440	0.000560622976644423
12862481	0.000602838849700674
12863970	0.00183414415680709
12864920	0.000661508206879041
12864991	0.00132366817344619
12865941	0.000485651168694254
12867020	0.00334531490030223
12868520	0.00141804767813913
12869220	0.0220422792549988
12871410	0.0793242821730201
12873880	0.00210203792931296
12874491	0.00256686750963838
12874860	0.00175453897617141
12876520	0.000503750631811621
12878570	0.000558143149396837
12880411	0.00318905074067795
12881111	0.000567781423688316
12882730	0.000909546516342123
12882761	0.0243438777603594
12882921	0.000878526366215764
12885241	0.00285308875332483
12885480	0.00308302945370357
12885500	0.00241436237949287
12886300	0.00273388553639033
12886771	0.00659046441384023
12889801	0.0271828317675019
12891000	0.00143104641435316
12891550	0.0011970335867305
12892390	0.000889525304657524
12900021	0.000982476637707958
12901920	0.00734788925595956
12905070	0.00130591729825261
12906730	0.00228090553538554
12909251	0.000613167301956171
12910590	0.000559488762579201
12912001	0.000683089227178129
12915881	0.00217753816472869
12915990	0.00126720690242076
12916851	0.0045867902238346
12918201	0.001994790889718
12920691	0.00048673855809373
12921371	0.0341012698150511
12921640	0.00166958305630635
12923430	0.000909861090361588
12924271	0.000670377986971907
12924421	0.00310612734096528
12924530	0.00168735776251203
12924961	0.00570513693505715
12926020	0.000601105377214776
12927120	0.00223546046651562
12927741	0.000471985612494843
12927820	0.0035461434043224
12929350	0.00048566181001401
12929671	0.002187829343719
12929750	0.00182130563231329
12930050	0.00127789530258091
12930460	0.00103146484150212
12931741	0.112131550379
12932551	0.000497216620856442
12932961	0.00337674334158556
12933511	0.00455999669598862
12934050	0.00646706287001018
12934631	0.00167397812591265
12935031	0.0038503836605392
12937200	0.0305748912324727
12937811	0.0313330556997136
12938771	0.00110019165300766
12939820	0.000672074140116493
12942481	0.000559153594232659
12942710	0.00127714771672279
12942730	0.0336731305460254
12943321	0.0110419838861677
12947591	0.00114611342677006
12948370	0.000481708542557339
12948810	0.00673185447865449
12952950	0.00273111366549308
12954751	0.000714333079569346
12956110	0.000522903429743061
12956541	0.0133749773409815
12957811	0.00100532058815349
12958611	0.00253077778386392
12960790	0.00103387737641506
12961330	0.00057637710513501
12964630	0.000590253241037028
12966450	0.00948844017569826
12967540	0.00070750640364968
12968510	0.000671608795007809
12968691	0.00106942727490469
12968831	0.000690034709913982
12970081	0.00134068987086389
12970160	0.00678261394994966
12971731	0.00111647798566753
12972151	0.000696675126277269
12977210	0.00295653344197294
12979270	0.00050354140162933
12980281	0.00240605220092465
12980810	0.000511014150008868
12981080	0.00170425739173435
12981490	0.002065412618804
12981531	0.016903437297268
12982180	0.000610327876077869
12983110	0.00308582521620897
12983161	0.0104940784864419
12983461	0.0328261814204286
12984951	0.000771097572606888
12985231	0.000525955813942433
12987110	0.000832496921489906
12987301	0.000581400196873663
12987321	0.0104396772128722
12987550	0.00137556154929008
12992080	0.000535255484275045
12994310	0.000618743813801043
12994580	0.00142182546923066
12997801	0.000809926868359523
12998310	0.000705337951696336
12998450	0.010909369077401
12999181	0.000614364505563417
12999581	0.00159317684494095
12999660	0.000582156001275635
13000900	0.000702596032078453
13001661	0.00232847389245477
13001770	0.00296034171319241
13002590	0.00553850796670696
13002611	0.0018887118359332
13003520	0.00102152478048667
13004421	0.000664155420969
13004971	0.00275454471431225
13005450	0.0506084439427466
13007530	0.00209085361043015
13008350	0.00157973917920448
13008500	0.0063759002027158
13010881	0.00117110799770322
13011400	0.258197415055874
13014331	0.00135474046759692
13014560	0.00215440752936998
13015520	0.00405723566008747
13015670	0.145795736767549
13015991	0.00198782509040925
13019991	0.00736062900322904
13020421	0.0118978650630416
13021600	0.00162704198320127
13022020	0.00055603144474559
13022170	0.00218743937370552
13023031	0.00113231932181526
13024510	0.00145767984490723
13026331	0.000560948475833614
13026860	0.00100138498170731
13027120	0.000528081007028356
13027420	0.000570247857193899
13029661	0.00505601396613452
13031260	0.000476668152588225
13031930	0.00064442870041356
13033200	0.00123252468251028
13035700	0.00120150732889653
13036561	0.0091394142835271
13036800	0.000495134240135622
13039530	0.00317922349612015
13039731	0.000861394019034845
13041210	0.0010484620487349
13042491	0.00100850177117183
13042980	0.000957971534575079
13043690	0.00666848790696333
13045231	0.00348353831733604
13046980	0.000641704117781274
13047810	0.0190760169747252
13053610	0.000779808030242729
13053750	0.00169558499780332
13054061	0.000888490202910217
13054321	0.0896650195244722
13054761	0.059678193052897
13055270	0.021913563159619
13056070	0.0238787222438144
13056220	0.000550361141878665
13056230	0.0011680606428945
13056281	0.00191329071882868
13056900	0.000809551102923099
13056961	0.000486240735669006
13058010	0.000708493385693102
13058040	0.0024344554709253
13058140	0.00231744399717059
13058191	0.00954541854333558
13059680	0.000475135206160612
13060281	0.0227916599392434
13061340	0.000637957767475841
13062310	0.000720294338066005
13063800	0.00047610752917689
13064230	0.0689675661209829
13064920	0.00289776641825613
13064930	0.000501355939152405
13065641	0.035562683681376
13068541	0.000542022410809654
13069101	0.000549942717275726
13069190	0.000647070125074921
13069511	0.0349172130871616
13072070	0.00979920083227066
13072490	0.00892498394359075
13072941	0.00297598596400379
13075561	0.000750473235254872
13075830	0.00106626756445829
13075930	0.00055473987231875
13075950	0.0099927421911498
13077091	0.00279210689399297
13077860	0.00647062899699925
13078191	0.00170400216013187
13079930	0.00290294386814183
13080111	0.0306859645698185
13081450	0.00142977097386225
13082560	0.000976801743488053
13082731	0.000588762686851797
13082881	0.00244586356259477
13083280	0.00289462310736663
13084131	0.0177336679920034
13085590	0.000945434701087204
13086321	0.000616003911071468
13087140	0.10015524837378
13087650	0.00106377588280255
13088801	0.00803986967724002
13088951	0.00163454901804092
13090321	0.0386101893297222
13090680	0.000534363136233365
13091000	0.00722927506052412
13091510	0.00129205722310035
13092121	0.0139989010303847
13092240	0.000763727968298581
13092821	0.00256212935847474
13094430	0.00141162096246959
13094471	0.00123833043447168
13095721	0.00512842190606379
13095841	0.000562100732861103
13097590	0.00158618685157947
13099021	0.00366414558246472
13100360	0.000527884579620871
13100661	0.00198456672525805
13101040	0.00104891957762529
13101351	0.000640007684311193
13101781	0.00362839550735181
13102000	0.000495502738468356
13102560	0.00238858770359632
13102741	0.00246213957387284
13107110	0.00202139307152517
13109221	0.00191832703367259
13109911	0.000833474986969254
13110280	0.00402059537627312
13110960	0.00057224692643537
13112380	0.000515229465858287
13112650	0.00188892342967355
13113060	0.0131105951157546
13115680	0.00239332650573735
13115690	0.0156973953840625
13116210	0.0222359841149739
13116681	0.0276611816935252
13118440	0.00114245629495293
13119110	0.00424891221254568
13119130	0.00131954302545553
13119370	0.000563942000242498
13119981	0.00569063946917197
13120500	0.00214431918871004
13122030	0.00220860346593099
13125440	0.00142043266997099
13126481	0.000518635043774148
13131380	0.00140082355069267
13131680	0.000535884852314677
13132681	0.0167599498444673
13133621	0.000497969548986205
13133720	0.00434224778678973
13133850	0.00353277454739845
13138191	0.00119581133984855
13138270	0.000758808855692542
13138871	0.000800401184353038
13139250	0.00210820488362186
13143431	0.00102100321395494
13143930	0.0735781444624235
13145170	0.00115182273386728
13147571	0.000733395528060216
13148261	0.000567426440274255
13148620	0.00775980266897996
13149730	0.0216738014991049
13150000	0.00823862266153762
13150300	0.000647411307653921
13150410	0.00382529101819831
13153361	0.0142019752269035
13153450	0.00141634963540322
13154260	0.000542716635722288
13154420	0.000673134125195356
13155240	0.00147279691889557
13156381	0.000690880602783841
13158751	0.00449367886960226
13159800	0.00403247474423494
13160090	0.00065791195767312
13162700	0.00122884897314065
13165211	0.000713654896961165
13165430	0.000588399429182104
13166830	0.0025429003270935
13167841	0.00105355080573872
13169631	0.00051366276549287
13170440	0.00228353586122676
13173570	0.00297454262797503
13173610	0.00557857565264523
13176330	0.0023501199384038
13177170	0.000612133130408757
13177610	0.000725843819173614
13178181	0.00399624482885814
13178810	0.00329291815003068
13178820	0.000534745952383298
13179711	0.00243153191160433
13180121	0.000936941316717425
13182850	0.0286038189656148
13183530	0.00237824664004277
13184910	0.000563722330386003
13185351	0.00140398064037403
13185361	0.00190177030695875
13186570	0.00556308927462582
13186721	0.00537259257406559
13187540	0.00480326333681446
13187961	0.00116655300730297
13188630	0.00490967828980143
13188740	0.000546187633628817
13190051	0.00302323030999047
13190331	0.00350581922617077
13191701	0.00104548679679601
13192080	0.00328078188856733
13192190	0.000488034902030908
13192890	0.000818663761429449
13193761	0.00286003450539301
13194970	0.0225724397168423
13195250	0.00088842400654787
13196531	0.00307801437041223
13198960	0.00704522612260885
13199421	0.00105015199682571
13200381	0.00832926081685116
13200391	0.0128572931341916
13201160	0.00205685396745072
13202560	0.000505775237394846
13202670	0.000654635311674231
13202960	0.0749042479976165
13203271	0.000719865184713894
13203510	0.00582512070049277
13204920	0.012795045908759
13205840	0.00364022198776038
13205990	0.00048951557596344
13209320	0.000491930480114307
13209361	0.0020609259757002
13211021	0.00134882141086912
13212671	0.00455765556521857
13214540	0.00140792917792022
13214710	0.235340516819471
13216630	0.00473522728960691
13219240	0.00202334955984972
13219640	0.00403451060031361
13220661	0.00234942604583016
13220880	0.0307094574352554
13222181	0.00138442364947328
13222710	0.00284611329651879
13223691	0.0080486538367102
13223961	0.00195653766836681
13225631	0.000659633325201235
13225850	0.025909422682264
13225911	0.00138150989035558
13227090	0.00188824064665842
13227961	0.00338359391225294
13232941	0.00368758552614014
13234570	0.00110998912064058
13235271	0.00108491310899344
13237611	0.000716455722677449
13242000	0.0015433023117756
13242290	0.00423980004511012
13242721	0.00579967347140114
13242960	0.000650766995601817
13244241	0.00265485634482753
13245170	0.022972186785903
13247431	0.000563628010198102
13251291	0.00142710164382562
13252730	0.00101393629339782
13253331	0.00315399490961618
13253860	0.0108973191716605
13256080	0.00130587167394607
13256391	0.0254194664823836
13256610	0.0042674120542063
13258181	0.000610835075766524
13258461	0.0152815420471393
13259240	0.00184542130750984
13259821	0.000485020929585936
13260111	0.00803578225369298
13261331	0.00222649388029246
13261341	0.00150549213679422
13261840	0.00218257473640109
13262270	0.00116423175636253
13262581	0.00478767335561656
13262800	0.00164824755877334
13264671	0.00648494578222097
13264941	0.000474893962011827
13265450	0.0430051654099002
13266940	0.000570145837085401
13267001	0.00123672843326309
13267401	0.000600536108750708
13267670	0.00290661156111994
13268620	0.000513225042057894
13268870	0.00139100214760739
13269331	0.000664769325468473
13270451	0.00118448957947147
13270660	0.00106407258405291
13271370	0.00280161951237982
13271510	0.00135919611927313
13272040	0.001366229698855
13274840	0.00193499210736642
13275811	0.00480584070395025
13278430	0.000586221234664537
13278690	0.0006029481927493
13279390	0.0376122913119183
13279971	0.000524165836543138
13281771	0.00166221130935647
13281980	0.00217447632634828
13282410	0.000765784464643054
13282530	0.00395823095291627
13282991	0.000676378259296759
13288651	0.000521759875231597
13289621	0.000765543134887895
13292050	0.00202861605304086
13292391	0.000903055590010759
13292490	0.000579440470670378
13292750	0.00623900363333682
13294960	0.000674348011984554
13294970	0.0074199897554551
13297901	0.000998121993912577
13298520	0.00162968767251769
13300941	0.00190102223035772
13304521	0.000592509769667149
13307070	0.00153683742156154
13308511	0.0187521007599946
13314861	0.00199806328682126
13315561	0.000631165857190935
13315940	0.00393536960831336
13318041	0.625924470768994
13318680	0.00373896867085615
13318851	0.00196491196263834
13323281	0.00147460692997802
13327370	0.00133097515319961
13327660	0.00924307431686086
13328050	0.00147777478258422
13328091	0.001497420438942
13330380	0.0145579583658851
13330930	0.0029733704311795
13332361	0.0139672734103311
13333300	0.00348802522519882
13333840	0.0023503319955626
13333980	0.011310255030038
13338680	0.00111302085929735
13339490	0.000655671675493884
13339650	0.000960129928820722
13340890	0.000549354704195129
13342021	0.000611317081723743
13342800	0.000972072732077818
13348081	0.00799703752301125
13348310	0.00179186851299319
13348730	0.00370151251493385
13353051	0.00845192569813497
13353461	0.000557712853209308
13355811	0.00250640756325432
13356371	0.00222810137298841
13357030	0.0388954683131876
13357051	0.00145422134495951
13358171	0.00263250335074306
13359070	0.0244957681589967
13359360	0.00175568084322632
13359490	0.00681246273203803
13361461	0.00121256983847291
13361550	0.0171526304759598
13362011	0.00221989692849143
13363121	0.0068220815640334
13363650	0.000523534231606375
13364450	0.00152973407560909
13365580	0.00148477509696565
13368190	0.000894165878614796
13369010	0.000754891640328116
13369550	0.00161949223980895
13370130	0.011917143524839
13373280	0.0019589814887556
13374240	0.00675951855992589
13375401	0.0311682419816883
13378940	0.00052303687646075
13379261	0.0137465492803439
13379620	0.00540781943604575
13380040	0.023295507750523
13381430	0.00269489605997058
13381731	0.00134050819389956
13381820	0.0101508010016721
13382930	0.000502142017349857
13383240	0.000516855995553097
13385450	0.00621454620585153
13386390	0.00248242055903541
13390130	0.00107852356108865
13390540	0.00307256925573036
13393881	0.00107034636813105
13395951	0.00124320795174706
13397601	0.00155587456436138
13399080	0.0139240084502391
13402000	0.0020470901798492
13402110	0.00566717895103036
13402431	0.000857465326366882
13403080	0.0102130919010055
13403131	0.00858371745604981
13404890	0.0013319126614777
13405481	0.00125532738857851
13407941	0.00219155201403658
13409960	0.00308190568669646
13410151	0.00106175849396643
13411531	0.000726475752666602
13412351	0.00279399276341505
13412600	0.00485351884377558
13412890	0.000502889731861167
13413331	0.000928039680448782
13413820	0.000837302931782556
13413970	0.000540718974783976
13414851	0.00383293912389271
13415951	0.000567862383460953
13416050	0.00191164373494646
13416371	0.000475945683383088
13419121	0.000818163926787204
13420040	0.0019041498562091
13420590	0.00323738125576476
13423121	0.00258318697420608
13423200	0.00124712156672951
13423470	0.00065163727137853
13423510	0.000512558384105094
13427100	0.00101183470604468
13427111	0.000920592810962053
13427200	0.00266764166300986
13428081	0.00049910767887191
13430920	0.00298904955133155
13431411	0.000654844449500581
13431951	0.001065277049371
13432470	0.0219267304116028
13434520	0.0405487712346428
13435890	0.000659114132688669
13437191	0.152005702698824
13437950	0.000548927207908952
13438691	0.00153475429007138
13439340	0.000489814275877633
13440050	0.00204899823074918
13440310	0.00728391721768902
13440781	0.00347281822401722
13441950	0.00293681953965405
13443111	0.000608298588893274
13444901	0.000513090829172756
13445601	0.000733741181844023
13447381	0.00248994373624793
13448610	0.000510788936043408
13451490	0.0100969542898191
13453560	0.000535826660242649
13454790	0.0027080488361786
13455780	0.000662196846694447
13459951	0.00186950881699546
13460200	0.00220393516395321
13461140	0.00367796252578565
13461611	0.00142268176933759
13461840	0.00115875914408772
13462640	0.00177063928473153
13465420	0.001581973524935
13466161	0.00131565761429351
13466250	0.00171963321885003
13467510	0.00097713527149099
13467521	0.00788712230021942
13468440	0.00286174827946117
13468870	0.00150897413540421
13469061	0.0316529171888412
13469150	0.00548990935944536
13470370	0.00463125874516078
13470800	0.00348230583577266
13472330	0.000791402935915565
13472440	0.0013770412934249
13473881	0.00272816474999489
13473970	0.000962312873255757
13474250	0.00048733369296401
13474680	0.00190023627352845
13474991	0.00515727304398571
13476231	0.000706119213121958
13476740	0.000536617542468518
13477430	0.00145044931020905
13478281	0.000569792473996819
13478790	0.000601744211070118
13480341	0.000546203114302686
13481950	0.00218182640680466
13481980	0.00153620386637692
13483760	0.000604782606049482
13484570	0.0124480016474468
13485430	0.0141371441959659
13486141	0.00115826303386284
13486961	0.000685750873012881
13491101	0.0267497133617478
13491770	0.00271000442980593
13492211	0.000619204210395937
13492870	0.0025232569571782
13496160	0.00968985159614046
13499811	0.00077158821636999
13501430	0.017464821431789
13501581	0.00126291186658539
13502421	0.0142433819588953
13504020	0.00761138113034688
13504330	0.00368161740276263
13506530	0.000577691362048619
13506681	0.00163451458102766
13507600	0.000509139440034279
13507770	0.0039238983685401
13508901	0.000549568254197898
13509710	0.000508563532564533
13511371	0.000516035939888169
13517160	0.0331396025086734
13517461	0.00119827382007632
13517690	0.00740566849403459
13517710	0.00185362156871315
13517861	0.000573799524730118
13519320	0.00099701870528776
13519511	0.000673247550988128
13519801	0.0268012007508357
13520870	0.0171720762319089
13523780	0.0162715770385765
13525130	0.00993087432379471
13525311	0.00308696366559982
13525810	0.00054445172360359
13525960	0.0781876467426874
13528840	0.00303790783795114
13529020	0.00293401953044785
13529550	0.0134432164479985
13529570	0.0093322723206279
13530271	0.000584520589049899
13530910	0.00348980618176152
13531521	0.000664442055176669
13533400	0.00106740577428017
13535190	0.517406728432116
13535521	0.0113582478795594
13536860	0.0100174028969862
13538821	0.00206339758819847
13539121	0.00110677321932965
13539620	0.00126155551425504
13541731	0.000565605272644579
13542011	0.0121052971451612
13544341	0.000528180529669264
13545280	0.00135910529803589
13548840	0.00225287670971047
13549270	0.0017866615874981
13550001	0.00058942582946338
13551480	0.000681002984681925
13557601	0.000534887254121189
13558080	0.00287653841345083
13558390	0.501909591797326
13558981	0.00575857703749724
13561390	0.000538082044759971
13561410	0.000870397601031544
13561530	0.00219299522293846
13562770	0.00301154819891588
13566120	0.00600705115043916
13566551	0.00262991275837735
13567060	0.000590585869692543
13568430	0.0127441638073385
13571880	0.0165450412190738
13574350	0.00506555000327163
13576331	0.0180496884598312
13578821	0.000540873298574427
13579531	0.00159618602360053
13580700	0.00722619597857766
13581711	0.00183881265588508
13582250	0.00123910117333286
13583060	0.0105454263745087
13585451	0.000970360169486498
13586220	0.00246557908538695
13588450	0.00213868964822152
13591091	0.0011597204518606
13591220	0.0227894393332457
13591641	0.000896305167334606
13592710	0.00415603525584261
13594900	0.000701340813621218
13596191	0.00185172102759314
13596560	0.000518647263558353
13597321	0.00256577110812201
13597721	0.00101444807336314
13598790	0.00332737586284553
13599050	0.0015747023741323
13600071	0.00406894640111313
13603091	0.00338875021445747
13606350	0.00093230391468363
13608550	0.00225459429760141
13608761	0.000548950042005098
13610121	0.00074054655498498
13611190	0.000628780804919619
13611350	0.000517567371985686
13612191	0.00183956154306033
13613400	0.100646027046277
13614640	0.00157004783643312
13616560	0.00051848411064648
13619060	0.0113277798767113
13619750	0.000942873360139498
13619781	0.00217558483898016
13620560	0.000521753618538723
13621161	0.000830143134168842
13623480	0.00150001154527493
13623661	0.00172236144262145
13624170	0.00132954638632573
13624211	0.000570158083954798
13626271	0.00419452447152298
13627310	0.000702656355094619
13627590	0.000813586275415355
13630780	0.00156521093531065
13632590	0.00137976391725404
13632751	0.00288086907892409
13633420	0.001008782897381
13633851	0.00300316933570765
13634640	0.00311625637849468
13635460	0.00153144786331608
13638551	0.0127783407362269
13639720	0.00188314571814399
13640621	0.00109309869690308
13641021	0.00150469427042975
13642110	0.00114407217325444
13643641	0.00145339542673805
13648481	0.00053727725939145
13648860	0.00242534516255692
13648990	0.00476114395542735
13649250	0.00183295088681484
13649550	0.0030498157702455
13651641	0.000680168456241841
13653581	0.00113777404184366
13653680	0.000493820471976828
13654100	0.000658434588710115
13654251	0.00436962960713713
13655750	0.000510358862493359
13655921	0.00341941491268421
13657451	0.00353634606915996
13657561	0.00060264409326536
13658100	0.00054920203685221
13659241	0.00382485755342952
13659760	0.0249257889587811
13660730	0.00286673511040252
13660970	0.00124461274633259
13662480	0.00290427104107717
13662510	0.00727897315678511
13663760	0.00454648968835175
13664270	0.000760516286828213
13666210	0.00109493183484029
13669140	0.00127669972403244
13671460	0.00260534951170878
13671470	0.00183812261608321
13672601	0.00121485421575272
13672710	0.00137348721012891
13673301	0.000525837611471853
13673960	0.00133976313523609
13675070	0.00171771371906655
13675101	0.00152575090551813
13678920	0.00776997547263736
13680331	0.00165128601714799
13681520	0.00602364331373586
13681960	0.0380693195208603
13682520	0.00154787773228019
13682920	0.000695929967252079
13683330	0.0015634378004086
13683600	0.00246977651908281
13684580	0.00115991893329465
13685550	0.00227675785930124
13688300	0.0248670290872468
13689510	0.00235409237355323
13689830	0.00085866285007722
13690380	0.000527463728257675
13690490	0.00237363134263699
13690750	0.00242513224748875
13691180	0.00133278717181806
13691470	0.000652253847497727
13693421	0.00144351767402072
13696331	0.000522918268870533
13697260	0.000568066332780785
13697380	0.00214556961313582
13698131	0.000598584171777429
13698251	0.00188754888341242
13698610	0.00428199449589576
13699491	0.00381310905395701
13701120	0.00573185091202446
13701711	0.000503946718394278
13704150	0.000551257076463005
13705400	0.00435737725792517
13705680	0.00134127662755256
13706490	0.00378718486165846
13709000	0.00164530731268582
13709940	0.000608092248513041
13710340	0.00287107540474177
13714350	0.00071581017143056
13716201	0.0293516998686691
13716300	0.00168197384540505
13717660	0.00398821405359151
13718381	0.000625909054958164
13719060	0.000583509808873674
13719081	0.000937930769062283
13719190	0.00286045452678051
13719880	0.0117794600642474
13720010	0.00180885922609986
13723761	0.0395825731341139
13723911	0.00212227767726736
13724020	0.0020050906773539
13726090	0.00202145666207631
13727730	0.00131894563218373
13732171	0.00174881716194505
13732270	0.000526298067594603
13732430	0.0112459459761622
13732540	0.00154938077386421
13736690	0.00964394621390351
13741851	0.000508735170005729
13741940	0.000796350072221566
13742080	0.251953539826584
13742401	0.00216418572383552
13748030	0.000992058930342779
13748061	0.000848241180163076
13748150	0.00593849707273212
13750111	0.000715831355689935
13750121	0.0039402167174954
13751481	0.00237138852504441
13754090	0.000776817612491302
13755190	0.0205845252514388
13761390	0.00134543739885577
13761841	0.00222252570312904
13765520	0.00275017055678598
13765660	0.000641845778187433
13766050	0.000577048009359254
13767730	0.000969938834699938
13768721	0.000467412633113424
13772270	0.00126359930904598
13772410	0.000510271484709645
13772420	0.000810167649131796
13772670	0.00105697846153397
13776150	0.0223527111014736
13776430	0.000533920652428363
13778080	0.00388375941833273
13778210	0.000541574795871655
13780120	0.0115213465354785
13780160	0.00135619859357953
13781250	0.0212084912946072
13782101	0.0017408715928766
13783201	0.00291940550224766
13783641	0.00116284047399182
13783730	0.000624564167899096
13785370	0.0445274500759638
13785711	0.00167156660749816
13788861	0.00158822404178939
13789780	0.000551283153300009
13790381	0.000537608108791246
13791730	0.00196050049730075
13793161	0.000512967857380056
13794640	0.0040664970797281
13796461	0.00182571448578309
13796550	0.000591269576155728
13796741	0.00115314605856154
13799020	0.0177094592127336
13800311	0.243199586686154
13803481	0.0943832047606563
13803641	0.000552434375637692
13804451	0.00208872864947541
13807071	0.00185933607413247
13808430	0.00202849612430672
13808680	0.00658588437762724
13810791	0.000552816316830959
13814050	0.000641413241538271
13814941	0.00049604429388812
13816260	0.00111265322381727
13816550	0.000529228647808594
13818880	0.00362202054065806
13819850	0.00381463928277707
13819860	0.00141966462005512
13820690	0.00452736246741545
13822620	0.00150956019454271
13824410	0.00361128414703397
13825230	0.00109169006767538
13829510	0.0830059057101028
13830870	0.00169943590435326
13832041	0.00129823645131457
13832120	0.00244548608854564
13832321	0.00251782240964103
13833780	0.00405687042167768
13834121	0.000894680259206193
13834360	0.00255583053425934
13835611	0.000524518349083771
13835880	0.0023342361996736
13837520	0.00241514648121131
13837630	0.000551619708158937
13837650	0.00479351955480834
13837940	0.151134824765454
13840010	0.00193302671402948
13840410	0.00536010183348207
13840540	0.00184254421227313
13840950	0.00058809897706833
13843850	0.0098664870145231
13845401	0.00293501805965468
13846040	0.0010750178194044
13847160	0.000549640935407666
13848451	0.0143325935110056
13849141	0.000493222817242436
13851980	0.0011103650302365
13851990	0.000686404947214222
13852031	0.000915819400439659
13859881	0.00173506504332832
13859990	0.00242045059170944
13860021	0.00389458107553367
13861370	0.00119262292013185
13862801	0.00938315008001246
13864181	0.00209414747107843
13864461	0.00789237719306214
13865951	0.00650571495560318
13867980	0.000497323021603771
13869360	0.000503201466790745
13869421	0.0010517024311288
13871560	0.00155816474362917
13872711	0.00781680206760143
13873141	0.00145538398405683
13875590	0.000575095279854673
13877370	0.00132811243881096
13877770	0.0123272919212035
13877821	0.00296232511744903
13880380	0.00354528440067064
13880441	0.0042338914437264
13882910	0.000488284595386503
13883341	0.000570038971126137
13884680	0.00059986736269439
13885250	0.000573778895136678
13887140	0.035068860561642
13887570	0.000758182735749808
13888270	0.00498351634793646
13889220	0.00396844215567307
13889811	0.000738527995526971
13890750	0.0151000294866425
13891180	0.000487555009032461
13892150	0.000679490927448169
13894931	0.00142041966950147
13895061	0.00105718936843002
13896560	0.00194586502137689
13899000	0.0091810631997923
13904550	0.00277273400666141
13905001	0.024950674008842
13905421	0.0179761897609721
13906210	0.00824471705030548
13906870	0.000718264318635919
13908560	0.00541609380046118
13909100	0.00178387024003295
13909220	0.0019189045487292
13909281	0.000686065395038443
13909500	0.00197486340985585
13913551	0.00792906924157328
13913971	0.00546232181104511
13916280	0.00107838213230889
13916410	0.00241544606054676
13916721	0.000569594448256144
13917261	0.00573501280626848
13918750	0.00233125222827083
13921070	0.000789122037138583
13921520	0.000863850379651654
13922040	0.00136879012221732
13924161	0.00553338655339749
13924571	0.000748945344412594
13926750	0.00112853823577057
13927850	0.00838231930716981
13928031	0.000487555009032461
13928560	0.0041510022520682
13929510	0.0272925839711175
13929541	0.00155570882994267
13929681	0.00339964147090635
13931051	0.00393829456003235
13931481	0.00238934551611161
13933001	0.00241058402132768
13934460	0.00421250177320469
13934600	0.00107811598098402
13936680	0.00243762036399488
13936851	0.00189633989441787
13938730	0.00350948544268298
13939450	0.00184657196393107
13940800	0.0268907474685937
13941821	0.00142460616226024
13942890	0.000923133645262125
13943160	0.00248025238979258
13950350	0.00101826263222681
13951170	0.00365947501429643
13951440	0.00695610667058164
13952301	0.000617749518406285
13954750	0.000578487036095545
13956650	0.000572955605151189
13959840	0.00356695469226757
13960311	0.000578641615486264
13961671	0.000461371195595357
13962190	0.0012064427492088
13962381	0.000614484141517844
13962470	0.00944361290076703
13966340	0.000542931143428511
13966381	0.00173208427458185
13966600	0.183455151941528
13966720	0.0103023274299376
13966911	0.000966428341046273
13967201	0.00169150755452793
13967310	0.000999044002145128
13967580	0.00113281739379476
13967830	0.000569036645949762
13968451	0.0675344312964612
13971700	0.00121750023301432
13972130	0.00107465056397471
13976161	0.00217728535008979
13976370	0.00597672792329694
13979201	0.0004901599921458
13980950	0.0022625949594436
13985630	0.00148856243049224
13987321	0.000499095055675359
13987960	0.000515050867585155
13988110	0.00051807757870805
13988270	0.0184306596697187
13989610	0.000573828884195427
13989750	0.000827081236968296
13989760	0.00189577435611449
13991720	0.000607289209755574
13992410	0.00232747878151133
13992540	0.00718270034438153
13992940	0.000524908689792572
13993490	0.00197271854494385
13995010	0.0190255337597637
13995720	0.000519082035657758
13997350	0.00502059387512731
14001230	0.00306755715605779
14002580	0.00439431327625472
14002791	0.0749688045679419
14004291	0.00117174839707842
14005671	0.000940604270638558
14006231	0.002599773733612
14006710	0.0114799137733583
14006720	0.000779025770593706
14007741	0.000589879841899403
14010491	0.00305133274452972
14010890	0.000894517845882076
14011311	0.00276919171347442
14012520	0.00148152866190525
14013100	0.00876456942978804
14015061	0.00649702813733761
14015160	0.00464165673550755
14018030	0.0406721786472403
14018200	0.0115694977430589
14021931	0.00206963290779469
14022460	0.000504182059960027
14023201	0.00176791432453958
14024930	0.00215954442851743
14025931	0.0011842569464239
14028571	0.00110371672193783
14031191	0.000728239442110397
14032120	0.000706630817368232
14032260	0.00438028171971811
14032400	0.000655911632446974
14032780	0.000516021759639854
14033200	0.00533036703237141
14033261	0.0141615263045335
14035850	0.000533184465957264
14036530	0.0011178504446704
14036711	0.00110996234847696
14036780	0.00262265905228419
14041230	0.00372741516256101
14041350	0.0082795690932881
14042300	0.00230000716789527
14048940	0.00129650343718246
14048950	0.000485416817191568
14049801	0.000522322724002716
14051120	0.015120302933724
14051871	0.00152404578082224
14053490	0.00396115999096238
14054710	0.00139097373302381
14055061	0.00299901747408038
14055400	0.0010716376520444
14055820	0.0502515067216191
14056920	0.000596564433150191
14056971	0.00239233367990057
14059181	0.00322411022513702
14060971	0.00127041303810821
14061801	0.0355068086455035
14062610	0.00260787926429826
14062921	0.00260561005594412
14063321	0.0122439172397546
14064370	0.00105357911688083
14065740	0.0243232900396351
14067591	0.00439596881246386
14068001	0.00159839258594655
14069251	0.00103877005684201
14069480	0.00110373636043845
14071601	0.0236522867918258
14072110	0.00153523001306945
14072711	0.000634139335769896
14073391	0.011141258471117
14073480	0.000546832668696044
14076090	0.000642214349927234
14077470	0.00302545426241822
14077811	0.00121097929865539
14078300	0.00142761424481838
14078641	0.00106198564060678
14079570	0.000546530373617985
14081070	0.00125879852793049
14082891	0.000489434539389099
14083540	0.00150362642765209
14084110	0.00622393147684817
14087191	0.000508097296169876
14087280	0.0178103098575944
14087741	0.00282930976486266
14087960	0.00401360112066183
14088151	0.00192092802105524
14088271	0.00367697640741289
14089230	0.000702754119773263
14089401	0.0309106673846816
14089521	0.0561162059384092
14090310	0.00726409284003447
14090911	0.00114268421583711
14091710	0.000648201234725099
14092790	0.000644219741863178
14093780	0.00146443306738703
14093910	0.00294883849370464
14094351	0.0136726764037412
14094440	0.000545203399614627
14095000	0.00233955506705657
14095670	0.00606171552162839
14098290	0.0023212796774904
14098481	0.00356351639291671
14099051	0.0011320887128297
14102190	0.00106488129940034
14102850	0.000931239823403638
14103451	0.000485830723020238
14103570	0.0212157297750249
14103591	0.00627529690836391
14106470	0.000640363836556399
14107270	0.00129005709982742
14107280	0.00209449392111291
14107741	0.00364213678808435
14108841	0.00048822606450736
14109330	0.00319248442557644
14109750	0.00258402450010352
14110481	0.00282634495364989
14112701	0.00394311103569354
14113371	0.00940535630834463
14113760	0.0026392282091175
14116100	0.00100526456228835
14116701	0.00280221428828064
14117931	0.000496352485543718
14118990	0.00546903792988421
14119270	0.000658857049683213
14119530	0.0602009743136888
14119700	0.00319665129984826
14119830	0.000537588236503697
14119980	0.00106497661935949
14120691	0.00125414941945698
14122330	0.00109614905276765
14124650	0.00434560991750546
14126361	0.000862410631080217
14128421	0.00636411417504354
14128920	0.0247840546489293
14128950	0.0073469849029367
14130870	0.00549274488990142
14131041	0.00292796900145063
14131731	0.0010497490082398
14131851	0.00136756106676309
14132411	0.00105615616088234
14133121	0.00474931024428386
14134010	0.000690648134158467
14134560	0.00278533315971799
14135810	0.00205645824848313
14136370	0.00166656877172635
14136431	0.0201239498750158
14138160	0.0139525436173821
14138471	0.00119800966680928
14138570	0.00421207269321415
14138700	0.000600972451943667
14139150	0.000763611912338625
14139530	0.00103243527336175
14139550	0.00246159577663264
14139711	0.00321642284612523
14141241	0.000561976453650637
14141781	0.00426242771282846
14141941	0.000682950353263094
14142361	0.00114758126551732
14143120	0.00167907675909013
14143410	0.00282028863038393
14145890	0.00388409634942999
14147010	0.000547937562896395
14147851	0.00174797284983802
14148530	0.0674706539436397
14150710	0.00401767837377434
14150990	0.00113678295646554
14153111	0.00173047987480582
14153190	0.0175616571978285
14154430	0.000558918131241635
14155420	0.000547058398655457
14155991	0.0118480852800338
14156230	0.00110406282834591
14156910	0.00185055001459579
14157251	0.0695773365322405
14158061	0.00146180121422537
14158860	0.0259151177400028
14159940	0.000661692270149033
14160261	0.00103614713004887
14161040	0.493299969824519
14162221	0.00108352260200977
14163171	0.00251352006692246
14164271	0.000814489611847083
14168790	0.000590078804886555
14172370	0.00119399373691788
14173801	0.00186756098687953
14176640	0.000543022943057404
14179451	0.0247615168146363
14181180	0.000539662517328915
14181340	0.00260721213393111
14181391	0.000705654931832615
14182331	0.00085189738962617
14182741	0.0005723146797846
14183270	0.000555829700861958
14185251	0.00689399685978184
14186280	0.0005381588203398
14187810	0.00511573834473836
14188080	0.00239596800184756
14192001	0.000527164614457348
14193651	0.000505875666656377
14194611	0.00306969325882981
14196210	0.0217845256516965
14196961	0.000547527551480924
14200070	0.000670703121863241
14200780	0.00152823542350093
14206901	0.00113346343159764
14207550	0.0010673569029039
14209730	0.00439069641172799
14210420	0.00667721903480369
14211731	0.00280267876383292
14212261	0.00478829878581107
14213200	0.00176274546061034
14214160	0.0147048728667744
14214180	0.0125418571331715
14214741	0.0166229956420091
14215410	0.000552251486914097
14218321	0.000637602542571574
14218990	0.000746820272995008
14219721	0.000494065981631354
14221030	0.000704161079346654
14221661	0.00439958601412418
14222440	0.00106245928114916
14222611	0.00192453133507735
14225911	0.0196637185783764
14226720	0.00354765628240447
14227400	0.00460618917404149
14228141	0.000569874929229942
14228941	0.303738685963368
14231011	0.00545041695812958
14234341	0.000961902797809245
14235120	0.000632750435670642
14235970	0.000544923274695072
14236090	0.000566517898607467
14236790	0.000513283890854427
14236941	0.00434694380787689
14238331	0.0385802191954345
14238850	0.00051849605729164
14244941	0.000504213030441711
14250830	0.0236854503447688
14252261	0.00542962741761506
14253340	0.00855959736670634
14254030	0.12034710967389
14254191	0.00156435964955099
14255000	0.00107992506300788
14256080	0.0105732749747504
14257050	0.00774742161405454
14260131	0.00195930014479489
14261641	0.000515893071250453
14262430	0.00182664517255118
14263410	0.000711276710164267
14263550	0.00172384002490665
14263680	0.00187745956373037
14264401	0.000489705611866973
14264551	0.00167970367071801
14266130	0.000997469066123245
14267370	0.00067142238468045
14267550	0.000586366649823355
14268360	0.000532663189296349
14268900	0.00133004846165092
14269200	0.0013282021146078
14269580	0.00207349691312458
14270481	0.000521285093027305
14272521	0.000530701604156405
14273030	0.0142342776263459
14273180	0.00106725490313792
14274181	0.0015440436450958
14275550	0.00211089649596838
14278741	0.00209047879262733
14279120	0.0110254764871482
14279431	0.000527042656127632
14279441	0.00230287157623943
14279530	0.000519104298495871
14280360	0.0117603381765787
14281750	0.00232860642769333
14282451	0.00110664652560603
14282871	0.0018511213036253
14284200	0.00301506007498643
14284510	0.00183421469974522
14285870	0.000534591460457739
14286010	0.00391327086320519
14289081	0.0135878060047521
14295670	0.000999409898952825
14295851	0.00144229739848927
14298481	0.0241894851814019
14298960	0.000477054138706162
14299981	0.000900697081279783
14300770	0.000474434425515825
14302140	0.00798619766767265
14302300	0.000465809224904781
14302420	0.000776084706968105
14304531	0.00201453477857609
14305631	0.00544555540372263
14305730	0.000550578914513389
14306980	0.000483426811810062
14309651	0.000477723024543742
14309771	0.0229348798282714
14310150	0.000593090678327634
14311530	0.00182662677655898
14311981	0.00103040071994772
14312330	0.000674707896990786
14313470	0.00188660387005146
14313781	0.000563342980822395
14314861	0.00114506037054101
14314871	0.00301757234661761
14315161	0.000517970614358571
14315250	0.00252665057662945
14315711	0.00669020167996315
14316900	0.00149154638024659
14317621	0.00144720705048732
14318130	0.000499370530104467
14319421	0.0013833253143793
14319670	0.00120923460824083
14319831	0.00131094564317087
14320650	0.00144227189777275
14325050	0.00146319959085826
14325590	0.00924835736510389
14325990	0.0483986101672356
14326980	0.000527706808299904
14336791	0.000599198252439117
14338591	0.00104915393680343
14339380	0.00152789410198479
14339670	0.000858028213792491
14339790	0.00211595107349551
14339920	0.000914777772543579
14340241	0.00050900509624216
14340370	0.000676303476404812
14340630	0.00186415633259762
14340640	0.000820120346674855
14342731	0.00154320077712017
14344190	0.00107169471774505
14345890	0.0753603147625632
14346741	0.0793780001714351
14351011	0.00134724283407039
14351820	0.00099501148969355
14352681	0.027111551678758
14354990	0.000815378003147065
14359141	0.00614632550984505
14360060	0.00152419460450864
14360111	0.000735297317908131
14360220	0.000884158142421314
14360640	0.00559600327095774
14360760	0.003825148485301
14361720	0.00179674924102911
14364360	0.000917651790717159
14369050	0.00480551451679219
14369180	0.00107342125931846
14369911	0.00116100002903417
14371120	0.00239891955385094
14372801	0.000590408004096142
14373460	0.00355861017692776
14375080	0.00410866420802394
14376791	0.000574757659868567
14377460	0.00109112759706717
14377590	0.00561236492443256
14380651	0.00581362792759495
14381580	0.000674895957226784
14381771	0.0010535215492163
14382451	0.000476860460490953
14383230	0.00592326488302057
14384070	0.00141902666643823
14384640	0.000505344221600003
14384671	0.00713895424577838
14387001	0.00265454378023863
14390991	0.00160432026023978
14391120	0.000875446697817869
14391910	0.00192154366682761
14394051	0.00059985141162472
14394550	0.00127010969501472
14397071	0.00220299369835157
14397840	0.000489095018099936
14398120	0.000987979373450507
14399220	0.0223060209561583
14403500	0.00315233463963565
14405071	0.00276125240407103
14405870	0.000527529152275632
14406871	0.00219846788056456
14409501	0.00672777443990487
14410581	0.00219849341275956
14412111	0.00591655169127333
14414410	0.000505233871706708
14415831	0.000741196548184753
14419250	0.00299140918275003
14419650	0.00499877394859179
14421050	0.000510429131772652
14426530	0.00054416923171554
14426991	0.000926610012521685
14427951	0.00277394804120697
14429361	0.0196141191332059
14429621	0.000540828260999624
14429891	0.000525077320536707
14431780	0.0285650093193726
14432880	0.00141479133752352
14437440	0.000494386467804081
14437481	0.00146517802836597
14437580	0.000510907239932149
14439951	0.00322559052011697
14440870	0.0182198222477765
14441221	0.00432995948377937
14441420	0.0761117281210359
14441891	0.00131213354107761
14441970	0.00128040477618246
14442041	0.00121564808517587
14442260	0.00071548918744106
14442830	0.00090973298674873
14446120	0.000981458601971698
14446181	0.00191365747398232
14446400	0.000717492223945635
14446700	0.000590151177651795
14448760	0.000566051134614475
14452180	0.0165415791573341
14452381	0.000996887896755941
14453221	0.00537328908871894
14453970	0.00181448847046395
14453980	0.00394181292275531
14454410	0.00159489711329459
14456050	0.00142320905994967
14456391	0.0011632918462186
14456910	0.00327841993779456
14458021	0.00169343317443497
14458041	0.00231202545580968
14459230	0.00115315951396997
14463080	0.00378208482286149
14468330	0.000542215101938345
14468470	0.000515826021227547
14471240	0.000802097043736718
14474861	0.000498014979440607
14476111	0.00170179921999904
14477580	0.000518844907723348
14478530	0.0396602136657567
14478721	0.00274174529313191
14481860	0.00151871437095438
14482550	0.00113572627101548
14484750	0.0104377052139804
14486721	0.0011635315526562
14488501	0.0110355960006574
14488661	0.00315790485818728
14488801	0.0366665176801221
14489700	0.000891945348127492
14491131	0.000680155671675674
14492740	0.00527283215303221
14493870	0.00542904055093099
14494031	0.000519336752579948
14494161	0.00160549167519679
14494311	0.000546528317435129
14494571	0.0166156057778356
14494680	0.00258516377983832
14495780	0.000866820923050922
14497471	0.000777324624843087
14498940	0.00193715770669613
14499961	0.00803073414892061
14502680	0.000636209615144402
14505201	0.0198683279660398
14505321	0.000530951995359105
14506420	0.00096503184458443
14506571	0.00106009916347009
14507001	0.0179430341881499
14509321	0.00269494951795062
14509601	0.00100349477431031
14509730	0.000972161943392494
14512241	0.00702799502843803
14512760	0.000658466651436716
14512860	0.00323237870820856
14513860	0.00178027760876099
14514410	0.0107717409203821
14514690	0.000505402421165299
14515510	0.0065625807483636
14520340	0.0556029914360881
14521321	0.00351028451894282
14521980	0.00210477981694421
14523240	0.0109018071687948
14526540	0.00102183989074237
14529211	0.0406076070861035
14529611	0.000552248933285409
14529761	0.000582864966442234
14530581	0.121788299649348
14530851	0.06390319757958
14531890	0.00139809904215929
14532730	0.017191688109856
14539380	0.00160123090536305
14539910	0.00104755727306926
14540651	0.00659127719523434
14540911	0.000994057418830661
14541560	0.00066648158735148
14541820	0.000507691393173964
14541830	0.0107605544856484
14542550	0.00147266734573696
14543671	0.0167481077036691
14543770	0.00703827914896617
14543951	0.000977006228437072
14544511	0.000955095757539651
14545850	0.0032244974872824
14546270	0.0742461527431187
14550650	0.000589928620536087
14552651	0.00146586484951974
14553290	0.00723850605251255
14554550	0.00107961245672235
14555230	0.00717303067622899
14559271	0.00115269019842277
14559681	0.0486817034987024
14559790	0.000973341945478064
14561430	0.00208672410497387
14561550	0.00232418142754024
14561621	0.000539347820856772
14562940	0.000498616378765455
14562950	0.000489050831120263
14563411	0.00289372462514121
14564470	0.00511641985718241
14564730	0.0006762996739631
14565471	0.00300430956535558
14565860	0.00203649465358687
14565881	0.0390509397664455
14566291	0.00162419125681514
14566660	0.00229374132619832
14567671	0.00770502698662107
14568221	0.00370059412550584
14570130	0.00138540535759567
14571131	0.00322516188385446
14572200	0.00162312993112423
14572310	0.0152132101540855
14572600	0.00234639756358856
14573700	0.00397462180243426
14575200	0.0577338016770269
14575551	0.000506169796582341
14576330	0.00174388180660234
14577300	0.000506665194224229
14578100	0.00122806240699939
14578571	0.030093689128103
14579360	0.00192407716790818
14580101	0.000992691699927661
14580470	0.000574117998632064
14581710	0.00250172516562171
14582530	0.000538704282184838
14582861	0.00054131711407528
14584190	0.00105421710154026
14586650	0.0515190613464294
14586670	0.00100682762726228
14588480	0.000523112445035646
14588511	0.000589530738970085
14589201	0.000580534961397385
14589860	0.0291842569005867
14590130	0.00916152810601845
14593051	0.00644902108918764
14594780	0.00644702780717241
14594981	0.00140391658648726
14594991	0.000671913419191324
14595220	0.00582048979981137
14597051	0.00150928351321818
14598810	0.00139825102523413
14601201	0.00102336146004017
14602581	0.00176463355766828
14603961	0.00774756181280004
14605731	0.0235794379509145
14606090	0.000541860361529145
14608440	0.00782883071161155
14610100	0.00666284587951501
14611121	0.00527524790665107
14611910	0.0017975299292705
14612781	0.000802035502845931
14613061	0.00110011289043961
14614021	0.0390339919752162
14616890	0.00239314054501199
14617331	0.00421707738644035
14618551	0.00108706725943437
14620071	0.000622765159940898
14620470	0.000534610230306479
14621820	0.000989555316576551
14622561	0.00276169590098131
14622971	0.00171739588602585
14624860	0.00370405192480175
14626370	0.00278401565890419
14629120	0.000635585238198741
14629331	0.000538087568443336
14631060	0.00881299359393109
14633160	0.00834535486667956
14633290	0.000799554284460246
14637410	0.00153294186566753
14638670	0.00377671913332854
14639070	0.00141203483924964
14640091	0.00301021996637041
14640430	0.00135398842998513
14640491	0.00363845541390902
14642551	0.000506383562168155
14642810	0.00216599728914331
14643541	0.00354030197638966
14643640	0.0296216654661455
14643951	0.000588280292090884
14644621	0.00052159862386505
14644641	0.0331700215212907
14644990	0.000567693697896622
14645970	0.00331768424896954
14648880	0.00140494070443243
14650110	0.0427827612575785
14650281	0.0254892901152001
14650650	0.00150728080107282
14652231	0.000971902232874924
14653700	0.00168277417427075
14653840	0.000545975446723393
14656891	0.00724726472867308
14661741	0.00207402936989135
14662851	0.00209275334840609
14663661	0.00326619475266925
14664481	0.0562389946755077
14665530	0.000528056611946025
14666220	0.178474797316527
14668590	0.00129552901545656
14668621	0.00760569371237518
14670271	0.000521460415964489
14673530	0.0032602498179872
14673560	0.000575058578389315
14673670	0.000499443412377046
14674571	0.0136485656840532
14676081	0.00170273227568443
14678001	0.00440527541725303
14679780	0.000848756331013548
14681331	0.001062111213619
14684010	0.00053784448478795
14684860	0.00100804001476047
14688850	0.00139462920949555
14689991	0.00221054463201246
14692481	0.000697474807751999
14694131	0.0181598378283396
14694431	0.000593686315671245
14695480	0.00373948175168663
14695620	0.0047181060749503
14698151	0.0021594168545592
14700990	0.00177257694445208
14701980	0.000482577262367476
14702080	0.00050512928499068
14702110	0.00508509021763015
14702400	0.000759264919638953
14702520	0.0012308656772023
14703050	0.00150463865696866
14703231	0.00142379687710406
14704061	0.00374623431060437
14705800	0.445209797648139
14706080	0.00861080445129828
14708430	0.00288261316943971
14708700	0.020875108646581
14709451	0.000659070489615227
14710011	0.00478615382774944
14710090	0.00055481415676323
14710230	0.0106478262685536
14710240	0.0444825246620437
14711080	0.000612488221055689
14711750	0.00295768967183481
14712211	0.00207463402643929
14712351	0.00149704560741473
14713980	0.0021860398364586
14714841	0.00159712007614987
14716600	0.147677223786578
14716761	0.0020058478207226
14717820	0.00769669577222237
14718670	0.000843884841109893
14719080	0.00307569781922658
14721871	0.00109538609222438
14723890	0.00051764360991656
14724980	0.00251148827586254
14725680	0.00112529626154116
14726090	0.000542796873497316
14726151	0.015186420522619
14727880	0.0031613832407186
14729120	0.0230517138523532
14729150	0.00382540206842747
14731480	0.00387907325895858
14731921	0.000578113500399857
14732191	0.000917966283243203
14732351	0.00099097698616055
14733970	0.00135060410437378
14735941	0.00260040945940949
14737601	0.00155412601868159
14740341	0.0017520243899737
14741980	0.00116637189260078
14742900	0.000576064577487812
14743251	0.000495886403248555
14744061	0.00130284536295533
14744290	0.00242554149300672
14748600	0.0356238733970538
14753031	0.00139658056993093
14754541	0.00183690653751379
14757120	0.000541324304775132
14757420	0.00413659150176135
14758650	0.000529888582855375
14758770	0.0026796429976957
14759600	0.00118360272688171
14760891	0.0021046594594812
14761670	0.00809260847904104
14761700	0.00173182082218589
14761810	0.00129375638527164
14761950	0.0169240032184004
14762390	0.000778095192083425
14763590	0.000508310340647542
14764140	0.0174140930809129
14764881	0.00454796101506621
14769451	0.0012978245885302
14769981	0.0168056159457548
14772901	0.000586485955599027
14772980	0.001387872121072
14773520	0.000521774946565231
14774510	0.000617951930268006
14775490	0.0118436605157394
14776450	0.00180548990152583
14778250	0.00135606353583009
14780891	0.00224177829597582
14783600	0.000775632961652401
14785301	0.000540338147828624
14787490	0.00690270593628803
14788160	0.0280694533231566
14788180	0.000765254605069369
14790551	0.00325703045652839
14792000	0.052171011834637
14792471	0.00817609254249032
14794790	0.000481631047630804
14794971	0.0114872823050596
14795450	0.000672895265140968
14796621	0.00692144227628904
14797171	0.000547234598982129
14799340	0.000532416982758227
14802391	0.00592968710619332
14802421	0.00228488243524797
14802910	0.00305705694305818
14803310	0.000839063208308001
14803511	0.000816598073428903
14804690	0.00376562306842527
14804710	0.00183810549074003
14807620	0.00145486145037755
14807760	0.00247120186919486
14808071	0.00136070485817561
14808730	0.00115226397123167
14809011	0.0022306127007333
14810401	0.0025418864271249
14810910	0.00109550626524752
14811781	0.00118135173143672
14815651	0.00346561543896164
14819921	0.0645888614999399
14821000	0.00140200678002294
14821250	0.000483172945394067
14822240	0.0347060731270496
14824461	0.00484649699224813
14828751	0.00237711944873918
14829520	0.000473277656981601
14830080	0.000611745611308895
14832471	0.000578406579722919
14834630	0.00221997409313494
14836160	0.00859184536123551
14836761	0.00105440303124837
14837510	0.00246913052402583
14837790	0.00149234972783977
14838380	0.000576866531194575
14839040	0.00308506846028889
14839781	0.00104685186792643
14840690	0.169055540687307
14840710	0.000536948872749564
14843200	0.000975460713631149
14843371	0.000543155392908104
14843931	0.00143329484104026
14844201	0.0455378262899346
14844280	0.0220912630626533
14849841	0.178621963958341
14851860	0.00283110988274741
14857120	0.00220235971214429
14857270	0.00483820461413486
14857711	0.0244352173936879
14857930	0.00161425385442106
14858380	0.00489443228067739
14859480	0.00249493432626733
14861940	0.00163067090103988
14865820	0.00630613275512271
14867030	0.00364713229945849
14867101	0.00233190592510669
14867860	0.00115353524400842
14868430	0.00168121842124842
14869141	0.000634524296569684
14869971	0.000648717210948156
14870210	0.00873188195667942
14870261	0.00143557706634459
14870490	0.0028929486815813
14870640	0.000676801744622301
14873171	0.00231577582650988
14875320	0.00223022156008174
14876160	0.000625670097430897
14876690	0.00602983369918414
14878060	0.00066707595304675
14882060	0.0111010435763184
14883740	0.00160364140492396
14883781	0.000522273066444179
14883791	0.00315309868750618
14886131	0.000469242205598533
14886640	0.00125289711596076
14887590	0.001292817562786
14890780	0.000850193331073204
14895050	0.00157859989947415
14897270	0.00587998513718629
14898541	0.00111962253980169
14898821	0.022501724111852
14898910	0.00101514970643854
14899580	0.00525591017195201
14900201	0.0291020066699687
14904321	0.000535026037230147
14904570	0.0015765528431363
14904820	0.00276712695267318
14906521	0.000960877619244603
14906910	0.00798204309953397
14907351	0.0025000876251262
14909011	0.00119116512527854
14909831	0.00753716592838343
14909930	0.0047975004557431
14910951	0.0032669665731485
14911761	0.00187829328172148
14911911	0.0013663798644507
14913981	0.000532368239499107
14916690	0.0756416370135753
14917691	0.00181369346629158
14917851	0.00451849297859201
14919040	0.000467116735852233
14920570	0.000642357110250292
14920710	0.00350006258221797
14922370	0.00255167633364535
14925141	0.0729534031891598
14926370	0.00137148862665333
14926900	0.00142404898441107
14927180	0.00156310349882802
14928550	0.0010433482036901
14929021	0.00194202654038701
14929130	0.00226582525971479
14931901	0.00407226383377402
14932970	0.000617921513196984
14933930	0.00105547223942141
14935180	0.00224346588134136
14935501	0.00317272749241163
14936280	0.00304291255097037
14937701	0.0109577867328027
14938220	0.0537823693835351
14939590	0.00269814668995218
14939771	0.00163445982517159
14939911	0.000587810956364922
14942910	0.000659129677672338
14944031	0.000549228283855228
14944420	0.00913018239259427
14945910	0.0906422786195883
14948990	0.00276304533256665
14950121	0.00473050312058142
14950511	0.000507973970215815
14951320	0.00335063995103392
14951720	0.000654361552429719
14953360	0.000489082607356699
14955330	0.00125057899991299
14955600	0.000589989477519112
14957281	0.000609116146497627
14959061	0.00111355385914113
14959501	0.0021115579915457
14959710	0.00069627977548905
14959730	0.000861648336742269
14959880	0.00192418239515418
14961650	0.000553852362249875
14963590	0.000543783059335373
14963720	0.000519580024134327
14963990	0.00938163039817762
14964010	0.00304354795382688
14969390	0.000875296016036311
14970111	0.00298565693292491
14973090	0.00107498385359356
14974671	0.000511432060484018
14975050	0.00148125474154787
14975720	0.000600313983346982
14982511	0.00285321129844564
14983501	0.000612180362967304
14984680	0.000568155458214176
14985681	0.00417234962080046
14986811	0.00107467828726334
14987450	0.000623117281094578
14987570	0.000526572135764558
14987590	0.00138263346343935
14987990	0.00140862212522059
14989770	0.00376199300885608
14989831	0.0513902520119706
14990531	0.0122909852635745
14992140	0.00121715954580702
14992991	0.00648696285842963
14994070	0.0132109771684959
14994750	0.000722281811501169
14995020	0.000693991841064278
14995590	0.00135925086033331
14996311	0.0226766161874377
14996581	0.003764057536992
14997411	0.00608081493640522
14998190	0.00731312725056978
14998610	0.000554874003505552
14999631	0.000716627448914838
15000670	0.00274715640653674
15001681	0.00219594926921601
15001940	0.000739946775598758
15005380	0.00137717221789764
15010121	0.000957166546801275
15010381	0.00128122374692251
15010490	0.000631999052686711
15010910	0.16512529953204
15011040	0.00122850431141941
15011320	0.00140279065081393
15011631	0.00154564922273865
15011720	0.000633142946646217
15012130	0.00112660293840472
15012660	0.00428789090773374
15015040	0.00480196861747348
15015761	0.00718879401177059
15017011	0.00245107956953346
15017261	0.000714513153548814
15018511	0.00550062292401747
15018921	0.00075604735402453
15020260	0.00208866482232989
15020290	0.001094572622872
15020700	0.00050908988470139
15022241	0.000856422212017576
15022480	0.186309130381229
15023420	0.000766643268878029
15023850	0.00130517225548433
15024120	0.000861998891753869
15026490	0.000490791331242413
15026610	0.0017401523957645
15027491	0.0159861633185072
15028010	0.00419980362720951
15030080	0.00385559419151951
15030651	0.000512889736023348
15034080	0.000654199882489195
15034531	0.0040634104473192
15036660	0.000512946309658709
15039320	0.00677840190782522
15040820	0.00535014157558222
15041490	0.143730593594733
15042320	0.00359402950834834
15042651	0.000580784229956082
15042870	0.000876269030223557
15043891	0.00211696848471496
15044250	0.00054637840727193
15048950	0.00129664084797285
15049401	0.000890575759151568
15052321	0.00235837130127062
15052571	0.000540566968020625
15052810	0.00573619623184627
15053910	0.00190375429290286
15055840	0.528154605401774
15058880	0.000987560098140331
15060161	0.00555186243755116
15061691	0.0223380524504434
15063580	0.000517537623431422
15063850	0.00345469283792532
15065080	0.268609350489719
15065131	0.00137179220230229
15065531	0.0568610809735452
15065640	0.00758872109711622
15067160	0.00352105837004858
15067730	0.00233974567645048
15068670	0.00404379757387111
15068690	0.00305793028318844
15069240	0.01257223399251
15069370	0.00176234337116
15069780	0.00348573943825664
15070060	0.000602516614373624
15070381	0.00096014727016501
15070620	0.00143531259835236
15071440	0.000702314015503502
15072431	0.00424447679777355
15072721	0.000756874984754172
15074760	0.000623042356011613
15075191	0.00280160357119976
15075290	0.00080498970677916
15076120	0.00161896446260863
15077220	0.272485364547223
15082900	0.00133232867004887
15084690	0.000735791184569171
15085240	0.00448480850372427
15087621	0.0276926038723152
15089490	0.00926650676188815
15089910	0.0012221240202141
15092311	0.00441209740645233
15094511	0.000829322255239906
15097210	0.00090096880051586
15097930	0.00153838316359724
15098771	0.000758929726092105
15099280	0.00389214624888372
15100701	0.000529296174294079
15100930	0.000786062216435839
15101620	0.00966084681842161
15102610	0.000536792459046451
15105961	0.00901613588432802
15109131	0.00107541242130184
15109551	0.0058755674169817
15110781	0.00163686875277662
15111751	0.0715821379404426
15112171	0.0042995706776983
15113200	0.002387832310728
15114210	0.0019584128552685
15115871	0.000721125327847651
15117951	0.00761952223045384
15121271	0.00193686953787395
15122180	0.00232376881772813
15122720	0.0326988085472933
15123761	0.000497362366538071
15124110	0.00163449676469485
15124120	0.00228365061771249
15125141	0.00438279315817429
15126760	0.0007122566000774
15126860	0.000519747074791971
15127751	0.00205902315181224
15129520	0.000616679571948196
15132120	0.00122372922478522
15134921	0.00127015442582788
15135461	0.00248021084722977
15137520	0.00172058436466495
15139741	0.000473445149112971
15139980	0.00630378134872597
15141620	0.00110877468006491
15141920	0.20173351857572
15142190	0.00125508858279633
15142480	0.0119023731122198
15143010	0.0009602787669867
15145811	0.000694221486982183
15146091	0.0119723211666042
15146760	0.00654619730222423
15147020	0.0091050656289991
15148971	0.00855893943321929
15150081	0.00216542303938699
15150320	0.073867875468816
15151960	0.000892355460618326
15153801	0.00052364028056361
15153920	0.00602542939231785
15154440	0.0151349745482941
15154921	0.00127486816914062
15159270	0.00879785891420679
15159741	0.000548833822243874
15161930	0.000511595572003675
15162450	0.013831731989674
15162771	0.00400186900318294
15166081	0.0269014542305472
15166631	0.00119497002048225
15170860	0.00496095691909319
15171881	0.000512672464842784
15172171	0.000496787873074486
15173340	0.000549560243005975
15175591	0.00178803125115527
15176380	0.000562654941965384
15177610	0.00121175520216311
15178091	0.00105271636950059
15178190	0.00631426509389521
15179290	0.00319164280511917
15179990	0.0082549257440255
15180240	0.000534079523640656
15183871	0.00752992852850852
15188110	0.00252763773997683
15189360	0.000620127898404421
15190880	0.00284257801731912
15193131	0.0808385072321431
15195710	0.0136893582884543
15197620	0.0028207442114876
15200380	0.00108813405008902
15200940	0.0684631154637859
15201131	0.00266482455054149
15201230	0.00128134385806236
15203850	0.00161800125626784
15204530	0.00242215986745677
15204571	0.00127455738156852
15205610	0.00121675215695472
15205681	0.000487418343297512
15206231	0.000541617227805589
15207440	0.0593037476998922
15208230	0.00290773122620896
15208800	0.000725734248811793
15209370	0.00378635765933423
15210460	0.0054079185703628
15211451	0.0256755124088153
15211990	0.00137874370953111
15212640	0.00162800551177354
15213070	0.00920483729940243
15214600	0.000665078062898019
15216680	0.00170278248383246
15216981	0.000559988275559838
15217360	0.00275363075662764
15218450	0.000603072890604467
15218781	0.000545961527303553
15221480	0.000513544419126652
15222330	0.00767363900457246
15222341	0.00047582066065365
15224831	0.000781154803154188
15225200	0.00189214504648117
15225740	0.00245883058834459
15225780	0.000610086140179173
15230740	0.00114979174870349
15231171	0.0010179620909492
15232021	0.00101990415106445
15234491	0.00115998899038144
15234570	0.00276117602236691
15234590	0.00312166632269751
15234730	0.00196542772441382
15235260	0.000982757716227858
15235280	0.00405009017388733
15236301	0.00284437288652128
15238990	0.0045478503705491
15239270	0.0150503523765602
15239440	0.000486292335411668
15239581	0.0044750418211494
15240971	0.000524279588194816
15241600	0.00732675675816253
15242450	0.00169162976481856
15243461	0.00175355105111376
15246091	0.000551709141552531
15247010	0.165022195814549
15247810	0.00308313110168007
15248670	0.00187174079766813
15249760	0.0111546760167231
15250341	0.0033407141969835
15253661	0.000557648322790527
15255331	0.000671650651456711
15255881	0.000499828290548309
15257600	0.00496835561576505
15257890	0.00304030296819111
15259260	0.000601144905486923
15259471	0.00345337281965045
15260370	0.000570732492051141
15261080	0.00261362303723045
15262611	0.0163326797974615
15263530	0.000486553991067923
15263670	0.000536549203940553
15263680	0.00117359225721541
15265080	0.00060362672975483
15267031	0.00232706105341777
15271041	0.000956685998220261
15272390	0.00284054041155634
15273101	0.00587188221740692
15275670	0.00128988378847169
15276841	0.00057518332733794
15277900	0.00311286651046144
15279410	0.000579436204596449
15279420	0.0016012772323556
15280360	0.00149771150307172
15282190	0.00140099623786176
15283250	0.109069549997528
15283960	0.000971754404504838
15284001	0.000584242009297074
15284240	0.00609923572784521
15285060	0.00245913627434842
15285630	0.000828325986371359
15287581	0.00105517807073466
15287731	0.00136174720145372
15288360	0.0188200867429738
15289210	0.00380961754650982
15291400	0.00123872301616109
15291991	0.000619006400810417
15293200	0.00292419541687711
15294720	0.00223866923898037
15294891	0.00188353446832364
15295010	0.00136341602995202
15296260	0.00242851298245695
15297640	0.000625759484184502
15297941	0.00322635693504032
15298061	0.00350727938801042
15298320	0.000619027730247153
15298840	0.00234689697454556
15301921	0.00165462716006579
15303601	0.00921854703992009
15304120	0.000609827077439031
15306010	0.000929761991192761
15306221	0.0030114218688204
15306471	0.00527847081299913
15307041	0.00132223173433208
15307591	0.00138229446603617
15308390	0.000533444465209553
15308660	0.00821585152566107
15308910	0.000872933005166377
15309641	0.000576336782949865
15310481	0.000550733020906329
15311110	0.000613535980564909
15311280	0.00202106303133064
15311940	0.00645501084888314
15312910	0.00131240088601578
15315000	0.00100530233033389
15315021	0.000766821526223492
15315400	0.00367253174859804
15317801	0.0937718415694109
15318191	0.0279121672957213
15319041	0.182364078026252
15319270	0.00208226943645951
15319560	0.000505053735254288
15319581	0.000821286747449516
15321350	0.000568451577867123
15321610	0.000546692905202778
15322020	0.00239098216750218
15325040	0.00181225745462925
15325070	0.000692036129294999
15325511	0.00176929338387016
15327171	0.00162118760404281
15327311	0.00177216769243764
15327840	0.00227448262692927
15328220	0.0019972836419628
15329190	0.000601171962113941
15331950	0.0064279457841164
15332490	0.000501772271321192
15333450	0.000694348060594257
15333730	0.000599857337155648
15336800	0.00403946036387071
15337470	0.000485161639598929
15338351	0.00131299047897964
15338430	0.00413025915599675
15338830	0.000831433320183893
15339451	0.00147891563002181
15341180	0.00254345005619293
15341450	0.000708608916522242
15341740	0.00270860529996581
15343250	0.00178147311721943
15343991	0.00165376869333014
15348500	0.0010027223292887
15351270	0.000593132356394818
15351731	0.00844201490425455
15352011	0.0149198961056784
15354020	0.000568793490658003
15354180	0.00099845727045005
15354481	0.00149972114648153
15354570	0.0101605068817388
15354720	0.000560792725116873
15356380	0.0962915510096301
15358990	0.000744339060684215
15359591	0.000944071341088986
15362440	0.0390730719012293
15362751	0.00406549301333861
15363031	0.013368120341756
15363841	0.00263097494453574
15363960	0.00204318277705236
15365320	0.00101304760606475
15366881	0.000949358831413333
15368920	0.013707222830942
15371380	0.00999895203012495
15371660	0.000542265594363116
15372900	0.00230751935304709
15373210	0.000697444386450724
15373600	0.00392925866366976
15376920	0.000530417659979092
15377310	0.000864477016647571
15379021	0.00229885212235508
15379130	0.00357858890833258
15380551	0.00111711963914712
15382751	0.0115438315559933
15384070	0.00993399042511996
15384370	0.0174878292121104
15384411	0.000534526729487871
15386341	0.00567076440349777
15386550	0.000510012185244353
15388681	0.00153030522275055
15388790	0.00360985075653511
15389931	0.000465179698020504
15391260	0.00142184214476074
15393610	0.0209295159863438
15394030	0.000550038025816655
15394621	0.00123099731208243
15396230	0.00418280002666222
15396531	0.00845403305450531
15397580	0.00270019686144058
15398450	0.0318782431477975
15398550	0.000511900926586453
15398730	0.000515368697764299
15399721	0.000673389366864076
15401641	0.000597489491825404
15401661	0.050611746606152
15401900	0.00200907021914486
15402321	0.00227027592520213
15404691	0.000856979738081167
15406140	0.00115274632778454
15406550	0.000564147399104594
15406690	0.0118135996635326
15409350	0.000591834225730275
15410170	0.00247213971215159
15410550	0.0050359894507603
15411800	0.00144696060530877
15412360	0.00447081999328446
15415701	0.00222173133474072
15417470	0.00132714967537724
15423280	0.00367600099937437
15424240	0.00221608506322592
15424520	0.00236222733475922
15426030	0.00462235878349406
15427280	0.000581946028971452
15427400	0.000624827700998873
15428500	0.00387243232181696
15430891	0.00555715116045128
15431140	0.00359151016274467
15431171	0.0288265532919568
15434170	0.000527784567108454
15434191	0.0200709242389716
15435571	0.000525422280739109
15437740	0.000539237159400832
15438461	0.00112768749867546
15441450	0.00447081827383456
15441651	0.00495246661146798
15442181	0.000530894551179096
15444090	0.000556713705644048
15445600	0.00132285320505069
15446010	0.0216245786237988
15446051	0.000901368581050614
15446290	0.000500806514609054
15446751	0.000476455996745848
15448531	0.000984319472885523
15448620	0.0038431659512091
15449371	0.0011821997938538
15449600	0.00173550465088347
15452380	0.0352479346125516
15452480	0.00265901647973147
15452661	0.106988444432576
15452890	0.00123548039115195
15453911	0.00462936508532922
15455230	0.00138916811165342
15456661	0.040787551925005
15456780	0.000499912604158856
15459431	0.00205593300723646
15459780	0.00209259839132294
15460090	0.00587539712017615
15460951	0.00060624333050379
15463950	0.0111590144642657
15463971	0.00064968341809459
15466550	0.00224771136149725
15469030	0.00145617546634289
15470140	0.00161647255466029
15471301	0.00269062535618738
15471510	0.0026287798864374
15475390	0.00106743294629194
15478300	0.00233484070921574
15478820	0.001594752619424
15479260	0.00114313098074034
15480770	0.00313157824849292
15481320	0.00535431128975851
15481340	0.00358885079404375
15482710	0.0152397701179132
15483230	0.00950442225835407
15484131	0.000844171673422847
15487551	0.0125614632117861
15488230	0.00168295567506573
15488880	0.00195907042818803
15490201	0.00240543898936413
15491120	0.00202937052383255
15495141	0.00661313818993554
15497050	0.001453118694038
15498000	0.00195424854593525
15498201	0.00113053096260763
15498540	0.00890593489349692
15499011	0.00130122956765361
15499680	0.00559992005539594
15499800	0.000535514510857745
15501160	0.000483520356406085
15502051	0.0180703246938399
15502710	0.00116872577620274
15504541	0.00138812137999808
15505310	0.00303728646099584
15506420	0.0025808486596744
15507380	0.000823019696136563
15510440	0.00374328662411381
15512610	0.00402628576406999
15513030	0.00205114314148352
15514130	0.00086806530211154
15514311	0.00135726059222689
15516480	0.0018326733455436
15516640	0.00142646974435381
15519001	0.000514579264697919
15520360	0.00141118652659672
15522960	0.000541135016688551
15523551	0.000738645323644041
15524261	0.000940445684449582
15525081	0.00172185975376667
15525190	0.00089923257350058
15525501	0.00106085334847372
15527660	0.00357879080092394
15528261	0.00506577156253477
15529750	0.00112589338228086
15530451	0.0144291344209628
15530990	0.00822021395725964
15533071	0.0018011445154325
15535360	0.000507320485794546
15535380	0.000527544572930487
15536391	0.0444276616053666
15537771	0.000691574696759206
15538331	0.001026420052983
15540890	0.0063677552881366
15541440	0.00238016833887427
15542311	0.0662443694733883
15542321	0.00214945188499017
15543131	0.000549365867758661
15543370	0.0199300153340946
15547291	0.0040385964536208
15547770	0.000599162906870134
15548401	0.00062347625869909
15550690	0.000539964268960292
15552070	0.00427573024211896
15552780	0.00238604625511244
15553771	0.00325030512169974
15555141	0.00250468623402722
15555500	0.0031875433331864
15558560	0.000514357190054589
15558741	0.19179503899856
15559370	0.00140851860472397
15560231	0.0728905491546556
15565150	0.000640127266125555
15565840	0.00416057916583724
15565870	0.000725095218813923
15566851	0.00225138056047047
15567920	0.00237614156480495
15568490	0.0560367348048412
15569190	0.061502498389346
15570120	0.00403154146878706
15570581	0.00159670870003201
15571271	0.00551496489345374
15573471	0.00180944324668571
15573901	0.000751022185838495
15574430	0.0412468974265658
15576630	0.000533414212107528
15576651	0.000752516289405354
15577170	0.009888308481817
15580661	0.00157639933559063
15580760	0.00722169726765584
15581880	0.000485490414449353
15583920	0.00186320846033022
15585501	0.00750059261646848
15586010	0.0124154531555217
15588880	0.000990802836721644
15588910	0.00306583255650344
15592801	0.00310359987717351
15596880	0.00547676354703987
15598441	0.000888725236230143
15599090	0.00235591431171023
15599701	0.00076142129637828
15600220	0.0113982853657062
15601850	0.00177449678434934
15604231	0.00328520064530674
15604470	0.00680475209896447
15605071	0.00141936691955902
15607630	0.00247938476013079
15608630	0.00183140202622388
15609061	0.000838574458645893
15609290	0.00238420340833547
15609590	0.00048110089691535
15610161	0.00163402979588528
15610451	0.00207851467016606
15610820	0.00346296291634743
15612340	0.000479696131905854
15613180	0.000635000427576957
15613700	0.00755700732965801
15615650	0.000695404090094484
15616251	0.0196820807997866
15617201	0.0280688596958301
15619131	0.0023407283397001
15619370	0.00155311337157506
15623561	0.0024971468998982
15626940	0.000577308875901101
15627100	0.0277197543755766
15627691	0.000491805588269303
15629730	0.00487578485170151
15631760	0.00612101324890342
15632910	0.00489861980257768
15633150	0.000770106494104641
15634000	0.00748078250070069
15634451	0.00061157455231696
15635490	0.00768353449686689
15636070	0.0301987496685999
15641310	0.00154053813703788
15642110	0.00179753062421567
15642270	0.000546151239427595
15642280	0.0018110533043743
15644740	0.000634195273029479
15648371	0.00136985895056948
15650700	0.000597021367684455
15651811	0.00105848435807308
15653201	0.000552354592442425
15653460	0.000526852512571829
15654970	0.00115565062069413
15655210	0.000572823710103715
15655640	0.00486103406279801
15655831	0.0277097287166148
15658010	0.00125089937144086
15658711	0.000843387790158665
15661191	0.00422883559339878
15665891	0.000873379867721229
15666260	0.00192526054742914
15666800	0.00135071974597811
15666861	0.00374210859569132
15666940	0.00166636137345281
15667770	0.00271333420521613
15668190	0.0119411031543395
15668511	0.000549073509664897
15668880	0.000591773909722871
15669020	0.00086161007442111
15670800	0.00195013351528683
15673201	0.00126837926742506
15673560	0.000594267227362549
15674280	0.000569781582398074
15674410	0.00379404241164542
15676101	0.00365764493754209
15676511	0.00371310600429619
15676641	0.000660507831918278
15678660	0.00344655301641096
15680511	0.000554270259888429
15680620	0.0033789190787603
15681840	0.00236805221063934
15684170	0.000569244857331159
15684350	0.00076614784737686
15687370	0.000872591953508014
15687620	0.00132466166634997
15688210	0.00053307629524239
15688610	0.000540331883304124
15691360	0.0132038947100334
15693420	0.001101256367544
15693440	0.00139184645519711
15694021	0.000611974043883171
15694161	0.000611929993854827
15694311	0.000515228588856575
15694571	0.00065391990595537
15696771	0.0005296842137942
15699110	0.374221871256728
15699780	0.000549611942904182
15699811	0.00511085745088446
15700180	0.000577833115239351
15703790	0.00201068198771474
15704501	0.000743404648397549
15704600	0.00175857059950028
15705201	0.000602392079190533
15706970	0.00175248722653241
15711121	0.00289609465142136
15711141	0.000616703606706722
15711251	0.00154894245458521
15714380	0.000624051922496829
15721201	0.00191811061992258
15721621	0.00349120114181847
15722100	0.0157856078741221
15723520	0.00144526015634166
15723900	0.00222764902851797
15724381	0.0130986092835083
15724631	0.00213806268490426
15725591	0.00131360389605655
15725720	0.000502699066426155
15725970	0.000556563528764342
15726171	0.0225046031235217
15728170	0.000918114862456136
15728860	0.00722995894144244
15728911	0.00316499424988826
15729710	0.00390054092632285
15731111	0.000500772857529337
15731531	0.00621212099144218
15732310	0.00162269928786188
15732791	0.000562852139985978
15735510	0.0134429551359996
15735531	0.00178514811073652
15736921	0.00147539281669282
15737980	0.0156184101569763
15738820	0.00130201185998738
15739510	0.00346498471330637
15739900	0.000496461589081632
15740470	0.00192410794570385
15743070	0.163512466233082
15744340	0.0013537698779532
15746441	0.00131106178728509
15747111	0.000496122990303508
15747541	0.00168759427010445
15747750	0.000745814406923923
15748211	0.00205739821992814
15749341	0.00114456724142355
15749430	0.00305135788965292
15752160	0.000488250634095696
15755500	0.0640217712021637
15756101	0.00146026942284268
15756491	0.000508334750540179
15758421	0.00756247046479845
15759811	0.000825427493998989
15760200	0.00157815860436967
15760491	0.000758939135433076
15761731	0.00236961686317061
15762410	0.00144721348899793
15763541	0.00640680202989131
15763890	0.00102042666248764
15764600	0.0458912784393148
15768860	0.000552835107774111
15770370	0.0020827170792978
15771200	0.005760466051494
15771640	0.000512475074838775
15771681	0.00821455388839315
15772180	0.00391319360235672
15772651	0.000657017655635498
15772870	0.00360449360752259
15774031	0.0149804290262775
15774851	0.000675015311323055
15774971	0.00173547007531525
15775340	0.00120624588122293
15777430	0.000965958467648111
15779910	0.00458932844514115
15781171	0.00080713161706879
15782100	0.232980609952859
15782151	0.00259738932763739
15782841	0.001015680862627
15783060	0.000592897166290106
15783370	0.00180782017410522
15783650	0.00264843141622461
15784200	0.00304224051911744
15784850	0.00104028574600096
15785270	0.00593122627736081
15785731	0.000546482223941643
15788580	0.00684675241137963
15789051	0.000839339955391855
15790660	0.000658510685733912
15791951	0.00140025341752292
15794660	0.00216156226430407
15795681	0.00187656141129301
15795740	0.00367666711493405
15796761	0.00147562543454729
15797061	0.0182797441149779
15798400	0.00464559957522573
15801680	0.000492140894699907
15801881	0.00919770844969883
15802640	0.00137698662173126
15806011	0.00242472877441594
15807230	0.000955702362677576
15807740	0.000694840713295865
15810540	0.00181251964552904
15813611	0.000570999765509668
15814820	0.00145180513252274
15816300	0.000725102574771714
15818530	0.000486509831371896
15818691	0.00247955541439112
15823490	0.000494962915595368
15823640	0.00130744482316784
15824891	0.000640538505133992
15826100	0.00134386557859702
15827531	0.000673901602743037
15837191	0.0016388936738262
15840061	0.00389411234233186
15841430	0.0027727717353174
15841810	0.000517006665379537
15844040	0.00214164916851836
15846971	0.0414580643891603
15847460	0.00192904089636582
15848720	0.000484945154157658
15848751	0.00356711161390427
15848761	0.00294761459489112
15849031	0.00231517005991167
15849311	0.159308046618214
15849850	0.00166965357478096
15852850	0.0176335360637208
15853570	0.00343141915115337
15853861	0.00367373255079588
15854080	0.00150098625146709
15854120	0.0039143401679454
15854220	0.000494095618624507
15854640	0.00603353447854237
15854930	0.000481855865136486
15856600	0.0419993199246609
15857191	0.000497891525144572
15857851	0.00173602633314846
15858541	0.00268097254674369
15861881	0.0637829814212872
15863121	0.0155544156305063
15863190	0.000678338094621806
15870011	0.0041046300075367
15870131	0.156405552649724
15871111	0.034332856147403
15872040	0.00054064628265561
15872911	0.00679026964100633
15873881	0.00635327059999121
15875231	0.0007090599643319
15875360	0.00497024369026236
15875801	0.00247942341813518
15875931	0.000647706951053139
15877260	0.00484102509788571
15877410	0.00649719602564516
15877800	0.00957074972579886
15878910	0.000859571292620122
15879320	0.00170014333089041
15880611	0.0054004886481567
15882561	0.00365839615935831
15882821	0.00105723602889367
15884290	0.00199297955672198
15884621	0.0245812908801198
15885970	0.0115798010137503
15886260	0.00624773742518306
15886770	0.00163873951303092
15887220	0.000542486512812502
15887770	0.000529866947714048
15888840	0.0526680626412719
15891500	0.000602518496647846
15891931	0.00518876421171978
15893871	0.00140982830749269
15896290	0.00105076211301802
15897670	0.00573414031486166
15901400	0.000523642260448904
15901410	0.00138915991662849
15901461	0.00225227470535331
15905410	0.00491564150570113
15906650	0.00283390456683371
15908860	0.000487305437730057
15910800	0.00140821500763763
15911220	0.000470058646694465
15911231	0.00126864209138396
15911490	0.00277678421513312
15911641	0.00295146704663242
15911781	0.00304236639716709
15912071	0.00154503041159684
15913441	0.00342892816606302
15913581	0.00338638165477837
15914151	0.000511272279688152
15914701	0.00588297684220975
15914920	0.00137635915598991
15916491	0.0039088990682846
15916751	0.00452331419920984
15917110	0.00527254443220077
15919480	0.0084608870850115
15919511	0.000546428940995591
15919740	0.000958530825087465
15921550	0.00061243029712864
15922910	0.00119317536482817
15922961	0.00331793966025122
15924600	0.000656420404938751
15924840	0.0461795733712989
15925550	0.00716062921251162
15925861	0.00259013619554855
15926940	0.00309749657052811
15927241	0.00179276010772959
15927330	0.00316359773715786
15927460	0.00202800195748102
15928440	0.0187109043890109
15929041	0.012593616858361
15931391	0.000943470087407055
15931910	0.000545838818505096
15932420	0.00101783473760579
15932970	0.0502869617296178
15934780	0.00128284348176562
15935091	0.00058234273581088
15936030	0.00258349847163983
15936061	0.00117921243021157
15936990	0.00243097762478667
15938421	0.350842604768938
15938800	0.0145770697331775
15943630	0.00410279349352259
15943931	0.000490047059928043
15944341	0.00130297059979022
15946630	0.000637295390881462
15947630	0.00050159039500209
15948040	0.00852826056202632
15948331	0.0015645504316895
15948901	0.000540845958860672
15950531	0.00248995375545395
15952980	0.0022884717625082
15953700	0.00108836679653745
15953851	0.00183602207655714
15958121	0.00181907632389778
15960570	0.001841548626556
15963921	0.00116795293860754
15964351	0.00611152079238473
15965011	0.00230319529908591
15966240	0.00593761776053375
15968290	0.00169137993167805
15971200	0.00186467260842641
15973591	0.00232916941410423
15974770	0.0245632172187857
15975221	0.00174409423378232
15975501	0.000704469193454376
15975771	0.000629230970681712
15978961	0.00459598013834023
15979921	0.00646138673061543
15980191	0.00083156389780001
15984860	0.00886381579385392
15986650	0.000789524896437249
15987450	0.00117856868397607
15989301	0.00129398504546948
15989830	0.00736463306877853
15990780	0.00236783113204404
15992580	0.00828026083428066
15994780	0.0221132587691379
15995101	0.000523979457051274
15997680	0.00351660209148818
15999781	0.00211106120570812
16001380	0.000554978734821664
16002251	0.00772811587622449
16002691	0.0102102312365462
16002780	0.000711863489532454
16003091	0.000496897923045943
16003241	0.00732219589791759
16004020	0.00103378598830664
16004181	0.00428839219245042
16005280	0.00684798284688049
16005400	0.0015136108263051
16007880	0.0149200247996941
16011501	0.00189659653433357
16012181	0.000727015323680499
16012990	0.00166646026460394
16015081	0.00208590330113709
16015610	0.00149650936440771
16016580	0.000523997864768843
16017820	0.00588690577410229
16018370	0.00830013050992205
16019760	0.000635364540382934
16021550	0.00097648593809393
16022500	0.000755640423009511
16022930	0.0181860199230921
16024481	0.00175804175421727
16024580	0.000634806886389784
16026811	0.00383648873477092
16027781	0.0027397111849456
16029171	0.246277935613228
16030271	0.00287205055264311
16032621	0.00263435084373076
16034121	0.0017643452923929
16036601	0.000553401537513111
16038790	0.00527175614993494
16041920	0.00177799049621359
16041991	0.00123956284343328
16042900	0.262625457198291
16045151	0.00156467229198939
16045431	0.000536931920220908
16045691	0.00656175360361339
16045841	0.00685986240088683
16046490	0.00452609131430352
16046801	0.00222295970148946
16047740	0.0100082873573072
16048451	0.0037935970287682
16049421	0.00136106588226609
16050620	0.00743273501542944
16051231	0.00486924586338969
16053561	0.0485717028547822
16053691	0.00159065860144235
16054480	0.0012904292815609
16054661	0.00428365677838036
16056331	0.00316085337563237
16056611	0.0010395276784756
16057021	0.00579409399282018
16059170	0.000730504755175952
16059631	0.00245714839323221
16060891	0.0186236343554142
16061130	0.000486207839567571
16062490	0.00122518631535115
16064150	0.00399991154589848
16066200	0.00148352785484595
16066500	0.0020502210147126
16066531	0.00221362368320291
16066941	0.000669544614999268
16068731	0.000774020384040742
16069370	0.00069065080212509
16069950	0.00162190874526223
16070750	0.00199558759408045
16070890	0.000482565710842709
16071211	0.000565815531717319
16072820	0.000592695045141278
16074251	0.00306831912188414
16077380	0.00134531149161852
16078210	0.00387246377947516
16080140	0.00241098049311175
16082101	0.00186672445683271
16083340	0.000658306505005474
16084171	0.000817080283939183
16085500	0.0019947227225599
16086521	0.00448477191530536
16086681	0.0073925470476002
16087430	0.000521285487744745
16087771	0.00206647962178179
16087880	0.00533111247214117
16088950	0.0032330526623579
16091040	0.00283550586644622
16093510	0.000883913742885728
16093691	0.00065020361457508
16094920	0.00612520067444925
16095091	0.0187921636685578
16095870	0.000544798735787725
16095921	0.0704785063413905
16096290	0.000581609684602696
16096400	0.0032559722631845
16097421	0.00214607921022389
16098740	0.0025579889993314
16099570	0.000948523392110307
16101991	0.00269586247957648
16103361	0.00175349924762683
16104741	0.07220017876079
16105520	0.0254280951706507
16106070	0.00104638855488232
16106360	0.000519987314825319
16106370	0.0015656818237839
16109500	0.00145462999015886
16109841	0.00222221367901359
16110340	0.000477723024543742
16111901	0.0010668184194266
16112140	0.0043007397548078
16112430	0.00106263765794833
16113301	0.00898966440728324
16115361	0.0199536323315445
16115750	0.00347213504648046
16115880	0.0035601908397874
16116810	0.000621210947138976
16117431	0.00345019887867037
16118661	0.000637674249871627
16118811	0.00296215675315964
16120020	0.000572291818347493
16120041	0.0235799261911912
16121220	0.00240674551001534
16122190	0.00651413968419375
16122401	0.0325147042466815
16122640	0.000947658112474679
16122951	0.00410458577718632
16123850	0.00265085720826668
16128400	0.000578106194578653
16129431	0.000487670277196845
16130900	0.000554775267365627
16131990	0.00857516565387278
16132850	0.000566358998145312
16134880	0.00181403368529405
16135180	0.061000763941966
16137370	0.00482765057636907
16140390	0.00174124960957997
16140560	0.000847006990181506
16140741	0.000564418197910833
16142320	0.00196154833893016
16142511	0.00146449124010404
16144031	0.000570425590082717
16145380	0.00242707246832646
16145510	0.000586009879309969
16146231	0.000997520984819556
16150210	0.000828818964793651
16150610	0.00159127640894204
16150760	0.00743769542479834
16150801	0.000696453651282928
16151751	0.00133971036870469
16151761	0.00231359831551218
16152721	0.00163153989680997
16154090	0.00161163628973678
16155010	0.001716021860702
16155201	0.00162778586150183
16156721	0.000583671566636038
16157120	0.0216359350849494
16159201	0.000634999085634238
16159611	0.00138713182071023
16160260	0.00140118145034588
16160670	0.00581895615552062
16163071	0.00410879362188036
16163430	0.00059628768880683
16167221	0.066281873033618
16167911	0.00105147014941381
16170180	0.0444402266286205
16170371	0.00268571515276631
16172000	0.00105618289822221
16172021	0.00327588079726284
16177370	0.000841969006321462
16179481	0.000575978965429831
16179590	0.000841779743816982
16181780	0.000752137499415733
16182091	0.0511155786105095
16182391	0.0373181162010755
16184690	0.00097579447456418
16185971	0.000660667185709771
16190610	0.00292473055223238
16191280	0.0497191884656576
16192871	0.000650733259572511
16193951	0.000549013338085497
16194231	0.00143422279785957
16194360	0.00429505697498797
16195590	0.0891761861070271
16196591	0.00683435465914765
16199071	0.0022444651016771
16199751	0.000713827851584264
16200031	0.01222839430293
16200130	0.00123935542759197
16200260	0.000679376539718827
16201900	0.00443758551645231
16203751	0.00100797064706617
16206320	0.00146169429116179
16207081	0.00334115198093626
16209360	0.000693396020844978
16210050	0.000486743115124919
16211071	0.00233645463895053
16212461	0.00119762851865986
16213510	0.000642149293538745
16215351	0.0072320807325656
16216110	0.00236113008864968
16216410	0.00177692959269366
16218350	0.00176053583439949
16219341	0.000619725486855271
16219730	0.0100762355899194
16221070	0.00235274092624606
16225770	0.0113931825957138
16227201	0.00243576004223
16230050	0.000634477908291668
16230661	0.000636844639439862
16231030	0.0114273490687833
16231320	0.00273703739321442
16231351	0.000530345204197771
16233070	0.0343226543325201
16233770	0.00129537958938662
16234480	0.00266900721298316
16236140	0.00114301823152282
16237080	0.000527672123317492
16238101	0.00121590595860765
16238661	0.00142146380783291
16239140	0.000541020431300002
16240431	0.000771465231164552
16240441	0.0107740689908092
16243720	0.00157606050307774
16246740	0.00150041321646553
16248151	0.0134862347632459
16248970	0.000576534728114131
16250040	0.00124430482076488
16251580	0.000471985612494843
16252171	0.000505173167044907
16253220	0.000506490728363555
16253671	0.000694580504935047
16253800	0.00407305530806482
16255450	0.00537171194819539
16255570	0.00254109331475333
16257070	0.00958808693798732
16258600	0.0610535525846285
16259461	0.000578891252101581
16259741	0.0011779945225401
16260270	0.0482418253014217
16260400	0.00743638403992797
16261281	0.00427787874555437
16262190	0.000559185255135934
16264280	0.000505958251754094
16265510	0.000687179256856028
16266310	0.00291973753183178
16272851	0.000908164082508749
16273380	0.000690655891300578
16274350	0.000797200569462477
16274580	0.010327520434754
16274900	0.00174404770254871
16275550	0.00561205656638442
16275690	0.0202349079169108
16276790	0.000506608161360756
16277520	0.314892632033208
16279310	0.125297359216342
16279761	0.00385635176374615
16280260	0.00274716445146232
16281671	0.000939730447868887
16282340	0.000643485807971061
16284000	0.000562297012869728
16284800	0.000626256990214757
16285121	0.000634576578819875
16285370	0.00168814392332804
16285520	0.0223642876236928
16285650	0.00233301268731603
16286180	0.00833285979916247
16286750	0.00268470203831636
16286880	0.0110294047674917
16289340	0.00199575456949545
16290491	0.0238092490095925
16290651	0.00415042673950452
16290880	0.000517356897229433
16291071	0.00218936226018215
16292930	0.000496945281761514
16293780	0.0227489091831109
16295700	0.00124416366348525
16296161	0.000507485985762589
16296800	0.00161009213830873
16297200	0.00445241896575989
16297251	0.00105487078351487
16297900	0.000931165560282488
16299580	0.000560320134540064
16299871	0.000635156569571363
16301220	0.00173461867627135
16301350	0.00118879294416164
16302050	0.0105615787048664
16306470	0.00292093573351342
16306501	0.00856130695067294
16307741	0.000625218149378067
16307881	0.00101920339578542
16308140	0.00137943552835536
16309500	0.00160404815264107
16310040	0.00180534547033494
16310081	0.00235140525580879
16310330	0.000566658456548587
16310931	0.000604319701231486
16312721	0.000501430808182118
16312790	0.00449602674576017
16313510	0.00374487323405207
16314190	0.00344239145247085
16315010	0.00180493665589801
16315300	0.000848734287010535
16316120	0.00955998614082051
16317380	0.00103474288855037
16318200	0.00522239297434286
16318771	0.0319909344841734
16319700	0.000962531570058882
16320721	0.00541987148188502
16320820	0.00498112691205829
16321230	0.00649598308474913
16323540	0.00137957807214331
16324031	0.000527914877389834
16324141	0.000905621428940984
16328950	0.000478093164480014
16329080	0.00144991740167813
16329121	0.059060211634172
16330351	0.0755809347815695
16331840	0.00061217732553177
16332281	0.00714601063717226
16332851	0.000586836862838182
16332950	0.00531417165856143
16333100	0.000934538734026813
16333770	0.00371075447747767
16334211	0.00155454433359062
16335820	0.00658589911214154
16336680	0.00177254112979124
16336691	0.00181379192255305
16338190	0.000642648025157616
16338491	0.00259517158723961
16338610	0.00184838874911786
16339550	0.00235174060346959
16339591	0.000636418121379909
16340410	0.000571467231731331
16340421	0.000513663683001887
16340991	0.00214415451172236
16342351	0.00229051911360289
16343980	0.000644491250221585
16344090	0.000669795698614754
16344930	0.0127943697977915
16345080	0.000706487120561187
16346170	0.00573797403923254
16346990	0.0158839056938843
16347891	0.00491992754678884
16348100	0.000516320064797066
16348981	0.00300042135296118
16349230	0.0022418508699593
16349500	0.00190956458239416
16349671	0.000502148208509237
16350470	0.000477010705530927
16355191	0.000560415405310215
16356400	0.000487141346102314
16356650	0.00179331094882574
16357121	0.115308508268103
16357961	0.000983705464979408
16359010	0.00368829129347539
16359041	0.0164249530508022
16359451	0.00455663553835256
16360920	0.00614817093313388
16361811	0.0216670271346274
16363150	0.00197273965151292
16364130	0.00850861146424136
16364431	0.00440995388365254
16364820	0.0118432905690058
16365951	0.00256553459344795
16367270	0.000494138206887137
16367710	0.00056371710399219
16368810	0.00205714944154704
16379420	0.00218891141815965
16380110	0.00209105360312529
16380711	0.0126722266528252
16383560	0.0065548726898143
16383680	0.000520878248471904
16384571	0.00264970526011323
16384981	0.0052593638523531
16385780	0.00104020240166485
16386231	0.00505375393895485
16387430	0.023167056669922
16388151	0.00447608002438335
16388561	0.00118507173847475
16388950	0.00157532556171698
16388971	0.00191447608877904
16389391	0.00152823345443601
16389750	0.0033069805222069
16389900	0.000952141195996056
16391120	0.0013050959882505
16391400	0.00153514973034426
16393880	0.00339017486753035
16394880	0.0119851162242079
16395980	0.000534362988071166
16397941	0.000486572904393167
16400790	0.00140791468977284
16401811	0.00240850106174793
16402320	0.00128037418816721
16404810	0.000964576252367352
16405600	0.000545159512875608
16405661	0.00177301645548285
16407461	0.178422761411741
16408011	0.00551708040612069
16408971	0.00150848066999815
16409241	0.00215025752197727
16412930	0.00563794153564636
16413401	0.00188727652578643
16414580	0.0759101498035721
16415461	0.00420939578443945
16418600	0.00111826687927733
16419260	0.00255130317900847
16421121	0.00217278943691836
16421500	0.00844504706132151
16422501	0.00100546376917399
16423140	0.00841286570002354
16424240	0.000936325696272611
16424360	0.000538642001515032
16430361	0.000642778771653372
16432220	0.0168429183286943
16433200	0.00718260537261555
16433600	0.00130967807230159
16434901	0.00119116253771257
16436230	0.00183462214574863
16437531	0.00105869089524237
16439130	0.00104389636388676
16439290	0.00218740237992433
16439530	0.00233525558297352
16440841	0.00115379712955665
16443690	0.000510314046636846
16444640	0.000474752172268735
16447280	0.000478658782631876
16447670	0.000639310657508713
16449801	0.00183512605052779
16450310	0.00147227188918222
16451540	0.00275810642892097
16452281	0.00398257877845287
16453511	0.000789078256560435
16454150	0.000586904110916345
16454201	0.0359583744952189
16454501	0.00168111173315668
16454870	0.000583223384703226
16457760	0.00177630483112509
16458180	0.00776408708254251
16459451	0.0010988906583048
16459731	0.012127753211559
16462361	0.00100781899469374
16462761	0.000773836611561676
16463461	0.00264871396918498
16464831	0.000835599140908434
16464950	0.0013079111522696
16465220	0.00401177874152548
16466710	0.00067088039037004
16469651	0.000628323339668454
16471140	0.0020816134679182
16471721	0.00124862316593518
16474980	0.000857305095060786
16475420	0.000778967947886991
16476120	0.00100608476236347
16476411	0.000573101955369766
16476630	0.00390669045989988
16476981	0.000711465538357647
16478061	0.000632197608472301
16479571	0.000604166860873946
16480770	0.000586551098201388
16481490	0.00111229384542739
16483670	0.000934364876620035
16484411	0.00516957746268826
16485360	0.00721439953354484
16488281	0.00465271073147603
16488500	0.000568112562797358
16488770	0.248048053722607
16488831	0.000677776639543031
16490611	0.00599224683836967
16491410	0.000937822149967329
16491840	0.00221381325834122
16494310	0.00233894770660135
16497511	0.000711896626981755
16497521	0.011852340522476
16498440	0.00420508837195236
16498761	0.0106157487323934
16499591	0.00120185931053313
16500380	0.0303631563439542
16500670	0.00638009439071578
16501921	0.00291387754043529
16502211	0.00412444133136665
16502720	0.000618031751542678
16502901	0.0143554977600633
16507680	0.00336439066771558
16508961	0.0036145618215828
16509450	0.00190891907240071
16509590	0.00538758226138362
16509661	0.0133204662673532
16510331	0.000856905039979342
16510420	0.0012542697654526
16510450	0.00442178720663076
16510491	0.00060401876711604
16510850	0.000617417401750072
16511010	0.000515960093693581
16511571	0.000722347459186493
16511731	0.245414662017182
16513921	0.0194360195132373
16516390	0.00161870874184925
16516530	0.000541549225746725
16518081	0.00595898586139726
16519410	0.000507420149120253
16519970	0.0305947393794416
16520971	0.000585885392040404
16521890	0.00810585196132283
16523291	0.000521541335278534
16525760	0.00218290436120585
16529231	0.000838179493838694
16530000	0.00281345484682078
16530051	0.000949068575905325
16531431	0.00617286047555623
16533241	0.00842422267493531
16534450	0.0178655876922017
16535441	0.00562420644458323
16536811	0.0191871482274499
16537050	0.00264877280001319
16537470	0.000568464973163649
16538351	0.000494140433273785
16539930	0.00200035702719936
16540411	0.0111157229113579
16540421	0.00134703699146998
16540551	0.000560456519675887
16540760	0.00101241536257555
16542071	0.00059346241173338
16542331	0.000553892529060106
16542341	0.0747908213755088
16542611	0.00215326558235442
16543010	0.00161076772972574
16544811	0.000851845020625332
16545870	0.0160557235417032
16547011	0.115113290814783
16547161	0.00183576744773221
16548080	0.0231440229544742
16552220	0.00193028454270436
16552350	0.00282520303254354
16554830	0.00105720259974653
16554990	0.000498310838694302
16556760	0.000689653361021631
16557600	0.00428154427081744
16558440	0.000487728676843478
16559140	0.00120264266151746
16559701	0.00110126638925364
16562601	0.00546314851957027
16563100	0.000539793543280238
16565931	0.00058478329618849
16566840	0.000704869358906301
16567431	0.00273254947662996
16567571	0.00228417847119444
16572340	0.00113764797347476
16572531	0.000561816170120313
16572920	0.00344045325212739
16573740	0.00117290028491669
16575301	0.00111311876003892
16576271	0.00232659821025728
16577931	0.000483783027108467
16586481	0.00309511302212612
16589480	0.000734452294838826
16590970	0.000619131901414511
16590990	0.095099310214422
16593610	0.00142516543380535
16594580	0.00681816675944374
16595820	0.00227087564486126
16598071	0.00368279730852826
16598970	0.00056488816334484
16599100	0.0010980132759435
16601900	0.00229361697704734
16602700	0.00270573250094407
16603670	0.00108045763137702
16605211	0.000585887500155095
16605931	0.00288898780193123
16606860	0.00796284712243956
16608100	0.00220666928339731
16609190	0.00132218284070698
16609720	0.000543533342752518
16609730	0.00234323250054526
16611930	0.00196860024225268
16612500	0.00216351713246622
16612941	0.00285762068193946
16613180	0.000503321582541101
16615281	0.000529536062200231
16617200	0.00397253735459312
16623920	0.00157976500932784
16624111	0.0164295321747975
16624350	0.000784643662087019
16624391	0.000640292721793849
16627510	0.00139067386844719
16627841	0.00285504959390466
16630030	0.000562107031998677
16630201	0.000599805192311991
16630980	0.000514670592529378
16635841	0.00126932986149745
16637720	0.000560044647104002
16638871	0.00401876874735973
16639100	0.000535591596097246
16640360	0.00973203889086619
16640951	0.0103971798344658
16642601	0.000690994304620296
16642680	0.00243349093909374
16643301	0.000589123154026489
16643581	0.00254810736816082
16644271	0.000823833580140778
16646201	0.000829310334071298
16646280	0.00166535763446497
16646680	0.00128969945675145
16647380	0.000541308207636592
16647540	0.00619316253888317
16649071	0.00317189686321046
16650201	0.00114119507428336
16650311	0.01577726179654
16650440	0.0016831934906573
16650710	0.00280754944553514
16653170	0.00445553202091423
16654820	0.00177047645548774
16656350	0.000516082056008941
16657750	0.000578325251587962
16658280	0.00302033623970082
16662580	0.00223941319470484
16665600	0.000989192650214545
16666171	0.00104890473730507
16667100	0.000529613438113701
16667790	0.000504869035195634
16668080	0.00283037175530479
16669170	0.00257307658615467
16670540	0.000488512517141656
16670840	0.000546415055321373
16673231	0.000557183182073449
16673460	0.00696186456234482
16674430	0.000796652556084884
16677231	0.00126530818027555
16680381	0.000527294865091466
16680770	0.00400655420008247
16682420	0.00107894687303921
16682461	0.000483816349270793
16682751	0.00163630265719336
16683100	0.000752313157751554
16684750	0.000729054846696108
16686440	0.000558576191568093
16688101	0.000738573748421549
16688241	0.0135170006026785
16689050	0.000674947167036778
16689180	0.000933426645321683
16689740	0.000642252553410703
16696401	0.0102514140265996
16699021	0.000665043770636922
16699650	0.0109216584383286
16700811	0.00156865783750924
16704060	0.00137886968690299
16706670	0.000528941512320176
16707281	0.0026874614781129
16707961	0.000583386917862658
16708671	0.00105226745371794
16711770	0.00149108939982809
16712740	0.00389503638846112
16715271	0.00926870087199649
16715411	0.000957297720934114
16728770	0.000482869883516373
16729211	0.000621826221015718
16765320	0.0433455283919316
16782690	0.00113168685581656
16838120	0.00140114797124334
16947111	0.0222667415977258
16964610	0.00173675578194859
17000641	0.00207714030653643
17020040	0.0198346467286513
17031261	0.00671305863933711
17114930	0.000636586567686566
17125451	0.00124485343464015
17199081	0.000766700339969152
17205120	0.00153269639740933
17318791	0.00351309992090051
17321950	0.00738937051291167
17353090	0.000581351005907272
17398050	0.00359998431296667
17427881	0.0245056771450119
17515850	0.000480134214356672
17563130	0.000609712731625646
17563280	0.00124817894940552
17572380	0.00173222231400788
17665360	0.00406315033499839
17697760	0.000997251418253438
17713661	0.000523619822111785
17719011	0.0148604240665214
17773190	0.00064850766751271
17850950	0.00605480671580717
17881320	0.000634762305393319
18010000	0.00169527022854207
18015541	0.00133039706795753
18053170	0.00513765789509934
18110031	0.000499961626524236
18184740	0.000536676723126503
18186120	0.0190431451407633
18271470	0.00300198987281173
18327730	0.00314447574137788
18350630	0.00943691839597116
18384140	0.020625345775187
18404410	0.001419159124386
18449360	0.00112879912636467
18502391	0.000651592817444892
18516800	0.00743957617273354
18576861	0.0112372309698468
18582740	0.0109880462299451
18590350	0.00113616916722052
18608830	0.0098475861398512
18619420	0.00690255552282352
18723270	0.00220869696022966
18797941	0.0163864271525351
18819021	0.000565290176300492
18838071	0.00146311576108226
18842471	0.00229310038971423
18889870	0.00050941683645036
18942601	0.000776523586566198
18946020	0.00486495638044426
18951960	0.0030409665511914
18971370	0.00339006485705728
19006130	0.000596914001460659
19028350	0.00156855866794095
19040890	0.000926532170254976
19068890	0.0953984321247895
19075800	0.00101538655659491
19090690	0.0188066902102788
19186650	0.205235190619654
19194130	0.00113589405387078
19216890	0.00403398229324424
19330271	0.00588528137021871
19336470	0.00101822673904427
19337540	0.000681196091905645
19349881	0.00654756285698607
19359101	0.072763833739149
19495030	0.00195542791269737
19546240	0.00117466425607294
19569510	0.0345757586278282
19684280	0.000564940324405515
19737080	0.00110652747722081
19750870	0.00119502251444469
19905500	0.00295547202925071
19925121	0.00058120808151312
19950501	0.00517479192010014
19956360	0.000597703598321004
19993760	0.00165176027377863
20086871	0.000585813361516689
20150451	0.00252021620845854
20153340	0.00269987004621911
20175660	0.00522930665016257
20185771	0.00141307560703613
20187100	0.000700075340850723
20188651	0.000604540175903106
20189071	0.00285280760316211
20189351	0.000522022669659814
20190031	0.00940829973621039
20192900	0.00188297940871711
20192920	0.00652333655302526
20193730	0.00221171928100161
20195421	0.000848496035845871
20196060	0.653379423296313
20197310	0.00066280481824868
20197590	0.138467045982809
20197850	0.0126474404108086
20199011	0.00141604008877764
20202550	0.000971966464694889
20203411	0.0104325460330237
20204391	0.00159079292661205
20206990	0.000544878302299742
20210280	0.00165200934213513
20212890	0.00161233808440389
20214741	0.000581483159164511
20216261	0.000543097186065487
20218970	0.000836664141507053
20219100	0.00768175862518778
20223021	0.00545312786414757
20223141	0.000576259235531914
20223650	0.00126604315063217
20225710	0.00350217392263407
20226731	0.000534453992086392
20229061	0.000534691339270037
20229430	0.000532894606000474
20229611	0.00268937290187309
20230311	0.0585345533668389
20232111	0.00151812816904337
20233870	0.00104208929591092
20237740	0.000548142782717383
20241030	0.000654172083104959
20245201	0.000873161463657876
20246301	0.000698736022244383
20250591	0.00167308450951598
20252630	0.0217477712620706
20252801	0.00303076447494926
20253061	0.00194923535584207
20253580	0.00114914776651552
20254420	0.0412852168562239
20257081	0.000721883043256771
20258171	0.000740345447674749
20260521	0.00166651014158903
20260890	0.00166146182085554
20261190	0.000584482973646777
20261580	0.00341708733483823
20263100	0.0026375065200025
20265600	0.0288221338075319
20266120	0.0114075915093092
20266991	0.000822586483629674
20267260	0.00118365101134964
20269351	0.000714046642253711
20269720	0.000565152022539065
20270461	0.00284187532792901
20278410	0.000834701491019157
20278581	0.00142292448611348
20278660	0.0221279008014351
20280091	0.000624089043853931
20280770	0.000544120904499344
20281071	0.00163204173793096
20284890	0.00400783270859316
20285891	0.0307291738207358
20286700	0.000841955196969027
20286731	0.0377403709001485
20287961	0.00693424450072261
20292750	0.0010809440919172
20294431	0.00341942619052463
20295780	0.00172385834794741
20295900	0.00112025836876233
20296060	0.0103064995490744
20297061	0.00915780344629999
20297840	0.00315816103775031
20297870	0.000537150666283128
20299390	0.000558663614381815
20300220	0.000712997675369741
20304931	0.039113981854368
20305081	0.0181999287159869
20307001	0.00654127781079954
20307350	0.000872585520210515
20308340	0.00183019783267054
20309611	0.0011746881461784
20311520	0.000617629416283424
20313491	0.00228794042027226
20314311	0.00105244599127916
20315650	0.000556100944845474
20316210	0.0103364069943922
20316921	0.00107919605198259
20318530	0.00553211602920871
20320931	0.00497783285188202
20321850	0.00541802297383001
20322400	0.03541718495388
20323520	0.00136396638737285
20325590	0.000607257527124397
20325631	0.00591688044579183
20329020	0.00533733235054347
20329420	0.00241059269597312
20332070	0.00160756952938986
20332361	0.0141142845965631
20332801	0.0143727471857733
20333010	0.00454015641496275
20333300	0.00183214148516289
20333440	0.000844379349759926
20333570	0.000488496483075955
20336350	0.00174248789256888
20339940	0.0005083816423104
20340450	0.115707714958236
20340781	0.00415534448583566
20341550	0.00200157356131567
20342410	0.00265038947527589
20349000	0.00203986844203527
20349611	0.000557806974023634
20350591	0.00796108830490073
20353310	0.000533777873067046
20354110	0.00639277630107996
20359281	0.00343313414592916
20360730	0.000523038888741062
20361160	0.00048046408265828
20361410	0.000683837684919443
20362110	0.00192022515149795
20363790	0.000524199694686112
20365201	0.000643921226030871
20365310	0.00324933199533032
20365710	0.002907108061376
20367920	0.00192394473516026
20369300	0.00249604365593505
20375090	0.00227569422886592
20376890	0.00445345544401703
20377170	0.00160355619137403
20377290	0.000469102897006974
20377751	0.00218995861990122
20380860	0.0042279859436452
20381860	0.00904312942917677
20381960	0.000796738914927756
20384210	0.000546094474314196
20384600	0.000619784875488859
20385700	0.0068242128236168
20386410	0.00374099217870779
20386790	0.00077502567610586
20388330	0.00188233592929882
20388460	0.000744836667637128
20389331	0.00136773934532389
20390971	0.0424250930872859
20391681	0.000831939405061069
20392740	0.00316008022814441
20393461	0.00828228849903705
20395240	0.00128291958155095
20395401	0.00233994335320427
20395790	0.333137447852935
20397290	0.0010859957223057
20397700	0.00229006181772313
20397820	0.00682447089132943
20397830	0.00102820576620471
20398550	0.0034142954585916
20399240	0.00466755446778122
20399480	0.00700622022302203
20401201	0.000931032632014154
20401731	0.0024096048707835
20402281	0.000579888230954128
20404081	0.00218089492736515
20405591	0.00590692839679027
20405980	0.00183342008395116
20410711	0.000587007347683337
20412610	0.00262421854174449
20413601	0.00112350923722952
20415750	0.00357409948657621
20415790	0.00069363648126081
20419681	0.0499612586611508
20422960	0.00115499181488476
20423610	0.00143475325790224
20423620	0.00490348506262343
20425540	0.000956994434254711
20425840	0.00146862776620269
20426861	0.000589899300470168
20426920	0.00126521840737314
20427640	0.0104332866969749
20427760	0.00163114688062111
20427821	0.00142547373827039
20428160	0.0277359393134383
20428580	0.00183086759750963
20430021	0.00342454951123156
20430400	0.00172347464283118
20431801	0.000606642625281199
20433591	0.00172061570051751
20435121	0.0041090614089477
20435681	0.0012303804419007
20436231	0.000759318640389094
20436501	0.00098873994747781
20436511	0.00101881734640761
20437181	0.0172579977326488
20437540	0.0018905716705219
20437611	0.0152463428779035
20440211	0.119931273235693
20442800	0.012655764504442
20444870	0.00116415476869276
20446021	0.00404678284402154
20447401	0.000534034545945247
20449041	0.162416658644884
20449970	0.000544413585100356
20451480	0.00173764239572538
20452710	0.0020752244810594
20452730	0.00215686082546802
20454410	0.00393869727385546
20454520	0.0466259345363569
20455531	0.0134638205826142
20458120	0.00231789917777943
20458270	0.00046871479436736
20458851	0.000639996802544523
20461830	0.00297273548738153
20462260	0.00054916497069732
20464901	0.000470035159863706
20465331	0.00093736477070527
20466680	0.000554752287239398
20466940	0.0371359072532603
20468221	0.00281398918078164
20469150	0.0458947065700421
20469280	0.00052271377055787
20470670	0.00173985984776002
20474250	0.000666375930927351
20477680	0.0033978616920799
20478950	0.00252095718057047
20479190	0.000725122575995757
20481031	0.000686675414132013
20482141	0.000567378501135379
20483910	0.00180564310843471
20484880	0.000709847419637754
20487060	0.000959133917385875
20489150	0.00171982524683737
20489601	0.000608494025611728
20490510	0.000772457663322692
20490930	0.00393426781291213
20491090	0.00223409565366057
20492621	0.000742977841208119
20493400	0.00432123589125817
20496310	0.00459395722826401
20497530	0.00112459874214451
20501160	0.000490719167229078
20506961	0.00596523556235678
20506981	0.00245562413553397
20508190	0.00135425339855001
20509331	0.000780623776417091
20513810	0.00520978616329503
20514431	0.000780992352456954
20514800	0.000520067180362305
20516700	0.00387322865975997
20517881	0.000766965013429166
20520761	0.00126967932516811
20520840	0.00876791549660883
20521451	0.00294482701285236
20521601	0.00205371756932084
20522100	0.266166799658002
20523330	0.00106866041683129
20523401	0.0012370375236204
20523470	0.00190432615596969
20523651	0.00193742624225853
20524570	0.0502286530990611
20524700	0.000558552748401105
20547210	0.00721489682890666
20549171	0.000537462443206408
20551610	0.00393587671121015
20553140	0.0042877340768147
20553861	0.00058597004006283
20554380	0.000882224005876345
20557420	0.00471732496514043
20558131	0.00133996985528201
20559870	0.00505498315469463
20561321	0.00760956606340568
20564341	0.000605049153677606
20568460	0.00177913045866941
20568901	0.000545819827080366
20568980	0.000589800876065103
20570821	0.0400152184967761
20571320	0.00056608231418738
20571750	0.00209955777214962
20572341	0.00491503724434939
20573840	0.00121214891089082
20579501	0.000506696190382313
20580611	0.00131029372457306
20581000	0.000618390498576033
20581321	0.00280873798228855
20581950	0.19314733311099
20584061	0.0272295167691697
20586940	0.00542292475055132
20588030	0.0041986950575028
20589820	0.000675034914187891
20592191	0.000629867666449411
20599770	0.000840323781456315
20600150	0.000669630233233537
20601571	0.0252924832880644
20601871	0.000657934849864155
20601940	0.000623106356762026
20603350	0.00912751730042302
20605150	0.0020473682132374
20607381	0.000531188364538504
20610110	0.00245356612005131
20610910	0.00075635904036112
20612700	0.00182537855970748
20612751	0.00629244553707356
20613410	0.00182742216171321
20613451	0.00333993784608593
20614940	0.0020839168974326
20615070	0.00198966067752471
20615590	0.0486982715917816
20616211	0.000697777361897409
20618210	0.000797938564631074
20618681	0.000840988449819789
20620071	0.000584965557740435
20620560	0.00068211546691526
20621981	0.00212619363844931
20622640	0.00261737698162371
20623750	0.0134527032851634
20626411	0.0474001168771796
20627651	0.000656759942277768
20629010	0.0104841506201072
20629280	0.00372535767518483
20630800	0.000557626417746312
20632020	0.000573272764324531
20632290	0.00215853705279698
20633390	0.0170024890232405
20636280	0.00067810529373207
20636420	0.000823447219233225
20637181	0.00196842043900315
20637701	0.0503590049229058
20637731	0.00242914246799353
20638250	0.0185365461541502
20639241	0.000617413961644879
20640990	0.0013476980374758
20641301	0.00204268678617276
20646340	0.000722209937021512
20647221	0.0019645827801162
20651460	0.00759989140476823
20653260	0.000581481971883138
20656051	0.00122447361489647
20656191	0.00285302920087323
20658681	0.00397319269191655
20659890	0.000614844933240397
20660181	0.0363677271812407
20660280	0.0028038784803032
20660570	0.00120989158145142
20660901	0.00121999640477599
20661800	0.000838567043139548
20662930	0.000675237624404811
20666780	0.000806539418838558
20667791	0.00247502699468365
20668270	0.00056931583787089
20669540	0.00518976947037681
20669940	0.101540486303109
20670531	0.00061517314354879
20673171	0.000491780180311258
20673400	0.000902691120207347
20673861	0.0063155785297531
20674100	0.000516777865520571
20675381	0.00099027559126135
20677130	0.0252721723651192
20677311	0.00532828411914468
20677431	0.0168235366872159
20678660	0.000570357086270542
20678831	0.00608759793922939
20680041	0.000619515486520895
20681550	0.000847269608071518
20682111	0.177517897418752
20682900	0.0140859854523866
20687221	0.00176763578268766
20688461	0.0108968447381595
20690391	0.00114405897490821
20694401	0.00174491547760209
20695371	0.00140867583457201
20696440	0.00056686076769592
20701790	0.0040181817420382
20702671	0.0953173278237299
20704970	0.00117310841377436
20705581	0.0459800625825612
20710240	0.000565287956567127
20710900	0.000601854862130078
20712481	0.00358349154427688
20713431	0.053885125506859
20714380	0.00155596223072712
20818190	0.00481559278582055
20825001	0.000499947718809445
20827460	0.0128766384530231
20829250	0.00147942871790009
20834500	0.00400073918753911
20841910	0.000538371505922892
20844451	0.000523037537297339
20844861	0.000655178013862586
20846371	0.00109106219609877
20852270	0.00301489033495387
20855580	0.016883263117974
20855870	0.000561133379901902
20856980	0.00302480147644314
20858231	0.00295103048928447
20859201	0.00355613984607588
20859611	0.000773700763995496
20859751	0.000583570033609769
20859911	0.000625849536233447
20860181	0.000707384620458836
20860840	0.00198367166138028
20861240	0.0005864564704025
20861790	0.00112905348910227
20866241	0.000562385585076522
20868991	0.0014144679268783
20870651	0.00921568928924236
20871050	0.00133646773726704
20871150	0.00147860741669917
20872700	0.00288053256174072
20874190	0.0312752032606174
20875621	0.00108957499737022
20875771	0.00181610874832854
20875830	0.00644904882008077
20877090	0.000638922254351025
20877131	0.00127040845897467
20877630	0.00152885771105938
20878651	0.0018799991737285
20880830	0.00336962633130794
20880970	0.000500050931306951
20881271	0.00257901446040998
20881350	0.00503501308647526
20882060	0.000812652037143494
20883331	0.00309323773637443
20883741	0.00352861929584014
20883860	0.00239065897779673
20885940	0.00132086600310041
20886941	0.00336431408289128
20887710	0.000536177748910393
20887761	0.000507595502700555
20888721	0.000714149519325659
20891990	0.103645583928209
20892301	0.00169984779646127
20892731	0.00120825369810446
20894511	0.000834857469015252
20898460	0.000570993802197163
20898791	0.00327778164788568
20898931	0.00176324093652438
20899440	0.014183144045838
20899990	0.00122814655963107
20902111	0.000502454348617593
20904150	0.00995628300865659
20906760	0.00458523691770822
20907430	0.000487250277527388
20907481	0.00454103554395207
20908841	0.0317579203994866
20909210	0.00228789386413049
20913760	0.00094995503253417
20915140	0.0145067188422752
20921281	0.00136407217436402
20923870	0.000701523696259694
20924301	0.00064317479429189
20925971	0.00390000406393765
20926450	0.00358128786784047
20932530	0.00196955958450364
20932581	0.00185047493904502
20932991	0.000814199318014387
20936250	0.00307169403250693
20936390	0.000987359744940929
20936400	0.00170796801876723
20938180	0.000644891054546171
20939300	0.0040704869797185
20942470	0.00149423519845069
20942860	0.00886317103050823
20943290	0.00096950166529964
20946040	0.00065888681540652
20954760	0.00868305905645481
20957110	0.00297843571865856
20959590	0.000598326881565687
20964140	0.00174252696891154
20967181	0.0425273841249709
20967580	0.00696850775901277
20968711	0.00140084632129599
20971150	0.00145435179469168
20972790	0.0522467264462858
20977251	0.110448932507046
20977671	0.00765638127873299
20978501	0.00484820244695502
20980540	0.00102851075464602
20984291	0.000571358637028715
20984711	0.000711636094577588
20985261	0.00959974721353164
20994480	0.00584530584890049
20997780	0.00251776214252099
21004120	0.00521675763916462
21005811	0.102455515633922
21010071	0.000572864748607448
21014850	0.00815870429973096
21015000	0.0119578961138008
21019041	0.0059785024510728
21021261	0.00329359699961306
21022180	0.0456781938891249
21023420	0.173495619501332
21023601	0.00397639597847416
21024230	0.00203369452381576
21028520	0.00296736832775239
21028701	0.00265814539926363
21029961	0.000825007475473818
21036441	0.000752279259202521
21039181	0.0927471267046829
21043840	0.00131758261098687
21045640	0.0134472796695426
21046361	0.00143454300867104
21049111	0.00188148104881647
21052920	0.00252069738939843
21053220	0.00235830366740428
21053620	0.000563229337280619
21056230	0.00657708961395713
21058081	0.0166001016689268
21058580	0.0339709710043907
21058750	0.000659989821220936
21061330	0.00345061963997956
21063540	0.000555188660396405
21064130	0.0443968153228158
21064920	0.0050278345847418
21069521	0.000735783082052803
21074491	0.000723443438386577
21074600	0.00262140446640107
21075830	0.0366342534590979
21076411	0.00254358769193142
21078641	0.000537422332325212
21081900	0.00378264235181538
21082621	0.00318777159973096
21082720	0.000676344137614132
21087990	0.00120103157320967
21088411	0.0022845354880019
21091471	0.000495780805735931
21094580	0.000487785053821515
21095731	0.000561128632002679
21098061	0.00606285613939994
21099830	0.0638294177902111
21104660	0.000743429743544588
21104670	0.000514713207952397
21105230	0.00194793161401208
21111420	0.0295042495643002
21113330	0.000570232498827555
21113651	0.00224828127507354
21119250	0.000556848282360394
21119540	0.00193561927124949
21125610	0.00153186345952598
21126570	0.00187333967538487
21126621	0.00150162248794671
21127321	0.000702056643485716
21127400	0.00176437601341383
21130050	0.000551503426388791
21130150	0.00271418497652418
21130700	0.000581386726887935
21133811	0.000577739436785262
21136640	0.00376777623973894
21139700	0.000765691322833707
21139840	0.0021577953442979
21140240	0.00107093145785189
21141641	0.00205346702338745
21141801	0.00535053270212926
21142430	0.0016135430562097
21145121	0.00195329720905115
21151461	0.00273668167543608
21152370	0.00560449060849107
21153231	0.000716773522158588
21157470	0.00453832489854429
21157600	0.0691690082847937
21158310	0.00519828354366497
21159021	0.000851477428310516
21160380	0.00595552075841632
21162911	0.000538755907803149
21164551	0.000582580740731638
21164971	0.001675733009628
21167461	0.00256387753154974
21170170	0.00119889861223395
21170320	0.00135122022124436
21171940	0.000574273422917113
21181450	0.000609778954387832
21183721	0.000547275420361493
21185070	0.000564754409419793
21185600	0.00362407756171058
21186300	0.0081276881777111
21189180	0.00677369863647788
21194051	0.00317454207255528
21195550	0.00437430563723145
21197180	0.000863916380470856
21200411	0.0013213318604132
21200500	0.00108827160260148
21201040	0.0204407432139922
21201600	0.0245505343622427
21209040	0.00301207746821744
21211851	0.223836165318766
21213221	0.00972054830193041
21214211	0.00269529954492332
21215660	0.00132238807660529
21217200	0.00164448288711915
21221460	0.00111416386051906
21223540	0.00965492185915248
21224930	0.00700272172469656
21226870	0.00148298243886644
21228910	0.00728706966296083
21229501	0.00353938017675802
21233760	0.000557223480333827
21235280	0.00200488597468351
21235301	0.000835568117761738
21235950	0.00456132638951659
21237590	0.000671898074840049
21238590	0.20844450307233
21240281	0.00268488188848012
21242030	0.00192541375634798
21246570	0.000560837390154385
21248691	0.00132772989081501
21250410	0.0146598054253272
21255311	0.00207661429657629
21262150	0.000555322236169035
21264251	0.00245279107307885
21271790	0.0113947512409538
21277091	0.00258255025206759
21277911	0.00136184619713391
21277921	0.060151901656658
21278410	0.00092561335116144
21279281	0.00437806882961829
21279291	0.00092413804721417
21280811	0.00378406925777967
21280920	0.0185853038776945
21283510	0.0158109166538286
21285870	0.00241865035372223
21286041	0.00355385780091357
21288671	0.00145194330933255
21288900	0.00104540165318335
21294170	0.0022078639343061
21294280	0.00853490101789345
21307540	0.000538896903735351
21307790	0.0013313793506963
21312930	0.000554995879454173
21313160	0.00123992054524805
21314570	0.00108924406668764
21318680	0.00105185942778144
21321720	0.00477954844381576
21321860	0.0143370414353389
21322950	0.000507984697928339
21323940	0.00181086180948578
21323971	0.0381586658868267
21324381	0.0106679177849454
21324510	0.000467067729351625
21330840	0.00108817781805199
21331011	0.00741634527648021
21331161	0.000487630099435063
21333320	0.0353867821518799
21333600	0.000491123467972258
21335120	0.000560013805820875
21338010	0.000515549128614346
21338260	0.000568275117629943
21338601	0.00203840122364832
21338611	0.000772550096485731
21340060	0.00414486768203658
21341310	0.000532462101337456
21342000	0.000781648177152897
21343561	0.00141631692022981
21344230	0.000864346122648111
21347230	0.000789106186780948
21347291	0.00246788208177968
21349781	0.00501688609551287
21350950	0.00059503442946854
21354591	0.000595321587225428
21354710	0.000900762174582857
21355090	0.0006860599678682
21355130	0.000574434006105747
21355421	0.00452595288606549
21355530	0.00160703917877704
21357771	0.36767416181932
21357880	0.00128686917746702
21360080	0.00252174041367236
21361060	0.00307975553005771
21361160	0.000530819990134504
21362960	0.00128229145470003
21364531	0.000600038204112496
21364541	0.000582403412335568
21366861	0.000552982804625445
21367120	0.00593679941689001
21367691	0.0155735146948175
21367971	0.000478016505683136
21368951	0.0178733523122636
21371110	0.000964577960441561
21371220	0.000500909921010989
21373320	0.00279738153471411
21377310	0.000503511722515653
21378041	0.000565309097398885
21378270	0.00125742783789894
21380801	0.00507322324745502
21383230	0.000552779584490081
21383250	0.00168111521069652
21383291	0.000523019117538314
21383400	0.000524050099703286
21385491	0.00226749970518749
21386471	0.00116040449554129
21386960	0.010137016638496
21390991	0.000937821165279851
21391110	0.000613723693991747
21391681	0.413667606539484
21392780	0.00145840620070572
21393180	0.00061416095613329
21393450	0.000749343467237786
21394321	0.0720303384059026
21394881	0.00156485712344301
21394970	0.0221883919142183
21395640	0.00202419783169062
21396101	0.00265085269262697
21399220	0.0117481000410963
21399831	0.000573141784637452
21401570	0.010291662736728
21402830	0.0138513990567256
21402940	0.000526191848392213
21405020	0.0222263400486445
21406250	0.000477410851880261
21406301	0.00302096185721606
21407561	0.000609715708749801
21407701	0.00168577987166265
21408941	0.0172179569235524
21409061	0.00227550850275142
21410410	0.00767136964526334
21414250	0.00100802278438222
21415141	0.0101464913877761
21418420	0.0203646241318871
21420770	0.0028050254760668
21422250	0.000542814028644136
21423271	0.00384023869158117
21424220	0.00285970766903623
21424640	0.00058096752420963
21426680	0.0165266967042838
21429211	0.0133358141158441
21429300	0.00174372241262425
21430461	0.00214194267562234
21430851	0.000564469003440916
21430871	0.000571811812224957
21431940	0.000747292351675994
21432791	0.00174304918329278
21433020	0.000633600738440036
21433160	0.000518738615556385
21433771	0.000577028834465463
21434311	0.00137761417159346
21434540	0.000754360368423053
21435001	0.0739490083219781
21435681	0.00068994485974886
21436791	0.00892972823691831
21437180	0.00511640830595307
21438741	0.0051469110127256
21439131	0.000640868249497123
21439510	0.00225502310924737
21442120	0.000784424595909148
21442820	0.000504265611015142
21443770	0.00049851051513338
21443981	0.0104283626040748
21446400	0.00064970108950283
21446571	0.00102437059648975
21447510	0.000498776541501043
21447930	0.00285373483168421
21449440	0.00134833645328223
21449980	0.00342510906875785
21450321	0.00601423567824831
21450980	0.00669745280128692
21452460	0.000518748550954482
21452931	0.00057563139642077
21453840	0.00185049575390758
21454560	0.00283448611020514
21455650	0.00391000752742807
21456501	0.00550197466165789
21456521	0.000541053874001973
21456651	0.00164974299851598
21456921	0.00117723590522347
21457030	0.0048035062055467
21457040	0.00073336099635777
21457180	0.000700327248357405
21457420	0.00120619360495181
21457990	0.000747220137878864
21458041	0.00141717129757234
21458250	0.00154506798303957
21458571	0.000575830465812446
21458950	0.00118515980687686
21459011	0.00101472523196233
21459370	0.000622494342191188
21459681	0.00099886075873677
21459790	0.00182497364704893
21460080	0.00844841552953864
21466660	0.00258962492208388
21469730	0.00124229197583872
21470840	0.000676822888089602
21471831	0.0373603972750895
21472661	0.00243418955262753
21476220	0.00077043690352317
21476460	0.00112225197942094
21477300	0.00288268048891183
21478291	0.097103669395931
21479650	0.021620896471338
21481170	0.00168507628187144
21482981	0.000602785940660307
21483681	0.00158916508326712
21485170	0.00515256853319224
21486451	0.00134885125020083
21489450	0.000656240196728755
21490250	0.00214677837275892
21490311	0.00196830467696056
21490851	0.00775875439257642
21493450	0.00254058410460244
21496231	0.000680072135430031
21496330	0.000708620304035739
21497290	0.00078929538105384
21498871	0.00116822150861537
21499281	0.00714416830216855
21500111	0.000874114359299033
21502390	0.000549786383595564
21503001	0.00663061032860337
21504340	0.101883450648818
21505170	0.0015912566706527
21505860	0.000914808496101574
21506291	0.00210599734094116
21506711	0.0174763729016787
21508480	0.00106128595863467
21511001	0.000571588345435271
21513461	0.00165187942453903
21514820	0.000563440285151504
21516630	0.000649045037689704
21521720	0.000637054870821341
21522151	0.00358147804749668
21522660	0.00129023004188144
21525690	0.000492591068555068
21526291	0.0638265242943056
21526400	0.00458421722472705
21526790	0.00194971582493985
21527350	0.00153767227492501
21527510	0.000576597295881202
21527650	0.0013905345610806
21527770	0.00392937657671677
21528050	0.00116573090167555
21529461	0.000641901622259493
21531620	0.0385372437629275
21532661	0.00108172552331345
21533040	0.0322077273161309
21533730	0.000618582671773961
21534110	0.00322186852296368
21534130	0.00172772731969158
21534270	0.000615921447160946
21534311	0.0338616962459722
21536050	0.00218753362811897
21538540	0.000514633960832382
21538841	0.0092160494783241
21538960	0.000646169754488243
21539100	0.000679453004813395
21539340	0.000531888923747235
21539480	0.000654270455544015
21539520	0.00104012886531265
21540580	0.00218019924207684
21540921	0.0113339797660785
21541211	0.00324561165030899
21546721	0.00262180070699629
21547531	0.000751247800155877
21549621	0.0941106635329236
21551200	0.00194452650775036
21551551	0.000551939068201086
21551811	0.00273334108932558
21551910	0.000541731694808897
21551920	0.000493054042958945
21552880	0.000705709799042093
21553071	0.00154563894150651
21553690	0.00367481299015202
21554970	0.00173450353336777
21555660	0.000496674021370982
21556730	0.00169302840216366
21558110	0.000738074441751727
21558431	0.00148927533857531
21559080	0.015051969671523
21559930	0.00174051435830696
21561461	0.00162755311699156
21564180	0.00599650341186513
21564511	0.00337159892121047
21564730	0.00232876180006993
21565020	0.00151975624560194
21565300	0.00154016298398285
21565680	0.00113074076537507
21565830	0.00144270289946251
21566400	0.00193271489429778
21567780	0.00062464941800423
21569051	0.00104064134445151
21573710	0.00445477708160195
21574721	0.000647753467595349
21574800	0.000874498400967689
21575760	0.0035558450229849
21577751	0.0015199966021272
21578281	0.00236577406798826
21578581	0.00439328065755576
21579350	0.00119490335618922
21580070	0.00920938752069847
21585321	0.000815523151820587
21585471	0.0111865348802692
21585990	0.000797229097231044
21586810	0.00602758314457069
21586960	0.0051882231984148
21588791	0.011462661587135
21589041	0.000569011453099203
21589280	0.00104301943995281
21589540	0.00187873276807251
21592440	0.00443084710826026
21592651	0.00102193114228429
21594841	0.0018230526044329
21594940	0.00221966266477986
21595251	0.00213659549481407
21595541	0.000641317938738428
21596050	0.000574269582036332
21597030	0.000982465469717591
21600631	0.000756868616960408
21600791	0.0196477698790039
21602691	0.000652607148876471
21605461	0.00157402988523547
21607541	0.00461975335133672
21607640	0.0029503623520344
21609440	0.000613115251483612
21609960	0.000720144863631822
21611941	0.00115019852419225
21612511	0.00102520292895431
21612860	0.000754157570896736
21615620	0.000708248160962126
21617420	0.00186449609874413
21618141	0.00133441908886369
21620190	0.00048432314394053
21621451	0.00841454587836086
21622551	0.00276369861161527
21625540	0.0119586007780473
21627080	0.0133490490715323
21627271	0.000883485891590808
21627801	0.000510577331567895
21628870	0.017697942520064
21628921	0.000585532450247088
21629540	0.000671968261539463
21631200	0.00457076465638741
21631780	0.0186067500977041
21634130	0.000568787026730732
21635101	0.00279168204370596
21637430	0.00109790799067533
21638551	0.00130052356865079
21638831	0.00057114010948869
21639070	0.00378720192167341
21639101	0.000468959471690031
21639190	0.00345637991477199
21640921	0.00244107063741412
21641700	0.0901911108488514
21641850	0.00052778675438079
21646411	0.00386873360114645
21647090	0.000519105293147537
21647370	0.00052973429348889
21650161	0.0005810461109298
21650301	0.00129320667463613
21651760	0.00206064687782102
21652030	0.000545598433216682
21652361	0.00253272920342887
21652641	0.00640503195039546
21652730	0.00273145779199598
21654790	0.000545555606217116
21655060	0.00715841630259628
21658011	0.00509600983122762
21658090	0.00544753824929457
21659511	0.00072334799715061
21661581	0.000603577863621536
21663080	0.000550393201273403
21664610	0.00103444792004331
21669820	0.00176170755733433
21672040	0.015047288486937
21672091	0.00679530811700686
21672470	0.00127396424238018
21675480	0.00344370967733241
21675910	0.000706130365058989
21676491	0.00120568837831818
21678561	0.0221494246613674
21681420	0.00112160442955902
21681461	0.000615598120183746
21685160	0.00568237802160512
21685331	0.000958812652967055
21685430	0.00174865279868607
21685871	0.00192061134115033
21687651	0.002036171695791
21687811	0.00986586522612649
21688061	0.000744299017044095
21688091	0.0077250340737703
21692751	0.106755482021774
21693680	0.13237447034968
21694250	0.00104776484449603
21694520	0.00969102104708271
21694650	0.000840300982334673
21694701	0.00220365383634958
21694920	0.0121515156475565
21695651	0.00094012363529574
21696361	0.004846007713623
21697581	0.071686131992874
21697940	0.000503630243416892
21698110	0.000524036613917728
21698500	0.00314294862038721
21698520	0.000600726544955421
21698530	0.0386033736108596
21698640	0.0177446814929096
21700860	0.0122551190563087
21701321	0.00970100319289045
21701581	0.0114176264689587
21701731	0.000555188452726963
21703261	0.00335329417949233
21703750	0.0249561072325619
21705171	0.00642415542812119
21706370	0.00056882424685015
21706640	0.000476444992675708
21706971	0.000704076684331464
21708330	0.000519520845581419
21708621	0.00235102496829067
21711180	0.0005609930426268
21711371	0.00134202447549415
21711470	0.000990210280852211
21711760	0.00212876582428375
21713560	0.000518340456397861
21714141	0.00101385506515973
21714380	0.000494946855695426
21717410	0.00332635221449734
21717970	0.00234560172730488
21718421	0.000634533953547103
21718650	0.000638426085979963
21718920	0.00348451372190769
21721800	0.0126414165850572
21721810	0.00166439276927574
21723200	0.000964933933065425
21723770	0.00393607745172822
21724840	0.000903273217568216
21728331	0.000684141407404827
21729550	0.000563087747948677
21729690	0.00266263945980768
21730370	0.000527589315239528
21730421	0.00218515488223394
21730640	0.0158856484246066
21731080	0.000765756618377317
21731241	0.00050960623689266
21731890	0.00377014137803447
21734961	0.0138140319533949
21735040	0.000524178773760605
21735320	0.000517687714412915
21736440	0.165557050307241
21738821	0.000619615382459698
21741980	0.00065757827916919
21742110	0.00127120002417623
21742510	0.00123352338528975
21742930	0.00101212824579651
21742981	0.000481243766814544
21744211	0.00424806203142352
21744280	0.0011808805300711
21745250	0.00600583416038167
21747490	0.00107624697683996
21751460	0.00328584276622558
21752081	0.00107476400356922
21757270	0.00386034872136761
21757800	0.000930197920266768
21759180	0.000621846193458169
21759890	0.000879759893350384
21760010	0.00203909812223874
21760700	0.00911011260992977
21762401	0.00118755869282211
21762650	0.000995924815456508
21763870	0.000613844876708924
21763900	0.01807897738792
21766691	0.00535304963733691
21767241	0.000688281783506626
21767740	0.00547023917481814
21769451	0.000987066137812765
21769851	0.00115127141954879
21770900	0.00244333838938737
21771381	0.000869635697100068
21773031	0.00527520724631475
21773581	0.00269190738338459
21775490	0.0094125583979434
21776310	0.000615288422197157
21776580	0.00059492939051933
21776860	0.000655687490541702
21777311	0.000629785437126125
21778350	0.217255349816695
21778390	0.000717157114536567
21778510	0.00443408152063066
21783361	0.0540380108411006
21783511	0.000530044258329603
21783661	0.000649819993709593
21786411	0.000649610477543844
21786691	0.000731829463831901
21786900	0.000715890661745349
21788741	0.00139636910864557
21789110	0.00564825467253101
21789171	0.000829903104793739
21790001	0.021623063139668
21790080	0.00139367791327253
21790800	0.0012360539495485
21791521	0.000838378921173743
21792901	0.00128196794143167
21794920	0.000812667784303545
21795050	0.000727627865573812
21795221	0.000567437509215117
21795450	0.0389371440518869
21796211	0.00145558144485224
21796440	0.000511367718043474
21796690	0.00499689790350678
21796850	0.000590587646402522
21797151	0.165980864491497
21797410	0.000582083809672799
21798780	0.00065102041254226
21799221	0.0048647426595114
21800860	0.000788151895361448
21801390	0.00361163771230343
21802131	0.00130071401192305
21803501	0.00185071798200268
21804491	0.000627864217536947
21804690	0.000539666111320719
21804730	0.00442772888492273
21804761	0.000687852613447403
21804840	0.00123670330042178
21805000	0.00210778710072519
21805250	0.000493161788271275
21806831	0.0041084165037592
21807371	0.0343320090224146
21807931	0.00143878026551196
21809540	0.000960383758545145
21809930	0.000508721207781786
21811361	0.00277209921294351
21812191	0.000770421821162938
21812321	0.0119989491542026
21812570	0.00449404156555209
21816010	0.00061366715941541
21816061	0.00110458517824001
21816481	0.000634928367400669
21817810	0.00192138276271167
21819320	0.000531719256946093
21819330	0.00070200565987107
21824140	0.133561918202139
21825680	0.00163743725297794
21828761	0.00286133219485519
21828830	0.00332731182890617
21830210	0.0143386721050056
21831210	0.0373124440503491
21836181	0.00139840419535969
21836830	0.00934251412846885
21837530	0.00339102079055183
21837991	0.000962552570657135
21839720	0.000768892400405792
21841161	0.00358193572051582
21841171	0.00149603761521355
21841660	0.000563174356698792
21849000	0.00104232203090453
21852881	0.000606339114505269
21852891	0.00629707324891101
21858801	0.00380540319446687
21859730	0.00409833256237735
21860450	0.000561256537699714
21860830	0.0141489183016888
21861841	0.00082346759893969
21863901	0.000707240654063547
21866271	0.00165014369747483
21868280	0.00199264015910831
21868331	0.000570010176997489
21873151	0.000933634792321713
21874070	0.00140621858899318
21874220	0.000942486791750492
21875901	0.0503279511570538
21876980	0.0023976985987897
21879771	0.00112880674343133
21880310	0.00190501009353258
21882401	0.000747977395417944
21882890	0.00198471144884014
21883221	0.00248025374627896
21887501	0.00223384300491498
21887580	0.000686398065562225
21887600	0.0817368087188783
21888300	0.000630982585018836
21888481	0.00112574485056806
21888820	0.00047930654199094
21889011	0.00135712073640847
21890920	0.000572431678705408
21892170	0.000606403129869058
21892980	0.000472579047885238
21893291	0.269317054109835
21893660	0.00123653119796354
21893971	0.00482546898626816
21895221	0.0129392310135407
21895491	0.0496014481609803
21896420	0.000829303801518214
21897841	0.00067590437819763
21898251	0.074500868117565
21903641	0.000693405836976387
21906620	0.00110785785445386
21908830	0.00071445604250003
21909520	0.00435806995594025
21910401	0.00125434593907867
21910890	0.000947767140359714
21913820	0.0110486261549512
21914090	0.00463622455568358
21914671	0.0563612347175844
21916400	0.127321269661087
21916550	0.00267158784056308
21917831	0.00068128724652622
21919621	0.00110709250840398
21923170	0.0179330970449924
21923300	0.00346482618296117
21923610	0.00170693317327448
21926111	0.00363056033860059
21926470	0.0189997626526971
21929650	0.000522650617393483
21930060	0.00944403299892957
21930111	0.00924642298548893
21932690	0.0748840751856067
21936120	0.0220964890114873
21936171	0.0336660926210842
21937110	0.00136319397536658
21937161	0.00219981992508218
21938101	0.00206483166954966
21939170	0.0114655634708428
21939870	0.00943528146599277
21939921	0.0068602709545651
21941421	0.00170638513132762
21942661	0.000645070420353878
21945551	0.000980892426486214
21947091	0.000646896900908757
21947990	0.00353438399316287
21948850	0.0337987784272966
21949571	0.483136563838096
21950401	0.00319171837317334
21950630	0.000596500052684805
21950890	0.000609769591270966
21952581	0.00244716472495972
21953230	0.000963512151116913
21954521	0.0805926939865565
21955600	0.0279681983877203
21955750	0.00056965275969377
21957780	0.00635311761945427
21958480	0.00133772783445242
21959320	0.00198630558792268
21961961	0.000972079176974658
21963300	0.00439648154101133
21964041	0.000569506668089311
21965431	0.000499432033513206
21966190	0.00138673537973752
21967320	0.000803067758312788
21967341	0.0106933690087263
21967450	0.000773726997372905
21968430	0.114826901137116
21969431	0.000946194763681375
21969841	0.00389542883789739
21970951	0.0496705279513512
21971481	0.000967214326237582
21975160	0.00109481165757008
21975610	0.000902785480026787
21975631	0.000592642406494199
21976840	0.000495996933362906
21978750	0.000605394933114621
21980581	0.00700693093583335
21981151	0.00453266898498361
21982371	0.00241850167397842
21982490	0.000534081834010482
21983160	0.0624362028861942
21987440	0.000674809385981812
21990320	0.000686874611310642
21991700	0.041047346713944
21992601	0.00160003022274855
21992721	0.000659811244082278
21993090	0.00627620286787186
21993400	0.0011174411261588
21994630	0.00153212411069816
21995030	0.00552972656153483
21995631	0.00264219008815445
21996830	0.0486553291252815
21997701	0.00255209303578892
21998101	0.000530538108070954
22000321	0.000547945144165283
22002111	0.0585041736934559
22005090	0.00508873166082761
22005291	0.00145493507871063
22006651	0.000707309441786612
22015901	0.0013734567382064
22017380	0.00271699538100697
22017810	0.000502109903790968
22018190	0.000634430732703657
22018641	0.00121484332507943
22019180	0.010158687171837
22022320	0.0176959904521254
22023980	0.00163982441908057
22028110	0.00122658783966916
22028430	0.00233503701136909
22028441	0.00290781357292851
22028581	0.00221527814337426
22029821	0.00822830637439437
22032400	0.000558309489519923
22037390	0.00409336174676319
22038931	0.0311624221268434
22044290	0.000540097483645715
22045561	0.00482688022428638
22047191	0.00289523116559039
22048991	0.00618214297859985
22050251	0.00193377822564224
22050610	0.00067743687851173
22051471	0.000545031292013403
22052731	0.000569698449928947
22053790	0.00959882355438496
22055201	0.00614589193822661
22055280	0.00175218615223796
22058241	0.0207206435670264
22062730	0.000539129904745195
22063081	0.00329831419775525
22063420	0.000660754670955928
22067320	0.00651431186659651
22068280	0.00486930333531139
22070730	0.000556750586588613
22075440	0.00056908129810681
22075450	0.000658023488295555
22075690	0.000754301977495992
22076380	0.001510144720535
22077011	0.00538158691003009
22077800	0.000703237085304076
22080830	0.0144623246894397
22082340	0.000569883274231687
22082921	0.00351871306715461
22083710	0.000611083152078254
22085930	0.000515698894936677
22087191	0.00435747855163418
22088380	0.00188196360624245
22088581	0.00267863549865369
22089910	0.0105278241676702
22090340	0.000625675145306287
22090381	0.00262856906257935
22093090	0.00218733153571956
22093900	0.00101449547979913
22094600	0.00468548290213544
22097961	0.00292633384581348
22098890	0.000948491350829943
22099420	0.00244276196021748
22103150	0.00114974870673705
22103860	0.0503480989335522
22105660	0.000703559691137695
22107560	0.00458357726929912
22109080	0.00646171501567979
22109110	0.0020465307197959
22110590	0.000625091106052629
22111730	0.00403296326673399
22115140	0.0294925404901724
22115580	0.00440579597742413
22117671	0.00255431807998553
22117780	0.00293074417466045
22118060	0.00265391374754648
22121401	0.0135453440208816
22121900	0.000526689670470536
22122511	0.0237083343846748
22125500	0.00257221465034057
22126231	0.000969976447439696
22126241	0.000511632167684894
22126610	0.142350940788554
22127881	0.000633033412504782
22127901	0.00114389487411009
22127960	0.000525819164562662
22127980	0.000630589166053728
22128960	0.00243785532993874
22128991	0.000548985708170059
22129271	0.000628846566041977
22129821	0.000662282397387379
22130911	0.00355089638292514
22131860	0.000535350276042213
22132721	0.00192146677066879
22139980	0.0015594947770409
22142460	0.00073738217599816
22143030	0.0337378469607562
22143700	0.00379439739176197
22144581	0.00144103768727517
22146340	0.00227887653345747
22148950	0.00102732945534304
22148981	0.00120222373672281
22150450	0.000575658091476754
22150750	0.000528745409910979
22151891	0.000502260260151144
22154101	0.000557021562669585
22154351	0.000509054107826712
22154381	0.00260158514185097
22154651	0.00321260364457249
22154880	0.000535057048027073
22155420	0.000528197975629628
22155570	0.00172460636228144
22156311	0.0424717628199929
22157001	0.00626994854990124
22158931	0.000626834049965632
22162631	0.00628129148089967
22163130	0.0033995924868491
22164171	0.000550818943242375
22164561	0.00217974259303332
22165121	0.000609181046456856
22165541	0.000593934223001663
22165821	0.00391133429340686
22166771	0.000559989942384013
22168960	0.00490394037934297
22170060	0.00639063386723123
22171170	0.00099673345085238
22172520	0.00670163863386536
22173251	0.00148357527535944
22173610	0.00292112029136596
22174180	0.000539425833311908
22174600	0.00548579769301991
22175731	0.000856577918629679
22175741	0.00355080851437422
22176100	0.000847660823303701
22176981	0.0649240966875529
22179170	0.00195743787477764
22180431	0.0100673877226557
22181210	0.191879056837548
22181261	0.00167855187651601
22183741	0.00843669199943918
22184650	0.00165618783184965
22186771	0.00171683257755685
22188270	0.0065559520931367
22188691	0.000564238837984471
22188991	0.0127450012148307
22189811	0.00180703457462726
22191331	0.00338612059767258
22191850	0.0156794181803234
22193370	0.00151238519187937
22193500	0.000564400287386223
22197391	0.00197911636718487
22197890	0.000703861259491085
22198030	0.00829399962447284
22198050	0.0112287111436532
22198340	0.00224372460288898
22199280	0.00185361373044158
22199820	0.0118906225689961
22200370	0.05557129021878
22200981	0.00150555453137585
22201200	0.00254395445875719
22201610	0.0670654437331238
22207270	0.00202770786992133
22208141	0.0033156731195593
22208790	0.00197479526357633
22209220	0.000834468765230732
22209671	0.00371174431976068
22210860	0.000480975415503296
22212161	0.000879105028848698
22215041	0.00120697915607543
22216971	0.000712046324800646
22219051	0.00220998559498125
22219300	0.0727139162696803
22219410	0.000996834003123189
22219540	0.000826918889847082
22220431	0.00128909860025966
22223000	0.00118643613519815
22226071	0.0213648798088873
22226460	0.00198441030366753
22226590	0.000800188931219697
22226750	0.0027198047526325
22226890	0.000588929772780659
22228520	0.00745522789739022
22228670	0.00148833444553779
22230501	0.00549560824974945
22230781	0.00578588578717252
22231020	0.000663963094517229
22232291	0.00252164380550507
22233640	0.180007628334989
22234610	0.00523576564322593
22235710	0.00198488962023898
22238040	0.000597579981743003
22238081	0.00174455750962929
22240551	0.00180969208087856
22241101	0.00188051694931087
22241541	0.00184622823783874
22244820	0.000609901845801682
22246190	0.000570028246006864
22246341	0.000563781698978284
22249080	0.00496412792638202
22251041	0.000525527460719709
22251850	0.000542220727170164
22251871	0.00311594273981577
22252540	0.000733664063186269
22253610	0.00298307497660011
22253880	0.000513465934076129
22253890	0.0127875293543309
22255181	0.00062116958963373
22255280	0.000472721823852907
22255881	0.000537456355164052
22256161	0.00112130006198538
22257531	0.00149602443099633
22260950	0.000527044924006165
22261200	0.00148816505175407
22262641	0.00484637936592533
22262720	0.00101119350315263
22264110	0.0130642729288501
22264530	0.000570118625149562
22266891	0.00484540130009999
22267171	0.000566002222247647
22267960	0.00595417548856965
22268711	0.00084423520184584
22269080	0.00175699634284784
22270590	0.00132085332828233
22278580	0.0278775208593835
22278621	0.00196567833549938
22280421	0.0152145459865219
22280961	0.00136741053447226
22281890	0.00100825229963082
22283830	0.000614595768817317
22284961	0.0103856204543924
22285090	0.00384571324710882
22285931	0.0105347324912738
22286290	0.000940487609821218
22286310	0.374365288161854
22287410	0.00465196911288022
22288500	0.00118107718195736
22289200	0.00187735167285744
22289340	0.000953378457217852
22289371	0.000540527815815285
22289801	0.00141301662322231
22291420	0.00751556886950121
22292080	0.00211409865140069
22293180	0.00223678829432862
22293630	0.000566542576272123
22294170	0.00252171651524816
22295700	0.000651647197134794
22295820	0.00409006929628769
22295950	0.00845224343652794
22297371	0.0020064982645203
22298481	0.00233094317398072
22298870	0.00116391455721768
22301121	0.0168822241363927
22301630	0.000532152964096388
22302150	0.00101148807216576
22303861	0.000545157007974038
22305200	0.000934585560341168
22307120	0.00286385874979006
22307540	0.00134737187755743
22310030	0.0149460064405169
22310430	0.0248995088933989
22310440	0.00278529959634883
22312131	0.00158595259895607
22312260	0.000500787135804784
22312380	0.00133431962159278
22312770	0.00341687917890885
22314040	0.00736812493562397
22314300	0.00232037633981885
22315270	0.00055004827723181
22315451	0.000990834505663955
22316630	0.133836381479764
22318631	0.000536798441392209
22321460	0.00311765309312707
22321941	0.121709294275192
22322010	0.000829510042865411
22322160	0.000710012633356957
22322331	0.00057851318565931
22323171	0.000504389437800832
22323711	0.00204014298409986
22324291	0.00305657953674841
22330491	0.00132174154305811
22330631	0.00782064338169969
22330860	0.0030975536653099
22330970	0.000533694339948147
22331560	0.000490467812754373
22332131	0.000719222726343715
22332291	0.00170212085837169
22334351	0.000952428120892312
22334730	0.0010402859664345
22336090	0.00137431997946741
22336380	0.188060041148196
22337391	0.00207406080042141
22337641	0.0333933232020001
22337740	0.000684866366866674
22340670	0.000609257289516395
22343871	0.000943690013314166
22343940	0.00612685060619019
22343960	0.00376090419603211
22345470	0.00535533441125449
22346730	0.00278924447743788
22347390	0.236251412093591
22348401	0.000552470626860553
22348561	0.00176418964890332
22348691	0.00188788508257726
22349921	0.00159843798931069
22350071	0.000478484950711203
22350310	0.00335826666905023
22350450	0.00337570116839835
22351010	0.00684394069649405
22351530	0.0567361017836085
22355711	0.00152011992806129
22355840	0.00451347572037704
22357200	0.000823603442679814
22357661	0.0025732066106029
22360011	0.00244217813362327
22361091	0.00614521240654279
22361460	0.000547474685300627
22361931	0.000903818680012416
22362970	0.00198460045697436
22364650	0.00402416277914598
22365040	0.0005106790647938
22365111	0.00114369610758185
22369921	0.000940975869692445
22370320	0.0268532594435871
22370980	0.000861812681163824
22372240	0.00498265095355035
22372800	0.00186974110972703
22373371	0.00216948074331458
22373781	0.000704057331785037
22373791	0.000694072897655786
22375420	0.0259115076535611
22376821	0.00518474612433299
22376910	0.000520809655957195
22378010	0.0168141210076304
22378491	0.00274415140050121
22379441	0.0176317433059179
22381470	0.00172572083983579
22382160	0.0104272935029327
22382280	0.00393177358851268
22384271	0.00684834272254391
22384620	0.000586178965972524
22385320	0.00137787461800679
22385771	0.000574932961724592
22386471	0.000667410410880517
22390000	0.000994767389146334
22390570	0.0180339454411989
22391820	0.000503245016503975
22393630	0.0152943180075701
22394051	0.0037237980899532
22394150	0.000544461116300069
22396220	0.00096392845951799
22396230	0.00051401924158019
22397361	0.00517885893991684
22397501	0.000591992963014353
22399520	0.00326164709991401
22400821	0.00215529906283313
22401170	0.000580655956543167
22401210	0.000584557112647847
22402030	0.00189456556008563
22402321	0.00055552333429278
22404350	0.000981067451770291
22406341	0.00705705404408831
22406761	0.00150416700647717
22409101	0.000575763948707403
22410300	0.00510263970515492
22411130	0.00109376216852268
22411431	0.000607247697873328
22411441	0.000510339382464608
22414601	0.0120961620567293
22416541	0.00413650856299785
22416930	0.00200827149327787
22417491	0.000539678709266371
22417921	0.00102336437129913
22418590	0.0177553141631062
22420100	0.000649129421468242
22422730	0.0051776609564691
22424510	0.00218125552561017
22424930	0.000795981209337784
22426150	0.000553775495833299
22426430	0.00304282581502094
22426881	0.00205642075657069
22427431	0.00551127894600842
22427701	0.0014062472257969
22428200	0.0042860789328637
22430010	0.000632156374431008
22430440	0.00164561942874594
22430461	0.000760730640519623
22430550	0.0202610820917791
22430761	0.000759528829953331
22430871	0.00281281056654943
22431940	0.00182954009705689
22432760	0.000518302161015886
22432920	0.000639806886555657
22435031	0.00306883322981173
22435151	0.000499126306484943
22435650	0.000510170848648758
22435660	0.000498776253432812
22435701	0.00181071814470616
22435790	0.000615548299477183
22436001	0.00150759077101979
22436060	0.000831251867004971
22436220	0.00231624710659294
22436900	0.00232499140616964
22437310	0.00103630829606512
22438731	0.00663452350441201
22438860	0.000533534958186869
22439960	0.000567300429949861
22440531	0.000577347549750374
22441590	0.000722924117353081
22442891	0.26472056317987
22443140	0.0014026235678772
22443240	0.000555106470345187
22445070	0.00545576896968119
22445620	0.000539205628959345
22446570	0.0142367534517994
22446611	0.001926275212907
22446700	0.000873259929866564
22446850	0.00054626049118974
22449720	0.000625003464692351
22450601	0.00055010165080085
22451561	0.00280366428526572
22452630	0.00336566266673404
22452961	0.00121425661379172
22453921	0.00147462144344158
22453990	0.000829074811000812
22454591	0.00925912865913158
22454850	0.000521009572020014
22455110	0.000604339949648788
22455240	0.000517572308563012
22455370	0.00456585189280579
22455390	0.002859313274559
22456951	0.000751462553863342
22457030	0.000585633719273761
22457511	0.00327237032727525
22458341	0.00256421375596341
22460370	0.0032767288811497
22460480	0.000540183077454422
22462461	0.00048053544730968
22463250	0.000935134330358417
22463380	0.00278909057521369
22463701	0.002648861870451
22463820	0.000573964233994716
22466051	0.000688080121975903
22467540	0.00353673862400296
22468340	0.0165695555816795
22469460	0.00173833701529009
22469921	0.000499166515721721
22470300	0.00284056674896624
22470960	0.00222388982295291
22472080	0.000517515474184839
22472630	0.00374369840380894
22472760	0.00201675590958096
22473231	0.0197261430171295
22478321	0.000659331838558966
22478471	0.00103529027295355
22481211	0.000567224765950597
22481880	0.00233332808195038
22485030	0.00154999121231866
22485091	0.0031018453835171
22485160	0.00054398842124826
22485231	0.00179124728925788
22487141	0.000827807330359234
22488111	0.000631035906211838
22489211	0.00663259984680541
22489651	0.000559000240949324
22492391	0.0012656242468469
22492941	0.000598981791801252
22493921	0.00211932462017377
22497740	0.000517606456066153
22498000	0.000561140257623956
22498741	0.00070493208791936
22499540	0.00322532268141408
22500070	0.00755815384700645
22500490	0.00165593633307839
22502611	0.00300900775088981
22505501	0.00051510853502255
22509621	0.00157580893252576
22509641	0.000469973577089378
22509781	0.0023927350024036
22511551	0.00109993147891196
22513340	0.0409592089537314
22513430	0.000612284779680241
22513450	0.00293366004140839
22514820	0.00049876024091614
22516620	0.0020565905306731
22517060	0.000488476939333516
22517911	0.00680202429737042
22518471	0.00115924266749395
22520350	0.00220175212564323
22522430	0.00100973433623073
22523090	0.00427543867205208
22524760	0.0593321305934233
22525231	0.000579449530315287
22528671	0.00261903064889948
22530430	0.00102444343968934
22533491	0.000519452229085927
22534000	0.00301313078461097
22535831	0.0135718885974743
22537221	0.000495983142800871
22540531	0.00190468636548935
22540661	0.00183511386106279
22541170	0.00155138012388939
22541891	0.000807112938027904
22541911	0.192651878996423
22542710	0.000596563015175131
22543131	0.00871481816495967
22543650	0.000508373028842804
22548531	0.000740414673402079
22549040	0.000952458986161698
22549170	0.000962916333610984
22549211	0.000541117381270269
22549231	0.00114793208043341
22549351	0.000639165759500449
22549720	0.000677765453967678
22553320	0.00190823052675515
22553450	0.00130082006390196
22553501	0.000501065044472008
22554840	0.0104910169150869
22556600	0.0106101182096472
22557170	0.00150341607281447
22558451	0.00424835173869544
22558830	0.00177050146944385
22559411	0.00262416843342742
22559930	0.000751453305630454
22560600	0.00344360204888451
22561300	0.000543260125195245
22561470	0.000560140626681966
22563131	0.00115518333915527
22563940	0.00438419386661703
22565050	0.000907341425907524
22566601	0.00290211806718779
22566741	0.00102738760042896
22567670	0.000538073614105811
22568671	0.000700685114949988
22571151	0.00149797675158621
22571380	0.000484494088932248
22572480	0.000640963954671457
22575360	0.000974494155055348
22575390	0.000950269820680258
22577201	0.000539823782951579
22578540	0.00064261711647071
22579100	0.000570794826687788
22579230	0.00473857452828693
22579691	0.0034499748118335
22584101	0.00657040284754909
22584951	0.0213136947333555
22585310	0.000566792857832257
22586710	0.00334652609099416
22587431	0.00360139480246181
22587541	0.000660638884371135
22589570	0.000725701472752792
22591530	0.00149244171372293
22591551	0.000611362708693212
22595380	0.000611938434022212
22596931	0.00276119521093546
22597570	0.0106997362251983
22604070	0.00059316082774251
22604340	0.0945748597410107
22607110	0.00134492006258794
22607401	0.0011787165001119
22610390	0.00423341480962048
22611691	0.0181122590860102
22615510	0.000511138992927634
22615541	0.005869756548237
22615650	0.000682863885677629
22618270	0.000613887040549253
22618441	0.00254575270826585
22626280	0.0251213643021418
22635530	0.00296035410343493
22635760	0.00542110217896534
22637040	0.0116700603900611
22637901	0.00161201311112252
22639421	0.000497187864827935
22641420	0.000662749710321433
22644111	0.0184754591665467
22644460	0.04204488346625
22649601	0.000478990647990598
22649621	0.00113354124230333
22649990	0.000474686114447199
22651910	0.000521190101866395
22652781	0.00218740704882262
22655001	0.00241529860054301
22655650	0.00617119782422918
22657201	0.0274193155420353
22657761	0.000712863391462711
22660231	0.0108276010780995
22661990	0.00149398717428128
22667630	0.00231803628674826
22668760	0.00249241349962108
22669550	0.00137665855353652
22669560	0.00292736517710358
22669970	0.00374109269887967
22670041	0.000541799121457089
22671220	0.000571422388408572
22671811	0.00251786117008106
22675411	0.00388516792449751
22675541	0.000713712319657603
22678130	0.00105958950054985
22679230	0.15832792234171
22683370	0.000577341275399545
22685300	0.000599909745553818
22686861	0.00182585234768888
22687930	0.00111266236837234
22689410	0.000764190680707434
22689860	0.000490710223248831
22689901	0.000579877045868869
22691401	0.000517915671943973
22693290	0.00058996982459152
22693440	0.00143325065284184
22694041	0.00059138464684443
22697870	0.000820405387257005
22697970	0.00244227236959027
22697990	0.000482181037553083
22698041	0.000806492447289928
22698151	0.000615076427011784
22698301	0.00132327775584515
22698410	0.00449334722956421
22699100	0.000773002371450159
22699360	0.000605949079284615
22699380	0.000704594085829436
22699411	0.000682389290944847
22699640	0.0032911249528956
22699650	0.00626912731566354
22699790	0.00085527493141699
22700070	0.00222891575241642
22700170	0.00064249440218806
22701601	0.0164248659522404
22702011	0.00124121065723804
22705040	0.000952919984800066
22705331	0.000714292768500047
22705410	0.000583362661390686
22705420	0.000589830655934002
22705830	0.000506100763412698
22706441	0.0100822332093134
22709611	0.000489066995154638
22710171	0.00348519079996326
22711080	0.000599766917191748
22712200	0.192330802183439
22712371	0.00267059360414611
22713590	0.000874467237332063
22714120	0.00133570528746719
22715111	0.0122647000330003
22715380	0.00201486778329149
22715681	0.0121500448679485
22717310	0.00481698472420404
22717471	0.000481985940350088
22719900	0.0206872586096627
22720310	0.000489365991161095
22720720	0.00131282989291884
22722711	0.143278263973281
22722940	0.0129048438817328
22726280	0.000562187781543874
22728480	0.00461567311551815
22729430	0.00539654224326797
22731401	0.00742014390133892
22733601	0.000521192089092214
22733891	0.000674644655234669
22736190	0.0616880242289752
22736330	0.00921671354221144
22737560	0.0670216285452509
22741191	0.00278053230916853
22742670	0.052151258320044
22744480	0.000680389761122311
22746140	0.00585384805396147
22746561	0.00125636027122163
22746991	0.000538807318075845
22747230	0.000607645918275026
22747240	0.00276863687194909
22747961	0.00371031334604834
22748070	0.00192896872429018
22748320	0.147115204970285
22749560	0.000539036831057721
22749710	0.0014040620888022
22750660	0.00255628408754278
22750810	0.000542813090533642
22754561	0.0216407689813315
22754820	0.00174546282957423
22756580	0.00127536115692467
22756740	0.00714446965213717
22758390	0.00599204000364331
22758680	0.00153369173186463
22758721	0.000818958295275052
22759251	0.00067288731330161
22761430	0.00133582171617836
22762861	0.00186253250155401
22763261	0.00075705926659919
22764180	0.000559734077075759
22767951	0.000551669822731909
22770721	0.0012210186511189
22772091	0.000825415092222687
22774790	0.00579195540020334
22776901	0.00737547041392467
22778380	0.000478990647990598
22778930	0.00335627851326254
22783230	0.00242486840106969
22784221	0.0562662305743783
22786100	0.0153261943591499
22787920	0.00116857231681324
22792740	0.0084188760808353
22793181	0.00301114188395509
22795681	0.0015695353080521
22795770	0.00312769187904315
22796631	0.00701817566656444
22798831	0.00118162045280703
22799650	0.00650120025452898
22800211	0.00128758409335558
22804200	0.000654007565083362
22804221	0.00118872741759233
22804921	0.00164580331318542
22805140	0.0761525233770987
22805810	0.000515395467589165
22807111	0.000600980743293895
22807190	0.00844421876403162
22808030	0.00147974241616486
22808071	0.0033155401288057
22808491	0.000546615103013904
22809041	0.00402656716384552
22810161	0.000585934983946127
22812911	0.000510752491709397
22813041	0.00134657250199231
22815251	0.000484064823290124
22816091	0.0043741387181118
22816231	0.000855725212180588
22818500	0.000530425344230794
22819951	0.00142418150919203
22821731	0.000527843239099102
22823651	0.000826774017747866
22824211	0.0029325230949549
22825741	0.0123453827969053
22827600	0.00669792465195385
22829540	0.000764435970348497
22829810	0.000493602398618313
22830411	0.00137729275083406
22830680	0.000496719078600559
22831050	0.000589807652473661
22833560	0.0028285924600664
22836580	0.0219797410573597
22837861	0.00177943648296414
22837871	0.0147390281010498
22839360	0.00054836895999763
22840491	0.000782005122759044
22840980	0.000486846183438767
22842680	0.000521013900099173
22842851	0.000499643579362227
22842981	0.00144579464444587
22843330	0.00376290376872341
22843350	0.00060139898722257
22844771	0.00274979774363031
22846680	0.00103393869495784
22847261	0.000734387974710069
22847330	0.000602200779396808
22848570	0.0114372523675234
22848730	0.00219003307136897
22849950	0.00166054852077508
22850400	0.000610213110255186
22850540	0.000780646641831108
22850930	0.000609839449295716
22851111	0.000539928154086669
22852030	0.000498472797157458
22853601	0.00658044975423899
22855651	0.000612053899965388
22855780	0.000597586898481295
22857560	0.000597120921702999
22862390	0.000672493024818181
22862780	0.000747478290345549
22862940	0.00722510561402586
22866131	0.000543621875534882
22866141	0.00121415426546875
22866400	0.00217421083438726
22866930	0.00156282610127514
22867880	0.00048888247810184
22868740	0.0330200934458052
22869851	0.000699736125479695
22870561	0.000598966139221286
22872040	0.000824781899660478
22873830	0.000611009533454612
22873991	0.000530922058145168
22874380	0.00180937268032089
22874431	0.00164800847685079
22875180	0.00463900206135293
22877051	0.000540465770169377
22877731	0.0122704704632494
22878141	0.00060496942489265
22878660	0.00250794157460917
22878691	0.001642176048569
22879080	0.0445597375099662
22879610	0.00106179811430444
22879941	0.00180956102825056
22880010	0.00131252674993668
22883060	0.000506658007550967
22883190	0.00529510102449061
22883500	0.0495782248244662
22884720	0.00208241481258293
22887900	0.00142683432540781
22888491	0.24200765981755
22888580	0.00422444783855773
22889420	0.000510985332011798
22890541	0.0164331564121473
22890800	0.0174295104941977
22890981	0.0164012991130966
22891630	0.00157456637568829
22893120	0.00104833907984883
22893461	0.00139636849574015
22894930	0.00185823727332353
22895760	0.00398964725983724
22897861	0.00150623301987509
22899770	0.00176845282856554
22901690	0.0695028088892256
22903180	0.00166485020908097
22903641	0.0101524990132258
22903791	0.00334684943096604
22903880	0.125126415248801
22905660	0.00218245846072517
22906360	0.0011155177339769
22907220	0.000638988534444542
22909441	0.0133347827841686
22911320	0.0005110641194058
22911340	0.00105825326925641
22914131	0.00110051056740876
22914261	0.000503078954944412
22915770	0.000565579390789013
22917461	0.00246897646504227
22918691	0.000607691013012246
22918701	0.00540020463929053
22920331	0.00111281620774445
22920751	0.00476454665478732
22921321	0.000794493640997828
22921680	0.0238973372266023
22924081	0.00658030751468365
22924140	0.000577715283570531
22924460	0.000705432879608177
22925150	0.00155396801207591
22928201	0.000529366709532192
22928430	0.00489146608290393
22931480	0.000565897064565755
22933010	0.00309579964253556
22933270	0.00246887864918228
22933540	0.00475194917825134
22934520	0.00278576385237161
22934530	0.00128221918400927
22939600	0.0106663810504897
22943880	0.000611110260684765
22945120	0.000698799983647659
22945390	0.000828967037669447
22945940	0.00161408605928446
22945960	0.00124066077154859
22947490	0.0157755321471473
22947890	0.00297908880313697
22949591	0.0118765052327295
22951190	0.00061379351516787
22958971	0.00291476604252465
22959371	0.000593950897013687
22962650	0.000590833069369591
22964201	0.000762734325370919
22965960	0.00205370253763471
22967450	0.000782927656588471
22968331	0.0211148410051335
22968901	0.000596195385883748
22972341	0.000530976737365845
22973410	0.000643164934505372
22974930	0.002735810848027
22975070	0.00155916283835498
22977441	0.0010296017891423
22978831	0.00226360443097228
22978951	0.000822389835742133
22978971	0.0017790193286926
22980331	0.000550208361031333
22980870	0.00296094578102403
22980891	0.0199715742797152
22981120	0.000557078584620388
22981270	0.00127578551790555
22982790	0.00092920390591573
22982811	0.00161815881990561
22984410	0.000588478938452908
22985950	0.000787645899318705
22986261	0.00120950590523711
22986490	0.00128268741332493
22987241	0.00496355942512364
22987310	0.00516374658951708
22989011	0.00491784782051441
22989311	0.00381861753888266
22991101	0.379334898751834
22992310	0.000732804330465501
22994531	0.00142419921833253
22996570	0.00147000243672567
22999170	0.00184046219547905
22999310	0.00134591463366821
22999880	0.0209303733051326
23000270	0.00387966190962563
23000580	0.00899725417756705
23001100	0.000690077194296553
23002131	0.0098643684137078
23002520	0.00147063664594819
23002890	0.00142740136138475
23003091	0.000875385761348485
23003720	0.000573454990871626
23003791	0.00121954323327482
23004751	0.00241532000238137
23004761	0.0032319860246185
23005711	0.000753987421933932
23008010	0.000867420848603254
23008871	0.00265269334944402
23009861	0.00727115917535158
23011880	0.000950905429220865
23016030	0.000524013758803552
23016430	0.000561723529074641
23016440	0.000903558936986745
23016820	0.0014247411237578
23017250	0.000570453142069723
23017441	0.000636576799139104
23017991	0.00262428089228658
23019091	0.0813472177389905
23020440	0.00441610880118585
23022541	0.000801789479959842
23023351	0.000511899271006283
23024580	0.0033778120612251
23025311	0.00196907126998121
23025701	0.000513717118359088
23025711	0.000599521090378577
23025830	0.000514940762660419
23026240	0.000500862296005476
23026401	0.000556540210009132
23026411	0.000586922021212076
23026531	0.000854716357933904
23026650	0.000491121979801253
23027221	0.00274197700294131
23027340	0.000507378298900727
23027440	0.0027537209729765
23027450	0.000501094164432292
23027580	0.000580508403377431
23027600	0.00106438882517779
23027651	0.000528719685333746
23028051	0.00072175852940207
23028201	0.00272403204819919
23028321	0.0205876632917038
23028331	0.000548824220444383
23028440	0.000503281711699981
23028710	0.0006474488577269
23028860	0.000492514525504983
23028980	0.000543495609801343
23029000	0.000862645338693362
23029021	0.00357508391804776
23029400	0.000565632822006018
23029441	0.000520597865960263
23029690	0.000845112190186839
23029851	0.000590283311115409
23030001	0.000897424674048516
23030131	0.000791342169775296
23030230	0.000494163847315419
23030261	0.000709467922105812
23030531	0.000571464564068346
23030780	0.000633604391672265
23030910	0.000610942123696286
23031170	0.000910287609848498
23031221	0.000488417370438115
23031460	0.000972161913001652
23031491	0.00075279154576451
23031590	0.000570956185773379
23031730	0.000588752444580226
23031750	0.000565423998446764
23032331	0.000531438520168678
23032450	0.000579160791093453
23033130	0.00117111047285327
23035211	0.00147795489902881
23035231	0.000556050048415037
23035890	0.00127519607106914
23036430	0.00542810665812424
23037530	0.00173214360876897
23039440	0.00294132236776162
23039880	0.000544875918959559
23040850	0.0121087458264958
23041171	0.0200486348585698
23043651	0.000889707798070947
23044341	0.00110933667932407
23044601	0.00259216962235852
23046340	0.00434789577484105
23047361	0.000594515826378784
23049930	0.00425178830913901
23050661	0.00243375256436047
23050910	0.0134165328455534
23053171	0.0146005103281547
23053240	0.000564635030287244
23053370	0.00291352321386549
23054131	0.00105540876198341
23055190	0.00298963984996237
23056140	0.00246064163963648
23056820	0.000477584324342406
23057800	0.000613005444113327
23057930	0.000892941386874246
23058790	0.000499139031699529
23061540	0.000661422999057185
23065701	0.0115163838456106
23066811	0.00166192095124655
23067060	0.00317356878551242
23067901	0.00206170889109689
23070671	0.000818265824743668
23072960	0.00212536876942325
23073270	0.00428737340304145
23074381	0.00517936829734588
23074391	0.000565058374422276
23075030	0.0690694125453096
23075440	0.00254471668386234
23076010	0.0132118759531171
23076061	0.0107125452297668
23076331	0.00596153610420371
23076341	0.15537262981172
23077090	0.000634183047054842
23077971	0.000848086751191285
23079340	0.000851755762097493
23079511	0.000751144169526473
23079880	0.000715607917804344
23080331	0.00336201669842844
23080881	0.000619452140518925
23080970	0.000561558031642393
23081571	0.00179084583078384
23081670	0.00232270731638225
23082910	0.00262229500218176
23087050	0.00214600094952031
23087221	0.000576377647258865
23088710	0.00147301264245749
23088881	0.0144871504288613
23090340	0.0128366058112417
23091740	0.000994251638689653
23093981	0.000587718827267369
23094801	0.000866301052352133
23096881	0.000919662580907134
23096980	0.000705428325644503
23096990	0.00161461948317509
23097120	0.000545736807877737
23100400	0.000657675113645152
23103081	0.00183797002839245
23103091	0.000992841699873705
23103160	0.000472333401276166
23103300	0.000602661734319059
23103351	0.000502337854598145
23103470	0.000505017089482507
23103740	0.0162836753821888
23104300	0.00170628286673115
23104550	0.000536815146564606
23105431	0.000599402773957268
23108260	0.000657923839313225
23108451	0.00146861732540892
23114630	0.00162476330376155
23115310	0.0402553831206197
23115341	0.000945337897570013
23117001	0.00153570147082867
23117841	0.00090846688031445
23118230	0.00415804825914441
23121691	0.00281155066387025
23122251	0.00249751418086366
23122630	0.00116133283978492
23123750	0.00229113714647228
23128130	0.00111845935103199
23129271	0.00666956966458615
23129851	0.00296216434344108
23131491	0.000677655276708271
23132010	0.00163862999095176
23132260	0.000704315442405977
23137120	0.0246353508259737
23137551	0.000611743956545861
23137701	0.000568478275919855
23137790	0.00268297015637616
23139621	0.00405294338476588
23139860	0.0324886852342918
23140581	0.0491450510953717
23142920	0.000546690508651955
23143160	0.00164092416995509
23144710	0.0020511932002742
23147211	0.000905362131943967
23148881	0.016041271645203
23150381	0.000568397910967629
23151170	0.000536647542931901
23154740	0.0010272617369345
23156441	0.000914473040719822
23157390	0.00158888267942554
23161271	0.000516424663633052
23162671	0.000831881941280445
23163341	0.0027077721555315
23163911	0.000716447399748961
23164670	0.000595440613592567
23164851	0.000745189034137048
23166671	0.000598823535516739
23169650	0.000595476529578393
23170320	0.000622746851138169
23170941	0.000541793109254888
23171850	0.00125869420106371
23172560	0.00328419331046105
23175160	0.00126621054769459
23175710	0.0101915836107239
23180711	0.00175873695338281
23183221	0.0010295078280392
23185281	0.000700528058990771
23185930	0.0007521527641476
23186050	0.00274279954345728
23186060	0.000664864428142781
23186350	0.000811001646774502
23187010	0.000702860084688998
23187310	0.000605191735076581
23187320	0.00371023899117398
23187341	0.00531006806962668
23187471	0.00228922316464952
23187850	0.106556677164623
23189640	0.000538734286409139
23190880	0.000725865520984694
23190890	0.000579801410125677
23191170	0.00153522454020726
23191720	0.00175371385634431
23192181	0.000949693710280651
23193291	0.00409025625320422
23193670	0.00285379138706041
23194350	0.00496810081311316
23194671	0.00503119561044734
23196960	0.00528393774515942
23197131	0.000531296828858371
23197380	0.00110265241981913
23198880	0.125565247102075
23199160	0.00450097544067623
23199740	0.000806647450950597
23200181	0.054663666976005
23200871	0.00056922711228414
23201551	0.000609468177696777
23201971	0.00438806528154127
23203061	0.611800592588971
23207730	0.000628010063113956
23208940	0.000488893822450495
23209660	0.00132373969313241
23210231	0.00103536403494302
23211970	0.000664259893021576
23212810	0.00382454618822189
23215191	0.00485527710937982
23216021	0.00181783566587728
23216041	0.00174930566167732
23221790	0.00121605236691386
23222330	0.00196736881130735
23225640	0.00067020287312001
23227331	0.00611122032935074
23228171	0.0108292001001195
23228181	0.00156428775752185
23228301	0.000684849977306895
23228581	0.00298565589928299
23229770	0.000699157859413141
23232250	0.00386589944630901
23234651	0.0263996038577915
23234740	0.000686592726077315
23234791	0.00126755030938619
23235010	0.000617070728049797
23235331	0.000621445505420209
23239170	0.00340887896434968
23240451	0.00102869153299474
23240540	0.00086696212279807
23242480	0.000959224174929421
23245660	0.00937260930902809
23247300	0.00103629749915246
23248700	0.00191929885802445
23250620	0.00315373726188235
23250870	0.0029700036706621
23252550	0.00125611820373117
23252711	0.00191178074143447
23253401	0.00680017265945185
23255061	0.00132261566174871
23256280	0.0304765760694892
23257411	0.00860665885706056
23257961	0.00853735394104317
23258651	0.000511096531382643
23260690	0.00812934946923628
23261281	0.0076479717946474
23269070	0.00481823270551662
23269900	0.000918088679255435
23270060	0.00112178951349488
23271710	0.000522083029004073
23275690	0.00658362310776405
23275830	0.111124168163946
23276520	0.000781181684023815
23276981	0.000740639023454197
23276991	0.00149880995188761
23277391	0.000504262337901281
23283321	0.000554338247744771
23283450	0.00433402990668058
23284011	0.0108370558449545
23284260	0.00935006272508626
23284810	0.00260229905472767
23285141	0.00069274219369179
23285790	0.00239521412494236
23286070	0.0021637838131925
23288120	0.00109717404947396
23288390	0.000668022756314262
23291000	0.000765396708797873
23292000	0.00243211827876422
23295150	0.00249666491396986
23296441	0.0759842942851607
23300530	0.0117278116370012
23301941	0.000514104570570277
23302170	0.00241721475202756
23302880	0.00104734158134934
23304311	0.00178730787559942
23307280	0.00251757904904832
23308120	0.000718761518497041
23309370	0.0188645211439395
23311160	0.00702327904968745
23312991	0.000489469470978177
23313111	0.00263952255395218
23314310	0.00131539233372953
23316021	0.00256881265990654
23316270	0.0204973499144398
23316851	0.00180204307238473
23317271	0.0061853561548619
23317480	0.000800481487675585
23318351	0.00905349567324153
23320540	0.000838663225288718
23320711	0.00156186972713784
23323731	0.00263274728988268
23324520	0.00343353758607957
23324930	0.0726750225052128
23325200	0.00132267928449593
23329230	0.000713418150982847
23332281	0.000971199372435492
23333900	0.0434906869005358
23337510	0.0138632952861083
23337681	0.000542272631780857
23340120	0.000588383605088944
23340851	0.0010678346630956
23345401	0.000908583713148358
23346330	0.000546054113020336
23346450	0.00130413548469236
23347290	0.0029912865305934
23348151	0.000824629437506801
23352701	0.000734633607005253
23352930	0.013592885597648
23354310	0.028474554380581
23355311	0.00638592015056592
23358371	0.000945571276634782
23360581	0.00657779036019944
23361271	0.00278887152085211
23361801	0.000779757830079356
23361900	0.000523789506305052
23361920	0.000740891654008923
23367170	0.000724097868432676
23367720	0.000841547002581149
23371160	0.00762242267242119
23372670	0.00304934226265738
23372971	0.00244615766497612
23374340	0.0130251163401091
23378081	0.000732493723599877
23379030	0.000468155817188029
23379710	0.00106601308497818
23380991	0.00101517848597379
23381251	0.00682621552636481
23386351	0.00189560421676821
23387410	0.0018926219926703
23387451	0.00209410226898477
23388640	0.00846675342976974
23391120	0.00349667333750836
23392411	0.00121490503525087
23392650	0.0243522222093689
23394211	0.00788447315996856
23394460	0.000571961838623116
23395830	0.000520610831844286
23396360	0.0794762669727629
23399290	0.00356337260955768
23400691	0.012794119856359
23403570	0.000493432819848333
23404240	0.00172230110033469
23404810	0.000525207301108543
23405401	0.0072164718229648
23408380	0.000887409480232757
23408390	0.0279440218695012
23411000	0.00161760339632613
23413360	0.000735261902058873
23416120	0.00169448664194191
23421090	0.000530606183083981
23421220	0.000511588773458138
23421890	0.00208604428709455
23422190	0.00786896827703932
23425050	0.019240983453934
23425890	0.00730874811959273
23426610	0.000602402527004002
23429080	0.000749252683238386
23431420	0.0428083935057779
23434641	0.00317609501060242
23436691	0.00410611070491531
23437070	0.00138284405457989
23439130	0.00157883450861442
23439301	0.0018085244773037
23441210	0.00208524695609357
23442290	0.00112300579357867
23442580	0.000577351089329335
23444011	0.00295153515409924
23445330	0.00163221097290388
23445770	0.00121344406566113
23446481	0.000646480813679682
23448380	0.00756979455196
23450351	0.00100250717380392
23451881	0.000642401067576472
23455851	0.00158405179673585
23456001	0.000480233161610825
23456120	0.00212493619462648
23457220	0.0010636729227912
23461620	0.000500776295793759
23462590	0.000686384141293444
23463301	0.00217583039974715
23466061	0.000509867613838867
23466081	0.000571168990072162
23469101	0.00570531797724838
23469330	0.00465772542113549
23473531	0.000790718045473634
23473811	0.0328551157643537
23473921	0.00890324527141189
23477760	0.00118686398122125
23480080	0.00189573076170973
23480431	0.00227154403230083
23484080	0.00290773975625443
23485671	0.00493502613846867
23486361	0.0028394264844818
23487741	0.00199834080038504
23487980	0.0023031758652734
23490580	0.0054196568418401
23495110	0.000846968959657115
23495731	0.00300162779169238
23496520	0.0164606460122862
23496640	0.000647204227827097
23498020	0.0801383024438054
23499000	0.00100390478188822
23499970	0.00101115343643154
23500821	0.000544576642090291
23503270	0.000724021954021982
23503830	0.000539015277451305
23504500	0.00134149054902555
23507800	0.000613323400342565
23507840	0.00412825350610937
23509251	0.00844456764023446
23509750	0.0013441574364036
23510420	0.000525858353931657
23513661	0.00220867871155919
23515120	0.00263036889533809
23515820	0.00208526264140427
23518471	0.0016406195384599
23519321	0.00105876777141261
23520230	0.00145873537604179
23523461	0.00051434456337665
23526071	0.00391961762076054
23526150	0.158806370016857
23527420	0.000566633982115751
23528070	0.00203612357684976
23528141	0.000550344278195685
23529590	0.00478617155131367
23530160	0.00167821297813485
23534180	0.00199507873798621
23534720	0.0065316110451346
23535301	0.000945658115085805
23535390	0.000513931983655296
23535840	0.000921900653350012
23536500	0.00169280395967563
23538730	0.00614260759451341
23542290	0.00253433423872134
23542341	0.0130158995828363
23542751	0.00101784944964859
23544350	0.000553557316643134
23545801	0.00137294703949259
23545880	0.000643220942820566
23545900	0.00348306368836103
23546310	0.000581841618754469
23546860	0.00745528468176924
23547410	0.0013109587329313
23549330	0.00185506978529746
23549350	0.000943590098969814
23549791	0.000838189515059937
23550710	0.00197007143640343
23551540	0.00105580874350523
23552210	0.00118340390088969
23553651	0.000516329465374912
23553791	0.00106598972824279
23556121	0.00377054943896118
23558990	0.00232950190523289
23559540	0.00237292458076571
23559560	0.00674897988395722
23562621	0.0101981142510249
23562690	0.000789053205873481
23563000	0.00846379137512134
23563280	0.00344812742682471
23563410	0.00348459509541903
23563591	0.0675206572594748
23564131	0.000698013292665588
23567861	0.0146870459793963
23569740	0.00506898848474818
23571031	0.000985428115543166
23572660	0.00115125039804226
23573180	0.0564291055134341
23575311	0.000964688650166387
23577050	0.0015837330636874
23578410	0.00113560230974737
23578560	0.00248366457929067
23579991	0.0112315630228542
23581241	0.000797030817398389
23581580	0.000498348439674168
23581730	0.59990486215402
23583100	0.00125987271634407
23584831	0.000703441680693227
23587161	0.000852768895507843
23587270	0.000884904310050704
23589610	0.306574897965213
23590440	0.000575690999157985
23590450	0.0014742827507707
23592271	0.00420762627884746
23592801	0.000530865058477765
23593210	0.000712861522850148
23596240	0.0112821791147066
23599810	0.000544458028592056
23603240	0.00129055261009145
23603260	0.00289586750364304
23605460	0.0203403346415965
23605590	0.363453281189229
23606321	0.00924871960160553
23607031	0.00103953575588229
23608401	0.00224169452486639
23609030	0.00248516512506126
23613101	0.000676682032555807
23613200	0.00390975003749224
23614440	0.000771268895970759
23615260	0.000562588568993457
23615861	0.00112081765844538
23616411	0.0104551294343117
23617180	0.000679163364179332
23617931	0.465524139892469
23619581	0.00206434311522336
23620521	0.00347818290851107
23620821	0.00622313821569424
23621050	0.0005848992219464
23623230	0.00504352918193116
23623240	0.000650895188172046
23623400	0.00203085708195302
23623940	0.00982577206810409
23624630	0.000555158103072263
23632541	0.000516666415323494
23633791	0.0343361189429294
23634030	0.00594567733179553
23637761	0.000901416817174906
23643571	0.000641016586932248
23643851	0.00129294194228638
23644620	0.0136151604042291
23645170	0.00312842772091813
23645771	0.00152902212570335
23646741	0.000577879079033284
23647031	0.00348734893227752
23647301	0.00116812845521137
23647851	0.000523319383282146
23648770	0.0111160780109415
23650410	0.00391626674183817
23650560	0.00151515868319866
23652910	0.00769977373202437
23653761	0.037679365056428
23653870	0.00562891090894886
23654020	0.0025383259207064
23654280	0.000537120908383956
23654570	0.00303121054166271
23656811	0.0018842453610884
23658201	0.000487940684045312
23658321	0.000593287891046153
23658980	0.00241342373149138
23660681	0.000624943255469111
23660890	0.0421870707611385
23660920	0.00535315133181372
23661501	0.000903313051866529
23661890	0.000595308549759901
23662300	0.0014098660562562
23662591	0.000851233514993825
23664131	0.042718513223403
23665450	0.000543748208392356
23665460	0.000640509117060024
23669081	0.000525187021081151
23669091	0.000479625207350549
23669911	0.00122885105021757
23672401	0.00438024563439775
23672920	0.000882177952254995
23673351	0.00272348292198652
23674191	0.000938823991881234
23674311	0.461911452063097
23674970	0.0013252482721862
23675670	0.000493920381007615
23675711	0.000754901556275615
23677091	0.000661586472801987
23677750	0.000960810721443958
23677761	0.000564182948398369
23680500	0.00061538232000659
23680681	0.000771126504953862
23682410	0.000996136990442274
23682810	0.0012696041609968
23683800	0.00241612076539475
23683930	0.012734773082748
23684661	0.0048799320290379
23685180	0.00768235543578991
23685330	0.000641632874009316
23686031	0.0026032548541066
23686810	0.00142944266649562
23686990	0.00578252864902443
23688951	0.00315487066528455
23689190	0.00274125952814997
23689860	0.0049816280972847
23690990	0.000551612892450485
23691240	0.00106734487712223
23691950	0.000611461732836641
23692121	0.00101810564348233
23692750	0.00570951011324267
23692931	0.00193109176368409
23693631	0.00100023642280164
23694331	0.00158269972565012
23694461	0.000530354442692683
23694690	0.000996327638595553
23695161	0.000591280396186461
23695510	0.00307712370187756
23695540	0.00064771934718643
23696671	0.000926631030169446
23697761	0.0221263835866193
23698810	0.00148880077807887
23699370	0.00401519796389105
23699421	0.00288367919368509
23700360	0.0013708818959192
23701501	0.00200291661039167
23702171	0.000642604218945462
23702710	0.00126633094835968
23702741	0.000547451821154774
23702830	0.0573018576665706
23705320	0.00234651369589117
23705990	0.000625689527855835
23706260	0.00563168427374604
23707100	0.000721075440358765
23707240	0.00194898268807751
23707281	0.00183257670556223
23709310	0.000537585173363037
23710000	0.00230292627712051
23713460	0.00244458986203682
23714441	0.00435065301142846
23714980	0.00309043103125919
23716190	0.00655393397035001
23716241	0.000618521745372086
23717610	0.00175740095601587
23717850	0.0451430310246049
23718420	0.00165216803777935
23719090	0.000782626506324588
23720920	0.00232278291992946
23721980	0.00130050452337491
23722850	0.00700684002491322
23723151	0.30298720323129
23724241	0.000508013230081762
23724951	0.00061382384026705
23725751	0.00067732883488446
23725860	0.000581467524282694
23731120	0.00209529123668258
23731411	0.00185071386674316
23731810	0.0861243266442179
23732630	0.00283914528155295
23733621	0.00251770343274421
23735920	0.000631199287461339
23735971	0.0227126612620884
23737850	0.00155782915175413
23737860	0.00207335399084981
23738031	0.00400779890321929
23738290	0.000617567437708507
23740330	0.00457771587049879
23740941	0.00454977378220104
23740951	0.00070558857026268
23743250	0.000550196228938828
23743831	0.000528730365611369
23746041	0.000854283652895945
23748600	0.00124564434464917
23749190	0.00106253366557963
23749580	0.00117816662275663
23752791	0.125000098790171
23753911	0.00858381822925788
23754301	0.0049341495197388
23754840	0.00201542434900441
23755571	0.000576548420075071
23756521	0.0188210946774687
23757560	0.000538010746902404
23757840	0.000970709331962681
23758830	0.00428144339273714
23760070	0.009179500567605
23760241	0.00169224018985751
23760781	0.0282285926311441
23761501	0.000837053451769778
23762120	0.000545111564237109
23763260	0.00084153061410093
23765880	0.000662604714915698
23766321	0.00157199357184086
23767510	0.000560916399504083
23768791	0.00117026528033206
23769891	0.00531922366427924
23770130	0.00140880297061161
23770161	0.00400884863583491
23770441	0.000645728216203472
23770800	0.00714378426360093
23770861	0.000765010679939002
23771120	0.00204396407784079
23771660	0.00486442059725735
23772381	0.00089859262327183
23773050	0.00298260719462893
23773361	0.00179076708783097
23776740	0.00454188921334933
23779271	0.000491264581858664
23779380	0.00129926915960138
23779961	0.0012979607994481
23780381	0.00525644948312621
23782451	0.000538774056535707
23783250	0.000551247067483083
23784740	0.00146512953669573
23785471	0.000535944625851316
23786250	0.00424096831440387
23787551	0.000649054393462957
23787630	0.00338353108728714
23787821	0.000620911683440139
23789351	0.000584945849736671
23789980	0.000788965017637593
23790400	0.000582073655614297
23790410	0.000527578882222087
23792460	0.00214632004717724
23792480	0.076009679114274
23794430	0.0220064662720662
23797450	0.0433827155436228
23798571	0.00406392333842802
23798851	0.00287820813776089
23799121	0.00185897782373469
23800251	0.00111749459970134
23800760	0.000589682606667569
23802711	0.243277235451854
23802840	0.000642788903846406
23802970	0.00508591309421008
23803561	0.0171267790727792
23806571	0.000591702277488579
23806970	0.00180816085157823
23807530	0.0766328144254343
23808630	0.000497183642516058
23809010	0.000552651738394222
23810171	0.0025055933681389
23811530	0.00189910654616076
23815011	0.000731726225429248
23815681	0.000568900362405454
23817631	0.00563140840601732
23821700	0.000795965961503002
23822670	0.00365849821980584
23825440	0.000482676421989784
23826110	0.00304265290646525
23827681	0.000637904131996708
23829010	0.00247828752699392
23829040	0.000737719041574594
23829450	0.000613279698867944
23829830	0.0312987300313007
23830520	0.0139834636916632
23830930	0.00356935271767446
23830981	0.000510846504098158
23832641	0.0330273264381557
23833891	0.00589266832388962
23835001	0.0520317745837382
23835620	0.000624387055257403
23836480	0.00137103797087903
23836911	0.000565211774809656
23841491	0.00155895201688853
23841830	0.00189297320274738
23842120	0.00324087360493859
23843250	0.000571967416502847
23845180	0.00378531140719261
23845290	0.00476069546160844
23846800	0.00259628135814339
23847760	0.00119810992076171
23849850	0.00197711285481985
23850000	0.000501927018430295
23851421	0.00262578692939333
23853440	0.00928300176549599
23854950	0.000489639324352573
23856330	0.00061446360359595
23858250	0.000564218546740916
23859770	0.00411653500717169
23860350	0.00197268990408506
23861611	0.000614661433355584
23862940	0.00296159758515085
23863961	0.000746794166402839
23864760	0.00716711900262645
23869720	0.0208284584270883
23871831	0.000606877275454495
23872381	0.00056901783942305
23875070	0.00172771622675271
23875691	0.0014858990377973
23876771	0.000839568394162992
23877201	0.367411704095038
23877700	0.00096618369095272
23880101	0.000543243818156482
23880580	0.00160359203242758
23882451	0.00525755017060195
23886940	0.002882517463871
23888521	0.00417353763732244
23889000	0.00376203501667602
23889471	0.000811428942684565
23889710	0.000787705682325175
23892511	0.0346398611675559
23894410	0.000910215046485281
23894970	0.00203951313556436
23896060	0.00338863272580665
23896900	0.00265628613285025
23897160	0.00130278452757898
23897170	0.00366183583458593
23898270	0.00123378310704379
23898530	0.000571307769867672
23899261	0.00147663115609554
23899941	0.00361525889633734
23900480	0.00122343506070518
23900880	0.00217262466527943
23901410	0.000988292596159949
23903500	0.00819356592878146
23903650	0.00145907047293033
23904241	0.00123718959795671
23904351	0.00670866391394344
23904720	0.000746673810273026
23906301	0.00181751216428697
23908590	0.000549071597250801
23908651	0.00113580909174139
23909430	0.000698655413832243
23910000	0.00183667155223511
23913731	0.0060162484201357
23915370	0.000584550003254976
23916361	0.0328302265051143
23916491	0.000924052518166128
23917181	0.00781290465031816
23918151	0.00218755970009138
23921830	0.00190498384727695
23924091	0.00186719749135803
23925170	0.0013816534866158
23925591	0.000504022627650857
23926380	0.00189803635968032
23927640	0.000515040096118087
23928101	0.000683404086758998
23928221	0.0191757781385971
23930650	0.000536380855598084
23933041	0.000861896327820999
23934780	0.00231764187314009
23935100	0.00559494646328234
23936491	0.000706287098644015
23938851	0.106950045468887
23939080	0.000759873161446293
23940631	0.000497430661548816
23940740	0.000507261685043938
23940750	0.00280834436335971
23941270	0.0721693726508732
23941451	0.0187883533516828
23943391	0.000687319808593936
23944371	0.00650331786923459
23944470	0.192422315922331
23944641	0.000640460409455148
23945400	0.000573031227374448
23946660	0.00190332151578617
23947121	0.0184672966866115
23947910	0.0120701457978895
23948911	0.000625858607546974
23949170	0.000829522503585733
23949840	0.00408529321249587
23950520	0.00135557092590149
23950561	0.00115201326105235
23951790	0.00282670144329116
23955210	0.000640628409949179
23955391	0.00865210170692035
23956211	0.472633858807038
23956880	0.00149594103670455
23957720	0.00548082022711363
23957891	0.00201847054695626
23958110	0.00461025678274365
23958141	0.00467377724038803
23958431	0.00976451052172347
23959470	0.00054089683459442
23959681	0.00197567112013263
23959801	0.000920575471003699
23961840	0.000871065487278996
23962110	0.000604018200647445
23963220	0.00114520846647065
23963650	0.000610080252121582
23963821	0.000674023964729127
23964641	0.000619459728281739
23964860	0.00253618937764971
23964870	0.000513108305243393
23966141	0.000615038880885766
23967111	0.000564006886994344
23967780	0.0036734657798835
23968870	0.00176824537995044
23969331	0.00173679495719212
23971090	0.0161920254292874
23972180	0.00192261174902846
23973171	0.000581354883269151
23973550	0.00198415458346267
23973680	0.00104179509186176
23974151	0.00111873700225747
23974841	0.00056636994007547
23975381	0.003058957558382
23977331	0.00688499774871773
23979210	0.00112961287187565
23979220	0.0148013708376003
23979620	0.000743365202403256
23980030	0.11079393026776
23980450	0.00252136274671936
23982250	0.000608449209642197
23984231	0.00259044411231243
23984911	0.000581190355210533
23985000	0.00802824038605965
23986711	0.000533117615075741
23987370	0.00151340303841295
23988631	0.000614451392862015
23988781	0.000716346799076383
23989690	0.00111153178807984
23990520	0.00619502409872751
23990790	0.000659862584909663
23990800	0.000706029257685634
23990810	0.00119106828014534
23992050	0.00061372859864153
23993420	0.00355471961411503
23993950	0.000642020539613549
23994971	0.000521505917651172
23995391	0.00086942710298752
23999210	0.000485082632069143
23999490	0.00664571790280994
24003811	0.000509864933775094
24003890	0.000647832038476235
24003920	0.0916302810563543
24005031	0.000489050831120263
24005041	0.00144517330529774
24005840	0.0018233115837315
24006100	0.0165024897971736
24006120	0.0111413399769864
24006291	0.00405792292820316
24006551	0.000513496207861644
24008190	0.000957554959803931
24008221	0.0010022919011492
24008751	0.000512289530368491
24008761	0.00109146821452498
24009871	0.000545245195770784
24010790	0.000910291484825313
24010851	0.00324035342750633
24011070	0.00346098526361615
24011910	0.00881343922991123
24013570	0.000511678521367778
24013581	0.00131754265367811
24013690	0.000658566514673751
24014500	0.00166373849113058
24015931	0.00713642846277797
24016190	0.00802465794787321
24016450	0.00101250570549383
24018390	0.000574919692710505
24019760	0.0182334226732516
24020891	0.000802596374058594
24021680	0.00187337167695914
24022790	0.000694503796721907
24022971	0.000536182428199569
24022981	0.00123615081783027
24024040	0.000739137013072255
24025530	0.00260901469596616
24025601	0.00085304684487489
24026650	0.0107931358858796
24027391	0.00104052408447713
24027470	0.000645950099121158
24028061	0.00626153744279968
24029820	0.000836819945251671
24032481	0.00133227700290475
24032491	0.000544079756468947
24032901	0.000527068883052023
24033120	0.00242387943191258
24035090	0.0743507563381891
24035320	0.00111992747032295
24040501	0.000617304703020476
24040911	0.000775628142068346
24041161	0.000515789060466501
24041810	0.000632110169022837
24042681	0.000953845541865302
24047261	0.000635004604939642
24050640	0.00143017461899585
24052771	0.00180020815639788
24054920	0.00065041935009113
24055371	0.000576476926191794
24055490	0.00279504930681475
24055620	0.000883747178499579
24059350	0.000700394595884493
24062401	0.000504481468352537
24064290	0.000624685812530906
24065260	0.000778243131523469
24065311	0.000570642475367234
24065451	0.0808841143466591
24066100	0.00437987889161078
24067870	0.000728418655411794
24068361	0.000616698471082539
24069441	0.00148695056678282
24071381	0.0359505635149896
24071910	0.000496929994201178
24072351	0.00113621122293991
24072361	0.00674695294081892
24073120	0.000499284648735843
24073451	0.000534780127127895
24073731	0.00144515269938645
24074530	0.024007926126786
24076170	0.000904794971964166
24076320	0.000617754172759472
24076891	0.00157105641349359
24078350	0.0293545725878713
24078490	0.0025136052382255
24078961	0.0017084736556155
24081280	0.000617639571236255
24082401	0.00184621159875674
24082530	0.00724915279752571
24082971	0.00995501098700631
24083111	0.000541857521754139
24083371	0.00147638302691856
24083910	0.00246034412600201
24084221	0.000532069277403134
24084460	0.000632843091525738
24085010	0.00300567477435418
24085571	0.00111016372718771
24085861	0.000632461905186213
24086670	0.0022471767094914
24087610	0.00214245284898016
24088471	0.00681947874360536
24088860	0.000732112737168192
24090670	0.00774928001814123
24091490	0.000668601345117869
24091770	0.000597787284039561
24095770	0.00211825023242655
24095890	0.000566567855112069
24096170	0.000595353384027721
24096720	0.00847638630441613
24096751	0.00504167632357097
24098910	0.000585305824028451
24100030	0.000992527928678142
24100170	0.00132827516398393
24100211	0.00483954126561373
24100600	0.000588322494114734
24100850	0.00362046219452893
24101540	0.0466908617256006
24101721	0.00449661873704918
24102681	0.00100814259800954
24103210	0.000547263733142828
24103320	0.000629691982027773
24103641	0.000861856874052991
24103890	0.024187956979157
24106401	0.0312112672467152
24106630	0.000871314074406281
24107180	0.000815624894317376
24108430	0.00218500047568085
24110230	0.00617107219415636
24110650	0.0188423387126694
24110780	0.00055523448800049
24110790	0.00181215673115993
24112170	0.0155379052160324
24112191	0.00068196137146239
24112690	0.00394874754370689
24113171	0.00395286544187232
24113981	0.00102491304971602
24114250	0.00183442084766557
24115391	0.000680966542751723
24115460	0.00166339070787533
24116000	0.00108017508394422
24116460	0.0463450453706266
24117431	0.000642428079790012
24119101	0.000655909120511443
24120720	0.039502302470706
24121041	0.00267977160829878
24121120	0.00318363912659153
24121800	0.00241815552137376
24122210	0.00130260527286096
24122500	0.000581422925491633
24124570	0.000493931953954552
24124611	0.0017760299498204
24125830	0.00321565517633066
24126531	0.000496582261456922
24130141	0.0305817823849031
24130691	0.00103707368770296
24131921	0.00121298759322796
24132010	0.0577814179281361
24134520	0.000722773709283042
24138541	0.00083971035035868
24139900	0.00668296688344891
24139921	0.000593914769980596
24140420	0.000528262818391847
24141701	0.000643754164405964
24142940	0.00767685632407255
24143740	0.00111158667769972
24145301	0.0150409158238245
24146421	0.00389369597214263
24146490	0.000782562012801312
24146691	0.000537847364245239
24147771	0.0799300896246392
24150131	0.000541738112410967
24152071	0.000586142173109627
24152351	0.00272369246552637
24154630	0.015096378940784
24157571	0.0067806246575868
24157851	0.000929316631913985
24162090	0.00161279681649881
24163860	0.000566081852799927
24166480	0.00689604873681398
24166910	0.0359090811815022
24167060	0.000589799903881713
24167310	0.000756031068299509
24167590	0.000558327276650697
24171091	0.0091686471932822
24171200	0.01355970253622
24171210	0.00457280001678068
24171241	0.000647426996362041
24172410	0.00135661686783268
24173161	0.000671803909037966
24173390	0.000534739669019175
24173930	0.000484333585582058
24173981	0.000527678173035355
24174500	0.000613539940301884
24174520	0.000634456664482976
24175101	0.0323453106801395
24176130	0.00219397436025973
24177260	0.000744032578465556
24177800	0.00194351219225846
24178801	0.000954179687332302
24178920	0.000826642093254416
24179241	0.000683752920051814
24179651	0.00109664727350607
24181130	0.00246846570154912
24181250	0.000663764385695423
24181270	0.00105308806512788
24181981	0.000690597423468704
24182401	0.0122006502581898
24185291	0.000758651572820544
24185701	0.000532966321895958
24186961	0.000653725021381412
24189240	0.0167838958342125
24192300	0.0145121848666127
24192680	0.00153765480913554
24193400	0.000576481069159579
24194340	0.000688316390696607
24194760	0.000614189062435337
24195470	0.000612748549225707
24195631	0.013063755798664
24198070	0.00117135417538419
24199030	0.00469732322880184
24200990	0.00798626165692644
24202780	0.00457548807966466
24203091	0.000758358247887729
24203511	0.0128430136265174
24204550	0.0009075561816505
24204960	0.00122475465965281
24205011	0.000973132789826625
24206900	0.00219606021570679
24207610	0.00526816669290605
24207931	0.000585359869589861
24209100	0.000504290096206874
24209120	0.00149689747635009
24213441	0.000720885055070071
24214760	0.000601281144226151
24215091	0.00198011332325766
24215761	0.016639563863359
24217031	0.000685637317843318
24219300	0.000640646020673
24219491	0.0018554563868071
24219720	0.00241627076732631
24220430	0.00165608959369403
24222200	0.00111504025583648
24222391	0.00162839081597576
24222790	0.0111661694757455
24222801	0.00050432483917158
24223320	0.000673653054870339
24224270	0.000626457797946284
24224731	0.000982949023501357
24225141	0.0232737801525656
24228150	0.667658773517373
24228170	0.000616779689323843
24229571	0.000480895368371856
24230661	0.0241131086642683
24231091	0.0247366390081469
24232400	0.000582668059279351
24232451	0.021873322148609
24234961	0.469745997695723
24236540	0.0198295437177652
24238620	0.00165904479207322
24239901	0.0054924479782688
24240720	0.00070316467933626
24243160	0.00198048268217098
24243720	0.00058524336039487
24244020	0.130082023422809
24245400	0.00209787753589007
24247330	0.00516893393629688
24247491	0.000811346890140948
24247870	0.000518264238155538
24247901	0.000689830120636358
24250241	0.00628709027187169
24251361	0.000534323280582376
24251621	0.00276493226964948
24251911	0.000685185454155823
24252300	0.00213759372717761
24253851	0.0704135926492792
24254750	0.00222028941421264
24254791	0.003306440017483
24255850	0.00209932111670908
24256260	0.00589694298247981
24256591	0.0182958471666237
24256710	0.00140743406388341
24258101	0.0014255627941688
24259580	0.00258253826631284
24259901	0.000773308619658538
24260300	0.00437494774597819
24261301	0.00530924114039182
24263320	0.0149001957570156
24263580	0.00931509235128842
24263590	0.00897812642061827
24263720	0.00484718236312496
24265161	0.00650039970025272
24265920	0.00765015434237984
24266121	0.00127683655936031
24267511	0.000661496143088282
24268120	0.000714598903556187
24270821	0.000582096577860718
24270890	0.00216582832117015
24272120	0.000538556534532807
24272550	0.00253132882402486
24273301	0.000973347415068178
24273540	0.000613904677677011
24273831	0.00580263961208317
24274931	0.00282810074779779
24275300	0.000896136346350122
24277120	0.00107440786840015
24278230	0.00192254914404905
24278620	0.00211293322166046
24283860	0.00124897632669255
24284451	0.00126492281258682
24286391	0.00127412405677328
24286510	0.013262395240603
24288540	0.00130528255037701
24289291	0.00585697808906461
24289301	0.000646220052394631
24289431	0.00732968150103246
24291361	0.00900711599099633
24298080	0.0019299786980505
24302210	0.000566756495878783
24302630	0.0561074142005704
24302890	0.00126628734232968
24303081	0.00372018192079919
24303491	0.000662044329873724
24309701	0.0013213243640798
24316680	0.0039083197309624
24325240	0.00137280401771841
24327290	0.00175259832754877
24327621	0.000884686212865726
24335501	0.00167342135440334
24337390	0.00287015209235276
24344290	0.00115330386993197
24346460	0.00122393100101016
24351450	0.000499674677987873
24352560	0.000557477177586718
24353401	0.000594559189930466
24357770	0.0024109447325101
24362360	0.00133353020759213
24362630	0.00132721518598716
24375590	0.116725219612808
24377100	0.00154489132071285
24379491	0.000661683918046976
24381390	0.00191990973417405
24383140	0.00106376847725027
24383881	0.000689680141392081
24384810	0.000486874737840349
24389541	0.012611339034113
24391710	0.219018442258119
24392420	0.000638564326102814
24394770	0.00306839938025932
24395450	0.0120029735366485
24395710	0.000713328587703298
24399881	0.00137789849009595
24406781	0.00265117300691319
24408130	0.00141409812711862
24409900	0.00645030412048027
24411061	0.00064858362203066
24412851	0.00121203772483443
24412861	0.00370360840816428
24419331	0.00209571692951911
24424140	0.0132121820716516
24424581	0.000690724497518354
24426661	0.027915767321084
24434330	0.000641067161954595
24442030	0.000712934271229416
24444581	0.0136577818368636
24450860	0.00630719705008484
24460270	0.0132699292440409
24460660	0.0234511582087679
24465900	0.0012499184950776
24472301	0.00232422634963725
24474350	0.000604440297950497
24475010	0.0865547245348033
24476810	0.000538483683308011
24478870	0.000993963078225927
24484110	0.00831931095568063
24487280	0.00371394579337464
24487471	0.000558110288725863
24493360	0.00217212125800456
24498450	0.00944534912580106
24499751	0.000956055967588495
24502320	0.00481703286771093
24507321	0.00305304478096923
24508120	0.000601044197599722
24508701	0.00870078074622813
24522641	0.000751326107563572
24523440	0.00128351418498002
24537230	0.00279425262262899
24550091	0.000598248300575356
24553230	0.00335763613537321
24560991	0.0307072355010742
24561340	0.000553962723158678
24565261	0.174314076423969
24566470	0.000615396910384983
24571000	0.00445524660303912
24571700	0.00384449451851352
24573340	0.00405479916393871
24575311	0.00266550110339045
24576650	0.000576125277756842
24576680	0.000677665797326173
24577510	0.00838602422689559
24580831	0.00366447700424447
24586160	0.000691955053977929
24588151	0.000789433218612917
24589500	0.176756121488542
24590091	0.00249958233226742
24590470	0.000887274911162811
24593910	0.000527886601610634
24594990	0.00129642229595439
24597360	0.0021883077519106
24597460	0.000840104852980275
24604701	0.0168919043913356
24610180	0.000585385917443124
24610641	0.00134544094293467
24614901	0.000531397233280913
24617241	0.00396428700489776
24618201	0.000998250887759665
24620961	0.00982375021050511
24626501	0.00171468061217119
24626730	0.0161702238540634
24632400	0.00244190092189312
24634300	0.0036317635614891
24639000	0.00252022192250923
24640080	0.00191569691671019
24652131	0.00204634591777401
24653870	0.0633074580383917
24655670	0.00620854603684268
24660490	0.00135608650142526
24665360	0.000617476640744495
24671810	0.00124368326421105
24674761	0.0015016185681277
24675301	0.000675004746857585
24681931	0.00201263806990206
24684800	0.0119461883760574
24686631	0.000641394533225849
24691800	0.000733766393916306
24691820	0.0676339821942282
24693910	0.00111746873461448
24695390	0.000529327138619405
24701770	0.00259771168472638
24706621	0.000584127407038031
24713101	0.00106925375795071
24718000	0.0950238105350636
24721470	0.000531382522977415
24723380	0.00402750531314611
24724131	0.000574230795780217
24731790	0.0145140041348372
24732370	0.206198141256183
24732790	0.0395011133520074
24742140	0.0117535891577215
24744660	0.000566780186017493
24751940	0.00463068811030146
24756961	0.0133961285792979
24760780	0.00140500293079789
24767140	0.00202006362771962
24767820	0.00114503146123603
24768391	0.00053270871494808
24770570	0.00408709199818833
24771370	0.00163376329798691
24771380	0.00224459636841246
24773900	0.000546573183353672
24777070	0.00516439134696379
24781491	0.00870286340035289
24791380	0.0025063555071366
24801440	0.165849678759593
24806820	0.00276018808452982
24811431	0.00184864901768453
24814830	0.0030918942532176
24815240	0.0106836835276308
24819021	0.00193125079774509
24821740	0.00379138271830136
24828941	0.000581520104399493
24833361	0.000501707646379475
24833450	0.0011272707096307
24837570	0.00149138370478203
24838830	0.00136954737413257
24840791	0.000641215311906152
24852101	0.00275385953906384
24860531	0.00246463486286863
24864470	0.0120629301916416
24868510	0.00172950098075328
24870130	0.00257235504977475
24874041	0.00835391924449213
24878980	0.000859174649639
24879100	0.000502124086803785
24880600	0.00397912191038674
24880760	0.00198364018529537
24881710	0.00233282812742104
24882020	0.0203090177842156
24889740	0.00505433965936235
24891131	0.000514402143886568
24895711	0.000547742129611909
24900080	0.00138665135429646
24902441	0.000621932202587537
24902560	0.000642957859917302
24906741	0.00258139421332552
24907670	0.00534669438711183
24913720	0.00250588089770068
24915670	0.00570554267753476
24916740	0.00516960904063798
24917880	0.000566843726619117
24921180	0.00257641207907863
24922570	0.000948362122812348
24924640	0.0026047115271864
24930250	0.0183137291860975
24931831	0.000594999202418859
24937440	0.00573319289982776
24939910	0.000722684310021593
24940620	0.0151010392400504
24941621	0.00471668822152264
24941901	0.00112529558024252
24942430	0.0137749445638369
24945071	0.00211818211368051
24945600	0.000526353851194061
24947281	0.00165664327730498
24947350	0.0022794229250518
24950130	0.0111496244962804
24952231	0.000771878399848968
24952760	0.000485029239425287
24954161	0.00173135713255713
24958601	0.00370309711371729
24958711	0.000896686485397794
24963800	0.00293114552884424
24968330	0.00153424986363542
24970721	0.000537068245256032
24970991	0.0159022618642956
24971100	0.00687488810351125
24971681	0.000531599851962691
24978021	0.00377715622554836
24978451	0.00114197731684471
24980521	0.00389744546362614
24980900	0.00328452445203986
24985061	0.000913911947184509
24987920	0.00183606312761993
24990680	0.00365389881131261
24994861	0.00291503323152538
25001351	0.129039695884822
25003691	0.00512626449274839
25006420	0.0172313370805133
25008231	0.0018428713673201
25010560	0.0537673811015759
25012320	0.00111575222344912
25014960	0.00132364939843352
25017481	0.00060562631015706
25020210	0.0305760105732558
25021410	0.00144109142250468
25025590	0.00339696712298541
25030151	0.00135012174028893
25030830	0.00359083708454473
25036101	0.00203228003942996
25043541	0.00217019204284163
25048050	0.000807575874424173
25049040	0.00241005283316509
25054561	0.00134313209711159
25054701	0.000612342946754439
25057020	0.000648131582743223
25058421	0.00178474743163588
25067261	0.000648341327833708
25068450	0.0113404588765124
25070301	0.00131287465304452
25072771	0.00711344938239427
25077201	0.00085144994981649
25077300	0.000847014911973702
25078940	0.00152203882109758
25079111	0.00319688571870925
25079490	0.00285622126832607
25084600	0.00169380131269715
25086960	0.10937754278434
25091811	0.000959328141534794
25093680	0.00213433361387272
25097321	0.000484570801052053
25100101	0.00341421810994729
25102691	0.00137078771243727
25104590	0.118148306255951
25113130	0.0018457567077295
25113181	0.00734371265765823
25118390	0.000540657855298811
25124030	0.00345807323044793
25124040	0.0127092312669679
25130281	0.00387924372794542
25140610	0.00167336771795904
25154650	0.00125265277023067
25155200	0.0019247583635548
25160290	0.00329675418449728
25161820	0.00929163097316767
25162110	0.00246880629885579
25166380	0.00592307356941759
25167080	0.000492591068555068
25169041	0.00439373375311784
25170250	0.00274754296202616
25171521	0.00954654726786957
25173960	0.0313127133914854
25174971	0.0266500176708225
25176840	0.00198482196367368
25187900	0.0053367375890835
25198950	0.000868749022532118
25211521	0.108399391784272
25213311	0.000914322120758955
25222500	0.00397570028943111
25224450	0.00370726474268056
25228300	0.00162541533523534
25231870	0.000796269627890365
25245571	0.0096994285439654
25260430	0.00724576937132103
25265800	0.00183554760942946
25274421	0.000717815703657762
25291070	0.00591644896536451
25299490	0.00126255188612713
25301930	0.000547209286726474
25304211	0.0135931397748824
25308010	0.00276254879986284
25311781	0.000498385171610528
25318790	0.000594857989947193
25332410	0.060844787115222
25339791	0.00209348473788894
25344160	0.00551324359956376
25348420	0.000983347651709505
25356700	0.000484587005933821
25363860	0.0018885568878737
25380970	0.000479006609490603
25383990	0.00296741047588231
25386121	0.00244663765160521
25402490	0.00128866781910602
25405090	0.00239299241669505
25408321	0.00949936625055853
25413281	0.00589254078911644
25418811	0.00390942620503222
25425400	0.000601751436972108
25435050	0.00187045627549242
25441640	0.00138205426243917
25443091	0.00113070500268416
25444570	0.0348130398702542
25448321	0.00651463732929341
25455761	0.000468959471690031
25457561	0.000755595774865962
25459300	0.00117683828239972
25461281	0.00161223751422472
25467170	0.000648252242687178
25471901	0.00114233612213235
25473120	0.0105521208958621
25473220	0.000554718439166629
25478750	0.0230534524964199
25482371	0.000689937106396773
25485540	0.0288746451574664
25494050	0.00677546895441955
25502220	0.00203937690518884
25511020	0.0952580314807106
25511850	0.00161979972748276
25512970	0.00138345217525961
25516861	0.0754472969255487
25525920	0.00255986294479439
25530600	0.000514122222578369
25534241	0.00130006491794733
25536150	0.00114665530536996
25538251	0.000722700213831217
25542620	0.000586222547277342
25553390	0.0247332837818707
25555560	0.000642593274665252
25557210	0.000591765589863636
25559460	0.0014854413962112
25562781	0.0188411168651194
25563621	0.00120284716720625
25564171	0.000564329262752085
25564581	0.00453463045751652
25566050	0.00057151962281458
25566381	0.0103232840890424
25570801	0.0013881977001325
25571071	0.00150779681203465
25571211	0.000530522176324943
25572871	0.000585768929979455
25573080	0.00355643436676885
25581401	0.00520581653396801
25582511	0.00933441603789671
25583000	0.00680873498560837
25588181	0.0129542569088
25588250	0.0653742321900704
25596140	0.000594107990004081
25596680	0.00258075199219595
25597271	0.000587643137860354
25597360	0.000568129083795706
25600540	0.00640263144603464
25601100	0.00212555014063331
25609821	0.000553084711572261
25613220	0.00183808255200143
25615830	0.0522952095346102
25618740	0.000611997661773162
25625141	0.0040829209875201
25635010	0.000827325872136279
25640431	0.00255047040011915
25642760	0.000715809630089454
25646511	0.00135524763002758
25649750	0.000929338719068333
25649941	0.00150460504504445
25652670	0.000669251280661822
25656270	0.0236722748552286
25657060	0.00108086516559511
25658771	0.00061366885383887
25662860	0.0065817604055153
25664650	0.00361566234666207
25664950	0.000745509055081392
25665760	0.000496564566887836
25669541	0.0168969845982495
25674371	0.000939366272776972
25675280	0.0196969826144353
25675341	0.00401872978864991
25675410	0.000747534133521782
25675980	0.00694614782540087
25676920	0.000492726768147328
25679550	0.0161186022404521
25679891	0.0211728084258774
25681350	0.0194190311205804
25682081	0.00234524688635643
25682631	0.00283516536341993
25682921	0.000598105098108135
25683731	0.00195605806153928
25687960	0.0048408806090197
25688920	0.00151925822408145
25689521	0.000941608230622395
25690480	0.0016868695663328
25690781	0.0281870042209778
25698990	0.00186524741733035
25700960	0.0216929825046987
25701060	0.00297062130659711
25703751	0.000934079972717244
25704161	0.00517277459867548
25705340	0.0254386173112878
25705760	0.0144339851399872
25706020	0.000689287301604866
25706850	0.00151249540621606
25707430	0.000622601236881318
25708141	0.000621032263422686
25708230	0.00412574086134368
25710570	0.000506786513298534
25713941	0.0239686922670791
25714221	0.046699451762926
25714501	0.00101073379750568
25718310	0.000510797057607064
25719840	0.00782611529443137
25721401	0.000499177388781477
25724390	0.00257793938339828
25725370	0.00329165682755051
25727270	0.000516668841951097
25727960	0.00388103023118217
25729480	0.001138619588388
25729890	0.00448799525474711
25729900	0.000696500403593577
25730710	0.00122631643827948
25731321	0.00120145781085514
25734720	0.000540216390663817
25736961	0.00478399616483444
25738750	0.0154462929513555
25741681	0.0270354669823404
25742860	0.00261486332029553
25742980	0.000842593871550907
25744831	0.00145108824716576
25745780	0.00134107100673046
25746040	0.00851617749634763
25746740	0.00126870099346177
25747000	0.00363465286743971
25747540	0.000618182140501475
25747990	0.000512534360939334
25750750	0.00375595334275193
25751960	0.000495365546916549
25752291	0.00220916599359347
25752370	0.000721026741917403
25754290	0.000700993367653419
25754590	0.00597581703264628
25754921	0.00351395505348843
25755331	0.00062865022038422
25756090	0.000980757419131727
25756930	0.00570826255431094
25757251	0.0039551129712556
25758060	0.00197312425614153
25759160	0.000496342549961383
25759960	0.0110987504717307
25760571	0.000536751422119809
25761080	0.00783829249342813
25762040	0.000587051697686906
25762450	0.00511101891789411
25762470	0.000988765269447411
25763550	0.00109503374605665
25766570	0.00132970877461229
25768530	0.000712192721084886
25768851	0.00058009390908608
25768910	0.0933459564208399
25771400	0.000498177008398889
25772161	0.000600841588908354
25773900	0.00163745568179852
25774720	0.000580938295611718
25774751	0.000731605655838247
25774911	0.000733066596126291
25775980	0.00229077248814625
25777511	0.00152825476083005
25777941	0.296239527176135
25780080	0.000571013291216633
25782470	0.019575096872029
25782570	0.033175627525112
25783191	0.00175223837944717
25783420	0.00219285674205491
25784141	0.000600345598752207
25784510	0.0211153310218202
25785951	0.00959685447343348
25786740	0.00177335937508392
25787721	0.0014265644194066
25788500	0.00209035154839859
25790030	0.00640368179503883
25791410	0.00133962564962338
25792080	0.00752851886483234
25794221	0.00123454321942805
25794980	0.00742437961860501
25795010	0.000736345424592858
25799950	0.00242182218951273
25802170	0.000651764047620061
25802631	0.000816102551327996
25803430	0.000654015061820275
25803840	0.000886206887845495
25804100	0.000554106137148242
25805360	0.00076078595725083
25805910	0.0944618829167256
25806720	0.00141932136316922
25807000	0.00288426517542567
25807430	0.000746925679479116
25807830	0.0109276420225826
25808001	0.00946185291762286
25808940	0.00443462583107775
25811120	0.0110515594287772
25811840	0.00146539361645579
25813330	0.0131095637618616
25813340	0.00165581288098434
25814901	0.00510025447931435
25815120	0.014744929475677
25815181	0.000979779584601924
25818560	0.000498723648762091
25819161	0.000537113113077814
25821080	0.0014213395928185
25821101	0.000846098244231085
25821210	0.000683350628470469
25822570	0.0112073800647822
25827390	0.00131549679974316
25828131	0.000541749378407168
25829610	0.000646919889620421
25829740	0.000618061322095823
25830191	0.000543648355787302
25831140	0.00162630708636882
25833801	0.000487590793129995
25834710	0.00274657636228683
25834870	0.00307256172711912
25837101	0.00326426059955687
25838590	0.00163469578484049
25838761	0.000509666697128938
25839810	0.00265028993422151
25843041	0.000786095028710093
25844350	0.00050748287884571
25845050	0.0103070766267597
25845511	0.00051998646899884
25848110	0.00446306957970041
25848490	0.00203678719875479
25850570	0.000690370243097069
25851950	0.0128827307699003
25853101	0.000502109667912168
25856821	0.00142805003645275
25860080	0.00153481664050021
25862170	0.0141752099669473
25862320	0.000552408676790063
25864261	0.000522575255484195
25864401	0.133896989117159
25865330	0.0196921727622063
25866621	0.000948147245847469
25866850	0.000732984910212747
25869511	0.000537765338775289
25869890	0.00122628523868611
25871970	0.00422676671115322
25872760	0.00124977275472932
25875130	0.0025795482689887
25875550	0.00952084654273897
25875571	0.000912022079782486
25876561	0.000534997771293864
25876800	0.00201331836425839
25877911	0.00567980645170326
25878741	0.0025117296471033
25882201	0.00208132985751295
25882550	0.000803152770503433
25882901	0.000558082479638798
25883380	0.0144387744314201
25883670	0.000559721633066654
25883800	0.000549930241548778
25884121	0.000698012209753036
25884380	0.000673195420051466
25885521	0.000970830964751956
25886730	0.0304297725976943
25888070	0.000592628588430942
25888141	0.00194199914692741
25888360	0.000719582781607086
25888500	0.00345767994030649
25891181	0.000512421133549326
25891670	0.000515978105914096
25891790	0.00535082926344816
25893180	0.000560349911332523
25893190	0.000641646267032155
25893890	0.000513710290225438
25894320	0.00405253341536444
25895680	0.000645025979590384
25895820	0.00753993213015479
25896070	0.000540608434362269
25897180	0.00270839072774433
25898040	0.00049195679613574
25899520	0.00140650959090821
25900780	0.000614052520724288
25901740	0.003281620171579
25902010	0.000493109539547868
25902611	0.000501228465704687
25903291	0.145894440444272
25903451	0.00173332049939007
25904240	0.000497437498901009
25905521	0.000679960640914342
25905631	0.000548350861164901
25907680	0.00163124749268164
25907810	0.00072102942823996
25907861	0.00757503516339442
25908360	0.000550983988976028
25909460	0.000671264795830647
25909490	0.000587597869544072
25909911	0.00330108487087638
25910690	0.000577359791486245
25912281	0.000676947289073711
25913890	0.00497800342217593
25914061	0.000679422236782163
25914270	0.00228432813902576
25916210	0.00141997230338229
25917310	0.00399348933018045
25917720	0.00242784616569978
25917890	0.098048188532146
25918051	0.000946516286698377
25919100	0.00258039789943014
25919680	0.0122159406469311
25919861	0.00100398010060497
25922331	0.00186242977632725
25923240	0.0330436777620794
25923690	0.00366324747390399
25924490	0.000508968038895397
25924831	0.00274747083876235
25925200	0.000692441715546531
25926010	0.000991771209734294
25926980	0.0185835036040506
25927571	0.0014422551896685
25929781	0.00120968459291867
25930010	0.00675309925957377
25930040	0.000508108167377765
25930860	0.00167158551105354
25931031	0.00107577194415336
25931100	0.000482653241243527
25937221	0.000512455198223373
25938570	0.00325407622538024
25939800	0.00118641538451758
25939940	0.000738651967737357
25940551	0.00128589054670859
25942321	0.000607740948170533
25942690	0.00165097860859233
25942881	0.00291755606478133
25943171	0.00128167215640659
25944411	0.00095921749937681
25945221	0.00142827315488694
25946170	0.00423124643830048
25947950	0.0121004530381114
25948900	0.00051392888464085
25949060	0.00118775891157665
25949170	0.000884874190224945
25950621	0.0023215397481099
25951161	0.000665944019856634
25952790	0.0419637945685629
25953491	0.00109762206825367
25954280	0.00061430358094789
25954430	0.00112913695213044
25956001	0.00136352577114262
25956100	0.000578783698147194
25956681	0.0218424420543966
25957771	0.00378118122641206
25958830	0.000643147790393007
25959021	0.00477573413104261
25959920	0.000525370414901077
25964121	0.0190560581941512
25965030	0.000773650466803415
25965091	0.0231976934888025
25965351	0.0102824127816622
25965371	0.00280907761985332
25967841	0.00140390993662551
25968490	0.000643284468385856
25968531	0.0021480410968029
25969241	0.000590105495811639
25969310	0.000696744986735554
25969330	0.000742921020126587
25970181	0.00115108632651898
25970881	0.0011248308871831
25971270	0.000515971152886436
25971831	0.0010967073800207
25973610	0.000740677713856382
25974051	0.00162920129222209
25975120	0.00193113518459779
25975260	0.00515685108088343
25975291	0.00130227258454913
25975380	0.000531395235100303
25975790	0.0166327447899658
25976060	0.000742998864948024
25976541	0.00200690160106799
25976630	0.000594741034779107
25977850	0.000925386056298177
25978451	0.00048939746429828
25978570	0.0410788678419421
25978580	0.000502469443302412
25978700	0.000508708046266593
25979120	0.00104437721161652
25979680	0.00130955814929974
25981050	0.000741335208338613
25981651	0.00119966006940284
25982051	0.000546890439993242
25984521	0.000520521346990366
25985460	0.00385253462067168
25985511	0.000989285198271508
25985641	0.00388013050540573
25986990	0.00570098516114831
25988080	0.00333730764120831
25988610	0.000784460595888944
25989101	0.00164870511760483
25990471	0.00137396462725555
25990960	0.00054204162893987
25990970	0.000966938151063803
25991930	0.00107185879396388
25993221	0.00314743059873372
25994440	0.000650795446281386
25994451	0.00110371290587321
25997020	0.00060286028330546
25998300	0.000539468123855431
25998331	0.000618108583159479
25998540	0.000579215968839417
25998840	0.00544868660261161
25998960	0.000735438789719094
26000610	0.000535548473653101
26003540	0.00512281552729558
26003561	0.00648041950874313
26006400	0.0103382692200322
26009570	0.000991183249080689
26010461	0.000538240526799283
26011920	0.000477826061577886
26012620	0.00116605693764272
26012640	0.000700567003931899
26012661	0.000575598186572139
26013091	0.000532651222003204
26021621	0.00114651331442621
26028360	0.00783558266749753
26028931	0.00221480211440384
26031711	0.0005758653502524
26033730	0.0232714069363708
26039930	0.00256268301416093
26040521	0.0091531952895304
26044811	0.00057562622904991
26045710	0.0179215846625372
26045720	0.00171530873474709
26048090	0.000506453814541288
26048880	0.00428887027470499
26049481	0.00107273688785063
26049631	0.00101164482911209
26050950	0.000556104076126566
26051110	0.00357439634870943
26057211	0.000497991408945047
26059250	0.00535234074346725
26060941	0.000469877227682834
26061020	0.000781469381478067
26062051	0.00220477706171669
26064391	0.00535509606600412
26065771	0.00136101476406104
26067530	0.00134761112577627
26067800	0.000740894600766383
26068080	0.00140758916418446
26068791	0.00251856984078193
26069840	0.000540294013543028
26070731	0.0159235887906785
26078861	0.000809578591451998
26079001	0.00564893058128991
26080480	0.244090372604039
26085150	0.01932540933522
26086970	0.000553490611757932
26088231	0.00870947486043773
26088801	0.000955637824464814
26089600	0.003430957737919
26090020	0.0538226429033957
26090051	0.000730899244826356
26090680	0.000808982417720597
26090851	0.000780924002086782
26091100	0.00056958554251329
26095660	0.0637645722456901
26098800	0.00147142392871759
26101471	0.00127664665907773
26102171	0.00165296205425589
26106601	0.00271551075188658
26108371	0.00357715013514649
26108740	0.0018685977153597
26110530	0.000592194615996033
26110700	0.00256830765415239
26110940	0.000580847238031506
26118690	0.00784213624793427
26119520	0.0251218018771283
26124910	0.00186616107016954
26125471	0.00195426061349352
26127561	0.000556096917935512
26128241	0.000542609992818235
26129700	0.000780370581031647
26130270	0.00393276649125207
26130601	0.000602073231224345
26132210	0.00641253355139989
26145051	0.000476353559978161
26145710	0.00549939317370458
26147790	0.0795642121149991
26148050	0.000710042136235806
26148801	0.000518809500264092
26158420	0.00142094552900316
26161211	0.0311114605875944
26161310	0.00188463430543305
26166970	0.0030986399709061
26169430	0.00260448010939439
26172730	0.00108020245521938
26177300	0.000518253824625125
26179500	0.00070234724296668
26180180	0.0290091142821949
26182161	0.00214085524406254
26184921	0.000879596273127565
26185450	0.00527570296677531
26185690	0.000982976703582579
26185761	0.000598381517954154
26185850	0.000680404220780609
26186400	0.000569216485523842
26186680	0.00131270479883789
26187650	0.000898370190847302
26187780	0.0114700721117482
26189440	0.000499655348806437
26196760	0.00413134813302899
26202441	0.00172675816129084
26205570	0.00279299384892063
26209481	0.0201194952673509
26213840	0.00549110778118485
26217601	0.0010255744044031
26218100	0.000962679248070103
26220081	0.00207647637470366
26220641	0.00077233811782722
26222100	0.00501424964163892
26222800	0.00144918632111215
26223770	0.0060140440344698
26225420	0.00284551597018109
26231370	0.00175276833929947
26232440	0.0118022396901371
26232501	0.00812184971970614
26234161	0.00528055227128088
26234550	0.0013348456423169
26234861	0.00414427518782605
26236900	0.0034228714094333
26237181	0.00053615959873668
26237321	0.000515214523998413
26237410	0.0107581658656201
26239271	0.00138139262543629
26241280	0.00084287437238203
26241700	0.00104944495305261
26242240	0.000607154869062751
26242421	0.00389883721779993
26243411	0.0774397513630943
26248081	0.000566800902762747
26249461	0.0129503493958459
26249960	0.00198360573126011
26251230	0.00247639164897594
26253061	0.00660550246159891
26254800	0.00629797198949814
26256211	0.00106467820798287
26256340	0.000567551976253623
26258000	0.00354595123392921
26258991	0.000551972035090504
26259111	0.000506392056920056
26260081	0.0031020736360957
26261611	0.00609099402263155
26266810	0.00209651037638765
26266960	0.0122551276987798
26269731	0.000473420880384208
26271620	0.000620776753947938
26271920	0.000716039794338735
26273170	0.00209497014346123
26275770	0.0178095205649781
26277710	0.000547378762778538
26278011	0.002031303994806
26278301	0.000599235203267164
26279790	0.00287157002220754
26281550	0.450005709486316
26282540	0.0052435938808245
26288720	0.000593215588807531
26289820	0.000723695384368955
26289990	0.000507281946447943
26290301	0.000777368811632511
26291671	0.000557186766768688
26291951	0.000619420983207518
26293171	0.452552536368723
26299190	0.000503142184192181
26301201	0.000838570068323055
26301420	0.00173255177876255
26310920	0.00335312658678128
26312231	0.00141553688707007
26313471	0.000678253762062939
26315801	0.00254203446146156
26316091	0.0109586637063326
26316190	0.000851226093390768
26320091	0.00764928624853541
26322431	0.00058612212289188
26324020	0.00429933658751391
26325670	0.000531725980122393
26326500	0.00534919975026003
26326670	0.000749148633518245
26326961	0.000561582693122814
26327101	0.00129085273644975
26333840	0.0139003558852226
26335900	0.00127032509257584
26338360	0.00185539656589004
26344840	0.00285088415951198
26344901	0.000568969337929925
26345181	0.0689965716406745
26345260	0.00182177574859456
26345311	0.0010189699560617
26345731	0.00112815887496831
26345820	0.000648205600122187
26346400	0.0112253040846823
26347880	0.00156374268938701
26352201	0.00260986454024259
26355740	0.000621223528832595
26356730	0.00862973786782841
26356990	0.00049888864056847
26357191	0.00080534691990477
26357700	0.00048986466075784
26358910	0.0006681047907559
26361000	0.00270288466316521
26361710	0.00150671122725192
26365840	0.00786727900885055
26377161	0.000494268650204133
26379320	0.00597561803792679
26379811	0.0215677322911671
26384440	0.00224016121068135
26385601	0.0655340016459389
26387500	0.0101854009358536
26388621	0.00233799117399929
26389191	0.00675194893737656
26389420	0.0036366017879778
26392501	0.0138997058068602
26392631	0.000613978936820537
26395091	0.00118732844155073
26395791	0.109697140030366
26397150	0.00103077852718961
26399750	0.000795485316559439
26400590	0.041166365377918
26400990	0.000751990598366499
26401010	0.000560835239704407
26403480	0.00541395448318624
26404290	0.00220842356888091
26405570	0.00108479507244244
26405711	0.0140130367041427
26408560	0.0504042653126426
26412010	0.00242821334410824
26412180	0.00283774086726835
26413010	0.0027815114908048
26413871	0.000603786668141733
26415880	0.000927582118384056
26422640	0.00406526183318714
26423791	0.00110610231816096
26424580	0.00213690360627635
26427910	0.0212686613892428
26428201	0.000687043590070982
26429800	0.000471009046036927
26431900	0.00109320786000417
26433010	0.000744320468586244
26434271	0.00062830640831648
26434401	0.00471136836222282
26435770	0.00123923914025066
26435870	0.00338854808570002
26437280	0.00856231161447707
26437410	0.000507665845952861
26438500	0.0491967719129826
26439630	0.000614993151126006
26440010	0.000616173892680339
26440160	0.000571530325400229
26440320	0.000955783258994871
26440980	0.00265453265391581
26441041	0.00538030971688262
26442110	0.000565262016861298
26442360	0.00359794778354626
26443361	0.00626904359525025
26443931	0.000563408834240818
26444881	0.001242988208681
26445810	0.146235057557929
26447460	0.000694252416318977
26447610	0.000658944910706027
26450001	0.000978394046904956
26450650	0.0357003072181121
26451080	0.000792213541653168
26451210	0.00149817621332305
26451320	0.0132010591114411
26454110	0.00209142476661284
26454951	0.00342291969436065
26455080	0.00352385393663867
26455200	0.00507272062074148
26455251	0.0005094637563227
26455801	0.000588710431941432
26455900	0.000705528398098728
26455931	0.000675816576354933
26457120	0.0294624971720239
26457140	0.00623826688325323
26457420	0.000542135635991021
26457540	0.00214438649833303
26457851	0.00524669006102243
26457930	0.00152944977143885
26458230	0.00326120934237484
26458401	0.000557510309629355
26459791	0.000615180837859173
26462671	0.000631770081916302
26462691	0.00135886325236028
26463200	0.00516528233864214
26463641	0.000630880235892404
26464570	0.001276278922251
26464631	0.00205521777861005
26464700	0.0206907409787406
26467241	0.016682015909124
26468331	0.00173394440894351
26469380	0.00142413375298331
26469660	0.00130652994479115
26470411	0.000792017928019808
26470421	0.00119460482305018
26471101	0.000628117313153311
26471221	0.000608466038283532
26472290	0.0014621931589273
26473161	0.000789735447777959
26473861	0.00731902237310574
26474660	0.000578848029009709
26474671	0.00710191961934405
26475190	0.0408978575812592
26476481	0.000523050952233462
26477181	0.00159617544970172
26478520	0.000684431813229887
26479651	0.000501081046723333
26480840	0.000477973641750158
26481021	0.00173520639684873
26483040	0.000997301632380009
26483630	0.0022579928101799
26485130	0.001432509635755
26485581	0.0467273839896396
26486360	0.000869568796315567
26486780	0.000706037366174255
26487480	0.00063692842440068
26488430	0.000808225995264087
26489400	0.000719877549923879
26489650	0.0399540914887313
26490391	0.000592722133131624
26490630	0.000740459300845085
26491070	0.000727300871241887
26492611	0.000675062306570506
26494370	0.039606380545112
26495030	0.0112794636065403
26495241	0.000543374106623781
26496690	0.000651943988974383
26498080	0.00106618940518088
26498650	0.00130746655621023
26499501	0.00279714605405843
26500150	0.000504555636101811
26501530	0.00557001644937187
26502411	0.0603993995340156
26503040	0.00058081778598895
26503900	0.000583552022116744
26504481	0.00238555562822698
26504560	0.0359857868360231
26506480	0.00179368312727593
26507200	0.0209018481602562
26507631	0.00187646003293012
26508481	0.00367517839845527
26509171	0.00053819233393736
26509530	0.02308124653886
26509690	0.000788170045891504
26510401	0.00471454020380697
26511781	0.00064717170117156
26512280	0.00204737685407815
26512730	0.00216295250120527
26514391	0.00378732431576644
26515081	0.00145484461136909
26515631	0.00107867667948042
26515720	0.000653650184567177
26516621	0.000692597438284873
26517011	0.00261374848393196
26518350	0.000726333820093707
26521000	0.00786930694381303
26521581	0.00189998140069324
26522640	0.014013442994442
26522831	0.000653847018486559
26522900	0.00179925914323459
26522941	0.00817356049810184
26523381	0.0005236820427244
26525140	0.00157542996686887
26525721	0.00152726383557033
26528741	0.0230427237257369
26529281	0.0220112230286857
26529390	0.00390795845385111
26531340	0.0129280432910846
26533400	0.00156361885204471
26537950	0.00168597718642632
26539040	0.00250928350968585
26539631	0.00378753866797512
26543750	0.00274990636019817
26545021	0.00604684220232823
26548280	0.0113839153586406
26548580	0.00133588841648299
26548601	0.0104383578160022
26549960	0.0532441452557102
26550210	0.0397148620490917
26553841	0.0179598662797831
26559071	0.000693974233353279
26560280	0.0284111252900833
26561650	0.0015705793497374
26562770	0.000837428468359172
26563190	0.00219104369586286
26566890	0.00212516559021973
26569441	0.056078198562717
26570401	0.000605106030791208
26574671	0.00170600841344475
26575231	0.00171463537772239
26578090	0.0012408636963668
26578401	0.034075290339204
26579860	0.106392278074328
26579880	0.00188802111494033
26580341	0.00475253570607587
26582391	0.0733862150404269
26583730	0.0133929795792176
26585571	0.000560329391378576
26586271	0.00178311738820699
26588580	0.00314452077006815
26588970	0.0188510557155363
26590200	0.0120184943698915
26590360	0.000890509833548619
26593151	0.000836423175574301
26595570	0.00859273294099523
26596400	0.00634733775204732
26596980	0.0603448954932308
26600980	0.000950893317332758
26601120	0.00050330202251206
26601260	0.000597363715136469
26602521	0.000595810115895924
26604260	0.00174805691768285
26604300	0.000572644538694409
26605291	0.00167976471387657
26605530	0.000474379801708664
26605701	0.00705996352702115
26606370	0.00105297365025377
26607430	0.000706589688588596
26607730	0.00166137558306812
26609291	0.000480465058678485
26609411	0.00225715196099798
26609431	0.00448376915673836
26609780	0.000487124621631862
26610470	0.000642066845414983
26610880	0.000744811795544
26611921	0.00248600507210038
26612280	0.000487325582094921
26615221	0.000519103191509807
26624010	0.00182814194427255
26625021	0.0331901557836838
26626391	0.00427409805829617
26629271	0.00279607428876223
26632810	0.0016213839073053
26633411	0.0019749524314152
26641161	0.00211955775396499
26641711	0.00134384729433021
26641770	0.00398322821386442
26641841	0.00204732628675558
26642251	0.0010468448054734
26642371	0.00462945224444911
26644290	0.00079835744251592
26646101	0.00117703591943302
26648471	0.00179678506427736
26649810	0.0708725513320575
26653021	0.000731374162220999
26653561	0.00250553479633373
26654060	0.00156667880438818
26654090	0.00442520991584838
26655570	0.00103041048993234
26655611	0.000960085725272831
26656400	0.00149211418402245
26657810	0.00170961251263457
26658490	0.00062346441911354
26662220	0.00313023617425409
26662750	0.000555777290888065
26662760	0.00130050031372352
26663061	0.00052770102735106
26665571	0.00188156305393719
26666060	0.000509449685238925
26666531	0.000543849430545342
26667180	0.00287098504070763
26667450	0.000662993955526394
26667710	0.000568824618795457
26668161	0.000583354628298914
26668871	0.00152321150061431
26670090	0.000514525962232757
26670740	0.00126993778518378
26671180	0.0211085571372172
26671211	0.0740605621778198
26671720	0.00285204697054489
26671740	0.00164521436414967
26672120	0.000674584104993259
26673100	0.00152077165254353
26675290	0.07845462369598
26676020	0.00933722560638584
26678511	0.0930314542557557
26679840	0.0329945060482429
26680301	0.00274184879791073
26681291	0.000799637506252282
26684120	0.0012155060113569
26684301	0.00280091838231335
26686620	0.000486775501709713
26689510	0.00090202626847544
26689561	0.000523753879212879
26691190	0.000762801824042124
26691300	0.00457937831578855
26691570	0.00157100403726295
26692171	0.00127402611332688
26692810	0.00138243821274394
26692851	0.0800905192152356
26694531	0.000541495668315571
26694770	0.00801554746750827
26694880	0.00140594023388666
26696461	0.00146186076437951
26696581	0.000648505462374938
26696731	0.00125411792557008
26697670	0.000855149252669018
26698231	0.000484683037056134
26699761	0.000701817961307738
26700810	0.000555305470502289
26700871	0.000528771524588969
26704051	0.0663328072590245
26704690	0.000835449005292549
26704711	0.000494188911435022
26707730	0.000964626605898669
26708000	0.000496967170557474
26709411	0.000653847577298162
26711020	0.000538917532516235
26712041	0.00470521958517873
26714590	0.000504433035934585
26715290	0.000526297325085866
26715460	0.00748221882957009
26716430	0.000541454544890993
26716830	0.00949566072311264
26717131	0.00225213864632079
26718870	0.000627376906964209
26720130	0.0580667905506463
26721001	0.00135264045695207
26721561	0.0014637400091429
26721940	0.000986421353736019
26722060	0.00114973710998529
26722080	0.000836825741170157
26724120	0.000521009920949472
26724311	0.00049836550941697
26725650	0.00063593728405741
26725841	0.00244482872028799
26726101	0.000949599943331732
26726791	0.000501372075856692
26727481	0.0520661523012254
26730371	0.000671280535717513
26731870	0.00139431565440105
26736991	0.00123915732928215
26737220	0.000780463244044835
26737770	0.000746993408327341
26738241	0.000513590997251786
26743730	0.00119856671912495
26743891	0.000550488530294647
26744321	0.000653626936254211
26744670	0.00181376608280616
26745630	0.000697487845245602
26746080	0.00106838028183734
26747160	0.00884620551713115
26747450	0.00176996064206356
26749370	0.00537774292932319
26750521	0.00305135482022958
26750791	0.000549556122690147
26751570	0.0066553928212569
26751741	0.00201698169276025
26752041	0.000990555306233992
26753001	0.00311238968263961
26753121	0.000745197060051679
26754050	0.00700145898168393
26755341	0.00609720084326616
26756550	0.000681216304839953
26756851	0.00208838469867844
26756970	0.000565271896158348
26758371	0.00111701292121513
26759850	0.0021883381552938
26760240	0.00581939858044046
26760260	0.000589227439259548
26760970	0.000597557366668886
26762081	0.000932827801700005
26762361	0.000810061606016276
26762501	0.00147876747162215
26762630	0.00140960932676141
26762791	0.000702704424617325
26763061	0.00119380127025243
26764660	0.000485359620817816
26765401	0.00062323015649642
26766081	0.000480883050520431
26766900	0.0615447078011867
26768530	0.00227453939455724
26769070	0.012449032926942
26770470	0.00163436414139583
26771881	0.000572567358774451
26772110	0.000590733035845121
26772960	0.0123723753433162
26775160	0.00151545323694505
26775560	0.000493813867001795
26775830	0.000869015179616084
26778200	0.00466234884932506
26780861	0.0026163471790408
26781261	0.000507028657786496
26781360	0.048919628706075
26781380	0.000481068455876962
26782340	0.000874324301441386
26783010	0.00171715984773552
26783280	0.00217404591515407
26785650	0.000666353645656773
26788021	0.00203154246793352
26788380	0.00444844328727356
26788670	0.000687145959363602
26789001	0.000567378297652154
26790511	0.00301806633872058
26792120	0.00177719749593359
26792930	0.0054051765463016
26793401	0.000803409440430185
26794330	0.00103955213240403
26795710	0.00170154931730706
26796151	0.00164311846282649
26796820	0.000591630128722983
26796991	0.0163784588932915
26797760	0.0113497852037366
26797831	0.000503564304505292
26800110	0.0733442609134275
26801141	0.000582446356524213
26802730	0.000581591119495959
26802740	0.000549661688177046
26802750	0.000670702301554051
26802760	0.000534905000337894
26803290	0.000597592180496781
26803471	0.000784314142788562
26803751	0.00136774901063056
26803830	0.00222984887303001
26803840	0.0069770923619233
26803901	0.000879346999653742
26804140	0.000512562984612942
26804721	0.00231267085996631
26807000	0.00193267124286853
26809100	0.0004929130998249
26809480	0.00127897615773945
26812670	0.000553879815909116
26814470	0.000561917136055159
26815960	0.000544943282199545
26817121	0.00151490475161758
26817890	0.00066889443918656
26818590	0.000618430596647568
26819280	0.000700396909589739
26819891	0.00150270330931561
26820240	0.000631850705360744
26820950	0.00120356024751014
26821671	0.000651197779280817
26821920	0.00422047959849375
26824100	0.000495960182437348
26824171	0.00066434229998392
26825261	0.000543767728284221
26826720	0.0050726181398125
26826760	0.00101514453807401
26826990	0.000529288223789655
26828550	0.00109331253605189
26829750	0.00586548735730208
26829890	0.000746114065685991
26830050	0.00267331685892644
26830170	0.189224252235192
26831201	0.000600459150908745
26831310	0.000791969977571035
26831341	0.000688077826312365
26831830	0.00179983900705636
26831990	0.000621700740230215
26833240	0.182077121604903
26834990	0.000628765967290629
26835051	0.000705622149190098
26835601	0.000499046695178685
26835700	0.000508242930265549
26837391	0.0102209910130168
26837811	0.00228806643725253
26838211	0.00454237544965164
26838620	0.00260046983023823
26839030	0.0146869162099948
26839410	0.0028022178636374
26839461	0.00472191235668465
26839960	0.000668084481734287
26840281	0.000505733141072972
26840711	0.00391027988706245
26843020	0.000924945157730732
26843191	0.000661040280247452
26843461	0.010669693417882
26844161	0.000581464789823027
26844281	0.00103518762978424
26844550	0.00514850254695858
26844650	0.00339311001407498
26845521	0.000633596662619698
26846320	0.000614632590124066
26846990	0.00050786963607262
26847741	0.000543698211610307
26847881	0.00839857401243995
26848390	0.000493638062009923
26848431	0.012554215857959
26848950	0.106159916692992
26849220	0.00328390588318607
26852151	0.000493385314878921
26853801	0.00220908782446069
26855720	0.000556625223384325
26855990	0.000836169015193159
26856100	0.0144373847677627
26857640	0.00392817748732797
26858460	0.00346990097648224
26861131	0.000626331580789102
26861230	0.00174731919090394
26861271	0.000591249233158166
26861370	0.0056062654748392
26861610	0.000670583419494543
26861780	0.00155984896358975
26863430	0.00387134612891075
26863990	0.00299511088262657
26866781	0.000532908439005522
26871181	0.000578824410920284
26873470	0.0136071264907552
26873661	0.00539051431308016
26875160	0.000473371770963687
26875690	0.0006253362838426
26876441	0.00155134164681888
26880011	0.00234790578020657
26880670	0.142864054418125
26881391	0.00213276333541411
26882340	0.000633262015525213
26882351	0.00573965973168926
26882491	0.0254509448113398
26883540	0.00364951691976993
26885811	0.00265987173563356
26886710	0.00195111175596009
26888120	0.00568487525636848
26888960	0.00103209763226913
26890361	0.000508445478593506
26890511	0.00202389570487343
26892520	0.000960068247342516
26892841	0.0160605407716436
26894860	0.00118675879977233
26895010	0.00398871009644392
26895400	0.000522532374585617
26895440	0.00543175892907264
26895820	0.00436018026058324
26896831	0.000762875223443417
26898030	0.000508263400865674
26898320	0.000630513673821773
26898440	0.000568791477636032
26899280	0.000661287368908838
26899580	0.00113619174713671
26899680	0.0183397389959924
26899710	0.0105601204881521
26900940	0.00200585871583946
26901910	0.000693543137763469
26904370	0.00140031077725175
26904561	0.00423911678820821
26904640	0.00190630979243883
26905791	0.0853074429437994
26906081	0.000475076470854065
26906740	0.0573573152919134
26907751	0.00050267657493263
26908950	0.000560865507916235
26908981	0.000824216047167028
26909360	0.00410456118571273
26910081	0.00110843146263593
26910091	0.00186167354762998
26910440	0.000954871254993587
26910450	0.00103981689213129
26910921	0.00224051060462187
26912151	0.0143485176328179
26913200	0.000598060041163823
26915000	0.00262844550526714
26915420	0.00104058610194231
26915461	0.000525996782789587
26916110	0.00257368592361307
26916390	0.00072994990346181
26917640	0.00175554927078418
26918750	0.000505504152249244
26919160	0.000604234155790226
26919451	0.00141813175337087
26919861	0.000485683947081992
26921111	0.00164519528119093
26924100	0.00460365949383902
26924230	0.000552023111545296
26924530	0.000554650711445862
26925080	0.000513932710157617
26926341	0.000680746585310771
26926880	0.000571962905878135
26928421	0.000479136324311436
26928500	0.00050785451805708
26928691	0.00435866123614375
26929620	0.117946607218351
26930850	0.00234565863180187
26931441	0.00181427953186496
26934460	0.00405199565330348
26937371	0.00195347273302727
26937951	0.00139980979491423
26938160	0.00120252504128617
26938201	0.00239098013108526
26938211	0.00100354637288204
26939331	0.0019585413983594
26939430	0.0027812796877854
26939570	0.000651487011102156
26942720	0.00256126779667314
26946590	0.00162046354594053
26946621	0.00855310562448442
26946781	0.00317930722476757
26947441	0.00164015520969811
26947560	0.000682449770072068
26949391	0.00547606754941203
26949740	0.000738543341300438
26951581	0.000528686867309197
26951850	0.000560411884513046
26951861	0.000549445183985946
26951871	0.00668011335069307
26952390	0.000488469642453751
26953511	0.00134282708752455
26953610	0.000577819265535274
26954071	0.000583861686379533
26955540	0.000562941889483111
26956770	0.00150235608654148
26957610	0.000747473929510432
26959451	0.108732402825468
26959560	0.0068692098053394
26960431	0.000756063045846737
26960541	0.000615428496488001
26960821	0.000702784996107742
26961870	0.000562219362086213
26962600	0.00124938444460361
26962710	0.12709397216961
26963591	0.0322817011743491
26963810	0.0069743686174403
26964230	0.0277020539755822
26964640	0.000892409002156684
26964950	0.000663883990766782
26965121	0.0154418294592604
26965261	0.000547764506369831
26966621	0.00105212586291674
26966730	0.000608701505288858
26967830	0.000523163958583331
26968001	0.00068731529238064
26968800	0.00995893205686683
26969791	0.0216723416358902
26973070	0.000567149936951468
26973111	0.000503472258341338
26973460	0.000565265230200969
26973671	0.00282879754310784
26974450	0.000596825213293694
26974621	0.00156872816421788
26974710	0.00060512625651474
26975000	0.000548974406228251
26975871	0.000538409806164448
26976120	0.000632870949627124
26976701	0.000564389432287211
26976790	0.0122328268041591
26977600	0.000566333412129783
26978560	0.012668163051776
26978980	0.000672190521645614
26980220	0.000852669858357752
26980670	0.00222430995311156
26981371	0.000689803954701487
26981521	0.0436835267454991
26981910	0.000591910134437094
26981921	0.000603365563719944
26982751	0.000590327764250361
26982901	0.000573641497599959
26983171	0.000711824105762165
26983540	0.00148382497568553
26983601	0.112228175024965
26985231	0.00144130638386674
26987140	0.0101869414217996
26987690	0.000635089272197723
26987731	0.00054752648570202
26987851	0.00287986653668879
26988940	0.000920175064830796
26988951	0.000563658339624226
26989040	0.000474686114447199
26989050	0.00104919944818205
26989060	0.000696149851638239
26989910	0.000506160968857659
26990010	0.0130107529833698
26996500	0.00230395391216308
26997180	0.00114632013881384
26998190	0.000927692263328459
26999861	0.00534028159362788
26999991	0.000581146555560913
27000360	0.000726747805043661
27001511	0.0164626545133415
27001781	0.00187402782465197
27002970	0.000495482916580514
27003711	0.00212986446541956
27004011	0.000621305899914695
27004490	0.000482355462083192
27005050	0.10894461786935
27005651	0.00186926512215831
27007871	0.00622169069757017
27009060	0.0106488302124242
27009630	0.000537460000006982
27010570	0.000560937134449354
27011031	0.00211732565922165
27012271	0.00204436325231616
27013340	0.00139502545179088
27013460	0.00209629126349534
27013600	0.436183575021896
27013740	0.00270602654428814
27015260	0.0115830263691732
27015420	0.000527604157057933
27015950	0.00724562770839905
27016421	0.0064337662602393
27016650	0.000558626804051491
27017241	0.000490000319861422
27017770	0.00360230332616554
27017931	0.00064004274570171
27019810	0.00144670790294659
27021350	0.0019152116522601
27021801	0.000589890006334691
27022420	0.000534355115592387
27022970	0.000553981059724485
27024271	0.000570492578059757
27027000	0.000957161693939498
27027010	0.000577867609043568
27027280	0.0711513217974071
27027540	0.00271853358185061
27028411	0.00115928761213681
27031820	0.00241325439921652
27031851	0.00481841157567506
27032681	0.000501868145417578
27032910	0.000697964443737132
27034010	0.0017875670358474
27034290	0.0005152847838303
27034300	0.00168497954675508
27034460	0.000580758916989481
27034970	0.00279924135939076
27035840	0.00719309174709554
27035851	0.000664235025694654
27037791	0.00875032959833962
27038061	0.0664654096731935
27038720	0.00201058688621796
27039110	0.00085267723633724
27039140	0.000597839822475877
27040421	0.00228070240243827
27042881	0.000561491404856736
27043130	0.00275363900856844
27043560	0.00101910462606453
27043960	0.0156487131393777
27044261	0.0014678201010497
27044961	0.000715095749863281
27045231	0.00183307502452305
27046020	0.085725770683905
27048390	0.000482651236496744
27050010	0.000598515201446623
27050550	0.00112301642171062
27053880	0.0107167273217471
27055291	0.324985906511649
27055380	0.000647477160438306
27055711	0.000503906826706488
27056070	0.000498190111654212
27056240	0.00426167022382382
27056640	0.00086610934518317
27058040	0.000570957900447321
27058351	0.000544755001298283
27058891	0.000501407149602386
27060001	0.000755838106310371
27061651	0.000531586943458555
27062211	0.00473508034504467
27062690	0.00197632604770147
27062970	0.000504911293563285
27062990	0.0180120717951205
27063311	0.00345448364809954
27063790	0.000806132855092756
27065750	0.000841222835527652
27066720	0.000789888669035344
27066751	0.000470793086415638
27069190	0.000508288986538299
27070010	0.000614827186125768
27071581	0.0032025070496895
27074590	0.00180212082774226
27077750	0.0191636482116705
27077880	0.00176921080074452
27078860	0.00109911762750029
27079031	0.00080302560480567
27080230	0.00105419391615685
27081050	0.00230622563043278
27081231	0.00205903066506928
27082040	0.000787261063099703
27082550	0.000709289477425291
27082570	0.000627871485729634
27082580	0.00480864139503598
27087291	0.000543496116784171
27088480	0.00291643284606114
27088770	0.00192857905919006
27090960	0.00100218494932057
27091520	0.000624476662210944
27093771	0.155407028318284
27093781	0.000508941126023946
27094410	0.00315200153779119
27094450	0.0013608118411238
27095291	0.000512294872643794
27096251	0.0105637449511208
27099021	0.000644178651501672
27099161	0.00201732949016884
27099250	0.00572402275741133
27099280	0.00160844506944014
27100240	0.00100033188336092
27100821	0.000685168657675469
27102130	0.00051254866195899
27102140	0.00051386108315943
27102690	0.0160737061786304
27103380	0.00387965816499666
27103950	0.000571473351941295
27104951	0.00261657206415418
27105050	0.181993772887763
27107021	0.000545761354954285
27107970	0.000694203533829076
27108100	0.00507737740751835
27109101	0.0141196907665428
27109231	0.00056100456360444
27109911	0.000508512361464778
27110181	0.000498045271404104
27110580	0.00433520432695898
27110840	0.00203719043345619
27111670	0.00183301274823453
27113730	0.0224177872325068
27115830	0.00416254137817322
27116230	0.000749267681409316
27116640	0.00146732320963315
27116760	0.000486559762134938
27118450	0.00166056701302393
27119930	0.000673338969839799
27120610	0.00111689931831449
27121600	0.00057573725507374
27124060	0.0029279675610245
27124531	0.00103877467527712
27126000	0.00056910790494596
27126010	0.000517326521633181
27126140	0.000543180417829031
27126150	0.00152019332872103
27126570	0.00180380417625201
27128001	0.000675721262864077
27128640	0.00236424094948106
27128661	0.00184498761827845
27128941	0.000553658450610827
27129050	0.0654571682589743
27129320	0.00214221790987527
27130170	0.0112348032349096
27131960	0.000704171027482969
27132490	0.00347306220787014
27133190	0.00640417590507894
27133231	0.00161166980534374
27135680	0.000584371908782766
27138181	0.0099920669948578
27139400	0.000478410121003033
27139810	0.00228564815243038
27142160	0.00884082466105104
27142591	0.00623798258044919
27142860	0.00251615262190535
27143100	0.000540602868067893
27145211	0.00383431758727656
27145641	0.0369445274762828
27146280	0.00156538875656043
27146540	0.00218684687580531
27146560	0.000488250634095696
27146700	0.000477369221399247
27147130	0.000930256033150692
27147960	0.000849157552749907
27151540	0.00128211651978091
27151660	0.00194144761200939
27151930	0.0142283168157296
27154980	0.000500088383401495
27155660	0.000606110800902431
27155701	0.000867955018194074
27156360	0.000642739267246285
27156640	0.198443187678598
27157921	0.00816866048210767
27158440	0.00438464172409552
27158540	0.00117100601465015
27158871	0.00173996062957763
27159230	0.000586003917730744
27160070	0.0107516530530108
27160080	0.000659488196280493
27160630	0.000982998806025599
27161040	0.000711583613438143
27161211	0.00413167533274693
27162871	0.00325966070733799
27163090	0.000507081043579675
27163291	0.000503182910802879
27163551	0.00191808272947732
27164360	0.00318023161697774
27164391	0.0273570294588191
27164920	0.000601841419362027
27165081	0.000645871300460758
27165091	0.00718777841339326
27165590	0.000874801648604176
27166130	0.000567523731867048
27166290	0.000569437805427584
27167780	0.000469744702382857
27167991	0.00227515375035564
27169091	0.00126271106208211
27169190	0.0054692143687502
27170130	0.0474715674072192
27170560	0.00912919497963207
27171011	0.000826811766357184
27174150	0.00170837905785938
27174680	0.000529079775108178
27174830	0.000602745568105715
27176261	0.00068030602716632
27178130	0.0184283069677432
27179790	0.000771782842063939
27180391	0.0167015455697698
27181190	0.00192012834133752
27182731	0.00048452701648181
27182840	0.00213104837357143
27183250	0.000582171793310643
27183260	0.00122340087772174
27185221	0.000847730883921723
27186601	0.00243778593701366
27186690	0.000658580520317909
27187291	0.00409946127898662
27187920	0.000592868498130966
27189460	0.00080986886668496
27190591	0.000487770228783917
27191141	0.000740828588120283
27192931	0.0208061697675233
27194020	0.000593404575273665
27194591	0.00182654580523635
27195001	0.000626118601003793
27195660	0.00448121920840935
27195991	0.0011092389790345
27196190	0.00103532619615444
27196360	0.000734522336772478
27198010	0.000744697345917543
27198120	0.00177646417093368
27198280	0.000880611916827109
27198741	0.000914996003038317
27199711	0.00367290945540467
27200360	0.00081831816654191
27200750	0.000762206688114868
27201460	0.0105901989058452
27202700	0.00738809388765143
27203780	0.139818562891588
27204480	0.08917809603893
27205310	0.00333275711920219
27205450	0.00170446011138122
27205610	0.0850711387761373
27206300	0.00234124178488071
27208080	0.00123300189855388
27208521	0.0217356086259688
27209330	0.00175431176253534
27210041	0.177834156549791
27211640	0.00278527775391006
27212360	0.000784771371097832
27212370	0.000602086135820056
27213180	0.00066296075839341
27213870	0.000557736605067219
27216890	0.0058607312440243
27217341	0.000570794487053417
27217720	0.0161645249588404
27218260	0.0012681294615227
27219011	0.000497146175898185
27219540	0.000621210440823449
27221320	0.00232365502320066
27223291	0.00229412789715635
27224121	0.000936594301403278
27224931	0.000700021740829534
27227370	0.000564365673122917
27227571	0.00115430247552729
27229980	0.000535194839173072
27230710	0.000510993486295228
27231701	0.000608704606000058
27232401	0.143287063894421
27232951	0.00162442548214112
27233020	0.000718471812874103
27234010	0.000547728118501646
27234181	0.00547562886492324
27235220	0.00237597450597389
27235810	0.000653420131429361
27236080	0.000713945414684126
27239940	0.00191498243406289
27240210	0.000685387981196325
27241330	0.000537878993457739
27242680	0.000646163040735016
27242700	0.00177656325674853
27243520	0.000988052253692801
27245150	0.000482661868080721
27245361	0.00102567586113029
27248060	0.00845239949087795
27248350	0.000685721182549631
27250031	0.00350891875626606
27250581	0.000676164993969069
27251120	0.000578737617596605
27252671	0.000733933720622903
27253010	0.00054488704720515
27253330	0.00187533949757568
27253631	0.000656999466607563
27254000	0.000508314654646918
27255131	0.00236574294734636
27256900	0.000838858373170136
27256951	0.000508719023115397
27257880	0.000524093610078084
27258400	0.000772833938285466
27258530	0.00133932979352665
27258690	0.00224503413305847
27258991	0.00266215986865871
27261440	0.00185711912472387
27263431	0.000498976648755275
27263571	0.00123944267126916
27263961	0.000658249696294247
27264511	0.0146828045038601
27265850	0.000592205587132885
27266670	0.000483168085651153
27267240	0.000684629432150116
27267670	0.00131534902738668
27268770	0.000951604755431706
27273061	0.000684100243232321
27273481	0.00320799495146289
27273880	0.00502624060765135
27274110	0.000858746731049372
27274120	0.000530062730167798
27275151	0.0128303905918058
27275831	0.000708288683176566
27277481	0.0020096561107844
27277720	0.00181882656792731
27278110	0.0055279767755179
27279380	0.000508201434899747
27279650	0.00056565747250024
27280080	0.00155169791860142
27282130	0.000722366979547902
27282970	0.458408722624146
27284490	0.00108622883207006
27285471	0.00231553573055401
27285771	0.000850903495030433
27287100	0.000919322233951146
27287510	0.000624867477387195
27288770	0.00466304838141408
27289420	0.00451330041497734
27289730	0.000728033584546112
27290550	0.00868718797474426
27291360	0.00051306202410905
27291831	0.00451647939111838
27292180	0.618869037004213
27293180	0.00263247087592764
27293870	0.000964253671422168
27295151	0.00209607126101814
27297050	0.000784681652633363
27297351	0.00385552036868175
27297761	0.0544735266343201
27298670	0.00415124644138152
27299630	0.000613848302870846
27301150	0.000766122622292337
27301211	0.00448203472806331
27301631	0.000582458737244229
27302820	0.000532945417333925
27303141	0.00148893911453794
27303650	0.0401091530334229
27304880	0.00278811911942069
27306311	0.0011240537649819
27307151	0.00238169323955784
27308060	0.000704930977442786
27308470	0.00440101165458842
27308651	0.000607830638969978
27308750	0.00885764964897174
27310820	0.000573857706306691
27310861	0.0023751325168816
27311670	0.000685928522133403
27312760	0.00778367517821907
27315121	0.00102885463683727
27316910	0.00091999761011201
27317170	0.00135278523048936
27317570	0.000573065846743863
27318041	0.000940788671711793
27318250	0.00798642224032399
27318591	0.0715356680671325
27321621	0.000748738418685845
27323070	0.00113604217048277
27323770	0.00102936037605245
27324371	0.00189741324814045
27325020	0.00225343989783717
27325751	0.00105509937428108
27326380	0.00196733341207436
27326550	0.000730049033001826
27327390	0.000595040433057001
27329700	0.000730171371099051
27330670	0.00875497830914902
27333560	0.000507780470816362
27334690	0.000506414080446508
27337881	0.0237166771331825
27339350	0.00998412448761519
27339541	0.00104668872685568
27339691	0.00127231352096197
27341000	0.00743126646537814
27341010	0.00149973389407654
27342851	0.00495088374172644
27343681	0.00221694754462668
27345170	0.00260090701128179
27345751	0.00143162703858676
27346151	0.000549819724305556
27348050	0.0216419962617352
27348060	0.00619526457618327
27348791	0.00724060865761364
27348921	0.00282525430923563
27349461	0.000612878846472155
27350130	0.0064595158694852
27350700	0.00456981040866255
27350970	0.000532596956664285
27352111	0.00204885123719929
27354571	0.00115274166837164
27356720	0.00470012976267988
27357191	0.000909957451426625
27357601	0.00659634222374888
27357990	0.0035576152357386
27359001	0.027812098923323
27359531	0.0027331152260279
27359630	0.00581781670970146
27361331	0.000536286872180183
27363941	0.00220672357373371
27365891	0.0158571954286836
27366240	0.00325697228719388
27366270	0.00276440457193612
27366690	0.00360498992207373
27367620	0.00056864893291915
27368040	0.000538882221126365
27374970	0.0689652202604025
27377860	0.0401594976573682
27378130	0.0131079969022294
27379500	0.00366088065563166
27379941	0.00133853131776254
27380620	0.00597830395979641
27381690	0.0006398688320965
27386021	0.000724519090213926
27386670	0.000522265434381636
27386991	0.0015106697328586
27387900	0.000708244619604365
27389000	0.008210922232188
27389051	0.00206012847179759
27390301	0.000671556055689274
27390810	0.00190211106567362
27391401	0.01832310768088
27391681	0.000824866733101732
27394250	0.00136839010710738
27394711	0.00172709998889005
27395240	0.000555665871568927
27395551	0.000494995583605755
27396361	0.000524893974562829
27397761	0.00183798359350482
27398021	0.00190464610032381
27398800	0.000804752709097551
27399541	0.00102764211331083
27399951	0.00646451718740843
27400340	0.00063924596653016
27400730	0.000578741295228791
27400740	0.00050148708270624
27402561	0.000560054122345065
27403131	0.00257347573811079
27403531	0.000610540059006185
27404470	0.000674111175111629
27404921	0.00453604809564824
27405010	0.0258885009509729
27405601	0.00399939486230631
27405720	0.0314266002609558
27406800	0.00118843741959832
27410240	0.00052105002630958
27410991	0.000578075559430264
27411060	0.000510345044963758
27411531	0.0011125098864226
27411640	0.000513149047160015
27412300	0.00726807796624041
27412381	0.00752938573090039
27415951	0.00184097377959926
27416740	0.0222384466389316
27418240	0.000671681696265393
27419640	0.00233130530716981
27420460	0.00134280157064058
27421201	0.0398139348049937
27421751	0.000739009100813701
27423630	0.0709240813037124
27424651	0.00147969417125576
27425341	0.000955904648921978
27426680	0.000665769722359258
27428170	0.00106297634506828
27428190	0.00907205106638223
27430021	0.00272659871309667
27432470	0.00202821082364885
27433061	0.00053072668885691
27435900	0.00158468194377398
27436590	0.00123587673446896
27437420	0.000655502906268136
27437580	0.000619548410791814
27437731	0.0148055011181563
27437891	0.00258012193369477
27438260	0.00722456810437909
27439200	0.000608416026546717
27439910	0.000574283558280652
27440300	0.000897199218465098
27440351	0.000643019388343689
27440631	0.000653915941615157
27441560	0.000596719770370519
27441570	0.00520063223715746
27442230	0.00121966755926012
27443630	0.000836984823467608
27444491	0.00135039915866568
27446120	0.000718076740076709
27446270	0.000581514706335412
27446380	0.000586527233903229
27447770	0.000506803663172299
27448300	0.00195923230296893
27448750	0.000588577327281642
27449061	0.00279960581435828
27449550	0.0966139258782764
27450390	0.000611604675663993
27450800	0.000490925881160499
27452091	0.00246445158129742
27454090	0.000607641458499576
27454510	0.000614587372398755
27454680	0.0183252821338484
27455251	0.000625371708739354
27455470	0.000643154226805968
27457061	0.00119340170814188
27457160	0.000579188632961702
27458691	0.0343175352948244
27458701	0.000934728433054081
27459620	0.00237987221413737
27462571	0.00167419985335043
27463360	0.00225232772218556
27464470	0.000543087286935049
27464901	0.00152998476180757
27466520	0.000691354309120038
27466711	0.000669233548775785
27466790	0.00121609944217452
27467220	0.000517648506171225
27468730	0.00265635945468119
27468761	0.0160752097940062
27469030	0.00195516128403409
27469280	0.000969418221057818
27469710	0.00196708466698282
27471060	0.000465990390172355
27472850	0.000534892855784285
27473881	0.0179856220266573
27474110	0.00224566246930814
27474380	0.00248248689908341
27474991	0.00103185426990213
27476990	0.000567323913717407
27477030	0.00144741829294611
27477700	0.00380885297551128
27477741	0.000500583110887215
27477950	0.00126125619817841
27478790	0.000589018109864214
27478851	0.00572621235801791
27478981	0.00150716933578161
27480200	0.000866873390181168
27481741	0.000598782873368789
27482441	0.00407181876976677
27484450	0.00219196190241322
27485290	0.000665863422513284
27485560	0.00404483108258694
27487121	0.000575419953128931
27487791	0.000525774626139449
27488231	0.0341084691665024
27488501	0.00125628536289799
27488621	0.00138455164994933
27488750	0.00109166574468488
27490301	0.000642698324778706
27490441	0.00135129278925769
27491910	0.00118187656620445
27495340	0.0137674010934276
27495480	0.00971043458451881
27495760	0.00158895675921187
27495770	0.00109671291438622
27497560	0.00187643551203212
27497700	0.00403437992626169
27497731	0.000515580958763617
27498271	0.00131230475396887
27499101	0.000637070275856561
27502151	0.000598519773873018
27502540	0.00335872731734021
27502930	0.0010432395289346
27503200	0.000521371576940872
27503780	0.00130911587283626
27505960	0.00197249980695046
27506571	0.000798793637170182
27507050	0.000486347127352112
27507261	0.000559116245650068
27508430	0.00642492424250023
27508501	0.0022297504841871
27508840	0.000626602497707222
27509160	0.00153162527936085
27509461	0.000592028886199985
27509710	0.00153395321815427
27509721	0.000518317029342383
27510131	0.00389487653711191
27511630	0.000718988556340688
27512040	0.000588898725831392
27514001	0.0106612107868426
27514540	0.00393813272279138
27518810	0.00213952593446139
27520610	0.00254850628086504
27526100	0.0028377605005758
27526370	0.00171593424814286
27530561	0.00165890370591645
27531500	0.00257780469968777
27531801	0.00340869744815332
27531811	0.121812177849398
27532720	0.00118678907031066
27532740	0.00300541970614324
27533160	0.0114395324740419
27536720	0.00314180188985828
27537020	0.00513109167826993
27538411	0.00270812294172597
27544361	0.00161438058263425
27545161	0.00174159030729284
27545290	0.00400927214364708
27546120	0.000747641865493175
27547251	0.00388496029731014
27548471	0.000535343269233134
27549820	0.00846620268476768
27550360	0.00109791231489905
27552710	0.000976376385838159
27557000	0.000528348705069121
27557181	0.00211519830807975
27557390	0.0137975639410062
27558790	0.00298576646639368
27559740	0.0121616694176142
27559880	0.00114813434866188
27560600	0.0146391097806593
27563220	0.0014521990816186
27563630	0.00135141327862173
27565570	0.012091417246242
27566291	0.00273717848674094
27568030	0.000951056658933872
27568710	0.000499467718295383
27572740	0.000643168232144775
27574370	0.000612531865452646
27574780	0.000494212018540703
27575900	0.00156527889921858
27576631	0.000693979416785442
27577451	0.00296789831982796
27578390	0.00574689442802758
27578780	0.000829193452865394
27580310	0.000776315994829441
27582090	0.00121920653660272
27582770	0.00059577414051603
27583200	0.00247075770280498
27586691	0.0244718668406772
27586831	0.000613038791544829
27587180	0.0659105598485441
27587200	0.00260572142690574
27587610	0.00214689720521952
27589301	0.00203100842820729
27593171	0.000510263894677793
27593700	0.000645606295884875
27595200	0.00151561825222195
27596201	0.00315773076094252
27596221	0.00304231547265964
27598701	0.00143247996169273
27599391	0.00371069423160612
27601861	0.000728463470141663
27602421	0.000919199518693321
27604751	0.000636762065065007
27605250	0.00107439422308438
27606220	0.00127363794549945
27606530	0.00143943584689382
27607111	0.000708191133811613
27608020	0.00174654069218197
27608560	0.000562973531518463
27609660	0.000610682744339951
27612741	0.0202647619764601
27613420	0.000671979673609633
27613540	0.000482638200111005
27613940	0.000624472586915502
27614660	0.00110119884204927
27615050	0.00455959806219229
27615651	0.138785684802189
27616020	0.00188341594341067
27616160	0.00133929852338971
27616710	0.00205653584734743
27617380	0.0460857274566261
27617581	0.000542510361337167
27618681	0.0479486022285658
27618900	0.010799683659158
27619050	0.00152908214566541
27619070	0.00067115570981338
27619890	0.00530744702148975
27620000	0.00394738161306343
27620430	0.000488505307479902
27621550	0.000537429571950601
27623781	0.000735224656383953
27624191	0.000796337719231276
27625150	0.000807875491531241
27625301	0.00220206897573874
27626210	0.0480844985533502
27628331	0.00179278320647285
27628980	0.000520209174343275
27630531	0.00067009103206349
27632901	0.000673687933162365
27633851	0.00683055746063776
27634660	0.000569038291019455
27634821	0.00391095479977363
27635310	0.000756605821171423
27636040	0.00139654075028603
27636580	0.00138631983929266
27637151	0.00174128114196229
27638370	0.000567785842901544
27638760	0.000827781096747089
27639070	0.0231641475137518
27640351	0.00190703541258415
27640901	0.00071141448140642
27641110	0.000486071356116289
27642070	0.000569861520430303
27644150	0.00398798051416549
27644290	0.00152153046406526
27645571	0.00203707266167336
27645830	0.000821056039288417
27646760	0.00638778535663042
27646971	0.00403629730520545
27650620	0.00547373120283999
27651081	0.000505155965398975
27651361	0.00112693459634457
27652761	0.00472005705430099
27654421	0.00388763272101217
27654691	0.0208684989237063
27654800	0.00639150565046763
27655750	0.000637950524189195
27656030	0.00138181413504348
27656341	0.00104421955245137
27657161	0.00114829951569017
27658210	0.000474907400906415
27662360	0.000672304006436257
27662480	0.000708018577544719
27662941	0.153061248315305
27663200	0.00173729442254921
27665540	0.000674231149083065
27665721	0.000541717331468518
27671060	0.000772148428292453
27671511	0.00592588195642706
27671781	0.248299354587545
27671921	0.00053078677922087
27672270	0.00236304058931396
27673100	0.000630958562795537
27673390	0.010975616991231
27673810	0.00256930353212148
27675580	0.157396519323809
27675651	0.00279740433972228
27678910	0.000477826061577886
27679050	0.000668966661268656
27679081	0.051722632723766
27679900	0.000815501726623169
27679931	0.0417052758603012
27680481	0.000575583156270133
27681301	0.000584190711156423
27681851	0.0019269426418075
27682541	0.0007301456250732
27683620	0.0100362127223303
27684450	0.00255644420916546
27685410	0.00411327387420271
27686230	0.000503183681802886
27688331	0.00308230732738242
27688830	0.00229909261179919
27690111	0.000734873803354329
27690900	0.0100174990918853
27691030	0.000604821166438948
27691921	0.0716504911601293
27692191	0.000752795213924319
27694210	0.00461750298905746
27694821	0.00250256161502246
27695740	0.00812644884452133
27696191	0.000597460851255937
27697370	0.000610548760039278
27698240	0.000558647041176748
27700041	0.000678756548832092
27700461	0.00382307796561726
27700680	0.0111325277582519
27700850	0.000887817577478142
27701670	0.000636956269074767
27701830	0.000533317313988587
27702080	0.00571165150626915
27706681	0.00822278941021451
27707040	0.000532658486450659
27707211	0.00158451707583174
27707320	0.00170311114419201
27707470	0.013778932609157
27707791	0.00268321293461369
27709000	0.000636330065622658
27709100	0.00122318386134497
27709820	0.000788292541814665
27710340	0.00062974158019857
27710380	0.000808074468840156
27710951	0.000525031873800871
27711241	0.00134485074214238
27711491	0.000516870247794422
27711890	0.000537384519384052
27713110	0.000749049681381701
27713230	0.000703977773461081
27713680	0.0696284195317162
27714360	0.00225051959430276
27715050	0.000614220880010235
27715511	0.0146848630549844
27716820	0.00048223285277967
27717991	0.000694995984525855
27718521	0.000548243142288187
27718760	0.0184046808429438
27719221	0.000987548463163085
27719631	0.000860505032385322
27719890	0.00054319159274886
27720840	0.000602143601124858
27720970	0.00332038887155414
27721141	0.000633994345417129
27721151	0.00164200399455638
27722100	0.00653335902223149
27722551	0.0120787552680479
27723050	0.00159177146402418
27724000	0.00672683329493301
27725130	0.00177050965069999
27725971	0.0126419014960839
27727511	0.00377004075784742
27728970	0.000695036359727128
27730510	0.00317832468359901
27732410	0.0119566896645922
27732591	0.00176327072545733
27733800	0.000707447425292213
27734650	0.00163434816795197
27734811	0.0153252375052665
27735211	0.0032404642219487
27735580	0.000631842162500084
27735791	0.00368564071259108
27736751	0.00132472004218666
27736891	0.00423152677375445
27737100	0.00112128353077399
27737120	0.00134813095830164
27738910	0.000736793519793311
27739091	0.00055673373282022
27739480	0.000789708872004537
27740181	0.000497146994722609
27740400	0.00131212172974239
27740461	0.000612161818830486
27740471	0.000757619440807953
27740540	0.000591474580831537
27740690	0.00149039868175923
27742961	0.00104888798362814
27743320	0.00815425708372897
27744591	0.000736589967735871
27744871	0.00124347916341246
27745151	0.00317992938172554
27745561	0.000697361319586146
27746510	0.00305690381372985
27746941	0.00116374393563419
27747750	0.00140642092118608
27749161	0.00124368023127901
27750610	0.000472273037170983
27750681	0.000528224587645619
27750780	0.000493685940905599
27750811	0.00122238152088958
27750890	0.00055941274212228
27751371	0.000543351447461616
27751491	0.00146124774361013
27753540	0.000489201849659264
27754271	0.000495886403248555
27755440	0.000638520988494319
27755740	0.000590275251271761
27756061	0.000640635840309001
27756560	0.000586979937564537
27757680	0.000468155817188029
27757920	0.000553040186371321
27761250	0.00676083640206978
27765090	0.479332142804132
27765670	0.000766608842807464
27768321	0.000573427643929211
27768680	0.00334193100509884
27769780	0.0875578516598072
27769851	0.000515468444970066
27770230	0.00201449766819043
27770251	0.000487443198784254
27770811	0.0477938870400394
27770951	0.010351531607302
27773161	0.0170722390086656
27773540	0.000729541286210344
27773640	0.00979362305137922
27775071	0.0449326299899117
27775341	0.000488305395830613
27776861	0.001954483568124
27777380	0.00441218545026222
27777831	0.0149795388097519
27781250	0.00146580395339464
27783740	0.000512411440312591
27785120	0.000479553024578142
27786521	0.000725499825886823
27786780	0.000596550765327389
27787880	0.00128933837215023
27788051	0.23046922535054
27789161	0.000820054501354475
27791020	0.000527185860013784
27791290	0.00712960735075626
27791351	0.0017753797541253
27792120	0.000610526025938316
27794661	0.0030321073998474
27795351	0.241215473249817
27796020	0.00429349703451772
27797011	0.000650478259442982
27797090	0.000519008645616001
27798880	0.00114731275208657
27800861	0.00325290658999981
27801910	0.000471817596190625
27806470	0.000546656085904731
27807071	0.00148525649680666
27807430	0.0214175865920301
27808960	0.00127427762800796
27811610	0.00254758050713263
27812160	0.00457284843463262
27813650	0.0149532550058294
27814101	0.0006535773690161
27814460	0.000490781133333389
27815320	0.00182292643780594
27815621	0.000540286910041176
27815761	0.000547242645890512
27816191	0.00200921948014654
27816591	0.000585691728638691
27818671	0.00102997974144177
27819730	0.00169283998508553
27820991	0.000941844035703873
27821131	0.00048733369296401
27821141	0.00144836056628004
27821220	0.00121162398404703
27822340	0.00235086262015284
27822511	0.00113761554367501
27823330	0.000586787739381797
27823840	0.00759573472203974
27824191	0.0275980510411341
27824861	0.00176256427769858
27825001	0.000763003781983446
27825681	0.000590939624258797
27826391	0.000793205942270161
27828140	0.00297889695061594
27828601	0.000495849011630586
27830210	0.00110207034704258
27830381	0.000906099870153591
27830500	0.00932488111096849
27830671	0.000878905367123296
27831351	0.00109401415280153
27832670	0.000561444227392871
27835160	0.000650490121956737
27837230	0.0123455105074641
27838931	0.000537443750365137
27839491	0.00157598524687989
27839761	0.000694217118985614
27843290	0.000882035170074376
27843621	0.00702969785769525
27844181	0.000552848879037806
27845810	0.000678588640702136
27846360	0.00275487406407586
27849151	0.00521105744332274
27849230	0.00345947702350373
27851710	0.0252555453779616
27851850	0.00479417543383935
27852311	0.000753559002696113
27854111	0.00108029678143509
27855590	0.0535306971957746
27858371	0.0112486624127227
27858500	0.00170788923401281
27859570	0.0041847166370773
27862080	0.00047245610188499
27862241	0.0565794604351661
27862251	0.000584617917636494
27862320	0.000612200901439359
27862610	0.00132121340349151
27862870	0.000497360763812731
27863761	0.00252641488157703
27864810	0.323750168321854
27865431	0.000940412053617415
27866360	0.000808418024272201
27866740	0.00313314088646579
27866750	0.420784903586844
27867631	0.000968192034251198
27868150	0.00352732451565373
27868181	0.00572173941835797
27868861	0.00155095486521891
27869360	0.0032013560154181
27869640	0.0508155445409738
27869940	0.014643364633156
27869951	0.194968784116894
27870470	0.000512244573885049
27871290	0.00303998234948632
27871761	0.00238703607765141
27873800	0.0225562706494706
27874050	0.000506148947416453
27875160	0.000778386184295433
27875450	0.000774362318665241
27877151	0.000769693093413955
27877281	0.00166733631685101
27879010	0.000522447041927964
27879730	0.000632456053414285
27880461	0.000556514421682446
27882340	0.000686959715686004
27882531	0.0042096389533754
27885281	0.00133378613715342
27885821	0.000819279264878962
27886241	0.000724918235519852
27886340	0.0129049851564352
27886620	0.029263130754118
27886630	0.00377069321116407
27887471	0.000601133711486517
27888700	0.00465410691729303
27891320	0.00144619600584767
27891341	0.000849024727843208
27892110	0.0100360112807915
27892150	0.0163551573575598
27894251	0.00059922444204593
27895720	0.0112986064750949
27895761	0.00283945256900656
27895771	0.000741279578116068
27896161	0.0016802168896946
27896311	0.00186833460546315
27897930	0.00125712571514815
27897971	0.00622215853058235
27899010	0.00237364248758871
27899030	0.00324020340475171
27899290	0.000997886764194148
27899990	0.00361832761365373
27900441	0.000540401078146509
27901660	0.000613398217076531
27903280	0.00254242855369624
27903320	0.000548656244754361
27903420	0.000698169237416008
27904301	0.000503268856087453
27904680	0.000511230752175225
27904851	0.0234098263551876
27907870	0.0110932856738541
27908010	0.00050473750262567
27909250	0.000709694058250496
27910241	0.00706537762831571
27910391	0.000626578827836331
27911430	0.00157359881890493
27911891	0.00139028766128838
27916270	0.0010013944629877
27916540	0.000578515214501023
27917350	0.0167711936954622
27917360	0.0190750518155434
27918610	0.0344294442810294
27919840	0.00184913195841233
27919860	0.00239304748943519
27920041	0.00181252651863285
27921510	0.000510931947701557
27921770	0.000804756384751288
27923150	0.00335320031476087
27923170	0.000656806858957853
27923180	0.000509585793030313
27923201	0.000510215598850764
27923331	0.000624250781446842
27923420	0.00136865314777459
27923751	0.000616947208096819
27924041	0.000556204232724187
27925561	0.0005669876640623
27926620	0.00221803952299948
27927601	0.00303020883877891
27927870	0.0217513450024099
27927901	0.000926432439357599
27928410	0.000628621252262287
27929080	0.000552791060328204
27929350	0.000969511396240785
27930241	0.00115863435200039
27931621	0.00174698088274355
27931840	0.000933980335981331
27931850	0.00132752768256494
27931901	0.000493691269512418
27932110	0.000931692557366227
27932830	0.000874472368087126
27933230	0.00867722114089331
27933360	0.00541339569768702
27934050	0.00175016325738383
27936800	0.00228471151716962
27937141	0.000539357963015702
27937271	0.00289640359078308
27937951	0.00623197606454249
27939040	0.000535089671303899
27939560	0.000542250217868404
27939980	0.000512268877815821
27940031	0.00666104022942362
27940291	0.00162990221045236
27940431	0.00196756193762979
27940520	0.00218829953970115
27942190	0.00112396048383261
27942870	0.000545002069818945
27943430	0.000501184510959095
27945110	0.00137348563955176
27946641	0.000758833521843093
27947690	0.000518427255512341
27948130	0.0094034336180324
27948420	0.000547808107204198
27948451	0.0104331066428835
27948550	0.000671898962444613
27948660	0.000717027003972617
27948680	0.00253918009946882
27948690	0.00140503486781213
27948960	0.000732469911052686
27949001	0.00175986307115116
27949520	0.00127835573534517
27949671	0.000542626957167027
27949910	0.00658756285534095
27949971	0.348211582487613
27950050	0.0479688901769847
27950740	0.000655368323724729
27950870	0.000547124538610701
27951560	0.0666260036185421
27952140	0.000537107221788891
27952151	0.00203497502876055
27952711	0.00111473947321157
27953541	0.000824588595156035
27953800	0.000903022575915122
27954050	0.000884625885599792
27955580	0.0284544567876512
27955850	0.00319754959565387
27957261	0.00282653094767566
27957271	0.000838628210131408
27957380	0.00155920533396135
27957760	0.00720252820666606
27958200	0.000681927421537871
27959580	0.000577462382366918
27959741	0.000778155739680915
27959960	0.00206870306595613
27960721	0.00203487608363009
27961490	0.00389443355705997
27961890	0.000950269337542442
27962371	0.00281157522719618
27962480	0.00624614052693157
27964540	0.00406089968196059
27964561	0.000727316241606156
27965110	0.00075372112810685
27965210	0.00138207886727979
27965350	0.000579226706641619
27965691	0.000717879166699261
27965900	0.00056428363815727
27966101	0.00892054439862644
27966200	0.00312519353244598
27967881	0.00269776556761971
27968400	0.000628097334272128
27969111	0.000654686892748944
27969520	0.000549927287965317
27970651	0.00595283378233925
27970921	0.000775056185991759
27971170	0.00150929254555513
27972410	0.00270628712818843
27972441	0.0058344944910454
27972520	0.00399606691449549
27972721	0.000653187846656812
27972830	0.000702459173603427
27973131	0.00268113776406929
27973141	0.000580083284486725
27973770	0.000492689749094454
27973890	0.0015900036749747
27973951	0.000538253108140516
27974210	0.000607154780572877
27974231	0.00184280811253582
27974880	0.000529827339097738
27976421	0.0018523582959626
27977200	0.0826659631795754
27978870	0.009993474313987
27979270	0.00298501674712719
27979471	0.0486875067624159
27979881	0.000906783093994101
27980011	0.00265654520637699
27980981	0.000572872634889252
27981111	0.00062153996274883
27982340	0.00446975418561471
27982511	0.00170618090770845
27982610	0.000602899647545827
27982740	0.000526039950128795
27982860	0.000612693763324467
27982931	0.000535187387871521
27986501	0.00064546829066892
27987310	0.00316380157390316
27987410	0.00064865972402759
27987450	0.00181532991082433
27987980	0.00059503771328492
27990351	0.000506294020573944
27990791	0.000684753866132715
27991010	0.00066615599125478
27991020	0.000960333332239965
27991030	0.000533971988446747
27991071	0.000731541205343211
27991130	0.00107767992681182
27991181	0.00123123762034938
27991270	0.000573971221452401
27991860	0.00181178985298641
27993060	0.00164447975125652
27993080	0.00216936807280732
27995980	0.00142836895463836
27996370	0.00163338163757228
27997920	0.000577022804801533
27998491	0.00060801774507026
27998990	0.00055848949916406
27999051	0.00145835019441546
27999160	0.00057330723789362
27999280	0.000564581507228309
27999341	0.000628466139830745
27999440	0.00079182384848176
27999471	0.00182550761362857
27999481	0.000697240717070677
28000670	0.00659420386363185
28000861	0.00809112246962739
28001500	0.000664034740927532
28002180	0.000546150816822322
28002300	0.000599505551670012
28004410	0.000609917127900905
28005610	0.000904158945342886
28006750	0.000548116441829437
28007310	0.000559042392764268
28007580	0.00166420294004692
28008100	0.000801206249466733
28008690	0.00527043876728406
28010511	0.000553576816118096
28010740	0.00373429264071862
28010870	0.00266077015282256
28011280	0.000725133802024836
28013490	0.00048319855020724
28015580	0.000516177164995628
28016031	0.00287455796485846
28016851	0.000484673089677927
28017261	0.0261081002797494
28021121	0.000554241056622725
28021220	0.0978293612960986
28021360	0.000668181592616032
28021821	0.000625437164982776
28022631	0.000583624402686923
28024400	0.00416072000648639
28024721	0.00397861652777805
28026580	0.00391057564025512
28027550	0.000510278820924906
28027591	0.00118691929937294
28028691	0.00208064993473997
28029790	0.00261561355952406
28030081	0.00100705137843081
28030750	0.00578484587531481
28031051	0.000557087168786671
28031290	0.000675789176455565
28031300	0.000828515271583761
28031311	0.000737275749032919
28032561	0.000578123750757134
28033941	0.000602034645048592
28034030	0.000532292430911558
28034221	0.00165742930163352
28034491	0.00388373145360496
28035201	0.00167341940552901
28036950	0.000492438563132944
28038330	0.00208003554266872
28039201	0.00058717594716448
28040100	0.00114238945202135
28040151	0.00809102792693519
28040161	0.000955889872588785
28040301	0.00116316387561281
28043170	0.000926673028434378
28043540	0.00508021033826113
28044011	0.0172216556150998
28044650	0.000547435345208294
28044701	0.000497166918960992
28046231	0.00606618361206059
28046371	0.00210379091865212
28047130	0.0615962180010105
28047260	0.00353093309122288
28047311	0.000762724558869191
28047710	0.00697440667861412
28048100	0.00056305767008138
28049261	0.000620401126951655
28049370	0.000792078992114208
28051300	0.00181300337615183
28052130	0.00104236554374226
28052390	0.000790216102612395
28052431	0.000578957385308361
28054221	0.00165131244177673
28054901	0.0198802116912489
28055891	0.000549933854656079
28056790	0.000661969430010444
28057490	0.00047197562344759
28058361	0.0292583218391555
28058481	0.00225069358309574
28059051	0.00109733403245718
28059140	0.00951423653763942
28059201	0.00250729811698351
28059540	0.000893220652407639
28060090	0.000478201592260727
28060400	0.0330080481642031
28061080	0.000495758954656828
28062710	0.00191514141359159
28062880	0.000490710223248831
28062990	0.0038764283470617
28063010	0.001133865473008
28063031	0.000618115674298699
28063061	0.00125482489053628
28063160	0.00501285359708232
28064680	0.000472132700999673
28064960	0.00277211823969794
28065330	0.00365614456873249
28065391	0.00433328707541331
28065640	0.00138659246895023
28065900	0.000684969970236459
28068530	0.297137076325458
28069381	0.000753193859910871
28070081	0.036121607970331
28070501	0.000527674568832269
28071270	0.0005711667866921
28071741	0.000696776438118682
28072360	0.0174581576799926
28072561	0.000941650543130941
28072920	0.000492245451235194
28073330	0.00375840802590062
28073401	0.00054856965538531
28076780	0.00220224614619903
28076950	0.00261881115146132
28077210	0.000513292367951968
28077510	0.000561618219783468
28078590	0.000754984994885063
28079461	0.000564500339377493
28080431	0.00329448302048875
28081490	0.0271910982690944
28081541	0.00128834390239384
28081630	0.0019236267401485
28082310	0.000578371222413853
28083830	0.000533752211606066
28083980	0.00367676343842275
28084260	0.00110394115738424
28086221	0.000678246809245705
28086621	0.00148751083341731
28089941	0.00117603247526134
28090730	0.00802963266622777
28090911	0.00187921668663089
28091280	0.00224011061855151
28091721	0.000635837630938419
28091871	0.000483811581148319
28093080	0.0131951450983394
28093200	0.00107049455817575
28094440	0.00207025535245303
28095331	0.00395540191861475
28095700	0.000523671726001359
28096250	0.00318238374071453
28096650	0.000568486679654485
28096821	0.000657006794969982
28097220	0.00112254415074713
28097241	0.00142346205741972
28097671	0.000618076225171855
28100110	0.000522262782409984
28101791	0.00112078375609409
28102150	0.000624170922504286
28102160	0.00241886144456975
28102850	0.00461787322100481
28103461	0.000526004036864463
28104141	0.000546315839175402
28104711	0.001014487681377
28106160	0.0143637651292728
28106201	0.000534646732503144
28106751	0.00250403675031768
28107970	0.0129749127880801
28109070	0.00241570555192218
28109121	0.00086578529177916
28111171	0.03349916462205
28112670	0.000830246873783726
28113941	0.0156750654781412
28114990	0.00368460932032405
28115301	0.00286960698331882
28115390	0.00118508346271942
28116411	0.00088342169203437
28116500	0.00340687932925269
28117620	0.000510699226119054
28118430	0.000770208774655774
28120291	0.000571030521105552
28120421	0.00575028075299754
28120950	0.000837654689809975
28121101	0.0422644197071335
28121350	0.0375919446784762
28121401	0.00102037033284072
28121651	0.00365587013515833
28121801	0.000568917003638569
28121931	0.0159805201949888
28123830	0.000581690627462811
28124291	0.000513376757439927
28125080	0.000668886035744044
28125090	0.00299000186807336
28125220	0.00365569048394345
28127270	0.00247669681846789
28127581	0.000558987694352405
28127840	0.000562552822409968
28128780	0.00302267020675104
28128821	0.00191956004703488
28129241	0.0163765797767529
28130580	0.00212062507194936
28131690	0.00200414799432057
28131741	0.00161785804998421
28133780	0.000593254916743191
28133791	0.000786598301500389
28134450	0.000814936422314555
28134491	0.00169923209612034
28134911	0.00393370110971354
28135140	0.000722102060108035
28135601	0.000774259837868942
28135960	0.00179100584068891
28137870	0.000537002849989779
28140291	0.0520041071218052
28140411	0.000525323395294969
28140681	0.000733274491704483
28142330	0.000623752255736407
28142440	0.00120985742327851
28142570	0.00275154509699205
28143410	0.00873110772870972
28146320	0.000547565727430673
28146600	0.00176729588911554
28147041	0.000526728124584297
28147120	0.0012508898840443
28147400	0.000618179657199063
28147871	0.000700966139799727
28148421	0.018487455623595
28148940	0.000571471599835934
28149070	0.00917509560959178
28151120	0.0131396327518522
28151540	0.00461745124742805
28152500	0.00355361887806182
28153931	0.00103260817721923
28154201	0.0010837139118792
28155830	0.00106863289080266
28156390	0.142357080422213
28159041	0.00172944977656154
28159051	0.00110022681658119
28159140	0.00130837836465839
28162020	0.0017822256613253
28162211	0.00228484495312305
28162341	0.000798905035395788
28162911	0.000532542583351955
28163290	0.000533895500813333
28164250	0.00287757300031157
28165241	0.00246462638633333
28166170	0.000472828817981209
28167150	0.000589636468422556
28169070	0.000541870406091326
28171041	0.00179786890752952
28171301	0.00121070023664524
28172401	0.0020948258328423
28172561	0.00214483640071676
28174180	0.000628414518485251
28175591	0.0020962874297658
28177791	0.0063258224108888
28178830	0.000972830504900171
28179150	0.000600422598174681
28180630	0.220355645671628
28181360	0.00105785782655438
28181760	0.000576274581218561
28182450	0.0018077217386677
28183390	0.00844554051623854
28184780	0.00232913289400509
28185040	0.467792019226559
28185910	0.00440623202651883
28186280	0.000600936440555354
28186631	0.00049748780898432
28186980	0.000853916430186843
28187120	0.00222706150565669
28187260	0.000771619757754163
28187670	0.000636758117426986
28187700	0.000579892658644679
28188900	0.000708909086821702
28190710	0.00124855400931805
28190870	0.000503903290960338
28192001	0.000544757837979588
28192080	0.000963435154481105
28192121	0.000770036934350002
28193900	0.00972601936434157
28194020	0.000797017108846515
28194040	0.000587327151346467
28194061	0.000712130884680425
28196070	0.00160657207967728
28197760	0.000550296511517061
28198471	0.0256999869480835
28198850	0.00187816586024774
28199010	0.0022059960590726
28201801	0.000689375879611334
28203321	0.00475183590403444
28203530	0.0679439565009345
28204350	0.026860434987408
28204630	0.00611396586137764
28205470	0.00245609130807881
28206341	0.00231212981646751
28207851	0.00241447031983443
28208630	0.417624484353074
28209231	0.0022450410413614
28209730	0.000995871947497218
28210051	0.0194044511581513
28210611	0.00815720163044457
28211321	0.0443686438454325
28211420	0.000654738132132629
28211711	0.000986803484736973
28211871	0.00055016833824685
28214191	0.000590889556808435
28216650	0.000731977329709728
28218461	0.0170357796262276
28218611	0.00213319945862005
28218830	0.00151520423613497
28220541	0.0485696866287664
28221330	0.000529992768631542
28222160	0.000821801270967622
28222331	0.000685895454005136
28222901	0.00168618874442968
28223960	0.00217347096762528
28224230	0.000481782949623532
28224660	0.00143111903888507
28224681	0.000625801126109536
28225371	0.000580176546465683
28226590	0.000896825376593901
28228100	0.000848579803149602
28228281	0.000608272526471881
28233310	0.00189996872055165
28233661	0.00168818258253979
28235530	0.000514831097398052
28235810	0.00143410612809758
28236770	0.00142369377384943
28237450	0.000599702877219684
28237460	0.000572244611177828
28239451	0.000915329689351772
28239571	0.000710454168793248
28240240	0.00176641120790686
28241070	0.000646567586097017
28241610	0.00325085730424106
28243431	0.00113303765839487
28243540	0.000827610877108012
28243550	0.0005482816874395
28244131	0.00059362384450778
28245040	0.000617570006475752
28245231	0.000493161451258284
28246020	0.00263654900613718
28246341	0.00112924185506171
28248620	0.0170622331441997
28249091	0.00667188202534984
28250840	0.0014783234638562
28255711	0.00101040308717596
28267820	0.00072685591976798
28270071	0.00137450735261187
28270860	0.00145952034123078
28272951	0.00811637965336763
28273651	0.000559815663667939
28274560	0.00308065206745149
28276141	0.00240417176197577
28276360	0.164724352760107
28279250	0.0846114625437883
28279940	0.00299426889953908
28280661	0.00217089654344451
28281030	0.000723081395680638
28281081	0.0011692766804939
28283380	0.00432182206362544
28286310	0.000675856791424141
28286430	0.0138104012673265
28288821	0.0243921274277119
28289300	0.00470840886008991
28289351	0.00145178306721562
28289460	0.0020483214784395
28291561	0.00219635420267488
28292240	0.00482000505064489
28293440	0.00459491825217051
28294751	0.00054069169128999
28295861	0.0049537418159592
28296531	0.00709061393687341
28296640	0.000785704529909255
28298420	0.0115254844125677
28298580	0.00064255479657827
28299670	0.00116177745160086
28300671	0.0156479312534599
28300780	0.00511627907774005
28302201	0.00438131325440631
28302461	0.00145786176675073
28303690	0.00180799468376987
28304380	0.00694984300889737
28306130	0.000733569951872725
28306170	0.000512298085220697
28307930	0.000682107378963746
28307971	0.00732629059936404
28308060	0.00931425850015276
28308360	0.000636762875281432
28309781	0.0185052895057737
28312271	0.000751039427818225
28315031	0.00194183834174847
28316490	0.0300371279616945
28319800	0.000486240735669006
28320671	0.0209774933220419
28321071	0.00101078507985454
28322461	0.000704721537775223
28322751	0.103807767051962
28323370	0.0702786960905893
28323530	0.000732953010697575
28324811	0.000857348541072469
28328241	0.00615475756796579
28330140	0.00717289779937244
28331971	0.0127197255820739
28338010	0.00314065287488225
28340681	0.00152264436079074
28340801	0.00289013807325341
28341860	0.00291283565848722
28349320	0.00115802524306108
28356391	0.000918798348328887
28357850	0.00207487952798851
28359411	0.00470202516973227
28360480	0.0518579572838656
28361730	0.000697379188167242
28365921	0.000666926357722423
28367971	0.00134486025347332
28368890	0.000584459759657644
28371110	0.00476103716354791
28372510	0.00230508728039109
28376080	0.00200535312977758
28377351	0.00153361553753643
28379291	0.000754324428129425
28380490	0.00285340004177005
28382280	0.0269574658129986
28382581	0.00219974221281264
28383431	0.000755725982628296
28384080	0.00070740337681805
28386741	0.00100453659669546
28389300	0.00070411705534262
28389710	0.00174189635396668
28390820	0.000808594997749431
28393911	0.003755663382305
28395250	0.000588162044234446
28396340	0.00691323792450115
28396490	0.000503085554975986
28398290	0.0013500535384198
28399711	0.008740818534654
28401850	0.00729024265207824
28402191	0.000525526915480004
28404200	0.000551120945809453
28405440	0.00160306759274548
28405880	0.00047847269457165
28407421	0.00150754225304509
28408900	0.00986406637149969
28410530	0.00162094767023772
28410731	0.000548574893105388
28413440	0.00192811255853934
28414690	0.00415720246493522
28416111	0.000508714100110791
28418010	0.00345143547269153
28419151	0.00413771424485003
28419421	0.0031807531724724
28419971	0.00117593714167492
28420511	0.00160397620698924
28420880	0.000699675605827243
28423271	0.000786923592694226
28423281	0.0319869246645628
28424610	0.00345842828856454
28426710	0.00108794062960319
28429201	0.000784240314306825
28429730	0.00298211366376343
28432180	0.000770066528104653
28432391	0.00225534840728859
28432600	0.000562251379379505
28433771	0.000921560961760841
28434721	0.000808413819312343
28437040	0.000831376432982095
28438451	0.000543766959144425
28438601	0.00216878269380011
28439541	0.198644036619965
28439660	0.00531983080300222
28439940	0.00536360467509793
28441030	0.0020876507703492
28443821	0.000508027320374776
28444781	0.00175816943099183
28444791	0.00582577029905396
28446451	0.000487932743263818
28446560	0.00119421581980445
28447780	0.00106562915022913
28448600	0.00239626865464187
28449880	0.00196191208750364
28450290	0.00120280679255635
28451640	0.00131054358755824
28456511	0.000745625490014324
28459770	0.0107577827329956
28459940	0.000653902050092868
28460091	0.00157003436756751
28460521	0.000599756293102811
28461201	0.0158421813560747
28462150	0.00386721316536042
28462550	0.00258350962617242
28463500	0.0187682141396642
28466041	0.000745064711135522
28466690	0.00339444326197526
28467080	0.000542350535456991
28468760	0.000938876025467299
28470441	0.00250108304946548
28471681	0.00229349795365257
28475350	0.00188305004318223
28475370	0.0357898502054489
28476080	0.000788348709410981
28477191	0.0147607151604753
28478800	0.00165277506478573
28480661	0.000517086117923716
28481040	0.00296311694377894
28483151	0.00050002532197104
28483240	0.00266259453155234
28485310	0.000783515882397619
28489191	0.00206013303984352
28490560	0.00191072050057473
28492480	0.0013552865212624
28492791	0.119370451894519
28493351	0.023934294168068
28495001	0.00108023491037518
28495520	0.000704871042582755
28495640	0.00148118719188842
28495701	0.00125999250620731
28497150	0.00237868043976494
28498680	0.000577792330726304
28499210	0.00258487548384982
28500200	0.0165294667047161
28500381	0.000627831782029094
28501590	0.000633967593196651
28502451	0.000519134185596764
28503141	0.000490649973921379
28503510	0.000607520188829636
28504941	0.00328253316735122
28505071	0.00050468050754999
28506520	0.00108386493896493
28508381	0.000631312628920819
28511121	0.434231760444393
28514731	0.00160597608334112
28522530	0.000737100032599646
28523490	0.00196555859690799
28525461	0.000641110477788212
28531411	0.00087255765227445
28532340	0.000655225258900974
28533550	0.00222014189218982
28534701	0.00050756777543638
28534930	0.0005448918627328
28537290	0.00117066150619413
28539070	0.000859235599508732
28541191	0.000498761938124594
28544720	0.000590205049446959
28545481	0.0049810224905546
28545850	0.00136389831908991
28546841	0.000520860000141747
28548231	0.000996503190036717
28549440	0.000557133332507798
28549751	0.000519667204354851
28549980	0.00268132440552683
28551141	0.000723904414266083
28551681	0.00108811188693899
28551900	0.000529238605701937
28552521	0.000702554686069804
28553030	0.0446345710963083
28553321	0.0166687420189217
28553840	0.0169940304305604
28555001	0.00576494803382554
28555801	0.000566030259391165
28557560	0.000596823523276237
28558540	0.00691604856598127
28559080	0.00936321281402744
28559531	0.000536865325854308
28560030	0.103123697942572
28560730	0.000524865759034156
28560911	0.00658261531722701
28561071	0.000550260358862024
28561450	0.000481905501195324
28563760	0.0203425853937701
28571510	0.00103809129309052
28574540	0.000739187212599155
28575681	0.00392591687391838
28577751	0.000529175614734098
28579121	0.00510563249272932
28580470	0.011446035583945
28580771	0.00527872335247246
28581000	0.00074389717605613
28581191	0.000663281877155144
28581580	0.000971559746314916
28590690	0.00180484402894012
28591930	0.000548549141386642
28592091	0.00115572877442265
28592371	0.000555694920859299
28594861	0.000558523957963138
28596880	0.00125073728388948
28598291	0.00414783396616151
28599790	0.00104651643246028
28600371	0.00777843755563679
28602171	0.00376952838037655
28603630	0.000755875158190676
28604440	0.00107550999776972
28604620	0.000693161107259695
28609410	0.0139620163990456
28610250	0.002447853119091
28610281	0.00146562888811922
28611790	0.0005205735782856
28612040	0.000815547467255647
28612730	0.000939158233826105
28614031	0.00100806650221212
28614851	0.000568652676506027
28614981	0.00133712497368532
28616020	0.000636803291923418
28618151	0.0298755475096331
28618370	0.000727156450738056
28619100	0.00187208697774034
28619200	0.00140531249303743
28619210	0.211701309461669
28619630	0.00162518610622567
28619640	0.000489837307365576
28621830	0.00370828010097726
28621891	0.000565050609412224
28622640	0.000692085736187224
28622820	0.000547805694636336
28622920	0.00351888594414864
28624870	0.00279807033434761
28624990	0.00227139908990415
28625690	0.00200384217218884
28626670	0.00359923119992845
28626701	0.000538956993573701
28626800	0.000609209166526075
28626810	0.000541306698733915
28628990	0.000821066204914719
28631500	0.00786636705519011
28632771	0.0005039618060429
28633300	0.00760416178286836
28633970	0.00421210099257163
28634400	0.0031073129090133
28635070	0.00122323943338775
28635880	0.00141090923821341
28636580	0.000558281458038713
28636921	0.000616500449994554
28637871	0.00070375452882636
28638500	0.000906354039004469
28638640	0.00181534324726849
28638950	0.000550961497299779
28644730	0.0415149300314921
28646431	0.0020015048117875
28647801	0.0156984132452798
28649570	0.0137786537376162
28652771	0.186197934166576
28657270	0.00449696641697365
28663050	0.000933245765839533
28664610	0.000803495095489526
28665140	0.00326305542241479
28667220	0.00255578871204929
28668501	0.00172487845765097
28669020	0.00237264237735695
28672761	0.0145946985998271
28675740	0.00618054633546616
28675801	0.067417724916255
28677680	0.00129328875864705
28679780	0.00221283633601888
28682291	0.000687416029701763
28682380	0.00123473999519683
28682831	0.000530222664770637
28684580	0.00868112239726417
28685000	0.00223345608974705
28685471	0.00341062918308671
28686571	0.00395816669712002
28686920	0.00141127470941241
28689990	0.00260408359446001
28690080	0.00397050747246559
28691760	0.000625065222449951
28692071	0.000564697376589763
28692310	0.0249146830877789
28696430	0.00252711327551599
28696840	0.00315625463284447
28696980	0.000518323461193664
28698431	0.000902936664709745
28698790	0.000801482501187852
28700870	0.0153618516187399
28701171	0.00225169166784716
28703220	0.00191020781346923
28706561	0.00124571964331532
28707340	0.000674282392350837
28707931	0.00165851700384331
28708150	0.000725334335834948
28709881	0.000726502041560402
28710390	0.000792255864770118
28712761	0.000700139921747271
28714421	0.000564525320726555
28714660	0.00070956281024106
28714920	0.00444106748761788
28715101	0.00214783130379026
28716310	0.00668644016660813
28716460	0.000672832088951297
28717420	0.000883070430502501
28717851	0.000736474844132937
28717980	0.00200067149142116
28718520	0.000774684711315145
28718810	0.0054417699439072
28720020	0.00264260510317836
28722250	0.0241171004348845
28722910	0.0023861265485065
28722940	0.0113076057255014
28726500	0.00066554150535161
28727910	0.000809434009871452
28729161	0.000632899553130384
28729591	0.000642626430434901
28733570	0.00238643734161502
28734151	0.00216546438160913
28735640	0.00697038696877589
28736211	0.00140923055592551
28736860	0.000697150119608764
28736901	0.00159993617619354
28741031	0.000754489281811022
28741581	0.0111854322313723
28742090	0.00193318246006644
28744751	0.0274279372781419
28745540	0.00807029623256165
28746001	0.00116629582297492
28748700	0.00437932688619973
28749270	0.000939401130833049
28749851	0.000815813463309967
28750701	0.00133718949249416
28752211	0.0674763890662846
28753830	0.13054886092747
28754350	0.00160791537488925
28754821	0.000702928803999012
28755200	0.0005496513746533
28756160	0.000689989169929963
28756170	0.000529211217810538
28757280	0.000534191556720712
28760891	0.0986934588379901
28762500	0.00376579954183038
28762951	0.450078973950785
28764280	0.00131799831518647
28765960	0.000547781480704743
28767661	0.00369144715743504
28768211	0.00697026632576055
28768450	0.00382827288163183
28768830	0.00160166894844733
28770271	0.00077237022190305
28770961	0.000920728079458293
28772460	0.000614104973041324
28773321	0.000626004012684871
28773560	0.000570142721005296
28773690	0.00144767667361286
28774141	0.00446307457351471
28774220	0.00106176243028906
28780300	0.00346141200349481
28780341	0.00181756666961842
28782951	0.00210532477206975
28783320	0.00141936814771005
28783340	0.122138890916805
28784040	0.00255757657309542
28785031	0.000917377893244924
28785550	0.0019350366728105
28785950	0.000562017156443783
28786821	0.000548835112040447
28787231	0.0007755458427242
28788460	0.00874555548952374
28789451	0.000984950731157689
28790350	0.000508751225884411
28793311	0.000490483093059406
28793380	0.000737236893133005
28793540	0.000934859020635461
28793830	0.57717975940985
28794520	0.000938939802455242
28796170	0.00242125290418254
28796491	0.0699582391957149
28796631	0.000523806386206314
28797270	0.00234148482653139
28798561	0.00048556713260459
28799890	0.00245674526741351
28801010	0.00386279401609074
28801410	0.000540438111145797
28802940	0.00411236717007654
28804491	0.000522319403289182
28804980	0.126911039002399
28805571	0.000528195841842889
28806940	0.0403355043168952
28807480	0.000873979062639361
28808010	0.00155292177703282
28808471	0.0211903426813455
28809000	0.000649865219661163
28809581	0.0046145394759245
28813140	0.000725328585760999
28813841	0.0041786932296873
28814110	0.000760615926429848
28816450	0.00143748841049016
28817390	0.00109845808895755
28818240	0.336319624306458
28818370	0.00295340063077167
28818630	0.00316158025261453
28820160	0.000605197380783657
28820410	0.0936298553027325
28821540	0.00467666289939792
28823320	0.00216178740675816
28823501	0.0167652217324714
28824351	0.000550588122964319
28827231	0.00311625008340204
28827880	0.00308972268832346
28828030	0.000706740399941672
28829270	0.000731159614195062
28829981	0.000693994562266099
28831890	0.00211635005036474
28832150	0.000681588408898269
28832590	0.000931231031782742
28832850	0.000612160065536622
28833410	0.00171712670327089
28834961	0.000622936216573621
28835231	0.00134438911428181
28836061	0.000724899471398362
28837650	0.000523493965746796
28837701	0.000526504029339863
28837711	0.00189640841406609
28838510	0.00349143464057724
28838790	0.00714858150684635
28839081	0.0151747705028912
28839740	0.00220856578854362
28840150	0.00248979699511019
28841301	0.00104538254377877
28841550	0.00273889074044255
28842790	0.0026658931626286
28843210	0.000819467138004563
28843740	0.000633354280865866
28844611	0.00202763868189779
28845260	0.00314326485542519
28846831	0.00358097210705067
28847340	0.225084501530181
28847900	0.000841110452362974
28848481	0.00103651797193929
28850090	0.000493415492841575
28852211	0.0697022841703366
28852410	0.0179283641861123
28852731	0.000688620496386636
28854490	0.00328187030585848
28856860	0.000560104123535291
28857171	0.0021459167064287
28857970	0.000631089218792798
28858801	0.000812172465028857
28859170	0.00238496888711025
28859600	0.00270656073749584
28860300	0.0166693610176329
28860601	0.00976809706335522
28862920	0.00318218130265965
28866240	0.0449407899697518
28866541	0.0015400913026668
28866770	0.000905093368634805
28867491	0.00154718812236756
28868471	0.0011309822426832
28868690	0.000801275131668631
28868720	0.00143256406946471
28868741	0.000593733224433814
28869281	0.0115466693564293
28869510	0.00127141728368798
28870640	0.0324653806666544
28871480	0.000626068325827427
28872140	0.000708286680826485
28874510	0.00253107174566916
28876680	0.00054499603403001
28876710	0.00505147086785609
28877171	0.00795349901836682
28878401	0.000684672339135833
28878521	0.0013820575974413
28879880	0.465237614701871
28879911	0.00106338313431625
28880030	0.00053187136043792
28881380	0.00119433549243571
28881930	0.006611087628122
28883850	0.00616639504457685
28887170	0.000857986843136841
28888860	0.00339828281254661
28889711	0.274800596537196
28895091	0.00117311576057474
28902811	0.00265914568620426
28905991	0.00356903118531133
28906681	0.0045454326855572
28908321	0.000678416331519387
28913011	0.00251803853621662
28920000	0.00432825995189257
28920461	0.203362902298101
28922210	0.000538454208137231
28923860	0.00713183167748966
28924331	0.00547486902927962
28925441	0.0139730196719792
28925571	0.116005021477279
28925841	0.000597429829926472
28927361	0.00268393200324716
28929571	0.00126461375128965
28933011	0.0010966640559924
28934261	0.000884713527351609
28934340	0.0220828188709678
28938131	0.00145541825742262
28939351	0.0201692023579922
28940031	0.00106985751539213
28940601	0.00515764436350342
28940690	0.00204714211820601
28941940	0.00364976086738061
28943091	0.010909081058562
28945360	0.00192471809238084
28946620	0.0029651916392897
28947590	0.0416202838143067
28948680	0.000512467223078722
28949120	0.00956402331522263
28949520	0.000500258955037179
28950490	0.00260116877089533
28952260	0.000585643919053916
28952321	0.000899131371230841
28952601	0.000539742088521058
28953571	0.00061114012560971
28954890	0.000469877227682834
28954920	0.000555191385494248
28954931	0.00193851475128796
28956611	0.00174170054613549
28958661	0.00158929233206141
28959170	0.0023287262648361
28959201	0.00114423268619926
28959980	0.000607140724966153
28960051	0.00391236106460733
28961141	0.00410984282134331
28961820	0.00317917507655397
28963730	0.00401736458986276
28965940	0.0019447108699614
28966811	0.000490346198599491
28967980	0.000488250634095696
28968041	0.00163410760930045
28968990	0.0374915462047769
28970230	0.000714538963385839
28970360	0.00067373836353116
28973500	0.00228748885327903
28973540	0.00165941812207556
28973810	0.00149753022848196
28974760	0.000852706309693665
28975850	0.00151831592340313
28976280	0.000552530921006384
28976430	0.0920454286360726
28976970	0.000625358790663542
28977110	0.00104116059746783
28978080	0.000597612598706539
28980530	0.00377160470969594
28981800	0.0422609435682464
28982470	0.00103913327770433
28984041	0.00112158175615085
28984160	0.00195798737070003
28984260	0.00313401683866864
28984390	0.00275740621277671
28985691	0.0819536208108439
28985810	0.00947416538106061
28986600	0.000860925001501308
28986791	0.000539576796617009
28987201	0.00308288632400193
28987501	0.00235782523371542
28987840	0.00164366264403219
28987980	0.000671701208237816
28988430	0.000632644627442701
28992700	0.00872662443875075
28993770	0.00100258151761401
28994531	0.00227424907041402
28997770	0.00111115283712054
29000690	0.00047847269457165
29001380	0.000627048947647102
29001650	0.00927188567596818
29001950	0.00129110913974411
29002111	0.0592420086469727
29002261	0.000528273889106627
29003570	0.000503786576102584
29004031	0.00051780423126346
29004940	0.00108821655107658
29005380	0.00217608135361636
29006500	0.00173395482205957
29007150	0.00147218809870636
29007771	0.0559508994418533
29008260	0.00417374129376323
29009810	0.00286262569406962
29010490	0.000552220959634143
29011310	0.000581613799950953
29011560	0.000841153859448049
29013400	0.00103030535332181
29018910	0.000658576661188998
29020741	0.00174924010660831
29020810	0.606821709277714
29021920	0.000475074138766507
29022350	0.000814171058322499
29027160	0.000753210743559885
29027341	0.0153048064024373
29027491	0.0108969513917008
29028451	0.00362773622576832
29030330	0.00069361961118113
29033380	0.000566887437736446
29033390	0.000641842108284193
29034070	0.00964507350899396
29034320	0.00342231592747782
29034490	0.000510934820663169
29034610	0.000559479314265629
29035331	0.000647668647333752
29035771	0.00281398835580015
29037100	0.000585383917439634
29038241	0.00307200602218828
29040110	0.000910553671366339
29040280	0.000594364856771591
29040871	0.22449716433627
29041401	0.0700882342467088
29041411	0.000928701261837904
29043320	0.00156502327776114
29043740	0.000623188651755385
29044270	0.00335543984638824
29044311	0.000620891240708044
29045810	0.000580664616063868
29047970	0.00287424872299822
29048441	0.00185006050483348
29049541	0.00270652477564438
29050600	0.00194117091844097
29051040	0.000865967646838223
29051570	0.000601655912439208
29052181	0.000661349854639193
29054070	0.000795225956610266
29054241	0.00107111560158299
29055201	0.000828854742564335
29055481	0.00053485371888845
29055700	0.00189795731800124
29055751	0.000928387980373814
29056150	0.000585540190082271
29056560	0.000488250634095696
29056700	0.000583704940777567
29056970	0.00104842158476003
29057900	0.000481654944388117
29060000	0.000640953101926401
29060970	0.00112802059040732
29061220	0.00919589798039282
29061561	0.00054624149957958
29063580	0.0019714297635704
29064171	0.000619464392554468
29065271	0.000506695030264401
29066781	0.000510780166097505
29068000	0.000847981766176095
29068321	0.000537282191918922
29068451	0.000481998959126343
29068540	0.0053997860417469
29069110	0.000480193663225917
29069630	0.000538446766395963
29071191	0.00139734665212701
29072721	0.00415019534268936
29073380	0.00383804834259753
29074730	0.000748887264410347
29074760	0.00726818794940413
29075860	0.00976354001959881
29077261	0.000673360138572755
29077401	0.00369704749432762
29077900	0.000596816446940134
29077920	0.000685480276691342
29077951	0.000538486165322336
29079420	0.00545490277432132
29079430	0.000678659883222884
29080721	0.00645316021946727
29080830	0.000688864352607365
29081281	0.00226532574050796
29082350	0.000845808220925619
29083631	0.0027809345550151
29084981	0.000908013910185196
29085141	0.138183227999476
29086111	0.000606841556218816
29086450	0.00108599250702059
29086480	0.00351852508265476
29086620	0.00345834443764475
29086740	0.0627584621354188
29086750	0.372756236500182
29087881	0.00141400752124327
29088161	0.0137307821777572
29089121	0.000609574158931406
29089210	0.000560213150161969
29089230	0.00144720801327843
29090320	0.00660034893734722
29091010	0.00287207813471112
29092021	0.000843141730280856
29092031	0.00208924898830211
29093261	0.000743920451205758
29093660	0.000542902850001114
29093930	0.00280428129926485
29094310	0.000662637066041201
29094361	0.00146758855005022
29096130	0.0181401410734387
29096280	0.000486567798862074
29098610	0.0150047852517619
29098750	0.0171110792670563
29098870	0.0106429665711555
29100400	0.00187371929671803
29100851	0.000713450002999881
29101281	0.00160123066609821
29101760	0.00577089805125692
29103040	0.00141395538828761
29104520	0.000842650195035779
29105500	0.12664866037711
29105971	0.000659067866388549
29107140	0.000487607327039216
29107180	0.0016282784044948
29107590	0.0061018183427691
29107611	0.00216649933665668
29107761	0.000545388089805907
29107860	0.000731091179963696
29107980	0.00798358076484125
29108540	0.000579480417974427
29108970	0.00279449189323029
29110310	0.000745830261701752
29110450	0.000683222202158169
29110750	0.0147149323652847
29111420	0.00101162893215746
29112830	0.000760313946677061
29113070	0.00299150760347278
29115201	0.000982142607939735
29116680	0.00622884591866266
29117671	0.00108389650022713
29117760	0.00055945437020575
29118081	0.000694560647474763
29119000	0.000611230412326438
29119481	0.0190611457655522
29119901	0.000530180593654776
29120571	0.000913395391731494
29120830	0.0015482204746312
29122641	0.00102377877333652
29122880	0.000507231902221992
29123010	0.00108969582735947
29125121	0.000656817012447097
29126381	0.0257022733467685
29126580	0.000894851970052147
29127211	0.00056283564715399
29127550	0.00173430792132713
29129251	0.00209553468372873
29129370	0.000899414995008958
29130661	0.0007237851523693
29131030	0.000527478790028431
29132981	0.00737484011881609
29132991	0.000533289198811466
29133401	0.000738015980383683
29133900	0.000518648089214245
29134480	0.000898868411784994
29135440	0.000528273441556488
29135601	0.000500966389940479
29135970	0.000989808104038681
29136451	0.0015270431551918
29136520	0.000524177645300417
29136800	0.00131769237807273
29137780	0.000789318678658744
29139071	0.00055781696935142
29139850	0.00408572092821859
29140810	0.0483269396315567
29141821	0.000861406483754148
29141930	0.207024983569139
29142330	0.000842697103754015
29142791	0.000574233230674547
29143990	0.00131283002562233
29144110	0.000637099148704142
29151731	0.0923832095183499
29154190	0.00374914225849431
29156400	0.000525792215905816
29156431	0.00194345835296899
29157770	0.005990297814077
29157941	0.0450564531173491
29158190	0.000571987468592453
29159830	0.000648849302658172
29160011	0.000644738438396352
29160660	0.000564170360242794
29160830	0.000596032281165385
29161691	0.00262202509089302
29162310	0.000631711747581119
29163420	0.00126243483195908
29166101	0.00147170356368903
29167881	0.000494212848785083
29168301	0.000812911609724748
29170241	0.00423011263014294
29174361	0.00502540164815809
29175160	0.00254659929446364
29176530	0.000876603355222603
29176650	0.00267461971649289
29176820	0.00314505786587963
29176991	0.000758155139858388
29181090	0.0283008457924447
29181411	0.00182242836476632
29181500	0.000655226757440251
29183061	0.008453076734328
29183451	0.000997183494022046
29185380	0.00479974099185627
29186211	0.000838566387603976
29187130	0.00167543184207776
29187201	0.000732775920643711
29190511	0.000747613732310708
29191321	0.00574008756544778
29191471	0.0013894583940611
29192790	0.00327521042548023
29193951	0.00181505125731553
29194771	0.0013320199480208
29195160	0.00172164730454931
29196011	0.000622709524972062
29200421	0.0116639112504476
29201770	0.00061038693709966
29201790	0.00116860586370335
29201951	0.00056343002074892
29203420	0.000603774747163781
29203591	0.00523828465825183
29206890	0.0043362132038675
29208561	0.00173627041919037
29208790	0.000651955242707845
29209780	0.00162506799826126
29209801	0.00208559337013515
29209811	0.00340413558865473
29210890	0.0130209655445778
29211451	0.000768495943481362
29211741	0.00352405092028251
29212240	0.00615962263175149
29213121	0.000769721949102247
29213821	0.0236727530920451
29215420	0.00626222006262845
29215700	0.00109021392302974
29216370	0.000910458419745798
29220810	0.00847674233690368
29223430	0.00461680843101194
29223580	0.000532057052188039
29223720	0.00139054832955637
29229210	0.0698540024917255
29229900	0.00133024206613105
29232820	0.0011789994132259
29237740	0.00156496508553073
29238300	0.000509543902176194
29243461	0.00599167309580404
29244940	0.0181178708612992
29246720	0.000553689301755123
29249381	0.000517360802700513
29249640	0.0140888447264942
29251410	0.00722479928853831
29254320	0.00150253237600195
29255321	0.00224374735252964
29256161	0.00170730033632545
29259270	0.000858797696746629
29259950	0.00716883339400764
29263150	0.0155997918173681
29264380	0.00166720009516348
29266880	0.00192089601796926
29267120	0.000598899759615937
29267680	0.00108961223471382
29267950	0.0499127034263047
29270310	0.000495336609344838
29271160	0.0201275735736262
29271581	0.00115608527028173
29272411	0.000495207501226271
29275410	0.00225228707379537
29277381	0.000492485423237189
29278150	0.00504851219110395
29278460	0.00199691811742082
29278700	0.270900983230459
29279130	0.00062106197637279
29280640	0.000652469400481061
29283031	0.00265448312400951
29283140	0.000575746020208531
29285671	0.000637976517817942
29285750	0.00308969212709946
29285890	0.000507041445212751
29286320	0.000594450198479789
29286470	0.000531254849389105
29287020	0.00300363762703751
29287031	0.000976615751721487
29287560	0.00186562649071019
29287731	0.0083174132937582
29288250	0.015216037938283
29290891	0.00122433232298921
29291461	0.484935908815055
29292380	0.00103962060955497
29293760	0.00537833824791856
29301661	0.017102099220975
29302040	0.000954278820745404
29302450	0.00523182104656422
29304561	0.000828833212030323
29304640	0.00108380960378785
29305090	0.0123868148952639
29305791	0.00137791280921044
29306190	0.00330085332576473
29308910	0.00717592619190723
29309640	0.00159450382130944
29310570	0.00137802101804705
29312431	0.00145242440367969
29314560	0.000513739741365287
29316630	0.0034499741777286
29318020	0.00192841170067063
29318980	0.011605860534788
29321360	0.00613088739042153
29321750	0.00122708106633774
29325801	0.00049802459504502
29326471	0.0213686754159855
29328110	0.00102963546414737
29328281	0.00723425475421058
29329490	0.0020408558194405
29329651	0.00128642141596901
29330290	0.00560513366260357
29331430	0.000675445336436524
29332401	0.000942202784803881
29333661	0.0106887820451911
29335390	0.00110284251535749
29335940	0.00489972822716538
29336701	0.00444046434420929
29336910	0.00101555182058856
29338460	0.223614706595534
29339830	0.00118292845919909
29341470	0.00132649237896341
29341921	0.00200335552480536
29342471	0.00296755740144766
29343161	0.000485237521095457
29343800	0.0162799308176762
29344261	0.000872186542637231
29344561	0.000670073945446259
29345091	0.00458096012803507
29345470	0.0016476986109376
29346700	0.00211799654821873
29346730	0.000573760965199489
29347161	0.000493363406749101
29347851	0.00633720300863125
29348281	0.00183948849424574
29348681	0.00267642990974074
29349190	0.000626017293657684
29349651	0.00228129662133513
29350600	0.0226918006661757
29350621	0.000748018776952945
29350850	0.00506681439302266
29351591	0.00118074673431266
29351940	0.00162858654663744
29352001	0.00468152581614851
29352131	0.00167659708878104
29354051	0.00247053342891911
29354160	0.00438246114611966
29355041	0.00480129303032519
29356920	0.00255932349200243
29357391	0.0017032513011124
29358420	0.00865731223203667
29358980	0.00171584013776153
29361921	0.00064822861890913
29363810	0.000583399287661015
29363960	0.00229851454990307
29364640	0.00370274920077325
29365490	0.0328178990197482
29366160	0.000614442681012576
29366491	0.00081832232927595
29366631	0.00163340876722961
29367110	0.000622723752746151
29367581	0.0565432329887431
29368100	0.00107599428661509
29368551	0.00130192765585282
29369371	0.000798200540880688
29369931	0.00594361450302919
29370860	0.000561923968064613
29371530	0.0011033820377794
29372510	0.00193998167741914
29372790	0.000563065890824322
29372930	0.00257205814209325
29374761	0.000612838057719763
29375871	0.000568103309527918
29376250	0.00207218266709242
29376551	0.0291261071545152
29376811	0.00157626687500709
29377460	0.00060943058329841
29378180	0.00313880593680828
29379280	0.00288862112913087
29381511	0.000521171551027734
29381941	0.00061005328741961
29384930	0.00118138283743628
29385750	0.00149112978197757
29387981	0.106221205241545
29388510	0.0082117960004075
29388630	0.00154590864746581
29390140	0.000478957514623347
29390690	0.0184842432221764
29392121	0.00129083339768587
29392780	0.00117798344220201
29394170	0.000575044135617862
29394331	0.00243278188299215
29394751	0.00131131217724049
29395270	0.00168699945441513
29396681	0.00224527012952432
29398491	0.000510261070323656
29399151	0.000688127499854854
29401630	0.00149711809988574
29402410	0.00130267686394194
29402761	0.00233324067599939
29403701	0.000559958975649986
29404961	0.00266614677030186
29405900	0.00543821280846799
29405911	0.000779695167162964
29406051	0.000664429140006026
29406840	0.00587635060274762
29407031	0.000668998036201742
29407680	0.000819552906891063
29408001	0.00260299575979185
29408531	0.00211721320367305
29408551	0.000823391008844201
29409241	0.000608514976526524
29409880	0.000598208304973185
29410010	0.0026764210844228
29410891	0.00293580202641888
29411130	0.000554431253084522
29412660	0.00263747435008119
29413241	0.0341900886245038
29414170	0.0067405591305923
29414310	0.00106429733419481
29414410	0.00537249649015956
29414550	0.00283501957756054
29415960	0.000632947596773332
29415970	0.00208346949976134
29416121	0.00114146485070162
29416261	0.0265428212755071
29416520	0.0206185964851043
29418010	0.000635069000508626
29418741	0.000554829491187711
29419260	0.00561984112103409
29419530	0.0226584268033621
29421310	0.00144569216502225
29421340	0.00183189958022742
29424951	0.219221937483489
29425190	0.000615140871521187
29425310	0.00244444867241547
29426430	0.000534269847972885
29427940	0.0109650615639393
29428340	0.000618466641526205
29428760	0.000659085624070162
29429781	0.00358707253160668
29430020	0.0037631357650283
29430270	0.000578564971314436
29430290	0.000503871167682047
29435721	0.00170843660872894
29436340	0.0014550399066132
29437371	0.00296971873998859
29437521	0.00294305336934386
29437890	0.000640810985789239
29438300	0.000492932000246032
29439270	0.000626905416035652
29440650	0.0042520503614331
29440750	0.00287717798810059
29440951	0.00207690252243084
29442550	0.678147064417188
29442560	0.0014085537692651
29443820	0.000505552791186319
29444380	0.0213561942361597
29445060	0.000678574838805714
29445091	0.000647770063916431
29445480	0.111513047905749
29447540	0.0297834140619721
29448251	0.00531892829587472
29449180	0.118752706972187
29450341	0.000686427730980757
29450430	0.000698474299528801
29450960	0.00305600349614567
29451711	0.0319004432580678
29452220	0.000609040216235299
29452551	0.000508101172494647
29452691	0.000475059258567078
29452760	0.000558671091807117
29453491	0.00116580493735121
29454341	0.0180790736054955
29454560	0.00057821841269071
29454850	0.0158354542809803
29455530	0.00228001903697941
29456131	0.0037444017426663
29456821	0.00301865182474172
29456961	0.000739012463906476
29457241	0.00149284365824963
29457511	0.00193178569007692
29457921	0.00254886846279892
29460920	0.000571068735614171
29461320	0.0215107353855597
29461880	0.00104650204676553
29462191	0.00073368122855734
29463650	0.00650753114204283
29463940	0.000521926153581012
29464500	0.000604471026462375
29464620	0.00251586167353507
29464671	0.000527733040855197
29464920	0.0742760652252832
29465030	0.00258839550699329
29465901	0.000604112119369923
29465921	0.000760673796612544
29466030	0.000926003947055009
29466860	0.00132586039618535
29467130	0.00353159283344608
29467561	0.000793836888874491
29469300	0.000575836176792778
29471841	0.00103989823827816
29471940	0.000914145432207596
29473890	0.00239742776162725
29473921	0.000972068001140511
29475301	0.000570693538050143
29476391	0.000590226745108696
29477870	0.00114239503190227
29479810	0.000675716792014036
29480240	0.00206482234792382
29480271	0.000732348983295211
29481771	0.015868968499827
29481901	0.0013633952879037
29484080	0.000699543232409124
29484370	0.244708924441636
29484541	0.00643519444356698
29485470	0.00322706605810771
29487581	0.000512487855382701
29487691	0.000513503725796129
29487960	0.00133326949329804
29491100	0.0187219624502809
29494150	0.0343805971462464
29494591	0.00159862642641556
29496411	0.00144100427503771
29496890	0.00175081616285211
29497330	0.000647241231545605
29498181	0.000478831603694265
29498400	0.0023521531257576
29502680	0.00118160289046563
29504801	0.000948215626989024
29504941	0.000672147088299229
29505501	0.00388150681073841
29507390	0.000921532784277158
29510020	0.0015429043730486
29510540	0.000821059783149133
29511691	0.0470503703442235
29511820	0.00072154969010629
29511960	0.000592052311509899
29512241	0.00218845715154241
29512671	0.00167803685265955
29513211	0.00270154181216149
29514990	0.00177886972616489
29515001	0.000626683177256111
29516521	0.0014180868278797
29518830	0.0180344313384924
29520500	0.000915897460721385
29520750	0.0145178112374213
29521460	0.000809998223413993
29521570	0.000542283846121035
29522471	0.00624247561056722
29523680	0.000537539773492427
29526850	0.0933882746686244
29527260	0.000840237611793396
29528740	0.00110702308574519
29529481	0.00206494523782015
29529710	0.000571360621992811
29530160	0.000557564935488115
29530410	0.0393837551305682
29532531	0.000517804218524114
29533850	0.000561746223344228
29534550	0.000977215990182883
29534680	0.0034940070964188
29535540	0.000682698977853433
29535810	0.00267359831451762
29535820	0.00488574253099518
29536251	0.00464020735804345
29538871	0.00341589431667377
29538990	0.000919650487042066
29539920	0.00178861918681597
29540080	0.00757579288330701
29540931	0.00828140154644688
29541081	0.00199783531310399
29541320	0.000695726560069451
29541570	0.000523303353756056
29543800	0.0854107467684101
29545600	0.000798993218220427
29547431	0.00187789516964903
29548661	0.000602688317873108
29551240	0.00243640269222025
29552801	0.000555700114760671
29553740	0.00291344935612724
29554181	0.000594548750825173
29555640	0.000534678050635806
29557221	0.0160973131725698
29557310	0.00077879357642085
29559510	0.000590537443377769
29561781	0.00217726962063008
29561901	0.000694902638685749
29562160	0.0189664893151517
29566570	0.00181791315292047
29568050	0.000531132950820546
29568750	0.00063670126395021
29569091	0.015097983021005
29569491	0.00370955304915516
29571021	0.000601130812624145
29571131	0.016505323771859
29571220	0.00177817679475754
29571950	0.0036214411056353
29572330	0.000840625150730172
29575281	0.000680122509987031
29578120	0.00163588993510463
29579141	0.00197528416422175
29579920	0.0005093449518289
29581320	0.000535508631538388
29585430	0.00064290682420006
29585440	0.14250780063759
29586560	0.0016798535637176
29587220	0.000932339093326862
29587380	0.000507555766192427
29588050	0.00279811345329562
29588350	0.0004753285002305
29588740	0.000749139374185128
29589870	0.000640773996495074
29589990	0.000537333563507941
29591821	0.02553115541451
29591831	0.000687347688411295
29592600	0.0264128559582021
29592890	0.00555337775456024
29593720	0.000582593287764061
29594031	0.00124105207030476
29595701	0.000628670713095684
29597010	0.000527544901270151
29598290	0.0025664902754693
29598461	0.00214169852231488
29599530	0.00195384276214395
29603500	0.016802070477928
29608890	0.00107337743298461
29609361	0.000512141457410616
29610991	0.00208248912583251
29611500	0.00232799544625375
29617170	0.00145236412784407
29618171	0.00134052196006918
29620040	0.00836900539874797
29620870	0.00194664630286003
29621990	0.000487862301641262
29622110	0.00395438288452203
29623541	0.000708947852857913
29624050	0.00098021475162053
29627100	0.000647055343368129
29627650	0.0152786691542106
29630010	0.000584934943965462
29630161	0.000523075991840716
29632630	0.00288012429813936
29634000	0.00107835160640969
29634871	0.000952078854046338
29636080	0.0994559719781867
29636091	0.00113637684363902
29636770	0.000861284958099988
29638150	0.00778772518863202
29638690	0.00793913140062917
29640470	0.000525419691997095
29640531	0.00124278591553862
29640900	0.000600536222931878
29642970	0.00151700615227412
29644730	0.00358556102650486
29648060	0.0034178526351466
29648750	0.000515867992844019
29649071	0.000549019662882717
29650410	0.00212058678477041
29651541	0.000540967083131886
29653850	0.000531252629429369
29655151	0.00318971458434643
29657710	0.00861881214829962
29661061	0.0111008106060758
29661990	0.00196251829792714
29662321	0.00892380507866837
29665570	0.115289102660077
29666520	0.000927292176138211
29667250	0.000815279837243847
29667350	0.000637735844745573
29667701	0.00055189093856214
29669040	0.000709400051369527
29671681	0.00305223852311503
29674571	0.00253681622436216
29676080	0.00156296424600696
29676210	0.000598743025927559
29676371	0.0007601177128842
29676521	0.0080540685293116
29678851	0.000593225844381549
29679001	0.0301872720940013
29681211	0.00627311692780761
29684070	0.0906104544495293
29686520	0.000931128865714413
29686981	0.000481687574907171
29687250	0.00103096985405407
29688470	0.000565316533930911
29689420	0.00220940169583725
29690021	0.390067480351576
29690560	0.00201073003096537
29691121	0.000611389055031448
29692050	0.0042274561705966
29692460	0.000495886403248555
29693020	0.000694026902880053
29694810	0.000502157645358635
29695490	0.000557155985897676
29696911	0.00399355794209853
29700070	0.000566905551943877
29700771	0.000884834300018459
29702390	0.00049939854793641
29702650	0.000878293173433422
29702861	0.00156945179352576
29703930	0.000743773794955276
29705710	0.00105080102289257
29706380	0.000547615608873756
29706721	0.000538985904746567
29707760	0.00176769374488036
29708361	0.0022601128136163
29709871	0.00179030073718168
29713830	0.00128109346842429
29714250	0.00050263237694282
29714280	0.0012335626056147
29716501	0.000620729713746525
29716791	0.0010209511572775
29718260	0.000540946240217993
29718311	0.000585037893265283
29719281	0.0281189814648495
29721170	0.00058985873764639
29721871	0.000565617025257009
29722820	0.00118164762659906
29725481	0.000627240579398932
29726721	0.00210614352081104
29726930	0.015550348712029
29729341	0.019873998565991
29729611	0.000759559718069592
29732931	0.0171627773337201
29733041	0.000525541133035648
29733860	0.00299732402474238
29734380	0.000686332906878861
29736170	0.000686701790039302
29736180	0.000655970666050265
29736330	0.000548880421736314
29739350	0.00052733240140894
29744600	0.00359715212010593
29744641	0.238897478372607
29745410	0.0011086829596826
29745720	0.000561144943030245
29747510	0.000707057107252561
29748101	0.0262423123107654
29748340	0.000781337309222024
29750380	0.000600857014073248
29750660	0.000593011257979441
29751640	0.00142308096940188
29751671	0.0104873871684618
29751770	0.000719090803284656
29752931	0.000488836774646503
29754861	0.000595774300251047
29755640	0.00074639771515019
29756600	0.00956913307447392
29756631	0.0041518496318436
29758120	0.00163598053899802
29758571	0.0509662356970994
29760050	0.034217419682207
29760200	0.00747950968863942
29761041	0.000610859972657725
29762581	0.00115667893455959
29763131	0.000550553977588654
29763411	0.00052092405356726
29763790	0.000873200366843527
29764310	0.00444871068909777
29764480	0.000954029509537128
29764651	0.000575008853988353
29765270	0.000655505373731317
29765310	0.000482638200111005
29766390	0.0006105632083982
29767821	0.000839683916931376
29767951	0.062003723274665
29769960	0.00327983453400972
29770291	0.000635746878690281
29770950	0.0123151601372651
29771411	0.00106926680405771
29772641	0.154301280852407
29772791	0.00809059107698716
29774130	0.00167865180572431
29774161	0.000639549638930807
29774510	0.00575665353993162
29774520	0.10117399912697
29776170	0.00438161713063114
29776310	0.000477968604229767
29778550	0.00523324346878103
29779100	0.000649012630959442
29779500	0.00418110756002018
29779640	0.000810978234926358
29780221	0.000621601275435392
29782790	0.0218052954693424
29784641	0.000801281487327643
29785030	0.000994285215918685
29785980	0.000958968151484874
29786260	0.0125084047492365
29786691	0.0533634286195833
29787630	0.0005944345756642
29787941	0.000491848924985601
29788440	0.0015093821849399
29788730	0.00179405244561596
29788921	0.00730162210337437
29789960	0.00492732330787445
29792361	0.000936875562608255
29793010	0.000735701200733415
29796600	0.000682340404817518
29798380	0.00165573634305683
29799811	0.0055503961059259
29800631	0.0185437363431949
29801061	0.000881607273827894
29801280	0.000662604717333635
29804081	0.000503705958147428
29804460	0.00143267926117718
29805611	0.00950957018542034
29806981	0.000720814542864947
29807821	0.000562130241218286
29809191	0.00132447573096042
29810790	0.000669684724542242
29810820	0.0119482253343405
29810950	0.00116875688330155
29811470	0.000544178402148999
29812631	0.000502089796224845
29814100	0.00324369667233915
29814660	0.00347726495563343
29815401	0.00158377790606331
29817570	0.00278231180615201
29819910	0.000879901093078292
29820460	0.00195165078698506
29821881	0.000476283627637856
29822780	0.000867529692879662
29825260	0.00225695097644244
29825560	0.0175069412384382
29825871	0.000886263510350661
29827220	0.0298260595795108
29828570	0.000510894665544234
29828750	0.000826811240574304
29829000	0.00566709765285933
29829400	0.00906476427603727
29831330	0.00131394678546778
29832160	0.00677769639251275
29833550	0.000730102958927593
29836091	0.00186990965040002
29836300	0.00683949621010123
29837601	0.000952114550926266
29839941	0.00374707655203486
29841861	0.000519853210061375
29844040	0.0008765072068203
29846090	0.614825927102075
29847381	0.000623048097447909
29850411	0.00201259843166948
29851220	0.000551778595727766
29852330	0.000499370514372901
29853420	0.146919396422764
29854360	0.000663102084995013
29854910	0.0012700236335281
29855600	0.000498810423875669
29855900	0.000538299445403907
29857041	0.00173591292775244
29857530	0.000528894084762522
29857840	0.00135876894907576
29858260	0.00153166826236268
29860030	0.000600597995434235
29860160	0.000515102614527228
29860720	0.00164814610614178
29860990	0.0045129424595362
29861270	0.0021222672515041
29862530	0.000509983055250591
29862561	0.000531025894025842
29863340	0.00158476498550733
29863600	0.00580531290737391
29864351	0.00244604024725837
29864891	0.0177716292227084
29865150	0.00706867699288422
29865191	0.000842564145021218
29865991	0.0019191504280993
29867791	0.0118991334611773
29868010	0.000569523011054395
29872361	0.000811889763475306
29873181	0.0331698707284625
29873991	0.00811214326630693
29875661	0.00054011898771149
29876361	0.000561721212441347
29879070	0.000601199191154869
29879750	0.00169508282482739
29880860	0.000611997801837749
29883511	0.00274321269953142
29884320	0.00139442679856049
29884850	0.00085331194499445
29884880	0.00131970463240067
29886230	0.000743128019898774
29888850	0.000688143070056055
29889181	0.000591053371096733
29889861	0.000898070002568749
29889970	0.00206945626929454
29890151	0.0260634748979654
29893020	0.209081316398613
29893601	0.000539565204554466
29895651	0.00822339062674567
29897041	0.00392477385066736
29898360	0.00397507473449377
29899760	0.000595770659361716
29900061	0.000533952219718466
29901591	0.00049938142958429
29901861	0.000810393536065127
29902090	0.00183814248271701
29902380	0.00111482503726846
29903910	0.00154764325103098
29904440	0.000747115707101491
29906281	0.000763607647229124
29906691	0.00370841890107667
29910110	0.000599389144024274
29910650	0.000576405750866759
29911070	0.00109468617519789
29911371	0.00299549801637262
29913250	0.000480405817886749
29914141	0.000510703941902249
29915190	0.00297637398524564
29916440	0.0019117918023467
29917051	0.000944711298586861
29917820	0.000773105708987884
29919641	0.00352448848275088
29920730	0.00377573409835718
29921540	0.000603350700760389
29921571	0.00239100603129394
29921861	0.0229567248938904
29921980	0.00123368028038533
29923870	0.000521243132185107
29923910	0.00608280489126233
29927330	0.00182790875210127
29930261	0.00136122636773121
29932491	0.0014297918410117
29933410	0.00192628965516547
29935630	0.00105985916224775
29937290	0.0132515277702911
29937700	0.00100048800634991
29938360	0.000589866755568879
29938411	0.000992613400910647
29941321	0.00177365385145131
29942780	0.000493406094016265
29944850	0.000739019669637488
29945140	0.000551674763557355
29945400	0.000506922140322706
29947511	0.00243060940274084
29948560	0.000554357976783584
29948761	0.000511974414680551
29948830	0.000543896912232303
29948850	0.00334191432071661
29949010	0.000643671153893004
29950790	0.000708603645256224
29951050	0.000625067483979769
29953431	0.00192459057591702
29953530	0.000654517957455341
29953721	0.000568428744803119
29954121	0.00630224580633004
29954530	0.000751386497154662
29954971	0.000577281699192302
29957410	0.00346011872204104
29958640	0.00146217571431711
29958760	0.000686619944443666
29962350	0.000507443144535091
29963801	0.00115609294781494
29966660	0.00179900103493236
29967091	0.00191252485678355
29967231	0.000539357963015702
29967310	0.000608844798344515
29967750	0.00821614404755636
29969540	0.000555595019531896
29969800	0.000627245154281529
29971190	0.0017341750322954
29972150	0.000742211779996117
29974070	0.00250219055128281
29974401	0.000729074796816586
29974681	0.00118827281609073
29974760	0.000480233161610825
29975070	0.000686838712642332
29975661	0.00200373337845638
29977250	0.000628795493265077
29977270	0.0012309964102705
29977441	0.00065460412706628
29977721	0.000484018081204111
29979651	0.00115787390313235
29987221	0.0222683728708324
29987350	0.000746640727381357
29987641	0.000491090420726429
29988830	0.00065985100119567
29989721	0.00144016914428876
29991450	0.00228343587333885
29992710	0.000778731410705703
29993530	0.000550660559219678
29994821	0.00051571655331815
29995231	0.00156567272989692
29995361	0.00239918614438077
29996420	0.00379262844537315
29996461	0.00660877427669191
29997441	0.00141090815548026
29998110	0.000903107562813915
29998210	0.0106939182719053
29998500	0.00495049355332249
29998790	0.000545043437405838
30000461	0.00391237211214099
30001540	0.000617448655314402
30001550	0.000795916724671907
30001660	0.0250296499529515
30001800	0.00104139303569033
30002760	0.00059753378857279
30003911	0.000490915361514725
30004611	0.00257788589659417
30004901	0.0015099184747704
30006541	0.000930902185580011
30009390	0.0416204400988893
30010780	0.00340732201306569
30010900	0.000902849430849001
30011231	0.00182493343012606
30015310	0.000826487913099456
30015880	0.0075106931632575
30017680	0.00347910052687239
30018760	0.000512531703639989
30018930	0.00484849165774041
30020181	0.0178723383786136
30020990	0.000953364634275524
30021520	0.000730396880550826
30021830	0.000879361357767093
30021841	0.000700430500242333
30023590	0.0135714627250809
30024590	0.000478198002665501
30027600	0.000801960779463139
30029981	0.00434300139660287
30031880	0.00102238189954686
30032690	0.000679134137739351
30032980	0.00051885698335872
30035200	0.00515923717036597
30036150	0.000498949802735722
30036160	0.00113554217430924
30036170	0.000492473083314907
30036820	0.00144967557755927
30037660	0.000541052098164709
30038661	0.00808871181902966
30039210	0.000602742123003128
30040471	0.000567423952861409
30042340	0.000542311824797671
30043091	0.00073507054206251
30043610	0.000653850961265694
30043641	0.00359832259834657
30044601	0.000542413890447718
30044741	0.000985146968762156
30045270	0.00279633221115132
30045431	0.00523207759205372
30046220	0.00370917860135098
30046691	0.0434687760912645
30046780	0.000493379639655228
30047440	0.00288988190493912
30049120	0.00110324375120174
30050210	0.00371521596671775
30050541	0.000739966451985765
30053571	0.000639287775711876
30054630	0.000601442704753003
30055101	0.0005114332253585
30057441	0.00254802195767304
30058240	0.00946960806796181
30059371	0.000615664895233076
30060160	0.000572718589114487
30060850	0.00208309739218349
30064410	0.00138013969059188
30065410	0.000657569701082745
30066770	0.418660954721432
30069670	0.00231840565892737
30070961	0.000644816418098668
30071620	0.00159879006250229
30073141	0.00221914185194245
30074650	0.0115139790336917
30076181	0.00215638555410286
30076321	0.000619807728509807
30077971	0.000875121148243032
30079870	0.00062078083689788
30081161	0.000541297981335123
30081640	0.000537182548551913
30082080	0.0412386579336297
30083480	0.000944891476770598
30083491	0.00570220231886824
30083850	0.0123934343230489
30085441	0.0100165084268784
30087870	0.000641549956232569
30090360	0.000572828562270093
30090470	0.00329356037791229
30091361	0.00114581609683175
30092270	0.0021867326941061
30092280	0.000558220827963997
30092331	0.0660168820300783
30093291	0.0127775329510349
30093390	0.00188958726598796
30094630	0.00231503677955772
30094770	0.00206121754740805
30095020	0.000491208159420222
30095710	0.000674124269533571
30096550	0.00075269297896671
30097500	0.000491771902845167
30097520	0.000654795466932912
30098780	0.00372266833355195
30098931	0.000526388314698888
30099020	0.00451283970892494
30100201	0.000741515974627522
30100471	0.000487986533610989
30100570	0.000495850715419135
30101291	0.00880546208423957
30101431	0.000602027269336605
30101920	0.0112761708676445
30101930	0.00166918100191681
30104030	0.000478077880288312
30104830	0.00379761529196218
30107071	0.000759436757363027
30107710	0.000676306378734716
30108410	0.00625539238038879
30109971	0.00414668813686841
30112601	0.00410676343274302
30113380	0.0230108676791321
30114220	0.00382615330118577
30116550	0.00131796463461837
30119430	0.00713766827747109
30120041	0.0213829689477071
30121691	0.0200870821925161
30123440	0.00114144504839938
30125400	0.000517487446747478
30128591	0.000726034977148431
30129120	0.000604094413179634
30129240	0.00226832336074752
30130101	0.000587249858191218
30133141	0.00220446677096115
30134370	0.000549603357396646
30135901	0.0113379459956876
30136290	0.00820299443606303
30137810	0.00060524312740382
30138780	0.0442616417871297
30139720	0.00054485023523086
30140031	0.000763784296228544
30140741	0.00291117619582919
30141281	0.00214340615366551
30142480	0.00504196716961676
30143361	0.00077704621077522
30145930	0.00460133358518471
30146760	0.00124810126350624
30147330	0.00100933470179022
30148420	0.0176692666655588
30150261	0.00122324585529688
30150500	0.00128179384294594
30152850	0.000715590361715143
30154360	0.00173239940735744
30157431	0.00205130627049958
30157500	0.000548121015022898
30157540	0.000897916353756492
30160290	0.0017966485547628
30161411	0.00212427750685028
30161520	0.0034582392852402
30161790	0.000559952540855797
30162811	0.0149638665036721
30164731	0.000597812458723181
30167050	0.00419522986442388
30167460	0.00173151231864844
30169571	0.0230351340105767
30169981	0.00074878135635707
30172741	0.000490837928882203
30172940	0.00289681809137006
30173510	0.000693083940625484
30175201	0.000578005396784235
30175290	0.00130840188555124
30176861	0.000509075085314546
30178340	0.000598081075512702
30179290	0.000751461638843893
30180840	0.0370327506833332
30182371	0.000841699692062388
30182870	0.00612219035616202
30184120	0.0102597910056365
30184970	0.00388534997488575
30185401	0.000498760965044716
30186231	0.00126117576248025
30187150	0.000528624961351561
30187221	0.000759961187280772
30187590	0.000862769969390838
30187980	0.00196473204784796
30188270	0.0061042754959715
30188670	0.00118067473221519
30188721	0.000539185382831751
30188731	0.000919297809984836
30189281	0.000565607554678991
30189691	0.000563348863804978
30189800	0.000695917109514341
30190210	0.000604595919974985
30190391	0.0017657676729068
30190460	0.00071639427841836
30190490	0.0204684986448943
30191310	0.000591325221316797
30192171	0.00148324890883991
30193151	0.000614400034840226
30195071	0.000504052017022885
30195471	0.000566469676823351
30195580	0.00217938764155399
30196591	0.000957826766996728
30197131	0.00390650785796979
30197260	0.00192290388235039
30197360	0.00102231449582474
30198231	0.0243524291914365
30199891	0.0210247939142257
30200461	0.000624861630166224
30200670	0.00892475129214627
30200830	0.00255529102663264
30201510	0.000678701695483584
30202060	0.00108942962092756
30202080	0.000968481135748025
30202880	0.000687241819470128
30203911	0.000488034902030908
30206101	0.000848061758382455
30206200	0.000626630385447171
30206381	0.00342515553914282
30206610	0.00153104651398147
30208010	0.000668994212547993
30208400	0.00132324366216594
30210060	0.0213925336111757
30212410	0.000535569939032521
30213370	0.00389144840001931
30213841	0.00145000402211658
30214661	0.00063256024223047
30214671	0.000505439526445473
30215040	0.000757908168211251
30215081	0.000513493442326188
30215341	0.000693640494499661
30216280	0.00242345983196588
30216290	0.00396105949599832
30217380	0.00364351963339884
30218060	0.00737488802508292
30219030	0.0058899711354921
30219420	0.00553843836348601
30220181	0.00058886493733664
30222091	0.00100803580890778
30222330	0.00159867502609293
30223970	0.00106793811684104
30224000	0.00601530928344253
30224660	0.0388856287647414
30225131	0.000871581858037083
30227160	0.00117041014461422
30227221	0.00132948106852519
30227440	0.00165220390024142
30228540	0.00183280714904294
30231341	0.00252347042405189
30231881	0.00530635427242149
30232161	0.000588761898664365
30232991	0.000600091006756367
30233141	0.000942945092051919
30235580	0.000602964199505772
30236161	0.00146573273857416
30236591	0.00282177662676828
30236700	0.00334823742411406
30236950	0.00166527477450559
30237650	0.000993736890661454
30239710	0.00178453079343792
30240000	0.0016322982537823
30240420	0.000914239052252093
30240550	0.58199064117182
30240731	0.000907706325335487
30243710	0.00129850257445846
30244140	0.00123215557403471
30244861	0.000515509608542519
30246210	0.0355833133310357
30246770	0.00406329885611885
30249650	0.00227557094183436
30250231	0.00224930322496926
30250740	0.000685004935459708
30251300	0.000555305096159035
30252930	0.000790261686499664
30253811	0.00214731484394546
30258320	0.0011516956815663
30259000	0.0242669020426575
30259201	0.00184772274224082
30259590	0.00269685134079998
30262610	0.00174502878536465
30262730	0.00573612858882139
30265121	0.000474383931879683
30265640	0.000713812659508056
30265920	0.00760272242870578
30266310	0.000585192625844779
30266340	0.000593235098598991
30266610	0.000531911049492305
30268820	0.000775765159372365
30269110	0.0211185619445035
30270101	0.0264801008799384
30270791	0.00235305707129588
30271481	0.0200448740873302
30272711	0.000508578384519696
30274111	0.000579536511923052
30274641	0.000520538511938616
30276100	0.00218150358459829
30276250	0.000546470877304171
30278791	0.00144881683921511
30279751	0.000574654300773003
30280031	0.00108597870998861
30280291	0.00307670418231348
30280830	0.00064823114628276
30281391	0.00318720487307959
30283590	0.0070249974727719
30284270	0.0127856745300669
30285811	0.00147945220037014
30286180	0.00637422400180451
30286610	0.000606245363452757
30287020	0.00631914739372068
30287580	0.000672754514353888
30288410	0.00112453940378279
30288431	0.00106812360830054
30288530	0.327903010959466
30288731	0.0158567554252174
30289780	0.00100682854097484
30290641	0.000507820554738669
30290890	0.000646299800426751
30291280	0.000835746844610749
30292041	0.000940265392131234
30297261	0.00137531719100938
30297941	0.000559870831325151
30299290	0.00520202020011199
30299860	0.000570049030892229
30304250	0.000833891182450723
30305001	0.0075855832883499
30305230	0.0136974458530479
30306101	0.0033891603692454
30306880	0.0018942201308208
30307040	0.463312249393602
30307481	0.000627461474099168
30307621	0.00123133070627415
30308380	0.00350083088814073
30308930	0.00116647615548648
30308970	0.000665666369798843
30309650	0.000855239027488902
30311570	0.000607866516048095
30312291	0.000648216920062358
30313510	0.00983581269608949
30313520	0.000804111486293554
30314231	0.000552030660815786
30315331	0.000591882915394902
30315580	0.0253572337599226
30315621	0.00058377922592282
30316431	0.00221372988503871
30318440	0.000766453696162061
30319160	0.00371369699749603
30319341	0.00143986497884553
30320421	0.00118704991027926
30320790	0.011058490703465
30322791	0.00209241089115527
30324971	0.00129634340955321
30326081	0.00170898596686729
30326450	0.000727080983049465
30328011	0.00731956604184297
30328660	0.00209035273702235
30330860	0.00823359255451678
30332011	0.0683552863096066
30332161	0.000961627101926919
30333360	0.000482127018059957
30333691	0.000558571067478543
30333961	0.000683716749265021
30334180	0.00660914222562473
30335051	0.00146437562443623
30336930	0.0010554527380749
30337391	0.0168614638918904
30337630	0.00116850056230413
30338501	0.000477077404209635
30339680	0.00123685857840438
30339741	0.0046752352144442
30342791	0.000524972537506387
30342931	0.00193513103268949
30343300	0.000589621459162553
30344120	0.0095108056808611
30346491	0.00174868288541441
30346921	0.00213250326036817
30347010	0.000665860751667273
30347030	0.000551945907768493
30347560	0.0098210577082673
30347891	0.00331693864713406
30349961	0.000501629295866752
30353551	0.0026521407645878
30354071	0.00306137265060357
30354450	0.00327218342480749
30354911	0.00198191944466396
30355280	0.000995628044419183
30357821	0.00102609408733316
30359300	0.000505332785919933
30359560	0.00185065401824773
30359871	0.00680306404409855
30360141	0.00867864287350112
30361610	0.00221482217464098
30361770	0.004826511478888
30362740	0.000639167377350777
30363601	0.00874740239082129
30363830	0.000515912184821541
30364981	0.00052835897465722
30365131	0.0284905892045189
30367290	0.00202932307253493
30367970	0.00057500519123623
30368110	0.00815703133898622
30369920	0.000620366173755937
30370580	0.00351570522045264
30371410	0.000488004689431886
30372851	0.000640668533537258
30374450	0.000563854406126712
30375960	0.0108318390508606
30376120	0.000677031129382045
30376520	0.000858805094246004
30376701	0.00124607766496368
30378450	0.00111262314804088
30379420	0.000512002029177354
30379461	0.00126054340520528
30379990	0.000657455426208804
30380161	0.00250609370985625
30381111	0.00245464960803982
30381261	0.00142375300837451
30382040	0.000746989598964068
30382330	0.00397680990851021
30382570	0.0373504101743882
30383430	0.00069113915531468
30383720	0.000549844467396826
30384260	0.00243820875913141
30385541	0.00058321981486717
30385630	0.00341352882566202
30386911	0.000597284638980866
30387270	0.00270701264993641
30389910	0.00104348365907907
30389931	0.00403429592168126
30390501	0.00127378205036507
30391311	0.0408839402552215
30392410	0.000670507608864642
30392530	0.00368216006247707
30394020	0.0437339280375528
30396100	0.000914795047288218
30396421	0.00130242363487971
30397220	0.00631872374667042
30397470	0.000549847933929974
30399290	0.0284883640071842
30400640	0.110573903837421
30402351	0.000604176164191513
30402860	0.00508464814804734
30403311	0.000638044350028888
30404670	0.00095768807126861
30405610	0.00690260495915356
30406740	0.000505948462203533
30408831	0.00878734502245892
30408971	0.00311723820037235
30410371	0.00717775169870939
30410481	0.00296442250981011
30411120	0.00047847269457165
30411950	0.00154338555433261
30412021	0.00112734506850264
30412950	0.010698105722491
30413750	0.00232293341243238
30414621	0.00532799837773517
30415440	0.001843180870059
30416260	0.00444446571585698
30417241	0.00393626463100699
30418430	0.0176924491692514
30420011	0.00082050350133436
30420250	0.00186036657181058
30421521	0.00614829206789206
30422440	0.000905327478832592
30423331	0.00199484987253674
30423731	0.0136814706715561
30424971	0.000594615059815366
30427400	0.000798100949134325
30427530	0.000559240558828634
30427810	0.00106508208089227
30428380	0.015174104923751
30428660	0.0052021722532813
30428810	0.0142997771586383
30430621	0.00283379886405323
30433791	0.000563768848865357
30436090	0.00874909303154696
30436971	0.0904090031769144
30437470	0.000611809419109948
30439031	0.000538621534789963
30439331	0.000481286304263189
30439670	0.00072656317041302
30439690	0.00110271266251223
30439820	0.00525890126492964
30441801	0.00117931047235485
30442891	0.00726507453032957
30443031	0.000659144194932918
30443160	0.00071105941484465
30445340	0.000566111035347824
30446621	0.00617126510098307
30447670	0.000540242084249321
30448571	0.00138733655414512
30448961	0.0370540691232139
30449391	0.00220478149523933
30449610	0.0912265256000738
30450150	0.000714065823211273
30450710	0.00282075704422511
30450720	0.000510280747330085
30452691	0.000645610172049827
30454980	0.000992657744040436
30457811	0.00802225719637272
30458430	0.0254285201638043
30459390	0.00300309740403451
30459881	0.000613999822807018
30463020	0.0428020780939024
30464500	0.0469468675239192
30466440	0.00518787149113054
30468380	0.023223682745983
30469460	0.00267715882332113
30469931	0.00265623205254026
30471270	0.000978712470023446
30471881	0.000674081938629081
30476271	0.00057074139871705
30477060	0.0006199728142032
30477101	0.00156386620731564
30477210	0.00232352848144817
30477531	0.00130971220002632
30479260	0.00128514485580731
30480001	0.00253977785044709
30480141	0.00050761963763018
30480981	0.00153386178645614
30481101	0.00247762811588411
30481880	0.00123552385790938
30482740	0.000560707051288459
30483400	0.00833701580840509
30483830	0.00304738860574013
30483991	0.000592543297385407
30486420	0.00158175981775041
30486460	0.000678319204167655
30486771	0.00393831329474496
30487010	0.000635560089784743
30487721	0.00335529698535823
30488080	0.00451054634589519
30488271	0.00276545309550137
30489350	0.0190022802426694
30489630	0.00162830421003465
30492500	0.0814916939545007
30493740	0.000486940230377237
30494440	0.000609920101276443
30494751	0.00107049940504061
30495851	0.00635884048071746
30496681	0.000513156059612066
30498980	0.000596551092583757
30499731	0.00119461485581668
30500841	0.000677741572236573
30501070	0.0336529254648272
30501220	0.216669182783543
30502180	0.000528071235018736
30506600	0.474322440084211
30507591	0.000468052176611443
30507690	0.000889855045151873
30510081	0.000641216548001279
30514221	0.00103151879654277
30514901	0.0245854666060349
30515010	0.0016007333694213
30516910	0.0034516882350852
30517050	0.0019234043412974
30518040	0.000487123724923969
30518970	0.000744531673258434
30520411	0.000488670040157668
30526030	0.00279209488278883
30528001	0.00106552496642916
30532281	0.000611204977740174
30532821	0.000612574144477181
30534690	0.000884820773923841
30535270	0.00269247582373058
30538430	0.00234079227321104
30540551	0.00315867955095297
30540790	0.000562741404517423
30546310	0.00360777384318193
30546970	0.00974346764178004
30548510	0.00184913859195005
30552691	0.00526241283965797
30556100	0.000737420833310639
30556930	0.00272610592249003
30558351	0.0110600481418127
30558560	0.000657462296871096
30561381	0.00136294106109495
30561661	0.00802938165187496
30562430	0.00295149993347495
30563181	0.00125115738947664
30564920	0.00920302430241408
30566280	0.00304587403510223
30566690	0.00255392126462907
30567171	0.00084515121340024
30572110	0.000549307143271239
30573101	0.000766525823864714
30575830	0.000865160276749192
30577350	0.0103148804972534
30577730	0.00266140406544468
30578061	0.00204998633127636
30578741	0.000834108502958541
30579591	0.00149820433432102
30579701	0.000675666478689467
30582331	0.000640525558948858
30584831	0.0235329588837787
30585030	0.0178472127428851
30585210	0.00617845632094004
30589490	0.000615514890788958
30592900	0.000857882018677339
30594410	0.0126523724223366
30596220	0.00383191301479793
30596961	0.000680163141739982
30598621	0.000696760093174241
30602321	0.00921205278365015
30602881	0.0011661094356434
30606270	0.000605531076312155
30606871	0.00179359998250201
30606980	0.000576616391259728
30607520	0.000888246493553037
30608220	0.000748800796032929
30612121	0.002961162749645
30613070	0.000685235539928418
30613361	0.00386790041619825
30614840	0.000622908934829252
30615161	0.00625189591460981
30616760	0.00115307864865736
30616920	0.000598950072991306
30617040	0.000574092302892066
30617200	0.000526930279708217
30618051	0.012801176357154
30618181	0.000814760553647184
30618881	0.000744814069717613
30618960	0.0156721926648843
30620261	0.000841630761425666
30620650	0.000565670440466814
30623171	0.000599480574138088
30623410	0.000605762727313427
30623650	0.000507265111795942
30623981	0.00901157890685184
30623991	0.000663197639137454
30624401	0.0396647833234591
30624671	0.000560078371526587
30625170	0.0191912690589624
30626051	0.00053807840658325
30626420	0.0136868493457075
30628801	0.000886449135923846
30629211	0.0290059769884115
30629760	0.00676555099769021
30633730	0.00105328854402567
30634550	0.00283198680395582
30634860	0.000556816133172694
30634881	0.00204415172882737
30634891	0.00329704282080313
30635240	0.00278759266098407
30636220	0.00349996024204385
30636240	0.00224633956540779
30637190	0.000557216006820347
30638741	0.000645848328343041
30639270	0.00189918233999577
30639441	0.000962905104630276
30639680	0.00228606444506048
30639711	0.000587006143456577
30643171	0.313442664879447
30643550	0.00200601949189285
30644131	0.00128187565841525
30644480	0.000606315916096231
30645720	0.00271659753874322
30649990	0.0348924879893776
30651561	0.0894514479512049
30653160	0.00317624095559863
30654440	0.000643444125781046
30654611	0.000535133889400325
30655090	0.000640564689691501
30655831	0.00298028913041655
30656681	0.00320934951770802
30658400	0.00110631069348113
30658451	0.00414273636395094
30658550	0.000672215124149066
30659151	0.00314562777554482
30660890	0.000563923512281526
30662341	0.000906154532666211
30662540	0.00207660681813043
30664251	0.00131931646334055
30664780	0.0203286458168304
30665091	0.00261728166948391
30665580	0.451712279961177
30666331	0.000664880737225895
30666840	0.002661380921958
30668391	0.229697189565494
30668480	0.00197070976425727
30670150	0.00728616324897536
30670300	0.0119482137556008
30670331	0.00557495715958968
30670341	0.02200450931735
30670850	0.000601057630751433
30672100	0.000581031200851259
30672391	0.000606128822586419
30672750	0.00275044259078754
30673340	0.000593984131546081
30673501	0.000490251921098738
30674181	0.025078964661892
30676811	0.000736252971638931
30677631	0.000545993205157596
30678451	0.0163666509509771
30678820	0.000530021244267798
30679291	0.00217998456653418
30685340	0.487235426791748
30685450	0.000805183432745504
30685720	0.00173361315245157
30686000	0.00142826739676462
30686720	0.0108680538824848
30686840	0.000556347570895878
30687561	0.00137650782371257
30689740	0.000949278432270149
30689890	0.00756982781297332
30690140	0.0285853745214948
30691421	0.000546252726658562
30691981	0.000738595596976689
30694611	0.0204985910157386
30696740	0.00678271813723432
30697730	0.0028340968324642
30701361	0.000592903849165017
30701850	0.00297432248270115
30701911	0.000736911907552704
30703141	0.000609035680049081
30706861	0.00112573480726478
30709460	0.00173404129020417
30710690	0.000612140222784602
30713201	0.0684301952296576
30717211	0.0474970197583255
30718410	0.000628860387562341
30723110	0.000790315941660017
30723260	0.0076710759418397
30724101	0.000536852960635723
30725071	0.00159673612032227
30725580	0.000478001177553634
30726591	0.00320299349744869
30728651	0.00276068736704283
30730570	0.000586600740691633
30734700	0.00149490679066246
30739981	0.0301259298496909
30741341	0.000725613573161537
30748521	0.00732680710663436
30748671	0.0231586460943704
30753180	0.00106677460461488
30754570	0.00914571373197911
30757440	0.0044832445221081
30758570	0.00502887711768972
30761150	0.108461011178315
30761880	0.00152032086397825
30763001	0.00153036059527854
30766161	0.000556771459613468
30770280	0.00573385601659009
30772241	0.000577207571461621
30776050	0.00112548245480199
30776180	0.00055950505880971
30777190	0.00455145066777634
30777600	0.0116755741574924
30781990	0.00188839689382208
30782250	0.00849782708127331
30782570	0.000827912928779412
30782690	0.0023530333264974
30782731	0.0137148075265858
30788340	0.00199955531090562
30788641	0.000840229217652833
30789631	0.000503886150911287
30790031	0.000548441882387647
30790851	0.00934136472929446
30792180	0.000533913288180335
30794700	0.000504555281718987
30796101	0.000628947678391938
30797560	0.000660706639990348
30798871	0.00060902738629886
30801560	0.00104042509111502
30801911	0.00215759162901255
30802161	0.000889542110468032
30804620	0.000758633794644876
30805331	0.00906574502758562
30805351	0.000697442503844327
30806041	0.00164875307155527
30806130	0.00101903974701476
30806800	0.000543130547787973
30806820	0.000626690531127484
30806840	0.00427263571469642
30808050	0.00141536637030674
30808620	0.00269147237820762
30810591	0.000641259667476394
30815370	0.00143476039816316
30818400	0.00282032412073352
30820590	0.00109110708224597
30820620	0.00206644532098207
30821420	0.00075685517001586
30821700	0.000703692220445847
30821990	0.000809112595434941
30822270	0.00579373832537559
30824460	0.0296623825364166
30826840	0.000694816417451872
30826851	0.000544928255323931
30828190	0.00367367369249207
30829570	0.00146970528741954
30829580	0.000639893518490154
30830181	0.0034462221525442
30830250	0.000641025563701781
30831011	0.0205292241048723
30834321	0.000551730657574863
30834560	0.00226113906350089
30835350	0.00113172510282379
30835900	0.00203650569005507
30837071	0.00132983308856215
30837300	0.000591285392139511
30841460	0.0141288030116726
30841840	0.000988592555732432
30842120	0.0141271018413949
30842530	0.000702106339299192
30842680	0.00228785360519771
30843261	0.000841031985597133
30843900	0.00244223264452153
30844371	0.0133572974825665
30844911	0.0017007440766282
30845290	0.00383671685153631
30845310	0.00581096218467956
30846530	0.00052904826593595
30847831	0.000728349009434642
30849341	0.00052526672351249
30850240	0.00301909120113558
30850540	0.000778645225882422
30850550	0.000493697909207129
30850940	0.0142523557019195
30853211	0.000526153953004742
30853710	0.0025320721272194
30855541	0.00749762724782471
30855561	0.0958911495732248
30857430	0.00147579071559161
30857461	0.000584560730712499
30857611	0.0144438259539698
30857730	0.0176619809805274
30858520	0.000664099035892785
30859110	0.00258323598154371
30859360	0.00270260512296462
30859391	0.00223083061222059
30859411	0.000855905365870555
30861201	0.000553408293190639
30861211	0.00638474292907644
30861850	0.00589787606399783
30862021	0.00115296899810832
30862810	0.00268994510608773
30863281	0.000915727123090814
30864661	0.00068714727116231
30865191	0.000745245220712781
30865280	0.0843892404321979
30866861	0.021277053613762
30867640	0.00415852425412953
30869590	0.000928975835248441
30871620	0.000664346223298098
30872750	0.000700556148668591
30874240	0.00770219465245047
30877010	0.000597998340430008
30878810	0.00753809886392594
30879240	0.00160729640491307
30880030	0.000610977938778901
30881611	0.000890427556817853
30881990	0.000538854931144144
30886540	0.00211171909058722
30888330	0.000765564551709094
30889960	0.000771116628931293
30892610	0.016334653492157
30892720	0.00283830732924251
30892931	0.00902092826551867
30893550	0.000774737058732226
30893901	0.000529388779768165
30894380	0.000566800541631961
30894540	0.00155956902573473
30897690	0.00185429556598301
30898530	0.000756552135087258
30898861	0.000545594901010634
30900221	0.00538018155080151
30901751	0.000633129076372084
30903001	0.00127239510977328
30903941	0.00107774098489556
30904030	0.0108721446865119
30905751	0.00150189237347403
30908610	0.000686259021379676
30908791	0.000533490924218895
30909700	0.0022912237306944
30909891	0.000517483341395622
30910550	0.00123630496838018
30912190	0.0941200467896964
30913440	0.0357895662683718
30920750	0.0037052936740875
30923391	0.0276589275113317
30925570	0.000700976694266698
30925720	0.00181621961224217
30929191	0.0371953094835055
30929430	0.000886553878947969
30931681	0.00177265922125147
30934950	0.192036256946522
30935131	0.000918892390251565
30938291	0.0017110550750372
30939521	0.000804321084405076
30940340	0.000973253866811887
30943090	0.00259291180330795
30943360	0.00216532279434443
30945751	0.011728730274432
30948101	0.00234020412242869
30948651	0.00144298720801412
30949820	0.000739310804765173
30954650	0.00166082508198106
30955090	0.000726700641062322
30955330	0.00485164160278821
30958240	0.00066059033444129
30958711	0.0135772296155823
30959381	0.000593182346879223
30959620	0.000925442197735198
30960180	0.277256995411828
30960300	0.00265672370611876
30960870	0.00562320442498755
30961010	0.000634577143175482
30962240	0.000758349519114686
30962680	0.000618078296124456
30963401	0.0120520064739363
30963811	0.00343975398940354
30964040	0.00125374025540966
30964050	0.00107735483889237
30965020	0.000614519290741372
30966431	0.000621775081059696
30966851	0.0028895023771778
30966930	0.00869458743261511
30967070	0.00279674374243694
30967251	0.00193344135711701
30969130	0.000614647823717537
30969290	0.00416647471756958
30971090	0.00137151390241517
30971210	0.00127072058319343
30972610	0.00088011387635036
30976351	0.000622599987447324
30977400	0.000594065178792564
30977420	0.00101837422305432
30977430	0.000670373675632136
30978130	0.00236858501869892
30978421	0.00060269637251806
30979500	0.0184381787921709
30982230	0.000779119765641537
30983330	0.00543510350593256
30983370	0.00203836671007181
30984040	0.000580266120325066
30984170	0.00140449214632647
30984890	0.00112679783947374
30985820	0.0519113335017473
30986130	0.00385829053180564
30987330	0.00762190713236948
30987770	0.0146167739878662
30988781	0.00470140712467245
30990021	0.0238803381771274
30990510	0.0018805297718001
30990540	0.00293582435755892
30991791	0.0244464960231066
30993061	0.00472756592149962
30995780	0.000707777709645789
30995791	0.00252514488413778
30996440	0.000680448711151497
30996590	0.00075194612816688
30997570	0.000595016548361461
30997591	0.000537735350874191
30997950	0.000950802367932685
30997990	0.000989922800245601
30998400	0.000589566196845198
30998500	0.00358231839324007
30999510	0.0120105405849898
31000361	0.00114837676980949
31000580	0.00278381321443197
31000860	0.00255229025183027
31001560	0.00738047071905608
31001850	0.00107992247126118
31001970	0.00230903963130024
31002301	0.000585664389717537
31002400	0.000478201672785426
31002551	0.00395095577553463
31002841	0.00302614324634832
31005400	0.000693058409461679
31007060	0.000699652633799838
31007210	0.000636126048956816
31007480	0.0202780342079603
31008641	0.00277766435142807
31009280	0.000959211729381364
31010011	0.000738363200639991
31010120	0.00512197456872668
31011391	0.000619195441340162
31011511	0.0855689694614667
31014161	0.00168027346789703
31014520	0.000488688197892151
31015381	0.00196495279472642
31015801	0.000980864306849262
31016860	0.00914442527299569
31017181	0.00745002229056721
31017191	0.000706354061551497
31018431	0.000718641734195942
31018940	0.00061614071481609
31019050	0.000577455251515868
31020610	0.0089192945712008
31020781	0.000804263209013482
31021461	0.000625961118316203
31022701	0.000567201872004011
31024071	0.00652108622144173
31024201	0.000592424590588458
31024221	0.000706163158799691
31024720	0.00216662928414422
31025120	0.000534315798233294
31026291	0.000731218762909786
31027080	0.00178690108143769
31027251	0.000540357037563299
31028160	0.000608774237563591
31028880	0.00075401168934616
31030421	0.000911255105039154
31032170	0.000651373865261359
31032720	0.000556848480415128
31032781	0.000503685283542123
31033010	0.00146350284807222
31033150	0.0314690186757122
31033840	0.000859285698410284
31035671	0.000949332917124396
31035801	0.00109065457901136
31036740	0.0466627590595378
31036911	0.00201095894093667
31037191	0.000753211168644214
31038520	0.0295133200316212
31038950	0.00061222319621442
31042540	0.0092398694804863
31042971	0.0325743549176079
31044840	0.000947800100415188
31046151	0.0349817472985187
31046630	0.00140103627070761
31048010	0.000728405456401775
31048160	0.000676264864364468
31048481	0.000802703432044395
31048600	0.00133927824695947
31049530	0.00309024081814082
31051090	0.000825334794007777
31051801	0.000521520882177052
31052330	0.0024046881697829
31054950	0.00061532590993451
31055910	0.00160040475236364
31059261	0.00325395934478441
31063060	0.00316933355617453
31063340	0.00095782090537413
31064351	0.00513950257083638
31065140	0.00655661214200106
31066670	0.000517085679269791
31067190	0.000530241455745724
31070230	0.00177725274044005
31070380	0.000528251531231954
31072290	0.00100160270755001
31072341	0.0185532281698802
31072440	0.00206210764365441
31072631	0.000661882920179434
31073530	0.000513786824078876
31074971	0.00252598250452354
31075521	0.00299860828499569
31075651	0.00112056646229226
31076491	0.0288530868757033
31077161	0.0057839117542475
31079330	0.00559617922279192
31079760	0.00266018110151759
31084361	0.000519535041429386
31084450	0.000599879607166423
31084990	0.000824812929574685
31088570	0.010487866725981
31088710	0.000705223484040042
31088870	0.00160191781513047
31090971	0.0294828816098513
31091921	0.000565562735626244
31092700	0.00115654280524192
31092751	0.00291031908695787
31094001	0.00303442135362718
31094250	0.000509094547055438
31094500	0.000513714387331482
31094831	0.000534219408988076
31094961	0.000607418213113619
31095651	0.000631228933829572
31096351	0.00361492463613415
31096901	0.00056191591037713
31100850	0.000561857377813701
31106790	0.00320277797230389
31107040	0.000662481824240614
31113851	0.00227952246401992
31120280	0.0207814855443449
31120580	0.00599432253855512
31123641	0.00155456036261153
31123781	0.0137471306929531
31124000	0.000783225761613163
31127791	0.00180571143781638
31128840	0.000590566602269455
31129280	0.00151294682013372
31132290	0.00944959556077976
31134541	0.00231350357829999
31144590	0.08348527475352
31144901	0.00117775262294524
31146220	0.0348000861651695
31147781	0.000683796558440977
31147931	0.00131599853427355
31148730	0.0876833324671748
31149451	0.00211448369193625
31150541	0.000973633051007461
31151610	0.445945718664872
31151860	0.00110859990186758
31154531	0.00130364109920456
31157670	0.0123450623372895
31159101	0.000626927462195929
31163771	0.000932107126765126
31164901	0.00752756844933444
31164980	0.0290342444434588
31166281	0.0200854908343424
31167180	0.00065793206488568
31168020	0.00188155546049824
31170391	0.00438376243613874
31170510	0.0120426831963883
31170541	0.000776118740497505
31170760	0.0144091265121916
31171450	0.000546352086486415
31172030	0.000558381041749051
31172871	0.000565429385497717
31173151	0.00169240838628472
31173240	0.059264371129248
31173270	0.000597135819592012
31173380	0.000520778955774391
31173690	0.0101981974002948
31175381	0.163001970085968
31176140	0.0023538948406675
31176280	0.00054987695901999
31178090	0.00486379366035755
31178551	0.000521706353689193
31180720	0.000535649412877544
31182200	0.000777934576108661
31182350	0.00204209629967931
31182790	0.0092081841309855
31183200	0.00493515232164634
31184030	0.0014140384859223
31185021	0.00245969332283387
31185161	0.00385292178279591
31185851	0.000538917557395465
31186510	0.00263534483077177
31186660	0.00105372096005903
31189581	0.000585071085041392
31191180	0.000899742190198383
31194750	0.00356444219358381
31195241	0.00359993351035753
31196020	0.000970240511312158
31197400	0.000607390464617194
31197441	0.000588957403503223
31197540	0.000563397810265305
31198391	0.000561137862969677
31198630	0.00183870576399314
31199060	0.00167852972993229
31200830	0.015003378056251
31202060	0.00268709021823671
31202090	0.00297455104699606
31203060	0.00210864402173399
31203371	0.000697678905736485
31207651	0.00623225108607042
31208871	0.00131126517803732
31209281	0.000639087366541738
31209690	0.00289433874742725
31210360	0.00241454794140754
31211600	0.000529223961599839
31211651	0.00061761354708223
31211901	0.0866380676677495
31212420	0.000943375849920859
31212871	0.00200898278776826
31214200	0.00193521627423427
31214910	0.00396691093254367
31215200	0.0126595094452192
31217861	0.00106977012127168
31218401	0.000743629866386411
31218770	0.000602641734586166
31219200	0.0005892839179171
31220191	0.000726397959193133
31221660	0.00124112184448754
31221991	0.000797063546764423
31224570	0.00344240284789346
31225031	0.000728474622208897
31225151	0.000750923290241742
31225161	0.00100136202912541
31227070	0.00125480431002445
31229021	0.00051688067211467
31229660	0.000678441857477839
31232990	0.000627201996408719
31233520	0.000541709705285094
31237780	0.000555983723918249
31238200	0.000495886464481341
31238210	0.000727084990592537
31238961	0.114716426903408
31239170	0.00116211260435862
31239761	0.000586947926557668
31239870	0.00474335507809871
31240400	0.019928103823828
31244020	0.00153142394066018
31244311	0.00448439007766148
31247231	0.00063886460435675
31251580	0.000522998691121522
31254111	0.00319445463042776
31255850	0.00275766118066
31256970	0.0756640416914453
31260540	0.00057440564443725
31260710	0.000494693173259761
31262330	0.00102319984891056
31263440	0.000722198320625286
31265230	0.000504716521537585
31266770	0.000623372262458464
31266791	0.00246525153788079
31267720	0.00386990315879706
31268400	0.00162731498792553
31268591	0.000681289593861451
31268980	0.0062489795194513
31269370	0.00100398797140903
31269800	0.000796749088998278
31270360	0.00205846050835415
31270391	0.0140647678328531
31270401	0.00202578110341365
31270931	0.00293549498436415
31271600	0.000538817186445209
31271641	0.0193060162604845
31272051	0.000559132079318671
31274521	0.000520073671483447
31275351	0.000697126572957303
31277021	0.000662048376831665
31277260	0.000545449495475291
31277660	0.000718688228322488
31277790	0.0024948381470839
31278541	0.000595720565844663
31278661	0.00102383098541992
31278760	0.00113480447067871
31279870	0.0023012255356613
31280580	0.000848732523950033
31283600	0.0060206629382111
31286251	0.00158360679483009
31286951	0.000574605244043811
31287081	0.00477625786137007
31287901	0.00321437437835186
31291290	0.00055510620217249
31293400	0.000551007229863328
31295610	0.00220302920962006
31301821	0.00917729131125209
31302610	0.00069693292565542
31302760	0.00409972870231448
31303310	0.000533862774996395
31306931	0.00189888537460845
31307020	0.00108070084639466
31307341	0.0734006731359264
31307921	0.00221026636730999
31308850	0.00684267821838569
31309380	0.00345169338927641
31309670	0.0012269788094776
31310801	0.00077801028561566
31310880	0.000528987240145879
31311631	0.0137934973053192
31315050	0.000797344567267089
31315600	0.00415062871937906
31317971	0.00362704886179165
31319470	0.00660600342943741
31319631	0.00255946435457211
31321380	0.00138719985817696
31321800	0.00139236667253012
31322801	0.00118643862933237
31328810	0.00221612001492638
31329981	0.000767943092188657
31330490	0.060340801601409
31331631	0.000666888462929561
31332270	0.000700265387796802
31335710	0.00432908678951328
31337001	0.00405737011018068
31340861	0.0462430797280521
31341380	0.0112340854968428
31342231	0.000683271497968562
31342801	0.00117083158501618
31343040	0.00453132497167259
31343160	0.00115247896705029
31343430	0.00442899778004681
31345151	0.00248909038875438
31346470	0.00105212273846253
31346780	0.0243251742467392
31349360	0.00828605674615814
31350661	0.000603452744407146
31352570	0.0089106033999426
31352741	0.00210577659509583
31352820	0.00368675528417668
31353390	0.00646926921569592
31354330	0.010130076487233
31356820	0.000498808384891853
31358220	0.00421072586616221
31358791	0.000736083849814179
31360161	0.0105974011182733
31360270	0.0060308330863772
31361510	0.000924994016764153
31365551	0.000666781113050128
31366091	0.00296743691261022
31366791	0.000844744065243368
31368980	0.00141886266836189
31369001	0.0465368949411308
31369910	0.000662697981023402
31369961	0.0031681895489348
31370050	0.00737997615279539
31371621	0.000479700807489444
31371860	0.00311812983073
31372530	0.000639181046592015
31372980	0.0137041960532291
31374231	0.00177820766253388
31374921	0.00060194826702663
31375621	0.000544417840634006
31376820	0.00049496505297859
31377981	0.00979559099312132
31378080	0.00187101435327392
31378870	0.0013331654435673
31379751	0.000510941131644282
31383460	0.0160336790664863
31384301	0.00106910734387259
31385541	0.191164271558348
31386490	0.00132145873774346
31387040	0.00332058222363002
31388571	0.0336708253739176
31390781	0.000580635513270836
31391970	0.00316148967202202
31392010	0.0506143591820794
31392731	0.00173976629553561
31394630	0.00170506065112623
31397971	0.000552667896508486
31400451	0.000508211270081383
31400830	0.00530442252369622
31401121	0.00100585043199545
31403081	0.000539481059981038
31403331	0.000488971555123717
31404940	0.00200311530179075
31405141	0.00512562667735034
31405800	0.00152389799487845
31407481	0.0016487432263865
31411870	0.000856884988819071
31412031	0.0074721165457506
31412441	0.000725073597272242
31412690	0.00209229742153973
31413281	0.00419734354870877
31413401	0.0021177254555416
31413811	0.0077409629311063
31414220	0.000500783215438569
31417561	0.00111238361967439
31417671	0.0223049966372931
31419061	0.00596034753162532
31419180	0.250063076950122
31420120	0.0122311379866351
31420130	0.00155773358809769
31420260	0.00262988569418349
31421691	0.000499193348488177
31426941	0.00109793605521654
31428680	0.000468724635388543
31428930	0.0191214197552262
31428991	0.0596886976417592
31430590	0.000520441896312903
31430870	0.00140117105201649
31432291	0.00183699077228431
31432841	0.000541590116318844
31433971	0.000659400927013982
31436041	0.0107032432946756
31437100	0.00393889649310625
31439040	0.00341593290366354
31440530	0.00222425991776215
31440711	0.000794305604272798
31441640	0.00330925125617239
31444041	0.000698134594505757
31444711	0.0013998731950531
31445380	0.00069311562337767
31446350	0.000496380098636437
31447201	0.000500133894281013
31447850	0.00192356513340769
31449940	0.00598428216373066
31450170	0.00224323374120484
31450200	0.0050510180089817
31450720	0.00377825391524403
31460311	0.00125756688266988
31460660	0.000682768432293305
31461831	0.00096115460986367
31469941	0.000859772956378618
31470170	0.00462454537633292
31471420	0.000559646515750258
31472410	0.000594333572631867
31473001	0.00134578962522896
31473780	0.0194144477150635
31475300	0.00199198492022199
31475461	0.00854656905077661
31477500	0.000603373421770816
31483820	0.000694958139849903
31485240	0.00610145446736863
31485360	0.00158535957363344
31487270	0.0210683073006431
31488161	0.00508975115260137
31488400	0.000772233727413024
31490460	0.0291326122721644
31491440	0.0108261361621366
31492151	0.00356855153505177
31493500	0.00365424482046179
31493790	0.000512622667659448
31496000	0.000936567752862875
31496930	0.000935102921516434
31498091	0.00123218770342445
31498241	0.000749730915160102
31502740	0.00232846594151529
31502901	0.00242510246232563
31503170	0.00064460621758651
31505380	0.0204331149871992
31508390	0.00898811949163516
31508581	0.00274220083109984
31512721	0.00151087425820619
31512790	0.000600483265031057
31513240	0.0044303243962602
31513500	0.0443626356075009
31513760	0.000506651817619549
31514580	0.074665827828824
31515041	0.0153678091798176
31515680	0.000551578328485367
31516011	0.00614187494942981
31517401	0.000692460418323695
31517480	0.000531352338459345
31517821	0.00539805393640605
31518101	0.00383218081152031
31520711	0.000545195307023633
31521470	0.00890586158484498
31521780	0.00778612907720253
31524581	0.0448455935844687
31524940	0.00203562043493593
31525070	0.000500546462062577
31525230	0.0020474069122535
31528520	0.00190794547647473
31530101	0.00128370662170627
31530231	0.000676022827396582
31532701	0.0429435376869886
31532991	0.00257090771719308
31533210	0.000566020504264558
31534791	0.000642128811642272
31536110	0.0274932269048454
31538480	0.000545714367306634
31540301	0.12509106789205
31540721	0.00147100872104225
31541350	0.0022441789161958
31541780	0.0018381352704632
31545510	0.0947287437340859
31545931	0.00557689197250546
31546060	0.00431094778620266
31546081	0.00369041730097666
31549350	0.000543020011014515
31549750	0.000501232621922385
31550160	0.000632623938443594
31553661	0.00134622999070038
31555570	0.000538335319265129
31556281	0.0954638019478506
31557780	0.00240639011836546
31559311	0.00284031887005451
31559331	0.000473277656981601
31560670	0.0060960455859024
31561890	0.00143681095478579
31562030	0.000801960420186417
31563191	0.000950284378275955
31565251	0.00280539606482218
31568161	0.00109056045840658
31568411	0.000808389062535682
31570200	0.130654690691481
31570491	0.00447972389220187
31570600	0.00149586717499656
31570890	0.000723063811361781
31571731	0.149474278461543
31573050	0.000551870504832403
31573210	0.000802096566363878
31575120	0.00108561760437738
31575130	0.000496539783023251
31576090	0.000536739367624463
31576230	0.00318517855775248
31577900	0.00182529448937232
31579540	0.00153889195876071
31581630	0.00520758607072744
31582030	0.00159533990389493
31583061	0.000703803929497886
31583820	0.000631923555129926
31584680	0.000974795951856011
31586310	0.000732794908637434
31594300	0.0239959934992895
31594501	0.000691538338063599
31594781	0.000504142448069833
31594860	0.00178990793855901
31594891	0.00257666367913501
31595331	0.000558525148797255
31595430	0.00445041016516425
31595741	0.00166600869007191
31596500	0.000799076447080095
31597080	0.00128728870024483
31598570	0.000663757074997449
31600961	0.0020044299953631
31601480	0.000627756414969107
31603140	0.00334814966115327
31604841	0.000660035037628128
31607290	0.0399956675027169
31607690	0.0031074041835434
31607850	0.000594757863676
31608271	0.0030866311804057
31608821	0.00193557953492758
31608940	0.000525565052794084
31608961	0.000764176525865007
31609531	0.00172813215575566
31610081	0.0419774514884264
31611591	0.000571464801592042
31612571	0.00840861709923966
31613060	0.00312554336581535
31613521	0.000565956577280586
31614300	0.00187409165156547
31614850	0.00404513783630404
31616650	0.00251448561133391
31619861	0.00100872505153109
31620551	0.00478847436252174
31625770	0.000519359915217668
31625780	0.000521807084543391
31627420	0.000691090108075464
31628021	0.000585732029179927
31628100	0.0112092125170483
31628360	0.00306226178044053
31629340	0.00242460470470972
31630010	0.117373312569981
31631160	0.000811259986094587
31631560	0.0202781659191836
31632421	0.000665025752417584
31632561	0.00144073866056017
31634211	0.000552108697178233
31636110	0.000536852167490659
31636500	0.000726973335847052
31636640	0.00228656958560079
31637231	0.030349337312027
31637910	0.00087845217434998
31638061	0.000698719477110794
31639400	0.0135603967844966
31639581	0.00063392902167466
31639700	0.00085799610105708
31642020	0.000466213978864593
31642501	0.000729431859771649
31642771	0.000573685217063572
31642901	0.000516162775139548
31643591	0.0107061170255243
31644421	0.000633714773067645
31645101	0.000616425460122399
31646771	0.000507302999174197
31648260	0.000621356443399925
31649640	0.00145953697019208
31654590	0.00752080560240228
31658430	0.000486863581264946
31659570	0.00176938515978459
31659700	0.00549519785988147
31659721	0.00574567233845897
31661630	0.00111110610446506
31661760	0.0297407260008043
31662300	0.00275151417530566
31662310	0.0271980403506525
31662600	0.000929390612652269
31664961	0.0365061874295411
31666560	0.00111003301652583
31667051	0.151453093982401
31667540	0.0072251632945472
31668131	0.00193661650797979
31669330	0.000536817335961762
31670081	0.000616463223147747
31670430	0.00122318495019972
31672250	0.000671932497412811
31672770	0.205650567865602
31672790	0.00544019935448475
31674710	0.000544416273504645
31674740	0.000992237918203064
31677480	0.018443228522064
31681320	0.000494959728085922
31682570	0.00218284264185461
31683461	0.00077355121166909
31684411	0.000780657071207509
31684811	0.000629797079105049
31686180	0.00191656156878364
31686201	0.00084681040513758
31686600	0.00181783926651552
31689350	0.000793130974715019
31689750	0.000516331793646226
31692701	0.00127054981536557
31692831	0.00383846340409004
31693391	0.00155050275575362
31694191	0.000566253692751734
31694730	0.0774534063200255
31694771	0.000562893790987057
31695820	0.184538709633277
31695830	0.0030240160649847
31695960	0.00149090971301036
31696920	0.0274207319607062
31698191	0.000861670375607049
31699711	0.000572512599368204
31700411	0.0867115127920493
31706300	0.0533637351378137
31706761	0.000529400027668504
31707181	0.00188659568917822
31707451	0.00051621887441938
31708360	0.000481497045142715
31708421	0.00911449622337489
31708660	0.000588586767528301
31711171	0.000618786550732198
31712240	0.000564511575224951
31712500	0.00301865237035589
31713340	0.0514427439021935
31715981	0.000544390649697072
31717590	0.000533411656349867
31718280	0.00589046977609608
31720281	0.00383825833200547
31720640	0.00086041981178435
31721111	0.000524624227255235
31722040	0.00480819465492096
31722881	0.00462953701414835
31724520	0.00135976510862133
31725050	0.0144330474218856
31726860	0.000606134502376762
31728141	0.0171661429242135
31729200	0.00141181969741315
31730440	0.000814209648213433
31730611	0.00112999244743308
31732070	0.00469084525931309
31732220	0.000512147320414163
31732370	0.00147549814807724
31733310	0.000510140333400757
31733490	0.0019194945354291
31734000	0.000500244266885746
31734420	0.000622857042679395
31735670	0.0105329256522223
31736230	0.0010924426173455
31737320	0.00213286717515041
31737600	0.00194638591355503
31738000	0.00050506977377017
31738980	0.000497048498950776
31739451	0.0017505336254556
31739690	0.000630901166897865
31740940	0.00243164803641085
31741381	0.0044279514537782
31742840	0.000650302763938492
31743011	0.000521008746924234
31744480	0.000482360427103785
31744520	0.000537786078192237
31745180	0.00818077372360309
31745661	0.00077340740732276
31746000	0.000758953530073626
31746341	0.00646129530604829
31749241	0.00295223361103461
31750550	0.00321145537085695
31752080	0.00216760714549913
31752090	0.00100334243362995
31753911	0.000748254544660368
31754901	0.000706086050057568
31755581	0.00108425229168011
31756800	0.000496926822276937
31756821	0.00198895252898324
31756831	0.000752572720645715
31758720	0.021670547368293
31759960	0.00103620180423347
31760760	0.000546688200545276
31760770	0.00140774257245414
31762010	0.00167805680187215
31764380	0.00127601551468339
31764500	0.0219194738713506
31764691	0.00170936713335463
31766020	0.00126642469888794
31766051	0.00151819324326645
31767390	0.0112771659283276
31768941	0.000889196919183913
31768951	0.000746555573519173
31769241	0.00296900709157707
31771421	0.0108708511499969
31780121	0.00049155257648163
31781091	0.00146647475173844
31781921	0.336684583675099
31782041	0.00048749856367007
31783260	0.00289731173286859
31783441	0.00237343033369595
31785361	0.000657219920224954
31785610	0.00290154318364057
31787110	0.00208779699336187
31787240	0.00241703134836107
31789170	0.000994478093462257
31790440	0.00922259643568643
31791130	0.000587381621501117
31791721	0.000793026821351774
31792750	0.0132958232972347
31795530	0.0405060209590829
31796370	0.00114546264607929
31797361	0.0260017284675043
31799690	0.0074977683836026
31803151	0.000584613194855845
31803380	0.00124319935979279
31804370	0.000746299679590712
31806420	0.0120124885374108
31807790	0.00149774443006774
31808910	0.000553011274817541
31809190	0.000516124791811806
31811230	0.00145222615718026
31811650	0.000579876548126883
31812821	0.000768001843287667
31812910	0.00732173640915002
31813310	0.00171652949308939
31813590	0.000534833779774378
31813641	0.00678955918996856
31815110	0.000539516493168114
31816340	0.305355355492652
31816661	0.00167409731576194
31816681	0.00112609603052404
31817791	0.00243079791735874
31819650	0.000645561569200824
31820770	0.000539527342321615
31822020	0.000578072547823538
31822440	0.00457389750937031
31822680	0.00231005839122766
31822881	0.159529826475131
31823510	0.000553416523413392
31824640	0.00283579060995529
31825071	0.00416908757423764
31825600	0.00950200198678826
31827031	0.000480818879047796
31827691	0.0622129053863673
31828941	0.00135252418911809
31829501	0.000557248789750752
31830550	0.00689553610668168
31831810	0.00551144187520478
31832650	0.000661060762108484
31833211	0.00387940668427608
31833440	0.00320099683199033
31835031	0.000546265422314619
31836900	0.000668164159293148
31837631	0.0007505288275947
31839110	0.00622438535115768
31839151	0.0024200182107265
31841221	0.000576453420059985
31842751	0.000588099142530115
31845570	0.000690290724263716
31845860	0.00825330242200351
31846051	0.00267830055494143
31846840	0.00143019386304369
31847021	0.0272315102718209
31848490	0.00221941592715067
31849440	0.02149885674081
31850030	0.00316873300472258
31851230	0.00707849792447611
31853880	0.00058843955337107
31855100	0.00757928018428801
31855981	0.00049547141443287
31857720	0.00054904287937957
31858990	0.00635573771075643
31859161	0.00174326386302252
31859380	0.000555741281784689
31859991	0.00194650996925816
31863281	0.00067041491335547
31865460	0.0457061723352085
31866181	0.00130497701847629
31866570	0.000642782247081483
31866960	0.00317137185523278
31867421	0.00346260584275516
31868111	0.000554647671123629
31870420	0.00108517572763536
31870471	0.000566801557551054
31870871	0.00119587275300834
31873911	0.000511730239038354
31874311	0.0050282071685908
31874710	0.0026778944474996
31878591	0.000599062241356844
31879011	0.00101915839701629
31879971	0.00186574266053309
31882051	0.0124850064565817
31882591	0.018397448742841
31882861	0.00179313592624115
31882881	0.001136286204311
31883800	0.000496621790808302
31883841	0.0021302450611108
31884060	0.00369552096389013
31884080	0.000811534343738588
31887670	0.000503124086995597
31888330	0.00240181267013154
31888600	0.000590525412524919
31888671	0.000578089114387856
31888780	0.000962789652894683
31889221	0.00227620817365785
31891650	0.000504451383799486
31895930	0.000582195215171406
31896521	0.00277346016353314
31896531	0.00103535869687099
31899930	0.0050885235675304
31900521	0.00402264102537308
31903100	0.0260576201013089
31906400	0.00133935795962456
31910741	0.0026218044957554
31910850	0.00319005551824768
31911370	0.00158077813425069
31914670	0.00200460329337907
31914810	0.00166212536953088
31917870	0.00167499733014832
31919120	0.0287808307313367
31919540	0.000658737944548636
31922280	0.000482779745491172
31922670	0.070299746778965
31923551	0.00404201034594333
31927271	0.00128130828272339
31934410	0.000656913812898738
31934530	0.000563660130037213
31936121	0.00283592122146927
31936610	0.0386095851544316
31936661	0.000839319378816498
31936760	0.00245647661584732
31945420	0.00573124183647778
31946290	0.00367011533741662
31947841	0.00847042563200568
31948791	0.00126967853317127
31952330	0.0019904006828033
31954041	0.00382438252935937
31954840	0.000582635665270606
31957631	0.000635713861777255
31957980	0.0340899491274494
31958171	0.0170432055564513
31960760	0.0246238190748416
31961611	0.000806532700716004
31961740	0.00466235588039979
31961870	0.00856125600248322
31963380	0.000581347514088536
31965580	0.00375416140290204
31967390	0.00437706113297631
31968200	0.000593126128775444
31970110	0.000570533560599319
31970270	0.00364073401761218
31972941	0.000655507559472147
31973730	0.000512944602938629
31975421	0.00209195255865713
31977071	0.00103270080137109
31977201	0.00703793908974366
31978690	0.000482400019374691
31982520	0.00333804036936278
31983910	0.000659799356968871
31985331	0.0150989375754501
31985700	0.00393296618682399
31985741	0.00509595648963317
31986810	0.00114274949602718
31989980	0.000900869682846554
31990441	0.000812229392305793
31992231	0.0013441087020658
31994171	0.000725733792490377
31995520	0.000604490331298492
31997730	0.0255834771014346
31999490	0.00252495949886144
31999541	0.00849993992555888
32001341	0.0010290903311519
32005590	0.000654868121832588
32010940	0.000510548977915376
32011401	0.000870330807955961
32015141	0.00175392500492658
32015541	0.000695458495012588
32016111	0.0115367077220844
32028730	0.139423197492923
32033191	0.00234010395185896
32033840	0.0264074199045315
32039790	0.00526136050400877
32040070	0.00173809304399691
32045020	0.00172798057843883
32047380	0.00227904201837721
32049150	0.000563893203274905
32049351	0.0675001629956071
32049901	0.00172308329405847
32050000	0.0700681902805034
32053881	0.000594588101631081
32055920	0.00136111122469732
32056750	0.0125123099932859
32058400	0.000735439253447265
32060340	0.00119043235471135
32061891	0.00053916285325934
32062540	0.00186102861889484
32064170	0.00162338207585361
32065461	0.000771340880008653
32070011	0.000540153373583881
32070800	0.000567890415272988
32071370	0.000668289594768883
32072580	0.0010318670178121
32072720	0.0241277915466726
32073061	0.000484451154011948
32073751	0.00166093459922999
32074660	0.000730264493040723
32075941	0.0005611782242977
32078530	0.00151221564509204
32078851	0.268825510990274
32080340	0.000506042236132971
32082270	0.000777978236586323
32083060	0.00481798675488785
32084081	0.000523604800359012
32085331	0.000807811822718928
32086940	0.00161908185856584
32087890	0.00198085310228679
32088060	0.000522312676638346
32088491	0.00745916624408788
32088791	0.00270394567733185
32091510	0.000629884899106863
32091821	0.00134766397418059
32092070	0.000541577567381933
32093461	0.00077558310261535
32094151	0.00163900316110546
32094161	0.000582207885680583
32095340	0.000487497189815601
32095391	0.000668783985672648
32095801	0.00875811369526775
32096101	0.000698652301513892
32096340	0.00297035464504843
32096501	0.0587234147827988
32096870	0.00052786435028325
32097680	0.000537211985424973
32097891	0.00123539717876497
32101410	0.114337924496259
32102861	0.000676719811876669
32103411	0.00068334977497599
32105341	0.0201150234046568
32107080	0.00174315656577497
32109051	0.000541837855097061
32109970	0.000576889415534694
32112460	0.0036207345777715
32112590	0.00582358457618869
32112720	0.00222236114054044
32113280	0.000566809027054579
32115770	0.00554165214337111
32115951	0.000560946896296045
32116330	0.000509197531896668
32116870	0.000961122990384842
32117041	0.00305113514695593
32118110	0.00121737278089965
32118141	0.000882832900433133
32119090	0.00109056289065398
32122120	0.00382148026830474
32122520	0.000834436832524793
32127080	0.00517145733044203
32127220	0.00221883789355428
32128610	0.000520723395024252
32130431	0.000567088110846691
32130820	0.000562119914165727
32131480	0.000487666095235927
32132610	0.0161057090522855
32136450	0.00070739832550963
32136600	0.00370247197022928
32136880	0.000667805191922316
32137871	0.000838084923688146
32137960	0.00605576286892249
32139340	0.00181886554980241
32139391	0.000696118705388574
32140921	0.00682993358671572
32141471	0.00274682253118357
32141980	0.000595605482804252
32142400	0.00149324301125449
32142930	0.000649251997459892
32143791	0.000921183133407253
32145990	0.00237030299326885
32146831	0.00344106616269798
32149030	0.00298855494070914
32150510	0.00225991554314304
32152730	0.00437485482555548
32153321	0.122304287159325
32153741	0.000491656133072544
32157130	0.0042025776069766
32157140	0.000515075917201337
32157171	0.000529040329741343
32157840	0.000633315933884109
32157850	0.000547027110459867
32158800	0.00115078787863673
32159131	0.000526371042303873
32159210	0.000859201850378961
32159661	0.000703405241008624
32160231	0.000701237020753425
32161150	0.000514421126645906
32161160	0.000626737589885838
32161840	0.0015058332466616
32162090	0.000620216397679509
32162930	0.00254432431167164
32163101	0.00427637212193714
32164071	0.342991513986979
32164631	0.00105931311949545
32164870	0.000991900767238882
32165700	0.00369737626139038
32165741	0.00247476595030463
32165990	0.000612560468798174
32168631	0.000569534072364637
32169410	0.0032405400523245
32170650	0.00125100939687281
32170930	0.0404166395661856
32174680	0.00160693195045366
32175050	0.0189871958548278
32176040	0.000497520217094723
32177160	0.00176147150478466
32177731	0.0040649165280949
32180310	0.00165607109967967
32180901	0.00473879182067603
32181010	0.00177006006570168
32181570	0.00111763898970051
32181881	0.000671190990108802
32182940	0.00059821167113616
32183500	0.541286447886605
32183910	0.000540359295934093
32184330	0.000646690088083223
32184850	0.299430059259331
32187220	0.00371792288765366
32189861	0.000568923736910817
32190220	0.00061452524366998
32190281	0.00946500930457162
32190400	0.000909856482349656
32192460	0.00430246783956806
32193321	0.00291428298987128
32198011	0.00060603167832565
32201861	0.00117918828377766
32202100	0.00402593589231399
32205820	0.00219523107855066
32207921	0.0290011369032399
32208460	0.00150521414513527
32208481	0.000521057689931147
32208771	0.000810604576575033
32210790	0.0025842932815751
32211661	0.00536951454627689
32213031	0.00111162337417211
32217390	0.0048189641836638
32219320	0.0154472626126356
32220010	0.000563766342461296
32220020	0.00175680181708177
32220611	0.00628244089473787
32224491	0.0019996661490766
32225301	0.000512562995187314
32229280	0.00444752055882803
32230630	0.00190468111631376
32234520	0.0147544825029864
32236891	0.000969630342839803
32237250	0.000563413721894776
32238390	0.000639900375680987
32238650	0.000621557284595767
32240221	0.00116746219669429
32241311	0.00253691918195861
32242810	0.000841624894236703
32244361	0.00776048196599953
32244631	0.000875156132002301
32245560	0.000575222211675714
32246291	0.00122565844631422
32248071	0.00111717965791977
32248290	0.000652428195678071
32249741	0.00622551340747024
32253581	0.0039902779078145
32253810	0.0238258478197989
32254110	0.000684728836965915
32254240	0.0011153032673327
32255490	0.00150693982031767
32256590	0.00051331939795685
32256751	0.000860042603597201
32256761	0.000553432197131847
32257130	0.000664630192767375
32260450	0.000495770340552619
32261390	0.000735418437373337
32261721	0.000935753185602665
32261830	0.000846205620506071
32262350	0.00391532161538933
32262910	0.029485328799891
32263381	0.000617434091923468
32263651	0.00107420626142389
32263661	0.040238219976888
32265991	0.00243990873126098
32268351	0.00897335813858974
32270490	0.00351180595477721
32270520	0.00051580613494613
32271610	0.0014163831874426
32274011	0.0279746502286266
32276440	0.00144901614993725
32279470	0.00104824719494828
32280300	0.00056838371033473
32280850	0.00138700240113037
32281000	0.000726810222291231
32282961	0.00047102170343033
32283890	0.00081800750985629
32284211	0.00144412004463921
32285721	0.00160743013939703
32287050	0.000606681249097291
32288560	0.000959693289521037
32289400	0.000525081981611668
32290541	0.0127256257429618
32291361	0.00136714300258991
32291590	0.000589411857027707
32292030	0.00417827729024332
32292310	0.000663468938346133
32292590	0.000809169522096213
32293721	0.00531731505323088
32296341	0.000597228482775524
32297991	0.000613724113152555
32298691	0.000742539212819102
32298910	0.000705989135361535
32299620	0.000499867875157861
32303091	0.00137956754019545
32303210	0.00133698718922007
32305110	0.00227700929302536
32307931	0.000560754430319827
32308191	0.00120002287203331
32309981	0.000642618079526237
32310541	0.0780731715755357
32310780	0.000813837968819135
32312211	0.00113884747470366
32312420	0.0033818019624007
32312840	0.0134123485833317
32315361	0.0146771257044999
32318380	0.000502106886270222
32319630	0.000708554838482247
32320331	0.00548240846390597
32322940	0.0193745578539768
32323740	0.104463048188561
32323921	0.00187722696077355
32324040	0.00060825178610238
32324160	0.000696251334912289
32327111	0.00440355258830865
32327170	0.00173357317195322
32329451	0.00056831408630607
32329581	0.00054679376976443
32329591	0.00822100549225733
32329721	0.0110373037789037
32329861	0.00623195540790413
32330760	0.000607312067411714
32331791	0.000812230802198617
32332010	0.0373525144247095
32333790	0.0088181444089374
32335040	0.000714456580968928
32335371	0.000483649508444151
32336300	0.000572582224197416
32336590	0.000567450080924798
32337830	0.000560809775771493
32340560	0.00959084736704308
32340590	0.00323594634860991
32340960	0.0157591360407667
32342821	0.0134654524847963
32345830	0.00182624325008479
32347091	0.00115709003490676
32348191	0.00104286906766688
32350121	0.00103218845588987
32351231	0.000640435304679284
32352170	0.000825035550793029
32353410	0.000566316970451919
32353650	0.00939304882896046
32356450	0.00087470906424751
32356871	0.000725962025036525
32359921	0.00054806659435214
32360690	0.00767072082134015
32360751	0.403075721924218
32362790	0.000621477884953326
32365311	0.00169580866548146
32365660	0.0031474799511383
32365830	0.00161779042866644
32366531	0.00059067143997378
32368550	0.000610344849351987
32368690	0.00726510179276799
32374220	0.00131181313966746
32375860	0.0264592015728318
32377971	0.000519786519833601
32378500	0.00314137183503913
32379101	0.000604893974368184
32379600	0.00106181463251642
32385991	0.00281651973612928
32387231	0.0165453804835626
32387501	0.00076834128146547
32389301	0.00496357900348989
32391890	0.000608236210977305
32392690	0.000652127273857577
32393650	0.0152054827548229
32393660	0.00059988962542058
32394620	0.0102970267000907
32396150	0.000503667436170017
32397390	0.00882605808819507
32398470	0.000543592891636168
32412591	0.142920516335585
32419231	0.000690265869266659
32429820	0.00259836554522273
32434340	0.0102949461246886
32436720	0.00352262925003812
32438190	0.00201822388729366
32448570	0.0181335286750247
32463870	0.000811389903852463
32467570	0.00154754500031155
32469821	0.000536570103193979
32473291	0.000531552347640736
32473691	0.000783436331103131
32479870	0.000677781151056975
32480000	0.0133540825115693
32483030	0.000661882700281626
32485291	0.0176011597403595
32485360	0.000523078953966322
32485520	0.000589448718795882
32485790	0.000550533921499845
32487190	0.000740877613357228
32487621	0.00263022184254019
32487880	0.00826042517753659
32488540	0.00459048128530696
32491990	0.000675137664959724
32494740	0.000739887734154187
32495160	0.00229863390357699
32495641	0.000726744061106031
32498090	0.000729580773724162
32498330	0.000658717900013587
32498480	0.0015323129414099
32499450	0.000600495662517377
32502360	0.00387553884377329
32507700	0.00198867110694684
32509500	0.000598669207137401
32511330	0.000609231617939367
32512010	0.000652235046625471
32512570	0.000530818419972404
32512991	0.0143993142209248
32514060	0.00187213020903306
32515471	0.007028367950195
32515481	0.000728063508824817
32517011	0.0630188532775654
32518090	0.00663229410358062
32520000	0.000822265786796572
32521110	0.000617667825009331
32522490	0.034120197380233
32524250	0.000705526204710967
32524991	0.041286680454659
32530111	0.00474907029121395
32531310	0.0103277820750541
32533831	0.0034260845510582
32534330	0.00706752020757486
32535180	0.105644634841623
32537291	0.00237492034024062
32538620	0.000511205610666919
32540390	0.00161409182880771
32541131	0.00208364153199679
32541910	0.00110422008649853
32543621	0.0125331490810631
32544031	0.00098070421770475
32544110	0.00172780900662705
32544660	0.00184108469625528
32547010	0.00059538843643923
32547160	0.00152962911715354
32547840	0.0121060794285459
32548451	0.00163813187176514
32549510	0.000694724507674577
32549681	0.00120675256430528
32552441	0.102198731694283
32552601	0.00157934135975265
32554501	0.00207945566838545
32556010	0.00408540373552278
32557800	0.00181407833197297
32566641	0.00408992293903926
32567341	0.0070587897841311
32569770	0.000519381819133242
32569790	0.00133339762384295
32570350	0.000506017220450742
32570661	0.00408435753011482
32571351	0.00215988621169294
32572321	0.00680776633442649
32577090	0.00177724895750436
32579051	0.00197437161902287
32580260	0.00156878088161661
32580840	0.000660853005185865
32581001	0.204459954033911
32582330	0.000748901481787316
32582450	0.00198909887317526
32583040	0.0008649072500782
32584530	0.00461392992845353
32586801	0.000665530634362944
32588181	0.00332499642826915
32588800	0.00128530467183066
32590480	0.00104326653023071
32590651	0.000713857451515999
32592700	0.00064073773363486
32593210	0.00367274610279692
32594501	0.000695246106664668
32597630	0.000925864040066629
32598480	0.000515604187258487
32599071	0.000726414333556737
32603481	0.00473365478593553
32603580	0.000736606054116824
32608171	0.000716083439832195
32608291	0.000971548857246751
32608550	0.000640527545198253
32608560	0.00217504376469532
32609240	0.000649617001728777
32610740	0.00369723500686621
32610801	0.000643301734108596
32611000	0.00760834435491432
32613121	0.000976867219032972
32614111	0.000906337662641176
32614180	0.00135677448088774
32616540	0.000622381493923562
32617421	0.00392998937066582
32618760	0.00180499234742897
32619000	0.00113406334019969
32619901	0.000630255102726936
32619970	0.00355729281973375
32620441	0.00165627099103847
32620520	0.000868599214980216
32621070	0.00056512213243641
32624530	0.000575590022407981
32624841	0.023754285083879
32625391	0.0935177001712921
32625930	0.000789120887829764
32627751	0.00366888078854897
32631550	0.00337227147559902
32634880	0.00206772330621401
32634890	0.0220540071455345
32635310	0.0269262470500356
32635601	0.00652849963850279
32636441	0.00336140406858578
32636820	0.0026958196922456
32636851	0.00379657101397025
32638460	0.000796592099576832
32639040	0.0184912313589552
32639211	0.00604016339226725
32639570	0.000625609301941192
32640650	0.000487846987822114
32640680	0.00146787586359272
32641110	0.00050172363476467
32641141	0.00125581496927185
32641490	0.00888695625483683
32642610	0.000603765937631569
32644431	0.00414891324699488
32644981	0.00106079453291326
32645411	0.00285296718521329
32645951	0.00296925764319851
32646911	0.00163994053193342
32649070	0.0025961413436504
32649080	0.0386004306334878
32649121	0.00269346760881256
32649790	0.00125583748200713
32649900	0.00052171639043316
32650070	0.000643792796071584
32653360	0.356084377263721
32654170	0.00289751696817522
32654200	0.000652051067500043
32657760	0.000618746143631493
32658620	0.000567779478652937
32660021	0.000613478541527995
32663751	0.0578973148029185
32664151	0.0599309705446795
32666030	0.00620705616402719
32666340	0.000736238437355897
32669001	0.00589422986992984
32669770	0.000649026932949287
32669801	0.000514816743377415
32671881	0.0161935352354081
32672701	0.00138980912966611
32673770	0.00356263551492035
32673780	0.00050871566352032
32673920	0.00289092927006273
32675051	0.00132686417107916
32675420	0.000616612526333559
32680660	0.00207133470465649
32680721	0.00101991234834011
32680790	0.00159994776709809
32683611	0.00074798788116299
32684510	0.0981494152989482
32684861	0.00808712873761251
32685350	0.000568711393511938
32685900	0.0174458506551181
32686221	0.000705434865764406
32686361	0.0011735700419004
32686631	0.00108944832726313
32687030	0.00235934310807254
32687710	0.000895313494932437
32689770	0.0127835191845784
32690781	0.00167241910944086
32691270	0.000994302914588372
32692281	0.00396841909308059
32692441	0.00612582671457947
32693080	0.00207161152708044
32693391	0.000871309678765348
32697661	0.00103438395402722
32698440	0.000541445448504336
32699020	0.000639276124463367
32699580	0.000628884241676985
32699601	0.000914142139634851
32700571	0.0250063295582838
32701261	0.00119433138990998
32702610	0.0185912844026203
32702750	0.0125944592574856
32703321	0.000658811720058981
32703990	0.00109067968067492
32704031	0.00562207823677888
32706330	0.000641623460227524
32707471	0.00529700393431495
32711400	0.00369146201217528
32712940	0.00289226976409233
32713681	0.000604054655357619
32714160	0.0262934322838296
32718320	0.00199090450617869
32718330	0.00121600359549868
32719140	0.00817248078313954
32723270	0.00176355678330835
32723591	0.00531015331477813
32724230	0.00064958177339381
32725370	0.00523522190501935
32728790	0.00198466051528729
32728820	0.0130445932900618
32730081	0.000471606083939326
32730901	0.000977182808150058
32731611	0.00127504774418479
32731720	0.0475836989197608
32735280	0.00100420944324872
32736281	0.00106970255741458
32738860	0.00509163742920317
32739031	0.000520968079009444
32739300	0.00210342185518309
32739970	0.00139067871052206
32740130	0.00863454953635973
32741350	0.000780462333974503
32742491	0.000556452497479495
32744270	0.000882434884727014
32744431	0.0183656834174362
32744660	0.00131801887899813
32744820	0.000737115867335657
32745920	0.0022131790193026
32747140	0.00278024534103966
32748281	0.00500580673213899
32749220	0.00119002479680704
32749251	0.00206534120983163
32749330	0.00346437890182018
32750040	0.00181604362103474
32750231	0.00856059882650502
32753890	0.0031523489045249
32754610	0.00081319193549846
32755031	0.00237708188354329
32755471	0.000691354953880552
32755550	0.00387089390141271
32755611	0.00134093681371371
32757340	0.0580634543098344
32759700	0.00301954432708284
32760800	0.000555816091265648
32760831	0.00288101906256932
32761651	0.00245325739597978
32762201	0.000479250849182016
32768230	0.0168252534195337
32771270	0.00410769779128693
32773470	0.00137549085153776
32776431	0.0916063372110409
32776701	0.00132364686980832
32779331	0.0140687401292726
32780411	0.00110679566531642
32780681	0.00196031366937914
32781220	0.00109074789216803
32782481	0.00115913251444877
32786190	0.00063470197509339
32786430	0.190623183135742
32786460	0.000548748164232817
32789941	0.000942741264706418
32791540	0.000954681174926836
32792800	0.000532742491725091
32793251	0.000678264420320277
32794320	0.000656403679571183
32795991	0.000808929007843842
32796520	0.000576650208065129
32797360	0.00129914150705322
32799260	0.00962306207045103
32799881	0.00204125361480307
32802201	0.000715323586681128
32806751	0.0019309862013773
32807390	0.000619872865304764
32809241	0.00198668456794949
32809811	0.0502208025835343
32810020	0.00299913191918047
32812240	0.00159882506125552
32812271	0.00064809867598123
32812981	0.000492353366001403
32815420	0.00371964954235102
32818170	0.000842541758882841
32820230	0.000919708546149916
32821180	0.00051631941664371
32821531	0.0841758470737362
32821671	0.000825561012182165
32821801	0.000745541521320428
32821880	0.00432919647437179
32822751	0.00523661466487698
32823540	0.000584177968350988
32823721	0.0510077742226918
32824910	0.00123972394428058
32825511	0.0353093756739285
32826061	0.000713829919250185
32826870	0.00143025727280084
32827441	0.00587372796857023
32827721	0.00245175965814978
32830071	0.00112028742633445
32831991	0.0014974053495603
32839571	0.000887518480839525
32840630	0.00191647150580613
32844230	0.000556610240005055
32845050	0.00203540777950428
32845641	0.00669564162502677
32845791	0.00272246028116122
32848350	0.000633329165112639
32848561	0.000489920410245172
32849501	0.013358044775467
32850071	0.00128034009543784
32852920	0.0016205309571874
32855550	0.00714998280910141
32855871	0.00197614130946839
32856701	0.00103288386015424
32858460	0.000887498243969847
32859021	0.000694847124170253
32860360	0.00576125555428077
32862071	0.0424993023611804
32863540	0.00187778434296053
32865231	0.00215630181477552
32865630	0.00158924455220787
32865770	0.0136122694379646
32867810	0.000761654776879789
32867861	0.00578949717828095
32868411	0.00120284258102379
32870081	0.00191944370834467
32870450	0.00701519828125359
32871410	0.00265720427151347
32871731	0.00357975497813359
32873770	0.00785667844467832
32875291	0.000594941322100988
32875981	0.00372946978416695
32876080	0.0105091221518087
32876350	0.00109697058663504
32881070	0.00244432782165393
32883560	0.00330444790618433
32884001	0.00184580099606246
32884350	0.00300232931137801
32884800	0.000957972545321172
32885801	0.000540412126346875
32887970	0.00740258143655176
32889870	0.00797082723297345
32894901	0.00381107660448525
32896070	0.000689699230107609
32896380	0.000598489953039087
32898290	0.00274967141095586
32898621	0.000498787490523024
32899000	0.00431885068665352
32899400	0.000620614050783295
32899800	0.00452785835698506
32900900	0.000634096097302229
32904121	0.0063755607869519
32905381	0.00397418188589919
32906450	0.0105553031202206
32906491	0.00239290446527889
32908240	0.00872964846971327
32908480	0.000508704190983988
32911260	0.00416763302306185
32917050	0.000809192739601163
32923100	0.00118983872625607
32924900	0.00153932123007916
32925641	0.000650568304404333
32925791	0.00248326512055286
32926601	0.299922455806668
32929310	0.0266641362531516
32931670	0.000523633500446404
32932681	0.00395202246221001
32932910	0.00059870131273832
32935250	0.00335903423362744
32935581	0.00266295610632108
32936240	0.000635298622052542
32936380	0.00361257339990683
32937521	0.000699210986023968
32938270	0.000482360427103785
32938621	0.000716146937702792
32939171	0.000766646792148799
32939270	0.000740190145929066
32942290	0.0356107823690081
32942700	0.00211946873811744
32942761	0.000687999452854779
32947800	0.000686170437732222
32948360	0.00581337561256401
32948411	0.000562366341736301
32949470	0.000827512417821785
32950580	0.0823035557357983
32953651	0.00260693938914323
32954820	0.00246805629363215
32956240	0.00555380106851048
32956510	0.00050852680481676
32960001	0.000713072143869347
32962830	0.000472244303531667
32963851	0.000533832306910095
32965931	0.000597669377689483
32966030	0.00511320471503185
32968001	0.00091119051485238
32969760	0.000827188652381878
32971561	0.0018848914582324
32972210	0.0131875755226976
32973580	0.000785946517430193
32975380	0.000758474328887771
32975540	0.0025670320248277
32978010	0.00171528564968954
32978201	0.010982804610929
32979250	0.0215303301901791
32979370	0.00170953744847269
32979421	0.000975203395148604
32980070	0.00524240232931504
32981491	0.000847373702320209
32984360	0.0011638501470242
32985580	0.000924670279257093
32987250	0.000511301255171749
32987410	0.00147676261443272
32988360	0.00243718619028835
32988521	0.00056273144055399
32989361	0.00274265441546883
32990400	0.000534695498262722
32990840	0.000618612133288855
32991240	0.000559890603413602
32991691	0.00154247178019656
32994891	0.000563521180161834
32994970	0.000728825518817065
32995130	0.000484590560553493
32995141	0.000526027685150365
32995400	0.00192414585108787
32995721	0.00339892663992275
32996521	0.00207530278974733
32997071	0.000740100958880973
32998400	0.000764071589434336
32998591	0.00143231997824003
32999370	0.00440416348119655
33000060	0.000855077394136664
33000360	0.00267307656658558
33000780	0.000952788030460181
33002710	0.00421471508288635
33003151	0.00435158388147107
33004941	0.000636193940462988
33005030	0.000542150874032045
33005040	0.000684733245637041
33005190	0.000787474453024948
33010030	0.000993696434645367
33010680	0.00596428572882394
33011130	0.00216557530154125
33011441	0.000822051139908527
33012090	0.000525832649297761
33012630	0.000645138967810957
33014130	0.00251583056049987
33014191	0.000504172320301561
33014550	0.00261402742752766
33014950	0.000940317977504356
33017050	0.00191541636668921
33018720	0.00105989690207369
33020121	0.0032663433283788
33022440	0.023941348644469
33023991	0.000990164267822346
33025221	0.00212351198481472
33027551	0.000535482985307492
33028251	0.00520381026297426
33029320	0.000795904606666321
33030290	0.00349333924350273
33030960	0.0621235097849741
33032230	0.000546308326675047
33032330	0.0314461142500611
33032360	0.000638856865316003
33034191	0.000647411575377233
33034700	0.00051332662963388
33035260	0.51562403321197
33038031	0.000639318249331704
33038150	0.00547132917047319
33040931	0.000846948360422888
33041781	0.00170864097966988
33042850	0.00393622076487927
33043841	0.00057719109375742
33044401	0.00437217510285683
33045180	0.00786876997033704
33045330	0.00321845456267914
33048910	0.000563984193495926
33052200	0.000822721647995981
33052251	0.0181717984053439
33053201	0.00374097876860079
33054120	0.0164565090789672
33056610	0.000983158659066349
33056620	0.000500211501202648
33057460	0.000564166145015967
33060910	0.00775752842672336
33061170	0.000878398841066384
33061330	0.000598912178529322
33063100	0.0423860640510981
33063800	0.0015230262239991
33069621	0.00282351343394108
33073040	0.00056976360517994
33074970	0.00200537952692384
33080121	0.00241918676089086
33080230	0.00828017515708513
33080750	0.00237503383568846
33082690	0.0145092284305442
33085570	0.000639461105561237
33086540	0.00189894012160834
33087500	0.000782780795518236
33090181	0.000513614919645818
33091530	0.00474178368821323
33094581	0.00429859605924898
33096231	0.000540489025610604
33097840	0.000561260724659363
33102530	0.000548386681354813
33103011	0.00222888822048703
33103821	0.000704103638565955
33103841	0.000501928342120693
33106191	0.00233879493836329
33108890	0.000911516765744026
33110280	0.000465179698020504
33110581	0.00201845333604028
33111360	0.00141521312687064
33115971	0.00965645944255843
33122051	0.00379807665949366
33127360	0.00647047181598076
33128360	0.014512138108133
33128740	0.00126572904941837
33129570	0.0129725590417469
33139100	0.000711365862629473
33139261	0.00204368839333161
33143011	0.00104323221769074
33144231	0.0033285929857936
33156251	0.00239560352086328
33157450	0.0233238924481367
33159530	0.00631510093801167
33160641	0.00411946293252364
33161830	0.000570146781377689
33166690	0.00282253857560128
33169211	0.000906836714097141
33170530	0.135520394937332
33171510	0.00239752790357243
33171811	0.013006267169443
33172320	0.00128233514518529
33172750	0.000643094993771201
33180350	0.00150418151633574
33181341	0.00101414970175599
33181870	0.0114690876756462
33183510	0.00259325769497401
33184111	0.00243269456677879
33184231	0.0045865476499729
33184941	0.0319793891779501
33185170	0.000756629359831576
33186021	0.00194795622766986
33187490	0.000522272531760349
33188371	0.000979445218986877
33189730	0.00290368472049108
33191100	0.00290195273791508
33192610	0.000611499548551448
33197690	0.000638945080445016
33198581	0.000649226090252479
33199110	0.000705898571495446
33199131	0.120423001843517
33202660	0.000658088580413634
33204180	0.0101397918330516
33204371	0.0014540084306304
33205901	0.00270636702933472
33205980	0.000562431356411165
33208750	0.000577513291903377
33208911	0.00109001655483061
33209010	0.000511914619620947
33211920	0.0718587731122993
33212900	0.000652457218273218
33213420	0.000571802910828935
33215070	0.25407956576501
33216480	0.00140421841918809
33217550	0.000779800349630295
33219910	0.0283430343284964
33222031	0.00325548774313921
33223070	0.0175109708156237
33223391	0.00551389253293112
33225481	0.000490537967412332
33225700	0.0120852847999718
33225830	0.000511076265852397
33226120	0.00295196886534305
33227951	0.197173859311468
33229071	0.00427120271585334
33229300	0.00146722518085424
33230011	0.00108868455118769
33230161	0.007141345325673
33230510	0.00050119319242691
33230520	0.00064193354106348
33239380	0.00844205606107011
33242940	0.00279167357518513
33244460	0.094305402829025
33245850	0.0369089296780324
33248381	0.00214700323068975
33249410	0.00291542150273837
33251961	0.000622723532053268
33257290	0.000549347858380949
33257611	0.00520071626665767
33257891	0.00050225193555593
33258981	0.00282666220384589
33258991	0.00237075756203494
33261020	0.00118076576302768
33262920	0.00319663501513036
33264190	0.000769474670852584
33264730	0.198450646225092
33264870	0.00163635361695626
33264880	0.00653952743622365
33264931	0.000598410393611958
33266390	0.000684238461976067
33268620	0.0550375658008543
33268730	0.000703814974802893
33268890	0.0005736855335215
33268911	0.00228128289425191
33269321	0.0097038468446171
33271610	0.000556745984127341
33272070	0.0192905041447188
33273570	0.00121189320954818
33274100	0.00194786339339318
33276511	0.000615188209210581
33276761	0.00060345794100197
33277341	0.112057863485149
33278110	0.000517225042564439
33279271	0.00198010148785591
33279500	0.00406932933330874
33281280	0.00164286505641442
33282090	0.000564685382459853
33282130	0.000546739394346115
33283060	0.0131486211745834
33283381	0.00775094483999744
33283750	0.0032698769458661
33284710	0.0185098005696837
33284750	0.0131996501066162
33284901	0.0015764319741097
33285881	0.0577821345615326
33286031	0.000480427628358736
33291610	0.00343414816112741
33292030	0.0118497618105966
33292651	0.00239153248917019
33293321	0.00101478692374118
33294540	0.00440363520290047
33296371	0.00417817986677717
33296590	0.00103559353696744
33296621	0.0206747155076054
33296880	0.000490710223248831
33297061	0.0169086655750862
33297300	0.000608321933073454
33299900	0.00545637461378991
33299920	0.00417595490415026
33300610	0.000716473571665173
33300631	0.000557814863520888
33301601	0.000561171177726758
33303821	0.00228059399453292
33305830	0.00198568053064993
33307941	0.000674194689758223
33309741	0.0110970139795281
33310540	0.0011424788013184
33311330	0.011799927567479
33311370	0.0005875851637774
33311661	0.00993300130002202
33312060	0.000700475492155984
33314141	0.000905952006364059
33314380	0.00259010718902167
33317601	0.000709077675873528
33318141	0.000808313766086427
33318660	0.000644436633549121
33321731	0.139422111897367
33321881	0.00063593471512799
33323770	0.000581590464008884
33325601	0.0244745842682956
33325611	0.000633955065470052
33332430	0.0187939938404799
33332730	0.00714049863966753
33335470	0.000717376521959982
33343661	0.004532017515041
33344190	0.0037741192926805
33344580	0.0860400638090403
33346260	0.000781533694964587
33346701	0.000733732276804415
33346841	0.00153167973106986
33347531	0.00169657255399086
33348980	0.00196915068615661
33349331	0.0034744086051567
33349430	0.0631078897887906
33350110	0.0659008334368828
33350271	0.00561407739389343
33350510	0.000552612144013328
33350950	0.000539585680956892
33351111	0.00094690541747363
33352860	0.00278101575994023
33359101	0.000993865779355673
33360150	0.0532629742989384
33360501	0.00285184909772891
33361311	0.0242254135397731
33362090	0.0124048525110915
33363340	0.00594353038559292
33364221	0.0227945767873628
33369171	0.00273185976857705
33369570	0.000619834597306549
33370961	0.00597657735958299
33371531	0.00132230132369375
33372901	0.000626391500173889
33375750	0.000828521041321333
33378090	0.000522819154619557
33378110	0.001965148259636
33378711	0.000498631259339651
33378910	0.000469633681365583
33380170	0.182358070638928
33382141	0.000882445879327129
33382541	0.000533419678909419
33385810	0.0022678788362592
33386291	0.000526736372252776
33387661	0.00049315887719412
33388481	0.0005278164995547
33393171	0.000603930241635455
33396061	0.00206574782134173
33397451	0.00261603058194982
33398500	0.000878534532730339
33400590	0.00112503331882232
33401301	0.00125439600231377
33402260	0.000679252183080883
33403910	0.000690974430882657
33405810	0.000916936928553512
33407921	0.00100827712645192
33408040	0.000591316232958627
33408980	0.000543281372679094
33409000	0.00129387863274972
33409670	0.000597353268539822
33410281	0.00378889268295068
33410831	0.000989942723043471
33413601	0.0196165611776412
33416440	0.0127923622195278
33418240	0.00123175255497225
33418370	0.000762265941460027
33418670	0.00171046169315787
33419500	0.00919611514885057
33419880	0.00674494492313098
33419941	0.000608264746862652
33422831	0.00252909786063706
33423180	0.000545757308800072
33423801	0.00101664937306277
33424331	0.000723801895463115
33425140	0.000484704721135857
33425851	0.000536906284319727
33426530	0.00132205138721075
33428191	0.000658525395994315
33428840	0.0022340413217836
33428881	0.14753473768373
33431880	0.000615802049172753
33432010	0.000576746260547305
33432850	0.0144561048711403
33432860	0.000622351981511789
33433280	0.00134619175804635
33434011	0.00075876452277011
33434350	0.0104275828330112
33435730	0.000527292423272712
33436040	0.00090851761711874
33437601	0.000907576803103963
33438360	0.000625654637177119
33439101	0.00221648438088041
33440061	0.0232914980793029
33440191	0.000670426100261222
33441171	0.00223264444601748
33441530	0.00303332431919981
33442350	0.00099367007373345
33443760	0.0109203583783674
33443781	0.00565369229667133
33443921	0.000864382477622174
33448460	0.000863483797085818
33449830	0.00184496605606851
33449871	0.000875839959143897
33451490	0.000566619456843989
33451641	0.0018390926705012
33452211	0.0161321838762005
33452300	0.0004975860363374
33453000	0.000607508145029095
33453431	0.179530762117716
33453711	0.000635501997606881
33455910	0.00197069130747473
33457171	0.000641293852784118
33457940	0.000928508575188366
33460631	0.000928754203670293
33462281	0.000773390092831467
33465301	0.024085375211728
33465670	0.001635221615902
33467080	0.017371810805276
33467740	0.000662029350664738
33468280	0.0360176615616971
33471310	0.00051048515636551
33473260	0.000690447274942421
33475101	0.00305331918357162
33476030	0.0197958414159083
33476761	0.00393954424470199
33479170	0.00145140918692199
33482281	0.00155377463315832
33482360	0.00487812413506041
33485280	0.000554119367851447
33489250	0.00162097289918972
33490900	0.00393474062364614
33491610	0.000598411981209983
33492030	0.00155867205516534
33492420	0.00717790282059757
33497140	0.00633112744548345
33497530	0.00577430384151533
33497591	0.000844975952719229
33501420	0.00254800720418962
33503030	0.00518615070931274
33504621	0.0606392552835915
33508010	0.00122436888187639
33509011	0.00200502395227319
33511221	0.00118340330398259
33513000	0.000528202907679862
33514760	0.00243727531337749
33515460	0.00100819710076715
33516621	0.000556378157870998
33518660	0.00231773487109548
33520440	0.00948079373004883
33521390	0.0326594337737746
33521451	0.00088670857748472
33522230	0.000614690589666632
33524700	0.00305785363203744
33525970	0.00108466626470034
33527511	0.00994779345664708
33528960	0.00221841545329558
33530121	0.000500011575946657
33530541	0.0031174450383228
33532061	0.00194323710403693
33533110	0.00197369065295107
33535310	0.000916864009044175
33536000	0.000636447533597972
33536290	0.00054909425462637
33536611	0.0005200692494526
33537380	0.00124824122950032
33537561	0.000862274367195836
33538671	0.00110309123131623
33539241	0.00607938913245802
33539620	0.000553600220883214
33542890	0.0006647246193546
33546770	0.011615106313347
33547340	0.0432051366675011
33547720	0.000673392335506205
33548280	0.000597386239805027
33549530	0.000863168149769331
33549721	0.00189698335348905
33550100	0.000610483966771402
33550111	0.0452751661338042
33553431	0.0254283679005602
33554100	0.000584739608820037
33555651	0.00131329958227677
33556450	0.000949984764290938
33559870	0.000544015865752802
33561810	0.00328483838335309
33565120	0.00199509220672625
33567720	0.00239572113599699
33568290	0.000528271614495628
33568550	0.000532958265254816
33569270	0.00509820566417538
33570261	0.00172993327521346
33571200	0.000637162680838311
33572731	0.00198323234994763
33575921	0.00266101303019139
33576010	0.00107921077140663
33576850	0.000567988548575505
33577270	0.00318986077269995
33577920	0.00898566934556682
33579860	0.00149132956121811
33580270	0.00056953343756917
33581141	0.00215686750305344
33586131	0.014703074153911
33587631	0.000644808096103369
33593780	0.00178273778642286
33593930	0.000523024395552273
33594931	0.0945270328064739
33595340	0.000582292941854073
33597660	0.00544423570534037
33597851	0.00184815193396474
33602500	0.000756459669253274
33602770	0.000613313347019786
33604000	0.000557943173403098
33606101	0.00122249738781532
33606681	0.00329834654081931
33607570	0.000523143145552835
33609370	0.000636071341034104
33609380	0.00111398328245296
33618470	0.000779779739382953
33618780	0.00612634309231962
33619091	0.000835884981106424
33619580	0.000809705164753784
33620191	0.000835745760413077
33621161	0.0073301340538186
33624741	0.159427249792699
33624751	0.000641932107198202
33625291	0.000669034797238101
33625780	0.0014154682273649
33626050	0.00262078814793149
33626070	0.00527829659850707
33628451	0.000499518066130771
33629360	0.000683927085482453
33630090	0.0248505302351231
33631091	0.0518421000840979
33631921	0.00151569259809378
33633301	0.000574779612052843
33633431	0.002109864407624
33636721	0.000532796500882744
33637680	0.000780975241183133
33639740	0.00208163572270737
33640311	0.000488235562046774
33641701	0.00146280692091695
33642370	0.00137920209029852
33644140	0.00150967430820928
33644181	0.0247156682245424
33644300	0.000508854368457526
33645001	0.000896214154601117
33645660	0.00291751248095822
33645920	0.00138329496641483
33646111	0.000798139406996668
33648140	0.000560520627733492
33650880	0.00190590491493383
33653640	0.0120511481407194
33654910	0.00494446381290577
33655481	0.000492463841889597
33657800	0.000709567684282111
33658070	0.00646261982763682
33658261	0.355866583481411
33658401	0.000736593396255109
33659170	0.000570229130346192
33659290	0.000589081872581196
33661110	0.00381072596230392
33661390	0.000568086516405767
33661510	0.0159952179625064
33662050	0.00285217092274643
33662340	0.00059223860120269
33663621	0.00128113885641586
33664321	0.0129469578873206
33666620	0.000841091995453879
33667290	0.00153419458290206
33672461	0.000628694886930102
33672950	0.000827319720443405
33673360	0.015160813701982
33673400	0.00082413409665408
33674330	0.111457180939575
33676311	0.00132301521870329
33679180	0.000704932117898163
33681281	0.00233227697336123
33685411	0.0442130596891818
33685541	0.000794112111200876
33686070	0.00118456001357233
33686210	0.00148860225233437
33686381	0.000543996976182063
33687430	0.00486515765942817
33687631	0.00517648193662834
33689770	0.000503821981723935
33689790	0.00240819356248393
33691290	0.00541356639114092
33691330	0.00250406476147144
33692700	0.000727174085855354
33694101	0.000678561030805266
33694210	0.0018816563991375
33694640	0.0199961422363929
33696250	0.000778580848517446
33697561	0.00661312711782341
33699081	0.00072988294977826
33699201	0.00229993887855484
33699870	0.441337061022887
33699911	0.00203138733039311
33702880	0.000904978490287077
33705670	0.00150039740335178
33707771	0.00061243715061152
33708731	0.0016347562786141
33710360	0.0038945219685222
33710470	0.00269611757090104
33711071	0.000519870645526802
33716731	0.00428390841874282
33724980	0.00136600320629391
33725691	0.00131103042892713
33727870	0.000557046617009061
33729380	0.000591361815013239
33729510	0.00213245583477178
33729821	0.000607776828969104
33732970	0.0148469527099974
33733350	0.00226758658005515
33733650	0.00174410470923112
33733770	0.0038771867536235
33734791	0.000514424408699875
33736431	0.00192858836583732
33749691	0.021919867436694
33750470	0.00392575189195659
33754361	0.00876801343196446
33754801	0.00131621337356018
33762620	0.000633382621375389
33762781	0.0961008418225097
33763341	0.00116084040350091
33768451	0.00342497388106108
33769370	0.00237691558188809
33770320	0.0139110150496388
33770740	0.000818742688341621
33773961	0.000610290084854573
33777800	0.0194913925189143
33782190	0.00426203151205014
33782310	0.000561576915537723
33783010	0.0707914904001744
33783051	0.00246053966702719
33784530	0.00147765285915675
33784991	0.00102284883512111
33786860	0.00333081937047626
33787140	0.0194244110114267
33788100	0.404210482830378
33796571	0.00249318776122422
33799191	0.00980781486194837
33801671	0.00100061388589579
33805070	0.00124893332008263
33808960	0.000524486072522661
33812130	0.00060707227347478
33818750	0.00363580501145481
33819700	0.112127286921355
33819761	0.00198849487662956
33820400	0.00295901675785468
33823160	0.00585246627881429
33823690	0.00157439596567514
33824280	0.000502317226918854
33828120	0.00174890077580983
33828550	0.00339459400678304
33828660	0.0740355753979791
33835300	0.000603738558145466
33843550	0.00144125329480186
33844851	0.000625291568715411
33844861	0.000584415003085289
33847550	0.000572411678008989
33848301	0.000615430237664616
33848810	0.0020780887034099
33848861	0.00106464570292753
33849630	0.000661906940830572
33851560	0.00109703225788161
33852680	0.00202816347927947
33854241	0.000504047344556159
33855201	0.000578759411938555
33855270	0.0116986313302282
33855850	0.00384332723799966
33859280	0.00152921696029723
33862211	0.0345206876841592
33863000	0.000541210672384243
33863601	0.00111445878539091
33864800	0.00226045469926482
33866720	0.00108246825344593
33871341	0.00502280874516397
33871720	0.00114366067380082
33872370	0.00446210126990931
33873500	0.0153341057861097
33879130	0.00336371430268327
33883191	0.000680142905369652
33884230	0.000574524576061601
33885681	0.00198972077280548
33886450	0.00319151430988304
33888841	0.000880797297758175
33889350	0.00061300371702643
33889620	0.00118356564238474
33890040	0.00108872643362278
33890850	0.0030924245885458
33891700	0.00112177832424742
33891850	0.00278289916783065
33893650	0.0017296563854723
33894211	0.000507630622139296
33899290	0.00221456039364349
33900571	0.00246058091907009
33904250	0.00060803822914468
33905780	0.00112930431700888
33906211	0.0017084693910569
33906761	0.000746300925611645
33907451	0.001354293694167
33907550	0.00182160036915351
33910211	0.000875865808811474
33912001	0.000675493928886446
33912400	0.000698009904017879
33916961	0.000666501354345255
33920431	0.00052355752675487
33920920	0.000638929179308484
33923810	0.000517323445034151
33926880	0.00212817380031208
33928660	0.00171775006082597
33928711	0.00211169859744226
33929251	0.00473096455506902
33930310	0.0086109304082013
33935031	0.00171849605907918
33936421	0.00111266691824753
33938600	0.0161486900943412
33941101	0.000529992551980583
33942450	0.00317669437432947
33943690	0.000799563148771938
33946730	0.0069823943871621
33948800	0.00164149982424938
33949760	0.000547810936248983
33952821	0.00181670820681265
33961350	0.00597119766386399
33963031	0.00177591928248128
33963280	0.000479664182350402
33963861	0.00869258259557549
33965640	0.00057182800589962
33965770	0.00132053200167418
33966740	0.000523765890731345
33968370	0.160666246856979
33969740	0.00339083209189729
33971260	0.00181699260670502
33971420	0.000598564472113329
33972520	0.00350042474111752
33972930	0.00141864828212672
33973330	0.000520230507401588
33974061	0.000722084316830983
33976650	0.000556419457055003
33977180	0.000567403788634238
33979591	0.000519331178444641
33979991	0.000749411480498847
33982980	0.000620016137959725
33985391	0.00117040279020596
33986751	0.0325879234204972
33987410	0.000570437193201869
33988360	0.111979256830692
33988670	0.0036024839724619
33989651	0.000866270338334321
33990850	0.0080831787512213
33990870	0.0005549928356542
33991700	0.011763834591923
33992681	0.000931595783245217
33993460	0.00113843900126174
33997101	0.00450213386147654
33997900	0.0035474751556168
33997941	0.000510461341859147
33998580	0.000471606083939326
33999810	0.000898842013028316
34003871	0.000496301214091125
34006980	0.0044733323756104
34007130	0.000701121773188524
34008821	0.0129823446573405
34008951	0.000587604877295802
34010050	0.000722964873646061
34011830	0.0115875706671311
34012421	0.0821389418537519
34013791	0.000502701760217839
34015120	0.00123655037091478
34015321	0.00257120349910644
34019010	0.000659940670817978
34019150	0.000507794559601468
34020961	0.00121375934434915
34020971	0.00538118776652354
34021040	0.00114551300229485
34024401	0.0168232761527111
34025350	0.000843409399858168
34025781	0.000793876810087038
34027950	0.000546531612822216
34030351	0.0013258325955103
34031970	0.00592288943160625
34031991	0.000604939116354114
34032271	0.00264037885643501
34034460	0.00102156255768713
34035550	0.00117495297438922
34035970	0.00367770199381795
34036210	0.000693303858480813
34037080	0.00348925249572247
34039550	0.00214725872495423
34039690	0.00118989113009214
34045661	0.00278613617826481
34047960	0.0029851397055196
34048250	0.000988773097130759
34050310	0.00241599538837039
34050440	0.0067295912501292
34051000	0.000613523910268162
34051120	0.000522455680503782
34051800	0.0190822303350411
34051940	0.00610179184170252
34053750	0.00250769342205634
34054191	0.00135331856734142
34055721	0.00054662570647255
34056121	0.000552763326250968
34058690	0.00756575664256396
34059441	0.0186940506907983
34059800	0.00101593937022983
34060640	0.000585453155110531
34062611	0.000631384952258427
34064541	0.00812419124828904
34067161	0.000982992702475599
34071810	0.00477445300639122
34073771	0.000492488983920401
34075041	0.00383043256993406
34076121	0.00720458788464098
34076760	0.000656412964406566
34077070	0.00178070567911941
34077890	0.00175847740721794
34077900	0.00195508622279739
34078751	0.0229307776063247
34080250	0.336044023775122
34081600	0.00243527210439441
34082881	0.000577807553184142
34083270	0.000605254946627528
34084930	0.00181620994827927
34088080	0.000635991766149195
34088691	0.000556266499018405
34094191	0.00249800865522776
34094901	0.0142971588518609
34096531	0.00100098829513129
34096551	0.000648019077806414
34097740	0.00813122172890846
34097760	0.00821277463010602
34098601	0.000556028157537292
34099711	0.00213553172189776
34100240	0.000547649184218362
34100821	0.00176571042193991
34100961	0.000490028233267519
34101070	0.000561625972356583
34101231	0.018864427626479
34102061	0.000657725059921058
34103130	0.00171385901747029
34105200	0.0020040031930648
34106461	0.0152712791438956
34106560	0.000679774840668772
34106840	0.00676234278880907
34108370	0.000580077944915193
34110030	0.00125785339068942
34110410	0.0303956620581795
34110830	0.000699346958015655
34111301	0.00104050350141882
34113730	0.000579695868977433
34115280	0.00257242097818
34115581	0.00766258976715045
34116691	0.00580532319744385
34116801	0.00441527755238561
34117651	0.00611551921040696
34119421	0.00166490911151353
34122191	0.00244840126973069
34123240	0.000557086394376284
34124380	0.00160746630834493
34124391	0.0029849404608802
34124941	0.00215982445975117
34126140	0.000544193999066097
34127011	0.000515963071000652
34127431	0.0010022412550137
34127820	0.0118900097495957
34129381	0.0198117486431846
34131680	0.000669485861232828
34137070	0.000668659024593418
34137371	0.00997850546524173
34141860	0.000638076901459364
34142420	0.0032749806111188
34142560	0.00548187464376521
34142621	0.00157680943034825
34143151	0.00960076042539292
34143370	0.0130908345312768
34143431	0.000988134876975396
34143851	0.00319534725935373
34145200	0.00672305513432968
34146440	0.00306431291190069
34148210	0.00114723616146708
34149060	0.000753346563858353
34150041	0.00195950294902572
34150840	0.00209414174260946
34160111	0.000988690606761963
34165020	0.0190549441491673
34165491	0.000971329821924377
34166270	0.000860719387600379
34167390	0.000626048325114376
34167581	0.000786974274410382
34168200	0.00103180488616718
34169071	0.000664507555813321
34169621	0.000499221492206266
34170611	0.000687850371035605
34171011	0.00215623087575079
34174000	0.0141237784068256
34175090	0.000803696001612186
34177160	0.00246211749919375
34178191	0.000589596206318512
34179270	0.00350997422991633
34179510	0.000516555147256158
34179930	0.0019586375104356
34180330	0.00264249106891237
34180490	0.000511037457238855
34180640	0.000603404879938235
34181300	0.0170127564096932
34182440	0.00453537219830525
34183240	0.000560035551550909
34184271	0.000664240801932415
34184681	0.000551073053284125
34184931	0.000536311450664874
34185060	0.000655877558772195
34186051	0.00057971199807667
34188080	0.00140790054096946
34189440	0.00075761685735227
34192060	0.00570790093175492
34192791	0.00192699609885887
34193740	0.000694992443525185
34194160	0.00124087582898012
34194550	0.00074530405156403
34197330	0.000906826712019157
34199510	0.000561365099744478
34199551	0.00843147380835436
34199571	0.00142200137832681
34200340	0.0014620244668362
34200630	0.00234034412317849
34201631	0.000516908655277968
34202871	0.0259417118854932
34203100	0.033366255720219
34206260	0.00137426531102069
34206591	0.00318783120271739
34207540	0.00113481123765323
34210540	0.000548951062231949
34212510	0.00474713727016926
34212630	0.000518102762307511
34212770	0.00572940899935055
34213771	0.00353370157321224
34214041	0.000566655102400852
34214181	0.00217829561400024
34215151	0.000546539109556803
34216350	0.00376596730688281
34217880	0.000577242982229248
34220230	0.0016271688077777
34221590	0.020663362434742
34222270	0.00145114596818479
34222550	0.000751653407954613
34223841	0.00126842968517553
34225980	0.000726850880411109
34228610	0.000525587944771053
34238810	0.000570213573167398
34239240	0.00469293907445095
34239691	0.00241049607163245
34240070	0.00815678245568624
34242530	0.00124511282240415
34243100	0.000677123362511471
34244101	0.00060680807962946
34244490	0.000849341194544565
34245631	0.00069318903989658
34246721	0.000973036108988499
34248210	0.00177366431772596
34248220	0.0259001461431747
34251400	0.00156900151810131
34254331	0.00145092544920575
34256531	0.000769835302022921
34260070	0.000709119383027566
34260630	0.000549613692369749
34261040	0.019440799802228
34263961	0.00521377225506136
34271011	0.00158764263082697
34271810	0.000541747824785957
34271971	0.000789399095298172
34272050	0.000515599480606811
34272111	0.0591330586306752
34273590	0.00152692860841705
34275841	0.00417896905484023
34278171	0.000881428889874869
34279151	0.023491353699808
34280880	0.00475088918074423
34281190	0.00276718949851666
34281870	0.00143630287975849
34283271	0.000682824648918566
34284890	0.00262212350264495
34286441	0.0114532447045338
34287841	0.102922986545263
34288760	0.00138633639877411
34289211	0.000666704509354306
34290731	0.00489505663930685
34291011	0.000515432710147216
34291100	0.000922811137299735
34291220	0.012931251159434
34292651	0.0233174748541186
34293850	0.00943086638937014
34294311	0.0336883172011392
34296490	0.000686763418380338
34297341	0.453213678902116
34300610	0.000550532877932571
34301341	0.000779396971050361
34302970	0.00245791889501409
34304470	0.000642410938425527
34306110	0.00154427811823862
34307520	0.000709136197775107
34310820	0.00726452553324305
34311811	0.000644014846124251
34311841	0.00290550452872453
34316340	0.00215068830405588
34318311	0.000914603449812273
34319790	0.000813005662482639
34322520	0.00928060119563149
34323770	0.000559612542520512
34323951	0.000503759744978462
34324190	0.001915793709645
34324921	0.00508911191441608
34325290	0.007453884382864
34325840	0.00056831408630607
34326960	0.00246907006719045
34327401	0.0017699281901078
34327691	0.000635576709603256
34328730	0.000637451919351338
34331271	0.016648867043843
34332900	0.00158532672500806
34334010	0.0706612520746621
34334250	0.0835476889816621
34334820	0.000554123585344368
34335811	0.00696542425354312
34336241	0.000726102883257566
34336760	0.00199832309492015
34336911	0.00206263162602735
34337990	0.0612282041337805
34338871	0.000935396737009963
34340610	0.00112833598862337
34342140	0.00526902333955695
34343230	0.000685193074207779
34343681	0.00172288538483743
34348740	0.00182753409415008
34349000	0.00181746581505806
34349830	0.000686626571984867
34352641	0.0118226032979825
34353290	0.0123390657607041
34353320	0.000683435687469718
34353830	0.000565747497682405
34355250	0.000471985612494843
34355910	0.000660912610311938
34356340	0.000556329795783705
34356730	0.000760931748135451
34357280	0.000803135564664932
34357830	0.000977532837419916
34358830	0.000568030466920354
34359660	0.00182975133220275
34362690	0.000544118887281757
34364931	0.0526730203106695
34366110	0.121609487230944
34366311	0.000959494130691914
34366731	0.0715616769702665
34368040	0.00275688230413143
34370820	0.00629201636406038
34370851	0.0395791798704559
34372511	0.00495435028196506
34373761	0.0053291148764122
34374000	0.000619309272135767
34374731	0.00170683994289269
34375370	0.000551965847362199
34376170	0.208156379066472
34376870	0.00397938544670958
34377331	0.00125459629756407
34377980	0.00309970224256434
34378270	0.00979105043793754
34379811	0.106905207755457
34381020	0.00199765151175017
34382960	0.000674936638537617
34383520	0.000607239848831523
34387900	0.000819008910786444
34387941	0.00220722939872711
34394260	0.000671567788451286
34394520	0.000568974636275947
34396050	0.0124282473596022
34397730	0.00111940774752545
34398711	0.00071754753558613
34400470	0.00184902472699561
34406721	0.0484490213232112
34412351	0.000545912924773745
34416610	0.00204332558058921
34417741	0.00280536264152029
34423411	0.00197414308054141
34429310	0.0722474848121093
34436060	0.00830407361767631
34436860	0.00226917054659483
34440221	0.00141232444596725
34441601	0.000527133555188753
34446090	0.00158465621406285
34449191	0.00285198692198959
34453051	0.00297116561975655
34453311	0.000653258114347814
34457020	0.00237317446851246
34457270	0.0983203672833092
34463470	0.0019369221793319
34464310	0.00158204120059957
34467370	0.000753073755845007
34468590	0.000503937841595641
34469960	0.0131106630351421
34475531	0.0071368994286082
34476361	0.0479880000580628
34477181	0.119653405722308
34478510	0.0432896482417442
34484511	0.000616971340741921
34484730	0.000531334223612119
34486120	0.000806734713519856
34490301	0.0141248319949835
34491070	0.00213893516575554
34494250	0.0662446037345417
34494540	0.00522865754524329
34497601	0.00424616980281644
34497741	0.000801375665662444
34497990	0.00150814628515298
34501950	0.000709882043012392
34507330	0.00159088891906016
34510240	0.00926728986624425
34511370	0.00307094364782972
34511681	0.0676160846964125
34513300	0.000602670664470556
34514130	0.000818598660109831
34518281	0.00405135161659058
34518851	0.000591684567639738
34519230	0.00050055838688472
34523880	0.0239616683833287
34524180	0.00123450106432733
34525270	0.00270404463132951
34525710	0.00132562357914717
34527111	0.0620582887614806
34527391	0.000722456977007615
34528850	0.00181322844332673
34529270	0.0672234440709329
34530660	0.00206513783508298
34530940	0.00347006610969616
34532771	0.0220049198503515
34532880	0.000599180348847181
34532901	0.0202200734396631
34534110	0.00205047968533677
34535200	0.000499522446746099
34535350	0.00112627747145462
34536641	0.000630234124030611
34537840	0.000530075398877279
34538920	0.00382212385450259
34538981	0.00136361343722001
34539460	0.00105269599644682
34539951	0.0376490360111811
34540190	0.000478941835159232
34544710	0.000548169604180937
34546011	0.0110542125832571
34546370	0.00112606038981597
34548891	0.000658926077921838
34549140	0.0255558278458519
34549840	0.00106575366314976
34549970	0.000765405038293305
34552481	0.00283318859193649
34552751	0.00192887823957069
34557430	0.00106153821638946
34559531	0.010912596284014
34560081	0.00322401776830737
34561731	0.000692475895540965
34562810	0.000594904866994684
34565161	0.00814016577670811
34565410	0.000528188377467285
34568290	0.00254163550044884
34568460	0.000506632839043047
34569680	0.000646062193920295
34570390	0.0653495178245789
34571330	0.00392834838731359
34571371	0.000656541055916841
34573270	0.00173977450586486
34574640	0.00866071676628485
34574961	0.00690954185584847
34575360	0.00608941119394047
34578431	0.00250770526307236
34579350	0.000538537565733497
34579490	0.000843992754480887
34581130	0.000531236074090819
34582240	0.000741508618774978
34582691	0.027238122827829
34585581	0.00409060260468044
34585950	0.00356203963063502
34588850	0.0170514821928715
34590520	0.00135628188460588
34595941	0.00178589590514712
34597410	0.000856590883805417
34599511	0.00334284252792266
34599921	0.000570990998682849
34600221	0.000509866151524387
34601301	0.00080005739847985
34603511	0.0107685815235283
34604860	0.0102509697668558
34605690	0.00292083642588422
34610811	0.00086155124432664
34613940	0.000903163459786976
34616580	0.0126862866105618
34616901	0.000531554004295579
34617140	0.000552433407821333
34618660	0.000515600501557784
34618770	0.000521294433532266
34623101	0.00126236341524179
34624150	0.000993873312669223
34625840	0.0005857719609875
34626131	0.00256596487966496
34626961	0.000502086540221231
34631050	0.000783183130025705
34634701	0.000701397017958241
34635600	0.000495072512052981
34636761	0.0258737861362731
34636850	0.000515450883594926
34637181	0.0138000446759383
34638131	0.00112386022181046
34638551	0.0140788176010013
34638650	0.00169933698288522
34638951	0.000494326631760178
34640631	0.027696059363847
34641021	0.00135362446940316
34642831	0.000816959850731437
34644201	0.000819140477485369
34644751	0.000956660276684445
34646090	0.00148222666099682
34647101	0.0708102736839031
34648280	0.00725948624486855
34650080	0.515746573402802
34652180	0.0021336416627805
34652351	0.00111398753959038
34653270	0.000955566560266646
34655101	0.000569745822396202
34655600	0.00388986562807037
34656051	0.000585318883878589
34658671	0.00116591078723942
34660020	0.00204943444223193
34660700	0.000496052700457838
34661140	0.00208427190465075
34662250	0.000757692915377947
34664180	0.00174719180981451
34665690	0.00159290498527388
34666640	0.00492539072321147
34669650	0.000503078954944412
34669970	0.00512096575623774
34669991	0.000550499401748512
34670240	0.000579684704257806
34672191	0.000516514054350606
34672420	0.0017344125085643
34676871	0.00188906588785191
34676891	0.00276010079986997
34678660	0.00137137359311453
34679330	0.0006348499823101
34681721	0.0009435228833797
34682500	0.0019071938038948
34684321	0.00257594836084828
34684601	0.00256095219749161
34685571	0.000708889673915025
34687221	0.00119238322153377
34691060	0.000636295925811847
34691750	0.0951703748482465
34692290	0.000515078626142595
34694551	0.0263723882234508
34695860	0.00277685593446196
34697021	0.000951287324672418
34698480	0.000666021007877271
34701561	0.000551776689650121
34701861	0.0446065695399824
34702821	0.000535930670636742
34705960	0.000975071006789645
34710401	0.0428674922228302
34711180	0.00606443209646495
34711511	0.000599271535605286
34712481	0.100909098110062
34714531	0.000856780361991935
34715101	0.00531832912765517
34715340	0.0620758801823663
34715600	0.000801290045237361
34716560	0.000491600021591056
34717021	0.000499915556559954
34717670	0.00882297350367062
34720331	0.0219560450243243
34721230	0.000779245083919833
34722910	0.00106859487485348
34723720	0.0081457521862387
34723890	0.00378294896493048
34724061	0.000546237746038296
34724580	0.0015080604869469
34726531	0.00462078211648133
34730910	0.000607925702759012
34731300	0.000502790608598961
34732010	0.000677670766002782
34735590	0.000905302498714616
34735761	0.077475665512558
34735890	0.000538624705697842
34736290	0.000663094576900525
34736591	0.0177771545878894
34737670	0.00144157889549103
34737971	0.000521873991042918
34740010	0.00511882040173458
34741370	0.000974510226874279
34741940	0.000624978882225477
34742200	0.00147803834706313
34742821	0.000802417945173714
34743040	0.00128827749241416
34743060	0.00326854373646323
34744020	0.00312781038995631
34746780	0.00384455046191579
34748591	0.000953960035702536
34748970	0.00169837587897613
34751781	0.00050652934412157
34753790	0.0014107943335088
34754920	0.0113794883466821
34755450	0.000554404254006089
34755710	0.00156731631107532
34757930	0.0121493243688793
34758230	0.000579745142461069
34761301	0.00319358596145734
34763371	0.00065687586720435
34763480	0.00049476894175128
34766271	0.00390293597669773
34768311	0.00229086010714883
34770931	0.000598485730634331
34780150	0.0842203597191397
34780540	0.00300358400867768
34783911	0.000540377687503393
34784690	0.0231328619932812
34784850	0.00427396983155805
34785431	0.00184548152472742
34785950	0.00185409154283445
34792331	0.00111418375452767
34792721	0.00236533179420165
34792741	0.000543708423924995
34795320	0.0102061632772531
34802070	0.000990254458192324
34802121	0.0125966852701665
34805790	0.00736697602400098
34807361	0.00062288605533131
34816051	0.0177668911440027
34819300	0.0111042135899419
34824041	0.00914348929661576
34828311	0.000745258725314868
34830760	0.000751133646837325
34836020	0.0338382096624486
34836980	0.000584748487899028
34837220	0.00334582578153865
34838740	0.00147867138432521
34838750	0.00286618188051098
34839740	0.000852477778289816
34842251	0.000690180063229858
34842760	0.00124523076738483
34844810	0.00930029360600789
34849930	0.000712146808234422
34850910	0.00606113029387781
34851761	0.0141282264398905
34853120	0.00456814034726655
34859351	0.000992081330543137
34860161	0.0150363535322524
34860840	0.000978161607944899
34863990	0.00270061997266608
34864441	0.000731333081362878
34866480	0.000666192010466732
34867361	0.00417845680059347
34868420	0.00848537511130351
34871840	0.00141716192503116
34873630	0.00797866763027699
34876851	0.00511839387629283
34877530	0.284136853522006
34881110	0.00646313296826276
34882350	0.0634482160385296
34883081	0.00472536368716339
34892861	0.00249202751418468
34892871	0.000603112832645608
34895331	0.0224690953233023
34900420	0.000509504386514116
34901380	0.00202680272564675
34905500	0.287690067634695
34913271	0.00123689493141188
34915140	0.00110045414191192
34917640	0.000595352301951196
34919030	0.0292929436285457
34920010	0.000538402772088801
34922251	0.00303548964691267
34925281	0.0165188711360658
34932530	0.0873141659192795
34933650	0.109596133179258
34933811	0.0368854700007151
34949490	0.00538036655899188
34949951	0.000741952600089774
34952930	0.00101586703057024
34957760	0.0853517100918441
34958730	0.0154124252054081
34959440	0.00422200365637264
34960800	0.227611886979735
34962890	0.0148265776459098
34964701	0.000921711844715628
34965070	0.141921126452206
34966661	0.003344425186317
34971040	0.00916616273104941
34972581	0.000522794034881605
34974501	0.000934778739999294
34974641	0.00953787071313161
34974771	0.028078385536886
34974870	0.0014699350168614
34975331	0.00184685896531961
34978091	0.00439352382724943
34979300	0.00149752634481901
34980991	0.00120078354430624
34982470	0.00143849857507063
34988810	0.00140836569522268
34989660	0.00400442147490749
34993240	0.000634563884086389
34993671	0.00297289669523284
34996021	0.00179697029310036
34996280	0.000580192898237937
34996971	0.000522225843089712
34996991	0.000481708542557339
35003471	0.00764084943678145
35004400	0.00119441099263402
35005401	0.00250104391525184
35006990	0.0077948216517577
35008561	0.00110780638409245
35008581	0.000665456760016666
35010870	0.000812337310211089
35011881	0.000611128662088652
35017391	0.000679875867157885
35017900	0.000953423924859408
35018180	0.00087084579064911
35019061	0.00292513437908519
35019160	0.000922967720002351
35024441	0.00206057839230379
35026310	0.00114618343488728
35028011	0.0140393289190045
35029650	0.000729848120174395
35030610	0.00419279853709614
35031321	0.0027443959795791
35031860	0.000526749969196166
35033620	0.00120241340541622
35034060	0.045950890489995
35039130	0.00616791334051082
35042180	0.000615431446754636
35045920	0.000618635743997693
35047700	0.000533499677767329
35049910	0.000495225545811962
35051041	0.00219513651209329
35051150	0.00122240102768758
35051881	0.00502865046870996
35052680	0.00175650308141146
35053381	0.00100251970082235
35055140	0.00119350169877947
35059331	0.000501264063726511
35061521	0.000491697429908105
35062040	0.000829665221914629
35063171	0.00115864349622725
35065131	0.00234189077402215
35065510	0.000745283167539004
35065750	0.000594775547277695
35066320	0.00514980715466452
35069251	0.000627254126192011
35069661	0.000623967661788897
35069770	0.00063100733210543
35071201	0.0010625688760673
35072011	0.00363554528168097
35072441	0.000578707087620618
35073241	0.000508451629957497
35073521	0.000554958757046352
35073661	0.000608194990151264
35074330	0.00523141851699111
35076110	0.000583035978617462
35077251	0.000539085924432668
35077661	0.00971433528792723
35077740	0.000700860042810402
35078091	0.00069928646202686
35079420	0.000860986528541279
35080260	0.0239244268041761
35080810	0.000667601354163123
35080961	0.000579792081285241
35082580	0.00108289544484654
35082921	0.000743193880594017
35083051	0.000650703832562888
35083400	0.000761365478628768
35084001	0.000932033155923534
35088301	0.000673508314304538
35089470	0.000879428674373404
35089750	0.0103542373444877
35090621	0.00251403927033235
35090641	0.000539292116596942
35092520	0.00796359084643722
35093521	0.000478831603694265
35094071	0.000468959471690031
35094921	0.000494050988783347
35095700	0.00200874924128275
35095950	0.00123710536057189
35101220	0.0337715624555511
35101531	0.00139703995448583
35102221	0.00200935162495218
35103311	0.00107323459306075
35103321	0.000600107561303638
35104571	0.000543267115075042
35105070	0.0010838294117441
35105890	0.000482360427103785
35107191	0.000602991272587217
35107830	0.000606213657114172
35108670	0.000871297515964143
35108691	0.000592839958782128
35109190	0.000613343256308118
35109661	0.00109798317009769
35110641	0.00231819384708595
35111130	0.000573621712663796
35111670	0.00201401318444789
35112711	0.000662302894022275
35112981	0.00939145173005763
35115130	0.00111434780190192
35115690	0.00054594039935582
35115731	0.00146282203867389
35119530	0.00201144317122469
35120380	0.00453881295024987
35122641	0.00168222061931804
35123020	0.000908277047444911
35124001	0.000605970124841995
35127150	0.000566482879968418
35129080	0.00209543487052357
35129750	0.000516214844927521
35130351	0.000555364282621336
35130710	0.000745489818087325
35131591	0.00640980561522025
35132520	0.00333727658916828
35133371	0.000692439720981533
35133640	0.000604985317317687
35136151	0.000559671474142853
35136780	0.00187047143626835
35136831	0.00224940859693387
35138361	0.00950546022016681
35138720	0.00590050028438173
35138840	0.00257480676212893
35143741	0.112683406517099
35144950	0.00182752870195467
35144981	0.00178712072095019
35149180	0.00183115408647516
35151970	0.00678710070805738
35154300	0.000829126819788067
35155041	0.000674679479201796
35155430	0.00250896660476215
35156940	0.000884619771236416
35157620	0.000611535149564647
35157740	0.00052343419060291
35158420	0.00186947006758629
35159290	0.000667908336934129
35159550	0.00114565323951341
35159741	0.00294555873953423
35160110	0.00206747012146147
35165121	0.000569676928821964
35166030	0.000513839337223213
35167260	0.0066623538150631
35168831	0.00109221804996348
35170631	0.00654429201520443
35170761	0.00212477103623166
35171311	0.00452633457267265
35172240	0.000731838411543231
35175451	0.000566851761648936
35175670	0.00153103849470725
35177480	0.00273684010926019
35177801	0.0550764328526794
35177910	0.000533332807996169
35178491	0.000529585697348944
35178901	0.000610189901748633
35179960	0.0439550874355855
35181910	0.000565526994316722
35188080	0.000846556271913041
35191031	0.000536266999015721
35191260	0.00371619436258447
35191660	0.00153973866489599
35193600	0.0155916084278347
35193770	0.0011198618990455
35196940	0.000523887742375528
35197590	0.004872655753874
35198071	0.000592913679141519
35198170	0.00243919695828072
35199321	0.00152932527093255
35201340	0.00135226995130448
35204971	0.000833908151696034
35205231	0.00067384586131453
35205880	0.00084574946251954
35210211	0.000573940798007897
35211010	0.00344316984183243
35212800	0.0131266228347086
35213590	0.000682676343884372
35217310	0.000805311544683895
35217350	0.000561314561876419
35218870	0.000534509949335001
35219451	0.000747597767915412
35223560	0.00179173307567148
35224790	0.00170497257060735
35225361	0.00714664804439419
35228620	0.00060581640334579
35230590	0.00218052336814234
35230870	0.000622040249086842
35232930	0.000587217082265241
35233101	0.00972213469629064
35234160	0.0153884539875588
35235120	0.000607180146879864
35235171	0.00524399612720156
35235790	0.0126349470071543
35237801	0.0960799428258897
35238331	0.000872504890345516
35238751	0.00385456104428949
35240480	0.000505806113248233
35242331	0.000565624515894722
35244110	0.000568485057777565
35244630	0.00212970074747209
35244800	0.00111603692383241
35245641	0.00680189675953412
35245730	0.000695764472221265
35247011	0.000813671965192579
35249091	0.000526061189134251
35249501	0.0113757959170177
35249651	0.000542680997716458
35250191	0.00169547860814533
35254020	0.00846181840802376
35254160	0.0146775405594789
35255011	0.000614815692780575
35255110	0.00648226787450538
35255660	0.00239705384435318
35256671	0.0026161423659408
35257200	0.00401656919668084
35257590	0.00108130537766044
35258550	0.00055775871200448
35258690	0.0008060973159411
35260910	0.217266528290831
35261040	0.0065121188755788
35261480	0.00193259482863136
35262901	0.000726590334592144
35269651	0.00185681344793297
35270321	0.00053615696401445
35270741	0.00101320816682624
35271380	0.000525537332401915
35272261	0.00200930378453535
35273210	0.000546766053572305
35273720	0.000504112743146137
35274010	0.000719798600581607
35274191	0.000641657281804224
35275561	0.00139347126281459
35276141	0.00719250384426401
35277890	0.00526318778269096
35278270	0.342820659628295
35281381	0.000712034757085998
35281511	0.000519047575952157
35284240	0.00144140837669265
35289590	0.00197216613041836
35291011	0.00144482075434591
35294881	0.00663929428070218
35295021	0.000729088261983003
35299120	0.00308155162203986
35302440	0.000641608821128838
35306871	0.000607813464360708
35307120	0.0411839359754566
35308111	0.000494899176303583
35308750	0.000816612953605479
35315571	0.000527491180991337
35316220	0.000522396473700655
35319680	0.000530651217219214
35320620	0.00332454398829641
35322041	0.000769886967470163
35323520	0.00167063904004323
35325180	0.000503767069677936
35325200	0.000547818147746296
35325440	0.00170538919165991
35325641	0.000680308994957518
35326751	0.00186408272333199
35327520	0.000777770361174471
35330321	0.000643810169489031
35330540	0.000530509101996863
35337180	0.00105506461318302
35339370	0.00238603956666088
35340620	0.121978580856144
35346560	0.000604666246625562
35346891	0.00270896389595738
35347250	0.000725339763776018
35351001	0.000693221559857625
35351250	0.00586866264532975
35351551	0.000576055305642871
35351670	0.00268281568315562
35353351	0.000551909333453863
35358181	0.00227365498850118
35361081	0.000749638457167577
35364401	0.0115554259993314
35365170	0.000492413928983835
35371711	0.0319181284369962
35376101	0.00060229287357656
35377330	0.00121969065771949
35377491	0.000605552021119347
35381290	0.000780667222952263
35383090	0.000877610134142928
35383701	0.00190899344516443
35385771	0.00220108168458925
35386400	0.108184294999831
35387110	0.000968887965506272
35387260	0.106143935878748
35388230	0.00213865660444548
35391961	0.000712141838708499
35394810	0.00170962781337099
35398441	0.00151734065812462
35399680	0.000619353293555256
35400890	0.00374568761159662
35400931	0.000741052380861716
35404090	0.000541629958150656
35405751	0.000574519556305388
35407090	0.00130117722480303
35408060	0.00140359218978029
35411770	0.0018910160704866
35415431	0.00107295736525062
35416340	0.000706783634884174
35418260	0.0327036815647656
35418840	0.00384157247488507
35419011	0.000911304294218732
35419151	0.000534250374341603
35422010	0.000549203744319738
35425290	0.00267605766478116
35425481	0.0037992189292745
35426130	0.000706517221201097
35427021	0.0273802097527796
35427930	0.000659141208138977
35430960	0.000660454193520745
35431260	0.00783930980300226
35434031	0.00110863033106285
35443151	0.000713844082303647
35444080	0.000661569232453154
35444231	0.0250414905727252
35446270	0.000875427778216456
35448671	0.000890086781314249
35450530	0.00056967293955374
35453700	0.000832604208349074
35453870	0.0288148179507524
35456500	0.000914838440836005
35457331	0.000666424013860711
35460651	0.000584813051726089
35465560	0.01475388808786
35467131	0.00082156913637953
35468641	0.00859901729629801
35468801	0.0145979541643814
35470451	0.000625356779544414
35471151	0.000780033719719454
35473840	0.602020285433703
35476200	0.000570138517642578
35476231	0.000984609210202161
35478420	0.0903038879975086
35478591	0.00269007365067678
35481891	0.00368703262714145
35482540	0.00860385052840224
35482601	0.00152641991096086
35482721	0.000581956334908404
35483131	0.00261383625261762
35483971	0.0031489504682066
35484391	0.00407859487060478
35485440	0.00733120380788392
35485980	0.0493120871790604
35493290	0.00189139273275395
35494041	0.00247150721581755
35495401	0.000534089781115569
35498380	0.0015045853793051
35498390	0.000614489658508586
35499530	0.000829559790502062
35502721	0.00225963905891638
35504060	0.0209479798567697
35505580	0.00123177888688603
35507131	0.000720730971866156
35510950	0.0137859122810214
35512931	0.00489780130489286
35513450	0.00534458664386048
35515360	0.000836468233847241
35516870	0.00049007212182676
35517300	0.0048299755443934
35521341	0.001411105076033
35529860	0.000543432803847775
35540241	0.00348131344870753
35545160	0.0128142412239715
35545990	0.00221183659789822
35548631	0.000942262701300057
35548880	0.00156170451913109
35550960	0.0287502418933263
35553071	0.000558361495257955
35556730	0.0113542276290665
35557840	0.311835755339363
35563760	0.00132650758446881
35565290	0.00204534799459253
35570431	0.00272260562074059
35571900	0.00350950074320413
35576361	0.00464668027981799
35576781	0.041899221294112
35577481	0.00372230399507779
35577871	0.00184266030944341
35579661	0.0767144129760366
35580070	0.00115388936526487
35581580	0.000629526298408775
35581601	0.000590337327972758
35582021	0.00136668887567005
35583541	0.00580484443297873
35584491	0.135043752209172
35584771	0.00426137193495909
35585270	0.0109295168943829
35585560	0.000768472086823369
35587661	0.0185785824809142
35588460	0.00267845260693399
35588921	0.00144751835041646
35589990	0.000525624196492455
35591370	0.000688342134088219
35592070	0.00920769075573314
35594810	0.00297576461699481
35597410	0.00113036189480433
35597690	0.00234451272381853
35599261	0.000531033044354513
35605160	0.000534227772044376
35605960	0.0013262482842332
35607920	0.0290618809847569
35610260	0.00167516080633434
35610690	0.00123303365930712
35612040	0.00070812594208525
35613970	0.00725800353552762
35615521	0.00286051151303818
35617611	0.0158569665271973
35631121	0.000980094386813226
35634670	0.00197112488184166
35639470	0.000546845515291932
35639951	0.000484962146917056
35645300	0.00176822242355275
35646130	0.00551223433447548
35652860	0.00535722851293998
35654230	0.00206338897464205
35663910	0.00124042751774099
35667531	0.000556245876908892
35668040	0.00377808444071956
35669580	0.00298413398925989
35669980	0.000643741632716579
35676190	0.00107011041670803
35677041	0.000807214753909033
35681430	0.00396216454770119
35682390	0.000540682640222668
35683050	0.000509576489606939
35689160	0.0230694715109039
35690500	0.00335102783698987
35691791	0.00119149560023334
35693140	0.000616297258127372
35693410	0.000522881581570104
35693840	0.000576652160162845
35694910	0.00055935237339784
35696460	0.00146531432326839
35698271	0.00110081647368101
35699210	0.00496174479265848
35700491	0.000690024378310896
35701601	0.000590696580461459
35701980	0.00298441967482372
35704170	0.000683924379953733
35704290	0.00156974479213829
35704730	0.000542667089718916
35708150	0.000565781628382845
35709830	0.000592617575521796
35710120	0.00164760902289703
35711251	0.00141032054324522
35712330	0.000632341485707577
35713581	0.000636576520518614
35714260	0.000661818160212304
35716361	0.00219689277718417
35722080	0.000538951455427953
35724761	0.00338430573541731
35726841	0.00116438947663147
35727600	0.00318913010370129
35729041	0.000694921243193501
35729670	0.00297018536829521
35729820	0.00396884534901035
35732030	0.0211825280284784
35733000	0.000690168562617583
35734100	0.00329913728450094
35739371	0.00205803561041724
35739740	0.000754592756704926
35740020	0.000593703664939926
35741051	0.000821406296780238
35742821	0.0335445495771873
35743381	0.000736623263070247
35743460	0.00113092847646852
35744061	0.00058266876800161
35746971	0.00073748200398047
35748201	0.0140316660105125
35748320	0.00179823261435157
35750350	0.000717251654254547
35750390	0.000726783459433234
35756040	0.00873124754608799
35756221	0.212381866647576
35757840	0.0075380286341661
35758490	0.00139479038435671
35760860	0.00125267725980772
35761150	0.000769275317036998
35762250	0.000879808745906908
35763231	0.000553283716408364
35763480	0.000747389951710199
35763760	0.000520314065732349
35763791	0.000564756602967658
35765530	0.000713517632622413
35766660	0.000496937160513427
35769021	0.00485981617072438
35770510	0.00535411213027142
35773520	0.000856913772851726
35773721	0.00120577503732443
35774811	0.00216010928716595
35775080	0.00126976315721393
35776901	0.000704542728461969
35777571	0.0777505207156248
35777591	0.000848302055290932
35783381	0.00134164091480702
35783630	0.00606734291853217
35784201	0.00359318064670708
35785591	0.00115571762046605
35787470	0.000606731485361422
35787490	0.00050912279930269
35788201	0.000808560167698059
35789540	0.011500502880337
35792460	0.000794216990421402
35794390	0.00212792331399021
35794920	0.0462980539759102
35795040	0.000602216877237626
35795921	0.000505382102716544
35796150	0.00101681177330038
35796191	0.000523990372623356
35800990	0.0244594456399125
35804020	0.00186011009284675
35804611	0.000624823690658434
35804621	0.000817664401138708
35810261	0.00164382243013399
35813151	0.00172648149240681
35813680	0.00154357132499187
35817140	0.00159516880040418
35819170	0.00795173113641387
35819460	0.000567224919922632
35820341	0.000522928815660597
35823801	0.0103345244974936
35826100	0.000540129034146712
35827860	0.00649057788644585
35829420	0.000545636933923092
35830401	0.00916894117597771
35834480	0.0337977429052788
35843610	0.00131613522029652
35843781	0.000895624906862586
35844280	0.00160236252018999
35844881	0.000830926710206992
35845410	0.002431986623979
35845530	0.00103650232146527
35845810	0.00135982639917769
35845940	0.000751676382077544
35846131	0.000676703765262405
35846681	0.00401277867515432
35860570	0.00108106156792885
35860611	0.00182127020081179
35860731	0.00214662876427079
35861431	0.000570607653224263
35868590	0.00306556440145483
35868850	0.0209685174205904
35869311	0.000480883050520431
35877240	0.00288373942241306
35877940	0.00139070156621153
35878801	0.00107178131466155
35882671	0.0255122508021458
35884130	0.00128098300503477
35886930	0.000613264161805611
35888061	0.00150355347824557
35891750	0.000949652126618985
35893291	0.00126238250206566
35894210	0.000733788999812182
35894780	0.0115995006052622
35904820	0.0012098978387465
35909120	0.000886690400208141
35912191	0.00132010338401018
35912990	0.00370822469441143
35917240	0.00496743227773838
35921991	0.00133681516105186
35931860	0.00331244514956186
35932830	0.000599581985701917
35940191	0.000598215234042211
35943990	0.0176478066686872
35949400	0.000493038346926092
35956311	0.00363808782441476
35957421	0.000894003503682709
35958811	0.00498578289153874
35962360	0.00113877201659593
35964871	0.00641348501472431
35967170	0.000678954122688691
35968020	0.140947177051065
35968430	0.00843426698210066
35973930	0.00136800575618634
35975491	0.0291641226600568
35975781	0.00230650083646038
35977110	0.0014605697319648
35978640	0.000562083230948268
35981821	0.00667261719409366
35988850	0.00760470159138863
35989131	0.000520498203418828
35990920	0.00120589501528097
35993810	0.0126678964858737
35995730	0.00195745716785996
35996591	0.00358651037236756
36005910	0.00159930579240825
36007180	0.0306041939454753
36009220	0.00106234902521464
36021950	0.0557577097028082
36022480	0.00155836692140719
36031180	0.0144555386293369
36032031	0.0024409407471083
36033660	0.00706889597397505
36035221	0.274359244293854
36042630	0.000615387044364188
36043980	0.00154068016945634
36046770	0.00232140906300182
36053220	0.0155708804356367
36055761	0.00242958316367847
36056731	0.00264952129883275
36059980	0.0011930228533238
36060400	0.00181895651737189
36060800	0.00230661441548904
36061120	0.000569128070347846
36061210	0.000599210315944872
36061910	0.00145019894570831
36062890	0.000902448230945936
36064810	0.00181150765415734
36065370	0.00353231809885619
36065561	0.00692252871381662
36065701	0.00068033468001958
36066620	0.000911934267351706
36066801	0.00496871614600794
36069401	0.14357396090275
36073121	0.00422315931215946
36075211	0.00212463284895169
36076441	0.00135368903266
36077220	0.00290745441229794
36079150	0.000692134047106924
36083010	0.000614275584300316
36085671	0.000535644375154215
36089100	0.00924604480899628
36091290	0.00803354815983921
36091690	0.0158048968595001
36092130	0.00102966714743368
36092540	0.00368668466570671
36093671	0.000539082658926416
36095580	0.0308562848322721
36096120	0.00390776464464585
36097650	0.0257578384123889
36099440	0.00396095266387946
36102361	0.00122205733242142
36102610	0.00417288700386166
36102730	0.000729876641061691
36107211	0.000822239461320756
36108930	0.000686529906788754
36110651	0.00107421631016123
36112960	0.178986051379518
36113900	0.0174918592152743
36119351	0.000629925506495992
36119741	0.00726044882994665
36120431	0.0215631222234189
36125391	0.000551459245657131
36126921	0.240134890585319
36127450	0.0166117812410509
36127550	0.00159698566052882
36133360	0.000565634220922968
36133401	0.000930469145645994
36134490	0.000615806000812411
36134931	0.0199551290153237
36137380	0.0964463887322806
36137630	0.00195163369448854
36139191	0.0006693831092977
36140301	0.00062860554125989
36141811	0.000581681070738467
36142081	0.00579923954698916
36142330	0.00061403625188806
36143071	0.00190055101058434
36144530	0.000781158304654887
36144660	0.000683829712602443
36146720	0.00101866838526653
36147601	0.0494521558966207
36149770	0.000493852987549636
36150470	0.00182679337672394
36151020	0.000653402002492768
36152400	0.000551711834879755
36153370	0.000770116278071004
36153930	0.000863110123655072
36155751	0.000940692280955522
36156270	0.00152297505648719
36156571	0.00627401848278999
36157070	0.000540790055935085
36160571	0.00118348737610918
36162781	0.000553972175725652
36163731	0.000657432968974467
36167051	0.00555603165233029
36170880	0.000989886052999007
36176240	0.000978789609014387
36176410	0.00237853719210172
36176800	0.000523234591944677
36177121	0.000867474096510601
36177200	0.000558914284638261
36177391	0.00341135801340509
36177770	0.000928967968066427
36177890	0.00156475282617294
36177910	0.00210832153837132
36180581	0.000776295149943727
36182300	0.000524644165163976
36183310	0.0221707371557588
36186791	0.012331525439549
36187341	0.0103349592773001
36187741	0.000553078817640655
36188281	0.000487679031588315
36190440	0.00527029448083805
36192950	0.000624280883880541
36195420	0.000693150033761924
36195601	0.000497152652077478
36200130	0.00155405822055859
36201131	0.00180890532962287
36201801	0.0016462592315424
36205951	0.00251069614698565
36206710	0.0978713938799994
36211550	0.00368020950816502
36214870	0.000682192421518198
36215290	0.00409513196624684
36215700	0.00101695654784978
36215881	0.00452984858995601
36215970	0.00131206804604785
36216011	0.00201695101892867
36216400	0.000469594111332338
36220090	0.00270434165326917
36220540	0.000613483498980216
36222990	0.00177356733083965
36226621	0.00244813512208269
36232540	0.106327753351742
36236291	0.00183744267032116
36238921	0.00256369854004616
36239030	0.000541515029782631
36239181	0.000666379226224569
36241951	0.00954023766145976
36242460	0.00159565973666198
36246720	0.00381924414689417
36251560	0.000675993241533342
36251741	0.000609204753489631
36251861	0.000661516361333782
36252100	0.000520895732712433
36253750	0.000748475933675922
36254781	0.00284282874370675
36254980	0.000684187989822449
36255031	0.000869618751044043
36258641	0.00390208193107157
36259881	0.00353851846055522
36260390	0.000485082632069143
36263400	0.000694413015631616
36266921	0.00090277461199519
36272831	0.000564868684543875
36273330	0.00180404447550389
36277541	0.000765100962964925
36277941	0.000587511598498264
36278470	0.00905816184426463
36281080	0.000745416579147058
36281330	0.00289204710879332
36281470	0.000551201028677057
36281770	0.000476860460490953
36282081	0.000557774743208883
36284551	0.000735998688131561
36284851	0.000659528795257425
36287120	0.00500423380340902
36287300	0.000679380636757971
36288260	0.00955460528154752
36288520	0.000684257681987697
36289610	0.00128798905242872
36289671	0.196981614676154
36289931	0.000596245491290331
36290440	0.000495125119768911
36291031	0.0157656301143372
36291270	0.000653578251533295
36292510	0.0087538787152806
36294211	0.0034445017474531
36296431	0.000687923034754105
36296660	0.0106015379680977
36297511	0.00497564037437906
36298201	0.00103772150422873
36298580	0.00181173341026014
36300380	0.00988748584318325
36300800	0.000735702868384563
36301780	0.00268463214218708
36305511	0.000582802422385364
36305890	0.0278500039094383
36306361	0.00161455503657945
36308780	0.00730247306068887
36309640	0.00604644246088366
36310720	0.000613251904482107
36311700	0.00101953046995368
36313121	0.00513983572176835
36313511	0.000560130500855526
36315700	0.00181640060196383
36316151	0.00133569585252286
36316271	0.013785751165405
36317210	0.000861151188291039
36318320	0.000630103069570448
36321251	0.00129664815633695
36321371	0.00291733616846798
36324630	0.00986813085688961
36327110	0.000584033222467186
36330570	0.00073264036918529
36332841	0.158183519804712
36333320	0.000689290448436774
36333760	0.000985423043180399
36336431	0.0502105372871704
36338611	0.0164103942252839
36339441	0.000844171031793144
36346010	0.00826524834564127
36346460	0.00680198827958508
36346970	0.000606242539055742
36347130	0.00123244339194601
36347311	0.00535797276336344
36347591	0.000678920210486769
36348281	0.0017128295712704
36351021	0.000941318659975098
36353371	0.0059711827268522
36354850	0.000677657979165924
36354870	0.00250290945911017
36356220	0.00101488240970702
36356230	0.00706545346659619
36357890	0.000636426134297372
36357921	0.000544375930768681
36357931	0.000824435375301125
36358030	0.0267455574021582
36361180	0.00126368346636644
36365921	0.00175703004193315
36367290	0.00124924912558356
36371670	0.00194517303150303
36372940	0.000735042767838673
36374720	0.023988913096939
36377101	0.0023883212276887
36377620	0.000624252526066836
36378590	0.000684813405369482
36379871	0.000530925099000985
36381361	0.00590139276903431
36382310	0.000626450967525025
36383000	0.00051498497611368
36383311	0.00626098549804061
36386420	0.00170782646460654
36388220	0.00104401591861436
36388230	0.017945171492237
36388630	0.000643888709387381
36390191	0.00100517695268416
36390970	0.00121378589380222
36391270	0.000965192768064178
36394061	0.0628315434406881
36394611	0.0437739887001782
36398140	0.00943647648201272
36398850	0.000712805987141955
36399960	0.00059675317856577
36400940	0.000488279021249902
36401490	0.00572907401263963
36402560	0.00194045573696057
36403380	0.0342213172651783
36404831	0.000517570731512946
36406071	0.000653461995107593
36407660	0.00272961836187007
36408090	0.000610988895318658
36408261	0.000593223716889272
36408770	0.00066199742220948
36411841	0.0005379729080005
36412531	0.000532552102232692
36413330	0.00113080744830661
36413641	0.00113208817554027
36414970	0.00053681106863424
36416271	0.000515894647600718
36417730	0.000723243759458289
36418440	0.00178234987535009
36418850	0.00690290423416022
36418970	0.00070507613057462
36422300	0.0149422399779935
36422980	0.000621644629608529
36427110	0.00309760161457825
36428811	0.0242354213488368
36429771	0.0643042217990545
36430751	0.170366039261439
36431280	0.00245147594594796
36433040	0.000505648745135167
36434201	0.00330641355549704
36435571	0.000579175290871554
36436370	0.00207697081109064
36436811	0.000537253875127816
36437730	0.00118816328879114
36437781	0.00462578477552648
36438300	0.000569320761382111
36438310	0.000619424590745776
36441200	0.000741565286711699
36442590	0.00352569749558801
36448500	0.00170667914042127
36449320	0.000776468596280253
36449460	0.0117409334350344
36450850	0.000535434612770495
36452141	0.000706667938280739
36453030	0.000796397130786059
36454820	0.0132363606476649
36454990	0.000553642794189849
36456070	0.000631712786840223
36459120	0.000513915627527279
36461870	0.00816519367866051
36461911	0.000677539850232223
36464941	0.0402071370504545
36465310	0.00282520445990517
36466840	0.0006661158353337
36469890	0.00218041102069103
36470150	0.00157482993286869
36472251	0.00337009228401892
36472821	0.00120391106877617
36472941	0.0102451360759133
36474960	0.00235131681018613
36475421	0.0100829450367897
36476500	0.000616849814751583
36476920	0.00423218952037287
36478191	0.00089300095747357
36480220	0.000812077360118257
36481040	0.0148759851069803
36481170	0.0369590935691318
36482690	0.000848441747625867
36483670	0.000695723179571224
36483861	0.000642784116295067
36484100	0.000570612816660424
36484240	0.00051564876146343
36485990	0.00330801287012216
36486881	0.0152861978654911
36487960	0.00133224143340603
36489470	0.000509917464839642
36490310	0.00169818942828401
36490410	0.0130425339529542
36494191	0.0265795915190185
36495100	0.00060579616885233
36496251	0.141085600393796
36497610	0.00114738906187269
36500210	0.00121001095216922
36502891	0.000626042238512929
36506690	0.00178888766025378
36513030	0.000686742850754642
36515510	0.000606189326107304
36515670	0.000526571749956491
36522570	0.000900647647188629
36523141	0.00136766704528269
36523680	0.00115652946900943
36523711	0.000673132952827956
36524090	0.00657127724654306
36524770	0.000617581719837619
36525091	0.000704687145361829
36525361	0.00350270217100369
36526181	0.000564294895964453
36527551	0.141568805717939
36529501	0.00535882129306047
36529720	0.000590560222472253
36532531	0.00919879249944979
36534440	0.000778079978977438
36534540	0.00209105239586668
36534731	0.000719820432458713
36534970	0.00570807603793667
36535291	0.0253051643114006
36535441	0.000534781634916116
36535510	0.00071701751081362
36535820	0.00238055933010375
36538440	0.0033584260249667
36540801	0.00130318040482211
36543411	0.00145232220537187
36546130	0.0296441185026172
36546560	0.00831156208947646
36547390	0.0022520507037122
36548090	0.00170773665393518
36549030	0.000613912761748588
36549200	0.00249000275453678
36549501	0.00249881363836983
36552200	0.00056453153492617
36552620	0.00144364175531822
36552801	0.00300677878131621
36554430	0.00355551708055472
36555151	0.000575132203279151
36555551	0.000662127712726816
36555640	0.00314821817159234
36558540	0.000557966576114184
36559250	0.000519280270108231
36559520	0.0060370949816085
36562950	0.22129029795426
36564760	0.0350369464579092
36565351	0.0104413743270939
36567220	0.000603164644809045
36568500	0.0122791360470726
36568511	0.00275794167184416
36575260	0.00207713142278687
36575981	0.000642900581248969
36576371	0.00238296871926735
36577211	0.255265017857716
36577341	0.000514375636646994
36580521	0.000824821916082158
36583681	0.0013257331831204
36585730	0.000977803998723866
36585891	0.000828438636710708
36585990	0.00279863561253005
36586120	0.000879981624239428
36588050	0.00158473906070703
36588090	0.000465809224904781
36588121	0.000556253230852386
36589330	0.00173887140218994
36591701	0.00172196901419026
36592791	0.000597224174220457
36593351	0.00578658026051773
36594970	0.00101808246109978
36601351	0.000745000746213018
36602140	0.000746040692558344
36603500	0.00101259551824747
36604470	0.0034437782646784
36607670	0.00225734094589785
36608111	0.000625536083254933
36608500	0.00117638521139189
36608600	0.00408179035221166
36609720	0.00312092536419398
36610581	0.000891857859703821
36613071	0.000558782135564026
36613860	0.000537977265856395
36619090	0.00465395335593402
36620241	0.000531375118647231
36620921	0.444005517172376
36622560	0.000516447326454571
36623390	0.00849883176200991
36625491	0.007034564768833
36628220	0.000825313079365264
36630940	0.00451045699404307
36632900	0.00067765442159406
36633320	0.00156963583498855
36634110	0.0073108208644801
36637050	0.00913776878919066
36637341	0.000640291160136424
36638321	0.000647155528287482
36638430	0.0029783536433072
36640360	0.000566341594387288
36642010	0.00138659346913924
36643141	0.000603570984133042
36643790	0.000698590522810533
36644101	0.00140676311699377
36646171	0.000747291496819367
36646601	0.0142267838787413
36647681	0.000528846010174371
36647800	0.00514843087644079
36647971	0.000720095738585936
36648610	0.00130865475773144
36652941	0.000966347633916423
36653430	0.0028431104482549
36654021	0.000659077317986042
36654721	0.00153590333674675
36657201	0.0328122164098092
36661351	0.000846153712504514
36662290	0.630147118114019
36662721	0.0160837741002571
36666260	0.0040328205438277
36667630	0.000511893145065667
36671240	0.00330318213814716
36671250	0.00360133858250686
36677201	0.00641864889028306
36679131	0.0026479092408151
36682550	0.00133457582082815
36684470	0.0040512501338465
36685440	0.000572644761677486
36685491	0.000858685699258333
36689980	0.000633522707839201
36690660	0.000747543885615292
36693761	0.000688692332293118
36693850	0.000976881242253819
36694120	0.0395529871348534
36694591	0.000635231093383591
36694731	0.000756772771721945
36697450	0.000643374831440739
36697471	0.000992560474332678
36698280	0.000587602973124569
36698560	0.0161002770531881
36700180	0.00155463580553334
36706571	0.0396011249062142
36706841	0.000808842347557587
36712771	0.00142420229865789
36717191	0.000512117614484588
36717201	0.000856832787005824
36720450	0.000532893139312057
36720750	0.158457439334163
36721751	0.00165557101582489
36722701	0.00386169520898685
36722981	0.00188476876775554
36723080	0.0012206608071485
36723520	0.000593031261026104
36724241	0.000493014297920438
36726151	0.000955216980771334
36726520	0.000808776610199827
36727070	0.00167438412704116
36727401	0.0214026364220398
36727941	0.000597473366238004
36728921	0.000894690494975799
36730140	0.00158893253169086
36730660	0.000709835851775191
36732060	0.0199258519132925
36734110	0.0016658891945161
36734670	0.0020852451703139
36736880	0.000490465361462674
36739370	0.000552992076607933
36739490	0.00128041978758354
36739520	0.00125954183869236
36741150	0.00357072209531722
36741160	0.00158264422058347
36741560	0.000596911789435978
36742581	0.196047558250557
36742810	0.00119072975354161
36743691	0.0115337510859328
36744740	0.000507028227903159
36746410	0.00663476612148762
36751510	0.00199277326943743
36752921	0.000644169817103596
36753140	0.000681349299060028
36754311	0.000547859329402522
36754650	0.00505334304016009
36756210	0.00514367291370921
36756320	0.000639261616607247
36756491	0.0123115710421519
36757700	0.000738393670631222
36758291	0.000783349070342534
36758981	0.000583945672718004
36759661	0.000637672600316707
36760590	0.000485955620525546
36760931	0.0553408897739521
36763801	0.000780558180086581
36771521	0.00500270849733078
36773051	0.00243725294550573
36778171	0.00064580234025561
36780081	0.000523165526524962
36780101	0.000604344163332584
36780330	0.00255019370334359
36780730	0.00201502481377053
36780750	0.272446527227528
36780781	0.0360705322061885
36781181	0.000552932818137391
36782960	0.000882856704026733
36784761	0.00272142004780345
36786031	0.00146494703362563
36788060	0.00128892241816512
36788081	0.0535141472738269
36788761	0.000946399778786287
36790571	0.0237614176951083
36790711	0.00315859157861789
36792371	0.00683088399521646
36792511	0.00166117330487968
36794940	0.00297649730427576
36794960	0.000770062075276161
36795780	0.000712925482742287
36796081	0.00196499539050245
36802530	0.000578609502598926
36802640	0.0331363960060196
36804580	0.000520090922679365
36804621	0.000559684995109918
36806100	0.000676304371439826
36806370	0.000908774379557015
36807640	0.00209976756062166
36811681	0.000930003744980801
36811780	0.00199619835637919
36813020	0.000579991645627534
36813741	0.0175833583933473
36814100	0.000896009240136732
36817020	0.00144387909422802
36817570	0.000848874739818812
36817891	0.00607171496380173
36823251	0.00347212172528229
36823490	0.00249165093596812
36823890	0.000724355778523415
36824450	0.00197261527929733
36824750	0.000523306548441854
36824850	0.00170304755132844
36825601	0.000823568561303142
36826130	0.000809046647995732
36828761	0.00179000388518976
36828890	0.00121428962708391
36829120	0.18556056739668
36832470	0.00140631840871472
36833471	0.0086822586813798
36833690	0.100311025023852
36834141	0.000681936054344727
36834400	0.0121654305871998
36835080	0.000558143190758624
36835941	0.267948840065
36838141	0.00265775420038169
36841980	0.00204264672510399
36842130	0.0016177186632935
36845471	0.00109962962899708
36846640	0.000527658065522041
36846780	0.000573571410617056
36846961	0.000722514163750074
36847910	0.000942945278275726
36848170	0.000984150700166913
36853010	0.000745802710186661
36853300	0.178422675651591
36854250	0.000524276161175791
36855770	0.000655357639081641
36858021	0.00163683753336026
36858821	0.00049256493220922
36859200	0.00186019160794717
36861721	0.0014094348730066
36862561	0.00363324292143087
36864020	0.00309561038561653
36870790	0.0918606947143458
36871381	0.0176098950081291
36871931	0.0313168976912398
36874681	0.000497399789865611
36875401	0.0155611046164586
36876880	0.0019261691943728
36879111	0.00139918140435718
36881991	0.000488214801596346
36882250	0.0456914069321419
36882711	0.00049818909482233
36885581	0.00055953924677954
36885710	0.230927868491225
36887671	0.0786374442674517
36889871	0.00221528394621364
36891350	0.00108618065345098
36892020	0.00235750787900006
36896491	0.00646082267732622
36896860	0.000479815734392354
36898001	0.00130462262275386
36899220	0.000571608092511809
36899880	0.00411653488615282
36902370	0.0153722659740169
36902411	0.000633305166058056
36903460	0.000612323688581116
36905010	0.000625780479040033
36905110	0.00122422149260525
36905970	0.000567462162237767
36910630	0.000552552234784379
36911190	0.000480079771670501
36911330	0.000542376901019222
36911620	0.00958319005465849
36911750	0.000530899956958396
36912491	0.00633191598842624
36914260	0.00053174742101117
36915740	0.00183943104998873
36916481	0.000701664045026053
36917940	0.00236616501328754
36920491	0.000687689596648107
36921110	0.000578553560473207
36921530	0.00162879850147022
36922770	0.0620001481575834
36923671	0.000516912639991276
36924491	0.00231682450136261
36929400	0.00100293213275872
36930790	0.00132739223390491
36930951	0.356165793980535
36931490	0.00512660515818114
36932221	0.00781369371891397
36932320	0.0101303123924681
36933851	0.00118711320900944
36934210	0.0054832083749804
36934920	0.000662207075110439
36935531	0.000611871738909393
36938490	0.00439999504422582
36940611	0.00220814896681179
36940621	0.000534819674507992
36941400	0.00138271326888364
36941721	0.00317893601863585
36942411	0.0355826315179066
36944720	0.000567665286529178
36946261	0.000552342990229715
36946530	0.00359949993483124
36948180	0.00332899790480499
36951060	0.000748327944397688
36951630	0.000728733702378156
36951760	0.00433876083903696
36951801	0.000805207013706515
36952010	0.000887711168939268
36952170	0.000681988769611345
36956491	0.00157030076114159
36958390	0.00162094705689377
36958920	0.00212961186591256
36959060	0.000540697477818393
36959231	0.000632155153249502
36960170	0.00150231201742679
36960310	0.000904198440848983
36960440	0.00213125175426114
36960741	0.0184178030706374
36961581	0.000482956189568897
36961830	0.000830101478562282
36964310	0.000540458753600368
36964860	0.0416352328343475
36965960	0.00148031358488458
36966070	0.00143755558879848
36966630	0.000648350186143375
36969550	0.00262575253027561
36969721	0.218533727876091
36970541	0.0125034103741114
36970681	0.00313476141893474
36971801	0.000518095293374929
36972150	0.000585261789145693
36975781	0.000627381381749315
36975900	0.000974895822819835
36976741	0.00542840524406244
36979070	0.000585751221389372
36981010	0.000794110429367597
36981280	0.0047661907833335
36982630	0.000927981193056826
36983941	0.00066913611754414
36984061	0.000714438465868496
36985110	0.00239916619935381
36985841	0.000768806990412509
36986210	0.000957568006563364
36986790	0.00498829702172659
36988000	0.019524178106437
36991470	0.000977850670559548
36992030	0.00628601842753092
36992560	0.00276269766530038
36996211	0.000782217764224641
36996341	0.000587369814807484
36996751	0.00287036591093417
36996881	0.000545265503455964
36998401	0.00183855923427342
36998900	0.00272572685983199
37002640	0.00208074561942749
37005701	0.00362411622799096
37005851	0.000768338327811525
37006110	0.00173457973411942
37007511	0.00594605769858607
37007590	0.0116432667047265
37012690	0.0312491034190941
37021581	0.00338323804295243
37021981	0.000499815541778192
37024061	0.00060173328901103
37037171	0.26942943510149
37037970	0.0129597861595448
37038760	0.00513876678195095
37043320	0.000584111589273036
37045701	0.000566992538077533
37047221	0.0018040794212174
37050770	0.00397373544229275
37051361	0.00186777015471112
37051371	0.00100606190778149
37054760	0.0112203960383636
37055470	0.00058734510822929
37059880	0.000716507905552684
37062210	0.0244570890840608
37062500	0.000612182161155897
37073390	0.00527231942811587
37078121	0.000823375513025593
37080321	0.00159270636939599
37083450	0.00125334523509744
37085011	0.0696242414624111
37104540	0.00160683785418843
37104861	0.00514697337120527
37107771	0.000656004566177262
37110480	0.00092280329402133
37111440	0.000569406970670708
37116270	0.00888327640549236
37120611	0.0115923020913718
37126920	0.000634098820895197
37128850	0.00719693114104199
37137151	0.00391458883729106
37140550	0.00234911856513244
37147320	0.0166504593492364
37151440	0.000747044851786214
37164451	0.000937255648826046
37164820	0.000636281154770396
37172820	0.000534268029284676
37173400	0.000586866666589322
37173650	0.155546632431619
37175040	0.0312711511295583
37175150	0.00448566219892442
37178190	0.000699556798131468
37179621	0.00207474297426602
37181831	0.00373171180911523
37182391	0.0478585976723997
37183491	0.000750380212918399
37186330	0.00903044662315743
37187771	0.0194100620611156
37187901	0.00435141443550514
37188700	0.011617169304345
37189380	0.000651971850903587
37191730	0.00287728527079152
37193141	0.000664018862871791
37193291	0.000651663687441236
37194180	0.00065389761087127
37196970	0.0020426039440744
37197841	0.0011570658228101
37201401	0.00269188920037448
37201681	0.000841113199083039
37205821	0.000813718607893789
37206620	0.0114886764922534
37211310	0.00216915776774171
37211361	0.000956824208642395
37215631	0.0940682891496576
37219600	0.000623301259449058
37221090	0.00125105512272663
37221660	0.000767302087862483
37222381	0.00191825615549358
37223020	0.000628864620839473
37224110	0.00613405209481804
37224660	0.00117486280870203
37224840	0.000620223778894154
37225120	0.000652800678502632
37225541	0.000645426911910266
37227280	0.00229581947150434
37229541	0.000603689579366583
37230060	0.000670008465391485
37230200	0.00104891950081225
37235280	0.000564161538728829
37237240	0.00905760336934095
37237360	0.000714766434523586
37237701	0.00649314244967286
37238060	0.000805702991700512
37239700	0.00184456844058273
37241110	0.000785964394101006
37242050	0.000704862258258061
37244390	0.00222290198009671
37244991	0.017576751244555
37245530	0.000604609784151143
37245671	0.00749970495600302
37247560	0.000918471225466366
37248981	0.00178198271951901
37249261	0.000500880403658051
37249520	0.000596333512189579
37251560	0.000590420876862319
37253961	0.000653373221515868
37256400	0.000523232390685943
37260670	0.0339846415006323
37262900	0.00204648181041128
37263700	0.00104778367110203
37265100	0.00393822184967974
37265490	0.000561566086143681
37265630	0.000865410734448316
37266490	0.000499687928287603
37266630	0.000523465898767756
37266760	0.000504711751245474
37269811	0.00434868571794389
37274190	0.00257216839746702
37274801	0.00116725285597114
37276451	0.00111537998317782
37276981	0.00253715220892419
37279160	0.0384328958709113
37279481	0.0548392669162075
37280380	0.000716868164583023
37280800	0.000802151999078679
37281261	0.00299896212108825
37281531	0.000591909330431155
37281671	0.000521861113041206
37282050	0.00158081598973349
37282511	0.00269872544369153
37287730	0.0025235638224529
37288441	0.000694543655166446
37290480	0.00156453892611759
37295140	0.00279215839153646
37296420	0.00402877440592112
37296721	0.000504556738488998
37298350	0.000620520693739469
37299881	0.0043902526544269
37301080	0.00505473256036405
37303430	0.00493445225316158
37303761	0.000723619174592103
37307071	0.000715414663644094
37309510	0.000575533566218062
37311420	0.0777113219045135
37313110	0.00320676381280437
37313510	0.00166574906014104
37314781	0.00108086649667037
37315621	0.00212402856312862
37315891	0.0147546033031434
37316011	0.000747305716213776
37317961	0.000604902294851175
37321531	0.000548768761848208
37323430	0.000917223673308956
37330501	0.00053877968355683
37331720	0.0224904793045643
37331871	0.0126434559871333
37334870	0.00151060922515396
37336161	0.0491856403836622
37337350	0.00363589335991194
37341681	0.000629769318565775
37342040	0.0028704307622411
37346740	0.00241908359203849
37395451	0.00204618080572093
37413241	0.00102925448593515
37416240	0.00214409231417075
37419321	0.000605805225945143
37420660	0.00101044977510453
37427980	0.0396079910741389
37430020	0.000634979151608211
37431181	0.000542898548599556
37431540	0.00049416195004443
37431550	0.00167642625557391
37432431	0.0213196098904806
37432540	0.000817259724744338
37433780	0.00281955772799293
37434631	0.0486046565025089
37435270	0.000478218998873494
37436800	0.000639133133949324
37437381	0.000611788759283463
37439051	0.000934047299233351
37444090	0.00958321190250134
37444711	0.000506117885817728
37446091	0.00313347207678902
37447041	0.000695082101692876
37447140	0.00135946126664224
37448660	0.159325404317368
37448701	0.000523621806682161
37449230	0.000551793893007014
37450600	0.00188001241337431
37451980	0.000527031418063793
37453251	0.0328680318061456
37453371	0.000543532652675309
37454440	0.000569678300471841
37457920	0.00371394779109324
37460981	0.00139125265943372
37466880	0.00353136042896561
37467280	0.000862017202852274
37471840	0.00100373704184273
37472291	0.000603445992866153
37475331	0.000547911895903216
37479881	0.000578212095698008
37483591	0.00647670256637282
37483680	0.00280209860675204
37484571	0.00145292271276338
37484701	0.000563348066681141
37486341	0.000523713915250388
37487420	0.00175235834697776
37488151	0.0225794396028989
37489210	0.00159068997489048
37489480	0.000580899539065758
37489740	0.000947949123170357
37491301	0.00202979885669992
37491540	0.00108457442953156
37492090	0.00518359769196675
37492250	0.00117126566294816
37494341	0.000547577168050028
37496831	0.000582128008427649
37501251	0.00320156557944521
37502740	0.000523031220862853
37503120	0.0451576040121658
37504220	0.00428744313158808
37505340	0.0518023818444683
37506460	0.000862779105910612
37509870	0.0116813638457777
37512780	0.000490547318791666
37513470	0.00116491988830924
37515690	0.00877793068284235
37517070	0.00167101342333131
37517251	0.000589425710501658
37519560	0.000486898052882714
37519940	0.00326317435143062
37520230	0.00479508037449457
37520380	0.00387349136107855
37524770	0.000648084282125493
37525661	0.000847487464641671
37525740	0.0127605796470993
37525880	0.000584341447143524
37526300	0.00291880000336936
37526450	0.00978406102655116
37527441	0.00168946084581385
37527540	0.0115376481488643
37528951	0.00142344491434459
37530320	0.000807155236245179
37531581	0.00344147480461308
37533111	0.000625246545306246
37533630	0.000741443776212711
37536261	0.000789671460116266
37537890	0.00223964434109378
37539591	0.00413658959874685
37541361	0.000935404356544685
37543550	0.00120166705699374
37544490	0.000522104919311496
37545340	0.00468477558548514
37546491	0.000897052705919364
37549610	0.0010708504967063
37551441	0.00057698386132513
37553620	0.000582875877629983
37555181	0.00170410036845709
37556800	0.000755383411431411
37558901	0.000666470989648555
37565661	0.000575123151649408
37565911	0.000967110034879599
37569460	0.000899929726627087
37569661	0.000667330185863118
37576100	0.00242212183662884
37577210	0.0167875897220546
37577931	0.000921772129217263
37585170	0.00211492518453913
37585190	0.00207028817268244
37587311	0.00263271678854721
37588541	0.000508696865978889
37588811	0.00265859951051389
37589330	0.00284549266950375
37594321	0.000553502467184416
37594570	0.000563186658820807
37594590	0.000587288377503255
37594720	0.000592486757651662
37598040	0.120276681171959
37599031	0.000794639402041823
37601371	0.000594042842912719
37601580	0.000660610932094882
37601590	0.00507689190544174
37602980	0.000606086806577823
37604340	0.00250256360578311
37604660	0.00156242798520328
37605330	0.000572410955658371
37605460	0.000628445023404108
37605631	0.0138738959357556
37607571	0.10796029083984
37609600	0.00133825271296839
37614150	0.000724234483320445
37621310	0.000753062685486076
37622010	0.00362700694652448
37622741	0.00169064112813476
37623291	0.0102032735392931
37623960	0.0166247119845583
37624630	0.00093273113719451
37624811	0.00809702058100594
37626601	0.00236745914094214
37626621	0.0036248863593367
37627670	0.000633136128960494
37628111	0.0241704384002532
37631031	0.0012218403813739
37632681	0.00997427716205189
37632811	0.00123320660582304
37632890	0.000550677101978693
37639370	0.00068003103235756
37639650	0.00173486410511532
37641620	0.00473053386260858
37643281	0.00066580430884662
37646020	0.00770661633532928
37649750	0.00091039382272137
37651441	0.00106920617197357
37653460	0.0047980096224258
37655920	0.000556430609099791
37657200	0.000629211191271466
37658440	0.000870926760023394
37659100	0.000593826159023592
37663971	0.0394582176408986
37667991	0.00983982992990972
37668340	0.00108665733443593
37670170	0.00735779495574332
37672790	0.00072067475488067
37674341	0.00261768493321878
37677371	0.000762519269462635
37678010	0.000656916565011809
37678150	0.000570766786307772
37680330	0.000690612078554129
37680381	0.000652740354729954
37682990	0.000642392633625613
37685300	0.000729635298972766
37685460	0.00159433546380113
37686881	0.000671527077917295
37687301	0.001449294166201
37688760	0.00114980364911626
37689610	0.000539664727631423
37692350	0.000773120999619951
37693570	0.000649504806436373
37694471	0.000767896342403199
37695011	0.000533366425713281
37695260	0.000520230748606387
37696541	0.0123983491346478
37697911	0.000616367812415162
37698741	0.000774471770033058
37699800	0.000515713833937643
37699920	0.00115127021691087
37700490	0.00408145301999319
37700671	0.0017289884143836
37700890	0.000599331900616076
37701211	0.00173383141578462
37701501	0.000626182541388472
37702321	0.00920412653579343
37703680	0.000499310606411201
37703950	0.0011779014645282
37704610	0.000686287843284834
37705050	0.00142582424224909
37706840	0.000577339139072884
37707530	0.000500154828919457
37710611	0.00183462115953323
37712651	0.000513703338059936
37714010	0.00050758841690007
37714051	0.000586154831599536
37714741	0.00055055115109857
37716500	0.000502007011528405
37716880	0.00364602011216876
37719851	0.000541650120026582
37720780	0.0079667051443403
37721631	0.00131016399375827
37723240	0.000582628823144426
37723411	0.00573670669863782
37723561	0.00103585652600072
37724801	0.0018344900252072
37724951	0.00106935377205634
37727230	0.0321032082595677
37727250	0.00172208789079547
37730611	0.0300775541112504
37733570	0.00267177616484673
37734290	0.000513537535876821
37736080	0.000825965868815776
37736190	0.0157310846385129
37737710	0.00073130309115973
37739411	0.00584765325722893
37741050	0.000691627463451395
37741751	0.00821976127034752
37742550	0.0173301182388167
37742710	0.000735327277702328
37744880	0.012208598766498
37746031	0.00147344649620133
37748671	0.000576380714596911
37752791	0.000733819750471918
37753020	0.00140215371322479
37754970	0.00127210747471116
37756070	0.000489764564229432
37756921	0.0006544303783559
37757710	0.00113420031353302
37758311	0.0790216347357962
37759630	0.00303478562919713
37759930	0.000611751740908522
37761730	0.00739655150166707
37762420	0.000605395495664915
37763271	0.0803556508940008
37763650	0.00314789897678282
37764210	0.22283843355459
37767110	0.00883175980595441
37770250	0.00842445815405169
37770570	0.00107998216137278
37770731	0.00538583014265648
37770970	0.00147717384322791
37771390	0.0529686366219373
37774940	0.00102117016100192
37776080	0.00114455141477526
37777020	0.00338507150927644
37778120	0.000551143304912886
37778161	0.00061498535641139
37779971	0.00199200579079673
37780880	0.00057332245066741
37781450	0.00365379044651301
37784210	0.0135429110529897
37784931	0.0103667534599153
37788640	0.000518183705109136
37788811	0.000835287948202493
37791561	0.001198353680658
37793300	0.000708823464856942
37794181	0.00146977880233312
37795681	0.000835664532216768
37796231	0.00493171616739581
37799401	0.000596873309823993
37805081	0.00658153829110083
37807800	0.000714849567951711
37812111	0.00553713513913302
37814731	0.000564922988170838
37816320	0.00207966025750621
37817570	0.00122853879263952
37817911	0.00499783116819626
37819151	0.00908743182855638
37819220	0.00160155753122342
37820320	0.0661886534187054
37821030	0.00414280917310593
37821290	0.000674251491395256
37821430	0.00135402869237706
37823261	0.000576923501002895
37823670	0.000643187273795285
37824350	0.00267079318347303
37824381	0.00064318321922077
37824490	0.00472627626833235
37825280	0.000603552143497323
37825351	0.000708762856385858
37825481	0.000581225748454084
37827131	0.00385484218753508
37827261	0.0020102566857629
37827681	0.00151777593293088
37827790	0.00374953946322094
37828391	0.0769459841568679
37828511	0.000826504430032806
37828730	0.03882289970293
37829741	0.00224680201333298
37830171	0.00213359434512442
37832210	0.000749710982525293
37833720	0.00210266352233007
37833980	0.0040716287908266
37839141	0.0006906381276358
37839900	0.000974721016618186
37840200	0.00124004905704395
37841211	0.00406641560644042
37841280	0.00053438149881077
37842690	0.000534715286211874
37845481	0.191973700020804
37846520	0.000481486089875673
37847141	0.000559830894591026
37848511	0.00324767762147092
37849040	0.000851556950765034
37849440	0.00225558151951139
37852101	0.000593269336782518
37854161	0.022672571731278
37854660	0.0139623774514966
37857580	0.000649219355398643
37857970	0.00247606434485183
37858591	0.000928916171089632
37861010	0.000958429223168642
37861471	0.00215292989785604
37863790	0.00283024287439169
37864880	0.00124568821914122
37864921	0.00705838671055913
37866871	0.00261938147459547
37867271	0.000682453557656213
37867401	0.0010814430682606
37867821	0.000897178620438588
37868511	0.00163590185199102
37869611	0.0317636536183617
37871271	0.00749299329375769
37872330	0.00183758334189344
37876860	0.000638858110200922
37877040	0.0011024047803925
37877280	0.00124795825509717
37878930	0.000641466795996084
37879281	0.00227350189893683
37879520	0.000875112026999594
37881560	0.000668339041701598
37882031	0.00545006643047685
37883210	0.00419628788097213
37884740	0.0425103484742432
37885621	0.0010179566690135
37888030	0.00144733264596326
37888590	0.0015305224641601
37889191	0.0187366482149619
37890250	0.00072183476252055
37890380	0.000565564887885775
37890820	0.000930457788409799
37891821	0.000641675338218094
37891941	0.00275595540808953
37892070	0.000772586148823304
37892661	0.00055834475687313
37895271	0.00332705612143753
37896740	0.000749568530715307
37898851	0.000673387867761584
37900210	0.000685264236246382
37902820	0.000985503630036212
37903271	0.0027077895319402
37904070	0.0006124284121407
37905570	0.000561854724158092
37906790	0.000690154553607304
37909010	0.000617415505086109
37909150	0.000524189018024753
37912081	0.000536551434531705
37912740	0.00124843062889923
37913051	0.000679605712172411
37914410	0.00347229794058555
37914841	0.000692032814378606
37915090	0.00216681984523445
37920320	0.00182889631340817
37920330	0.00657483800789098
37920651	0.00650273722403623
37921041	0.00141458900156891
37921570	0.000512984555604479
37922291	0.131738477672475
37922830	0.000537095023307165
37922930	0.00255109657650119
37923500	0.000500032221075509
37923770	0.008662119960071
37924791	0.0257265226180886
37925840	0.00113356576702435
37926981	0.000764213367056963
37927811	0.000990351621400849
37927890	0.00214661803993214
37928050	0.000548288883565992
37928720	0.00228413693749453
37929191	0.00192027692555797
37930380	0.00106812853963513
37931230	0.0104205856736234
37931750	0.016383305401435
37937051	0.00149440176790058
37941000	0.00111287951784074
37941010	0.000489155856640753
37941140	0.000480766726494615
37941181	0.000621908311163937
37941481	0.0202154392542007
37941891	0.000658963297032252
37944340	0.00180494470705269
37944491	0.0145578482810155
37944921	0.000507567629833089
37944990	0.000780720265328881
37945700	0.000682433930221349
37946660	0.000546984315177453
37947240	0.000906367125890453
37947801	0.000619714221524498
37948361	0.000645671546698844
37948460	0.000898068054699301
37953410	0.00108227876670016
37953580	0.000887895481694328
37956491	0.000913134908998901
37957860	0.000549971467802611
37960060	0.000652605797992327
37961430	0.353388538731467
37961471	0.00138276829033398
37962441	0.000563766323288399
37963330	0.000652272364471583
37965170	0.114553728139035
37965591	0.00333084703069089
37969540	0.00146160019641648
37970090	0.00374698676859942
37971230	0.00140662762066594
37973030	0.000672380259031093
37974260	0.00513942480009436
37977751	0.00118230387463713
37979821	0.00308717395491285
37981861	0.00258206899754672
37981950	0.00126257120187511
37982130	0.00150716308075197
37982790	0.0136421451773264
37983330	0.00986093126201138
37985140	0.000539713817591699
37986410	0.000489432500966809
37988081	0.00865851381040479
37989130	0.00273929777287304
37992351	0.00111711046125555
37993140	0.00137738338767872
37995880	0.000770252601244405
37996180	0.0012530423935457
37996880	0.00226085067212987
37997130	0.00195452002302669
37997191	0.000855922492224417
37997300	0.000633721592366706
38000020	0.000965454955886886
38000190	0.000564408617901577
38002141	0.000573130880609812
38004231	0.000707711586054148
38004501	0.000619368699864501
38005440	0.018494587132978
38008600	0.00179406091309939
38009430	0.000608603627494848
38009591	0.00746325075296997
38010360	0.00127673431358352
38013611	0.000674329125171244
38014561	0.000544619731078637
38014810	0.00256388439412567
38014971	0.000557083592398864
38015121	0.00076334563295922
38016050	0.000510431414903145
38016160	0.00187986548108876
38016330	0.000850787480720836
38016450	0.00172202740041548
38016491	0.000684704306165549
38017120	0.000569497146052434
38017270	0.00445643541228673
38018800	0.000509535421573458
38019490	0.00354608806229811
38019610	0.00207372319174091
38022301	0.00217020692029465
38023241	0.00310060544287709
38024160	0.00255499468081639
38028850	0.379507545407761
38032221	0.000913513314046498
38033871	0.00269965520940249
38034100	0.00130733593535777
38034400	0.593192360982549
38034950	0.00118819817842439
38035251	0.00753425923805544
38037010	0.000593856898522133
38038220	0.0251248351152007
38040880	0.00259875458137495
38041000	0.00122808604070204
38041031	0.00327229751623027
38043651	0.00158878304199172
38044300	0.000482606172152431
38044450	0.000621731897746657
38044860	0.00063787549722796
38045991	0.0709777310010565
38046971	0.00349407574926905
38048361	0.00107887805977455
38050831	0.0467215819939063
38051630	0.00202134300060597
38052030	0.000601967295100603
38052150	0.00593799888805917
38052850	0.000792379900206734
38052891	0.0017657187544651
38055651	0.0143824042895235
38056211	0.000615816982267321
38058131	0.0130383453626528
38061991	0.0118142216134987
38063470	0.102249795424224
38064310	0.0621761941097572
38065461	0.000560908028944357
38065940	0.000893057990110529
38066520	0.00131488281493958
38066650	0.000948348035260792
38069000	0.0010860770772215
38069010	0.0031652914693458
38071490	0.000976376892214791
38072320	0.00048614406437253
38072700	0.000627693830877362
38072880	0.000573946283022637
38073150	0.000520153444066744
38074490	0.00227198121595658
38074940	0.000704398077107759
38077441	0.000788359825001257
38078650	0.00285461119461374
38080150	0.000532027167918636
38081741	0.0176450589966087
38082240	0.000471549522389692
38083531	0.00294991735162673
38084351	0.0079291137960168
38084430	0.000727605379500271
38084730	0.456250757936031
38086681	0.000721588648022138
38087360	0.248302477086007
38089110	0.000575374094138472
38091040	0.00760095463834436
38091330	0.00358182290946799
38092761	0.0755734756717338
38097840	0.000629466172154579
38098110	0.00148273622058897
38098541	0.000568668049413627
38098831	0.000493599065726322
38101321	0.000670730915261154
38102390	0.0006561091295026
38104860	0.000491729749964932
38110670	0.000651341167953036
38110800	0.00905375353931903
38115330	0.00226554533770407
38115371	0.0169090789830142
38115460	0.000731496820841087
38117591	0.00975206505294594
38120071	0.00139737310657988
38124481	0.00108209170506908
38125000	0.000668373534794616
38127521	0.00122088985510483
38133550	0.0246030218256992
38137321	0.00228565732607084
38138520	0.000574192111012163
38138940	0.000944672102133546
38141970	0.0233699600641107
38142900	0.0771689225837515
38143080	0.00062249958499385
38149571	0.00151775157031933
38151771	0.000665970444395306
38152290	0.000592530921668761
38153550	0.0011121558614039
38153851	0.00307226351576432
38154401	0.000648386828275192
38157140	0.00231072312109058
38157270	0.00399790269407214
38159880	0.00460801754189094
38163381	0.00880775568886935
38163781	0.00134059860551572
38164310	0.000528353420654467
38165250	0.00769477493546138
38165400	0.000515035267468317
38166131	0.00337627647017451
38167361	0.00119142003333921
38169930	0.0108445565578312
38172700	0.000604993147096956
38173311	0.000512710758082031
38173940	0.00895647146711374
38174790	0.00281448021357032
38176410	0.00149194271769087
38176461	0.00127292631171696
38176970	0.0159996054208433
38177530	0.00050456177487517
38177670	0.00289496489165482
38178001	0.249278082766035
38180201	0.000525104079831402
38181021	0.0094284598130098
38181140	0.00147562687479357
38183381	0.00883066193992605
38183870	0.000582043154016457
38185451	0.000656109041049993
38188560	0.000996355598757346
38188570	0.00253097417786627
38188611	0.000626275847976198
38190261	0.000540418071257187
38190801	0.000828134333550558
38193800	0.00054027292185086
38194671	0.00157053535942338
38196130	0.00292015031794208
38199210	0.00190192776478901
38200071	0.00233185567912436
38204751	0.000497142110509651
38204860	0.000881504565361586
38206681	0.000676763612054144
38206920	0.125179755589187
38207030	0.00165478961651676
38208560	0.000489916974111112
38210801	0.00678647377618157
38212321	0.000977667516376072
38214500	0.00284296527804875
38215440	0.00137735743430447
38216820	0.00111364142013293
38218070	0.00138605171061141
38221301	0.000492944483796659
38221841	0.000747876433576944
38223211	0.000524641213452087
38224621	0.000557073226502209
38224720	0.0513746305269526
38225410	0.000979673141907892
38227040	0.00144242883794168
38228960	0.000647612669135056
38229571	0.00128035486229515
38230401	0.00105072574791235
38230650	0.00343284596702962
38231241	0.00152011986900015
38232440	0.000676921373905612
38233000	0.000678613580629378
38235050	0.00690815273625331
38236181	0.000551961160736176
38236420	0.00139914883650499
38236990	0.0258988455408464
38237380	0.00228193760266551
38245130	0.00259386709302185
38245380	0.0027848542375293
38245390	0.00124605386577702
38246900	0.00253470502336205
38248850	0.000618099556604274
38249090	0.000930324689164818
38249410	0.00143279551041839
38250131	0.000607715549476881
38251511	0.00285766587118496
38252041	0.000544996461017809
38253421	0.000575209084350754
38254271	0.000619063432119675
38255180	0.00905077206329528
38255901	0.000851901622036522
38256430	0.0033662068466669
38261820	0.009813323506614
38262510	0.00124695706298503
38264591	0.00254643684468457
38265650	0.0017336066612475
38265991	0.000814521901943133
38267570	0.000617091694869902
38268201	0.000820769597738222
38269790	0.00127183442524669
38276331	0.00558640720527063
38277820	0.00615712156052367
38279320	0.0031900172379724
38279880	0.00838585854022476
38281281	0.00173543155912341
38281500	0.000666093851058407
38281981	0.000571542345377111
38282900	0.000584678312771225
38284540	0.0221176164445547
38285421	0.0015817746275047
38286330	0.000637739794406809
38288321	0.000862568687700647
38290111	0.00120275042373374
38292830	0.0016367645430634
38293090	0.000524586724005981
38294391	0.000580884177015736
38294681	0.00223307614875167
38297961	0.000548210389530042
38300970	0.0458964407704892
38301920	0.00221157459078571
38302090	0.00597728303926293
38302531	0.000757821377271625
38303200	0.000537560121472351
38308120	0.00133849742544618
38308410	0.00585285600270577
38309431	0.0116214661580892
38309660	0.0377431014155823
38310360	0.000717060580432583
38313910	0.0012467362741449
38316321	0.000511768871398283
38319300	0.0018667020219884
38320871	0.000607812060287239
38321971	0.000695598615086312
38324810	0.0416737167955539
38326050	0.000728882496790761
38326220	0.000620946667712163
38326661	0.0104007841527679
38327880	0.00774540452333829
38331170	0.000637918838705285
38332171	0.000885277631864995
38332881	0.000575300931052732
38333220	0.000717900875134306
38334811	0.000565992766550803
38335440	0.384938376887142
38335751	0.00200054709678555
38336840	0.000552893893989689
38338651	0.0017339294787572
38340000	0.000610987359282717
38340140	0.000505395551876996
38341670	0.0031696575444619
38343081	0.00107133520394337
38344140	0.0512640064928892
38345220	0.00404697298537881
38347761	0.000552289673279361
38348140	0.000850999436352973
38348321	0.00663457376699227
38349510	0.0227801013996684
38349630	0.0092962973749823
38350480	0.0109180297128705
38354371	0.00826112189428183
38357400	0.000571795347536761
38357790	0.00115892719680151
38358060	0.00125273913301206
38360601	0.000659069964678283
38360950	0.00283268483513432
38361291	0.000918252688580174
38362231	0.00183384662451342
38363600	0.0305634200343717
38365630	0.000523643174526053
38369431	0.0363028923438182
38370900	0.000890646748723117
38372970	0.000576668635417308
38375720	0.00113573149510098
38376120	0.00406784340844242
38376171	0.00063583035353431
38377090	0.000540610730425645
38377421	0.0338034512678273
38378080	0.00275443139639395
38379211	0.000534907678169439
38379300	0.00119213829773907
38380120	0.0021527020396494
38383860	0.00107527835556727
38384000	0.0440327054978562
38385151	0.00133163025929355
38386340	0.00807486802667691
38387290	0.00500897449889228
38388550	0.00574653269374441
38388571	0.000827033727785726
38389691	0.0014112909020298
38389981	0.000614809894577049
38390630	0.000588608219711192
38390661	0.000731993674119722
38390791	0.0102733476810654
38391030	0.000544807955812381
38392711	0.00133924090978875
38393350	0.0110870840398308
38393541	0.00853425085459671
38393780	0.000659181126884524
38394340	0.000537596216183681
38395761	0.000740843839064295
38396970	0.201248688370067
38398760	0.0011184669435442
38399160	0.00451789633625686
38403290	0.00108248657638205
38404120	0.00208717208523388
38405261	0.0611522963625764
38406870	0.000660926891034551
38407191	0.000483346839283932
38414760	0.00340013017884558
38414880	0.00124862811204548
38415471	0.00711448068876339
38416260	0.00207860614813065
38416591	0.000709608475860838
38419570	0.0005943769967627
38420260	0.0228576465539655
38420690	0.00419566528973802
38424291	0.000849777142459102
38427020	0.000936986912599114
38429121	0.000541716059151119
38429131	0.0053864048430392
38429900	0.000552811752699988
38430880	0.000712159652122968
38434101	0.000614896209669678
38434620	0.00225308037803933
38434661	0.00051150112538078
38434801	0.000643216607813018
38436041	0.140410243561733
38436871	0.000607331548926349
38437281	0.027650561044577
38443611	0.00672304670903597
38448431	0.0177277543111453
38449541	0.00174453481955762
38452270	0.00569196794221907
38457220	0.013439288069031
38461261	0.000584533460949647
38461490	0.0388824027056898
38464311	0.00150818986016039
38465620	0.00257661491620691
38466610	0.000533086040598707
38466661	0.00110127172212269
38466880	0.000697892659312123
38467730	0.00658802831995755
38469930	0.000676091317091355
38470620	0.251090476547212
38473630	0.0117517979361568
38474381	0.000578990366155379
38476550	0.17635923790753
38477760	0.000595336078511399
38478190	0.00104562684329595
38481510	0.000533976585099432
38483611	0.0108023451197218
38483871	0.00254668988778142
38486221	0.000494533281094477
38487000	0.000497567378154125
38490081	0.0111468703744408
38490620	0.0188928993797835
38493811	0.00129026307371011
38497100	0.0100296124233229
38498050	0.000828461440483171
38500161	0.00132182777994982
38501001	0.000544303449346714
38506511	0.000531364335333814
38508250	0.000653779316894618
38517770	0.00132989817712682
38521370	0.00416078628303947
38523570	0.00182987674650555
38524110	0.00197088984793643
38524141	0.00261574586534758
38524161	0.000494827549198116
38524820	0.00218300000318994
38528151	0.00086869467892227
38528950	0.0265063936974793
38529360	0.00710827035942294
38529401	0.0161739296808793
38530330	0.00164557176250415
38531331	0.134490685920325
38531820	0.00680164130789946
38532301	0.026596774213303
38539591	0.000594435873742652
38540100	0.00188176562645153
38540650	0.00069218784026217
38541060	0.173345280363319
38542450	0.000553727268779354
38542620	0.142978866533861
38543700	0.00112706450038756
38543731	0.00670684865982568
38544031	0.000757057886229181
38546351	0.0245872705137575
38551720	0.0123814138661712
38554491	0.000907407505753876
38558340	0.0130908169834995
38560230	0.000831443803373424
38561790	0.0371628372518718
38562351	0.000781353206586855
38562600	0.00921729678982088
38565880	0.00206325853936104
38567840	0.000590897724651248
38568250	0.000630233985644089
38570081	0.0697722150521833
38570570	0.00204502618181262
38575420	0.00175406106432832
38577920	0.00303977867587967
38578771	0.00137998618664062
38578850	0.000622006773531914
38579451	0.000529720502318926
38583830	0.00137091807863472
38584441	0.0237205094610684
38585121	0.00507340217967266
38586860	0.00107550850011051
38587321	0.00249555668931952
38587471	0.00285876397360773
38587611	0.00129889912219266
38590710	0.00131217055903085
38591970	0.0124374250205539
38594300	0.000592304095060563
38595270	0.0033867928514679
38597791	0.000665451801130519
38598310	0.00153977276412475
38599410	0.0262647760029579
38601261	0.000760246443628031
38601640	0.000737281922279798
38602891	0.0181866884540481
38603041	0.00130866811029446
38603160	0.00831649229444029
38603440	0.00171258806842404
38603461	0.000574092931518759
38605261	0.000824612637903872
38607260	0.00690862316325686
38607871	0.0120729970346834
38608131	0.00633715196084948
38608230	0.00415767097252407
38610300	0.00062840216540562
38611260	0.000891509627104885
38611530	0.00257702754465428
38613600	0.00357187673776245
38615150	0.0019998614537571
38615670	0.000563087884708649
38619530	0.00158867868749967
38623420	0.00135018739321748
38624131	0.000697274502434317
38624821	0.186804667447229
38624950	0.162032491248903
38625600	0.00572953342844589
38627150	0.0520638789323663
38627290	0.025396390688907
38627550	0.00666376889018423
38628561	0.000484790317236555
38628780	0.000529219102140018
38629050	0.000756699165544795
38630030	0.00837565563177229
38630460	0.0130951192890341
38630771	0.0144956466470889
38631410	0.000628290414278758
38631420	0.00888720480010273
38631430	0.04417118703764
38632230	0.0058293947458359
38632681	0.0023543581083681
38633101	0.000509971536880902
38634310	0.0133761358042043
38634460	0.000489350542172813
38635041	0.00430891617395267
38636001	0.00508110162080193
38636510	0.00187652250927456
38637101	0.000762056419975908
38637921	0.000844412499064951
38639601	0.00326912252826896
38641791	0.00055000220848147
38644770	0.000511559162255724
38645360	0.000904847714075549
38646440	0.000483196349358447
38646751	0.00585425865720841
38647461	0.000605995106364661
38649470	0.00650804987947919
38650290	0.00155421854889186
38652541	0.000729937433769658
38653180	0.000550555152772644
38654730	0.000574650217728914
38658081	0.0073370805541417
38660281	0.000616211543946245
38660630	0.000768255062393692
38663290	0.00460565605005738
38663451	0.000582437837981954
38665531	0.000633781732778918
38665760	0.00580995597140174
38667110	0.000482046574451591
38667570	0.00347625791495638
38668551	0.00576886701258056
38669210	0.000821218001286037
38672250	0.0122824794623175
38674491	0.000854673873400728
38677620	0.00490383058094813
38677641	0.0202764895497507
38678310	0.00278214957435279
38678590	0.00797549204647468
38680770	0.0212015631395283
38681200	0.00186168431298451
38683250	0.000495036353530116
38690331	0.00623755914411149
38692411	0.000542675684046914
38697200	0.00174259125904025
38697350	0.000688454685190492
38698570	0.000556183105524564
38699700	0.000867984675156953
38701330	0.0011369960855176
38701450	0.001911645169081
38704811	0.00675647236472371
38705111	0.000621801806969638
38707520	0.000676770799094886
38707950	0.000569295612887887
38710840	0.00192507063381057
38711000	0.389231123820832
38711400	0.00221231253827014
38711800	0.000743956390914349
38712510	0.110530546321752
38712630	0.00632774093346506
38712770	0.00072265636045046
38712940	0.000704285276435158
38713330	0.00222279933142248
38713480	0.0021482219620218
38715041	0.00105111078404379
38719560	0.0728088471345179
38719711	0.000853796658496562
38720831	0.000661499723496214
38721641	0.000602053158913224
38722341	0.00058929118266465
38723291	0.00826365874809261
38727260	0.0048596518394887
38727380	0.0557767351787886
38727851	0.0180543351405993
38733511	0.00118178034981841
38737371	0.00585698656617658
38738440	0.0015546405430488
38739181	0.00511410663931675
38743700	0.00209423456287105
38743711	0.0637947819998674
38746430	0.00120051351849069
38748930	0.000522418922922182
38750580	0.022664094788524
38752531	0.00139989869045604
38753911	0.000541201652175733
38755130	0.33322377020937
38756380	0.000919027801423243
38759690	0.00161327514199117
38760370	0.00348628550358797
38762690	0.00325246438751513
38764100	0.00132458024314887
38764780	0.00109390360709664
38768380	0.00106814833564659
38774150	0.00965537988733538
38774420	0.00108818048164448
38774481	0.00301586293805136
38777330	0.000617369746834052
38781350	0.00050296092557249
38781740	0.000484368971914829
38782820	0.000517106841673788
38783660	0.00580868358403949
38787431	0.0101054496174087
38787991	0.000580248912915621
38792090	0.00344835085014834
38795151	0.00048576596220084
38795161	0.00195100540645376
38795981	0.000727201402873038
38796340	0.000861393035087765
38798820	0.00062477770296964
38800080	0.000765234472569131
38803130	0.00115057043758225
38803390	0.00370353875840789
38803441	0.0875803062661951
38803940	0.00315474602948973
38804920	0.00126264079577714
38804941	0.00134361374021403
38806140	0.00048477979761689
38806270	0.00126164174766676
38808951	0.00808949952790362
38811390	0.0144594166850365
38811920	0.000560052735255545
38813170	0.000790291678717521
38815530	0.00148447414106872
38817610	0.000995731228200169
38818201	0.0107617590659783
38821480	0.00113596961719456
38824240	0.00379675327861604
38825771	0.000594646482992979
38826850	0.0507254973085074
38831161	0.00286033153630992
38831930	0.000763763908116305
38833050	0.00484566943549383
38833491	0.000810945107928456
38833580	0.0122285995987144
38835441	0.000645838239020556
38835930	0.000676859861879526
38837850	0.00121055810852042
38838570	0.000600333187052283
38838970	0.000557405654498125
38839960	0.000547552265310652
38840650	0.00100133147720872
38841320	0.000562456691427246
38841351	0.0210300227604221
38843270	0.00138742734536137
38846471	0.000610164263139653
38847640	0.000869863681907826
38848111	0.00070323578784644
38849211	0.000574979202003316
38850000	0.00170122595718796
38850400	0.000980144067295354
38850410	0.00662194258303771
38852490	0.00649004128521862
38853850	0.00483917787426482
38854741	0.000746853726519128
38854980	0.0817413228367298
38855540	0.00112426911273657
38856340	0.0389305293048332
38857740	0.0009639676198632
38858741	0.0104881548425156
38860650	0.000851533419984715
38862990	0.0227600080077743
38863021	0.00112673065453598
38864220	0.00101619189811008
38864630	0.000620207019967465
38864791	0.0032905449052406
38871431	0.000705040081184744
38872620	0.00139328908076195
38872661	0.00111233429865033
38872900	0.00467997287720902
38873850	0.00108727851052733
38873990	0.0209281026422059
38874540	0.0236546307383388
38875250	0.0053700047514269
38876620	0.00653802464999331
38880251	0.0089115474333276
38881990	0.00301311316433032
38882321	0.000907804457549784
38883240	0.0322708233594474
38883650	0.000767749393366483
38886311	0.00454062487798638
38886871	0.000540844348149635
38889750	0.000716383010520596
38890611	0.00394460088716901
38892490	0.000664988269297084
38892760	0.00321845252450892
38893160	0.00213489089997856
38893761	0.00135870778662093
38896121	0.000504783028159943
38898120	0.0108532848615614
38899151	0.000818820702484082
38899851	0.0456210590036332
38902130	0.00198360171188381
38902980	0.000855186107201233
38903500	0.000613898265909144
38904740	0.0100085826379734
38909501	0.00206257918907731
38912190	0.00205097204649421
38915520	0.00121522761929927
38915810	0.124772508421373
38916600	0.00067018211448916
38917190	0.00319110267697458
38917310	0.000747240956255329
38917710	0.00293158098690752
38918160	0.00233137081419023
38920360	0.00149496652806221
38921201	0.00700415944719358
38922120	0.00820088911417444
38922260	0.000968774915891519
38922991	0.0582440664751968
38924890	0.00192179785375959
38925481	0.000889415053076409
38925641	0.00235595615478864
38927120	0.104387928587442
38930270	0.156795426836633
38930301	0.00187055454259577
38930830	0.000915806915703559
38933631	0.00200303528617883
38935220	0.00104387547330385
38936931	0.00139849632614025
38939821	0.000496019356122569
38944490	0.0107534510029497
38950461	0.00252662788995597
38951291	0.0213776446329041
38951520	0.0012389453916701
38953771	0.00284585410836064
38955981	0.00211692160969967
38956521	0.02399982328185
38958410	0.000813300892647649
38959141	0.00064510853399024
38960121	0.00166454114911853
38960251	0.0268975705357316
38961720	0.000555072086595311
38961891	0.184076064951238
38963490	0.000811697797989476
38963640	0.000756736294654314
38966800	0.00149652526889451
38967930	0.00311576996954463
38970700	0.00349970960396352
38972730	0.000827609862490768
38973771	0.000508083391925355
38975630	0.000636274613083745
38978181	0.00648182236902383
38978820	0.000754710773952969
38980320	0.000512845669058236
38983910	0.0109386014141356
38984531	0.00251594914917472
38986041	0.00104300257842017
38986171	0.000507340588878613
38986601	0.000697299147962138
38986950	0.00049794397640343
38987350	0.000524164237394838
38991670	0.0239243239722721
38992460	0.00190975377102946
38992521	0.00405723983186764
38993901	0.0273302169152042
38997600	0.000496282619903131
39003630	0.000892295410902835
39004080	0.00305167998646941
39004180	0.248797890913594
39005040	0.000549789692106343
39005310	0.0369782718096604
39007350	0.00190271490464074
39009160	0.00211580973641026
39010000	0.000576077125001058
39010390	0.00202299672769352
39012361	0.000682180415197979
39019271	0.00135657402375999
39020450	0.000904559767001629
39021180	0.00106625849118955
39024221	0.273606726184407
39025000	0.00555615357750061
39029980	0.00105990030990345
39030410	0.000525709028391751
39030960	0.00475165721741316
39031261	0.00146529831925626
39032651	0.00081741116420492
39033150	0.000764958032793879
39036320	0.000602472867296079
39038031	0.000518575661035597
39042981	0.0086562351757335
39043831	0.00664564412203108
39044651	0.0147758290663776
39046530	0.000555835573564822
39049870	0.000709365652418587
39049891	0.00151959901778032
39050011	0.00055704346750942
39050250	0.013023769019595
39053990	0.0349654473238755
39054390	0.00405456167044994
39058820	0.00209838693187195
39062810	0.0350713032201637
39069611	0.00060706673813942
39069761	0.00282226152196918
39069830	0.000868188833314414
39070021	0.129444472840973
39074161	0.000678261841595586
39081580	0.00368609988502546
39081761	0.000696227591743386
39085741	0.00104020510701557
39086940	0.00355507018317786
39090820	0.000529695484336667
39093071	0.00170966224742073
39094701	0.000477826061577886
39098291	0.00227677391873244
39099391	0.00137256298570088
39101871	0.00228933864446425
39102400	0.000531380679984142
39102810	0.0644798171737679
39107070	0.00168405308129743
39107340	0.00746179896023803
39107411	0.000613687361652571
39110670	0.0120009626351589
39110920	0.000584647522464173
39111790	0.00214883873249072
39112921	0.000561172476916804
39115411	0.000908028572233381
39117000	0.000790271289470632
39118421	0.00059025740556398
39119920	0.0108097972542471
39120101	0.0264526347811868
39120860	0.000621554008975814
39121331	0.00976475347570887
39125960	0.000721662483310962
39126441	0.0010661652897573
39131271	0.00175618732645853
39133891	0.000860826549326361
39134250	0.000480945514404294
39138151	0.00442886559293162
39138920	0.00068789182470556
39140091	0.00152408269746402
39141300	0.00135672445978111
39142130	0.00207221235396628
39142240	0.000540105351656635
39144450	0.000621619900017741
39144710	0.0311247703443753
39145290	0.000794541020504771
39145700	0.00164990050449663
39146820	0.0352336835884881
39148631	0.000577473983687957
39151330	0.000920666165473148
39152040	0.001032080408036
39152720	0.00181930283728217
39154851	0.00237961435600973
39155230	0.00247506455792437
39155750	0.00206550526120847
39158151	0.0011339335651156
39159671	0.00209663669352417
39160570	0.00150122720940079
39164600	0.00155654619579063
39165020	0.000635554145142112
39165960	0.0671522733559387
39166001	0.00788155325131722
39167210	0.000801466362543746
39170360	0.0145910630226267
39172231	0.000585514320814012
39173670	0.000921874743459503
39174510	0.00151851744517942
39175770	0.0013728198438943
39176020	0.000655024602415662
39177861	0.00205467271471108
39179760	0.0149141576347947
39179910	0.00743378528459931
39183370	0.000919040104688965
39183681	0.000854429491524448
39184040	0.000593727772965913
39184050	0.130095784659616
39187671	0.000618221605457438
39191900	0.00586697212911069
39193591	0.000860225362929653
39199251	0.0241129938873848
39199360	0.0175969373862797
39201960	0.0021470014290562
39202770	0.000555708469765363
39204590	0.00172790473134924
39205041	0.00261195622114198
39209321	0.000541035801740922
39209591	0.00188313042130822
39211090	0.00222805999561244
39212351	0.000679173077373761
39216710	0.00635838249428595
39216751	0.00184076694277084
39219931	0.000746823340825515
39220600	0.00159633744138145
39222551	0.00329466457479047
39222920	0.000516476247983615
39223900	0.00064086542678009
39225181	0.00240805763329696
39226250	0.00506813876036367
39227231	0.0506290822880555
39227880	0.000551067800158269
39228850	0.0132750747890893
39229540	0.0190278975766389
39233700	0.00109830211962012
39234510	0.00133364390250739
39239200	0.000572689117704523
39239740	0.000498884064582603
39240911	0.000527226070188048
39242790	0.00799096102056603
39244570	0.000513187485413523
39244880	0.00138716950279185
39246660	0.00568194739567782
39247890	0.000486952972649638
39248201	0.0019858660193856
39248320	0.0036730087662931
39250790	0.134705498456679
39252860	0.000918564788102222
39254401	0.000714985632865222
39255371	0.000489309421026124
39255641	0.00267824673081577
39255880	0.00187623775931684
39256081	0.000649731272830217
39259241	0.00289996766825697
39261250	0.0012162557194524
39264061	0.0649565403574689
39264170	0.000549577435581442
39265311	0.00066831491672591
39266080	0.000762861793877693
39267470	0.00372741885023725
39268170	0.000584918988052258
39269430	0.00234563587967229
39272491	0.000510402441781305
39276761	0.000724684397625406
39276860	0.000730944019340546
39279210	0.000559522940415283
39280050	0.0106627807444447
39280901	0.00909594355332139
39283450	0.00188140270098198
39284221	0.00282298948112044
39284331	0.00219379121495528
39286230	0.0011526371847888
39286691	0.00120965671874311
39286900	0.00055893439606947
39287101	0.000546201937193166
39290250	0.00219174933535098
39290510	0.00196468233392308
39290660	0.000655947511153339
39296020	0.00106603487618064
39297301	0.000693244968202776
39302640	0.134324046970349
39302831	0.00107270954334028
39303781	0.00983438592028374
39304751	0.00200317882758453
39309591	0.00299233695341852
39310510	0.000979708708639203
39315521	0.000592068794126572
39316471	0.00169635504700154
39317420	0.000669686920621038
39322790	0.000516802341113141
39324491	0.00220180225198096
39325021	0.0287199952171424
39328990	0.000652770480498748
39331210	0.00181594255082683
39332170	0.000692138682507362
39332471	0.0242702430397237
39332491	0.000619608458083618
39333011	0.000544187832430283
39335480	0.00137896488291353
39336040	0.00240072525188868
39336580	0.000651588405553161
39336710	0.000999661126783331
39336990	0.000665311664237678
39338100	0.000682437646867673
39340180	0.000545457674903242
39340440	0.00066316409142707
39344010	0.00142178793364935
39347231	0.00630717845672041
39349390	0.0429871066742274
39350070	0.00645232600115288
39352211	0.001984327343172
39353270	0.00221647187405201
39355600	0.00348384773412509
39357130	0.029916096735643
39357561	0.000527048753189854
39357571	0.000603573966132959
39357581	0.000660874662462163
39358251	0.000581391565232368
39358910	0.00205767600354507
39360980	0.000564806276289692
39364871	0.00127461685586409
39365161	0.0660438721561081
39365670	0.0105128598131002
39365810	0.0420144420264374
39366131	0.0343933861589884
39366541	0.00102367369806348
39367651	0.00107305780155767
39368461	0.00203332310441453
39369280	0.000663512129467779
39369960	0.00170873925391484
39369991	0.000720330876111619
39370920	0.00172132968757722
39372061	0.000881048309298495
39373110	0.0511904580623981
39375631	0.00058761021907068
39376980	0.00100707019223874
39378500	0.00584665999719738
39379060	0.0463412527251728
39379070	0.162277894996183
39380041	0.000812418504760256
39380410	0.00102701096152357
39387610	0.000868849634531371
39390251	0.027887512654692
39392410	0.000624038075533977
39392820	0.00184229495836121
39395221	0.00051926483379605
39397561	0.000790215193934055
39398380	0.00170368352006555
39398640	0.000717547252706849
39399850	0.000556978398707963
39403101	0.00114489237739387
39403480	0.000645605419048589
39404290	0.00145734886222141
39404310	0.00059380118502912
39404690	0.00218690499926942
39405711	0.0253389245608707
39405820	0.00151459425261554
39407371	0.00231866415244884
39408540	0.000663487171462817
39410411	0.00151631449039012
39411351	0.000501882000695197
39412840	0.000751953030447761
39413380	0.00103583614695338
39413530	0.00128083347706475
39415310	0.00542088452067804
39415580	0.000676529257291577
39415641	0.000703307002741701
39418220	0.000846757075990763
39419450	0.00209911429027007
39420400	0.123728456444753
39422780	0.0251239922081795
39423371	0.000681858095293953
39423911	0.00406999738400032
39424690	0.00104303031670983
39428980	0.000834346108659443
39433421	0.00213013265172885
39434350	0.023782692690177
39434931	0.00465065057634059
39439160	0.000522733921673608
39441240	0.000542220205471189
39441400	0.00223814828267791
39441810	0.00251367016626125
39444321	0.0376178415278062
39445250	0.00537235973690915
39446521	0.00178126023350593
39448420	0.00459505106192353
39449421	0.00132709206132492
39450121	0.00227502732297249
39450261	0.0289487823407627
39450640	0.0120647181019531
39456181	0.000576834756907382
39459180	0.000830229022993112
39459190	0.128893850372182
39460031	0.00516458634045874
39461021	0.00642208144527343
39462050	0.000562222158693819
39462190	0.0160497778763715
39463740	0.000565518665805736
39464260	0.000630381411612871
39464741	0.000735135507497986
39464820	0.000590940789867575
39464970	0.000857272841312605
39468960	0.000909517397945418
39470391	0.0238254922320412
39470951	0.000590472287222487
39474600	0.000639519322394121
39474630	0.000596658556530856
39475921	0.00468353224241007
39475980	0.00132999255959758
39476290	0.00184412867764741
39476560	0.0307099386206093
39478350	0.000681908957870322
39479740	0.000513821862545403
39481380	0.00163043481473128
39481520	0.000606983357010131
39483631	0.00479649459884092
39484260	0.0005559958996729
39484440	0.00240286184811951
39486370	0.000687316471281256
39486791	0.000609023688893721
39486941	0.000489183606460119
39488031	0.00152117194033449
39490661	0.00066460087729901
39490671	0.000567351200908101
39491710	0.130877683329183
39495751	0.0175055670570041
39496471	0.00171297738138161
39497110	0.000722232933909207
39497920	0.00345592733532129
39498200	0.128680133777765
39503341	0.000567859778411655
39503980	0.00240815717063216
39505431	0.000583085148928221
39505790	0.000574784204361022
39506340	0.0013569071243366
39507020	0.00054609331614195
39507631	0.00120271736305241
39508010	0.000964634796205698
39508461	0.00658814117212346
39508960	0.000618862628464942
39509831	0.00359030924700469
39509940	0.000524393834148727
39511010	0.0239856994333125
39512000	0.0168432532834842
39512850	0.00072866134009876
39515221	0.0068251202771012
39516331	0.00105745427336715
39516991	0.00164053682072858
39517380	0.00215144512055449
39517510	0.00283843229211728
39519560	0.00242420117486846
39519710	0.0103978529022962
39521821	0.00323314079791245
39528010	0.000525614827466606
39532940	0.000744617855912706
39534360	0.00487388891035939
39535061	0.000495497866085819
39539440	0.00498189500620173
39541810	0.000766489950836079
39544840	0.000796405162441414
39546870	0.000649123127850484
39548010	0.0011589998279945
39550180	0.00206017263748155
39551040	0.0232936020872266
39551580	0.000537704716079439
39551600	0.00198697041548756
39553370	0.000688687243585646
39553530	0.00117134683762707
39555280	0.000877097206974926
39555361	0.0167602051410223
39556171	0.00384016935194285
39556871	0.000690756046887519
39557401	0.00513741493018735
39560301	0.00227791654766283
39560700	0.000514224423199279
39563870	0.00570212345754029
39566080	0.00203668834144083
39567081	0.000515228779557716
39568311	0.000959506186044617
39568950	0.0298693858679575
39569821	0.000526808051848476
39570360	0.000617449193528634
39571061	0.000581085379109091
39572171	0.00230414624477374
39572451	0.000667409084503049
39572840	0.000560305931159063
39573250	0.00157018856555355
39575081	0.00201166551972724
39575980	0.00131158274810193
39576581	0.00092571412443273
39576591	0.000608030294017283
39580810	0.000813825426245573
39582890	0.000781441931750785
39585411	0.243828289917581
39586501	0.0436333745753779
39587631	0.00348674118537822
39588420	0.00144746575151497
39588940	0.000655129845091761
39591481	0.0207744956183429
39591580	0.00157670425465916
39592840	0.000899971424690344
39595870	0.00236688000345265
39598501	0.000593078115554257
39599201	0.0108733451802342
39602361	0.000707650604235863
39603020	0.00172961656470402
39603040	0.00274899717502979
39605780	0.000630849129839707
39605951	0.0163553551423217
39607870	0.000660036603767269
39608031	0.000886140282903401
39608270	0.0844771163869126
39608711	0.0481493531660966
39609411	0.000818444171957124
39609490	0.00270077939642206
39609561	0.00252326282250121
39611601	0.000861434272683306
39613401	0.00166328273321931
39613930	0.290571572873346
39614340	0.0016263311417817
39615891	0.000646392689468498
39617360	0.000706021332499367
39618210	0.00132411103663049
39619170	0.000491435296866672
39619560	0.000500070954389955
39621110	0.000524729471842813
39621541	0.00100382461178425
39621821	0.00160458708911029
39622911	0.00410654313081365
39623020	0.00121619007637928
39623990	0.000900289970904986
39624851	0.000630548833660573
39625401	0.00140698609027393
39626190	0.000629657746707923
39626490	0.0100399552684442
39626781	0.000711462097486084
39627290	0.105140620974042
39628100	0.00319886697006581
39632110	0.00363569462857744
39632841	0.000681721337342722
39633121	0.00426430423075238
39634170	0.000776418143801089
39635010	0.000877184669524073
39635030	0.0626671503140234
39635351	0.00153611040587411
39637660	0.00055871735453339
39637910	0.00234734337563151
39637930	0.00112176216468084
39639430	0.00569770428959037
39641391	0.000552162021680455
39642330	0.000892537350233052
39642651	0.00136302383108127
39642771	0.000503378324008159
39643840	0.000640893075450379
39644000	0.0176134668081737
39644841	0.00153796235297063
39645230	0.000635749366017481
39645691	0.000548598414415447
39648451	0.00145611755085763
39650040	0.00178517317097488
39650180	0.00156577913671203
39652670	0.000620208446340163
39653080	0.000584695922844455
39654460	0.000521416531797
39654480	0.000783932675277394
39656810	0.000707681834086532
39656820	0.00179935362518119
39657340	0.000594053741347386
39658720	0.00192491711625945
39659000	0.000691465634751535
39659840	0.00128515420143999
39660830	0.00100031172208688
39660841	0.00075131057639384
39661510	0.00215028413485424
39662781	0.000487265780258748
39664550	0.168516346031885
39665200	0.000494363968292645
39666771	0.00408444318788419
39667850	0.00307127394709377
39668100	0.0044539966590847
39668510	0.0005176110465335
39669230	0.000687890173874812
39669541	0.0035958789245254
39669801	0.000610409444281539
39670081	0.000731093350451412
39670460	0.00093599210945679
39671300	0.00353418128045012
39674511	0.0233193552747165
39679310	0.0140557242441569
39680810	0.000555766567677295
39684130	0.00142801346506787
39684950	0.00157488744508952
39685131	0.00177696283314116
39686060	0.000643454627792958
39688930	0.000984925977678104
39689360	0.0362647920694291
39689900	0.00252091255441324
39693220	0.0108659125123088
39693630	0.000861202997521587
39694330	0.00188815173134653
39694931	0.000986345418741815
39695000	0.000700569144818726
39695820	0.000704168905663137
39697100	0.00323651305597443
39697251	0.00750172717752638
39697370	0.00433952323585624
39699270	0.000912260609294277
39700390	0.000708344380197447
39701350	0.000582004195542767
39701551	0.00962316417125215
39702221	0.000924964310222684
39705480	0.000779222559952027
39707010	0.00155726984577381
39707201	0.00338910336724846
39707960	0.00511384541896368
39710231	0.00211557567081523
39710351	0.0102044673749841
39711061	0.0005644355964161
39711471	0.00121410186545509
39711970	0.00209999603253615
39711980	0.000525572540868514
39712141	0.000578954143885988
39712400	0.000575959377358219
39714050	0.000610462015589096
39715311	0.00136550890195795
39717661	0.00433849997398821
39719051	0.00109281035218416
39719420	0.000670882903663904
39720120	0.0154347994561301
39720141	0.00212699509935618
39722160	0.00209379651805041
39722211	0.000531620950965428
39727451	0.00258950174258674
39727980	0.00200229824016517
39728400	0.0021170573275862
39732820	0.000567367966146276
39735171	0.0139946832679454
39738200	0.000673172212541278
39739710	0.00179452971932407
39741210	0.000521676361140227
39742200	0.00088402302157073
39746450	0.00375152209435678
39748281	0.0344156518700067
39748841	0.000894550288367316
39749090	0.0011294591608305
39750740	0.000590273006216571
39750921	0.00411035191334227
39751171	0.000602525321941531
39752640	0.000734955932192964
39752940	0.00147926332532111
39754351	0.00228051065727712
39754610	0.034467481790431
39758351	0.000858455425641282
39759861	0.0125180604741276
39761531	0.00348849196053163
39767850	0.000821059302884595
39767871	0.000872759786475062
39768021	0.00081871142008466
39768800	0.0262683516813106
39768981	0.000507398300131303
39768991	0.0201184895392116
39770600	0.00141196012609984
39771130	0.000485998684922224
39773200	0.00587188485848645
39775000	0.000740957414693775
39776831	0.00394207123146085
39778091	0.0468085972253405
39778430	0.000652393676905511
39778730	0.0014425466747714
39779430	0.00102980864128607
39779471	0.000732533416707159
39781121	0.00270303816639331
39781190	0.00241688398959278
39786201	0.000582671076708834
39786300	0.00175509703468312
39789220	0.00736359159597229
39791721	0.000673673433681819
39794710	0.00724890202595212
39795830	0.00122602309304507
39799601	0.00172028098235287
39801500	0.0311986669154092
39801770	0.00147994675152553
39802771	0.00596583135877207
39805941	0.000684797220426005
39806460	0.000791487839002733
39806980	0.000757211547205811
39807420	0.000543801581081109
39808260	0.000588078189880411
39808670	0.00319811798683756
39811991	0.000651560120754203
39812780	0.0011378465649636
39813220	0.0310422377548081
39815960	0.0013203160197863
39816770	0.00067868380561623
39816910	0.00153896371044012
39817050	0.000629724782352034
39818221	0.000673589947847055
39818310	0.00053047591017841
39818631	0.000706276932973267
39819280	0.0121631729466883
39821460	0.000971921508269567
39821470	0.0040176147804048
39823120	0.00254654344946117
39823270	0.00243907341074746
39823861	0.00162376950643321
39824551	0.00164386092460425
39824841	0.0107101507018142
39824981	0.00271411818254041
39825500	0.00317197798182153
39826061	0.00455200326638172
39829470	0.000589432301856745
39831441	0.000757036441494563
39831601	0.00172104474205459
39832230	0.0136844260416783
39834460	0.00779802130287327
39835031	0.0010108807863124
39835741	0.00208954004804441
39836090	0.00407436561544072
39836120	0.000561756511956034
39836770	0.0307240848747418
39837531	0.000962076826572384
39837811	0.000905049159614218
39838351	0.0240397713635205
39838590	0.00215556046968455
39839840	0.000679413733166866
39841391	0.036344310784558
39843851	0.034693237988205
39844401	0.000693803824241345
39846771	0.00110980121065375
39847420	0.00058008108719013
39848350	0.00155146865408021
39849040	0.000827487022319599
39850980	0.00297924715924865
39852810	0.00215494168323204
39853511	0.00953454109433267
39853651	0.000577532381537836
39857340	0.201802172891735
39858420	0.000792984849779622
39858751	0.0199367002257556
39859021	0.00155636185638163
39859721	0.000620154540768855
39861781	0.00158283748356244
39863960	0.0012440851987504
39865091	0.00251457321413891
39866201	0.00457666994479869
39866580	0.00300199139397481
39867140	0.00252334365027222
39867670	0.00565758671415538
39868250	0.000567787239671133
39868951	0.00240657755553779
39870020	0.0126151659412222
39870830	0.0609490517319972
39875000	0.010234267141144
39875150	0.000859682822916872
39875181	0.000655289132366616
39875851	0.00105231851017856
39875871	0.00591027610463999
39878840	0.00106516168864266
39880681	0.000865458130832042
39880951	0.000832275766835064
39881350	0.000638237161599655
39881371	0.0146134153294861
39883250	0.00319737531710946
39885080	0.000825557336580658
39885890	0.000702308015122952
39886081	0.000558433034294318
39887940	0.0281010610670991
39888961	0.00421628872747524
39889750	0.000865955477930684
39891280	0.000850726017407057
39892551	0.00149501220090656
39894040	0.00346836325268735
39896831	0.00149625712193902
39897630	0.000611973243467307
39898351	0.0114134697203165
39899670	0.000490183200997764
39899841	0.000707326908892214
39899871	0.000830523256120752
39901760	0.00144053738596224
39904141	0.000799639991874842
39904250	0.0060185966095764
39904390	0.0399520478138696
39905921	0.000747872079999929
39906020	0.000925522883289334
39906440	0.000551323123136134
39906730	0.00213803424546354
39907000	0.000499735719612792
39907560	0.00183919272016898
39911130	0.0130017688866756
39911291	0.00063892318399204
39911571	0.00050609975202728
39912271	0.0342245578187072
39912951	0.000561885291301551
39913641	0.00713294945433027
39915410	0.000532644296919877
39916131	0.000725487796945909
39920660	0.00317711350848897
39921641	0.00081261857484787
39921740	0.000739527562046403
39922751	0.000544423845203604
39922860	0.00427083637591288
39923250	0.000634129908816421
39924961	0.000565160968194321
39925070	0.00153782291938824
39925371	0.00498082251877873
39927000	0.00165726091213899
39927830	0.000624948011791449
39931861	0.000537504181585395
39933631	0.00159849166673809
39934061	0.00083638796984996
39934310	0.0042008176152625
39935690	0.228327536139984
39936141	0.000519878244029759
39936681	0.00062254752065468
39936910	0.000581427823478132
39937750	0.00156536497108354
39940131	0.00186696333716875
39940630	0.000558138004327828
39942860	0.00147374279200836
39943820	0.000865924085936467
39944370	0.0133454568115963
39946020	0.201299240825661
39946840	0.477544354749079
39948510	0.00457428471765121
39949590	0.000685149194087043
39951530	0.00200253835373497
39951571	0.00102941764576065
39953310	0.000618246973630473
39955021	0.00170725718482583
39955680	0.00624479777855956
39955950	0.000518117665818635
39957771	0.000660321415436663
39960111	0.00192067424787144
39960790	0.00181167060624731
39961740	0.00873931343622434
39965610	0.000535510437145645
39966170	0.0247434360136262
39966321	0.00111243886081519
39968001	0.000679805853778256
39969371	0.00195262767504091
39971270	0.00302398132033123
39971670	0.0314201965599353
39972370	0.00354274909513677
39972531	0.00216074976366816
39972930	0.0167797699199721
39975380	0.000720788230258816
39976240	0.000520064047435032
39978020	0.000591071512616795
39978181	0.000890518913681973
39978611	0.00344350176735552
39980340	0.0016765280283408
39981641	0.000959839132469735
39981720	0.00097507832066725
39982300	0.0016190398011914
39985730	0.000825919663467859
39987431	0.00105997787070807
39988620	0.000732745921240109
39990140	0.000570285681587646
39992490	0.000511046621998186
39994000	0.00245890530602284
39994440	0.00652790419597678
39994871	0.00412771570070803
39996821	0.00152426833860558
39997030	0.00056140477636883
39997720	0.00142540796396904
40001091	0.000670581708138429
40001850	0.000717140946767046
40002061	0.00266911141302626
40003431	0.000654476155961811
40006201	0.0052162560063152
40006700	0.0642224192684413
40006840	0.000576274594489699
40009221	0.000611866799825582
40009600	0.000603269395798838
40010130	0.00252647169340608
40011920	0.000545142483504879
40012470	0.00363479364341988
40014140	0.000511770864896596
40018471	0.00196392761320986
40021580	0.00111796209809663
40021641	0.00242663058322382
40023021	0.000647908919860612
40023380	0.000619725019235308
40023800	0.00100309550498272
40024200	0.00305038967811847
40025901	0.000545197352635913
40033761	0.000514697205552349
40034010	0.0008299389535652
40034270	0.0416321135798139
40034440	0.000678484410845351
40035021	0.000515080466484928
40036510	0.00442350366236209
40038601	0.217473943885054
40039110	0.440721444888397
40041050	0.00615713849673697
40042130	0.000745121147839032
40042300	0.00269426736879339
40042550	0.00590558400237577
40044900	0.000525371517697703
40045371	0.000723520977261152
40045720	0.00109473906582363
40049341	0.201053151593433
40050960	0.00153516465941648
40053020	0.00327409517175892
40054540	0.0143815738461674
40061160	0.00884050030210361
40061170	0.0024500633081026
40062010	0.00197307544111642
40062191	0.000950752137135342
40063660	0.0556149398144993
40067800	0.000720763637702343
40069030	0.000680179607354884
40071141	0.00111169758563739
40071230	0.00224775741463426
40071961	0.000534959021622865
40073231	0.00059265735984469
40073730	0.000548413305186384
40073771	0.000741554572511443
40075400	0.00086157742391033
40079571	0.000975478880468945
40081980	0.00334740416341203
40083981	0.000596298514834812
40085491	0.000830528636824593
40086591	0.00165328017525114
40086710	0.00325104472739638
40088620	0.000614892572087001
40089610	0.00248324574663992
40091250	0.000690262667312824
40091681	0.113984184938544
40097980	0.000760186037001485
40098420	0.00269232268624609
40098991	0.000503578297507811
40099120	0.000487991756471549
40100801	0.000765866870349956
40102250	0.000568481295902892
40102321	0.00128275482822817
40108231	0.0045876591158805
40109590	0.00582856533341283
40110851	0.0018570574438337
40111630	0.0593160545085732
40112180	0.000524401126398752
40113560	0.000747493727104544
40113891	0.0021187514790907
40115920	0.0124277281432934
40116640	0.0171986712216444
40116921	0.0248566587882095
40117061	0.000595663380543564
40117840	0.000647158833398747
40119650	0.000710793723877634
40120101	0.00371075894888796
40121761	0.00289548331865396
40123131	0.00154433515766704
40123260	0.00216198049147194
40124521	0.000976670210037092
40127530	0.00115433954277672
40128470	0.000860679725003464
40129611	0.0007285995921833
40129621	0.000738882820539307
40129880	0.00632935582453785
40130800	0.000972814058886067
40130980	0.000484368971914829
40131151	0.00636458145358731
40133071	0.000754818999706529
40138041	0.000539712742964028
40138290	0.00110619651069513
40139220	0.000978501618516366
40139411	0.000608712228718558
40139520	0.000543303264830992
40141570	0.00206462482858619
40141850	0.0205220467856797
40142430	0.00082935731866314
40145160	0.00178639747563753
40146830	0.0151068447678123
40147230	0.000653117932312234
40147670	0.0533177410771247
40148360	0.000523166064175812
40149460	0.00545693772950923
40149481	0.000833128014336853
40150871	0.00071748289265227
40151920	0.00629973778868551
40155691	0.00124762308083297
40156391	0.00165857987579168
40157030	0.00265681342795942
40158301	0.000487831536427365
40158311	0.00274156054356412
40158660	0.00123052944717231
40158950	0.000571991452937915
40160040	0.000671917473944819
40160661	0.00111253194894282
40161590	0.000609985534800714
40161621	0.0753830497136843
40163421	0.191032879038768
40163541	0.00866877982931097
40167630	0.00177016432967338
40169010	0.00828574744351511
40169631	0.000665360502319389
40173560	0.000926919814823881
40175110	0.000572547639224429
40176870	0.00623347244296444
40183551	0.00221289207785936
40186571	0.000803727379170126
40187110	0.0169023136605848
40187510	0.0160200918489768
40188060	0.000663526736402141
40189280	0.00359677666148332
40189450	0.000510767901063168
40190711	0.0133273945076288
40192050	0.000496670422159446
40192610	0.00146061112784708
40192860	0.000511043534736218
40194410	0.00510694855569737
40195541	0.000546662082247603
40198571	0.000689215490202201
40199770	0.00348750127715667
40201730	0.00719127547052244
40204750	0.000754996659735007
40206280	0.0018145446237581
40206690	0.00101020886769804
40206721	0.000994494911356501
40207080	0.00345479825974569
40207691	0.0698957490503559
40208381	0.0102734271527726
40208470	0.000574494741035887
40208740	0.0150875355594406
40212870	0.000528742563324069
40213160	0.00177981291058068
40213300	0.00117567766091044
40213860	0.00882330349246916
40214161	0.000755482751136051
40218660	0.00339589470119369
40219681	0.163107891218576
40220091	0.000960628113829396
40220361	0.016236007913482
40221450	0.000564190559074543
40222571	0.0023360752221097
40223671	0.000689800212194758
40225461	0.000559402167477123
40226991	0.00457352280192845
40227080	0.00114711138196593
40227271	0.00117906289353059
40229020	0.000730592513698445
40230100	0.000802299354024841
40231380	0.00123098890006374
40231510	0.00103737539325494
40231900	0.0012016707373654
40232760	0.000543972532394827
40233191	0.00808131150085472
40233290	0.00372218498095916
40233871	0.000643190692556268
40234311	0.000936883046050718
40237970	0.00048551214362018
40238380	0.000594426722927225
40238970	0.000591439694140608
40239360	0.0269235809987095
40240340	0.00175003406518232
40241990	0.00226332887088376
40242960	0.00340421300648911
40250130	0.000510661343230857
40250311	0.0335746147560181
40251100	0.00095406539678792
40257010	0.000583087812644635
40257170	0.00267733882188681
40257461	0.00182037829956189
40261850	0.000685227094154518
40263121	0.00113785052171348
40264511	0.011471703260762
40264880	0.000574174996522116
40265680	0.00103071999454607
40266301	0.00230111797478547
40266390	0.0595684290906899
40266800	0.00170847260789355
40268440	0.000641952129028745
40268631	0.00073679907712555
40269481	0.000548819058103217
40271401	0.000932006338222419
40272901	0.00066376299366306
40273820	0.000516147920535956
40273830	0.000624465098159974
40273860	0.00140116917326514
40276091	0.00339403891399669
40276631	0.000482322407439952
40277010	0.00255748238976617
40277751	0.00261074842688542
40278410	0.0108476481626041
40279661	0.0304219463573304
40280241	0.000786336591200235
40282031	0.000493682381888505
40282660	0.0342947996763235
40283480	0.00171473163261514
40285191	0.00227728021831044
40289280	0.00266972535461508
40292590	0.00111373423812407
40294950	0.00163947718628984
40295811	0.000985818785298303
40295920	0.00145988772564207
40299381	0.000646369334992114
40306581	0.000576257558427159
40306691	0.000529319104059994
40307330	0.000869169491963886
40310291	0.000645372306657027
40318301	0.00154726734795396
40319821	0.00394545967650207
40319931	0.0177263975562803
40320221	0.00298160993629662
40320740	0.000750385817589498
40321191	0.000503055827980248
40322660	0.00758319798724977
40326370	0.00362668907114709
40327521	0.000487252125805494
40334841	0.000667334473094873
40335490	0.000496675633770329
40335620	0.00140929151637387
40336730	0.0024329595893134
40337160	0.00103024957890856
40337311	0.000842632280692536
40337321	0.000811875493897229
40338250	0.00047847269457165
40338510	0.000502277959194941
40338971	0.51466149834141
40339470	0.00372895115192893
40339880	0.00519276864317145
40341410	0.000747957396042298
40341550	0.000597975256809333
40342161	0.00229790444315144
40343050	0.000971223498001948
40343210	0.00110326417634858
40346841	0.0215851739980335
40348330	0.000510108886362213
40349670	0.0177969924522848
40351740	0.000937070313486334
40353670	0.0075897424833723
40355251	0.000564007554816702
40362230	0.00780756724380857
40364880	0.00206533584997161
40365731	0.00245867492359268
40365950	0.000507060405747987
40366920	0.00250854358595397
40367541	0.000485177772019463
40367811	0.00438315738518939
40370360	0.000953074341286703
40371080	0.0131152110763989
40377390	0.00115575237936072
40377451	0.0338837404847179
40377700	0.00101156326395686
40377960	0.00064991490463714
40378701	0.0133912466710025
40381010	0.000560979325730408
40383101	0.000920747212108027
40383630	0.000624665907130628
40384720	0.00059064622780001
40385881	0.000657014039096586
40389461	0.0372460349323041
40390120	0.000691340186460203
40390920	0.00339933433787326
40391780	0.00152330343513855
40395330	0.00322361008600139
40395661	0.00862040024519043
40395770	0.000948506394968171
40399500	0.00560232571019655
40405420	0.288193721482946
40405840	0.00601482330552417
40407610	0.000802501865616534
40410650	0.0136336297220591
40412061	0.529626957861922
40412751	0.00443911741393333
40414770	0.0105660117140898
40416720	0.0159494388985336
40418551	0.000522587260406437
40420860	0.000599894652465859
40423600	0.00132969235323047
40423661	0.000620855143852163
40424600	0.0018495070243897
40426240	0.00426483941267443
40427521	0.00260308386495395
40427630	0.000728098888646729
40427931	0.0026679102635636
40431760	0.0254402443460664
40431931	0.00729724821114917
40433840	0.000618095813246283
40433861	0.00055876781595785
40435740	0.000533238472435953
40435931	0.00138299621582741
40437181	0.00257135464000209
40441290	0.00402643933231059
40441390	0.0291969330991557
40448201	0.000509159660317534
40448430	0.00449132835151839
40449171	0.00161063296262453
40449680	0.000631240638719584
40451220	0.000583296148988075
40452290	0.000516334229031725
40455330	0.0068853817943713
40456440	0.000668298067848704
40457400	0.000669584853131759
40457560	0.00250333331409786
40457731	0.000493482228823159
40457991	0.00120912311888402
40459791	0.000654314235496974
40460020	0.000896058593764241
40462360	0.00110579480700488
40463450	0.000535847749368632
40464430	0.00186090474754898
40464751	0.000807450138568335
40465130	0.00118782068428087
40465810	0.00217279109139395
40466800	0.00314618125397332
40469721	0.00078863551716923
40470011	0.000823202738910478
40470230	0.000935981061062167
40471651	0.101434844852826
40473161	0.000578239932784975
40474551	0.000501687686433492
40475381	0.000548708333364968
40477591	0.000923162579917179
40477981	0.0113406203370247
40478910	0.00507627497603493
40479911	0.00207317203189049
40480351	0.447039814153792
40482001	0.0011882204419547
40485960	0.000598724650177637
40486640	0.000740455736799201
40486650	0.000984162141126303
40487350	0.00344257076166223
40490760	0.00912728930476632
40495661	0.0200548932613998
40498831	0.000568084722666548
40499730	0.0048952233988101
40500341	0.000572924608612601
40500850	0.000576109807980468
40502971	0.000609720291435489
40503781	0.00897728978899619
40505380	0.00149361354448135
40506681	0.000521427947789725
40511781	0.0010839825484072
40512191	0.00215795255757674
40512960	0.0717705863181246
40516280	0.000732840257907833
40518800	0.000508126586550046
40518961	0.00245790548337453
40519070	0.00073485243339573
40521390	0.00450660337762407
40523101	0.000596938363453254
40523860	0.000583795767804164
40524881	0.0042341495854863
40525130	0.00057927639192296
40525431	0.00208815047135608
40527730	0.00369300023110943
40528300	0.00161835294089138
40528440	0.0249808396532244
40529431	0.000588776581467892
40529841	0.00736192051462821
40533940	0.00910977246304316
40537171	0.0005231229815308
40538080	0.000574597271507296
40538391	0.00168035689768142
40539880	0.00100814626697937
40540611	0.00205552241326145
40541540	0.0028108093390858
40541680	0.000579773825223058
40543791	0.000635542987711961
40544980	0.00324539141320768
40547180	0.00141942577360859
40547900	0.000604490293559977
40548181	0.00381641609219298
40550961	0.000646323045127165
40551340	0.0433385923843708
40552290	0.000971246566414365
40556840	0.0225547047101567
40557031	0.0958741004863663
40559190	0.00057011562984567
40559310	0.00184003596390079
40559491	0.000807166892647383
40559590	0.00783713416324991
40561510	0.000940050963359292
40562261	0.000567475313036732
40562650	0.00264889845648709
40562681	0.000744337908410175
40565960	0.00063900609526756
40567300	0.0277482787499684
40569861	0.000587296408423917
40570380	0.00297956138199792
40573400	0.037368303818903
40574230	0.00117198351058718
40574240	0.00179373919750204
40574821	0.00158536407036732
40577441	0.000924388778175318
40578661	0.000643101669038221
40580871	0.00200884690763356
40581851	0.000738993647860282
40584061	0.00300773691815973
40585390	0.032172489805572
40588160	0.000539726411365514
40588690	0.012536959795169
40588751	0.000638415688443345
40592201	0.000561947544928415
40594210	0.000555535098901096
40594401	0.00189934129187591
40597260	0.0005818434932021
40598510	0.000709531626364514
40599330	0.000505285080458623
40600611	0.00332149565115483
40607211	0.000587336962934585
40607570	0.0864907089256452
40608741	0.00096087340600286
40612181	0.063065952755451
40613510	0.00282037659035213
40616051	0.00316224189396975
40618620	0.00254755654072618
40619060	0.00144156947707596
40619870	0.000759694179608998
40621151	0.00186516610967881
40621950	0.000501808524667667
40622101	0.000890058282351913
40624150	0.00145168474857483
40624321	0.0022203168183011
40624881	0.000689467629711037
40625691	0.000540064791692093
40630200	0.00056098880376878
40633100	0.0734293468356537
40634060	0.000495821416772082
40635980	0.000607485030968681
40638500	0.000573125025106541
40641021	0.00059427204341568
40642370	0.000508116171353116
40644721	0.000623385850104917
40644980	0.00134686249527
40647450	0.00344450061015572
40652670	0.000570237162569618
40653360	0.369565363932282
40656950	0.00298007392776512
40657780	0.00774936724526934
40659980	0.0005978423989589
40664810	0.00108436649879495
40666780	0.00154960048185694
40668270	0.000498320690597641
40668970	0.000698663426135413
40669940	0.00064732073751075
40670880	0.0209195033896126
40672840	0.00107056054995019
40672991	0.00333023186391132
40673100	0.00156771892338782
40674340	0.0069335574204216
40677971	0.00383814893499506
40679771	0.00266994591375617
40680280	0.00192817943083263
40681821	0.000550961973831462
40683180	0.0365827359495236
40685780	0.00674252312040321
40687860	0.00328639782434617
40688670	0.00373630014278035
40689131	0.0357253814780323
40689701	0.00122825855311026
40694931	0.281470824775094
40695450	0.00233130953667297
40697701	0.00341042856919488
40697930	0.000519585791700036
40700270	0.0411284307821991
40700700	0.00110038962021696
40701950	0.000918381263990208
40703580	0.00897964168909895
40709401	0.00446270246153364
40709701	0.00104235631968666
40710460	0.00583467027734435
40710770	0.0151530200725622
40710931	0.000596144926108709
40711331	0.000541084987798326
40712041	0.00382206227644689
40712250	0.000595537450185666
40712321	0.282210405084483
40713681	0.000726975063738214
40713701	0.000983843245585943
40715320	0.00163684805760027
40716031	0.000965158284863438
40717831	0.00951683390642089
40719150	0.00161047573198189
40719481	0.000946483664935667
40719850	0.000688289242821309
40719970	0.000904994810695294
40721500	0.00101550012214141
40722050	0.00106626514390107
40722480	0.00787728213529378
40723621	0.000921230218477208
40724690	0.000503244476733421
40727170	0.000668156328395669
40727491	0.000966698968581896
40729131	0.000581348149151059
40729510	0.000684467622211706
40730040	0.000531405602820175
40731170	0.000552012729855808
40732010	0.00070610400294565
40732581	0.0039776272720961
40733691	0.000531828103181411
40733770	0.000544401777580505
40736591	0.000639594822825424
40736851	0.000640323459222292
40746040	0.0763035559235474
40750091	0.00930683010912183
40753541	0.0006077606223444
40754101	0.00678471066373553
40756110	0.209389243635708
40759020	0.00071250799334647
40760820	0.00255936654235653
40761281	0.00490696088979089
40762620	0.00208620769297856
40763720	0.000568857220066629
40767020	0.0173289555793518
40767901	0.000566210261119585
40772041	0.00265643548169612
40773691	0.000581284475224891
40774101	0.000642123943955263
40774900	0.00127794838074957
40775631	0.0491118156994772
40778590	0.000620975915635623
40778781	0.0905042719076998
40778900	0.131235474194538
40778941	0.00307817801420787
40779140	0.00160127928422554
40779201	0.00548190485793127
40781070	0.00254455067062741
40782330	0.000939186593784221
40784851	0.000724075055496127
40785401	0.00293936053570664
40786320	0.000533857969700245
40786730	0.00122172124972237
40786791	0.0600161932051382
40788581	0.000503903985694651
40788711	0.000733400287935175
40790371	0.00212346643502517
40790450	0.000515824580390289
40792181	0.00138021104555041
40796680	0.000643032592299114
40797001	0.00210509083876846
40797271	0.000545570572954153
40799150	0.000739904133673361
40802860	0.000697354073130355
40803180	0.00276426625159396
40803280	0.00197585527989031
40807140	0.000642497401198178
40807310	0.00480852443485924
40807450	0.000669918822981239
40807621	0.00259141952516999
40810511	0.000515722259204273
40812550	0.000596688637444761
40813141	0.000657678183846866
40813401	0.00262548291678005
40817900	0.00248009609952095
40820410	0.00287949445090312
40821930	0.00386732944376113
40823140	0.000801676020942274
40823150	0.00082929654898869
40823331	0.000553434827158415
40823580	0.0011718943344158
40823730	0.00226722660788741
40827130	0.00342356981555149
40830720	0.000740133183071859
40831020	0.0568451551407066
40831601	0.000746974683948574
40832021	0.000529538327283018
40834791	0.00148816752995666
40835550	0.000591128203359908
40837251	0.0033358682575366
40838101	0.000756714116929954
40839840	0.00204458471627058
40841360	0.0013019694297287
40843840	0.00106315098571651
40845681	0.00119050350039929
40848171	0.00266721073550492
40848701	0.0100918415689466
40849220	0.021234724637094
40851331	0.00135532801271757
40851440	0.000847470056741229
40852940	0.00052039923896938
40854750	0.00491544595382025
40856920	0.00162953667744637
40857910	0.133259816389945
40858750	0.00149425799033272
40859830	0.000601034344507843
40860171	0.00166205972600253
40860421	0.0012443147208312
40861121	0.00812819671715329
40862170	0.000661884912345868
40862330	0.0103777046966744
40864510	0.00418749245625864
40864851	0.0204204258935643
40864960	0.00269947814194086
40868390	0.0151858213542931
40868940	0.000570600302993163
40876960	0.011568505417235
40877770	0.000495176363313595
40881090	0.00659040345296911
40881541	0.00162105600520492
40882361	0.00437171874043314
40882990	0.000706488441388149
40883201	0.000492995154008344
40883580	0.00113853104922858
40883891	0.000609217055773987
40884561	0.00113911656862325
40884820	0.000548312170609694
40885131	0.000973049417892259
40889241	0.0024873995941786
40889350	0.00439999131854371
40889630	0.000773493408673827
40892291	0.00137023321918828
40893510	0.00081854709394908
40899030	0.000752839979398379
40899861	0.0320446849773168
40900260	0.000821762612740989
40901661	0.000656596126643546
40903130	0.0702921398284372
40903430	0.00258107797062737
40903580	0.000596413411483203
40905360	0.00118770732304276
40910730	0.00268031018556953
40914020	0.00179895145150154
40915300	0.00552326145208594
40915881	0.0299122560386321
40916161	0.000807074227104245
40917610	0.0322422801916082
40917671	0.00142305482807074
40918200	0.000770996510325914
40918300	0.000972994079263193
40918730	0.00231600628790094
40921340	0.000585588073868575
40921531	0.0015894952528733
40921620	0.000807048352486989
40921791	0.0053468289026987
40924971	0.000811794542702157
40924981	0.00242479858533134
40929620	0.00461477553201781
40929951	0.00782796150126538
40930860	0.00259457816235748
40931581	0.000944810586401404
40933610	0.000501070083790806
40935670	0.208220696998723
40935810	0.000496233333679999
40936841	0.000716660559364461
40936910	0.000596083520838074
40936971	0.000503101810360077
40937770	0.000606075857758317
40938030	0.000619263701370053
40938170	0.000744675432458019
40938341	0.000610900068979278
40938730	0.000604416354979821
40939680	0.00151865546647304
40940120	0.0550548981429521
40940301	0.0634259648792934
40945801	0.00131324581346934
40946071	0.00170070649325678
40946201	0.000579474639052137
40949210	0.00282164272178578
40950091	0.000759428080953625
40950320	0.00145330020583583
40951181	0.00143135847466051
40951670	0.00599115671101488
40954730	0.000484005999516586
40956640	0.0227282528755974
40956650	0.000841554774464701
40956790	0.00156009575450875
40957190	0.000754436591962745
40958150	0.000517991377476926
40958211	0.000620135251026626
40958310	0.000489812353042663
40958570	0.000623961770890953
40958710	0.000550454556606684
40960271	0.000522796279950956
40961760	0.00137184753742621
40965460	0.0056542373948731
40967140	0.000863919104240099
40972151	0.00105438017539914
40973511	0.000539082499954709
40975191	0.000921394761720665
40975550	0.00104076243930274
40976670	0.00128697539623959
40976681	0.000708443898656199
40977070	0.000648565947704214
40977200	0.00048939746429828
40980390	0.00171768775599334
40980790	0.000597060658295267
40980971	0.00224591065007098
40981780	0.00822274698943257
40982700	0.00143630216822066
40984380	0.000761272442171856
40987161	0.000798151004291523
40987741	0.00112053927032188
40987851	0.0141026601595782
40988131	0.000568727539961415
40989880	0.00275634515133706
40990020	0.00059426076672318
40991191	0.000896891625200876
40991530	0.000492471298420315
40991581	0.00136699936010454
40991960	0.000534208276044109
40992240	0.041923217882326
40993350	0.000706893732378183
40994491	0.00048526782084384
40994590	0.00230898109338459
40994710	0.0007250089531735
40994720	0.00362407293434887
40994891	0.0583470986742519
40995540	0.000537130749360168
40998840	0.00401597653949681
41001750	0.000590584298779652
41002040	0.000697644654273149
41003550	0.000496288593364164
41008100	0.0430765106019349
41008650	0.000477137513705529
41009320	0.000762450867198854
41009340	0.00310945040987014
41009740	0.00060077086345848
41010710	0.0171350591132538
41011120	0.00204534705654162
41011980	0.00137609495390725
41012100	0.000525597361926202
41013200	0.000497526696685317
41013320	0.000578152132207671
41013641	0.000731948345831424
41013791	0.000566476214953631
41014430	0.00175621612955254
41014460	0.00716818336059982
41015830	0.00360377070049695
41016920	0.00132404121952183
41016971	0.00121669325035027
41017500	0.0048986502712387
41018040	0.000597407118374749
41018980	0.000635490817249759
41019690	0.000628813614376071
41021330	0.000550599232234934
41022471	0.00120785237721551
41023700	0.00062425032257435
41024640	0.0146567360457717
41026050	0.00659303781633317
41027690	0.000539363716530249
41028350	0.00938764298759419
41028930	0.000979904389599712
41029870	0.00057167372869274
41030040	0.000631616983437378
41030631	0.000570269953933564
41030840	0.00195801086017511
41031400	0.000577567523173758
41032011	0.000581897986918687
41032350	0.000870015722987907
41032401	0.000642851364932451
41032510	0.000653552620002005
41038150	0.00248867847929794
41041101	0.000596042218425857
41041791	0.00186541773686765
41043800	0.062185903766757
41045900	0.000705082030632992
41047150	0.000595569389535915
41049231	0.00795411349896868
41049371	0.000576207339548245
41050140	0.00049825559498574
41050600	0.0012679449147457
41051270	0.000955217176405835
41051970	0.00658762932841596
41051991	0.00141262219139416
41053241	0.000569222231492915
41053381	0.000628414938871979
41053931	0.00132659566558604
41057180	0.000625967366215826
41060281	0.000531592949316354
41060401	0.000504936582226152
41062051	0.000530861963674873
41063930	0.00303060609847737
41064910	0.102072399540834
41064940	0.00162844924403232
41066051	0.000542507357763168
41066160	0.000605311903853756
41066440	0.000841670970166611
41066450	0.0010102891441146
41066870	0.00116607907366872
41067530	0.000596760097534261
41067960	0.000986056565987117
41070420	0.00612560980856466
41071581	0.00195974320668745
41072240	0.000485668660873217
41075591	0.0448018947133996
41076230	0.105097778383847
41078331	0.0014947161079246
41078710	0.000796861491341649
41080630	0.000975351836722013
41080691	0.0237561302615674
41081350	0.000768781469882095
41081460	0.00419955521561222
41082191	0.0050424860124125
41082840	0.00218600532520296
41083830	0.000521574205015178
41084671	0.00241758730715453
41085231	0.0024747875497613
41085590	0.000533313708150348
41087270	0.177867136785953
41087820	0.00251087028956869
41087950	0.000603346354880985
41093661	0.0645132937014741
41093750	0.0125887166197448
41093931	0.000860040521175477
41095731	0.00164543304744488
41095930	0.000548046852066721
41096070	0.000666820599649414
41096110	0.00126686624329999
41096831	0.00072892494579558
41097190	0.00167147733323187
41097480	0.00184863255301654
41099550	0.00225365586049809
41102430	0.00123346464626429
41102590	0.00230406642294485
41103250	0.000515193171360518
41103431	0.00501606471857148
41106010	0.000690791920510552
41106901	0.000648070298814139
41107400	0.00165312999238605
41107861	0.000939649453513964
41108360	0.000652170012028286
41108480	0.000624680001578037
41110611	0.00409663592186972
41111280	0.000901902707053887
41111930	0.00818829848147856
41112821	0.000523272081169063
41113781	0.000545750897172676
41114181	0.0173350877886163
41116821	0.000701722357528061
41118450	0.0025315284182377
41119161	0.000532588049762014
41122191	0.00212096069933411
41122201	0.00197156495503179
41123441	0.0018105684433513
41123930	0.00777343912909732
41124210	0.0138218371531935
41124660	0.00083949102806105
41125590	0.000844238813757813
41125890	0.000494771789845313
41127380	0.00347051910541079
41129351	0.00152442294563796
41130850	0.0019946814667622
41131390	0.0159052087175843
41132920	0.000545749061466255
41133781	0.00242842092065642
41134160	0.000703070462937795
41135650	0.00222663651186032
41135660	0.000583844015692837
41138420	0.000740825171291389
41139370	0.000934435899395666
41140640	0.00100366820627699
41140961	0.00239856669240263
41141170	0.000516124031563083
41141620	0.00139705640886457
41143110	0.00888754085692415
41144930	0.000582519378919695
41146960	0.00322706680644862
41147120	0.000582426279556977
41148531	0.000960544299721211
41151281	0.286017898737815
41151410	0.0417020712004202
41151971	0.00332338445193365
41152811	0.000520029593018607
41153050	0.0014513193945337
41155920	0.00160378541608856
41156340	0.000790154899522798
41156510	0.00548066154387491
41156760	0.000601537316268697
41158550	0.000744536258650429
41158570	0.000481302019998312
41158741	0.0256484080060035
41159250	0.00106008941351792
41159281	0.000898274558819698
41162341	0.00147569503214719
41163141	0.000633843327945639
41163981	0.00217216828797891
41164090	0.0605218565973528
41164220	0.00138649803375194
41164801	0.00110437808177542
41165071	0.0193737769306859
41166020	0.000704878605699709
41166591	0.0037914617647411
41167031	0.0021888630818025
41168951	0.00605569549529098
41171380	0.000676559233917363
41172900	0.0517479891359164
41173310	0.0029657764328807
41175421	0.00154655693958713
41178430	0.00495627031741895
41178550	0.0012990972182417
41178601	0.000629194715472889
41179291	0.00154104436950287
41180200	0.000821637538544794
41181361	0.000659926996207414
41185491	0.051695293212445
41186030	0.101016493799289
41186410	0.000543381857368906
41186611	0.00460091935344525
41187270	0.0052900938423171
41187291	0.000585375944211098
41187930	0.00120089123867996
41192750	0.00059064829308867
41193320	0.128799207453844
41194030	0.00059421739581154
41195680	0.00892268664668975
41198041	0.00114302311403428
41198440	0.0122046738954647
41199540	0.000658753164818277
41201020	0.000648882795700412
41204101	0.000592780071420261
41204500	0.00260415129937901
41207250	0.00360744947743912
41207370	0.000606719742733901
41208811	0.0352039953541823
41208821	0.000541119055064071
41208931	0.0239928945006301
41210461	0.00272673978192122
41210680	0.00411034825071833
41211141	0.000529995828291697
41211270	0.000657573155909459
41212070	0.000617451226485398
41212671	0.00188302265001016
41216381	0.00056912859885399
41218410	0.000559236784127103
41222010	0.00271793178549184
41224080	0.00133857954201481
41224521	0.00145136503961865
41225450	0.00574683687596743
41225730	0.000651713823194955
41225750	0.00115583715670569
41226280	0.00281705055456949
41230611	0.00226069421396961
41230721	0.00981076055886826
41232630	0.000525266570796112
41233501	0.00196024253110188
41234461	0.0210570232375106
41236750	0.0024091819328267
41236900	0.000635382093748045
41237621	0.00388862720597307
41238581	0.00112820674824461
41239120	0.000482280548466781
41240661	0.000484413986062345
41241481	0.00167532780194783
41242181	0.00129540852863906
41242430	0.000794596519171429
41243640	0.0576842150613792
41246721	0.00118953410741258
41247800	0.000613348547084024
41247831	0.0005481685651226
41248381	0.000737846646103631
41253150	0.00456165298718124
41254010	0.000587656594952938
41256121	0.0336466788644146
41258140	0.0161285221237716
41258331	0.000511621089740754
41258581	0.0138407064758372
41258840	0.0427200876142084
41258991	0.000990007599578822
41259131	0.000740747998823613
41259400	0.0028645513061845
41259821	0.000781437528373891
41262690	0.00515240849628942
41262840	0.00164585407838688
41263950	0.00291135078077686
41264070	0.000880268824202159
41264381	0.00114595092122074
41265020	0.00140658682166526
41266540	0.0413820550483285
41268671	0.000799993184850938
41270970	0.0048683374554406
41272241	0.00548162493985341
41274690	0.00361810455097486
41275390	0.00225932115883716
41276261	0.00861798682313195
41276870	0.000505112020089985
41277471	0.0013373804609412
41278960	0.00095889872187907
41279681	0.0223688506858513
41280080	0.0017167679443399
41280671	0.0013695523003015
41280740	0.00208084195204374
41283131	0.00239823291459178
41285180	0.00694968347629866
41285751	0.0878351896346608
41286830	0.000494210857894329
41287510	0.000552531856055829
41287790	0.0141617683236035
41287950	0.000751281500553029
41289020	0.00405325022862674
41289570	0.0005459067057508
41289911	0.028869203615458
41290830	0.0103293143087038
41291001	0.000624173017627892
41291380	0.000526130196786322
41292091	0.00202336686937862
41295640	0.0418676171932147
41297570	0.00232110562333456
41297730	0.000519866043482301
41298980	0.000719192749487666
41301751	0.0134198123742723
41302051	0.0115420077129539
41303810	0.000794546409672129
41304220	0.000538655435624096
41305150	0.00120029150084356
41305180	0.000668637451347029
41307100	0.000491186524554374
41307670	0.000676456639859857
41309430	0.000839560087050227
41310711	0.000528280361168132
41312371	0.0754645612613849
41312531	0.000618307681392447
41314721	0.0021222005281119
41316730	0.000595219174072956
41316740	0.0146971790760195
41317331	0.000579935304729023
41317430	0.00244395557374295
41317730	0.00230368114944078
41321310	0.00059260342411091
41321891	0.00190761377204309
41322670	0.0474614180223677
41323401	0.000614987188173438
41323951	0.000502955597786283
41324241	0.000909802513573137
41325081	0.256220889695933
41327900	0.000527359665237379
41332750	0.00245788302833691
41335380	0.00080778199694844
41335520	0.000819235728744452
41336340	0.000870966905651213
41337631	0.000625058356862013
41339110	0.000751070156093106
41339930	0.00431095316497649
41341460	0.00250782682997448
41342820	0.000523367251738607
41342861	0.000781769291987055
41348620	0.00180020232124964
41350530	0.000618224367508898
41351390	0.00926753036218644
41351530	0.000774195872064631
41356501	0.000642738825308346
41357481	0.00220071116019598
41358250	0.000677756175247829
41358581	0.00427079298950018
41359401	0.00113441211862183
41360210	0.133823742777676
41361761	0.00144152259463898
41362530	0.00118872293560909
41364361	0.000590488094735963
41365071	0.00183379498985853
41366700	0.000593644451807554
41367220	0.0195907070037337
41368210	0.00786395691649917
41371790	0.00573632518784777
41372361	0.00302359207921406
41372870	0.00204203728670219
41375541	0.000918188520590623
41376040	0.000551385939794056
41377020	0.00203695272493449
41378800	0.00198923553490517
41382940	0.0248319431587514
41384231	0.000548457918334966
41389471	0.000685859489673943
41392480	0.00180225717730197
41393300	0.0121678134082663
41394420	0.00319234877144771
41397621	0.00197193583388413
41399620	0.0804301056270065
41402960	0.000606757462347574
41405840	0.00286798514415838
41407760	0.0109557598185563
41412580	0.00141304851711581
41413550	0.000672310155668508
41415620	0.00195820395085475
41417300	0.00290651695439201
41421300	0.00309512444757705
41421690	0.00449425518911089
41421960	0.000610204240795514
41422130	0.00148137193015738
41422670	0.0876368180747892
41424030	0.000554847578614306
41424081	0.000766600271389007
41424371	0.00296151146428074
41424440	0.00054890886223884
41426510	0.000514445589176301
41426971	0.000585844549933123
41426991	0.000513071163867301
41428491	0.0779985909353124
41429140	0.0447799392957257
41430140	0.00137240777406083
41430311	0.00111520939786732
41431671	0.000858131220167942
41432511	0.0112124275309082
41433601	0.000687752580561315
41434031	0.0166187734313654
41434650	0.00229798948123583
41438660	0.00242792929098662
41439210	0.00263156983904182
41443941	0.000742754917328668
41444081	0.00111502847869941
41444990	0.00143790767068991
41445881	0.000521711728182736
41445990	0.000598855620341121
41447930	0.00070793382015499
41448761	0.000644290782585887
41448990	0.000675805506520157
41450301	0.000525919716932051
41450520	0.00127869239953532
41451230	0.00150509574895025
41451541	0.00215281244273745
41452351	0.000639941285977707
41454141	0.00086751680949763
41454151	0.000514740451709816
41454240	0.000542109677829292
41454851	0.000804520828637166
41455801	0.000853880851323109
41457020	0.00413258029006865
41458421	0.00141795103963821
41459070	0.0088693675623815
41459210	0.0324125660506765
41466250	0.00322658773025919
41467480	0.00175931781163883
41467811	0.000679912270690929
41468091	0.00054026205536522
41468641	0.00378025012463689
41470410	0.000609706607256944
41472710	0.0006472380149135
41472890	0.000616920084706597
41474011	0.00578971986268157
41474790	0.00285557520386649
41476310	0.0108693635376927
41476901	0.00093946320841641
41477840	0.00405809998968219
41480330	0.000592245517924408
41481311	0.00308813562026138
41482400	0.0006660116599305
41482520	0.000627118772895931
41482571	0.000920967208827298
41484580	0.000561573745495064
41488050	0.0310292278590747
41490510	0.000571184369589573
41490520	0.000468054612892897
41492170	0.00062196003520656
41493720	0.0186328535988208
41494100	0.012822870936195
41496911	0.00205733331890808
41499531	0.0082396842856175
41503541	0.00263585065259953
41504781	0.00323966299901203
41506011	0.00392832339191961
41509980	0.00562744685765678
41510291	0.000558663102170931
41517710	0.067011015490732
41518250	0.00119340168739037
41521471	0.000615170831229948
41522530	0.00153130435282187
41523370	0.00135834058778373
41523640	0.00105364868519553
41525020	0.000753124416450985
41526520	0.00325360071404049
41526971	0.00340945484455775
41527511	0.000584271724629513
41528221	0.00113916988318907
41532170	0.00565692555198937
41532211	0.00147716010605407
41533260	0.00050006337632172
41535190	0.00099208929809829
41536211	0.0012942933562418
41536320	0.000724759757590327
41536730	0.00109542751291603
41536751	0.00104589803450454
41539220	0.000693934235083214
41542831	0.000733488973819334
41544501	0.00948855390972847
41544740	0.000648869974870905
41545181	0.00375783146843485
41545731	0.00656758421284383
41545810	0.00114975738423841
41546950	0.0031689862165677
41547330	0.679293230560456
41549130	0.00139383299185738
41551880	0.0004753285002305
41552611	0.00320361450672186
41562790	0.00158953242265731
41562940	0.00067806267470093
41563080	0.00100575612406781
41563340	0.00682981375914889
41564700	0.000620226304650773
41565140	0.000655063137231754
41565601	0.00303877998594919
41565690	0.00094395895928587
41566691	0.00058256259750705
41566810	0.000559513530581668
41568450	0.00270119535639518
41568631	0.00559102342385218
41569670	0.0014392714746145
41569991	0.000503079556116547
41575480	0.00144800885480508
41576491	0.0137515380646551
41579890	0.00105168939726606
41583330	0.00162477671988786
41585670	0.00111653124086687
41596061	0.000662581274412202
41596150	0.00273165150766273
41598011	0.000570286161907631
41601110	0.00523226698888588
41605171	0.0269284714280466
41608980	0.00053947183559766
41612751	0.0030481874986427
41619801	0.00388318204739079
41619931	0.00347501790973874
41621301	0.00174366988290775
41622240	0.00163473681657023
41624051	0.000541926943913862
41624621	0.00501549495844177
41627391	0.000647992103518779
41630131	0.000540958535244228
41630520	0.0829176124694423
41632351	0.000688858682626238
41634370	0.000560390711015274
41635220	0.000517142562044513
41635241	0.00231242232093972
41636850	0.0011054317788504
41637441	0.000805835495886726
41643791	0.00368252804290076
41647740	0.00125486653374637
41648580	0.00053705244835796
41648850	0.000528817192502253
41649041	0.00419551803799418
41649530	0.00193854139818746
41651070	0.0110170650224463
41655060	0.000647335282573483
41655361	0.000698518527938427
41656481	0.0013615846345537
41658490	0.00169134530708953
41659750	0.000905173896123829
41662500	0.00174480057989213
41668901	0.022968591738579
41669151	0.0451368500426457
41670380	0.000498756827797266
41672030	0.00131745630088418
41673161	0.00315272364464617
41673940	0.003036071483559
41675480	0.00503816376672004
41678961	0.000837090206078784
41680590	0.00124813530296913
41685810	0.00197547815233472
41689571	0.176323371585802
41690770	0.00404442958052558
41693591	0.0263514134451138
41697301	0.00144519170381901
41697701	0.00173230237812609
41701970	0.0244403042827465
41702380	0.0815174718430299
41704720	0.00291071239800848
41707791	0.00868423838145845
41713410	0.000946541285987218
41714920	0.00293215878943486
41718770	0.000603626611452686
41718790	0.00113013306134668
41719921	0.0207357846168646
41726240	0.000544682515172067
41727470	0.000810892015705435
41728140	0.000584458844691194
41728280	0.000649922255059037
41728970	0.00123408281258362
41729841	0.000530173900156516
41730951	0.00205139673392342
41731641	0.00991709154227736
41732881	0.00684892647862138
41734961	0.00189474545279184
41735610	0.0028378547665515
41737260	0.00102122856087277
41737390	0.001010319374911
41737510	0.0008342803825551
41737550	0.00270044063386798
41739180	0.0771498043010768
41739231	0.0011708364839119
41739330	0.00258205362000719
41739491	0.000561040466586112
41739771	0.0122913851486965
41740601	0.00103375839490016
41742610	0.00326542727168247
41743580	0.000501066750861915
41743720	0.000611032752940023
41744020	0.000766260113909766
41744160	0.00697073050282027
41744871	0.000817508115774222
41746080	0.000902474313035514
41746941	0.00209112660535397
41748201	0.000817329145956
41748710	0.00119766111615296
41748970	0.0375243498317233
41749650	0.000748979160609682
41750961	0.00204936068096099
41752310	0.003843978154035
41756980	0.00165934246185074
41760881	0.000987112012985606
41762480	0.00103128455928833
41762941	0.000748670424947508
41762951	0.00202068888196179
41764140	0.000480031206906239
41764290	0.286041143340742
41764840	0.000549593899731073
41764850	0.000820463358700138
41764871	0.0122807162104754
41767190	0.00439464949977726
41767361	0.000665300197681787
41767740	0.000570019072841873
41771600	0.00223717607312003
41772201	0.328369102437498
41772331	0.00221253331550449
41773001	0.00241054682260188
41773090	0.000639115473322358
41774801	0.0654470062221185
41775221	0.0358464467774817
41776540	0.000620427198417093
41777820	0.00460834801702901
41777831	0.00754851242126521
41778381	0.0283091357107726
41778681	0.00145031269464214
41779990	0.000655886016667873
41782190	0.000471735354752724
41782750	0.00260312091143098
41783720	0.0126692388713303
41784140	0.00356941686075665
41786671	0.000483986474081923
41786880	0.00459885569529396
41790470	0.00849911226082018
41790760	0.00225896218849367
41790811	0.00118151736580247
41791310	0.00051667238892903
41792270	0.00131682603531551
41793001	0.000727879129031475
41793370	0.000810736135501208
41794531	0.000502506168845424
41795730	0.00187800523793082
41795860	0.00112300703657188
41797540	0.00241214065254883
41798671	0.000544111360795891
41798791	0.00289678378012533
41801291	0.00104145523649533
41803060	0.000560495059541097
41803631	0.314499707925087
41805800	0.0008321476564997
41807570	0.0603709166974627
41809981	0.067238556441871
41810801	0.00130806688770297
41811341	0.000591941863902841
41811621	0.00117908951249063
41815891	0.000525216754811205
41815911	0.00107802921359665
41816440	0.000666960878356726
41816950	0.000991079474312974
41817510	0.00651513513095109
41820270	0.00266080589651653
41820311	0.00234655227168796
41820861	0.00104194077531945
41822811	0.00121278540537474
41823990	0.000853482849428154
41824041	0.000796027161643118
41825090	0.00327800980292173
41827440	0.213848644307893
41828461	0.0412657513070119
41828540	0.00392878424435224
41828810	0.00572384411829846
41829001	0.000567548150121314
41830050	0.00138013337584508
41831211	0.000619917735568249
41832441	0.000893714950167004
41832881	0.000797013639216976
41833571	0.000796924214469375
41834740	0.00180093755029391
41835470	0.000612878757102864
41836721	0.00400418540785786
41837561	0.00120728202851029
41837770	0.000962530891076467
41839180	0.000581044832503941
41839300	0.00151014157459993
41843071	0.0029021054815637
41844010	0.00329927773284272
41844430	0.000669558210180867
41844820	0.00077723686044535
41845360	0.0317515729499782
41845790	0.000585537651845629
41845961	0.000837695435614502
41852451	0.000605943338313913
41855470	0.000587167400974401
41856530	0.00162340507911229
41857780	0.00353264187384942
41858251	0.000871248613343801
41858610	0.000707981789849494
41859150	0.000927834265083492
41861260	0.00704959519463099
41861541	0.0135184956414362
41862101	0.0027554824885488
41862811	0.00314123723120293
41863460	0.00318092416615027
41863891	0.000628968779984933
41864430	0.00201001372904153
41865120	0.378289741804458
41865650	0.0042579018323183
41865681	0.00103291344459703
41866320	0.000577033340150336
41866610	0.0037023736854197
41867901	0.00166300654674163
41868410	0.00412885766571385
41868710	0.00368913548066459
41868871	0.00080685572886462
41869810	0.000528850848223124
41870360	0.00562140912774761
41870381	0.013896687666454
41871310	0.0039204298134544
41871891	0.00263352214758495
41873250	0.00135030958048438
41873510	0.00219158318000505
41874050	0.000699044942565651
41874490	0.000508276411410979
41875840	0.00566312106579193
41876940	0.00092765834796992
41880270	0.00659675743383719
41882460	0.000988395984589247
41885370	0.000541743862109092
41887020	0.0100537258583995
41888700	0.0570910366314013
41889141	0.00105263146021327
41891970	0.018630599245851
41896451	0.00557130997149564
41897490	0.00134754024827585
41899071	0.00374514290173847
41899911	0.000524457175100946
41900260	0.00181410722267361
41900540	0.00681895382119215
41901800	0.00107446273165268
41902241	0.00352759452354545
41902521	0.000477835412623803
41906350	0.000591971890448867
41907860	0.000814367419964247
41907881	0.00129578087153181
41909100	0.000677238235417497
41910220	0.00101767681547215
41911720	0.00485227001754312
41911870	0.00931003346029359
41912800	0.00509970996093776
41912840	0.000975366898895277
41913281	0.00637231230736114
41917831	0.039348197227234
41919970	0.000622364325384297
41921360	0.000612906544440476
41924680	0.000573979901420534
41924690	0.0513166930021891
41925660	0.000543032055408482
41926740	0.00174825354120682
41927710	0.00112340697929675
41928711	0.00145513754564913
41928830	0.000928733394827304
41929011	0.00395027148746604
41929691	0.000856248452586662
41929951	0.000746979886450674
41932150	0.000861727624801386
41932441	0.000983289623350343
41934921	0.157061850699203
41935990	0.000540071469684482
41936991	0.000642644312623295
41942870	0.000833370501250342
41944950	0.00111739094979003
41945790	0.0321127327700666
41948680	0.00458027970337423
41951430	0.000537204098039643
41952861	0.00678015608565412
41953770	0.00530090488549575
41953961	0.000554727874347582
41955611	0.000849621250427434
41955970	0.000976398233169305
41956291	0.000719852827290761
41962750	0.000601338068659383
41962791	0.00050327087675697
41964420	0.00293104721225382
41964560	0.000575026431841233
41965900	0.00197673764220994
41966781	0.000569957843944381
41968311	0.0139607050511529
41971201	0.00067682985656388
41971450	0.000741292081382298
41971730	0.000704547053994135
41973421	0.000679779953829183
41975970	0.000832212516973791
41978200	0.00868764776378758
41978651	0.000664940373408803
41978760	0.00071036262848919
41979621	0.0124178076558472
41980021	0.0739719122866912
41981811	0.000914113534175862
41982310	0.00177688811978798
41983321	0.000747108177413446
41984550	0.00135989635510698
41985671	0.00984704824908262
41988820	0.000614343846970003
41989671	0.00071333348420293
41990470	0.00880824291530359
41991321	0.000557917986637028
41993001	0.000523702178764766
41994381	0.000861045676192496
41995751	0.000562775263101852
41997090	0.000490387948437626
41999560	0.00390663111411703
42000130	0.00588647227492707
42001080	0.0043337867097757
42001520	0.00203450023202755
42002381	0.000634945110650155
42005261	0.000996091177061822
42008000	0.000553579520202432
42011830	0.00109349539517648
42013531	0.000831232617785955
42015000	0.00133148525245813
42015710	0.12071709227769
42018631	0.0145892883623288
42020021	0.000897130352730801
42020161	0.00400993491756665
42024540	0.00494821909547242
42029920	0.00389178909158748
42033951	0.0016081592014747
42034190	0.000664871035564062
42034241	0.0026366622871291
42037531	0.00224982342883774
42039331	0.00145201417343167
42039680	0.00144339094634633
42041370	0.00129781830596092
42043030	0.00189365991387292
42043690	0.00408333617668273
42044680	0.000585350548122693
42049210	0.000699945444551548
42049620	0.00328408643643737
42050020	0.000558885243985069
42052431	0.0012696749218191
42052441	0.00406144436065833
42060431	0.000741058642362613
42060810	0.00282614455996348
42062320	0.00655990574982683
42067690	0.00679978566130863
42077811	0.00338641503167949
42079601	0.0215206104874556
42084250	0.00756063807847086
42086771	0.00179189135377168
42087000	0.000782396013845172
42087550	0.00121239701571864
42089750	0.0285327959047314
42091181	0.00145319667181867
42091290	0.00566107040664598
42095680	0.000727873657404689
42100141	0.000872052426753113
42104120	0.000999873632633137
42109261	0.000607436318356296
42111591	0.00892523366955945
42112701	0.000561976711052656
42115601	0.000592656475191859
42115611	0.000714750676506766
42118730	0.163613759385047
42119471	0.000792732599635635
42121381	0.00201937494406704
42123280	0.000561547305873921
42128571	0.00268857431666391
42134040	0.00164489713828786
42136701	0.000748968796891069
42137080	0.00262644324487457
42141500	0.00166355745830626
42145261	0.000758878889221798
42146621	0.00349522427949793
42147851	0.0218756045696316
42149511	0.00114681714127257
42150481	0.0442699156387957
42153470	0.00349499516096789
42156630	0.00563384540664413
42156691	0.000711848111180765
42159161	0.0373340174369431
42160500	0.0100983692647174
42160971	0.000726020060361936
42162221	0.0642225266431968
42163851	0.000504347987225032
42164080	0.000631694191024073
42164821	0.000605315656315518
42167410	0.00648458019653509
42169600	0.00703906495444168
42169610	0.00095154970135937
42170491	0.0245551316713218
42171390	0.00279764662243416
42177101	0.00051208720212259
42181180	0.0200506999908755
42182720	0.0274504469954465
42187871	0.00209057611225345
42190310	0.0010541346828637
42191711	0.000503366417979007
42194201	0.000545103529065733
42195461	0.00669411476921344
42195830	0.000539711221188222
42196390	0.144754256274211
42197220	0.000527379642022529
42198211	0.000972713341972873
42198341	0.00058121612117953
42200131	0.000998504706169194
42200360	0.119360560379523
42201470	0.0212632238307666
42203260	0.00235263289374403
42203270	0.000613456893138001
42206600	0.00265618009739547
42207130	0.013897449841212
42207150	0.00638325407285367
42208230	0.000528273399018068
42211660	0.000737220898086686
42212281	0.0447965025005508
42212821	0.00698567906091975
42215031	0.000739291594160903
42217600	0.0190279324153292
42222450	0.00173134473977988
42222560	0.000846199672958326
42224900	0.000627050101425485
42224930	0.000716228528780478
42225101	0.000822913341870963
42227660	0.020170232259703
42228070	0.00102019211780269
42228701	0.00215088260325207
42229241	0.00183324796867544
42230051	0.000636498114498124
42231140	0.00381073618549349
42232281	0.000646085348121371
42234320	0.000877097485696636
42238850	0.000999102711194727
42241490	0.000540237612340358
42243120	0.000817631703195419
42245651	0.00136225743459097
42245740	0.00110532892620515
42246051	0.000639024249674517
42249630	0.0121994567094225
42250051	0.00128712240836839
42250761	0.0951989777544938
42251021	0.000782599398591971
42251790	0.00264204739735488
42254410	0.000596142243140257
42254461	0.00269047320090988
42255100	0.00119198182063666
42256900	0.00164330089531428
42260100	0.000909289011140227
42261641	0.00169898643680063
42262720	0.000992934990021693
42264930	0.00126021789919442
42272360	0.000823595154068598
42272500	0.00047847269457165
42272520	0.0095995932219424
42274181	0.00159911291204863
42275100	0.00215173264530413
42275991	0.00913636354846569
42276951	0.0199541375476758
42277620	0.000767383563004039
42278310	0.0051417917397781
42280620	0.00246385724975113
42282720	0.00148573610058917
42286471	0.422179154634057
42287510	0.00275530844802174
42287820	0.111340913415335
42289310	0.306227946041623
42290310	0.000567843462144591
42297310	0.000690359806510389
42298580	0.00075444870927575
42298590	0.00101494551339713
42299971	0.00086411155835513
42300100	0.000581244849206068
42300200	0.0010440539384163
42300360	0.00061247346158134
42302601	0.000622064982900383
42303291	0.000627177407496628
42304121	0.000520173848143358
42307270	0.000566105421336823
42309361	0.000689105373777316
42309470	0.00474646254635779
42314310	0.0221255982492432
42315670	0.000766505923624559
42315721	0.0234558024342799
42315920	0.000699533741912183
42318700	0.0163752349589077
42318990	0.00317557093525881
42319281	0.000691826578251518
42323000	0.00187540510817096
42323400	0.000588948713405527
42324271	0.00059581811973988
42324370	0.00246438298378963
42327171	0.236523839813356
42330331	0.0216189526352991
42331550	0.000695128482857463
42332060	0.000643729365134992
42332401	0.00518349331103587
42333160	0.00122998550870707
42336681	0.0037399563424713
42337620	0.000910329934172038
42343120	0.00759861173407835
42345030	0.00268384954165031
42348220	0.00669876995605733
42349211	0.00307477103041121
42349450	0.000538524752723446
42350300	0.00072070024882001
42350871	0.000720242007919993
42351561	0.00212743828215258
42352801	0.0284729931329236
42353330	0.00273326780076152
42354140	0.00373101648142552
42354331	0.00123403002568485
42356090	0.000571555367093911
42356100	0.0155159152978391
42356121	0.000824378536082044
42356941	0.000797979449110163
42357491	0.000821571442737884
42359851	0.000785167998336282
42360671	0.00187202028451274
42362550	0.000640627600276544
42363680	0.00100552077705742
42364131	0.00314974017089167
42364671	0.000657963827900326
42370130	0.000880163839380232
42370970	0.000641551289618212
42372350	0.00112951486426756
42374471	0.0024528224695532
42374611	0.000543244428798559
42375640	0.000529417740065105
42376261	0.00726528528447631
42379230	0.00233350079450252
42381030	0.000498680623003215
42383161	0.00113403978412726
42387670	0.00161305962221096
42387991	0.00652234081479121
42388090	0.000785084483763377
42391530	0.000691899965916571
42392791	0.00146043204165257
42394960	0.00224809071234395
42397170	0.00278894313353604
42398430	0.000720119531858718
42402150	0.00164576962915816
42403271	0.000711782029349611
42410840	0.000903122509863305
42412521	0.00159205311135724
42414420	0.000991483498046815
42414471	0.000967583607640679
42417071	0.0025505061769881
42418830	0.0259446749077554
42420360	0.00445164703841071
42420661	0.069856437908244
42423930	0.000558091393794199
42425320	0.0115084578793981
42428490	0.0231043153095194
42428880	0.0150347088988057
42428920	0.000518202924194785
42429720	0.00127301519195684
42431411	0.000725793411723309
42432220	0.00402366470040196
42433221	0.000520788564315311
42433330	0.00211759636149732
42434290	0.000682114693007988
42434820	0.000759647303289208
42435660	0.019167471227096
42436060	0.0037600805666532
42436090	0.0007816118071125
42439380	0.000721988145949368
42440740	0.000782874690466219
42440760	0.000854676154813862
42443260	0.00111423403853584
42444671	0.000860035522211935
42446420	0.000560743679943687
42446881	0.000500243598473844
42449201	0.00558152522154041
42449580	0.0121486359971516
42452231	0.000709515080014717
42454950	0.000827239143384614
42457010	0.00426483220237115
42457180	0.00361380093703257
42457631	0.115868426080488
42461180	0.0135716772482149
42461361	0.000713169150655304
42463500	0.00955124956906775
42463950	0.000668595388678441
42464620	0.000840198367025489
42465030	0.00371917567685649
42466550	0.00354974834043103
42468750	0.00312144946242433
42469221	0.00211469474116702
42474171	0.0223934163506887
42476251	0.00994328645310679
42481221	0.0260455018161196
42481631	0.00847062833845309
42482540	0.00768284606908018
42483141	0.000990302437533675
42486571	0.0027613202166465
42491390	0.00126476191237989
42491691	0.000732307220157139
42492040	0.00689655494105818
42493010	0.00057544349677446
42494390	0.00295556171698202
42494451	0.0041474588514376
42496241	0.000580156218916779
42499961	0.0246130423432021
42502830	0.000632139071095475
42503831	0.00147171672489108
42504060	0.00993078481639511
42505580	0.000680041010925651
42507930	0.00137666840607993
42510991	0.000537745221305116
42515920	0.00762319493290184
42517860	0.00135445369850481
42517990	0.00156467310842699
42518670	0.000574070531350266
42521341	0.00320855091633676
42524931	0.000588529015751389
42530161	0.0110327588146268
42531940	0.000638459057583071
42532771	0.000711331827992204
42533341	0.000517667122442678
42533761	0.00454429818723162
42539421	0.0077557430231218
42539951	0.000890078849960725
42540330	0.000573957892862314
42542581	0.00227121878000126
42542591	0.000809623940630887
42543920	0.00101419463631892
42546031	0.000588426831343864
42549020	0.000584315865059655
42551510	0.000524268233330646
42554660	0.0238011856850775
42557000	0.00491107155927373
42561201	0.000742798250605223
42563951	0.000632366856897399
42564641	0.0012166987520489
42565140	0.102158811368836
42566540	0.00142765309417043
42569201	0.00110701720026699
42569901	0.0086874039587679
42571500	0.00482712110537294
42571640	0.0284007467291714
42573550	0.000635175444207934
42574000	0.00109019975081603
42575401	0.000605003367930165
42577331	0.000643822438890936
42580880	0.00104891555633914
42583770	0.00671688211150467
42583941	0.000533394614640828
42586701	0.00426391318784244
42587401	0.44243723864846
42587531	0.000557783438316205
42590171	0.000683161852376291
42590260	0.00716621851013559
42594540	0.000724822841708722
42595531	0.00109864830615679
42595750	0.000573316473106072
42596730	0.00233941463441666
42597850	0.00398084010349598
42601881	0.0301418119797639
42603640	0.000793130911824822
42604101	0.00058446459493397
42607090	0.0034795191098254
42608771	0.000630502482700661
42608870	0.0167698926807561
42610281	0.00108265903205393
42611210	0.00251902194741253
42614421	0.0330243770180325
42618441	0.00162109174699186
42618550	0.00250470404686295
42625580	0.000499344316299235
42627801	0.0113341855934473
42628371	0.109018445529294
42635610	0.00060640245973751
42636631	0.000927411258311509
42638120	0.00199342404968135
42638510	0.000892386439069595
42639111	0.00113117343331045
42639640	0.001051096775064
42641410	0.000585384725453
42641751	0.00577944650026133
42641950	0.00103422927350241
42644371	0.0396961365666007
42644990	0.000877448196499364
42645170	0.000664425763847542
42646691	0.0165801007892856
42648231	0.000956496424468106
42649611	0.000589123390496485
42657850	0.00782269442829275
42658120	0.000805522157624603
42665550	0.000502645422697929
42665731	0.000837093635584453
42666001	0.00056359092757176
42672631	0.00267194138165048
42675381	0.00135764464161222
42676170	0.00507637240261008
42676211	0.000901777985708734
42676911	0.000715680489631232
42678981	0.000714598540846956
42679740	0.00333716118990947
42682240	0.0008015061128269
42682810	0.000570561980038644
42684300	0.000578024285716245
42686161	0.000742367932047483
42689430	0.000975846532250645
42691910	0.000768519935451643
42694421	0.000872076619633796
42695500	0.00107205786569772
42698250	0.00392209000141256
42698400	0.0103921533136651
42699900	0.000608755524067344
42701441	0.000710203292898473
42702571	0.00138121969530759
42703090	0.0311009149279962
42704860	0.01126570502788
42705420	0.000567453111761801
42707610	0.257718978970433
42709540	0.000649165999152234
42712850	0.000615048004963458
42713710	0.0212456589119313
42716330	0.000618869342604765
42717441	0.00157883007178552
42718681	0.00257122819576328
42718770	0.00186812330336824
42719251	0.000561164517044359
42721570	0.000694548394822055
42724590	0.00609068366723592
42724621	0.000505195406230339
42725031	0.10013443936303
42725721	0.000605799440250776
42726281	0.00247467352428963
42730250	0.000780244139965822
42731360	0.00114568751930081
42731780	0.00294983842640927
42731791	0.00418039188333223
42733550	0.000959564813947673
42733591	0.0125594674862272
42734120	0.00496116028759488
42735350	0.00521027761653851
42737540	0.00127022327849981
42738421	0.000956191491943735
42741970	0.0960727508644478
42748580	0.00337727008905914
42748840	0.000721581940455432
42756050	0.000674120162353908
42756570	0.000828794034163019
42757461	0.000758088622543391
42759091	0.000905404970644459
42759641	0.00110800812265043
42761840	0.00760648698109068
42762780	0.0216602975857719
42763500	0.000723524771932322
42764570	0.000576759499762585
42764911	0.00426517213102418
42765861	0.00501357894282174
42766841	0.00147401338556303
42766920	0.00107451955367038
42768580	0.000493899939702917
42770100	0.000737248010763966
42770110	0.157119132368288
42770940	0.00573492092533575
42773550	0.00269596383618787
42775231	0.000589413348892369
42777940	0.000964496490337724
42778110	0.00201767759641689
42780071	0.00056259297588888
42780420	0.00192796968139053
42780710	0.00448902537525156
42782800	0.000733953558540655
42783921	0.000678618977198061
42784911	0.000548922250853088
42786220	0.000607169360359322
42786230	0.00229044120257489
42789571	0.000550650206184056
42791050	0.0203788554856116
42791750	0.00535877189416186
42792331	0.000754558938906822
42795340	0.000875684044586484
42795750	0.00140719090886062
42798510	0.00407971694559576
42800211	0.00086934397059194
42801830	0.0679438254839795
42801991	0.000959524729200156
42803450	0.00853976891214241
42805871	0.00060718211223
42807101	0.00106027989245684
42807630	0.000778891477458275
42810131	0.000893532354849309
42810561	0.00445720261464311
42810620	0.000556567215000549
42811231	0.000498205958000141
42813591	0.0019146733252368
42817520	0.00368226451663629
42820471	0.00281143342360077
42820611	0.00065533822884644
42822951	0.268842785602049
42824160	0.000915589821459529
42826790	0.000573396391081861
42826831	0.00161146498764154
42827180	0.000545123360970513
42831490	0.0182464240479043
42832420	0.235510046868348
42835521	0.000948422393287102
42839350	0.00091909609469623
42840290	0.00102052914206655
42843781	0.00218705456909452
42843921	0.00268126347857925
42845410	0.00337617527366484
42846121	0.00497389384717803
42848840	0.000684315682697331
42849861	0.000579562646265411
42851610	0.000518820412843367
42854110	0.000620858669026366
42854630	0.000942541529848657
42854971	0.000532841342051705
42856030	0.00276466775631283
42857571	0.00158557779827322
42858090	0.0181251730005984
42860700	0.00265909779021848
42860741	0.0104665108966844
42864580	0.000979795546916144
42865940	0.00141471179027358
42866531	0.00183363278839992
42867170	0.000859862539770788
42868310	0.000593840880701992
42868331	0.000523675995268444
42868601	0.0118685193321357
42869680	0.000887324411638398
42869970	0.00283793814495792
42870220	0.0115995985875107
42870630	0.00288627877351779
42870811	0.00444096774455945
42870910	0.000709068007751271
42872061	0.000665491926251754
42872300	0.0064366936513977
42875241	0.000511435143912716
42875330	0.000821576626324453
42877940	0.00614500454978252
42878131	0.000950134789574122
42878350	0.00462444002595987
42882380	0.000529981721535936
42885100	0.000555712535562952
42887511	0.000600238138087103
42888130	0.000528613178512617
42894401	0.0029554647028414
42895491	0.00209916618507043
42895600	0.000831049989499763
42896170	0.000838984461004643
42897000	0.000994500804278888
42897561	0.000584963328411192
42899730	0.000616428190804336
42903491	0.000629174825658716
42904570	0.00623487374593739
42906100	0.000729864667709349
42907631	0.000764781592306331
42908451	0.000481444949595158
42908871	0.0010925780094787
42909230	0.000533078276034235
42909510	0.00562739169304171
42910210	0.0259970253386632
42911600	0.00103977427350469
42912051	0.00076475163785217
42912061	0.000605376806963809
42913260	0.03412995266843
42913370	0.000670971220215872
42914541	0.00488380391588544
42916160	0.00257782559811963
42917861	0.000561006186067738
42918521	0.000657457050791923
42918780	0.000617661890336247
42919511	0.0010251851100422
42922111	0.00162428099276615
42924461	0.000919784408197707
42925410	0.000833079189393241
42926930	0.005690266532602
42927050	0.000667471733489186
42928430	0.00276930539228576
42929270	0.000607154184426014
42930370	0.000803015990030931
42931470	0.000914048464024661
42933780	0.000723686971407763
42935631	0.0011403387671179
42936451	0.000578829680828373
42937810	0.000531685406183046
42940830	0.000606185486894976
42942261	0.000738582413551474
42943190	0.00572105648234185
42943361	0.00439840655535025
42947860	0.00115566184898538
42951610	0.00874504506728071
42952430	0.00221723077412016
42955170	0.000508455990049382
42955880	0.000633687698710273
42956201	0.00162587053027894
42956990	0.000653044738476512
42958531	0.0119142390040061
42958661	0.000643686009652983
42959860	0.000948228533530788
42960171	0.000532768584372233
42962920	0.000580511216884803
42963180	0.000518297949676485
42964680	0.00100977977921377
42964690	0.0246316839441433
42966531	0.0978858947730297
42968430	0.00265748738726127
42968461	0.00224788723095444
42969421	0.000474686114447199
42969670	0.0010308502458682
42970350	0.00778922429016842
42970791	0.0801639623223853
42971190	0.00309378745001286
42972280	0.000744793360278799
42972451	0.000530891461776209
42972960	0.000552218252010932
42973640	0.0256699577993673
42975590	0.00383923482926081
42977551	0.00381219211345416
42977650	0.00118516767926769
42978811	0.000984008713505214
42979361	0.00184403441087749
42981660	0.000623998588766646
42983180	0.00626434639546839
42984020	0.000738764081525283
42988150	0.00224641964110263
42989571	0.00224619568249825
42989831	0.000515461175723315
42990190	0.000648346373191401
42990360	0.539762859633313
42993100	0.0130937355329479
42993151	0.000493346502541018
42994381	0.00197992493141227
42995320	0.00243196767044056
42997540	0.000582131894290702
42998941	0.000560976545902628
42999860	0.000636207183721217
42999880	0.0258023824691529
43001780	0.00331705359303648
43002600	0.00398704282823364
43003150	0.00329534400708807
43003351	0.00155632838856362
43003860	0.00252435164514783
43004000	0.00105624600470356
43005971	0.00117108530793558
43006101	0.0140270710122015
43006230	0.00178087609036871
43010651	0.000637238644240609
43011430	0.0101062060977338
43011911	0.00433598942314393
43013831	0.000834863904165376
43013950	0.000534743924673381
43015631	0.000564606265375047
43018350	0.000883850622240927
43019501	0.00111564236529884
43020041	0.0148668805191159
43020311	0.00131171495746323
43021961	0.000615610914505209
43022320	0.000660079586637845
43023501	0.000597169029529014
43024000	0.00706722788048826
43024830	0.000923841099537139
43026490	0.534556587038529
43027061	0.166517894998712
43027860	0.000767674947830938
43032540	0.000666220696117796
43032851	0.00909754682954693
43034180	0.000569498066339976
43034811	0.000624523618276714
43035771	0.0191416778692418
43036420	0.000571170612860273
43036540	0.000886260000212825
43038661	0.00156597985573615
43039170	0.000709670254046877
43040010	0.00522572561335607
43040150	0.00178105465723474
43040280	0.00139509993638624
43043330	0.00389146868442281
43043560	0.00330846964425915
43048820	0.0075538917425439
43049011	0.000717578725191629
43050781	0.000938628967859513
43051420	0.000554818732572746
43052110	0.000650817075121781
43052140	0.000746577607625877
43052441	0.000601630270536998
43052960	0.000793691303028163
43053810	0.000727088231872829
43053951	0.000610812977137104
43055440	0.00113738401460679
43058180	0.0136198270065009
43059590	0.00439976898688658
43061541	0.00763016550091468
43064031	0.000788118867433744
43064110	0.000491702908214453
43065380	0.000613161634124763
43066661	0.000517710524578025
43067050	0.0271875078634333
43069681	0.0025925027245511
43070091	0.00840583245203187
43071170	0.00113821550414448
43072041	0.000577792525254417
43072711	0.00323676023010291
43073360	0.000973891143568382
43075211	0.00327815905580642
43078231	0.00141746870116188
43079030	0.010918721013183
43080540	0.00398959859123099
43081670	0.0136079081351975
43083071	0.000801560709517529
43083211	0.000821650569602759
43083331	0.00254180531931856
43083481	0.0847304386832507
43083710	0.144003036266469
43084301	0.000901879906109291
43085100	0.000569044366650549
43085230	0.000769194975111262
43086180	0.000571357675624327
43087850	0.00061495454816445
43090740	0.000737293205283988
43091081	0.00224511166556808
43093821	0.000633614653641299
43094590	0.00106593509465172
43096150	0.000526141596635031
43097900	0.24244883573575
43100591	0.0307433771011955
43103010	0.00112872902054632
43104041	0.000850524306569888
43104410	0.000695607482997849
43104861	0.0010762871110498
43105531	0.000894330633438903
43106200	0.00188832611262104
43106620	0.0167849808021816
43120520	0.000990540415461476
43120851	0.00210842186814819
43121370	0.0020489618791676
43122460	0.000516106904051979
43128021	0.00102822048226968
43130040	0.00058574013716622
43130760	0.00939214044890425
43131180	0.00187261873349883
43132970	0.00053024419563412
43133250	0.00645169023682666
43133271	0.0287524359850206
43136260	0.000761207941652719
43138870	0.00609421934633974
43139211	0.00238460637641328
43140140	0.00915435275752646
43140171	0.00763240006962845
43140441	0.00272998695623546
43140711	0.00146607573268607
43141900	0.0018620026554404
43143461	0.0156923037991217
43145811	0.00128726984664327
43146791	0.00245308080131346
43148970	0.000995848318187005
43149141	0.000546292702799725
43150241	0.000618228873924371
43153380	0.000591912137822224
43153541	0.00404361915420336
43154781	0.00387560667613515
43158880	0.000755311486795747
43160240	0.000789144024861324
43162900	0.000682035780155939
43164161	0.00107628701269853
43164970	0.000475865837596405
43166730	0.000602457566627338
43167170	0.486673706946672
43167891	0.00116370775045932
43169340	0.000672201071936004
43171341	0.000707254105978915
43172260	0.00816110047588147
43176530	0.000493919425609232
43181090	0.0262675679234395
43181951	0.0030163511485939
43186091	0.0126636588228312
43188920	0.000696553535532653
43189340	0.00234059583594733
43189900	0.0015172279755829
43190580	0.0116748827199012
43192520	0.00345279326022461
43194211	0.00745615183849294
43195751	0.000654851804038176
43196151	0.00244828921471701
43201480	0.0044820697695305
43202860	0.00187447522161433
43202911	0.119610882257542
43203290	0.00205402665607638
43204380	0.00116344620049053
43204940	0.00110928047554264
43204950	0.0017651093491178
43205661	0.00334163004044959
43207280	0.00524553785792401
43209220	0.00302631451745618
43210050	0.00164078394549364
43210060	0.0019731947512069
43210101	0.000711979598857923
43210330	0.000737590121462767
43212851	0.000729972874365876
43213500	0.000480094864532588
43213920	0.167569496160368
43214740	0.00151519430810853
43214750	0.00055725846359449
43215680	0.00307617237078523
43216510	0.0471915005128614
43217541	0.00165947978888447
43217941	0.000540046563997525
43219720	0.00119733040253818
43221271	0.000778427437386257
43222781	0.00230903542029029
43223400	0.000524064583795876
43223580	0.0196608395873123
43225681	0.0110484163143984
43229900	0.000692052418915947
43231570	0.00123600923598735
43233531	0.000664123259909707
43238060	0.000574106000262751
43244650	0.00112363811828478
43245650	0.0174167182578236
43247290	0.00100488653231061
43248270	0.300519451363067
43249941	0.00555659684941298
43251601	0.000711157924690426
43252421	0.000537920044210195
43255700	0.0027822788642648
43258300	0.0036950979166889
43261931	0.00325689478120007
43262160	0.00770364073040157
43263731	0.000590624383561408
43269050	0.000581968504279774
43274491	0.00220415527002936
43285630	0.000656576536213823
43286351	0.00600797162680125
43286730	0.00100442374073325
43291591	0.00208746101305862
43292120	0.000751659634323346
43299471	0.0192373196998933
43299560	0.00136612103085361
43301900	0.000565114561310603
43303840	0.0407399891580341
43306150	0.00394219217640074
43307301	0.00537117277766167
43309251	0.00493297745410106
43310611	0.00759629414199948
43310710	0.0018568318627207
43311191	0.00130625079992102
43312240	0.000534960203724058
43312370	0.000625587271524714
43312810	0.0526643590918781
43317060	0.000923878630765462
43317651	0.0124088933243409
43319161	0.00207552091614246
43322611	0.000994676262427802
43322911	0.000605116870030556
43323390	0.00479685936680776
43323690	0.00295930845246541
43326911	0.00673607982147706
43330341	0.00167394309709674
43330361	0.00570331341597168
43330980	0.000645977202126442
43331881	0.000637447272274492
43333180	0.000652780944745477
43333330	0.000808593005866824
43333391	0.00242532175795117
43338501	0.00158046334370155
43339400	0.00309048801817703
43340950	0.00146202640051332
43346020	0.00086401314138335
43347581	0.000636774559145235
43349521	0.0138029090697742
43350351	0.201620903279052
43350850	0.000649935500687107
43351400	0.0477546537570311
43351430	0.156358274610515
43352701	0.00389689725316646
43353931	0.00352848952300646
43354891	0.00207356257660298
43355400	0.000692330313779264
43355441	0.000491172278948211
43355871	0.00936846124646949
43358280	0.00196014007218257
43359010	0.0864114714544871
43361501	0.00731553790464586
43368350	0.00333158491921742
43372490	0.000990502010128042
43373220	0.000789616030536099
43373251	0.00187953108354827
43373641	0.00191026807241817
43374280	0.000650273600562495
43376670	0.00113646482989869
43376971	0.0143153146913952
43377470	0.00126927058832715
43378351	0.00351711204123753
43379410	0.00698074822818974
43380401	0.000494544286975687
43380841	0.000732056083545179
43381610	0.00114337513854245
43382191	0.000791577844012435
43383181	0.0409601732848493
43386030	0.00499474013051898
43386351	0.0137308891827343
43387840	0.000993299635719906
43389060	0.000881722169752686
43394051	0.00616189041135199
43394211	0.000665001288213909
43399260	0.00203355598228446
43401241	0.00149612702431924
43403130	0.000980493419973886
43403520	0.00264349842976548
43403851	0.000763823791130395
43404261	0.000596853589189603
43410000	0.137365036068844
43411171	0.00260165575510532
43412681	0.000549973231126293
43413480	0.000500557438873469
43414201	0.00156659976649711
43416230	0.000814100452562454
43418481	0.000532081648466363
43418751	0.00128480835381512
43420281	0.00210212970725822
43420790	0.000493424122485858
43420971	0.00373210574165858
43423390	0.000644500571361168
43425791	0.000532371753069907
43426040	0.000834885498710553
43426170	0.0110854897631916
43427800	0.000633838144834675
43435171	0.000505454372635539
43437631	0.0704606104946841
43438830	0.00950523752325972
43441101	0.000755834257059143
43445860	0.00527477679890533
43447711	0.00549040321828519
43448210	0.00286171658439476
43457870	0.000899978100007689
43459520	0.00451073899151145
43461631	0.000817631992492919
43462960	0.000907272777642297
43464551	0.00127830043105909
43467011	0.00596763919764908
43467680	0.00102175663943
43470970	0.00231490326227139
43472131	0.000736711489809348
43473501	0.00260769384174889
43475431	0.0219304571267523
43475510	0.00423159133340954
43477651	0.000658096116558848
43477890	0.00125947124042888
43479441	0.00689499317337007
43479581	0.00210269956374142
43482150	0.0109629377118827
43487230	0.00418948395537012
43491110	0.000905712868976067
43496630	0.151137784601451
43505870	0.00397068756159672
43506481	0.00332873797082278
43507831	0.000735247388793797
43519431	0.00109079954455446
43525340	0.00323020994315837
43528521	0.00878785977098144
43537440	0.0209016080135249
43540791	0.00292960381055051
43543841	0.00191922169506334
43546710	0.00135155624296557
43552360	0.000497469888241559
43553091	0.0437671951159023
43554861	0.00197238640386389
43555141	0.00259732702853479
43556671	0.00202161258324657
43556920	0.00355533054694013
43564510	0.0607776950993248
43570550	0.00177740524767318
43570881	0.00303754042870355
43570990	0.00248445397710763
43571130	0.00614873002328044
43572210	0.0131332640702526
43572470	0.000533822966169395
43579260	0.00278879716240988
43581481	0.000628644801000468
43586120	0.000660958397297254
43586471	0.000738750323000922
43586560	0.0375825440327659
43587681	0.000495326628933934
43591131	0.00058557419414011
43592350	0.000927436096330367
43592610	0.000989924234848426
43592620	0.00225692621370735
43593440	0.0283824148358734
43598280	0.000713500815933363
43599930	0.001427531557595
43601160	0.000519302469585166
43601310	0.000528407693588324
43603500	0.00251908084227783
43604910	0.0008594544507483
43606570	0.00214554898507645
43608600	0.000595968677945812
43619240	0.000659722630904991
43619431	0.00377177728395859
43621450	0.0021257327092102
43623650	0.000649472583963473
43625310	0.000906986042195095
43625911	0.000787725376019827
43639660	0.00669104178905704
43642451	0.00442574101092188
43653980	0.000786222369380237
43656470	0.000980709109252046
43657911	0.00165489043632005
43661040	0.00433595803651266
43662451	0.000687737559151678
43667760	0.00231943156434242
43675380	0.000546012483539645
43676251	0.00402947648187988
43676590	0.00423301688130694
43676870	0.00476447441021135
43677170	0.00235733325834446
43677560	0.00270991633261717
43679080	0.00210017334818356
43679701	0.000656935212294358
43680760	0.000724663737587744
43680781	0.000577858185356552
43681150	0.000537231215856233
43682441	0.00974521876639648
43683080	0.00174534841351353
43683281	0.00295536297975336
43683530	0.000590506978422157
43683760	0.0331989195331901
43687530	0.0308758428271836
43687640	0.000581764752709107
43688350	0.000847548854386039
43689040	0.000505604721499202
43692760	0.00352809122017499
43692781	0.000713812000805125
43693150	0.000600723492194136
43693891	0.000870246558400234
43698380	0.00135433244653477
43699261	0.000640110620802425
43700170	0.00308045947867995
43701570	0.00940600028445642
43701881	0.000776937031089969
43702841	0.00109129792118455
43702851	0.0536052073240219
43703070	0.00113645544220996
43707780	0.000935795956557358
43709471	0.000564604965136616
43710260	0.000725719344705845
43711370	0.000492473083314907
43714820	0.000570112396568861
43717710	0.000619757427466958
43718441	0.000594832894983208
43718550	0.000532832481797682
43719110	0.00053670052265993
43719490	0.032074355289983
43719630	0.00488250454211168
43722530	0.000560743354957205
43723391	0.00105068291201352
43723510	0.00205180614069696
43724760	0.0122770122364427
43725461	0.00380388465198246
43725601	0.0011668815059642
43726250	0.00114265585565127
43726390	0.000539148656407613
43727780	0.00167857181455932
43727821	0.0358676265113775
43728600	0.0126576990544594
43729010	0.000878599938369117
43730140	0.000529580004987967
43730151	0.00388658792649157
43735281	0.00326754838481668
43735800	0.000560770825728245
43736890	0.000605960044370706
43739380	0.00475374090001475
43742260	0.0380118283519947
43743510	0.000767588075933657
43746441	0.0218431090836963
43746711	0.00146642614023663
43747001	0.000494141000573499
43749341	0.000645530816894766
43750250	0.0025619598953762
43752641	0.00310991888534546
43754250	0.093602742601064
43755480	0.00295511563907586
43756340	0.00110539471903793
43756740	0.00228835701882417
43757030	0.000555651850470497
43758851	0.000533350516566832
43760241	0.00056479276253963
43761191	0.00188892376254115
43762240	0.0986490495097625
43764241	0.000908796599117351
43765960	0.000841102536030248
43768610	0.0165632962909101
43769061	0.011635746115432
43769710	0.000545139475409129
43770250	0.000810216800618977
43773191	0.00697812950428803
43773840	0.00184615359046397
43773860	0.00107760247814263
43779890	0.000773488714445794
43779910	0.000478435638995389
43779941	0.00156360498615018
43784911	0.00262514346012336
43787531	0.00238446206106532
43787640	0.0184313127180317
43789611	0.0161790757714861
43789980	0.00285298881525849
43790510	0.00578751003263089
43791411	0.00693935337966391
43794441	0.0160616168690235
43795411	0.000569889668591603
43795470	0.00617391057018104
43799411	0.00136042016858591
43799821	0.00195919704290039
43801580	0.000642280254632866
43802540	0.00230862159761532
43803521	0.00428114784873294
43806380	0.00422271824225811
43808631	0.000882442444106845
43808740	0.00067792834900463
43812081	0.00224699870927108
43812761	0.480131568304224
43816300	0.000544144954250493
43817051	0.00132342450501752
43817191	0.000571856746078604
43818920	0.00113912724303934
43821871	0.00452711655859614
43823080	0.00418181158889776
43823941	0.00228685692981553
43825140	0.000926813711513703
43828320	0.00142708193889091
43831261	0.000495056277764278
43831671	0.000723823030894391
43834301	0.00127155594770517
43834380	0.000721153697578486
43834851	0.000573833983261059
43834971	0.000883983641915944
43838021	0.0189947900389637
43838561	0.00090563404661604
43840590	0.00879389517030152
43846001	0.0885609626928129
43848440	0.0267024449114914
43849331	0.00159859172570449
43850790	0.0109807512917861
43852071	0.000571567607583121
43852440	0.00221018656061867
43852621	0.00159581653669252
43861010	0.00207368245821989
43862530	0.000487590793129995
43864850	0.000840502578128923
43865140	0.00178429374139289
43872501	0.00147374304818671
43875230	0.00105590850504383
43878910	0.00390174516494324
43879330	0.0130473690672115
43880030	0.444674748629884
43880570	0.0211623970553522
43881830	0.00836126520723726
43886670	0.00231025303419537
43886711	0.00212420006413368
43889410	0.00201081942709107
43889741	0.00232900284492404
43890001	0.00428244124945208
43890021	0.00255875119189805
43890831	0.00370685261158794
43892590	0.00426932146281859
43894670	0.00163697418156651
43896361	0.00102797480793886
43896590	0.000758200137335247
43897410	0.00155512502962874
43898370	0.00244315134262716
43898421	0.205228052890012
43898510	0.00624603930961033
43898930	0.00600612664651315
43899500	0.000748422602006678
43899791	0.000672358014885757
43907740	0.00273104919369057
43911050	0.00548530207844655
43913940	0.00231513674755901
43915200	0.000831303728113363
43915251	0.00150168095465057
43922360	0.000593843582270848
43924331	0.000579088016220474
43932331	0.00089261516613384
43935350	0.000486212876980338
43935880	0.000561106962296582
43936290	0.00114423848907929
43941731	0.000971482044389807
43942701	0.00050091520113418
43943671	0.00102996834571431
43951350	0.000553069874841268
43951880	0.00265452394796642
43952700	0.00181414708630815
43952720	0.00917706178449061
43953290	0.000618059429651921
43954411	0.00123608528125308
43954701	0.000524675741959959
43956980	0.000581566875798279
43957441	0.000969508368983788
43959190	0.000579154425983387
43960761	0.00082224952041211
43962701	0.00241813707625488
43962920	0.0112925732083626
43963661	0.00400319819552454
43964081	0.000733684966733884
43965380	0.000582375906033433
43965520	0.000659280226011686
43970780	0.000770234653895506
43971381	0.00493110786045895
43972840	0.0697177690133762
43972891	0.00752403374437813
43972990	0.262673843451985
43974770	0.00049757722142441
43975941	0.0114928304222113
43976211	0.00139587541982072
43976560	0.0014515943814044
43977550	0.0369075519691433
43978800	0.00102925465140465
43980320	0.000607337295381332
43981110	0.0109550140714087
43981431	0.00787090175791423
43982131	0.00115160509917736
43982821	0.00378274535001158
43982961	0.00058160795171212
43984331	0.0015300033003837
43985380	0.0464680975927115
43987241	0.00146988781471769
43987890	0.00105938580553364
43991180	0.00382135862140774
43991870	0.000524151487831422
43993670	0.0692371591165798
43995180	0.00114961510594151
43995361	0.00082178023572453
43996201	0.00861252551779951
43997010	0.00121098406173244
43998250	0.00717212973459535
43999091	0.000975748275155433
44000280	0.000530639185798549
44000550	0.00219943000362245
44001270	0.0103304055221023
44001380	0.00110045649592592
44001711	0.0611785113698584
44002090	0.001166633205983
44003750	0.000535481433045594
44005240	0.0050359443345533
44005680	0.00070011171984313
44005851	0.00278610363348593
44006671	0.0059015295331342
44008341	0.000468347197098518
44008471	0.00288191963938367
44009820	0.00482614116574126
44014681	0.000696336187886931
44017520	0.000814227083397691
44018510	0.000522097127149116
44019070	0.00055362520111193
44019501	0.000527499518510467
44023631	0.000803801518979292
44023750	0.00106475547973361
44023781	0.00135283205764065
44024160	0.00107715881107146
44024761	0.00717821726983523
44024970	0.000925644430363084
44025140	0.00124146666618062
44026941	0.000569096705305374
44028000	0.000557957104170174
44028871	0.00213482939842658
44029530	0.00164867607233506
44034360	0.000684442762032659
44035210	0.000732847203093324
44041711	0.00076165476295356
44045711	0.0034978175536221
44046370	0.0010079783551317
44046780	0.00134199712905619
44047180	0.000669677588703623
44048020	0.000485296742738471
44050480	0.00152978593389558
44051050	0.00335872075076646
44051620	0.00314487844892143
44055600	0.00468631440635482
44058271	0.00154143117404526
44058370	0.000535411884550545
44058510	0.000588625864109963
44060601	0.00285491056362344
44061240	0.000693301440402192
44061400	0.0666654749530904
44062551	0.000516739313399429
44063760	0.00199792969268845
44065971	0.000794375119218599
44066251	0.0015339604589699
44074360	0.000729777156323235
44076830	0.00100497537247707
44077240	0.0418368355035928
44078401	0.00635997138336825
44083440	0.00181131595087917
44083740	0.000609938110572368
44084830	0.000856251418545078
44088170	0.00095027114293063
44088191	0.000483248630673866
44089660	0.000488848663494682
44090760	0.00411288631419448
44093390	0.00230681154616016
44095071	0.0007100441394853
44102230	0.0027195920261967
44103901	0.000505506331040863
44105230	0.0262653270197168
44110900	0.0662677316936752
44111160	0.0044541802332717
44111631	0.000715292276911416
44111750	0.000704086420805703
44112560	0.000547165268934999
44116550	0.000582665712392652
44119371	0.000837436332523068
44120171	0.00498578334722092
44120451	0.00275085390643898
44121011	0.000655997410132784
44121021	0.00279951215572864
44121810	0.000671375292383692
44122090	0.00231275540910894
44122131	0.00900830582516676
44122910	0.000825891096103794
44123020	0.00269692573358459
44124120	0.000810930805799098
44127730	0.0104387049045961
44127850	0.000532373139587194
44128960	0.00237277175204792
44129120	0.000576842967828336
44129380	0.00573082050494417
44129711	0.00269329843119742
44130951	0.000860725073681702
44131190	0.000675935376947201
44132741	0.00321741323937286
44136120	0.000581998223413574
44139190	0.00725851294961885
44145230	0.000894261072814278
44148290	0.0301933801671768
44155071	0.0156599806862727
44155880	0.00267580086059972
44156311	0.000651054676624168
44163231	0.00099869260023155
44163710	0.00538439989010473
44164530	0.000878570856327733
44164820	0.00077316536707766
44165680	0.000590083705364165
44166770	0.00193216592364464
44171740	0.000549747240671788
44172670	0.00141917705344769
44173841	0.000556876148649473
44175450	0.00048715235368386
44176530	0.00142782345595336
44176570	0.000996915768538251
44177810	0.00164288976321913
44179450	0.00114738030135618
44181510	0.00169089360546056
44181950	0.000794787096927704
44183751	0.000834168371288058
44187720	0.00274641147219945
44187860	0.000767193405283486
44189100	0.00178703184735106
44189650	0.000618033829287419
44192191	0.000684000271809104
44196410	0.0234751035134401
44197151	0.00253373828629227
44197220	0.00225071542355939
44197260	0.00154053821015485
44200150	0.00060413262222018
44201001	0.0030057849243302
44201411	0.0256091539035522
44203211	0.00512909108396971
44204950	0.00375030448443177
44205831	0.000926720855274774
44206890	0.000649418123481851
44207170	0.00562334023748917
44210121	0.000873628996007273
44211020	0.000689532913733006
44213910	0.0371149366117269
44215840	0.000779554705320143
44215860	0.00236336033796765
44218251	0.00074158665755893
44218740	0.00311476540021067
44220851	0.00241083855599503
44222791	0.00335039504589358
44222921	0.00152130760764873
44224800	0.00168345442934479
44225390	0.00807837845854179
44226521	0.000589920595250046
44227190	0.00457066854347266
44227341	0.00061351644426807
44227570	0.0517996249181583
44229001	0.000685938273332212
44229350	0.00113244155364821
44229930	0.00065685334583117
44231221	0.00311798198048477
44231351	0.00372771604141062
44232810	0.000500332430847913
44234080	0.000517344623120399
44235700	0.00186567488170652
44237220	0.000516707483690611
44237681	0.00058444429946247
44238190	0.000585935342870954
44238391	0.00450444515933778
44239211	0.00891764299666774
44240660	0.00636601460916936
44241151	0.00204154657009322
44241380	0.000530850256419717
44244110	0.000693234770330155
44244591	0.0210024173753664
44245151	0.00104474379630198
44245691	0.00135575879859702
44251450	0.00142545387119025
44254480	0.00216642166298967
44256280	0.00230725930902551
44257520	0.000796288643408406
44257701	0.000634296847418587
44258600	0.0234155776129128
44259280	0.00256997171840907
44259840	0.00861141281916938
44263710	0.00078924618729884
44263751	0.000745451660609287
44265951	0.000890064603517515
44266890	0.00437980767229145
44268410	0.000837047641370447
44268571	0.000617422287918691
44269650	0.00240251091800382
44271580	0.0551322318750792
44271621	0.000616324132650427
44277561	0.00085186762085818
44279700	0.000923203474304785
44282610	0.000565665054384081
44283140	0.000922517789663191
44283461	0.0006471716173879
44285121	0.000647147394529203
44287071	0.00180593294231643
44287980	0.000556347558613453
44289281	0.0167379985341072
44289760	0.042224509190818
44291970	0.00109009710472396
44299331	0.15999417025374
44300031	0.00345236160142088
44300841	0.000597175138742242
44301510	0.00188636757051319
44303040	0.0137864496149629
44303980	0.000592905420372857
44305080	0.00254110555077465
44308790	0.00072943726983029
44309660	0.000623879448124689
44310330	0.000515982793732565
44310661	0.0029682928851602
44311211	0.0180042021822007
44311850	0.00071235786325166
44312120	0.000594499454240748
44313671	0.000929594102248745
44316311	0.000902067876274869
44317480	0.00300749866825313
44318620	0.0133550686979974
44325200	0.000542104817201165
44332970	0.000547132865041
44335731	0.00184218398935809
44336021	0.00418017986829234
44336820	0.000766069860146146
44337240	0.0012142844128987
44338791	0.00080935153213873
44341650	0.001872378149143
44341790	0.0886760182001842
44345900	0.000871504514837332
44348441	0.000749783675528722
44348701	0.000875213232403897
44348861	0.000624485533479105
44351280	0.0410564825561632
44352790	0.000633008984028991
44353620	0.0276019969872925
44356930	0.0892395289432174
44357370	0.000674286100741402
44358320	0.00377673415669662
44358470	0.000831489360889065
44358911	0.00149425726852129
44359321	0.00109266067042604
44360291	0.00274542357469997
44360520	0.00419432726837947
44361090	0.00474067273028239
44364660	0.0010064615635904
44364820	0.00217885082180781
44367280	0.00052494785499397
44368021	0.00091731518596718
44369480	0.0242124213237494
44370030	0.0232117884701614
44370351	0.000594324750623465
44371020	0.0304989151613041
44375051	0.000996509140830318
44376780	0.000636605608425352
44377951	0.000869889490276038
44378170	0.0410539128470468
44378730	0.000538537917898829
44379000	0.00162506949440842
44380291	0.000638515938819182
44381350	0.000919002378663394
44381661	0.00194631467112441
44382491	0.0157545300459176
44383010	0.000486736202590716
44383020	0.00242006367423844
44384550	0.0106846462666824
44386091	0.00109760327810386
44386850	0.000716240339876334
44386911	0.000737267754797639
44387280	0.000624817517797144
44387341	0.00281154516016242
44392141	0.000737234104583661
44392930	0.000516076249417598
44393760	0.000556046486712994
44398091	0.0475449565642368
44399010	0.0142237996728298
44399130	0.00067248655660189
44399260	0.0051782080082715
44399440	0.000725916486012215
44399871	0.000948170448614866
44401681	0.000616405699125129
44407560	0.00770942847521311
44408441	0.0760613861440972
44409060	0.0005130006294043
44412161	0.0268429111151405
44415181	0.000691086780247222
44415540	0.00435064160679802
44416711	0.000773605095940196
44422091	0.00136807150966633
44424540	0.00838154421096264
44424660	0.000647115200809087
44425681	0.00157395065287644
44426781	0.000659681642946336
44430170	0.000659614847006275
44430180	0.000605883156353089
44430850	0.00182852762966099
44431031	0.00187739991970098
44431560	0.00440196620811671
44432141	0.000959861741940205
44432551	0.0129604556697861
44432920	0.00147573171710501
44433200	0.0215023727630375
44433350	0.000713596145894246
44434371	0.00154120758837288
44435260	0.00580612849174456
44436640	0.0818963972440166
44436950	0.000922378460487891
44438621	0.00667432339895932
44440120	0.0638922996505413
44441941	0.177316947792042
44443570	0.000662329050323558
44445381	0.000554487746922156
44445941	0.200199327380338
44446221	0.0190363204987334
44449060	0.001849341441947
44450160	0.0010647902199925
44452110	0.00977095627825097
44453480	0.00137437494415951
44456930	0.0211407154663401
44456961	0.00113914679800211
44457241	0.0040238427397116
44459970	0.00662386733995682
44461241	0.00220592225458397
44464411	0.000598094347047519
44468561	0.00280954503521826
44471970	0.0012287174093302
44475530	0.000853744270970208
44477880	0.000547817441194578
44479861	0.0217145217534293
44480841	0.00153254638791175
44485640	0.00302256874752616
44487041	0.000570855582356019
44487530	0.00100612424163567
44488920	0.0024774480209146
44491000	0.000798669450889064
44492520	0.000953987037603884
44492770	0.00135773521902144
44493610	0.00112707022327546
44496100	0.00234719905547413
44497111	0.0105402945040981
44498481	0.000702395015301069
44504151	0.00056020362388663
44504421	0.000569873582112925
44504841	0.00104013559232234
44506710	0.00194190987853313
44507311	0.00711457730041862
44508421	0.00128122943534555
44509360	0.000874045145056192
44509460	0.000507607173714294
44510030	0.0023969096961304
44511530	0.0141376069101178
44512551	0.00244626733602415
44515410	0.000500616222644308
44515420	0.000473109351417808
44515550	0.000986290329367258
44515711	0.00152807368605885
44515830	0.00345124323450935
44518850	0.00213844944405209
44518870	0.00147384787811816
44518880	0.00529876229614399
44518980	0.000741916474156019
44518990	0.0235490540687766
44519181	0.00199277393851246
44520350	0.00137382158584273
44521770	0.00140004608836842
44522560	0.000777517414646113
44524250	0.00152507684764912
44526600	0.000509303988199438
44530211	0.00278001228982753
44531851	0.00135366358554684
44533630	0.000694277087628887
44535451	0.000729172959664713
44537750	0.00106396642385521
44538850	0.00279259151732409
44539431	0.00187410306686328
44540360	0.00272091742552334
44540920	0.00054255035509606
44542081	0.177740049830074
44543711	0.000643677240458392
44548800	0.000817867448080833
44550901	0.000847251798541462
44553590	0.00939829132924773
44555161	0.000514050849454784
44555280	0.000898147076147242
44556090	0.00335456282204785
44556220	0.000704781307325301
44556421	0.000809403296103908
44558191	0.000633503084610659
44558471	0.000854831920129647
44559010	0.00111373011159541
44559861	0.000676053587474283
44562320	0.0178550815875471
44564141	0.000926820791413615
44564551	0.000653927280638485
44566170	0.00213659625810966
44567311	0.0012679464931359
44567851	0.00984569066431806
44568001	0.00244202459693714
44569320	0.00151055703387507
44569610	0.00109738313509243
44569641	0.0409876945078289
44569770	0.000565206543864618
44571260	0.00250861353535828
44571410	0.00118297517936022
44573480	0.0239826175570831
44574051	0.00531251741577869
44578850	0.00485743197776318
44580110	0.00126353125939537
44580770	0.00194907046345437
44583810	0.000897964432688354
44585241	0.00135541500719941
44587861	0.0370611045464963
44589470	0.000553258440924832
44591100	0.000650607782466195
44592640	0.00143191864706939
44593460	0.0341795680181393
44594720	0.000508577385570493
44596940	0.0571449485738077
44597241	0.000483490996868222
44598410	0.000501555427749267
44601870	0.00059798043961206
44602351	0.0014325371042071
44602601	0.0163798637649498
44607311	0.00437629454291972
44607660	0.00158749386511711
44608240	0.00381108879625537
44608790	0.000626307673509704
44609750	0.0390573675305436
44610601	0.00211007031306135
44611930	0.000520485930678279
44613050	0.0309852499198501
44615380	0.0008725880469858
44615670	0.00129394519193016
44616520	0.000586370259241293
44618280	0.0603719372415515
44620650	0.0237769440570223
44622191	0.00848632053626157
44625081	0.0214786072512605
44626000	0.000802400370896648
44626290	0.000601982246426016
44627981	0.000744395041671631
44628360	0.000673181606597632
44630341	0.0348010756881753
44631861	0.000585399748689888
44634761	0.00101437108594909
44634990	0.00053235839592586
44635390	0.0122243915157474
44638980	0.00210389601531812
44639410	0.0118925447199546
44640780	0.000484662391516561
44641610	0.000501817965504696
44644490	0.000789492379991736
44647380	0.00177027937081857
44648261	0.00169674575433736
44652551	0.00125134531615583
44653740	0.00215451340295206
44655151	0.0041370479381676
44671421	0.002752695694213
44671960	0.000579765436548685
44677081	0.00377194657791736
44677190	0.547962558691126
44678440	0.000588705093788195
44679441	0.00266562737868425
44683011	0.000740588438404222
44689501	0.000761142549851949
44697761	0.00406426645125627
44698461	0.00439612801180509
44699011	0.000538359637692647
44704330	0.000663652227815118
44706150	0.000830162009846995
44710000	0.000747940125801534
44722280	0.0254952520497663
44724541	0.00108809485117618
44725091	0.00136134321988038
44726420	0.000608215758170903
44729710	0.000783230355013827
44732391	0.000534381503322045
44732750	0.000557944739642891
44735021	0.00099264623592045
44735961	0.0168286650089102
44743100	0.00122012078289833
44745361	0.000861716483269398
44747161	0.0117495264577495
44751711	0.00561609756282085
44751780	0.00268816994898637
44753300	0.0234917986228972
44755090	0.00349405886125632
44755940	0.000747967593857469
44757460	0.282861501776151
44757481	0.000658225126555231
44757980	0.000626836922326094
44758130	0.00263498274644842
44762020	0.00125323414937194
44762430	0.000752561287153238
44763110	0.0154229941455275
44764251	0.000654614735582953
44766280	0.000644233945507885
44766960	0.0015117829594718
44767500	0.0031530612377628
44769081	0.000634814421069249
44769700	0.00473676663738069
44772050	0.436277438559062
44772470	0.00537479200714584
44772910	0.000967580453616339
44780770	0.00055370043122093
44780780	0.000583543901671679
44780900	0.0457840508046034
44784200	0.00187457373211332
44786970	0.000563672030163043
44788900	0.00267829357252763
44790191	0.000525498749838562
44791090	0.0292270502594732
44791831	0.00888754624201737
44792101	0.00780128227313105
44792340	0.000633076561381201
44793040	0.0114637595183203
44793710	0.00141148734205049
44795490	0.000568158016855017
44795510	0.0205152631358308
44798430	0.00220658884047411
44799701	0.0012879904558447
44800091	0.00101056934451487
44801071	0.00459773278961058
44803810	0.000501688125062169
44803910	0.013714675548353
44806530	0.000589953532625282
44809720	0.00197799311209565
44810670	0.00232071928280049
44810810	0.00551348212042341
44814871	0.00208779078740442
44816490	0.000777684757891968
44816671	0.00100871127189332
44818390	0.00219969602937972
44818400	0.00197724842732829
44818810	0.00373205561415016
44822840	0.00177686385589949
44827141	0.000842241889071623
44829180	0.0054370729609989
44829891	0.000952576140840435
44830991	0.0031144214409719
44831090	0.000623126707069469
44831390	0.00112337890638039
44833061	0.00184603818406857
44835780	0.000520201467798073
44836470	0.00166560321857967
44837850	0.000971988411059523
44841150	0.00138650426853013
44842981	0.00727540674922413
44843490	0.000536138321602835
44844340	0.00071655887790529
44853051	0.000596343278828859
44854380	0.00114788636226663
44856590	0.000752279700944512
44857980	0.000557395903516994
44862861	0.000998699194196005
44863141	0.00221065632395934
44863660	0.000626683464557733
44864040	0.0029598380685044
44865580	0.00290415466646113
44866441	0.00765109335858301
44871360	0.00166664354629143
44871821	0.00141686423484146
44874240	0.00478127531665506
44875551	0.000543612009439968
44876091	0.000838625106467692
44876880	0.0166290504528078
44878420	0.0239131780121773
44881850	0.00860183209768948
44883630	0.0247722987463741
44885440	0.000729208245707078
44887271	0.00112611610024943
44887620	0.00105285520883635
44894581	0.000517699944343682
44895490	0.000569641090797251
44900880	0.00439356428016279
44901461	0.000660261768319516
44902550	0.00125546933563726
44904350	0.00092345647236061
44905420	0.000722726249431801
44906400	0.00729968873984013
44907411	0.00152287798002715
44908340	0.00198053118234604
44910701	0.000627066763511966
44911650	0.00366407238559151
44912200	0.000551096997777938
44913181	0.000525969044482392
44913840	0.000584923444950709
44915220	0.000712523025728393
44916460	0.00568608966897625
44918561	0.00053191986229551
44918861	0.000484673089677927
44919380	0.00161774059447717
44923200	0.000515360385329221
44925150	0.00292023294791693
44926260	0.00488331730825986
44928860	0.000745109932821143
44929270	0.0178371349414393
44931500	0.000843907939685925
44931900	0.00392521728700297
44932931	0.00109727140792261
44933601	0.0366143234339149
44935750	0.00247664447020655
44935890	0.000784182678167832
44937160	0.000546004936823476
44937201	0.00137892112045954
44937601	0.0015669117384875
44938960	0.00154850368681504
44939360	0.00062307327970374
44941300	0.00253796153506386
44942800	0.00083412250750186
44942820	0.000706762004010592
44943541	0.00257074207122021
44944211	0.0257128151675236
44944330	0.00399825833126093
44944351	0.000700150530607227
44944610	0.0019959638108943
44946510	0.00186638879753451
44946790	0.00182130974508037
44948200	0.00859048668129161
44951060	0.000841282294607437
44951541	0.00121647014569705
44951811	0.000814860178920421
44951961	0.0123918267992982
44953751	0.00303024091167443
44953871	0.000596365843984394
44954250	0.000590732796395476
44954800	0.000843080118435677
44957191	0.015911732511637
44959220	0.00334518410573801
44959671	0.00314878422175273
44960351	0.00817090373078976
44961130	0.00117269677305649
44962000	0.00080331743881181
44962431	0.00180953665199674
44964030	0.0016412165011301
44965341	0.00390442890052768
44965440	0.000675932288080074
44966650	0.000505950056152793
44967261	0.00144600430541965
44968511	0.0125223926375609
44969461	0.000955649515536095
44971111	0.000675181573096743
44971121	0.000617899133443876
44971200	0.0183474659207973
44971251	0.00623846092874621
44972101	0.000546119843220281
44972621	0.00127653376536021
44973000	0.000740412174022606
44973150	0.00531712697559478
44976050	0.000884074237194275
44978021	0.00205641247002575
44979961	0.00059410446011254
44980030	0.000576983300258137
44980050	0.0195024606340474
44980091	0.000664290865438683
44980631	0.00169004760371158
44981990	0.258443373211563
44985130	0.00250137572720939
44986120	0.0427160225423206
44986711	0.000555874420628967
44990650	0.00267006969344555
44999190	0.000633244948339728
45001280	0.00340902877514334
45001290	0.000832178758485873
45001861	0.000984198996394308
45002831	0.00180851590104389
45003210	0.000726076516070622
45003401	0.000627674340736169
45004320	0.0023325138824824
45004511	0.000980051860277028
45006090	0.000738495146956351
45007230	0.000731833425490864
45008221	0.0135235361086547
45012170	0.0672835210594956
45014411	0.000511118517368714
45014790	0.0589563600918967
45014920	0.00503119287902899
45014940	0.000619581957956256
45015791	0.000549221774620498
45016050	0.0089481544758087
45016880	0.0042592533122444
45017020	0.00632492811678307
45017611	0.00153747299641377
45019610	0.00371454409986466
45024641	0.000545224253104944
45030551	0.0010735877237562
45033300	0.000879667707333566
45034110	0.0029096741670618
45034551	0.000693947756242413
45035080	0.00103498274915869
45035330	0.00160021527676761
45037570	0.000585711572945358
45038670	0.00321147584049501
45038831	0.000494469578082399
45038950	0.0012665546640167
45040050	0.00115827949977759
45040590	0.00491524740179985
45041581	0.000791471111909907
45043190	0.00332075962722185
45044621	0.00637250225917962
45044990	0.000542595839514361
45048840	0.00120375869641605
45049390	0.00149121688783176
45049451	0.00264121920146506
45054770	0.000651840772536448
45060430	0.00578879520883652
45060470	0.00217163061138564
45061840	0.0043267988426614
45062510	0.00221662105056451
45065390	0.0925011964530464
45065601	0.00283459123046791
45066141	0.00860881125009035
45066691	0.000685627606010047
45067521	0.000708040705243959
45067630	0.000676454404921695
45075320	0.00733604816047568
45075330	0.0035353968112497
45075391	0.000575616480126325
45075870	0.00073587654326773
45076330	0.00285330776772608
45080840	0.00275686687247609
45081390	0.00104554227575488
45081570	0.000580850502731102
45081741	0.000882300969818703
45082131	0.0035105463462374
45082701	0.000549230806613232
45083111	0.00105283645225251
45084361	0.000489234631860393
45085420	0.000771665197899314
45086291	0.00351208920961457
45087921	0.00508191377721141
45089711	0.0303070775623316
45089960	0.000627062879744543
45092020	0.000812432782565768
45092160	0.0012470070755849
45095801	0.00164296191934961
45099040	0.00159676909406084
45102951	0.00166409250787789
45102961	0.000651717466438217
45104010	0.00106413555773115
45104030	0.0807671646887638
45104320	0.000766216428933093
45107630	0.000615330673206563
45110500	0.199532741025435
45113150	0.0293978819329848
45113280	0.00131728631008264
45113441	0.283290191745217
45113601	0.000737612859479224
45114640	0.000508376130790377
45115190	0.000479043984179697
45116310	0.00285248301809346
45116320	0.000990042796488815
45116730	0.00723427110159867
45117950	0.116586718807295
45118230	0.00930352364609261
45122360	0.00889213474808364
45123050	0.00103540606468411
45123921	0.000810515056757739
45127740	0.000725973057493832
45127801	0.00651571763877996
45130080	0.00166454733857354
45132331	0.000540583282716005
45132901	0.000564724493512832
45133041	0.000578696326741759
45133871	0.00274953193612747
45136211	0.00106607776619462
45136891	0.000780605393773522
45138080	0.0488354635900047
45138141	0.000564162205312236
45138220	0.00471982880716715
45140710	0.013312301074155
45140761	0.00629049241839847
45141680	0.00057816248854855
45141700	0.000566687787039632
45143190	0.00320175164131528
45146281	0.00257890855069129
45149410	0.00055421245391467
45149451	0.00137516546711986
45150951	0.0213606758320136
45152430	0.00102494981287526
45154971	0.00211975284179383
45155880	0.0041711943270617
45157291	0.00344463157411211
45158220	0.000974412146084143
45159350	0.00389986678182879
45161981	0.0012510225781701
45162350	0.000548073612506334
45163661	0.00286625612209126
45164300	0.000628456862007429
45165380	0.00627542166106921
45165560	0.00202711224710226
45166121	0.000568775479087206
45166131	0.000615596665535082
45167371	0.00072689740258965
45169591	0.000568265781326082
45172010	0.000676824358218765
45173431	0.000777902853291423
45174531	0.000818274349883905
45176990	0.0068271642966754
45178480	0.00100082206620255
45180690	0.000608321983007139
45181161	0.0057049868090075
45181670	0.000735401291156416
45182220	0.00074123572529651
45182671	0.000642608196499961
45183030	0.0638559542451846
45183320	0.000537668988591828
45184690	0.000621704276177644
45185861	0.000912379777449823
45190951	0.00391716676977197
45194760	0.00127563076207741
45197420	0.101751443456039
45198961	0.00164423173999708
45199221	0.00744304291401237
45199241	0.00425963474801836
45202391	0.00051245094475522
45204061	0.000872753522482168
45205530	0.00270629930986815
45207081	0.0012716398974539
45207771	0.000790014406684942
45212440	0.000568466539471352
45212860	0.000714629097507603
45214750	0.00105840782863291
45215911	0.124106513794212
45219470	0.000827859045379642
45229270	0.000831956703356401
45230961	0.00196114746375258
45231210	0.0109603871221755
45231781	0.00196489885734346
45232160	0.000574145596725017
45232580	0.00207869036631176
45232601	0.000517846312262408
45235170	0.00060878971352014
45235351	0.000564524584646412
45236020	0.00164403041599887
45238220	0.00279169360904759
45239480	0.00111355218475113
45240850	0.00326806124547719
45241711	0.00261048593886355
45241960	0.0032068850095438
45242340	0.00361592530431495
45244690	0.0066098953976646
45245291	0.000606994223809633
45246630	0.00167027835371238
45246770	0.000616154461430963
45246910	0.00206680198741339
45248451	0.00105625047423718
45248891	0.000654102159778028
45249650	0.00082795992366438
45250500	0.00299079583101946
45250661	0.000912977495512646
45256150	0.204227393115543
45257790	0.00229119797317983
45258920	0.000517409779262809
45259740	0.00692509803951532
45260410	0.000637047593526352
45260440	0.00176651406149791
45262821	0.00145386916924607
45271761	0.0128977226882471
45275050	0.338582979862979
45277571	0.000728245740135635
45278340	0.00106606340991328
45280300	0.00817436852444208
45280960	0.00327353863757749
45281090	0.000569396051772061
45281370	0.00165851487377562
45281701	0.0015440220789485
45281780	0.00132615092870063
45282931	0.000513641467259235
45285640	0.00158340987917289
45286880	0.000795650068202723
45287231	0.0104158393766211
45288130	0.063715424548845
45289390	0.000890202739027109
45289500	0.000606998763749634
45289581	0.00498468123194955
45290760	0.00339166368837265
45291590	0.000511554952629858
45292451	0.0115240125849912
45299200	0.00125539401393769
45301640	0.00155098367318351
45302200	0.0038591310964763
45302220	0.000579617069860622
45305561	0.00738501924240754
45307231	0.0081333043242835
45313360	0.00180710752666372
45314370	0.000619997254769755
45319020	0.0935183913842478
45321701	0.00271973460918824
45322210	0.00292267859148358
45323020	0.0029167163309659
45324120	0.00146048904613188
45328680	0.00265214478507543
45329220	0.000750840982947802
45329520	0.000694596002644417
45331351	0.000501137162651595
45331590	0.000711387655648197
45334750	0.010642748164558
45334920	0.0858313781824997
45335211	0.000569235415411803
45337230	0.000881703804195088
45337530	0.00184048408754854
45338900	0.000817798111350104
45340010	0.000480649783081413
45341510	0.00201101744708235
45346500	0.00106459648926665
45348000	0.000476815668663432
45348461	0.00218565775583093
45351170	0.00123632924278725
45352581	0.00111561815582837
45353640	0.241241352131643
45353790	0.000862445714152661
45354951	0.000617753406460029
45356031	0.0278866145155068
45357260	0.00325187962632003
45357670	0.0217471333615918
45358921	0.00259090720650414
45359911	0.0084662955579931
45361701	0.00261094985203245
45363481	0.00375679343945005
45363901	0.000535389779770369
45364010	0.00531887236934459
45365831	0.000560035041381047
45366190	0.00110634806406025
45367061	0.000522447294478067
45367351	0.00256340873738589
45372940	0.000547083343925394
45374231	0.000555286089458499
45374880	0.00566828082249187
45377260	0.000520025587569844
45383351	0.000623233034166537
45385421	0.00204054847228686
45386371	0.000510320892386116
45389530	0.00110703181745728
45390870	0.000910532154197838
45393141	0.188497968556572
45394350	0.000543807001124384
45396980	0.00384908160163863
45397271	0.00071187902993287
45398330	0.00250997849948975
45398641	0.00228586498760798
45399030	0.00383023253029251
45400311	0.00128256458348217
45401421	0.00059685305152537
45404140	0.00068993916698124
45405080	0.000725510106646347
45405660	0.000914617331302578
45405691	0.0460596964679024
45407911	0.194822327123031
45410941	0.000547022355312002
45413790	0.00137633504810691
45414661	0.00177608473691992
45415471	0.000723011981636956
45415860	0.00350305167294709
45416800	0.00126547318172604
45417230	0.0010232376694665
45418880	0.00192895245455865
45420311	0.072843132188916
45421100	0.000613553266239185
45421370	0.00204341380983307
45422391	0.000559821966172165
45423071	0.00108142108130664
45424181	0.000622864787821321
45424451	0.000601247320635164
45425131	0.000806518366272966
45425671	0.000770865167037592
45426460	0.0008093929830934
45427140	0.00119616430566161
45428290	0.0013920022374322
45429250	0.00325390025044673
45429780	0.00497359589387018
45429961	0.000583860555483455
45430190	0.00089902116409821
45431990	0.000673054215059848
45433701	0.0047313084640318
45433780	0.0023703296825223
45436800	0.00123474448464067
45447180	0.00228555154816327
45447280	0.00364861249046967
45451700	0.0416563671603559
45453630	0.000670361771677207
45456680	0.0127173062340011
45456810	0.0735007780086178
45458450	0.000617452816200827
45461520	0.00277589330193059
45463741	0.00391834122993715
45464380	0.0014683099115135
45466781	0.00267056196290754
45469551	0.00131944920244035
45474921	0.00100823979337278
45479830	0.00254876220737744
45482371	0.0015509651095205
45484451	0.000543288709933115
45486241	0.00050091520113418
45490600	0.000522506263998169
45490911	0.000590961321722279
45491550	0.00300084357625952
45498350	0.000602394935066077
45500820	0.336637029225325
45500861	0.00159970266464286
45502651	0.00158319697219064
45512550	0.00128487951589284
45521090	0.00110745547616619
45524161	0.0130060552817003
45525210	0.00409335481012525
45527751	0.00113146315256155
45529090	0.000849180299634413
45532370	0.000834773944395743
45533951	0.000657933705072547
45535201	0.0228857441157572
45537411	0.0027323179233177
45539051	0.000642574475925879
45540151	0.0695038166089781
45540930	0.000528357458752431
45542180	0.00917574583381777
45544851	0.00145494185908788
45546491	0.00204240450903789
45546860	0.00087741837760287
45548550	0.000654262626751739
45549910	0.000574611178643924
45550231	0.000476414352114575
45550641	0.00367537104673381
45551000	0.00758586310388286
45552161	0.000518208040268245
45552530	0.000704974902071785
45552920	0.000738164264671886
45557240	0.0284720804932365
45558081	0.00125633297176654
45559191	0.00079502182631607
45561480	0.000573815658648782
45562470	0.00698380005150831
45562651	0.000520225378716059
45565340	0.000562002304608831
45565470	0.000769115341761771
45565821	0.000673774673966829
45565910	0.000778122845783876
45568031	0.000656684639889905
45570071	0.00113022939865237
45570081	0.00173263768491073
45570590	0.000562421434238418
45574750	0.00522043221455802
45574990	0.000516855924488283
45577671	0.000552825467648894
45580270	0.000678155152008084
45581190	0.00102730978167308
45581340	0.00254514301685646
45581821	0.000578432317570105
45582450	0.00108141822795601
45582860	0.00658481983372773
45583720	0.00172322642404652
45583830	0.00176120925011627
45585671	0.000542601055978379
45585681	0.000659985826088031
45585791	0.000577706554969037
45587030	0.000667956910848867
45587751	0.0172967035586057
45589121	0.00172694211019359
45589391	0.000740035879736711
45590180	0.000700469914655992
45590610	0.0558119094780193
45591540	0.00107885101623676
45593230	0.00303245513238711
45595710	0.00340887557652591
45595721	0.0017236140406035
45595990	0.00105375185183573
45597531	0.0136343427411402
45598190	0.00187813698921938
45599580	0.020663048803709
45599710	0.000781653196718954
45601101	0.00109413311399943
45601760	0.000552084704918589
45606310	0.0607184232333037
45608360	0.082629107380854
45609060	0.000696439492961291
45613780	0.0011038427112514
45614351	0.000732882325452571
45615270	0.000534503016104312
45617261	0.000529996158290269
45618621	0.000774108984983201
45619611	0.000528468682311619
45622180	0.00051354330640342
45622710	0.000579744553439246
45623120	0.0036180442557264
45624141	0.000504267154767699
45625391	0.0308280119422626
45625661	0.000594386428603678
45627980	0.00164740541199993
45629050	0.0599759586512725
45631191	0.00117133265918271
45632021	0.00863673014423862
45632940	0.00197015558365489
45637080	0.0342575429147607
45639680	0.00342006493990459
45640691	0.00138051350229161
45642290	0.000620672000471714
45643710	0.0169990113066283
45650850	0.0171307175025306
45655840	0.000748011357248912
45656551	0.00249664464752704
45663250	0.000783663884575533
45665340	0.000625078716317475
45666061	0.0149675097374616
45669470	0.000681930572333957
45670190	0.000528358618006012
45671390	0.00114538341775185
45672281	0.00173831915130436
45679861	0.00710446111600563
45679991	0.00184656075054813
45683980	0.00111533647465267
45689941	0.000623583946915165
45690180	0.000760609852312649
45691711	0.0016205132488787
45697371	0.00975431612831591
45698061	0.00178786536897648
45698560	0.00154951980241502
45698720	0.00265488172667656
45699711	0.000991044175332449
45700350	0.12312318434593
45700530	0.00285459870906622
45700841	0.0317501322749292
45703670	0.00799411020209539
45705941	0.000837965955913111
45708141	0.0018213834789823
45709480	0.00054191866003009
45710010	0.000798804996127789
45710030	0.00151403562450657
45710191	0.000653763320923784
45712811	0.00138820875861934
45713340	0.000783715928497846
45714440	0.00354901923723499
45715270	0.123564405739451
45716281	0.000871833962973607
45717661	0.000545001873216109
45721910	0.000526645768355536
45723400	0.000773685963447548
45723700	0.0012090470416723
45723861	0.00154666950102818
45725040	0.0766524326678269
45725870	0.00266734026644651
45726170	0.00405759876544824
45726590	0.00275993929274204
45726970	0.00604387498741003
45728261	0.0594803056756141
45729501	0.00261878481053046
45731000	0.00459481158116496
45732800	0.000796987003687611
45732930	0.027548596097396
45739380	0.00328835925204678
45740500	0.00344733728260501
45741630	0.00379508455329454
45744691	0.00298097036355633
45744900	0.00281118762313246
45744930	0.0245863526345156
45747800	0.000619918700052226
45749490	0.000952394796271286
45750180	0.0099398356650025
45751581	0.00150057087582821
45755420	0.000481079630760287
45760350	0.000700007702940934
45766410	0.000594219313245451
45767400	0.00079502515605652
45768261	0.00269109910597232
45770611	0.0372772005112031
45771711	0.00616027844603238
45772401	0.000531448010657209
45772790	0.000694605381173009
45774840	0.0017996861196924
45775171	0.000731520733464696
45775790	0.00311776602044779
45777760	0.00575939287957573
45778621	0.00104666939427367
45779390	0.000669812200224108
45780080	0.000938919468949903
45781651	0.000732042938962358
45785631	0.00137345750147241
45786030	0.000559892931241147
45786761	0.0012101320883587
45788121	0.00573356653734529
45788770	0.00123224356037836
45789750	0.000816388020978295
45790030	0.000588041225494856
45795820	0.00061950760581957
45796210	0.000721908586007979
45800360	0.176382280495542
45801900	0.00472589397350787
45803790	0.00115769713115414
45804531	0.0014042740987069
45804541	0.00160163257986141
45807240	0.00175893616866797
45810000	0.00125825259762001
45819000	0.000562918592220854
45819151	0.0008050619186763
45832510	0.0374658009141844
45832811	0.000660152851194476
45835230	0.0129106653221392
45837740	0.000762666822016708
45844060	0.000664626254491757
45846311	0.00735641459406692
45852610	0.00189944793112822
45855540	0.0043426011607304
45857200	0.00191656378789571
45861180	0.00100722727366443
45865641	0.00332853451749204
45876401	0.00524937389693103
45877621	0.00989482770135869
45880391	0.00104994606625982
45881750	0.000744614924195021
45884251	0.17631762227642
45884330	0.191987762222036
45887441	0.0168338439198021
45887670	0.000662701468927796
45887820	0.00565164783534658
45887831	0.0200038908207099
45888910	0.000489609242854086
45889071	0.0767258118949066
45889470	0.00190806788466823
45890290	0.000626912843428071
45894440	0.257122892902211
45896490	0.00179883318952833
45898321	0.000712961367732552
45899130	0.00425332529387913
45899390	0.0215773737495377
45910591	0.000604850827189216
45914560	0.0209168205122465
45916801	0.00295155451575977
45917081	0.00302883160945516
45919011	0.00685615221367298
45919551	0.00089381564502435
45921221	0.01997628601733
45924371	0.0323802913363538
45925050	0.00360262556951348
45925290	0.0163127501115964
45927421	0.00212493239273631
45927711	0.000746373806147757
45929751	0.000536516227546408
45933330	0.00827529891430686
45933361	0.000671885748600152
45933870	0.00373283357385132
45936340	0.000926850179462021
45938680	0.000528470985784916
45939670	0.00119338988402846
45942041	0.00228499078297293
45942721	0.00737032534783502
45943910	0.00738585206469519
45944350	0.00884995193541016
45944391	0.00107320646348643
45945850	0.00147545796132136
45946041	0.00118945467720398
45946130	0.00540918474072895
45950390	0.0119633312347463
45950871	0.00643833261270606
45954290	0.00114826239144296
45954810	0.000648222674838866
45955250	0.000665409430935817
45956101	0.000907465450262538
45956521	0.00194407999536937
45957501	0.0168937796040991
45957580	0.35665455498405
45957901	0.0571011396282302
45959011	0.000730574765187421
45963080	0.000573272515899447
45963291	0.000584420183101973
45964350	0.00211274565383824
45965050	0.0106155248766687
45966410	0.000713868197029712
45966991	0.00105721343562273
45967670	0.104106882019021
45970441	0.000798008517005336
45971260	0.00142397184040441
45972870	0.0522700924862387
45976620	0.00133810031545977
45976890	0.000730263857216034
45977351	0.000563137614545066
45979271	0.0044551795315266
45980080	0.002171148294957
45981040	0.000814329069402259
45983411	0.00112814269074649
45984241	0.00158123852572097
45987240	0.00113049928317686
45987500	0.000504883193021906
45989570	0.000556364456688531
45991981	0.00156823008290255
45995701	0.0106408204764696
45995900	0.0478801702347711
45996381	0.0010826234482501
45996620	0.000486604509933219
45997180	0.00065015930981087
45997191	0.00113886417632646
45999811	0.00171372701032403
46001020	0.0144705400201478
46002140	0.00117568244551868
46002540	0.00112924267950784
46003380	0.00221869187008409
46006680	0.000577274563786193
46007800	0.0023334774499026
46015230	0.0020502061067283
46015821	0.000649669572525545
46017611	0.000747617312932082
46029741	0.00333742793983555
46035760	0.00217148647523653
46037140	0.00321233455812019
46040760	0.000565272073272795
46041491	0.00413362376136573
46042400	0.00536121988200337
46044521	0.000546935297780712
46045211	0.00104943571549263
46045901	0.000535827613201967
46047971	0.00190913793629729
46048371	0.000625807794911189
46052661	0.000981380259962123
46053040	0.000733614413789379
46054540	0.000476757046209391
46058800	0.000759399801384707
46059920	0.0523216862842589
46063251	0.000723916434787566
46065051	0.000656996536825452
46066410	0.00282196333876874
46066540	0.0118348747936781
46066581	0.00132141137754336
46068330	0.00287164083443204
46069761	0.00286945772590221
46073310	0.00342808812004784
46073560	0.00196484839795624
46075691	0.00120526155500157
46076371	0.00509570849794874
46080350	0.000534937261669167
46080460	0.00149617304356588
46081761	0.0484500188377572
46082670	0.000920310290925034
46085191	0.000546206623552438
46086291	0.00177552782350844
46091780	0.00072361505182294
46094680	0.00220446350331436
46094970	0.00108547663976033
46098981	0.00483493888748473
46100050	0.00293120863276572
46101461	0.00216675213299904
46102031	0.00799244018373257
46102510	0.000849190498810096
46103760	0.000569727977436318
46105970	0.00375321380994334
46106260	0.000965708658655881
46106940	0.000519125693618181
46107610	0.0012472957744668
46108300	0.000694231238036268
46108491	0.00429452339897167
46112211	0.00539390401202099
46114421	0.000716521659898862
46114991	0.00193816136652987
46115121	0.0432549516363262
46115490	0.00283586368250067
46115790	0.000593413912931932
46118011	0.0032979116756024
46119340	0.00186717288755329
46120070	0.00169741267631482
46120371	0.000897848525140582
46121990	0.00245106039983118
46122520	0.000897934584130503
46125201	0.000550577756757166
46125481	0.000515522090851424
46126250	0.00188188621258367
46131080	0.000507819202086404
46131220	0.00673215195808623
46132450	0.00186271929043407
46132620	0.0165217252135577
46134841	0.00830784129533202
46136651	0.00055954161202546
46138130	0.000860947143013086
46138581	0.00103902092224581
46139531	0.00149874173084592
46140761	0.000634405830832325
46141820	0.000763068252762878
46143521	0.00058681976227743
46143671	0.000925125222700182
46144710	0.000561135747322567
46144730	0.0160802173749995
46144901	0.000632311070086184
46146810	0.000491066675866739
46146950	0.00154900608073402
46147330	0.000623723874308801
46149970	0.000832460024315605
46151661	0.000533434455160754
46153061	0.0287614713561159
46155241	0.192951642777097
46157471	0.000644581680437727
46157700	0.00796916144495727
46158960	0.000554036434332578
46163261	0.000497214934017313
46163650	0.00454850537778548
46166270	0.000832269203077876
46166971	0.00212249662159087
46167121	0.00067819548662055
46169061	0.00169540961439835
46169130	0.00168524530429039
46172221	0.00152782690168774
46178151	0.000523225846092325
46182281	0.0444168771399505
46185970	0.000597048184856736
46186691	0.000739333840958916
46186831	0.0085825557285353
46190260	0.00528142434454238
46191880	0.00060410532760649
46196491	0.00415192271808316
46196781	0.00492045369931107
46207500	0.000585216557933008
46212061	0.000724117531551443
46213290	0.00449120478580978
46213861	0.00109006347198189
46214151	0.00168914141233883
46217150	0.00560319812055539
46218780	0.00078364143070845
46218831	0.000878159117134121
46224180	0.000655321229502303
46225570	0.0049126964203361
46225591	0.00053576959685437
46226021	0.00113957411409677
46226520	0.00057099905226872
46229991	0.000875338699697481
46241130	0.00183688845155245
46242500	0.000653998056530047
46245980	0.000612403778833545
46247320	0.000637274219632223
46258971	0.000820273694191405
46265810	0.00071087665906508
46267391	0.0067335998392427
46269051	0.000607307847428924
46271511	0.000889590387857938
46273171	0.000634241336263181
46274090	0.000568139710762561
46275801	0.0958976192598073
46276341	0.000885968501082056
46276850	0.000647172988208423
46277000	0.000576855405302463
46289041	0.000660925586909818
46296611	0.00169513451277955
46299091	0.000976508803206289
46301311	0.00752755349726071
46302530	0.0013541642392928
46302961	0.156453163051884
46303781	0.00239680045529351
46304710	0.000958306460875856
46307511	0.000528813189406165
46310961	0.00255785401914874
46313110	0.00100764925492344
46313420	0.00341412873820027
46314681	0.0208513515669682
46315610	0.00118148723789322
46317721	0.0337841323927672
46318281	0.00394229031353567
46319060	0.000629601527668948
46319371	0.000503853367585667
46322281	0.00332319835556644
46324290	0.000663983931615801
46324611	0.00178182169444224
46326490	0.00169134274562957
46327320	0.000795065922839244
46328870	0.000943406679521342
46334760	0.000616808436423281
46334930	0.00127240610480317
46336570	0.000877379481592219
46337400	0.00749727080901262
46337591	0.00164241888926348
46338541	0.000538961514066144
46340140	0.00177531405508845
46340310	0.00305021965502999
46341550	0.000770429097497905
46342650	0.0451424260178583
46342770	0.00270939352520054
46344891	0.00306604147821844
46345250	0.000531923800374087
46345660	0.00311936614738383
46350780	0.000649173073808421
46351101	0.000752263109096685
46352830	0.0245752285511975
46354391	0.000579587471846744
46355760	0.00165729735627414
46356410	0.00130389104681248
46359490	0.00143047241197681
46360761	0.00241099261380539
46361390	0.000564045259437646
46362920	0.0756544292216351
46363060	0.000643325628680989
46364901	0.000797107086617029
46365291	0.204338769397653
46366100	0.00168157516953009
46367180	0.000561490731066915
46368481	0.00830169832468716
46371590	0.00244552537843813
46374900	0.000587125954685562
46380000	0.00049685935705099
46381561	0.00713151583113879
46381670	0.000980910253515693
46383221	0.00132080859988447
46383890	0.00252382646531417
46385000	0.00293416246018592
46385390	0.000469345121024296
46390271	0.000730626871977979
46392590	0.0016381003613494
46393130	0.00419544417992416
46394661	0.00873272872870546
46397441	0.0012907024121877
46398760	0.00165039330082249
46400041	0.000506953247619425
46402210	0.0475382729460131
46404700	0.0132094293205142
46404980	0.00106766033267209
46407480	0.000900270072990304
46408980	0.00674129457689517
46409250	0.00102947999059842
46409410	0.000771360690075759
46410661	0.115134295037869
46412871	0.000741654831072568
46412990	0.0494257595897759
46413660	0.000954510266323375
46419241	0.000680742405221463
46419590	0.00110958460966873
46420820	0.000553905368387416
46421120	0.000646623536340109
46424041	0.00685519542066858
46424871	0.0273500958866779
46426090	0.00124473967912894
46426541	0.00049631058150933
46427361	0.000972697565333117
46429110	0.0119567661616715
46433960	0.000678223820669019
46433991	0.00217740948467586
46434090	0.00657023177874244
46437691	0.00283263442528894
46438090	0.000566036443315709
46438401	0.000705378038077728
46440341	0.000578718119022357
46441930	0.000805183118450476
46445240	0.00530794937481417
46446770	0.00302020587125454
46448550	0.00924376400530052
46448871	0.000512519171677012
46451200	0.00853484657758633
46452861	0.00727389427385074
46454661	0.00266852398481306
46455590	0.000633981097644565
46455870	0.000703125762576636
46456331	0.0196979220804539
46458760	0.0224485304797807
46459020	0.000823556818567147
46460560	0.0190780746102868
46460850	0.000514233177193836
46464321	0.00292221234337844
46466531	0.000745414842549858
46467511	0.00259706532002172
46469510	0.000862661600598435
46470951	0.00254713530508875
46472461	0.0944153841895447
46473950	0.00119709374891853
46476010	0.0214919381395462
46477001	0.00263260020557379
46477271	0.00728397952755885
46477920	0.0927455826713013
46478750	0.000859885456072556
46481001	0.000822477208380318
46482880	0.000677950447477799
46483200	0.000576648211334152
46484581	0.0028047498145657
46485370	0.0185758489337572
46485800	0.000510089115177987
46486070	0.00196554474528095
46487290	0.00117094405843884
46488420	0.00467751003895091
46488970	0.00117740882801448
46490111	0.00131893771547205
46491030	0.00738105225350419
46495621	0.003562234863113
46496820	0.00762633650907893
46498261	0.000682089203969319
46500051	0.00231160025659856
46500160	0.000602059799444024
46500430	0.000783317809698974
46500601	0.000577022278272779
46502661	0.000760782582971761
46504451	0.00117633100452228
46506620	0.0120773380958957
46509291	0.0892126513071898
46509971	0.000691674884735993
46514521	0.00144777714134256
46516051	0.000795947797702269
46516120	0.000993105004641211
46516191	0.000671209582433945
46518391	0.000638924340960298
46523320	0.000605248129052632
46524410	0.00626172945505392
46525240	0.000610769471299308
46527170	0.000487555009032461
46528540	0.0077658930939277
46531150	0.00578625666250602
46531221	0.00060930550142047
46531740	0.00228816910637427
46535440	0.0421156069926908
46537260	0.000909141116299874
46540250	0.000616006399017692
46541380	0.000499558714945504
46541571	0.00448007805520541
46542101	0.263752303124414
46543300	0.000559409344371289
46545930	0.000843634835655442
46546190	0.00174965180821131
46546760	0.000535144210686925
46547310	0.00098796194421293
46547330	0.00133181769642488
46548301	0.0155692920070913
46549100	0.000516563258720091
46552150	0.000774872226544876
46552940	0.00407169997221705
46555440	0.00173920533810301
46556670	0.000624389494845302
46557780	0.00171876370613445
46558091	0.00426285247009568
46560051	0.00187152395548061
46561011	0.00142977380857458
46561431	0.00299391957168085
46562480	0.000774353407811193
46564940	0.000679439875735431
46566251	0.000764441894021669
46567341	0.00962742798759876
46567361	0.0495271066237462
46570241	0.0257687547436559
46572250	0.00168003153899801
46572960	0.00398647326634532
46573770	0.000629367546369603
46575071	0.0465209106542561
46581660	0.000638985964901359
46582231	0.000796222966762037
46584540	0.000859410998377951
46586750	0.00872388450852687
46587201	0.00295184438354047
46588110	0.000983507042715052
46588451	0.000545672994952192
46588721	0.0535303690736352
46589951	0.00531912065110871
46590590	0.000647091745072623
46590610	0.000787875893053141
46591901	0.000842625829952007
46596031	0.000779046284558803
46596311	0.00420880389304879
46597691	0.000607755716239084
46601390	0.00103650887152695
46601930	0.00105110712348422
46603481	0.000866869982885145
46604390	0.00677746139495268
46604820	0.00269842786936647
46608120	0.000816907016868191
46608571	0.000535309293744222
46610630	0.000606375739463356
46612530	0.000524032334704855
46614521	0.000546239824798857
46616250	0.0199905038141206
46617541	0.00191128455306986
46620301	0.000621277539638074
46621531	0.00071532068992412
46623191	0.00288876616485691
46623870	0.000544763344590378
46624420	0.00129333966147658
46624540	0.00211833895635466
46624841	0.00150461711165345
46626480	0.00111710476524336
46626771	0.0119204245484121
46627601	0.000870868150716617
46631980	0.000643357882708396
46632680	0.00335844373556592
46632820	0.00053930691240125
46635741	0.000610428447801067
46635881	0.00272872155915206
46640540	0.00107874025434026
46641640	0.00119912754602092
46641671	0.00395219394024759
46644851	0.000736445730405384
46645001	0.000508000838119023
46650170	0.0705878048496487
46650600	0.00244047862159041
46652800	0.00165692570779934
46653500	0.00494294246324173
46653691	0.00159870641579738
46656380	0.0439127902302274
46656810	0.00320424699797943
46657230	0.00064768378606017
46657800	0.000536933952487025
46659420	0.00049177556996716
46661131	0.00102075608668656
46661271	0.0291570785916095
46662480	0.00198820734692862
46663570	0.00163833057240811
46666600	0.00135782266514331
46669360	0.00338839569731291
46672151	0.00242182409542125
46677811	0.053522038765369
46678470	0.00812352701866217
46679201	0.00151249097551171
46679761	0.001983733375418
46683341	0.00341836501858714
46698931	0.0384642961651243
46702340	0.00225323754419681
46714340	0.0596545605497652
46714491	0.0112761765187259
46714651	0.0726936856080571
46716240	0.000523778518402974
46716421	0.000862810734290269
46720790	0.0209011783377679
46721230	0.000758269425560445
46726101	0.00335937826855983
46726730	0.00150461642490859
46727400	0.00259281345898415
46729070	0.0164606092639114
46730371	0.0373002703874904
46731840	0.00323361391734436
46739710	0.00280067493384836
46742450	0.00543351871959447
46742850	0.00058762014396792
46743601	0.218630787509826
46744670	0.000514024332106716
46745190	0.00638408116100788
46746460	0.000948067472413754
46748001	0.0271561770245801
46748800	0.000642314109838368
46748971	0.0923000308324029
46749811	0.000973395649461846
46750050	0.000570304341477123
46750761	0.00103019321131264
46755570	0.0193944867037802
46756250	0.00211961444777983
46758440	0.000600509554158778
46759960	0.0194875190391711
46760120	0.00203641400653619
46760151	0.00398588573687154
46761630	0.298383750320382
46761740	0.202537249988805
46762081	0.000627335619566962
46763840	0.00269822038192983
46766020	0.000869525378477586
46767710	0.0423411840082531
46768441	0.00080153703519896
46769480	0.000998551831638369
46770030	0.0332326688129606
46770190	0.0454734966830165
46772530	0.00222618107262013
46774060	0.00306579512775842
46776991	0.00149356858573861
46779051	0.0273545466145648
46779980	0.00102511432064848
46780360	0.00206097741733865
46782310	0.0208707241074535
46782491	0.000522304786780859
46782730	0.00297000394481362
46783570	0.0077820203148955
46783850	0.000634769060119679
46784660	0.00211875707243093
46787601	0.0713490674608352
46788001	0.00570182293601411
46789661	0.000539845113006001
46790071	0.0191868346935347
46790231	0.00111217092286197
46792711	0.000617266637486025
46793600	0.000492063894282696
46795000	0.00165820891755999
46796670	0.000978740634429764
46796910	0.0191872111420926
46798081	0.00208052583875311
46800001	0.0062859564908207
46800800	0.00155682530065093
46801811	0.0298676402319639
46803051	0.00106412268253082
46808841	0.0163096781001155
46809801	0.00377303104157373
46811581	0.000747396938873653
46812510	0.00124553826268187
46818010	0.0151924822250909
46819530	0.000996883552706167
46819970	0.000517879037934724
46821381	0.00117788411915588
46822160	0.000558971489016818
46825870	0.0036487710982908
46826030	0.000938394404396614
46826471	0.0126111516999351
46827700	0.00383389966814502
46829111	0.00644816561274198
46833890	0.0019425037370369
46836141	0.0260652271746803
46837490	0.00363210666441741
46838081	0.0145733873125727
46838740	0.00492188323360966
46846221	0.000675821831140589
46847000	0.00396002049758999
46850710	0.000682295071336753
46851950	0.000561502951593247
46853091	0.00394733882562775
46853880	0.00639511543659268
46854700	0.00226793036183628
46857651	0.287083670594568
46859550	0.00127749355928272
46861180	0.00235819110229325
46865910	0.030732682841367
46865941	0.00186731577066031
46866460	0.00182491917454257
46872411	0.0375560386797241
46874201	0.239358113702957
46874351	0.00265938260753915
46874460	0.000588327357224716
46875851	0.000580322560506087
46881050	0.162011767730753
46881661	0.155985050266246
46882040	0.0147759785308648
46884360	0.000709472770953559
46884380	0.000833893942087863
46885180	0.0119013347039243
46891670	0.000778618826513645
46892691	0.000683888113860705
46892780	0.0737406402783577
46894730	0.00055824774855757
46895451	0.00107268866746063
46895711	0.00922467571562215
46898331	0.0182670757373785
46899871	0.0029871205006544
46900100	0.00103949478309009
46902051	0.000525406209787795
46903260	0.00166531230141712
46906611	0.000758875435217134
46907670	0.0684574814094551
46907991	0.105053675033877
46909231	0.00157806480244401
46909770	0.00208987476490542
46919581	0.000547046267229547
46920250	0.000508932352792485
46921501	0.00259392378584856
46923550	0.00239712576245916
46924520	0.00243470656828432
46925091	0.000534499247941912
46925221	0.147177962260407
46929610	0.000612498735631454
46929890	0.00418414174107915
46930980	0.00655038939971323
46931041	0.000675079822133538
46931530	0.0989204676871971
46933460	0.0838096411806608
46934300	0.000604218558799043
46935380	0.00271749583720282
46936480	0.00194954865800168
46936620	0.0680373045462291
46937180	0.0023675107857836
46938850	0.00561903392046753
46944240	0.000691038910631355
46944671	0.000691963260935593
46945200	0.00255181265965063
46946030	0.0795485006479737
46946280	0.000872768924815967
46947581	0.000956453889982863
46950700	0.0107334296666056
46950990	0.012672714879683
46951441	0.00845912997808628
46959711	0.00311117713689614
46961880	0.0617780534718402
46962611	0.00103003644500763
46963250	0.00384298346904097
46964380	0.000681718131550084
46964790	0.000819293309633259
46964831	0.00239177900304007
46968271	0.000536972339005614
46968750	0.00116524306761076
46969480	0.000596523014144874
46970560	0.144306262145133
46971031	0.000711216548575794
46972910	0.00320508742069319
46973781	0.000963860339490637
46975021	0.0139179877238895
46975301	0.000577151577315519
46976541	0.0272000313440461
46978440	0.000638819393883863
46980070	0.129214316283757
46982270	0.0164733306966516
46984350	0.00310044780565027
46987940	0.000606862632150382
46988401	0.000628541436365649
46989060	0.00065846988136533
46989491	0.0006951077547042
46991971	0.00295967070191603
46992500	0.000609254472320927
46992770	0.000663080960888383
47000510	0.014166681678954
47001040	0.00440227812911682
47004200	0.00064053848136436
47006881	0.000660945387419708
47009211	0.00299266918656952
47013620	0.00490334022592993
47016661	0.000508622959517626
47016681	0.00621234976786745
47024920	0.00844623138237426
47025040	0.000655087352964964
47033781	0.00165080218730339
47043431	0.000874246137528656
47043510	0.00224815247787898
47047100	0.0196529281686019
47047370	0.000552980719030694
47050150	0.0339485341387923
47060060	0.00882234148815832
47061491	0.000535408674874937
47065570	0.0539708027238114
47068750	0.00150335282968977
47071940	0.00135655330909439
47074471	0.000857110165372921
47075411	0.00270513971381246
47075841	0.00073216748068799
47081020	0.00217263373710987
47081351	0.00779291110195599
47081481	0.000585065784264708
47082331	0.000613858102712357
47084121	0.000827103098418956
47086311	0.00365468939070441
47090051	0.0125535215854921
47093020	0.000531322122492013
47094191	0.000717825526210414
47095821	0.000895696630735712
47097160	0.00225475861824583
47097361	0.000549239315239354
47099151	0.00134503935699292
47103711	0.00071300318765064
47103950	0.00057006651832213
47104080	0.00465875818049635
47105501	0.029955385858772
47107380	0.000979601867356574
47109761	0.00148734993196563
47110051	0.00581427281211616
47110690	0.000795332375741434
47111370	0.00145087966834568
47112190	0.000674208297143105
47113170	0.00330236345193959
47113611	0.062341770484106
47113700	0.000667336405438292
47119510	0.000567499907262505
47119971	0.00486640225383002
47123561	0.000876193481886517
47124070	0.0963978406678408
47125501	0.000703539016604108
47127380	0.004498222796152
47128811	0.0091641680037781
47129440	0.000721896305386119
47130191	0.000625656598507165
47130950	0.000598584076834457
47133611	0.000660541699775629
47134871	0.000654007556758331
47136060	0.00134025668409072
47136661	0.000882831629806328
47137160	0.0167626657451029
47137580	0.00316843959692269
47139421	0.00856349859170438
47139500	0.00295159469884443
47143630	0.00252056182530248
47144651	0.0228185156368211
47148750	0.0181472116286671
47149621	0.000716419560610871
47151691	0.280896950078435
47152050	0.00086310290475796
47155080	0.000598542976075385
47155250	0.0285728129376449
47158660	0.00140277327643649
47158731	0.000957944154949092
47159080	0.0018931933247766
47159961	0.000596937546292603
47160620	0.000506170100631355
47160921	0.000703369561765225
47161730	0.0138209000686195
47163131	0.000662456256677927
47167650	0.00083686724605108
47169901	0.00195007924274222
47171100	0.000669453667821618
47175110	0.000495236589390897
47177970	0.000586707813888166
47179940	0.00212108428309143
47185051	0.0342251223247991
47186731	0.00462245751135996
47189720	0.000537134570891209
47189830	0.017766590325281
47192521	0.0133383842628505
47193071	0.0143435162034872
47193420	0.410005971718937
47195971	0.00166452880814212
47199350	0.0013114746103924
47201201	0.000558604127052797
47203790	0.00267202078415863
47203900	0.00171548725440023
47204040	0.000827309006420777
47206000	0.00436507225714859
47207831	0.00203047053571849
47208661	0.00824692152294664
47214560	0.00855928796837173
47220630	0.00259910011954649
47221430	0.00156535842005125
47222790	0.00579360935132161
47224170	0.00819799840614935
47225180	0.00055506271987645
47225730	0.000699616985224353
47226520	0.00146160646676407
47227380	0.000818031537316467
47232470	0.0106021456810674
47233461	0.00120306184279704
47233730	0.00138317042002868
47234280	0.00274817925136518
47234690	0.000595632690237206
47235141	0.00435973144330304
47241891	0.0536287798086698
47242100	0.0122804046454823
47243391	0.000534705750561069
47243520	0.00111237923944043
47243671	0.00159685322861237
47247111	0.000908079138906854
47247200	0.0138827503113264
47247261	0.000654590080898229
47249000	0.00814235076541653
47250120	0.000528631769146659
47251801	0.019446833834276
47252631	0.00109718669257124
47253030	0.00188959071976719
47253590	0.000683717291257908
47258110	0.000606008696195946
47258721	0.000653592065494791
47260070	0.000494367640016909
47261030	0.00986682186838049
47261761	0.000696497912603217
47262110	0.00279551133984672
47265071	0.000859959180369166
47268310	0.000622987281278162
47273290	0.000583892364634692
47275210	0.00486459773539152
47277041	0.00167939839222025
47277290	0.00393121020339954
47277341	0.00291474967851014
47281820	0.000554683276790973
47283251	0.31849128405389
47283671	0.000720827805537281
47284730	0.00273965009707085
47288480	0.00210874130497814
47291230	0.00198886178999355
47293321	0.0175596022234573
47293690	0.00076249287579558
47297611	0.000596293548934862
47298670	0.00354906366568627
47302581	0.000629108289138396
47304511	0.000584108870446851
47306820	0.00962032180719862
47308091	0.022425107639209
47309540	0.000711189127789508
47309751	0.0113314098016092
47310981	0.00050571359996547
47314120	0.00708686422276805
47315780	0.0173325910186184
47318831	0.0017161375583559
47319821	0.00190982927795675
47321160	0.00128935097333235
47321300	0.000705745077122248
47325171	0.000679111579962875
47326141	0.000822821429265254
47327890	0.000480784185525334
47329041	0.000700258774295041
47329270	0.00226883861256318
47330270	0.000714903687343023
47332491	0.00158149670504719
47333150	0.000726329284138536
47334410	0.000759860172352934
47336300	0.00113256517788358
47338120	0.00067917170071968
47338161	0.00778691897254095
47338820	0.0086142877636977
47339650	0.000975832994866664
47339920	0.000738624729636401
47340491	0.00484888527169442
47347370	0.000582017495255001
47347391	0.00325873612800453
47349410	0.00677365923732654
47350841	0.000682283175820208
47351640	0.00166582968712439
47353591	0.000657957410244565
47356600	0.000927221148749124
47357290	0.000581058266426366
47357850	0.000532993393649358
47360911	0.000891774253191762
47361990	0.00109120297263727
47363910	0.00194677623561654
47365611	0.00384204936106991
47368211	0.000615945168096335
47369171	0.000595586807951903
47369710	0.00126505597849319
47370800	0.0079695826887676
47373461	0.000607562161350753
47374650	0.0118208221454926
47376751	0.00060259787957869
47378291	0.0232757114897606
47378380	0.000574466559830785
47378790	0.00119059909866118
47379931	0.00255550344466328
47384631	0.00741486846226653
47386380	0.0107594379722486
47387490	0.0167375090785096
47390930	0.000513138947328438
47392030	0.000847602968611972
47392341	0.00174694635251455
47392491	0.00690558409259359
47392781	0.000657883838057111
47396170	0.0106320246885084
47399060	0.00195998993809599
47401400	0.000622973959050823
47401550	0.000937460123222741
47404160	0.0019015323778164
47406281	0.00845952633824318
47407460	0.00182238781739207
47410230	0.00710763490716341
47411620	0.00208074059911371
47415781	0.000571806357724936
47416901	0.00259597799237495
47417020	0.00598871174105364
47420621	0.000640333128512724
47421191	0.00202271066184485
47425960	0.000677519349259684
47426390	0.000672456499028132
47428211	0.000487796638726261
47431391	0.00101765561001564
47432621	0.00110341218359618
47433451	0.00100766023243236
47433830	0.0173995183008202
47434291	0.00139575739564382
47435651	0.000881522976613368
47435730	0.000602048434423107
47438780	0.000781448194776209
47439251	0.000572701753837837
47439360	0.000956368847028092
47442800	0.000531346631094315
47442930	0.000549372658907234
47444450	0.00289184145549466
47445250	0.000896526812683705
47447931	0.0017967796520997
47449430	0.0705988288243157
47452720	0.00128554460141978
47456150	0.0805443943089522
47457311	0.000714403579105471
47460170	0.00135581901061499
47461451	0.00147092058545703
47466930	0.00111808543291205
47466940	0.00117430702124065
47467501	0.00301946539048576
47468830	0.000713022731682285
47470760	0.000656212772108293
47471890	0.0116800210829042
47474261	0.000521731203913173
47474370	0.00222492049247213
47475781	0.0261406077280476
47476901	0.00472825725819748
47478930	0.000956241342834674
47479190	0.00336446462268871
47480440	0.00206838351103298
47480881	0.375114786142786
47481390	0.00118916091515771
47481410	0.00157732002446409
47486100	0.000508716115880955
47486230	0.00679308692047836
47486370	0.172994457809033
47487231	0.000518335195574312
47488741	0.00989782345127062
47489930	0.00348093232842022
47491210	0.00123633803699986
47491371	0.00217886972943944
47492040	0.0127367306865734
47492180	0.0273913329269311
47493311	0.000606703832158071
47495460	0.00132460288723528
47498940	0.000534814336183295
47500751	0.000764070840895084
47500830	0.00181140380849164
47501151	0.000700016503639253
47505851	0.00389873165168585
47506271	0.355301830860133
47508051	0.00272079564684194
47508970	0.000760821486513426
47511900	0.000842828496488589
47515170	0.000530154370075221
47515931	0.00089872769324849
47516191	0.00156630970223834
47518360	0.0026535801513882
47518480	0.00219360029595003
47519450	0.00495867433461829
47521031	0.00278901149621339
47524160	0.00056977148944542
47525981	0.00816380960631743
47526070	0.00104569563383384
47526910	0.00613034247744594
47527750	0.000550156767297615
47528611	0.000858475485994534
47531651	0.000815554315277184
47532840	0.0709204124419564
47533410	0.00723878637341125
47533680	0.000693016906577415
47533940	0.00611742883267245
47535060	0.000674606404673982
47537690	0.00768108713650116
47541680	0.0184187076167356
47544040	0.000619101547833665
47544211	0.00139207797095956
47544341	0.00125276451419936
47556580	0.000622712781860487
47564731	0.000768908962697686
47564741	0.000816807686274863
47569540	0.00164014851521664
47570070	0.000628901721658975
47571040	0.00905218464113458
47572450	0.00157925617428217
47582551	0.0172351956300275
47586801	0.0315348842092909
47590531	0.0015172853067981
47597100	0.000515044640223835
47598350	0.00073922642028065
47605581	0.00197198074219699
47607450	0.000762950012622783
47607990	0.114189591821565
47608990	0.00273232164527324
47610261	0.000868309542439382
47610401	0.00488172765850679
47612061	0.0889720423340163
47612331	0.0024206778184543
47622210	0.00132401412841692
47625151	0.0026873355908632
47625561	0.000690120087352915
47626340	0.000697775296847334
47630480	0.00203399775470441
47630770	0.000712907904833243
47630951	0.00126468804665701
47632820	0.00101892363877451
47633130	0.00850865487300609
47633161	0.00213209183566327
47633920	0.0329590611664855
47635320	0.00868575992321924
47636280	0.000745231159383087
47636580	0.00120285598868484
47637281	0.0019228232254266
47637421	0.000575398359515579
47637991	0.0100847892667449
47638190	0.00063649233616747
47638470	0.000624197875913725
47639300	0.00118492732968805
47639860	0.00594878328330911
47640020	0.000593463086472283
47644440	0.0022571959260257
47646610	0.00330693399174416
47647330	0.00072268205388773
47648260	0.00493363646770089
47650801	0.00150761254240361
47654261	0.0010938320787002
47656260	0.00202182105071403
47660731	0.0402727732772981
47661561	0.0154138015850634
47662330	0.00929071427205867
47663190	0.000890249473706623
47664461	0.00277775031797691
47668680	0.00197657725782707
47669370	0.0169464745944391
47670261	0.000519678520627634
47671081	0.00287480767783011
47671300	0.000585317253103158
47672680	0.00131178302667046
47672871	0.115184771293883
47674261	0.000502457885527472
47676290	0.00163738824596389
47676881	0.000678317619927344
47677271	0.00633042699750528
47678090	0.00048929980491152
47679150	0.080466544495568
47680280	0.0821977809608
47681780	0.0481729386297699
47682740	0.000652537608876674
47683840	0.00165334648184801
47684430	0.000603011057282782
47685151	0.0877139286470105
47689011	0.013002215353303
47689950	0.000924933558893562
47690610	0.0147607463491688
47693660	0.00230339011405305
47696550	0.00177707372601183
47697360	0.00952469351994824
47698921	0.00107640274922769
47702760	0.000693600241924606
47702791	0.00332771047910259
47705271	0.00242726501638752
47705561	0.0195133705534851
47706080	0.000500427284351198
47706941	0.000723404208509567
47709510	0.000540720453907036
47714241	0.000623076653629416
47716680	0.0306391093319844
47718080	0.00266357003363019
47721630	0.00122503415730101
47725640	0.00115188389962129
47726791	0.00160591013465356
47727840	0.000757009992603692
47728181	0.00278202154407827
47731061	0.00196842650509615
47731970	0.000717068338195036
47733240	0.0228948460991515
47734880	0.00198207483827725
47736960	0.00231763656742484
47742080	0.000503192234634094
47743870	0.00152398769601959
47743911	0.00529885015168617
47744260	0.000562642385783238
47746340	0.0344081595860716
47748991	0.000695179727904497
47749110	0.000564637511043472
47750521	0.000594523626017796
47750770	0.050529482845467
47752250	0.0981052543998384
47757520	0.000725348501173686
47759580	0.00346456532867989
47759600	0.00724468853100393
47761910	0.00202727705975538
47762180	0.00234733190559918
47763710	0.00102613109688957
47763970	0.00206603233309307
47764311	0.000539926832311813
47765650	0.0230279903534317
47767280	0.000895808518394656
47768530	0.00300949199209877
47771180	0.000767423219816615
47771710	0.00350506391212167
47772700	0.000956244300297137
47774241	0.00111786053227297
47775601	0.000901825653012079
47777250	0.0287447585083092
47778381	0.00275429427209755
47780581	0.00255964220447793
47781780	0.000567621777851711
47782070	0.000513639615659212
47784120	0.000585684726297754
47788130	0.00128159791437841
47788171	0.000546362193726572
47791461	0.00201309882333501
47792800	0.157522712280982
47793080	0.000993177909544589
47793940	0.000622172324858885
47794060	0.00336513794383575
47794480	0.000718868429743343
47795570	0.00231153323182994
47795840	0.00686089893068553
47802221	0.0131341875807095
47802911	0.000753011879727166
47803320	0.000683448721357556
47803450	0.000938236633962365
47803570	0.0430380153512449
47805951	0.0015251673138284
47808151	0.145058646387166
47809691	0.000678982053661802
47811430	0.00268724918706209
47812420	0.00139865619653802
47815201	0.04381861696922
47815420	0.00428837376050179
47815720	0.00664417104387613
47818911	0.000717881565873305
47819290	0.000570638494238067
47823980	0.000799462425552869
47826200	0.000591000647701769
47827160	0.000612742157438734
47831040	0.00463084208348785
47831061	0.000986245621946088
47838860	0.00119165049935042
47839201	0.00206600088257808
47842070	0.000643750811977198
47844991	0.0022529287157115
47846351	0.000744707897065976
47846450	0.00790638269780441
47849541	0.0468570635468129
47855550	0.0068888418410365
47856130	0.000708197446034631
47857630	0.0123098627021127
47857910	0.000586999171683893
47860031	0.000655697976163742
47863030	0.00307422701902645
47863601	0.00782656128077928
47864510	0.000508567439152515
47864790	0.00245843188283527
47865551	0.0329391814182264
47869790	0.00073966642598507
47870491	0.00103708688266076
47870651	0.00067833528276355
47873230	0.00502378377768182
47874200	0.00967197356808168
47875310	0.0342231378517673
47877401	0.114933555933605
47877411	0.000827565085434424
47879051	0.00115581918201058
47880510	0.000724914272113182
47880701	0.000597392299124826
47882160	0.00064046559817343
47883420	0.000555378150675636
47884711	0.00435725352582749
47888691	0.00113318327891305
47892230	0.00257584884754569
47892380	0.00264353986548462
47896851	0.00395555663113634
47898351	0.000720312080912803
47898470	0.000704376972574256
47900421	0.00145390569951802
47901080	0.00137396954834976
47901470	0.000569882770313797
47903170	0.00157639388502845
47903990	0.000954820134161368
47906160	0.0155959182531763
47907451	0.00151862371777321
47908670	0.000990852969318815
47909381	0.000630954571561625
47909521	0.115847897738374
47914170	0.0105935550049598
47916991	0.00167874555197725
47918740	0.0184728330512965
47919820	0.00126919137258666
47920940	0.0113304789388601
47921090	0.00617713559794555
47921510	0.000696616561820821
47922160	0.000528826954136458
47922750	0.000761449592936895
47922870	0.00398767068118386
47927461	0.00525972819731674
47931000	0.0171050237715914
47932301	0.00118238505787271
47932820	0.00247219071889043
47934300	0.000712275957085308
47935400	0.000858109953049391
47935810	0.00126033599452276
47936831	0.00270417968381918
47937651	0.00433132708223196
47945941	0.00349918212146239
47947311	0.000832307588384349
47947710	0.04460133362402
47948141	0.00453397991982469
47949220	0.000531355132764143
47950470	0.0856560496610872
47951051	0.00115060094289792
47952831	0.000651854961972957
47955700	0.0888171544902269
47955840	0.000549608742595535
47957121	0.0869131327326475
47959731	0.00761978121760346
47964571	0.169291564278155
47966180	0.000606501430918801
47966740	0.000548768466252971
47975301	0.00054014987345827
47976240	0.00690392156480947
47976510	0.000790496818455335
47976920	0.0014312175405854
47976961	0.000638749846120823
47979290	0.00055715785253703
47983120	0.013567479159084
47984500	0.000815866709433299
47986761	0.00135486090121251
47988240	0.00180874510747852
47989900	0.00140373499403748
47989910	0.000536621837342093
47991160	0.000710374383805691
47991601	0.000628753446665338
47992770	0.00161895101760572
47995830	0.000647794010040547
47996630	0.000716566176982912
47997261	0.000785365075119415
47997391	0.00330229924074627
47997500	0.361080942883459
48004930	0.00144263886846576
48007000	0.000679772627021167
48008141	0.000536300001049126
48011810	0.00334151551652188
48012961	0.00180161273863224
48013630	0.0216235474954624
48016001	0.00315491548840877
48017231	0.00144615975590739
48019670	0.00111752070652908
48021521	0.000643254341776778
48023181	0.011176063080793
48023311	0.00057161125786715
48026560	0.00709393089608062
48033900	0.00141627653827548
48037340	0.000619041073055819
48042631	0.00780161964517709
48043280	0.0476732084270443
48045371	0.017693278082594
48052011	0.00133607187860692
48056971	0.0467835449413946
48068650	0.0585571499284438
48078990	0.00537306694467276
48093450	0.00558852595581428
48094601	0.00522931772278084
48099270	0.00129086480778479
48100141	0.00783123737457313
48101730	0.00101787124400419
48104620	0.0814047829322632
48106430	0.0179273191484601
48107701	0.012596736661177
48109651	0.000596767377105661
48111021	0.000782914050313979
48111120	0.00187617054285883
48111400	0.000576098194853765
48113040	0.0032692146309795
48113350	0.0011958420691501
48114871	0.0132086571123613
48116500	0.0011987787766375
48117340	0.000799687016367785
48121241	0.000983457525541533
48127400	0.000591447698772727
48132380	0.0585380166414943
48132500	0.0021626796688459
48134030	0.0069058781213393
48135250	0.025610788425353
48137180	0.000945588695917079
48141371	0.00259489567392907
48142560	0.00731957892638301
48143120	0.00119384173080767
48144890	0.00230145343044342
48145221	0.00193103702078826
48145730	0.000748802328114916
48148531	0.000614527242683917
48149590	0.000644420559211491
48153170	0.00559241865312424
48156391	0.00376378139152509
48156760	0.00259175223502248
48158700	0.00146225469398835
48159230	0.00103435429226683
48161091	0.000551038416370193
48161101	0.00117910859489036
48162560	0.000784889971001055
48164271	0.000559980312979903
48169180	0.000693141378397327
48170440	0.00171431252736109
48172930	0.000771074848511297
48174860	0.0207239935412327
48176240	0.000874630886581709
48180681	0.00289501627229097
48181160	0.0797689192541501
48187660	0.000660812521968484
48188360	0.0261084460659331
48188391	0.00102943114631352
48190150	0.00117748789075623
48193180	0.00811714978343931
48193460	0.00888714750355067
48195380	0.0159799255827172
48197190	0.000656579354907489
48197781	0.000508782019285711
48197990	0.00210397901687711
48200070	0.00572564700774989
48200080	0.00064804931605192
48201720	0.00218159745845091
48202061	0.00145274584773082
48202840	0.000521870567801607
48204251	0.00406536838081047
48207161	0.000671086376600071
48208090	0.0306108487629519
48209050	0.0784016099099674
48212080	0.00136418271862431
48213440	0.0124859265309246
48213470	0.00894156969129976
48219831	0.000826427620973756
48221590	0.13085056431845
48222700	0.000948689326866249
48224630	0.0192760952886835
48225060	0.000631199470004249
48226440	0.000814170478497465
48231230	0.000679642865660053
48232050	0.00285902153952998
48233091	0.00108110022309965
48235551	0.00103064150725077
48235670	0.00161420575116771
48236920	0.000656590206954274
48238051	0.000651504367978971
48239001	0.00200366906608636
48240951	0.000571302520810609
48242871	0.000926505357921962
48243130	0.00114278093843496
48243991	0.000583080816605021
48246430	0.00459101406564782
48251920	0.00184362673017464
48260210	0.00269114371125464
48263571	0.00884260687166377
48263971	0.00354236736919878
48266420	0.0109100406096504
48271981	0.0420154689434254
48273071	0.000724687063397959
48275821	0.0006592916827318
48275940	0.000550144698743047
48275950	0.00080280763643817
48281020	0.000582826887189181
48283260	0.000902414359261176
48287370	0.000644844570801212
48288121	0.0009547575935393
48290690	0.00178357552065476
48291240	0.000709774730205669
48297891	0.0284400744247908
48300210	0.000574031068477572
48300381	0.00072672004257015
48302000	0.000577304322858467
48302540	0.00115507911785598
48305761	0.00216558305716937
48306861	0.0167057554582718
48307100	0.00548541057786319
48307520	0.00730614503539137
48308371	0.0128205965203819
48314800	0.000922952550338517
48316231	0.000754089299912554
48319370	0.000546384673431853
48320511	0.00326601785499911
48320791	0.00109797444066739
48322591	0.000784343005466866
48327141	0.000893369692546625
48327250	0.0147770188093882
48328620	0.00331940694607765
48329580	0.000610151786344697
48331790	0.00263947119283305
48332590	0.00221906224989292
48332620	0.00186081246633827
48333430	0.000666013980127315
48334441	0.000744840648720282
48339421	0.000852624211633417
48341351	0.00288688808023483
48344040	0.00125479076060768
48344501	0.000875875845546558
48345020	0.000741992740949043
48345600	0.00614524103866826
48346250	0.160566600513721
48346301	0.000514075301670779
48349170	0.00120347998196502
48349280	0.00173792954836914
48350410	0.00153627952954923
48355380	0.000563359745716244
48355541	0.000671501300317205
48356091	0.00109234649528785
48357430	0.000627058101751182
48358260	0.000566328562537573
48358660	0.00321918835070831
48360791	0.00256311096323367
48364060	0.00286102541706298
48364371	0.0698422666493895
48368251	0.00627775805134259
48369010	0.00313710940156487
48370581	0.0419632216820229
48371411	0.0674767140974003
48371520	0.000562274620041328
48373730	0.00989017221063437
48375510	0.00203145196599717
48375920	0.00103493081378961
48376630	0.0311492099497689
48376791	0.000789733585695421
48377170	0.00117867992112029
48377481	0.000790240791717561
48380630	0.000746127265420464
48382441	0.000819114178704456
48384900	0.000995691200011883
48385491	0.00158554110347268
48390011	0.00288066148891471
48390280	0.00334599801243076
48391411	0.00491999416693427
48391660	0.0255827431861449
48394250	0.000506989338720894
48395671	0.000560652986718108
48396470	0.000797088647314899
48397751	0.00096279508464896
48397830	0.00150542234349348
48400490	0.00225758768406358
48400880	0.0171882603104217
48404750	0.00108365299704616
48406171	0.355536966627272
48406380	0.000501156200470085
48406540	0.000833326939393397
48411691	0.0201631064513985
48412210	0.000483300605634252
48415510	0.00100430908168491
48418280	0.00215532520223681
48422970	0.0127202314965527
48427121	0.00284701780396417
48430861	0.00266999614346495
48445820	0.000740435252741777
48457690	0.00188678078352828
48462800	0.00298564705396866
48468631	0.0020452926349391
48471080	0.000999642160978867
48474421	0.00439080546749975
48476620	0.000667454995584276
48477871	0.00199964897893448
48484491	0.00378558368465432
48490510	0.00326824829395977
48495350	0.00408205842859103
48497980	0.00862833818068246
48500160	0.00161922326220941
48501990	0.000834099590346535
48505290	0.000922404555572823
48514370	0.000569466152457134
48518540	0.0115299035459619
48519770	0.00879675370279632
48521810	0.0199190361474689
48527111	0.00232892208312877
48535740	0.000851063520419568
48536081	0.00203544511057323
48536330	0.0227540858085639
48536430	0.0018568862655254
48536740	0.000484476541471749
48536980	0.0035169166866919
48538151	0.000709444112587645
48539490	0.00214025536550608
48539630	0.0287995278303919
48550090	0.00239930746313063
48553120	0.0233615083358609
48558510	0.00230904738154607
48568481	0.00651922910780408
48569830	0.00467049624940691
48578011	0.0355468379903436
48580860	0.00147955192202791
48592911	0.00142600116520025
48593570	0.00200160970422431
48594981	0.00159871864894349
48595671	0.0896037671611829
48596160	0.000674833587418543
48596590	0.002467856506451
48596611	0.0107222267485583
48597181	0.00197799058042401
48599620	0.000982776232962902
48606541	0.000638863940591444
48608040	0.0103141336082575
48608050	0.000619038942392085
48608450	0.00218092947005788
48611880	0.00311634590912338
48614770	0.0345098643952173
48617031	0.000594973104534061
48621660	0.000650601959620077
48622561	0.00588048195376691
48623180	0.000937778527088911
48625690	0.000829057927271004
48627050	0.00138230608143151
48627521	0.14823957007712
48627531	0.015884180284971
48634421	0.00267970067972081
48637660	0.00126671975429079
48639091	0.0360319835825643
48641321	0.000557272645851524
48642800	0.000714106022807425
48643190	0.000670589281377615
48647361	0.0107637496201278
48647450	0.000612489351057336
48647730	0.00199113180863989
48648751	0.436949716452923
48652580	0.000884483214070947
48653041	0.00238230940662515
48653260	0.244614589841864
48658261	0.00185589086842445
48660710	0.0019601413258758
48662250	0.000638887268242577
48663911	0.000565076963694774
48666660	0.000580358616983081
48667170	0.00122082448875193
48667180	0.00103990221264539
48667190	0.000712795473188895
48667760	0.00262238157245677
48672180	0.00493280366788594
48674790	0.000686155665069835
48675241	0.00122526870879929
48676751	0.00154427453596433
48678360	0.00526354139267039
48685120	0.000577070882157118
48695490	0.000611242241242409
48696601	0.00147180888582223
48696871	0.00113721739684183
48698100	0.000741277716596674
48698380	0.00158816421022877
48699880	0.00416385853714371
48700321	0.000880249385192272
48704191	0.0246261977721219
48704430	0.00399671366740188
48705561	0.049838385828436
48706350	0.000506188677266096
48708211	0.0141788906545946
48708820	0.000506738292834974
48709441	0.00123597181916881
48710490	0.000704998113257249
48711521	0.000771844070800356
48713530	0.0492769408861427
48713991	0.00165744083825044
48715030	0.000610849083463571
48716191	0.000714830823784477
48726520	0.00351977220245891
48728191	0.00103950811499574
48732960	0.00173793629255
48733930	0.000662483105455731
48742370	0.131416522934481
48742821	0.00908056538994316
48743620	0.213881383475636
48747371	0.00177425696874317
48748710	0.00344622677214819
48751340	0.00102534453784998
48751921	0.000609364157560907
48754681	0.0165606532141619
48761831	0.00192372557849287
48767180	0.0185490370238634
48770801	0.007050790875369
48772191	0.000771870739923173
48774931	0.0259923441591688
48777301	0.00102539339150033
48783460	0.000736386956247635
48786931	0.00219871521949301
48796540	0.00190985601930871
48822470	0.00596602659668338
48825281	0.000939007295247491
48837940	0.000775909940466631
48838261	0.0202177128366718
48840331	0.00599291687295091
48851160	0.00206567598464982
48851450	0.00273947954776698
48854261	0.000873001308675578
48854330	0.000969491568687681
48854521	0.000635979617223722
48855020	0.000550954975038505
48856700	0.00308162840828173
48857510	0.000715954586820255
48858090	0.00309732934767868
48858350	0.00392936759728768
48860980	0.00132784932263368
48861961	0.00128943051557058
48865001	0.000763185788865636
48865390	0.00737571521625918
48866060	0.000676567616267994
48866350	0.0144909262894015
48866671	0.000911709252403142
48867341	0.000539889891989166
48868430	0.266092939512564
48869561	0.0102569737077599
48877981	0.00136168037439067
48881691	0.0307526201614794
48882340	0.000725147094231788
48883880	0.00164934196757736
48885411	0.0245397944109841
48886671	0.000788250248735528
48886921	0.0024507271555122
48887150	0.000728951248160146
48895341	0.00287292659595499
48896540	0.0013508476632464
48896960	0.0030224359003126
48897500	0.00190486603736861
48897681	0.040767643255067
48898381	0.00101855483297881
48899331	0.00100539496662804
48902801	0.00240057958080613
48903331	0.000697857349381153
48904731	0.000504783949816141
48907191	0.0133242617667882
48908150	0.00270547490193316
48908171	0.000974593629123375
48909490	0.00072677820747408
48912970	0.00118287700299042
48913500	0.000695219072776297
48914080	0.000641751419468551
48918340	0.000721295241430793
48919580	0.000654929583647548
48921421	0.00056915754515506
48924670	0.003138758089801
48924680	0.033446144589291
48924820	0.000612998333207119
48928021	0.000729193275162259
48928950	0.00121967528801456
48928960	0.000564839137089225
48929930	0.000957277217461937
48930740	0.000600232182989896
48931140	0.000603391205281548
48932280	0.000865628972108993
48934760	0.003460552943368
48935560	0.00438363693351231
48935840	0.000725540557810379
48937500	0.00166451449365866
48939341	0.00182559566510536
48940301	0.000660742133149274
48943440	0.00291777360810124
48945131	0.00154495418113131
48949281	0.00414613857284242
48949380	0.00841119106640301
48949551	0.000552882767357192
48950350	0.00170838544951302
48950371	0.00151025610247036
48952581	0.000978927723432073
48955901	0.000813136606571996
48960700	0.00122290292910879
48961001	0.00786168837990647
48961121	0.00168568175847814
48962050	0.000897732229810372
48963860	0.000586842825974478
48965510	0.00142266346886706
48967621	0.000720075611824561
48972000	0.000578578625670325
48972520	0.000856554012727768
48974371	0.000665004742010799
48976581	0.000750056488674577
48977281	0.0348066162245532
48978521	0.000571525137018512
48979751	0.00082052339461623
48982371	0.00325978765090713
48983140	0.00170482764878048
48984431	0.00133424517155173
48986860	0.00340750305383901
48989360	0.00130227833371982
48993220	0.000520700424574529
48993951	0.0869042719801085
48997271	0.000794900493448315
48998091	0.0048058270644969
49001770	0.0623007917080363
49001801	0.00167779711417779
49005480	0.00374897106363156
49007071	0.000606774524524965
49010651	0.00073917378179638
49011130	0.00457005544624367
49012240	0.00620978420816235
49016270	0.105679402991863
49016690	0.00139359795002221
49016950	0.00170673777954516
49017111	0.000636095076837664
49019150	0.000590631321676924
49020171	0.000597371430710942
49020940	0.00873560935819609
49023071	0.00133097492235379
49024410	0.000609108467842563
49026241	0.0100738653774383
49028431	0.00586847077580317
49028520	0.000521419480583652
49029411	0.0006563164610681
49032000	0.00474013905437446
49034231	0.000813357290730114
49034241	0.000517475679812518
49034351	0.0258477546152496
49035321	0.000519652580322378
49037480	0.00297647879281053
49038050	0.00459695175857189
49039191	0.00132456572820738
49042310	0.0172528260918934
49043580	0.0162824738062067
49051710	0.00662980475232912
49054501	0.00117126304587442
49055331	0.00152156888327099
49055410	0.00148208956479836
49059150	0.00113169872091355
49063960	0.0352026338116008
49064410	0.0402073746984395
49065610	0.000850934534227886
49066730	0.00325555780640083
49066890	0.000555689537292438
49071710	0.00682083447549814
49073330	0.00204873429282454
49075690	0.00074835228269286
49075950	0.0142489970649326
49078310	0.0179527815127213
49078371	0.000669804597060906
49079201	0.000784964315716341
49082771	0.00100774627169066
49085811	0.00062529511724463
49085951	0.00066676251722131
49087000	0.000493252881505926
49090890	0.00112385085609949
49097791	0.00838315781238288
49097890	0.00066358675702159
49098310	0.00114374564287029
49098481	0.000606833303618627
49102300	0.00179676312349787
49103020	0.0017111621222343
49109760	0.000587711033920179
49111191	0.000926854382544457
49111471	0.00079756204540566
49112831	0.000514798502893358
49114460	0.000669011639426486
49114621	0.000937121609048552
49117740	0.00306521131412691
49120701	0.00635749561701105
49122921	0.000735780766096263
49127680	0.00125025530566928
49130310	0.00122570947006754
49132120	0.000626111121171111
49133671	0.000564449604594692
49134071	0.0118487581419221
49138501	0.000704478530525172
49140790	0.00715065577929726
49141941	0.0030883291012381
49142221	0.000827220363144155
49148141	0.00177791749294144
49149880	0.00308669697609891
49154330	0.309213561902819
49155280	0.00666362584579092
49158501	0.00330434945252657
49160500	0.00106832970849854
49161671	0.028330022967126
49161951	0.0019925328886457
49163540	0.000540289706649192
49165190	0.000954419540240743
49165870	0.00102009277002709
49167031	0.000934417594362306
49169921	0.00487475748146922
49172670	0.00277725558393615
49174631	0.00294948133150081
49177111	0.00211794985740696
49180080	0.00286228929893982
49182310	0.0567762873158144
49182491	0.00697733853923773
49182840	0.000721446943095688
49186471	0.00103242374612489
49188670	0.00115216077714229
49189091	0.00174640304821758
49189391	0.000571809543575749
49193870	0.0867373831570277
49196401	0.000875682848878829
49196640	0.00363103871998025
49198061	0.00220647588942086
49198320	0.00211063219631051
49199270	0.00191631406214892
49207301	0.000839836652980429
49210970	0.000728339794721941
49213470	0.239659823788212
49213760	0.000593034787585284
49215410	0.000736809735546276
49217531	0.00467350381666969
49220100	0.00117557500950341
49220350	0.000560343958706991
49221251	0.0034474932021033
49222430	0.00730991215980831
49223851	0.0021375011234283
49227820	0.000867703282255912
49231431	0.000594612737422188
49232961	0.11876359256075
49236910	0.000525710182551558
49237921	0.000703620760744719
49238160	0.00099233025859865
49244141	0.00222700056293699
49245661	0.00057329919963949
49247140	0.00569919875391314
49247400	0.00248044113122618
49249490	0.00288430876667924
49253050	0.0310531713821674
49258150	0.000779489276363017
49258710	0.00113175767084172
49261170	0.00320971190696985
49262331	0.00203972251487681
49264210	0.00353024030392898
49267031	0.00239053083360431
49268831	0.00545091190480499
49271670	0.00541353912273211
49272340	0.000511456038738404
49273101	0.0571830066427782
49274140	0.00293434267204142
49274990	0.00437295984558342
49275280	0.00120915171150418
49281170	0.0856297875302818
49286040	0.0033894899040283
49286410	0.000547579130467505
49287650	0.00176825322232883
49287981	0.000837973141351759
49289600	0.118467736688312
49292070	0.000613556530682153
49292811	0.000715135215162066
49293091	0.000700510125390672
49294450	0.000498899541974762
49299021	0.00368586543622932
49299721	0.000734020482130681
49299790	0.000659740269962128
49300490	0.000543235928710493
49300541	0.00125088241108256
49301361	0.000893022366232305
49302560	0.137554725497532
49303250	0.000497443840797813
49303841	0.000507631371455679
49304821	0.00165751467327139
49306471	0.00277684693753228
49307650	0.000792682089086497
49308531	0.00163836458561718
49312671	0.0382952295439814
49313330	0.110990183803037
49315981	0.04508023074074
49316531	0.0165613269768624
49316541	0.000494113113977816
49317221	0.000735137228113179
49317300	0.000555706785489177
49318270	0.00149121872321741
49318840	0.0238180241882808
49319810	0.00426207340616612
49319940	0.000604915081695517
49326341	0.0038515454624585
49326840	0.000812407812399491
49331141	0.000920308527422273
49333641	0.00804765244815887
49334041	0.00307309527211866
49335581	0.00238388136272596
49337440	0.003079681518992
49339100	0.000726961938671688
49340531	0.00219326511831352
49340551	0.00059720744845394
49343090	0.0040734838300631
49343861	0.000469633681365583
49344210	0.000658526710775131
49344620	0.00154871846411777
49345850	0.00216373800557652
49346331	0.00574385636070106
49347561	0.000700290680458076
49348411	0.00517028010070106
49349771	0.00121302407950908
49350170	0.00167073364805468
49352111	0.00286768958005854
49352240	0.00793531610555395
49352671	0.00117365050482287
49353190	0.00085845829476061
49354160	0.0875924339023984
49359790	0.000591810552420929
49360900	0.00464100144983326
49363120	0.00347581666284834
49366150	0.0255285499456704
49367110	0.00249442908022911
49369160	0.00182444366043508
49370580	0.00101450564917799
49371670	0.00133746653906739
49372060	0.000772141724782886
49372330	0.000983841863972844
49372671	0.00660965380378619
49374751	0.00230961743484205
49374970	0.00685178983450331
49375090	0.00102756751866898
49375390	0.000568903849826417
49376671	0.000612818186358545
49378280	0.00998111030226908
49380210	0.00135217749879964
49382960	0.000759331636760327
49396811	0.000564260762537414
49399370	0.00374531480902346
49399991	0.140451691274913
49400241	0.00405018034898268
49400261	0.00192728088694944
49402140	0.00141507463792328
49405290	0.00168942100334921
49406560	0.00148982292488345
49407151	0.00351146875869503
49409190	0.00237615343920737
49409290	0.00064985912350501
49415281	0.00171218905397529
49417440	0.00519414877307008
49421590	0.000703760594966645
49422290	0.000692654783347322
49426581	0.00100013151145279
49429180	0.000603167191412907
49429610	0.000601101035190093
49430570	0.00120109118815284
49431390	0.00130118816392101
49437740	0.00261482726245987
49437880	0.00172207475748825
49438020	0.0217966336130879
49439561	0.0441229650505419
49440060	0.000748449744774084
49445081	0.000602597289826436
49446721	0.00391970687506879
49451220	0.00555445146055896
49451800	0.000550674304250008
49457201	0.000831662524185442
49457481	0.000773415583107582
49458290	0.00137198312053461
49459630	0.0373798515535142
49459800	0.000576210808504735
49460760	0.00863247646182021
49463490	0.000843807327000747
49465061	0.000894746401239402
49466031	0.0256473546314037
49466311	0.0589766384618964
49467930	0.00386350290506339
49471401	0.000478499017352335
49471691	0.00113274775182439
49472111	0.000577928319172634
49472210	0.000950076360475177
49475971	0.00103886228468159
49482550	0.000810656726934599
49486311	0.00206524618923422
49487080	0.000556003772897211
49487421	0.000749612222404943
49492651	0.000540220867478851
49495900	0.000764025652639264
49496381	0.0013805516271482
49497010	0.000641515290139499
49498140	0.0148656089179668
49500350	0.000806333707719218
49501061	0.00124879479579013
49502431	0.000906269377836368
49508651	0.00412539127229947
49512190	0.00128184094504054
49512470	0.000636646581750957
49513881	0.00137510748676292
49515390	0.00119965962549525
49517590	0.000658616383832532
49520521	0.000586395405447465
49520921	0.00140090947313725
49525191	0.000587528949150605
49525601	0.00261089264669528
49531620	0.000646929838070861
49531671	0.0701178139307139
49534830	0.0272351986276155
49537901	0.000580549134219649
49539240	0.000583287994388007
49540890	0.00189718340856624
49541201	0.000626320286582976
49545051	0.000647607788081853
49547630	0.00057376386501629
49554400	0.00412904384227742
49555360	0.0014238401293528
49555630	0.00530016325742667
49555681	0.00704868059494743
49555811	0.00136848507036294
49556231	0.0130690140249151
49557621	0.00240364954054981
49557690	0.000608653479567534
49559951	0.00121135546181315
49560631	0.000615416342247917
49560740	0.00876417292803225
49562660	0.00128424879422263
49563340	0.000600621878526074
49563500	0.00373614843641082
49565351	0.000554427171252408
49566560	0.0332003048915528
49567121	0.00852526184037995
49567141	0.00434083396626034
49567671	0.000960568614330663
49569710	0.000543157739481136
49570250	0.000653141126365193
49570270	0.000507176046476344
49570940	0.000688703008690557
49571490	0.00187441012060089
49572310	0.000953561787623472
49572480	0.00292905447786785
49573970	0.00226018853309103
49576200	0.00670868963806205
49577481	0.0627616000712754
49578280	0.000782928440809425
49581461	0.00152677870043384
49581860	0.000999091792331557
49583531	0.000597303769228972
49584460	0.000652626850728422
49585051	0.000644313006590017
49586390	0.000639716492901084
49586670	0.0013736477297642
49586991	0.00405670888275121
49592330	0.00057239177894614
49592740	0.00296367401833709
49593440	0.000545548112316186
49595760	0.000623842342748237
49595790	0.000530563602158382
49596060	0.000886635327996824
49597150	0.00205518660710252
49598151	0.00590914019610263
49598400	0.000624970746168073
49598520	0.00219999129335926
49601181	0.00279443396556946
49605611	0.00101268594252117
49607500	0.0793687157346892
49608860	0.00232697839066065
49609680	0.38635321038059
49609980	0.00117072204948568
49610800	0.000546169861984101
49611131	0.104821240932647
49619411	0.000604360986830928
49619620	0.0160816036621108
49620340	0.000931416533093152
49621990	0.00053477496415041
49622940	0.00180583548370112
49623480	0.000783699226602199
49624310	0.529372148650553
49624750	0.00137817051842612
49626100	0.000610103326226217
49626571	0.000567478908107147
49626790	0.00343426391635225
49628361	0.000535431371139423
49628921	0.00532468924514667
49629550	0.00157250646460715
49631230	0.00285115513612896
49633300	0.00152221221118785
49634161	0.0013902993649964
49636040	0.000603591708104719
49636470	0.00194951463689515
49636990	0.000556495262754751
49640351	0.0020153943508208
49641430	0.00330768377262992
49646650	0.000635858316890071
49648740	0.0013451074552394
49651401	0.0145563578642385
49652480	0.000646646490410259
49653601	0.00051473891497172
49653960	0.000817715273650252
49654540	0.000619057200172717
49655391	0.000802285394124163
49655470	0.00248196879477377
49656460	0.00103227505092223
49659531	0.0082345406292258
49661280	0.00062959488680279
49665311	0.000595194115321668
49666130	0.00177895628047571
49666230	0.00126231410590559
49666780	0.00179306745821813
49667360	0.00108151057621369
49667811	0.00060477979408927
49672761	0.025474480579355
49674960	0.000794439193112824
49677570	0.00183185566972811
49677820	0.000831795664000848
49679821	0.000679494006125969
49680761	0.00169796686454295
49682680	0.0131689253872525
49682691	0.000995683340453104
49683370	0.000547881183068913
49684020	0.000523538801611703
49686250	0.0163177632655645
49687880	0.000839266981098409
49688310	0.0022297299991582
49688371	0.00801752034354463
49690400	0.0071957812212471
49693830	0.162069382965705
49698260	0.0119475666205453
49699090	0.00147174691286074
49702640	0.0184998975040817
49703661	0.000487590793129995
49704460	0.000608745828798466
49711521	0.000553263821018597
49714011	0.00103347150689038
49717670	0.000757728148781615
49720751	0.000635896725492168
49721700	0.00122363435975569
49723241	0.00370938768113561
49724150	0.000606739656976436
49727470	0.00209220642072874
49728300	0.000575115495600534
49729280	0.00339065758154716
49732351	0.00079752587806565
49734240	0.000609965570277017
49736590	0.00376462244259686
49737420	0.00115478291728854
49737540	0.00976863069183109
49737991	0.000537543521251484
49738100	0.00372512345884903
49738770	0.000565862707409786
49740501	0.000982203495557305
49741290	0.00182683183978092
49744211	0.00198285147413593
49748221	0.00141431888880109
49749581	0.00712702835416906
49750120	0.000611054899323001
49750790	0.338478715938582
49751791	0.000846195993010024
49752081	0.0118888358887692
49752491	0.000632482578327476
49753530	0.0404653384503052
49754240	0.00136194007127043
49754961	0.000761925750953185
49754981	0.000647676983077591
49755381	0.00166667908478681
49757670	0.000594794327877704
49759340	0.00238957118801547
49765430	0.000549712045957437
49766220	0.00223149181916618
49767350	0.000561245825419689
49769021	0.0006623011073118
49769560	0.0267346030536266
49772040	0.00449086094173003
49772341	0.00145008457537181
49772891	0.000532377614134513
49773161	0.00115760828707487
49773711	0.000509686473042161
49773960	0.0038535819299537
49776341	0.000551296027016391
49780720	0.00420520103043267
49782650	0.00375536017996087
49782660	0.000718560396944152
49784580	0.000609817035759828
49784590	0.000564372099195629
49789960	0.00173720657575503
49789980	0.001416677846306
49790551	0.00194602529623331
49790770	0.0176122479170938
49792331	0.000743950822016735
49793110	0.000941072142285205
49793670	0.0236397380608502
49797810	0.00893992847811803
49807610	0.000858165739218419
49809390	0.000536413675286176
49813690	0.000741422422055174
49817301	0.0296096706806566
49822110	0.00698494795279338
49822510	0.000498122535215625
49824280	0.000701458695697682
49824980	0.000732572970219103
49825010	0.0074061264893361
49836840	0.00210524995758953
49836891	0.000573513062822248
49844601	0.000680458951337173
49853550	0.000539146295510568
49854800	0.000680630763196765
49856730	0.000673202130923824
49863371	0.000556854311145475
49866401	0.000808351788252561
49869151	0.120229602638714
49869940	0.00136231684792713
49871600	0.0214412501466218
49877260	0.00325504200363029
49881291	0.000747181874173196
49884211	0.000657457874099666
49884741	0.00484809490072592
49885120	0.00428726364504625
49886920	0.00648601614448685
49887310	0.00100209199547175
49887320	0.000658509332694515
49887450	0.475533872378774
49888150	0.00160465695284752
49888871	0.000715217025173414
49889960	0.000807979008531525
49890961	0.000599565171527314
49891791	0.000964283376277784
49893930	0.00221967892975725
49895450	0.00303316812221144
49896700	0.000582569520127964
49898001	0.0011693280836765
49898780	0.000633306112196204
49900990	0.00071683998206421
49901670	0.00110772619574967
49903590	0.00098089321497606
49904741	0.000684169130588861
49905530	0.000639704076547017
49908840	0.000544040538514071
49915620	0.000702307427130792
49916580	0.0486390821561131
49917100	0.00216740087581363
49917390	0.00479578538201634
49919450	0.00183395158478913
49920580	0.00121306878761783
49922541	0.000704208542162525
49922890	0.00127643257112838
49923320	0.00249796285198055
49924850	0.0016104533549809
49925110	0.00106489360235256
49926750	0.186581408415583
49927040	0.00227969886282135
49927580	0.000851842551451983
49931231	0.00105829804215633
49932680	0.000608969886492303
49939850	0.0141558620888983
49942620	0.00613328277982693
49943030	0.00551549200883471
49945031	0.00126928306964501
49945250	0.0270449505979724
49945790	0.000488476939333516
49946941	0.00268478731884822
49947340	0.00107033600310283
49948731	0.00630489845844202
49950360	0.000694447784336217
49953380	0.108948003058177
49955901	0.00132951131644806
49957540	0.00592660128607525
49959901	0.00355464086460622
49960990	0.000548809890291502
49962470	0.00319013159156237
49962880	0.000657771157546517
49964150	0.00388078808589926
49964980	0.000908964506343853
49969110	0.00172776236503825
49969151	0.000898842181967712
49976540	0.0100237051968701
49980580	0.00125553398544534
49980871	0.00113155390103205
49982770	0.0006308375844449
49983621	0.004263275542271
49985510	0.00460851569073928
49985940	0.000609909160107608
49988181	0.0342333557105946
49990661	0.00607385138291043
49992191	0.000634956085299574
49997950	0.0836787838135596
49997961	0.000676518923842399
49999880	0.000603144018581318
50000830	0.00161335168611964
50001230	0.0013385630508143
50002610	0.000637900282661688
50003501	0.00151207055142445
50004591	0.000480233161610825
50012410	0.000704454321276067
50016861	0.000804803989437668
50020570	0.00720386849239744
50022210	0.00257866231849796
50025981	0.000995492334636639
50028420	0.0134515637120521
50029910	0.000570929956664554
50030360	0.000727927385650466
50031310	0.00814768588745988
50032120	0.0202490397841365
50039300	0.00896102085578586
50042760	0.000690289067390996
50044041	0.0123444877008602
50044861	0.00161929874022212
50046190	0.0389411703084481
50052031	0.000650041708468159
50052051	0.420477841824023
50053800	0.00193660068771206
50060161	0.000603542115897092
50062651	0.00102453210866377
50066060	0.000598379221071132
50069271	0.00060035007146974
50071300	0.000556149187154886
50071870	0.00296546958529678
50071980	0.13361200185716
50072660	0.0104712404805838
50074661	0.000633106933080423
50076161	0.0179960279358782
50078470	0.000581075815585295
50079010	0.00276056110063213
50080010	0.00161847280827194
50083891	0.000584919070155688
50084530	0.000622963093911604
50085240	0.00110279941625277
50087771	0.00336868018273995
50088321	0.00108144416074827
50088980	0.00053222709096261
50089141	0.00250108669264486
50090180	0.00234763273818997
50090241	0.00120712105267894
50090350	0.0020257543413875
50090730	0.00354609819295693
50093811	0.000514965889695656
50094070	0.00120444072973721
50095341	0.00210690700856662
50096321	0.000708580900815478
50100950	0.00111690764113161
50101910	0.000876084322991855
50102521	0.000642504995409766
50104820	0.0033680210544826
50104871	0.00164015482665666
50105541	0.00327918705871772
50105640	0.000713896138042559
50105940	0.00059262817478329
50108731	0.0309540247372718
50110080	0.00298865946406242
50110381	0.000531001442843635
50110521	0.000634693790332403
50111170	0.000722189600029289
50112021	0.00747919980877045
50112871	0.000846519726570899
50115901	0.00778956826764089
50116380	0.0206630030155486
50116670	0.000772399781165747
50118070	0.000830003338972403
50119751	0.000640496676367827
50121920	0.00129103560627224
50121971	0.00289050154889215
50125531	0.00100908484697641
50127290	0.00267483176763576
50128301	0.00280874447832371
50129001	0.00057946941077742
50132031	0.00111366040459406
50133480	0.0107541092905989
50134361	0.0012429095540428
50138040	0.000578624258616197
50139450	0.00195990822353542
50141940	0.00440677573253096
50144400	0.000534056896689565
50145910	0.018606718058369
50146490	0.00154637922532928
50148571	0.0019637907241598
50149660	0.0325534857748798
50149941	0.00812913605033708
50152810	0.00749205759770787
50160301	0.0846777454213477
50164540	0.00083154754211834
50164690	0.000725294293203041
50166050	0.272012862577958
50168830	0.00225560009816564
50169350	0.00333795103395084
50169930	0.000550145737919224
50178651	0.00106099397237417
50179980	0.000606172396550354
50180120	0.000649815825421291
50181001	0.003335782644382
50182620	0.0255436657944247
50184410	0.117970932693642
50186450	0.000624404285388742
50188301	0.0123609180236988
50191310	0.00117403653827668
50192971	0.000908144642965168
50193691	0.00749220707438463
50193790	0.000765745942176313
50198480	0.000602349922219533
50208011	0.000703604528730008
50208670	0.000801597977366011
50209100	0.000675723944459837
50209640	0.0006947315210336
50210200	0.000710182490543906
50210880	0.000687207745609217
50212581	0.000845033649940807
50215591	0.000702594632370743
50216940	0.00292108568924011
50217900	0.0601569471735737
50219000	0.000556134843905708
50220721	0.0042432353531139
50224270	0.00239807352392522
50224441	0.000593470260140494
50224820	0.000567672018056694
50225411	0.00117559551303739
50227430	0.0114099691665793
50228920	0.0318918447325679
50229271	0.000912483022797432
50231591	0.00594282144024643
50231720	0.0144154655599634
50233760	0.00938598681828752
50235191	0.000725179908479334
50235611	0.000512470402754258
50236161	0.000513744885820582
50237801	0.0030701729194566
50239830	0.0013675526853371
50242040	0.0054052874537811
50242990	0.000573545363276634
50243601	0.0285849126164167
50244100	0.00439243826086071
50245650	0.00420993730448402
50245790	0.00280433206311365
50248100	0.00509872135524108
50250060	0.000676338863549739
50250330	0.00273258927947257
50252090	0.000892724688356551
50252981	0.0025728374312814
50253391	0.0033317423624722
50254860	0.000701819564045658
50262160	0.00213094963312732
50262911	0.00213485490241638
50263311	0.00180326210723708
50264971	0.00107606048266299
50265190	0.000790590736021769
50265470	0.0155590080226013
50267400	0.0042130944536643
50268670	0.000817375136413714
50270430	0.000570679502619432
50271721	0.00192090319707418
50272281	0.000705050997469922
50273101	0.000772640188080103
50274351	0.000929279360356528
50274631	0.00763349777640708
50278890	0.000517126606150992
50279300	0.0221276127509352
50279601	0.000834229606419786
50283420	0.00106237205176665
50289401	0.0105276916549549
50290450	0.00286755130996981
50293770	0.00611550303820988
50297900	0.000971931824061437
50301811	0.017423624064088
50306631	0.00205815875873307
50307051	0.00127122409337218
50313500	0.0134603977100027
50317050	0.0215489240336131
50321460	0.0797689192541501
50322010	0.0034572990727917
50322450	0.00363551106240943
50326061	0.00943098602082937
50338300	0.00419805244807373
50344370	0.122502831793701
50345251	0.000743045235695817
50346860	0.00521322030798041
50350201	0.000912608754290693
50351010	0.0123411906724936
50353811	0.005609746148067
50354700	0.00210632036912461
50355311	0.00139535532098187
50360281	0.000600960359940513
50361101	0.000803100783653786
50364670	0.0129165876874829
50366570	0.000958082227345333
50367400	0.00349757269729295
50368120	0.0226113287467228
50374341	0.000868394069768785
50375861	0.000553728574971259
50376001	0.00539393804491134
50379280	0.00134073425487247
50379400	0.00147489238473364
50392230	0.00105068190320953
50392630	0.00207306139657522
50394331	0.00593222471646305
50400510	0.0277314993641577
50401911	0.0407033039986943
50408090	0.00474923521479732
50408401	0.00103246189336929
50411240	0.00165339244926825
50413750	0.00160218488032818
50413900	0.00125610772242957
50416790	0.000717372685735378
50419711	0.00837423473605643
50420671	0.000890569097816209
50422051	0.0317350476566043
50422160	0.00222524333295994
50422420	0.00424080320707993
50427291	0.000727837169246666
50428940	0.00169559325699663
50429791	0.00526180186688399
50433371	0.000999775023505349
50433921	0.000889945407329809
50436100	0.00192644324803175
50436421	0.00319543202320991
50438180	0.0155392502306018
50438420	0.000763022245136841
50439520	0.000719160250603177
50441651	0.000598567300835469
50442601	0.000501320082718249
50444421	0.00281343949125121
50445050	0.00294487703587389
50448251	0.00132293006393195
50449600	0.0015759501897444
50449860	0.00102809943459104
50451270	0.000615849130314647
50452620	0.000557247429971527
50452961	0.000561175317743776
50453651	0.00452289172280191
50458761	0.0005157714811601
50461210	0.00148136730717675
50462860	0.00472144064385584
50465791	0.000509892398657073
50465880	0.000577347910851303
50466761	0.00099834642680609
50467171	0.00146617829292408
50467841	0.00278719491395757
50471301	0.00241795779526306
50472240	0.00071968717477486
50472531	0.00358688898900439
50474410	0.000695013521273343
50476080	0.000604304740104755
50476520	0.0017252989444257
50478341	0.000689574997149495
50479711	0.0346419771333737
50480620	0.00257892949974248
50484941	0.0114827774674977
50488640	0.00289813464737606
50489310	0.000589073925236181
50490300	0.000839907042243526
50491110	0.000683841645288084
50492811	0.000799531972020971
50494850	0.000963972641962667
50494881	0.000701263284057753
50495120	0.00214573362086448
50499441	0.00135145159992938
50501631	0.000873877006217432
50502881	0.00064683466722301
50505040	0.0448396739066931
50516640	0.0757529335841299
50524510	0.0013337428341763
50525310	0.00343500302484629
50527260	0.00064569793793897
50527780	0.231478491181801
50530051	0.0018005903938436
50532121	0.000564784199894275
50534181	0.000574939608242147
50535950	0.0785703185777069
50535960	0.00895290449019205
50539810	0.00363590783656632
50543820	0.000576681813513269
50555810	0.00243585455591736
50556470	0.000628139971548667
50569990	0.000614659740056948
50578420	0.00262829195586574
50578670	0.000731854465632997
50583421	0.000922097329182836
50585330	0.0231400824920538
50586461	0.00172202252401934
50589361	0.000790385077350272
50589901	0.00667565249876052
50592920	0.000937155835968962
50592931	0.000621928102946379
50595950	0.0183905388856448
50601870	0.00190947359935306
50602171	0.0189963513997202
50603981	0.0185041842436975
50604401	0.00757926351664786
50607110	0.00212063025680233
50608740	0.000803507252797089
50611131	0.0135301757389281
50612460	0.176967846964068
50612531	0.00243454100522507
50613071	0.00256075139112428
50613170	0.000498115122119451
50613310	0.0698077519307783
50617481	0.000502842343431903
50618171	0.00116241816701555
50619650	0.000662049606666234
50622020	0.00432264275449152
50624350	0.00392534535939172
50626690	0.00217097266625209
50627541	0.00276546854381919
50632340	0.000670286841752065
50634410	0.00158223114617064
50634581	0.0287706269771112
50637891	0.000733763128695745
50639090	0.00637331234353465
50639790	0.00419531720374838
50642441	0.00064255812443419
50645590	0.000579143989396542
50646260	0.000596981243654155
50647151	0.00189223625892602
50648880	0.00148221272032749
50651250	0.000652963113431154
50652180	0.00206608950958656
50653970	0.000704897553830461
50654581	0.00074728659982922
50654700	0.000628741683459652
50654830	0.0063138376127676
50655401	0.00765010382006989
50655831	0.00805938822407815
50658810	0.000684667547626238
50660531	0.157644500884229
50663100	0.000705510558920578
50663790	0.000772062963254093
50664210	0.00487945030674337
50665050	0.000740162216203854
50665761	0.000489927281658646
50667240	0.000654030320366288
50667401	0.00108709936463638
50667630	0.00260892792853065
50668521	0.00500344169654816
50670140	0.00145734570896945
50671920	0.00269682671680866
50672391	0.000689449392525714
50673850	0.00136728149939011
50677170	0.0967294490690001
50678000	0.00887288776469191
50681150	0.000573879042904928
50684080	0.000772192707829811
50686560	0.0263244715499807
50690800	0.00817300278717306
50691961	0.00287115253317008
50694950	0.000755205627942833
50701980	0.000601220960726852
50705611	0.0223321237528944
50711411	0.00177824645267963
50714711	0.00559311061236776
50716460	0.00756574777835126
50722800	0.00156701724467294
50727520	0.00405727741964612
50748750	0.00366970660648416
50754530	0.0301410297482298
50755350	0.000609486663993018
50755811	0.000539070374149002
50759360	0.0570321393869583
50763360	0.000579457286409561
50764781	0.0156016460097864
50765970	0.00291523347351601
50767350	0.000553496934084875
50767541	0.00283152629872943
50768361	0.000826310955063481
50770120	0.00644899657463407
50770311	0.00148816266183628
50771930	0.000613708558991901
50775080	0.000880941000186026
50775401	0.000598954908776664
50775640	0.0005546502612912
50776771	0.00083351615724057
50777570	0.00300338286450433
50778021	0.000568647519623776
50778110	0.0020097024163087
50779100	0.000609676198298115
50779510	0.000799584799849395
50785341	0.0207338820290165
50786281	0.000605464585556217
50789481	0.000558079584517862
50790400	0.000839248395180892
50795521	0.0020706127565976
50796091	0.00158603879099054
50797700	0.000594635463781688
50797751	0.0260400777210309
50798240	0.000687971965551894
50798390	0.000725896385189746
50802380	0.00218852426500123
50806301	0.000865699363509695
50807750	0.0285149240814499
50809290	0.0111033536253972
50811620	0.000668978059994129
50813140	0.00046809886762534
50813720	0.00121442703408813
50817201	0.000870334254864913
50820081	0.001298144244728
50823360	0.00109966985364311
50823920	0.00432645029010666
50826390	0.000510469635901038
50827111	0.000948843006123484
50828470	0.000554130836627525
50832901	0.00167907740329692
50833061	0.000829092827785859
50838581	0.000650483450894507
50840071	0.0214780599353016
50841061	0.00434356662095804
50842161	0.0339881789215057
50843241	0.00756416111584142
50843391	0.000559373820480836
50844310	0.00874809212854831
50846001	0.000625262177811101
50850291	0.000672819616154834
50851811	0.00168824366132253
50852621	0.00205958171400255
50853061	0.00125326797988242
50854691	0.00064241731390644
50856341	0.00446117489286016
50859681	0.000679409086957882
50863880	0.00183242530980901
50864621	0.000592460796008698
50864911	0.00282238134522535
50869260	0.00106863465280502
50869871	0.00089836193171437
50872740	0.000669352462984833
50882680	0.234382459453205
50884020	0.0101673335317248
50887090	0.0014565419780335
50890650	0.00432456332917456
50891801	0.00121133237359923
50900710	0.000546391206505391
50900860	0.000519867400400303
50901160	0.0011043004134887
50901721	0.000699101920600779
50902540	0.00110547518011036
50908330	0.00360025660232224
50909550	0.000968705959752553
50909980	0.000900151144227871
50910360	0.00121599507104695
50910380	0.00257164606337786
50913010	0.000491441206799719
50918250	0.000541959741849195
50918660	0.00172010724083847
50920730	0.0012488673603402
50923921	0.000702533699666876
50924860	0.00249627855903789
50925010	0.00138682639986453
50925670	0.00104856489425801
50926380	0.00573636929568098
50929840	0.000573912977497594
50929861	0.000527690512223504
50932430	0.00905359077203308
50935770	0.000782050636799171
50936201	0.000710476023651298
50937700	0.00228144550647797
50938271	0.000979664261842232
50938421	0.00140449737177754
50941430	0.00074204185901315
50943101	0.00418940498980123
50943531	0.000640769883592521
50945150	0.00394912521432297
50945731	0.0238619299668844
50949031	0.000855644293094579
50950500	0.000992601685925683
50951060	0.00059762584839615
50953041	0.201045278745898
50954841	0.00823744699268382
50955511	0.00251310882048658
50956700	0.000621790822155316
50957560	0.00151569704823291
50958151	0.0220911063672513
50959610	0.00393321494417536
50960990	0.0494935898605998
50961150	0.00183181816967704
50961520	0.000968200875287183
50961711	0.0221351453283475
50963620	0.00165388702321795
50963630	0.00519401654251128
50964911	0.014615104263499
50965420	0.00072072785042528
50966411	0.0012444494071665
50966831	0.00180260468569305
50967651	0.000530976187860434
50967870	0.000620901098655268
50968160	0.0078348438819172
50970541	0.00134576055031737
50970821	0.0015334714399642
50971190	0.00264022984719587
50971600	0.000571542499444922
50971931	0.00417841747162326
50972730	0.000959401894163696
50974500	0.00322757319796374
50976881	0.000665476340936073
50977021	0.00132807451448865
50977871	0.00722872827443545
50979190	0.00385650121278409
50980280	0.000713306718287387
50982411	0.00183319475228092
50985581	0.000870229993007104
50986500	0.000562745846053901
50988211	0.00612628606651122
50989260	0.00110590579976594
50989660	0.000890272863242977
50991241	0.00228368675342689
50991450	0.000792641496444621
50995740	0.00160636666726924
50997390	0.000894357413968707
50998961	0.0129534511263277
51001041	0.000627014952923371
51007060	0.000698783845542914
51008440	0.00579074800201286
51008860	0.000668294024179514
51012420	0.000797240718566602
51014261	0.000913133179038643
51015070	0.000846663506251137
51017410	0.00113259618135801
51017571	0.0260457254350822
51021110	0.000595707089177977
51024690	0.00247750248737892
51026401	0.0518256949590909
51028020	0.00141319251905227
51029260	0.000701784489944206
51029520	0.00189581363396354
51029731	0.00124744903898019
51030121	0.00102413768807163
51032621	0.00081819907189681
51034360	0.0117428760504116
51034490	0.000763865558373714
51037410	0.00233243258889452
51038240	0.000567458224611836
51038660	0.000574815883900079
51041130	0.00086071862272242
51041650	0.00217532272797297
51041680	0.000791279323222646
51045721	0.000660185050358639
51046240	0.00577430060200908
51046490	0.0138184325984136
51047781	0.000688710743813407
51048170	0.00605350401119879
51048850	0.0295279625981038
51049851	0.000524301324607264
51051091	0.00152622037742258
51052700	0.000659822163090358
51053280	0.00158829310645487
51055590	0.00613172786590114
51055641	0.00082910469287138
51055900	0.000524147641641525
51057981	0.0070898208168231
51059651	0.00564912925855525
51060450	0.000605359741268209
51060751	0.00794875677758979
51062230	0.000630430017875236
51066070	0.0696026218359755
51067620	0.00130276144312538
51071320	0.00329043984572325
51071590	0.00059253362030714
51073421	0.00867087793813371
51074490	0.000758983115775593
51076041	0.000584898376377454
51077281	0.0253320622746682
51080150	0.00798670670414431
51080570	0.00751952031137382
51081140	0.00180507707402278
51082821	0.00442368612297744
51082890	0.0736340548539361
51083771	0.00107893583382312
51083911	0.00105233173727624
51085841	0.000474755405620867
51086681	0.00269318006192761
51090910	0.00110952548445944
51092010	0.00323465343884402
51093701	0.00730867184303213
51097561	0.00067116446334322
51098821	0.0194401741544982
51100690	0.0312283976309294
51102480	0.00124778675325414
51102531	0.00124565060688734
51103160	0.00304405995365583
51104550	0.00140487223968619
51105810	0.00229934300324376
51106780	0.000574144061425214
51107211	0.00519514778091467
51108160	0.000549468781848247
51108400	0.000703719345357648
51108700	0.000915099561354838
51109400	0.00868279657308063
51109581	0.00202873105041144
51109831	0.000564664926375383
51110951	0.0209168724768419
51112160	0.000601337562593201
51113390	0.000552373159453316
51115781	0.0248579851087927
51116720	0.00333523685215295
51117270	0.00341659767017278
51122480	0.00659477710367885
51125670	0.00348255793397525
51128160	0.00138126755343328
51128871	0.000583386924445541
51129141	0.00250605805609963
51132440	0.000579226022178902
51134230	0.00281420516851755
51134241	0.000632851886397777
51135351	0.000539526818427322
51136540	0.00060980863934918
51138480	0.000490874506933512
51143211	0.00187610331574078
51144690	0.0115129535654276
51146401	0.000884223039779933
51147221	0.00148265987915151
51150220	0.00130426483887718
51150261	0.00185872160752458
51150740	0.00127959735625396
51156440	0.000560981490647048
51157500	0.00318205170508335
51165141	0.172897454184647
51167081	0.0833374109810719
51168191	0.000785825722479812
51168471	0.00095156825278811
51173910	0.00759955283498308
51174750	0.000832190410018933
51174811	0.0255172475048781
51175580	0.00147633036145359
51175610	0.00210724568435619
51175720	0.0206461978162375
51175850	0.000783274721096086
51179320	0.000499968021069937
51180041	0.00216155391051581
51182600	0.00304413036420992
51185691	0.011394850237432
51186210	0.000931565274232508
51186251	0.000768385910864941
51187061	0.0111626904371536
51189561	0.000509401734894215
51189930	0.00366649467223448
51191071	0.00227033303328361
51195621	0.00153852387310539
51196280	0.00183997152916765
51196601	0.0247801535228638
51197971	0.00424576522845418
51199160	0.00521067853322354
51199990	0.000569771383939629
51203201	0.000682772162837727
51203290	0.00056152816782018
51204700	0.000546294636856259
51205151	0.00128448447185294
51210330	0.000605272079516523
51211190	0.0005276805614901
51211361	0.00916787311722595
51213260	0.000893905895645055
51213810	0.000670835825388745
51214241	0.000860434642398668
51214391	0.00343818504892015
51214941	0.00816176483893023
51221360	0.00148070715631343
51223460	0.000991997069332927
51223751	0.000597533867123639
51223990	0.00289003210225259
51225971	0.00307695575036243
51229260	0.00052865554710974
51229981	0.00065473274552376
51230210	0.000652643502810911
51230251	0.106677931579269
51231160	0.00074031786576727
51232140	0.00374630474993714
51232420	0.00336396724223464
51235440	0.0236623413948262
51238671	0.000620247564614529
51239310	0.00178134571020967
51240581	0.00187239024631583
51241151	0.00205962008014855
51241421	0.0175799073448731
51244420	0.00102777178103583
51245920	0.00671819627500887
51249951	0.00285771337534557
51249961	0.18855219981903
51258730	0.00913184159379938
51259201	0.0202100679589731
51261701	0.00368186207807618
51263180	0.00397734370665544
51266450	0.000515810126971508
51269370	0.000811116472398538
51270050	0.00226502517168766
51273790	0.0048785124061453
51274340	0.00292504086427204
51275481	0.000834995990976563
51276950	0.268475055828844
51276970	0.000794856796410789
51279140	0.00174800914209255
51280560	0.000568090382603901
51285630	0.00983519244804292
51286231	0.000725967033023241
51286880	0.000539535865082858
51289971	0.000520597038992739
51293360	0.00548908051009136
51296031	0.00693281609004224
51296240	0.000659649064536585
51297110	0.00668748762274516
51301001	0.000654456961333967
51303290	0.000837483139070096
51303990	0.00157780649924564
51306190	0.00115724796401632
51309551	0.00507487273096066
51310480	0.000638154373940327
51311611	0.00551270386579354
51312711	0.00053205138088576
51313131	0.000742075175379273
51315280	0.00135176411477702
51316711	0.00130930715760507
51317240	0.00148625232969484
51317660	0.000766665050240683
51318641	0.00202266222954893
51318870	0.0112379117036452
51319160	0.0105808082220787
51319191	0.00539967872387529
51324140	0.00137731781414743
51324550	0.00361220405218653
51325070	0.00424477631945675
51326180	0.00511618822763763
51329391	0.00247327488354561
51335871	0.00051129134582947
51338750	0.000488312150677936
51339840	0.000859632456482091
51340810	0.000794293960884097
51343341	0.000907441858942436
51343440	0.000841199689349623
51343751	0.00127262198250221
51344161	0.00533988274011506
51346460	0.00732667394497812
51346521	0.00698059125524764
51348660	0.000802676813601273
51349500	0.00098971792253795
51350511	0.000781323612625925
51356711	0.0396732756875461
51357360	0.00441709544583155
51357541	0.000744199456448531
51357551	0.000749769800092058
51358190	0.0413309387587544
51369551	0.109197032196828
51369610	0.0744192352673444
51370911	0.0385171543316693
51373640	0.00138438086953508
51378491	0.00121275766161191
51380670	0.00454759039080304
51380701	0.000595945222803914
51382180	0.000615054919980738
51384151	0.003940414213296
51384540	0.000774280485952324
51392950	0.0372093851049908
51398040	0.00225606866199328
51399181	0.00863403919125708
51399290	0.00170077527124371
51401210	0.000586723596891418
51401780	0.00231668031396099
51402351	0.00132180572424394
51403820	0.000538980328228578
51406491	0.00129358060115578
51410081	0.00101742778454264
51410580	0.000916725545695972
51411471	0.00428108697871979
51414491	0.00158210871630975
51418050	0.000542279147695195
51418351	0.00246140781389406
51419700	0.000568220385540826
51420120	0.00201555827128183
51421920	0.00146617550557582
51422781	0.0060683786808925
51424520	0.00128940428829538
51426911	0.000929005467357334
51427601	0.00203191692308017
51430641	0.00264227099724374
51431201	0.000986374166357513
51432141	0.00128497591161045
51436400	0.000965391796038291
51436670	0.000630898556004974
51438160	0.00526979324406389
51438740	0.00303222242749351
51442491	0.00129968363693043
51442730	0.0113459540978809
51442870	0.13804601338095
51445360	0.00153374292342066
51449210	0.00108417619573062
51449470	0.00305814860379033
51451980	0.00357215130684272
51453210	0.00347283009905597
51455020	0.0670102700565378
51455041	0.00924334006587512
51456431	0.000524739146423503
51459810	0.00555463150376739
51460250	0.000567563384209342
51460370	0.000504910303317706
51462730	0.00300876433753621
51462921	0.00153317242132784
51463540	0.0118951013270546
51466351	0.0201413065846722
51471051	0.0237485773859691
51478751	0.0183025579614837
51480510	0.0123788575544444
51502730	0.00195985480798383
51512691	0.00106637798215112
51515721	0.00201818126916149
51516630	0.00087664149209979
51517210	0.00110953913668484
51518860	0.000599543980459641
51519830	0.000908374172295613
51520500	0.00249723477050431
51521870	0.0444161534486129
51522631	0.00488054994236597
51524011	0.00285341716105588
51524910	0.00605233711694919
51526570	0.000887584471343401
51540561	0.0075760858401466
51543041	0.0253201137961438
51547711	0.000740031058628561
51561760	0.00339188688196164
51570351	0.00461914608545121
51570440	0.0011334398344615
51570611	0.261514802504026
51570710	0.0654964745364276
51571861	0.000997095086000748
51573801	0.000774988998721227
51574730	0.000568385073425011
51575810	0.000788210326296076
51575830	0.00111028551019193
51576411	0.0016414792805012
51578710	0.00167519706365534
51581521	0.00231008167726796
51582211	0.000622445678338997
51582850	0.000703945752820847
51586430	0.000975160490224858
51587970	0.00138190650791446
51589521	0.000779791226705122
51590730	0.000599051695753955
51592800	0.00132396358161152
51593070	0.00419606613441557
51595270	0.00185979973885512
51599010	0.00775648639176825
51599731	0.00113649027793124
51599820	0.000690601780568918
51600510	0.000626688629131126
51601200	0.000613166635715762
51602850	0.000666742103303644
51603021	0.0146865317202138
51606860	0.000531904553137126
51608480	0.000589541076103713
51608531	0.000584789871854684
51609210	0.226909571017262
51609641	0.0026221051606806
51610160	0.00254197639556326
51613791	0.0045229750766962
51616080	0.000530207879241868
51621231	0.000748938747515715
51623390	0.000563029114802933
51625070	0.00219647780202011
51625381	0.00461962171296913
51628271	0.000554498694511676
51628900	0.0032852594575627
51630051	0.00157089447204263
51631701	0.162260366052757
51633190	0.000702615332680082
51634741	0.00154709709608491
51634751	0.000576760016560956
51635161	0.000590427722406312
51635820	0.00221696004906427
51636380	0.000806699045747355
51637740	0.000585974153610601
51637771	0.00109693869994114
51640370	0.000527961163617163
51640391	0.0049333315196404
51643520	0.00311587753285395
51647291	0.00105395894529288
51647400	0.00288479609225585
51649330	0.00915454864321813
51651011	0.00137100373190407
51652500	0.000517642371621729
51652811	0.000562391794380765
51654030	0.00106296793297796
51654191	0.0030198875766323
51655311	0.00229097200087182
51657190	0.0041231684150678
51657620	0.00117136386305344
51658310	0.00420269116224514
51658420	0.000841578315647137
51661511	0.00101991872541815
51663530	0.00287258886585098
51663701	0.00158905334840739
51664510	0.0102113972779325
51665190	0.0279726220719711
51669040	0.010727362784283
51669491	0.00389311567547168
51669641	0.00105108321969008
51670270	0.00425780524241519
51672240	0.001848416038148
51675841	0.0017262591144837
51676080	0.000722122947672244
51681170	0.00080830925325069
51681180	0.000468155817188029
51681310	0.000514326680864524
51683920	0.000578648419653784
51684090	0.00108259011780491
51686140	0.000952774609138018
51690560	0.000932382471818962
51690980	0.00113145034234689
51692360	0.000789498490187917
51698311	0.0151256521664937
51698710	0.000609121693209587
51698720	0.011386385875379
51700080	0.00171239843322577
51702201	0.000603918181300977
51702410	0.000903800173931058
51702680	0.0100256600004437
51704251	0.00167175426253034
51704750	0.000837452672869474
51711410	0.0219080840957022
51713351	0.00332556802621267
51719670	0.00478412515177656
51720661	0.000589266016376507
51728890	0.00278997552254893
51732350	0.00114152254478712
51733450	0.000716019313912452
51742140	0.00284360269831565
51747691	0.00266162803140279
51754530	0.00126565668971115
51783520	0.025610240188504
51785600	0.000660214290030434
51791571	0.00338243881732781
51792480	0.00131855781321678
51795220	0.000579597788147695
51795271	0.000509614422901666
51797010	0.000553068797053433
51821190	0.00118091266642298
51821420	0.00114222815882826
51823541	0.00176541227586813
51825160	0.00123656691705997
51825280	0.000760879224825628
51825361	0.000671719744412882
51828231	0.00129388108506328
51830861	0.00308324736493093
51832511	0.000738208939640907
51834260	0.00182022951298987
51834800	0.000642548280388974
51841491	0.247531460742776
51849710	0.00647385163260996
51853211	0.0023188360224591
51855500	0.00554430480722434
51855971	0.00344842929925379
51856600	0.00250790390599657
51856630	0.000834882316489923
51857040	0.00318093157361768
51858291	0.000899610035210828
51860040	0.0228857032677815
51862581	0.00059958848749441
51863910	0.00276995996434403
51864340	0.000733951839905359
51865351	0.000518456692365094
51870140	0.00448980314600443
51871240	0.0155462753157004
51877170	0.0080758432768275
51880941	0.00102734804684297
51881970	0.00402153682239596
51884050	0.01323016871551
51886841	0.000679230245965982
51889761	0.00060330610893999
51890390	0.0929896833473856
51891630	0.00145645534631603
51896361	0.0018512974099004
51896600	0.00872774624110478
51898100	0.00169118337057629
51898540	0.000782054913326941
51901030	0.000733217403339061
51901730	0.000588751142983934
51902420	0.000699243477748633
51903070	0.0233627044779045
51907541	0.000565536843453452
51908480	0.00146614016451509
51909051	0.00549265546943069
51912460	0.00403816353806852
51912900	0.000574783675823048
51916600	0.00143525019772077
51917211	0.00732789988474631
51920050	0.00439633864214106
51928231	0.0154038148005742
51931251	0.000673831390462404
51932491	0.00125303264362079
51932890	0.000593404785116237
51934930	0.00065854478667691
51934970	0.00056261305644755
51935900	0.00066082953816391
51936651	0.000596311213610603
51936890	0.00786486352672918
51938581	0.000684022167820445
51940091	0.000806524193615807
51940221	0.000858007113708806
51941560	0.00885320731697715
51942421	0.0045490321406787
51945410	0.00113210148798199
51946000	0.00182542622478589
51946031	0.00377960831412813
51946721	0.000744786784694759
51949751	0.00125347499313763
51951480	0.00109220177388435
51955070	0.00238095072795862
51959890	0.00070272753541479
51965700	0.0493382326821035
51967941	0.00798624247962868
51970861	0.00258210372343307
51974841	0.00127055634198205
51976091	0.0354098862145067
51976101	0.000908300714979806
51976590	0.000618356611871371
51977181	0.00117364243740943
51978711	0.000613340144864456
51984081	0.00125359095405082
51988351	0.000508279553513191
51990650	0.00767278162802151
51991521	0.000989420704948166
51991931	0.00060125515025435
51992361	0.000663897460516081
51998151	0.00486514158030127
52006691	0.0267614935151977
52013810	0.00108279954773665
52014780	0.00221215573678895
52016221	0.000653826449626447
52028501	0.0198325397627416
52037140	0.000889981562907902
52043210	0.0481796807799539
52045871	0.000669365208783093
52053171	0.00248800934682482
52059920	0.0116511618482941
52060891	0.0023874043183224
52065451	0.00209302737509407
52065881	0.000580732204440221
52076901	0.367352157184344
52079101	0.00101700838503162
52079371	0.702649478346285
52081260	0.00276242104759123
52096030	0.000853264700595452
52096300	0.000674821030179438
52103220	0.00192096902945002
52103500	0.000795200015579272
52105171	0.00138749074019549
52106961	0.000494908174781147
52109120	0.00194471734368758
52111231	0.000649044706926164
52112481	0.00125807140334599
52116150	0.000942954379582568
52116160	0.000573023588971657
52117290	0.00417249909402701
52117451	0.000919560973445774
52117560	0.00261690399412448
52120420	0.000664523445253114
52125301	0.00649497671472993
52128751	0.000924161216419681
52131220	0.000726055072625025
52131350	0.00138963406812993
52131381	0.000977502766733124
52132700	0.000505900447017394
52136201	0.000745028441801236
52136970	0.000519451099111804
52136990	0.000616051059641909
52137010	0.000656313102885922
52140071	0.014912728065783
52140440	0.0209554649231495
52143750	0.000570097275631191
52144560	0.00118748060700255
52148071	0.000778672834607179
52148901	0.0011064534293293
52150370	0.000526595075461174
52150411	0.000866624890246363
52150421	0.000564329421676058
52152160	0.00148183560191327
52153451	0.00169165084915687
52153820	0.000605371971166082
52155740	0.000566485339041249
52155921	0.00178323510275439
52159661	0.00885529663526363
52161520	0.000658617973977013
52167180	0.00572859096204507
52168730	0.00189460203014722
52170531	0.000629747856868962
52172970	0.000776842475600828
52174250	0.00597222263518736
52175750	0.00094267712946814
52185400	0.000901379707109027
52186001	0.00264659870313754
52187630	0.00123276781785739
52187750	0.00874319240129814
52187791	0.00359485836751284
52189810	0.00199928979711089
52190001	0.00279513077386912
52193581	0.00787360198048829
52195221	0.00187056592514006
52197420	0.0109549528747778
52197431	0.000903173126590003
52198790	0.0014512572139199
52201120	0.000645788846900657
52203501	0.00822319261456749
52204891	0.000915756568605784
52205400	0.0149129460126923
52206240	0.00762074110535965
52206370	0.117415132628365
52207771	0.00067094738208056
52215781	0.00493904232358231
52218890	0.000607454875856599
52219060	0.000557208891214519
52219231	0.0137499993713857
52220201	0.000897355838460451
52223381	0.00179490288572013
52223911	0.000540535206609857
52226230	0.000515989467301092
52227381	0.00265680046434268
52228481	0.000600409081719586
52231180	0.0026079888979329
52231491	0.00697046080509092
52233431	0.00916387004659995
52233950	0.00170157443387084
52234251	0.00380185897246432
52236450	0.000551775422732696
52236710	0.000545480923394437
52236720	0.00126833185289356
52240850	0.000697548330424509
52241021	0.00228088354994006
52242360	0.000905857366754424
52245530	0.00400435775505501
52246500	0.00361949724901233
52247580	0.00347901034294169
52249971	0.0505351203003648
52250500	0.112575161212698
52251211	0.000564294324786751
52255990	0.000541530332557315
52256041	0.0485854692044524
52258551	0.00169441800182482
52259211	0.00151810628379068
52259221	0.000843370179637113
52263460	0.00318065947785452
52263771	0.00304022486670105
52265031	0.0005021719239711
52269991	0.00261542558559287
52270401	0.000930446640126431
52272481	0.000698338314058044
52273001	0.000689367146783715
52274510	0.00073901867855431
52275850	0.000572942998283636
52276140	0.00737197234176363
52278531	0.000951493283312711
52287890	0.00082214402572308
52288680	0.00122807254510459
52301960	0.000789674544906544
52303371	0.00107818837785821
52305110	0.000680125907208064
52310381	0.00157726753008855
52310610	0.0011559844005595
52317500	0.00371842534269467
52318780	0.00111822222318044
52319850	0.000568224890341027
52319921	0.000691967094760507
52325291	0.00138832570416765
52325540	0.00434435725142987
52326490	0.00329256457966851
52328560	0.00258308570254498
52329540	0.024871225042232
52330220	0.000515326305665245
52331590	0.00156700322309369
52331990	0.000649820157446287
52335300	0.000722061416586177
52336540	0.075753145637771
52337691	0.00202112439723305
52338470	0.00889332135931037
52341821	0.00075233216753646
52342910	0.00229552132356049
52349431	0.057715892839488
52364530	0.000679408681358112
52368120	0.00172294000336847
52372140	0.000666230282151851
52374600	0.000697242701644714
52378801	0.000866133938022179
52382760	0.00840793258168353
52390050	0.015323848240127
52390070	0.000906873502783809
52390460	0.000668678940531523
52403850	0.000979126237907873
52404670	0.00516600488656966
52408140	0.0170165600369373
52408660	0.000651695487827307
52412140	0.00303464224266356
52413141	0.00508177415270321
52414480	0.00612530838915091
52416861	0.00428750105631948
52421281	0.00492847932438196
52424980	0.0021021649530227
52443870	0.00180368019028644
52446641	0.00187478463008376
52449681	0.00321993016939624
52449971	0.00603751035923767
52452660	0.0519718144933208
52460311	0.000620250491039959
52473671	0.128497887816124
52474101	0.00413104639055744
52479741	0.057087362632021
52482590	0.000624385363516263
52483461	0.000737082893307403
52485790	0.00513754450252011
52487881	0.0118909422145987
52488270	0.000999144811506999
52493531	0.000611871895822572
52496171	0.00404800578806837
52498330	0.000758999933692521
52501650	0.000954463697331548
52502101	0.00213661402492247
52503611	0.00054408380469887
52503730	0.0012103514332597
52504120	0.000908372487609613
52508950	0.000538512022422762
52514600	0.000690237414792097
52514760	0.000749150355698999
52518911	0.000547453175449438
52519560	0.0206968172582265
52524380	0.0615144190321401
52526450	0.00625265526819787
52527850	0.00064333260932602
52528711	0.00156041715529849
52533271	0.000645317063707396
52533350	0.000906435170133899
52533930	0.0616591912993048
52539061	0.00163272193853309
52540441	0.000651798511452133
52544240	0.00858090131261001
52544581	0.0287401418981121
52551710	0.000910726217184863
52554231	0.00244032410928569
52556270	0.0080713655041405
52558030	0.00645832989414349
52559751	0.00239092602660873
52562221	0.00434352521974415
52562351	0.00127545466136105
52572301	0.253290194960896
52576540	0.000956769464935487
52579400	0.0177496987546824
52579410	0.000861649373498485
52579871	0.00191502586939725
52580650	0.000582689924095049
52581661	0.000714660100311856
52586180	0.000886302525918658
52587731	0.00172056813934409
52588380	0.000481055590678875
52589070	0.00242519999659122
52590901	0.0162504523563101
52593531	0.00165332510733293
52597521	0.000638560473933709
52599680	0.00178020641679053
52599840	0.000747426079379995
52602310	0.00555776757469323
52605370	0.00583501809096081
52613190	0.000784566486316082
52617541	0.000750212622487963
52620110	0.00144682768121191
52621050	0.0019909441967449
52622641	0.0109513303141695
52622860	0.0043062701461061
52623260	0.00633358670365033
52623430	0.00062242437113439
52624950	0.000557953136208426
52626160	0.00123985690973976
52627471	0.000560647157727836
52628380	0.00332318666036657
52628411	0.000585759547842156
52628930	0.0190031631080076
52630641	0.000591375096288763
52631120	0.00208834824222667
52632100	0.000681294204929197
52633910	0.000538509272833957
52636120	0.00538058970444376
52642211	0.469843055468698
52648821	0.136499398224313
52654740	0.000568458111062088
52657750	0.161551663932006
52659840	0.00229523427294483
52660701	0.0010010648198912
52664650	0.000568260228592221
52665760	0.00142443267260301
52667270	0.00367507040324359
52669381	0.023431657977438
52670481	0.000574046889961154
52671140	0.0189913001727991
52672011	0.00302579474603478
52674980	0.00164026330673139
52675290	0.00280304361058894
52676841	0.0150566990210754
52677251	0.00114259931093633
52687570	0.00054994332271397
52694160	0.00163672821065686
52700230	0.00246512712642916
52700910	0.00155184977953471
52701210	0.000509948950455174
52703680	0.0171602230324237
52707400	0.00332788674331561
52711530	0.0032625405327693
52723700	0.0201285649067996
52733740	0.000904233873099179
52749210	0.00131392333788048
52754881	0.00649856030442684
52756930	0.00120997089569396
52763591	0.000708505579258536
52766180	0.0130272440100936
52781750	0.00331688618418611
52782990	0.00535286579501128
52785450	0.00222638806143201
52787041	0.000565498362369566
52788281	0.0366390339434927
52789221	0.00211249881155489
52793760	0.00196747625805647
52796691	0.000630781033668911
52797720	0.0158376614615296
52800650	0.000562987310572628
52802040	0.00111390723610894
52812510	0.000928701771453569
52812961	0.014370095760602
52819830	0.00947227252732531
52820541	0.0284124791835797
52824391	0.0116064674849141
52826550	0.00330587106543363
52826970	0.000626636599386924
52827000	0.0136550542626608
52827790	0.0179439892038242
52829651	0.000594620346547014
52830580	0.000488007409424895
52831000	0.00104985979141093
52835711	0.00293162400611154
52841030	0.000950666084819014
52844750	0.338658307536127
52846061	0.0033587730315104
52852910	0.00115026820683244
52855120	0.000722936892980521
52855790	0.000691328176403616
52857340	0.0031369318649927
52858420	0.00402054767210259
52862341	0.0005664194419671
52865050	0.00058446765976275
52872961	0.000689641084696835
52876340	0.000781549907852906
52877590	0.000823421929425586
52879090	0.00119020766270647
52881621	0.0612904863280226
52882611	0.000510097935408838
52883370	0.014153435159198
52886290	0.0016033273118005
52886440	0.00379885386497886
52887670	0.00678419212745065
52890830	0.00169570283281556
52892650	0.00152723709179126
52893361	0.0581563386498777
52893590	0.097531329251234
52893710	0.00812073802597647
52893901	0.0023729788327154
52895520	0.000537923938095579
52900811	0.00234285940159833
52905020	0.00308562701156573
52905200	0.00748219287475261
52907711	0.000756379478042311
52914970	0.000749194346194458
52919530	0.111333308420302
52921921	0.000561010766833326
52923701	0.000947137707584377
52927411	0.000989938903165381
52927841	0.000695547960183973
52928910	0.00158031182936325
52929980	0.00229192589152027
52937880	0.000845459367446357
52942290	0.00069333317379259
52947971	0.0299579041820333
52951291	0.000587781251253093
52953351	0.0222689531741756
52953470	0.00132704167095201
52955001	0.00173626949827549
52955360	0.106567985339259
52955691	0.00448861080976349
52956350	0.0152286466380023
52958051	0.00520864417022316
52958560	0.00162178915458957
52959950	0.00365827139709386
52961310	0.000848608121074472
52966311	0.00156016975095444
52968910	0.00254244149329298
52976101	0.000975726858298724
52981150	0.000727816705732282
52982390	0.229776308045961
52987281	0.00197877824823884
52988750	0.000863605267655731
52990260	0.0554487330649661
52992251	0.00177628131835867
52992371	0.00206510710980518
52999541	0.000614063107068226
53000641	0.000566740901671099
53001600	0.000713407603189483
53004231	0.00196857690219255
53006820	0.00266660495953359
53010800	0.000897042596974701
53011650	0.0266571876622782
53013990	0.00159892793686721
53016880	0.0021408543329399
53019940	0.00175965999851985
53021881	0.0129741683828335
53021901	0.00390159121750122
53028770	0.000857222089842376
53037140	0.00213335826667492
53044921	0.00693961353165221
53066400	0.000842954407026964
53067001	0.00060730076799987
53067090	0.0543495954441551
53074011	0.00658487785187258
53075770	0.00126221029905426
53076511	0.00199468383509975
53077830	0.00826942386993745
53079261	0.341199996013755
53079971	0.0471575549690143
53081051	0.00141364634231468
53081611	0.00355346440714265
53096070	0.000616642836895742
53096870	0.00177163238394201
53105061	0.00189877415602495
53116330	0.00358030394145063
53124440	0.000869881385217505
53125741	0.0229342502825577
53127240	0.000911093890386998
53128211	0.000622042764027747
53131210	0.00151888141012506
53132781	0.00105889779434662
53133181	0.0049150006323366
53133751	0.00513868683127219
53135080	0.000576609142586695
53135090	0.00200725567918464
53136720	0.000660542111304414
53138390	0.0895519042187783
53138520	0.0148177174372352
53139060	0.00354868500881621
53139070	0.000975204923106447
53140870	0.000620986230656034
53144740	0.00224804473883243
53145160	0.000669199857741191
53145461	0.000717310267696431
53145960	0.000650634288924137
53146410	0.00183922160822095
53146701	0.000748987683873375
53148231	0.00245888369691494
53148901	0.279892970992524
53152491	0.00139897074601693
53152720	0.00098279730855505
53155671	0.00216905882478043
53157550	0.000520346735896742
53158130	0.080449390370853
53159060	0.00221146186681644
53160200	0.000618672959210205
53162291	0.00160269238911857
53163080	0.00200398161853062
53163900	0.00164418501358962
53164371	0.0005419267303816
53165410	0.00074903562281773
53165550	0.00185972487411258
53165611	0.00136351251344244
53165741	0.00184074894849176
53167230	0.0130038173815929
53167261	0.00102718684703292
53167941	0.00125726376048644
53169181	0.0109426058463421
53170390	0.00470983264554627
53173140	0.00150754184742724
53175261	0.351778238513927
53176300	0.000573547118688086
53176440	0.000581398293405464
53176470	0.000560142249143947
53176610	0.000536766700908892
53179750	0.00391292546399044
53180020	0.00289713155345196
53181311	0.00539307957379136
53181731	0.000829844612437512
53182780	0.00967794823163083
53183340	0.00407073018534628
53185010	0.0148510834701788
53187470	0.000645278104837652
53188330	0.00777300452301037
53189171	0.00172686511088179
53190691	0.000592348518358031
53190851	0.0140423989559469
53191101	0.000702396606077896
53191640	0.000586251451962211
53191740	0.00336863714954246
53193420	0.00573556290837147
53198991	0.0273268362194718
53199791	0.000669255063880214
53200310	0.000747579132019523
53201140	0.000818917648310653
53201741	0.000704416758434852
53206640	0.00318280390765146
53206701	0.00347318657238729
53206800	0.000644196598260651
53207391	0.0876549143043352
53208050	0.000610583933385059
53208091	0.0112685028453595
53209181	0.000528935357614013
53209420	0.00182475744034763
53212980	0.0009824402647409
53215541	0.0169188875672985
53215610	0.0468610830430981
53215661	0.00178528625760678
53216710	0.00367379417229985
53220751	0.000799214488849758
53221171	0.00590389704661014
53222360	0.000616324653229626
53224310	0.000531615118613858
53225980	0.204840000385589
53228771	0.0719811496429375
53229680	0.00108478600697588
53230940	0.00461273464952259
53236891	0.00168727754652127
53237881	0.000882413784232921
53238920	0.000624463324594152
53239460	0.00949309450707386
53240190	0.00249099646408993
53244860	0.000599099048958405
53246001	0.00139842475006425
53250910	0.0147126343717384
53252351	0.000595341605653581
53253191	0.00190877599399083
53253250	0.000527500915908425
53253680	0.0007016652923722
53258370	0.000904901436384343
53258390	0.00110846739099335
53261010	0.00246394171153199
53261150	0.000970438354921933
53263251	0.00151137433229777
53266551	0.000688666811913812
53267121	0.000904743713000241
53269560	0.00414495376286782
53276071	0.00281006829573327
53278821	0.000658832620404108
53282780	0.00130136360666726
53283190	0.00185782738216031
53287200	0.00265227449563114
53288970	0.00132220247271005
53289260	0.00245644088032944
53291210	0.00821516937942207
53291490	0.000772917157021501
53293280	0.00789676592438372
53295080	0.00107011619212946
53295210	0.000587221945717947
53296030	0.47129906327524
53296061	0.00247018607650459
53296430	0.00121052059036205
53297410	0.00354975176062812
53300040	0.00118927809157947
53300191	0.0171104438215071
53300300	0.000826497394103069
53301110	0.00375030387575011
53302530	0.00101513163794527
53302640	0.0834704728704915
53304481	0.00165422995097068
53305041	0.00361421733319073
53309861	0.0183593434802356
53312280	0.00880986191000544
53318261	0.00953466199338822
53318551	0.00160359799780801
53318561	0.000537129771016326
53322530	0.000671544735753041
53324170	0.046872973664275
53324180	0.00260320879168132
53324560	0.0416775101646488
53325031	0.00114550028982957
53325851	0.00358262416895347
53327391	0.00213183452414039
53330271	0.000811881212146753
53332830	0.149166926195307
53337120	0.000677493006398424
53340000	0.000773697378274369
53340870	0.00261367579800109
53341451	0.00772283288508136
53345110	0.00682864953090636
53346551	0.000860436435488116
53351490	0.00244648608769319
53351900	0.000584445217624917
53357711	0.000629988366062337
53357981	0.000975381449357431
53358240	0.000559537942824574
53362640	0.000755342756829214
53365670	0.000499858431729053
53368891	0.00193695025788621
53370220	0.0215198964944335
53370630	0.0188954586235094
53371361	0.000571705640641701
53371600	0.000613009011819266
53371781	0.000766403877375532
53383911	0.149631160270659
53386551	0.000649159276155253
53386681	0.000699515223878238
53390961	0.050661018682065
53391210	0.00367230934687965
53397571	0.00691177861945579
53398131	0.000608086035586643
53399511	0.0023081546500469
53401311	0.00162154907461448
53401510	0.00424620987064773
53403221	0.00284851804618428
53403791	0.00178036467158142
53405810	0.000829553273972336
53408130	0.113833008993765
53409670	0.000963372709012077
53410230	0.0207466676647132
53410240	0.343257495101196
53411760	0.000559379510882377
53411990	0.00110906178510494
53412310	0.0159544987091582
53414541	0.000547779681599957
53416690	0.0347603268802383
53417670	0.00146712739950387
53417960	0.0360139392132888
53419890	0.00761502262609859
53420420	0.0168396539331614
53422920	0.00505046724343881
53423921	0.00571430581012687
53424170	0.00177409186710469
53424680	0.00834624262936509
53425250	0.000785780513399059
53426401	0.00117653760108109
53426470	0.00303482242944259
53430620	0.000952604006773208
53434401	0.000618387410197269
53435880	0.000615029540696591
53436871	0.00296236657803801
53439860	0.00064634934716012
53440300	0.00748785444641392
53442480	0.000965267697209116
53445260	0.000879124796757936
53449851	0.0102508314826683
53451160	0.000633077611636462
53451860	0.0036477278942091
53453250	0.00280086413578839
53455651	0.0106586390832459
53455911	0.0322828440879903
53456150	0.000671134571091456
53457820	0.0134494320886358
53461991	0.00151515995806795
53463190	0.000670643836433471
53473411	0.0261124375891051
53476031	0.0233210555307457
53477640	0.00864332582954284
53479330	0.000567267986479714
53480580	0.027468360527918
53481831	0.000698931482414757
53485981	0.0161500806874963
53487491	0.0630966991651799
53490480	0.000586351450262261
53492160	0.00226321390268891
53492680	0.0014512077030108
53501250	0.000799925229699198
53501530	0.00489520615509429
53503170	0.00464111091218204
53504840	0.160753675632355
53506340	0.00248311134370502
53509380	0.00366039532281455
53509500	0.00102904652751068
53510070	0.00121426275237831
53514610	0.00664550665260758
53525971	0.0409922380947599
53526220	0.00288911282301225
53531700	0.00312104799122634
53538740	0.0388157990552964
53539201	0.000896420970370105
53539720	0.000592933693216705
53541390	0.000552807034583379
53542620	0.00434997012812558
53543501	0.000920396897357135
53545971	0.00348934269294388
53546500	0.000602147371950598
53551730	0.0200024446231196
53552741	0.00293575947492059
53556410	0.00408617898716343
53561220	0.000895376807542286
53569390	0.000794649521960843
53571420	0.00116453979707419
53572000	0.00118726511860567
53575300	0.000571158967537545
53577230	0.00142501291048532
53577660	0.0159126644412292
53580571	0.0105766272108312
53584680	0.000918079799632964
53588031	0.00170397198183591
53588140	0.00922279001521669
53590040	0.00252174796713986
53591751	0.00107617852699242
53592110	0.00101761811494962
53592810	0.00125050512100766
53595320	0.0011861867265965
53598350	0.00187887107072998
53598490	0.000894524326122809
53598600	0.00320987486334379
53600280	0.00735455702984421
53601811	0.000649487570704679
53604000	0.0107186169704255
53605131	0.00123393014276836
53605770	0.000788794330980171
53608130	0.000738165169151485
53611170	0.0208957818456919
53614310	0.00647237938666372
53617920	0.00201509323620166
53619611	0.0013892133355433
53619751	0.000573477946367108
53622221	0.205855516494584
53622330	0.0197776551859487
53626340	0.000885299781456175
53626480	0.000842058965239279
53626911	0.00538414476808864
53627870	0.00310677454749971
53628311	0.00428172605661248
53631201	0.00155129552482073
53631840	0.0062755838488702
53632560	0.00224397804794583
53634511	0.000716602718732923
53637230	0.0024522509707189
53639020	0.0133869369326453
53639491	0.00210218163138321
53640540	0.0253443293748886
53640820	0.00070545330758097
53642480	0.000927393954832402
53642880	0.0118003552551168
53644380	0.0106223303512908
53644930	0.217358763920687
53646101	0.00319289182562697
53648660	0.0306986334316572
53649110	0.000713636343390409
53650320	0.000540754061503703
53651830	0.000800089522794064
53660660	0.00107921568859587
53664851	0.000549336287643386
53665510	0.000663599365036472
53666760	0.00313946354429159
53668940	0.0032809916071145
53668950	0.00186612972055417
53669620	0.000526311741644915
53671150	0.00378694000692617
53672161	0.00531466052989831
53672800	0.00216889153306617
53673811	0.196549379142072
53674050	0.00318759108643673
53675830	0.00382399731941838
53681001	0.0029285856921777
53681790	0.125283331541512
53685220	0.00104887820115189
53685360	0.00852742446667239
53688561	0.00100243210229122
53689401	0.000866729159060502
53693821	0.00776152448948412
53706450	0.000757243729068737
53717090	0.000787566389078648
53719840	0.000535338204693726
53732780	0.00575824762163353
53735140	0.11341648064547
53741220	0.000534996188010046
53750371	0.000774195203316651
53752011	0.00126762189944304
53752141	0.000841110219327122
53754641	0.000588722597614934
53755731	0.000936664783864834
53756370	0.00590566401820592
53756640	0.010171560925442
53758641	0.000973195528839673
53760810	0.00667331983237638
53762641	0.174432103762876
53765470	0.000824792249499929
53765490	0.000630698194911682
53767321	0.026594425151233
53768120	0.000543592735095184
53769821	0.000697265573827862
53770440	0.00064185722047237
53777801	0.00874993899064726
53777811	0.00146503857421833
53778440	0.0423230913923568
53781391	0.00279466108138313
53784161	0.00369997835937856
53786491	0.000544255789193421
53789470	0.00719259566465642
53791400	0.000907734220969422
53794720	0.000813340741704312
53795440	0.00237192626223285
53796271	0.00498069546379463
53799471	0.0011963444821111
53801770	0.00725304401313572
53802060	0.0372493018331831
53802641	0.000860808946874559
53803171	0.000663361193993143
53803861	0.00167657559901854
53810361	0.00247838015517165
53813760	0.00198706822131531
53817910	0.000560426375069184
53819280	0.00534529635843008
53821121	0.0823259239819454
53825900	0.0762966215765743
53827810	0.000818414439822193
53830190	0.291312817842477
53830320	0.00105580950982766
53831710	0.00256469689038095
53831810	0.00111009383968948
53831881	0.000653181098082752
53832431	0.000785216616887008
53834771	0.000623496531418058
53835550	0.0173633739643823
53839250	0.002830872273507
53839451	0.000956145104257571
53839670	0.00428997441755402
53841070	0.00917419719574815
53841480	0.0291510852224088
53842170	0.0614541847458856
53843960	0.00266658663143074
53847861	0.000714310429122188
53850221	0.000612312472862894
53852120	0.000622757481122054
53854700	0.0928932862804588
53855680	0.0483180592988213
53856670	0.00168583076710543
53857941	0.000875004596398556
53858860	0.0252493844418219
53861610	0.000702644254955111
53861740	0.0183331825314458
53866710	0.00272409171137509
53873941	0.000961146239894834
53875270	0.00246696314850916
53876971	0.000844228411258402
53879660	0.000728364038170305
53880650	0.00418242297923048
53889910	0.00104528892397597
53891280	0.00461370290905259
53893220	0.00142033729414074
53893371	0.00810627931969438
53894570	0.000873027720699114
53904271	0.00192526941950271
53906061	0.0289138696392567
53909241	0.00451298055393462
53909460	0.00171714733301771
53910460	0.00839735176644592
53912691	0.118006290728764
53912770	0.000609527128474535
53918071	0.00119699902655959
53918201	0.0231824677350352
53922071	0.0094409719741574
53922970	0.0358359449022249
53923660	0.00348398717094657
53924971	0.00274077340059641
53929771	0.000968302844159911
53931010	0.00218126933654716
53932681	0.00593057695982505
53941190	0.000612074482635667
53949521	0.1486321776437
53958341	0.0518074155402211
53967561	0.00196768957530919
53975280	0.0881165462962373
53983301	0.000809677909238324
53998191	0.00111978289181837
54000620	0.00127639096916548
54000650	0.00228280085944869
54006580	0.000697334306175379
54015841	0.00064519144467441
54016230	0.00438644858404477
54017890	0.000781299220695878
54018140	0.00105204301150517
54023950	0.00261102332491628
54027431	0.00132527343363453
54036910	0.00113340117422809
54050140	0.00140587719006342
54052350	0.000966761186296187
54066061	0.000906511215955183
54069060	0.000909757688440502
54080190	0.00708699229758606
54089231	0.227772644101365
54096791	0.00541459934982674
54097091	0.00546504140966466
54105641	0.000720922413298095
54114810	0.000581498415682039
54118721	0.00152468566696227
54119001	0.00446685055171479
54120121	0.000602145978221372
54121590	0.000956772848389522
54121860	0.00370413858461337
54123220	0.00103882519122748
54123400	0.00117377082588819
54136371	0.00075430444250057
54137211	0.000760125810296466
54137590	0.112154604506711
54139950	0.358251892716926
54152180	0.00064210076423872
54153331	0.00230144228846849
54153850	0.000554221177544362
54159401	0.000665017799706728
54164511	0.00247837776557811
54166540	0.000523389060181604
54168750	0.182374416515408
54169201	0.00250612593561053
54170021	0.26983455507712
54170820	0.0653697372485205
54173351	0.00401472997673618
54175240	0.376604068087428
54176360	0.00303727945318779
54178250	0.000993417611736516
54178290	0.000618094622903746
54178301	0.00125270933106908
54185580	0.0283753579370022
54186270	0.0111929030293102
54186520	0.00141574824130969
54187421	0.00135883882490722
54188371	0.000639804959920992
54188450	0.000615240385231737
54189030	0.00315055268797463
54189560	0.0124029680029959
54189720	0.269309958699804
54190390	0.000476994831571611
54191780	0.139746484688388
54193310	0.000556164729397406
54194840	0.00192636364268549
54204200	0.10956011443661
54204661	0.000629185746074013
54208801	0.00189932266166696
54210171	0.00742447821335114
54210280	0.00104258590393289
54211630	0.000619306902135256
54212040	0.0131744172530357
54213201	0.000833056136817681
54214041	0.0013178369042638
54219480	0.0108965842960019
54221990	0.000756137266077851
54223121	0.000515742753689258
54224661	0.00151164848935887
54225590	0.00144110861743828
54225720	0.00106836831054929
54228180	0.000724819821125116
54230171	0.00253616337584984
54230861	0.216412729123538
54238431	0.00276944811669411
54242841	0.00251623259152369
54247650	0.0198543276639638
54248241	0.000496340587978804
54248610	0.00118093793777115
54249181	0.000729941443732477
54251090	0.00595225031194792
54256241	0.0836484430015203
54257550	0.000759585843712198
54257570	0.00114897162163649
54258680	0.000548620394364297
54260330	0.00334220924298592
54261140	0.00146456231108977
54261741	0.000638105324564942
54266171	0.000924875738451281
54269270	0.00090106282300407
54277820	0.0024820643640098
54278110	0.00456416450216729
54278690	0.000823166243101019
54280340	0.00873225863952083
54280450	0.000835058144349883
54282660	0.150494724414229
54285160	0.000799973103400046
54285820	0.000777166228570722
54288491	0.000784468096522089
54289290	0.00233111353346547
54291111	0.0119779531984948
54294100	0.00172769190686765
54294250	0.0026864607284387
54295920	0.000816692096648044
54296320	0.000866848542558018
54296440	0.000746396209436518
54296901	0.00128353968493516
54297481	0.0209305077190613
54297550	0.000576598496312941
54299541	0.00134547011573205
54300060	0.000636000620165811
54300501	0.000681413747091683
54300880	0.0152451444989981
54304911	0.000695449477580575
54307500	0.042736071757928
54311640	0.0130210041577858
54313830	0.00208697348463145
54314090	0.00914400996906164
54322790	0.00166105485725414
54322940	0.00699821084538165
54326120	0.00156979576124428
54326260	0.00162381027456849
54327350	0.00095469728971494
54327490	0.00109997694879997
54328020	0.000889389509307747
54328621	0.00294728582088657
54329970	0.000759884378360207
54332180	0.0433398394198825
54333990	0.00179205196461149
54336501	0.0146054659172387
54337150	0.00547324116455906
54338230	0.00343699942058405
54338520	0.00105476380106113
54339271	0.008955391067
54339880	0.0369489178766841
54339961	0.000668310154367928
54340160	0.00077230707490156
54344590	0.00304566557807004
54345440	0.000573606074837241
54345540	0.00116598018477873
54345820	0.00342745845744169
54347340	0.00843967685717504
54348310	0.000667253336008473
54348351	0.00123150477728335
54349300	0.000616234681382068
54350701	0.00059308228713497
54350991	0.000720304109545413
54351541	0.0920377551811959
54353321	0.000616007540304013
54359490	0.000618187678622459
54362691	0.00100138356415941
54366141	0.00157862781933073
54367681	0.00890362722475405
54368590	0.0189174264937777
54371090	0.00361078459174125
54371261	0.000661387513238516
54375890	0.0014826320434392
54376320	0.0005153116699449
54378021	0.00120723704531853
54381451	0.0959855167731547
54382220	0.0110644445880729
54385570	0.00117758845467505
54386110	0.154264409035435
54387600	0.000602017722000754
54387770	0.00339282279600263
54387880	0.000718699529388846
54389690	0.000766248171685483
54394520	0.00295968595684892
54394650	0.000706246013682914
54394711	0.00935727791286643
54395951	0.00295055774745347
54396201	0.000562247889390177
54396621	0.0149704208230848
54396740	0.00815232169088555
54397171	0.000838658309331198
54403951	0.00350773391718146
54407770	0.00772583834284902
54413881	0.00059518303549347
54415651	0.000560066260204974
54433810	0.00366932271449817
54436980	0.0148348428778509
54439091	0.0028279870894934
54444860	0.00115203105177854
54452580	0.00441712639920184
54452720	0.00278553808073207
54452730	0.00136370710830388
54452740	0.00777448004887164
54453960	0.000889370260462322
54454490	0.0109246530325893
54455531	0.000612732379688393
54458520	0.000767771531859897
54459671	0.000716604909390851
54459750	0.0083508399042532
54460201	0.0116217772255426
54462520	0.00112305605149536
54464761	0.00146917717690578
54465660	0.0486377728912827
54466080	0.00056446393741194
54468460	0.00942397522071304
54469581	0.00130495693165054
54471190	0.012905275426763
54475480	0.00132992022070114
54476850	0.000879022278889613
54478800	0.0614972909896807
54482390	0.000685918913304208
54485260	0.000596587132477984
54487371	0.374843738060632
54493301	0.00645537140341939
54494900	0.000612638081457518
54497981	0.00414751877287621
54499180	0.00096159703642256
54502370	0.00136550609599203
54502411	0.00068573191323283
54502510	0.000908370988329524
54502561	0.000653515368844622
54502951	0.00521291875756997
54506210	0.000828545668443698
54507730	0.00388007898612778
54508700	0.00653478192942148
54513110	0.0133750462789611
54515600	0.0343617972563349
54516160	0.000693605882696388
54516580	0.101971751116526
54517690	0.0130989896601413
54518131	0.00126425777681781
54518360	0.004031537628833
54518780	0.00622541781182788
54519781	0.00251637246467898
54521520	0.000880518713868811
54521540	0.00114125774201375
54521680	0.00398386257959156
54521970	0.000947277901778331
54522421	0.0108855279083024
54529441	0.00409320480783751
54529790	0.00340285328796062
54529861	0.00248185812365506
54530920	0.00272647601920685
54534080	0.0474429268785693
54534480	0.00556075690145142
54535050	0.0454210037263967
54538480	0.000978022442905588
54541100	0.00112929019830166
54543730	0.00306281136727437
54543880	0.00167219191552206
54544580	0.00101437843926153
54549171	0.0010868567726458
54549250	0.00521693857749267
54551921	0.000845201770059757
54552040	0.00400932410056196
54552140	0.551676944503827
54552150	0.00052429858647109
54553530	0.00098226142277111
54556310	0.0018735372552367
54559050	0.04325974535746
54559641	0.00643844656599178
54560041	0.0188495743419992
54563880	0.00289147205895223
54564860	0.0022782858586504
54565100	0.000739212715310844
54565301	0.0182636999767609
54565421	0.0153851135856703
54566401	0.00420124043742449
54567180	0.0175083289975034
54567600	0.000999687398327823
54569950	0.000588598023593232
54569981	0.000534545689943088
54570750	0.0139279916934376
54571931	0.00418101041473616
54573670	0.000699665733660044
54583231	0.128082927082429
54583931	0.0530969320374003
54585011	0.00837278767619607
54588310	0.0974931917602966
54593031	0.0158808777409646
54599720	0.00275965287795551
54600980	0.00732329409932326
54601380	0.000730842995703524
54601660	0.00198413742321517
54602510	0.017144009248337
54603860	0.00128739547065278
54603880	0.00109684990591009
54606521	0.00111342233711989
54607710	0.0062872963430931
54610271	0.474158860569858
54615160	0.0165443687279684
54615610	0.0891943973722868
54616290	0.000503374252798812
54616881	0.00299152678070965
54617441	0.00112488172511951
54619480	0.00896809759642678
54620041	0.00094933706185543
54624061	0.00110333619071051
54627631	0.00116536901938764
54627901	0.0200915254384044
54628591	0.00329287958730654
54629960	0.00105793598909487
54630951	0.00154751726755069
54631590	0.00131510665837904
54632321	0.000747673761087621
54632861	0.000692228491438969
54633400	0.000558163888924305
54633680	0.00160204188535503
54636700	0.00223458350560463
54637110	0.00101885744596911
54640440	0.00129329781722489
54642350	0.000765122940349973
54642630	0.0151382609835135
54642650	0.000785910430684657
54642671	0.0358419327371337
54646531	0.00659722853457263
54646821	0.000631048896632207
54647351	0.00159225013590814
54647470	0.000574004152304616
54647710	0.000628189698459007
54649421	0.00145408592588351
54649520	0.0015953785242704
54651901	0.000530977762610577
54652690	0.00175864250994838
54653411	0.00955190346665918
54654510	0.000938363113776181
54655371	0.000750504270272129
54657370	0.00724883869463244
54657971	0.0320028295619319
54661100	0.0340788544558991
54663600	0.000641766577023009
54663891	0.000665078972156327
54665161	0.0119662081012202
54666381	0.000573025326180328
54668140	0.36513939455194
54668581	0.0938769046468072
54676680	0.000866130660984071
54678630	0.000706281603606378
54681431	0.0223004696863477
54681711	0.000599244483509258
54682610	0.103249140755373
54683610	0.000553528614387096
54687850	0.00229818527781708
54687860	0.00641491123417381
54688560	0.0140797104387457
54688721	0.00118297393721071
54691621	0.00379771553136118
54694350	0.0130313671459412
54695590	0.00807059241182237
54697220	0.00890081565938159
54699071	0.000695681389738619
54700560	0.000616841707163079
54700721	0.00584669602962722
54702640	0.00843580332246992
54703310	0.000581867702121244
54704591	0.000597088265928247
54708010	0.00401196113900452
54709421	0.0460013860233917
54712461	0.00191773727074346
54713250	0.00127986244111593
54714320	0.000655353016115983
54715751	0.000845402229700288
54722620	0.00276433273125943
54725961	0.000980644398858248
54731020	0.000545533751956519
54732970	0.000668618567419634
54732991	0.320174662936488
54733961	0.0011952748979641
54735150	0.000726209799244064
54735361	0.000831667746677006
54745810	0.0155393758530693
54748601	0.00530991228467125
54750330	0.00287778163081911
54750381	0.000862226829897081
54752161	0.00103317987268381
54752390	0.000591304474529865
54757110	0.000627866587004645
54758900	0.00494583077120955
54760441	0.000879279093306359
54761220	0.000536838764704444
54763050	0.00115945230710916
54763481	0.00103795745640508
54765821	0.000847319427665421
54766360	0.00113244643250405
54773370	0.00148918757851878
54774770	0.000520697897807471
54778080	0.0224684107719121
54780140	0.00384554851221526
54785971	0.0296028151083809
54786730	0.00126152513401892
54793811	0.00916887358145071
54803040	0.00254138347394792
54815180	0.000686426007889494
54824660	0.000977608356799138
54828820	0.00086624754238705
54830030	0.000556574857602747
54830740	0.00109757369623281
54832100	0.00137418255652998
54837141	0.000722915170351212
54839881	0.0047168218311128
54840711	0.00561780121651067
54842371	0.000550704222243395
54845961	0.00119983596583326
54846060	0.00165393288257812
54847481	0.00111186624945087
54847710	0.000755368972041302
54848021	0.00207102597877829
54848810	0.000487941865066405
54849360	0.0744701411045899
54849391	0.0006594274630047
54849920	0.00244472244844899
54849930	0.00141686005081618
54851410	0.00226034916974202
54852721	0.000506780988452302
54853480	0.00376917931780872
54855820	0.00191660690435615
54855980	0.00113710214587245
54856670	0.0010717172230769
54856680	0.000885684932545982
54858070	0.000672422621029587
54860240	0.00388460594108065
54860581	0.000874741148147394
54860991	0.0181175572671596
54861210	0.00161552901277172
54861490	0.000810817837075668
54863450	0.00128651952379446
54864311	0.00223594740878477
54867591	0.000650348680248185
54867850	0.00253671843866275
54868100	0.0219102979917096
54870730	0.532867964745172
54873240	0.000629092209827483
54874860	0.000737306918885746
54875960	0.000544085962118418
54878470	0.00181819415846818
54880011	0.00693029702177925
54882101	0.00258858783613924
54886221	0.00596853324351606
54886231	0.00279443501433538
54886990	0.000787913047857421
54887731	0.0110975932757681
54889100	0.00144495985346484
54889230	0.357379307719668
54889251	0.002930549407273
54891830	0.0415182622701852
54892410	0.000649988469179884
54893890	0.0042220559213905
54894060	0.000670077982345265
54898361	0.000634120744068812
54900100	0.00199314905479026
54901210	0.0156942044371909
54902020	0.000718204423920007
54902720	0.0235007294528231
54904021	0.0109986530420105
54905251	0.00620263711160457
54905951	0.11726155220904
54911061	0.000626922951765623
54911201	0.342247199220863
54916151	0.00934842124532951
54917961	0.000843098303805313
54918730	0.00180167279108048
54920161	0.00101357019941196
54922190	0.00519389340697101
54924390	0.000560013036493564
54927300	0.00147956527068331
54928410	0.000570631668904625
54930460	0.0909609999510367
54932540	0.00370024161344969
54932920	0.00599222299628146
54935191	0.000515678775175769
54935461	0.00838076299214728
54936790	0.0005862290341246
54937791	0.000578306863111092
54939591	0.00915824207801213
54940281	0.00714236706912219
54941190	0.00417810425623495
54942170	0.0387531700568566
54945610	0.00656318775938609
54945780	0.000673275500792575
54947041	0.000763118786949797
54947331	0.00539789750806698
54948260	0.0194028317122641
54949900	0.00391425559950467
54953811	0.00274710522086761
54956090	0.00182833811593085
54956230	0.000564312094077884
54956670	0.0019478992568754
54957190	0.00125515536235279
54958310	0.00158133156129639
54958740	0.00185829524826566
54959471	0.00054724976821495
54959581	0.0131287308168168
54962750	0.00491885436284804
54962761	0.00223934052423503
54967280	0.00148526069259506
54968021	0.00144029403192808
54970590	0.000670288347660358
54972021	0.00328469251993622
54973230	0.00129306507767687
54973391	0.000786039199606116
54974290	0.000610218956186202
54975020	0.00223924725764289
54978160	0.000833058522100248
54979181	0.00197400476568875
54980770	0.00165297525318886
54981760	0.000604828516298011
54984950	0.000653496044183255
54985101	0.00638157646301494
54988510	0.000747181262767417
54988780	0.00103983409627122
54989770	0.00160140103033349
54990911	0.00237449097267209
54991441	0.000804089646464821
54995051	0.000707264878416869
54995550	0.00102654784322062
54997090	0.00165140312995228
54997791	0.00186116194978907
55010771	0.000851506005348709
55011010	0.00120041182483184
55015721	0.0209846875822422
55020800	0.000746514684342863
55023390	0.00120804606473317
55030891	0.00444670898840067
55033360	0.000838666477922093
55036080	0.0737637608383889
55043140	0.00543666194448356
55053320	0.168528300036948
55060841	0.00209501262846677
55061501	0.000597908243435139
55072770	0.00294784626216993
55073060	0.00114280649117834
55074000	0.00120811004996231
55075420	0.000621857614597901
55077231	0.0407151275960895
55078010	0.000815117311713428
55078061	0.00583105882060029
55078440	0.000988186187818265
55081760	0.015173096736942
55083940	0.00113567604661519
55084490	0.00219834167079356
55084671	0.00127611796136385
55089460	0.00137185718041783
55091390	0.000630319655661907
55093921	0.00226846858792199
55096421	0.0302620943883099
55099711	0.00209570280202266
55101630	0.00395266700784997
55103250	0.00303617243013545
55104261	0.000771143573650017
55104790	0.00113552352317071
55107711	0.000862102756697302
55107820	0.0143908809794714
55108001	0.0114586996396242
55108630	0.00244095575202278
55108640	0.00363745573574939
55108971	0.00876163900170474
55109350	0.00705509936760661
55109511	0.00072944381365028
55109651	0.00233254321074366
55112520	0.00090714016363704
55115140	0.00213462008919238
55119120	0.00140221255158807
55119861	0.000631763828626205
55120240	0.005479354642527
55121610	0.000767295378875379
55123960	0.00253492244902193
55124070	0.00639931061246939
55125200	0.000668685826304652
55134471	0.000799557895494998
55134871	0.00131062804355802
55136480	0.100825687780327
55137651	0.000624252685416722
55138211	0.474011328559716
55138410	0.0269265846499741
55138461	0.000782396700886347
55139260	0.00430600469914784
55141911	0.00142592859479807
55145460	0.00160889064294331
55147021	0.000785933638225564
55148240	0.0461996924495103
55148811	0.00409299401227412
55149190	0.00115493913129368
55151130	0.00194245974633532
55151701	0.000902916597160698
55155250	0.00200845968147959
55155370	0.000610357972249337
55157060	0.00626406578093735
55157371	0.00269536222829976
55160910	0.00772587532610763
55162181	0.000866611642194269
55164100	0.00454992160596553
55164770	0.00108710558545225
55167390	0.445196041487779
55170321	0.00324068784133503
55179800	0.000676800300810381
55180111	0.000632234574311144
55180681	0.0359609197600174
55181060	0.0403441400641568
55184381	0.0884042664991917
55185870	0.000567822080950255
55186000	0.117424539070131
55187031	0.00175849943015121
55191260	0.00264540884112014
55192500	0.00165693530217246
55193921	0.00128830966458934
55194471	0.00170992879996823
55194550	0.000512088825025593
55196521	0.00155198840532107
55202891	0.000842491234176787
55206440	0.00629800895810827
55207711	0.00833261628325978
55211281	0.00262941816281642
55215711	0.000862028926679268
55217761	0.00265226507620599
55225860	0.0107787400133252
55228620	0.0172183478745775
55231561	0.00277799343318157
55234260	0.00339379173607746
55236470	0.00715255895922544
55240370	0.00365733080728696
55240630	0.00614362762856629
55242270	0.00487759846139083
55247961	0.000826055052890724
55248220	0.000728225674455842
55249300	0.000541386420960499
55257201	0.002202529868516
55257911	0.00139413796957409
55259940	0.000598013772854826
55261221	0.00448704695669351
55262171	0.000721164618371781
55262871	0.000687236288358636
55262970	0.00722968445995697
55262990	0.000761901793699931
55264740	0.00261054051899291
55265030	0.00131332995593527
55265460	0.00141116321141063
55265481	0.00156214758218856
55265860	0.0011629633168271
55268460	0.00218579304237824
55268490	0.00154107478864364
55271660	0.00111144908026644
55277201	0.0355964526259694
55277450	0.0568097035628494
55278850	0.150110455312986
55283421	0.000586342233897684
55285761	0.0144827111117558
55285870	0.0354438797529786
55285901	0.00303925736073638
55286290	0.000677229004733739
55289590	0.00126128741981517
55291131	0.0100606391288315
55292261	0.00141195868685712
55298950	0.000588338170526258
55300090	0.000843901698051116
55302280	0.000649035287762981
55305891	0.00936615141760549
55307260	0.000694455626484091
55307940	0.000779848722929264
55307961	0.00101729645572606
55309310	0.00715623676515453
55309631	0.00433549396962831
55312320	0.00165608392043398
55313330	0.000523337554894018
55314171	0.0115130208904023
55314700	0.000727451947974975
55315800	0.000611218069043635
55317481	0.00545138753579351
55318721	0.00121969656001561
55319660	0.00320765725539911
55320490	0.00294321939315222
55321980	0.00103251090983138
55322041	0.00284228542508221
55325020	0.00457175968562618
55326130	0.00726776952050743
55326171	0.00171271120375738
55326731	0.00282352116302326
55326851	0.0028937955085992
55327110	0.00178004662350584
55327370	0.104320983509333
55329580	0.000771913992625658
55329611	0.000676228154804223
55331421	0.00273922375437212
55331971	0.000600756809951437
55332921	0.447157715509019
55333180	0.00155139159548277
55333211	0.000692304256540095
55334461	0.00112363222177382
55335981	0.0289632336234582
55337211	0.0012102730166708
55339670	0.00118799881819252
55339971	0.00293426766037618
55340210	0.00765139665024728
55340730	0.000809755167103301
55341290	0.000535636950117942
55341300	0.00147903388075872
55342250	0.0012596851500186
55342840	0.286532446214328
55345030	0.000706890483518118
55346830	0.00202198409572508
55349140	0.0184198549793388
55349221	0.000839580114648106
55351281	0.000580077137311855
55353840	0.0124023902417751
55353850	0.000680353424641415
55354400	0.00286591448757051
55356450	0.012656295134505
55361331	0.00102564351436997
55362110	0.00820650617074545
55363951	0.0186141553105466
55364941	0.00224582957288298
55366000	0.00234922026310922
55366110	0.0227197637568897
55367380	0.00256628511517607
55367691	0.0219459897935401
55367951	0.00241849436301782
55368330	0.00143293382557366
55370700	0.000697300809561651
55371490	0.00580505324176663
55371500	0.000703302273980689
55372781	0.000585006080844975
55373061	0.000620574744807507
55375780	0.000570610004374851
55377710	0.00240439761341489
55379900	0.0128630066196373
55380231	0.000818602031501124
55381071	0.000757489813257102
55381710	0.00311183404536891
55384091	0.000619873311995088
55385720	0.0040385035343866
55387001	0.0523367914860248
55388081	0.00694744323346005
55392590	0.000616831259135564
55396050	0.00930369781710757
55397901	0.0178820424637251
55399660	0.013610636997717
55404050	0.00929794265970492
55405040	0.0449813657105522
55408890	0.000790914970602848
55410930	0.00243519154765286
55412890	0.00143664287437892
55424511	0.00258113838010814
55425891	0.000743459538824325
55435500	0.00113598421225734
55442441	0.00138139392796918
55443630	0.000653334680232211
55447490	0.00253860630520169
55454390	0.179141424546655
55455890	0.00450977726005759
55456860	0.00778507749387096
55468580	0.00180352055205875
55469601	0.00844789209920136
55478130	0.0730614286830561
55488791	0.000640100888311774
55489280	0.0030921596711393
55496361	0.00204841736074185
55503370	0.0345134599488183
55512771	0.000918259800638277
55516071	0.00592512160624959
55517020	0.00145426140995539
55525181	0.0010203488077326
55537061	0.00629873384733356
55544781	0.0222120730007598
55545280	0.00139124424751021
55549601	0.00111799015779269
55566810	0.00172900215165214
55572491	0.0129602874779087
55572980	0.0101738605733067
55574250	0.00140262159732935
55574530	0.00348773415886965
55591640	0.00356010883331649
55605171	0.000799686524535192
55619350	0.000674995807961121
55620420	0.129646752748378
55625810	0.000739522034025874
55640990	0.000667231139249358
55641700	0.00057967395009061
55644280	0.00270337065071634
55646110	0.0010120385261967
55652211	0.000697066196917981
55657700	0.0314504926205547
55658681	0.00313801717028913
55672140	0.000806209772546032
55678490	0.00089856443754799
55685021	0.00494500804940667
55688341	0.00101956309382045
55690070	0.000891545394663801
55690261	0.00105985688216244
55696300	0.00207641743395092
55709011	0.000761313586549805
55709721	0.00204289623501981
55711480	0.00111890159377925
55711931	0.00136549447167858
55712201	0.0215757926107151
55712621	0.00301978697968004
55714210	0.00146587845300008
55718920	0.000833163436432973
55738930	0.000553031122997206
55742811	0.0400253418118148
55743320	0.000871095254847163
55751641	0.0559396246988586
55766251	0.000827589023900546
55782931	0.00212226461102943
55796051	0.00093565284242357
55801930	0.0015861045335376
55806480	0.103039997417087
55819631	0.0155857221275972
55834500	0.000688287270681057
55841851	0.00865846861949234
55842740	0.00261941760882772
55849230	0.00549719193670595
55857011	0.00167823117500552
55857421	0.00411693264529964
55863570	0.000594555560064282
55867501	0.0166420738587312
55868260	0.00103824743012322
55868410	0.00632535329677212
55868560	0.00485607356864042
55868980	0.00145602825840696
55870101	0.000562313483340857
55870360	0.00145769200713689
55872290	0.000986013844913799
55894121	0.0286963152007177
55900731	0.000922302759592382
55916721	0.000695305755850379
55918600	0.00149597150805466
55937360	0.000740581864654385
55940301	0.0182347946371592
55959150	0.00068580463768066
55966651	0.00196871787413422
55970251	0.000560814523856058
55977640	0.000765171072828067
55982060	0.00328432221767168
55986781	0.00054116170327296
55992930	0.000744687515665657
55993230	0.000654423318090841
55995840	0.00218611160649877
56001541	0.000606463757377802
56010060	0.00406491911209892
56013650	0.0010433577463967
56013821	0.000955097871605854
56019290	0.000657908835063782
56021920	0.0191546425499795
56024970	0.00218005702001533
56027430	0.000733158416612179
56038310	0.00311158100235217
56038641	0.000660836670026367
56039150	0.0132852858908133
56044561	0.00095599926995044
56045490	0.000881529398044485
56046091	0.000731765571603676
56048311	0.00864047321133756
56049070	0.026493390269346
56049380	0.000588546845956454
56051990	0.00706103108642816
56053620	0.0342004675371582
56055751	0.00554116121948003
56056861	0.0153131372453162
56063960	0.000792317717219097
56063980	0.0124222850315542
56064431	0.000821120685900339
56068130	0.0129210040204932
56069111	0.000692639276191961
56071041	0.000819251339430036
56071130	0.000758752145963386
56071591	0.000749222451123166
56072161	0.000589895966461673
56074330	0.00163707831504571
56074440	0.000613979801183633
56076581	0.000570034734893843
56079201	0.0552584623278458
56081780	0.00218683831445665
56081890	0.00192725869917267
56083451	0.00141317459160932
56083591	0.00108160635568457
56086200	0.00823154221217218
56088701	0.00167611431262115
56090160	0.00111519831290906
56090511	0.00206040900605187
56090880	0.00175512521478159
56093401	0.0120839290395785
56096110	0.000837503556916601
56097681	0.000711415256722484
56099871	0.0682493030973034
56101890	0.000703584314310905
56102781	0.000615790431056409
56103041	0.000557042961035331
56103410	0.00174865230344727
56104100	0.000592014769922024
56104151	0.000590836770915428
56104370	0.000731839630897442
56107680	0.000615231990508462
56110730	0.000770552663898987
56112500	0.00672899145215522
56115871	0.00208758286939164
56116431	0.000673559358243951
56119680	0.0210724605124663
56122580	0.0362571493914366
56123331	0.057745825088824
56124981	0.00815902534518683
56126740	0.000563346725691468
56128831	0.00238200610201173
56129750	0.00483608874480975
56132130	0.00236640757725059
56133200	0.000789715517299723
56134091	0.00251810768941967
56134740	0.000803072466228863
56135300	0.00127566806185074
56139980	0.563902641894235
56145101	0.0103880182947919
56145521	0.0126766660132262
56146221	0.0165894244285319
56148841	0.0008048163351707
56149050	0.000848504334620625
56149340	0.000774225838134213
56150361	0.000795729863928827
56153480	0.000856259536056572
56158170	0.0303537980086751
56158850	0.0028993270715642
56160400	0.000756836742293263
56161101	0.00359012583737294
56161661	0.00254829857331549
56162700	0.00058447446484805
56163970	0.00288103147940045
56164151	0.000589770935572106
56167461	0.00233209590586623
56176090	0.0153928625453579
56178501	0.000561007100373532
56180630	0.000585292401381538
56181251	0.000820054259692441
56182310	0.00105932981980422
56183540	0.00468721391046623
56190560	0.00356197537042897
56191301	0.000735162432383825
56193500	0.00194846752611949
56196691	0.0030655871343592
56198600	0.0225500201710746
56199840	0.0852767798034843
56202710	0.0141302135500409
56202751	0.0017390136649747
56204220	0.000759821139124789
56205080	0.00555953616650924
56205340	0.000608224660429373
56206331	0.000646574736514323
56207410	0.00138628379036748
56207660	0.0204547986566632
56215670	0.00828211991683818
56215711	0.00484160842054606
56216920	0.000734048438853155
56218331	0.00204805965039466
56218860	0.00306302376818664
56218870	0.0471098808282676
56220900	0.00239309766021672
56223000	0.00146930200706233
56223021	0.00178663140799397
56224530	0.00140314161782119
56227301	0.00159072194640756
56231181	0.00317517768224881
56233220	0.00128128153699376
56234600	0.00487146179946635
56241340	0.00192035468151604
56242710	0.000923814317008721
56243451	0.000907037478985437
56247031	0.0144693664294103
56248541	0.00458587706514276
56252930	0.00255816737734381
56253320	0.00232736386724541
56255571	0.0253062558572926
56260240	0.00179079200549295
56260531	0.00119460032961145
56260561	0.012382670653994
56260951	0.000631055194467434
56264350	0.00472382227198575
56265231	0.0613905026605483
56266030	0.000624636829208582
56269511	0.000821499825777525
56270351	0.00275250672388064
56270850	0.00324808658219698
56271100	0.00238942292933347
56274741	0.00171182261789489
56277200	0.00216072554114606
56283810	0.0438946096451407
56285460	0.000758828828276
56289791	0.00810074313520436
56295021	0.000917307066318418
56299161	0.00153584232431301
56299270	0.00328686345114633
56299830	0.00518637704229956
56300811	0.000575458618412229
56301350	0.000855751639506974
56303451	0.00190815592731678
56304350	0.000749318939073044
56306970	0.00206209219685328
56306980	0.000557097010323943
56309590	0.0014794076510354
56310300	0.00112235577006251
56314140	0.00175084878137247
56315260	0.00148702836559584
56315571	0.0489650500369998
56320750	0.00275871145069412
56321760	0.131710415358453
56322130	0.00678572951832535
56323701	0.183931278539536
56329320	0.0059557394891402
56333371	0.000967897554121776
56335291	0.00275480305214453
56338461	0.00704988366331581
56342331	0.000647071962023823
56342560	0.00241088934890973
56342611	0.00568835105887579
56346150	0.00121851527568224
56347530	0.000691261614600857
56349330	0.373010521182711
56350471	0.00174664418759415
56351141	0.000746980527820198
56356541	0.000590724138623357
56365040	0.0074777105591831
56371940	0.000632611857105308
56374601	0.00351316452139183
56378300	0.00600719892704815
56390331	0.00149477968017728
56400780	0.00890734609619802
56405850	0.000892785106669424
56410950	0.000893224588779113
56417300	0.00268888873470396
56417710	0.000593717152134428
56418430	0.430997103183331
56423100	0.00744216371887869
56425361	0.103878154325533
56429491	0.0291504031670789
56429860	0.00306568199148024
56432381	0.0031401441452771
56433081	0.00066066742192852
56435011	0.00340275513667075
56435131	0.00121636228180878
56435770	0.000720003909519858
56436941	0.00111049781126143
56439431	0.00156731025037535
56441911	0.00107305430394372
56444261	0.00071972222712211
56445720	0.00195639348102643
56449221	0.00592989725808538
56457631	0.20961123885884
56458390	0.000576440658620994
56459950	0.00317594918767965
56460381	0.00156766223511724
56461361	0.000713483685932802
56464661	0.0011509504039995
56466130	0.0269271347606499
56467100	0.00575891426587113
56472910	0.000813603543630265
56474570	0.000750501520613795
56475360	0.000781233415616347
56476791	0.000654360117670573
56477030	0.00173286898294443
56477320	0.00316421709884869
56477450	0.000809658851379846
56478041	0.00402961605122958
56482181	0.00163555121153338
56482980	0.339703974671606
56483431	0.0221355535010632
56484750	0.00291257601645948
56488391	0.0215321858414726
56488750	0.00326521955071749
56491110	0.000755934820988422
56492070	0.00767141458057308
56492180	0.241892975267578
56492740	0.0318482017253832
56493580	0.00581178436950353
56494321	0.000571064354231014
56495940	0.00138458141814747
56498980	0.0038273517784165
56500661	0.0590805295676019
56507011	0.00154330553274235
56508180	0.00321574316791188
56510311	0.0569968666155964
56513331	0.000876510845383092
56521600	0.0134361104134837
56522181	0.118150937334909
56525600	0.000788093808544058
56526660	0.00220217599143644
56527070	0.00282820606492512
56530700	0.000772185749321979
56532620	0.00100997346343548
56535100	0.000861801498199066
56535411	0.00131270705035622
56536890	0.0443898826981063
56538041	0.00344912987380829
56538270	0.00560339048116056
56543940	0.00127382133084071
56545590	0.000534625456801581
56546171	0.000613089551549589
56547620	0.000631443687400349
56550291	0.0012460933738278
56556101	0.000647562924989666
56556870	0.0466542289727327
56556880	0.000758404754850613
56557030	0.000693557151646562
56559421	0.00060217784842805
56562031	0.000693439059606568
56563281	0.0305901886238199
56564330	0.000689084453083385
56565211	0.000590678396505467
56566571	0.00113694525014866
56567360	0.00117060674490553
56570390	0.0123923883987035
56574560	0.00489640264394969
56577020	0.00264291154051116
56577030	0.000619328202350257
56582140	0.000805741387497288
56583650	0.000949941725531188
56590701	0.0103949158080209
56594660	0.112181935862022
56595401	0.0061056676459493
56598991	0.000547099942867763
56600590	0.0123603324758311
56601000	0.0108934172268914
56601741	0.002119288678213
56602250	0.000719805081938473
56607111	0.00111566782690622
56608880	0.00907387239721538
56609201	0.00131238328576934
56615220	0.00105595861545288
56620580	0.0880248051124594
56629410	0.000908966272158101
56629461	0.00180454056219213
56629980	0.0730965106065647
56634950	0.00416574074708879
56640330	0.126029546661775
56643360	0.0849415192892769
56644440	0.0124269572888364
56645410	0.00139556160798736
56645540	0.00202380497261902
56647210	0.00100632348539957
56649420	0.00712669529573455
56651360	0.0221147324222301
56652231	0.00176660527434914
56654370	0.0162716000345756
56655080	0.013625103557903
56655100	0.000582530594586911
56655121	0.000744203259256253
56655131	0.00708819116107101
56660720	0.00585550396512488
56661741	0.00225151212188754
56663200	0.0271498591017887
56663230	0.00662399100356235
56664440	0.0118608430590983
56669871	0.000814261038772518
56670301	0.00110794409464874
56672480	0.000559465292556659
56672990	0.00101922475396969
56673061	0.00206668773073969
56673461	0.000831469653338717
56674680	0.00283141931638026
56677400	0.0622647111983963
56677611	0.0126386274734393
56677680	0.128671566270949
56683951	0.00100225692481706
56684200	0.00387838415865424
56689560	0.00531893494716824
56699050	0.00206006158772726
56700231	0.0604325681795989
56700351	0.000660466828677244
56701850	0.00732190686031975
56702291	0.00111439105122626
56704450	0.00173855137511449
56705061	0.00188235561740759
56705550	0.00342479274179471
56705611	0.001882693099149
56705881	0.00434258197919316
56707111	0.0682549338688103
56708060	0.000589191251689972
56712091	0.00216637743531798
56713041	0.000734247537076685
56713611	0.083073572889061
56714390	0.00112231810855081
56715080	0.00653799345252946
56716470	0.349268358569246
56717611	0.00426269010791494
56720020	0.00261015346682538
56721311	0.000807923034711542
56722510	0.000946504676721046
56726151	0.00115199295902172
56726680	0.000782685601122689
56727090	0.000888132209048627
56727350	0.00106085584876438
56729871	0.0189601560253478
56731381	0.0121268117291048
56731511	0.000662813367734347
56733120	0.000616751072012831
56733950	0.000669958266498502
56735401	0.0264480548088147
56736170	0.0062444278985056
56744440	0.0329583382221882
56746790	0.00111578473062382
56746910	0.00383789673523549
56747750	0.00330779673260914
56748621	0.000788423206552112
56750100	0.0016950646574292
56750691	0.000698759906823464
56753041	0.000589075565081266
56754220	0.00158741085592008
56755880	0.000547209537158004
56756600	0.00158124375267872
56758250	0.00120605257940895
56758691	0.462884151723325
56760700	0.000588830098272853
56764341	0.00168716084993633
56767360	0.00185074439065785
56768221	0.00279955416460202
56768351	0.000648388202579536
56768730	0.000959715665546906
56769410	0.000638601031119198
56770220	0.00784523337079645
56773820	0.000602892376239321
56776320	0.00412929787519801
56778681	0.0210895610826613
56781560	0.000809206862600205
56782490	0.0404882416236614
56783251	0.00089704999284404
56784310	0.253006340726283
56785021	0.00241374262146178
56792901	0.00345087948115515
56798520	0.00208112508005112
56798530	0.00060842624180462
56801840	0.000603557110547234
56801871	0.000909375856439106
56803511	0.00519391272292052
56806520	0.00574431594176869
56810250	0.000709055820428242
56810510	0.000848996631512082
56812710	0.0100790663696994
56824061	0.000976351727922328
56828881	0.00150765471063468
56829161	0.00272791228783327
56830650	0.000682022292751824
56834121	0.105931409728922
56838951	0.00269637860450608
56839911	0.000536442969790873
56841991	0.0071070425898067
56843070	0.0192124451272044
56844450	0.000627954273241453
56845960	0.000769242504857343
56845970	0.000533422301985265
56850831	0.00348538264277913
56853010	0.00160797311878396
56853280	0.00698767038188355
56856051	0.00444990367175231
56857151	0.00103245501896895
56859900	0.230550513152426
56860140	0.000543858006494525
56860751	0.385840462419595
56862930	0.0440492555370169
56863860	0.00174788606728494
56867880	0.0113763465610756
56869240	0.000845317895222345
56869451	0.00355727973233184
56870790	0.00568768805460914
56871490	0.00331768124778768
56872891	0.0336092703100836
56874660	0.00631917339907749
56877950	0.00191396794048905
56882890	0.0294591728627354
56884990	0.0190612488006492
56886360	0.00063243557381301
56895511	0.0441439057047753
56896061	0.000843534229585857
56897550	0.000688131422056735
56899880	0.251730722776323
56900850	0.000787552148121347
56901021	0.000617631383397332
56902671	0.000616462239109639
56902801	0.0979257765883398
56905830	0.00270487112807303
56906261	0.00234524819143268
56909721	0.000842199912596523
56916010	0.000822155685527483
56916020	0.0028228326471618
56918060	0.00248268240734879
56919221	0.00153578142709274
56920270	0.00237203133108564
56921270	0.00190698670351454
56923760	0.00063596619264106
56924170	0.00507609756925046
56930510	0.000988412041879214
56935030	0.103691463104856
56937260	0.0084931906378514
56941780	0.0007296172644028
56941800	0.000652765012984098
56942391	0.0035236559436628
56943221	0.00764451885852617
56944690	0.0124147493849943
56947320	0.000630109683612085
56948471	0.00889102149245014
56950391	0.00265778492200277
56952881	0.000794923245099811
56954900	0.00825046602845386
56955211	0.00122504600484399
56955480	0.0022892818335691
56957981	0.000930268797642517
56971440	0.336485145974537
56971590	0.000937026990686136
56972731	0.00381540976413803
56974661	0.000684470228105534
56978340	0.000690551123371887
56979310	0.0133313736677086
56979880	0.0303617715662455
56980820	0.000710507222015198
56981940	0.0017458222870286
56982480	0.00142787314757436
56984171	0.0110733151585855
56986661	0.0309325914034081
56987071	0.00213843282429214
56987990	0.00122794427521425
56988031	0.00180096702925971
56990220	0.0017512364797655
56991160	0.00216457002091875
56991720	0.0878435538923728
56991901	0.0019701170063478
56995351	0.0537598350474164
56995740	0.00715198718873431
56995980	0.000701713530973833
56997011	0.000873299614828405
56997110	0.00241204099377851
57000830	0.000812920763982765
57001940	0.000881303640408424
57002951	0.0578156844235669
57004051	0.00132199882057996
57006890	0.00101466076171173
57007921	0.00112036853013665
57015300	0.0244583242723864
57018050	0.139630853561493
57020290	0.0021611261700527
57029790	0.0021607052731309
57030630	0.00150302682996648
57033530	0.00178191878816161
57033821	0.000547470947785343
57035621	0.0225397017664141
57046740	0.00469458012811722
57051611	0.000631418734271431
57053291	0.000842343180074634
57054781	0.00185006549422059
57056191	0.00495098726423754
57056430	0.000627730347454209
57057691	0.000629717225439073
57065431	0.000797580321803065
57065660	0.000755062162916141
57065910	0.000857241271686587
57066180	0.000789093997790676
57066320	0.00148572389317404
57067481	0.00282942135641405
57067600	0.000990943542992858
57069981	0.00384659683526798
57071860	0.000608238609556696
57076960	0.00142106102617797
57076980	0.00425889948770033
57076991	0.00445758973146392
57078241	0.000603219529968876
57079710	0.00142067641751774
57083730	0.00113737646290148
57087061	0.00137233212361415
57088031	0.0084200970818343
57091030	0.00140627863089298
57091341	0.00133571904858913
57092410	0.00590843680541879
57094231	0.00164137607857501
57097701	0.0128362205447644
57098070	0.000580680247615626
57102791	0.000778963468214191
57105390	0.00304543495010821
57106241	0.000835226583062886
57107010	0.000551207053504149
57108031	0.00284819563310119
57110200	0.000621433947874647
57113770	0.00362272355276748
57117831	0.00443628100609049
57121620	0.000763519391507603
57122911	0.000636623301176702
57124021	0.000566719856167801
57131071	0.0374146039329688
57133141	0.00159379187856989
57133930	0.00056951501139487
57134590	0.00425134382839318
57135180	0.000585957906674689
57140161	0.000688549108428127
57141411	0.000683774997317107
57141671	0.000700131004214397
57142620	0.00128996361850005
57148841	0.283354864508944
57151980	0.000671603192643371
57158501	0.045441505539655
57161100	0.00152241581976526
57171211	0.00142600756863775
57173411	0.0449551119371164
57176161	0.000832387796009705
57177801	0.00796729821779354
57178371	0.0038519848243229
57178580	0.000930546429870657
57179420	0.266633091200783
57180451	0.0010576324108365
57180810	0.000672092050826344
57181350	0.00305222111719377
57181360	0.0119244069194063
57186381	0.000899345729831329
57187211	0.00298978167814126
57187611	0.000754722556206137
57189620	0.000745567982691725
57190651	0.00103470315255391
57190900	0.00231026866471954
57195461	0.00352882257781646
57197350	0.000877130974323921
57203560	0.0019306876261294
57204281	0.0796777573460829
57207871	0.0112945213578939
57209790	0.162901495985702
57210211	0.000564972977127394
57210450	0.0102516481831875
57211570	0.00879486408853897
57212161	0.000658552711670283
57213220	0.0500515412273559
57214781	0.00106253015690183
57217401	0.00137445314865201
57218200	0.000736620394658806
57223270	0.00130387155645634
57223720	0.000625415549782684
57226081	0.000510945568011454
57226850	0.0492744933233607
57228950	0.0822242216016083
57229251	0.000591305181299891
57230101	0.000549554776321331
57231010	0.199004204664359
57231201	0.000691012578352577
57231560	0.000606510793190897
57232431	0.000505970220920678
57234990	0.0217071757393866
57239611	0.000934720877479328
57239700	0.00226662351114129
57240680	0.00176071345632865
57241070	0.00199205497016845
57244410	0.205187153466963
57245370	0.00062204281179666
57249910	0.00113427464046383
57251140	0.00231849614107606
57256991	0.00396283860896001
57258071	0.00595054145950942
57258911	0.00182327921673206
57268011	0.0565115425341124
57268230	0.000767148342364817
57268701	0.00190862915156146
57270580	0.000977313924166089
57270720	0.000623598297828752
57272920	0.00191771328625081
57277200	0.000636724575004687
57278850	0.00139237818810227
57281090	0.000540130829470838
57282750	0.0095778884775191
57284660	0.000848429712254223
57286330	0.00055893775364158
57286921	0.00198970322665873
57288380	0.0029201730187882
57290050	0.00218847285312788
57292230	0.00127372933176219
57296841	0.000658978437921055
57297480	0.00184520644171619
57298020	0.00320910182663963
57303451	0.0143012568159847
57305111	0.0198635508307149
57305391	0.00285492877266294
57307810	0.000810882873191294
57314880	0.0609287481658958
57316151	0.00482104952520835
57320141	0.0275856882206931
57321490	0.000755317320708873
57323560	0.0142166748110603
57323820	0.0101715168297796
57323850	0.00272174326267645
57324500	0.000797119212377157
57325630	0.000780475973751707
57327270	0.00251425476862677
57330150	0.000640552408307547
57330590	0.000880030495526318
57335321	0.00146820446664413
57336640	0.0348725103201409
57337661	0.000556313313173893
57339181	0.056661134895467
57342430	0.00390021012647569
57342440	0.132749854661985
57343010	0.000755012633930125
57349531	0.000842843419959902
57353760	0.000569246551614186
57355270	0.00074619246494668
57358730	0.0113196574611297
57360401	0.00633427307058906
57361791	0.000579069550072318
57363051	0.000583972845418876
57365620	0.000604122369427367
57371400	0.000792950436758385
57373641	0.016830809335839
57373750	0.000524557088469724
57374320	0.00487211586964521
57385801	0.0760934857302286
57388831	0.0592343624600732
57388940	0.0029306686711338
57389180	0.0009840828402986
57397750	0.000990932895158881
57403940	0.00125371235176803
57430980	0.000803360995168642
57444691	0.00068157498870059
57453781	0.000863156611362721
57468681	0.029365216022715
57469720	0.000758655494911333
57470550	0.0634762170960087
57470700	0.000703212952843622
57470751	0.00066627261169811
57473320	0.00875136456952512
57474550	0.055393566377928
57474700	0.0014816638353681
57475280	0.143243218963509
57479270	0.00203017093715071
57480681	0.00205052292192589
57481340	0.023927405325685
57483140	0.0117724252311025
57484210	0.000783244214752103
57486201	0.000562919806084205
57488001	0.00363560874338665
57490570	0.000739050846276756
57492001	0.433789978455997
57494130	0.00104055953204569
57494280	0.000681287197987318
57495660	0.0292889665602998
57503441	0.00220712031826414
57510481	0.00220092981721237
57512100	0.00101758496866272
57513600	0.000694925912046998
57514061	0.00565653230208584
57515011	0.000770316341313749
57515690	0.0127197662552464
57519680	0.00428441827066145
57519800	0.000616837681681444
57519841	0.000590152820142011
57520671	0.00386748718599036
57520811	0.000845410245599154
57525101	0.000974793843790973
57527370	0.000735317348116291
57528490	0.00543986776036497
57528770	0.000963327133482753
57532801	0.000964237480291113
57534560	0.000648147157172798
57537890	0.018603847351618
57542430	0.0836706788786605
57543090	0.00835614035182077
57545071	0.00387426788296712
57548931	0.0554787274626133
57551400	0.00104002052555844
57553170	0.00317310981451175
57558311	0.180327530933891
57559370	0.0471275898141612
57561211	0.0226940865469949
57566741	0.0027959472130494
57569310	0.00186116617390273
57570031	0.000997953452345955
57571100	0.00257530665264763
57571230	0.00110446387143743
57574171	0.00196997929371418
57577911	0.17718313484486
57578311	0.000605312404347595
57579950	0.000613017968652744
57580780	0.0160733237465504
57581901	0.0071836975643606
57583100	0.00091565051757948
57587680	0.00221419499905143
57588630	0.000956085349174091
57592190	0.00552582237933619
57596801	0.00072772920640287
57597180	0.00245636941634727
57597570	0.0733033515107074
57601190	0.000664717877635264
57603841	0.00069566294109063
57607930	0.000688930804527783
57608780	0.000715526249541924
57609211	0.0220169765535983
57609361	0.00140558043578335
57610331	0.291265003792465
57613450	0.000537634005591618
57614581	0.000691957988210376
57615821	0.00557003269313503
57616080	0.00219221079068859
57617840	0.000543025905549478
57619670	0.000838501084181707
57622280	0.00893443211754561
57628210	0.00171564563437349
57632651	0.000726877988462171
57633771	0.000889629989633793
57640360	0.0524887350259761
57641160	0.00109841112775797
57642601	0.00514796327179772
57647250	0.00209716862633773
57650420	0.00270377209509092
57652320	0.00144477157336324
57652781	0.0112564476999885
57654741	0.00251870985951035
57656251	0.000909198832358561
57658670	0.00196035615887688
57659910	0.018945080470426
57660791	0.00307629186107767
57664231	0.0124572247148898
57665061	0.00450158002549161
57666581	0.00267448229291263
57667500	0.000653130000589214
57667640	0.000775941931200272
57668391	0.000636889753509774
57669560	0.00125689671734736
57670851	0.000540384421763482
57672190	0.00079955930767183
57672641	0.00115149725493088
57675360	0.00108758971958478
57676900	0.00153613557688977
57681201	0.2500478812035
57683910	0.00174431631063194
57685471	0.00180053122288731
57688210	0.000700180487449509
57689300	0.00382580487632737
57689491	0.038139633391692
57689891	0.00470647104040291
57695811	0.0789985326560525
57697150	0.00648370527367352
57698571	0.000838136313370883
57702800	0.0010118215984778
57704330	0.000542189067724971
57705341	0.000630098392121081
57705980	0.00222818140202976
57708870	0.000616470096375973
57710660	0.000585223345893698
57714400	0.000735749024332715
57716501	0.0124518193638514
57718000	0.00319157517300332
57719271	0.000719431927493177
57720900	0.00173704934543633
57721741	0.00109544331354426
57723910	0.000789981886268084
57724111	0.00059900713684303
57725420	0.0078526883203927
57727831	0.0167099230411113
57728241	0.000726678834441681
57728590	0.00232499756490604
57729970	0.000955702497894442
57732610	0.0290947824375305
57733160	0.0258486523283308
57733840	0.00536272775392924
57735480	0.000607966608656919
57737430	0.0238944833542403
57739640	0.00125622633216956
57741601	0.000675183325094696
57742041	0.00593136066366109
57746520	0.0039726127012249
57747001	0.000717644243555578
57752600	0.000800849570059089
57753830	0.0394164382802054
57758250	0.0346553633880631
57760170	0.0230354876457265
57763080	0.00440113775742774
57764870	0.0788730817848279
57770151	0.0162686668010035
57771660	0.00075673477987865
57771760	0.00692886706063338
57773430	0.00063245745895432
57774571	0.107589056479191
57775671	0.000746217791619406
57778680	0.03522368178888
57782960	0.000621467852243421
57784580	0.000745488791633139
57788170	0.00207183610158494
57793270	0.00452806052497843
57794260	0.000603523972630775
57798370	0.00361051561349303
57799001	0.00357847168031286
57802950	0.00337539718711218
57804771	0.000907660889476605
57805871	0.00594824348908447
57809710	0.000623720867972512
57809871	0.0149854844931948
57810680	0.000753560635212302
57812040	0.00591157691552868
57813410	0.010086458868442
57818390	0.000832807876717513
57818530	0.00529915156772149
57818721	0.000698856049582569
57819251	0.000606503212852255
57819760	0.000970107516189869
57820340	0.271188709985909
57823650	0.000762539741677371
57824990	0.00236520545997138
57828231	0.00062153909505212
57828361	0.00202877139162676
57829280	0.00065692672871297
57831801	0.000664647901438031
57835780	0.499353132282942
57838390	0.0215600111455676
57842530	0.0010608784249817
57842561	0.0779094083964399
57847500	0.000821045833774463
57848180	0.0222084477456579
57849000	0.0182399601853355
57849680	0.000775416155402039
57849751	0.00096321072036482
57849830	0.000920717957420012
57851350	0.00176717606962569
57851821	0.00385116779630765
57851880	0.00127439808115008
57852860	0.000760522161122155
57856880	0.00313450934814677
57858130	0.00407398513300123
57861560	0.000985869000768155
57869980	0.0152221548602378
57870431	0.0868651685382685
57871060	0.0579709736318876
57874240	0.00110737455903009
57874421	0.00194056508392539
57882411	0.0106576110201842
57885130	0.000848613762709017
57885270	0.0016420797468717
57888300	0.00125160857249127
57895490	0.000848371042404832
57895801	0.00112448862051862
57896061	0.00106770774646801
57898400	0.00101258325202999
57901051	0.0325376345756807
57901280	0.00323735541224013
57903661	0.000594892111407119
57905591	0.00161329921666105
57905810	0.00080080638667243
57910940	0.00293540603436226
57911261	0.000601879311798074
57922831	0.0020921341308158
57923220	0.000586145008322433
57923391	0.00474568023285154
57926011	0.000619910687832201
57928901	0.331261161452558
57931371	0.00478789337305312
57932730	0.000666424799824896
57932870	0.036023868633179
57935251	0.0704658902545431
57936430	0.00308319253501284
57936870	0.00109992307555505
57941570	0.00216004234394073
57945731	0.000657382718755783
57946971	0.00482112691530184
57949031	0.000800751520814954
57949581	0.00234722538612394
57950281	0.000619809578919432
57952150	0.000793626963065427
57953741	0.00315934577395752
57953950	0.000562235475490337
57954981	0.000890586264450767
57955521	0.000969944115609783
57957830	0.418953723592888
57958380	0.00219682232113965
57962981	0.00172612438459423
57963870	0.00217327493667559
57966230	0.000633065396101645
57966770	0.00307972434745018
57968290	0.0513853911547443
57968860	0.000561573858807382
57968911	0.0053639055690444
57973451	0.0565487869761305
57973980	0.000564840891075827
57974240	0.000619769300448168
57975590	0.0107009384079608
57978961	0.0146335584087557
57980280	0.00901883859607462
57997171	0.00221327061483047
57998800	0.0010049070968827
57998831	0.000739044726089696
57999340	0.00173791613425618
58000860	0.119043001621155
58006421	0.00120472764745093
58008150	0.000689073717170971
58011320	0.00132775945094855
58069581	0.000612019249553676
58099870	0.0235253092655818
58099921	0.00080877158734087
58103580	0.0364949726537146
58103791	0.00856682798431879
58103850	0.000744753605873793
58105431	0.0661757207157732
58109721	0.00961182546755178
58112540	0.000623092399346016
58114350	0.000737896193844987
58115190	0.000997108713550722
58115740	0.00111636904447552
58116891	0.0182184399741197
58117400	0.00453931611672913
58118811	0.00154956740096858
58123761	0.000617037620362214
58124591	0.00054136421359721
58126681	0.00140097364541596
58127361	0.0043479068600391
58128331	0.000698709209052071
58132030	0.000720950163985486
58132160	0.00258455317741324
58136051	0.00203826203525608
58136321	0.000656941547516359
58143990	0.000905666392748585
58146780	0.000987545234770761
58147580	0.000676380257820651
58150910	0.0126731214015746
58154480	0.000725984471551792
58154740	0.00245738191259677
58160061	0.000740657984833708
58161660	0.0006093503650256
58163921	0.00121636420847822
58164980	0.0006054937164164
58165011	0.0136231431142282
58166401	0.000871192104688238
58166951	0.000783185446900685
58178220	0.000634045007436795
58182750	0.00124189187438751
58186780	0.00169220334251745
58191590	0.00354268168817783
58192150	0.00153284780239082
58192290	0.0198466234791851
58192540	0.00054046923192608
58200850	0.000854908423173802
58206241	0.000746776750069371
58208700	0.000858112836685357
58209360	0.000559215239199995
58209800	0.00927574207495174
58210630	0.000608483005718244
58210740	0.00205582879785714
58215170	0.00074059316816516
58215330	0.0918676838780336
58221670	0.000680945477500625
58221821	0.00183988200987116
58221961	0.000811251348154086
58222070	0.000752753222348924
58222350	0.000925229543368508
58223081	0.00112213596607318
58225151	0.102483768394485
58226750	0.000565336541255022
58228390	0.00496501219907244
58228441	0.000891228224062977
58230180	0.0630052982252582
58230671	0.000612497567539211
58236970	0.000793191648342932
58240301	0.00266707348362916
58241390	0.00979025350363913
58243751	0.00063639075043962
58244010	0.114557519865826
58247450	0.278811754246051
58250101	0.000959181360325243
58252851	0.000608544539585255
58252960	0.00061931536074933
58254050	0.00197876375567029
58254460	0.00127326885606878
58257001	0.000795281246630492
58259180	0.000543928877298316
58265670	0.00081705975474651
58266730	0.00303905458402872
58268031	0.0136236083442141
58270190	0.0060511345588644
58270651	0.000754108773918106
58271751	0.0171208656148308
58273951	0.00275402486129769
58274101	0.000825666818111391
58274590	0.00192030323291004
58277520	0.000572391708300885
58284280	0.0069126902598646
58284810	0.00322925395340659
58284861	0.00102952720877837
58286381	0.00134148802834217
58286460	0.0123843415020048
58287290	0.00151616485513207
58289261	0.00786741689789764
58289650	0.00142610059226138
58310771	0.020253941238432
58311590	0.00108094672299444
58312660	0.000521989932379354
58313380	0.000731670330471114
58314170	0.00440085602288242
58316981	0.000695804302427121
58322340	0.0384042373425863
58322361	0.00301445219104197
58325951	0.00112610649553553
58331830	0.000530746204913732
58332280	0.0041787864256742
58332581	0.00106247162633045
58339351	0.00177743317353209
58341090	0.000603251684368783
58347730	0.0123192724355639
58348140	0.0294390929710266
58348670	0.000513741780151268
58349251	0.000710725279320171
58349961	0.00640568223101804
58353650	0.00122015428315919
58365910	0.000952291939953928
58370381	0.00423884242672148
58371191	0.0109541021102486
58371410	0.000622394439308763
58375310	0.00419889012761891
58376110	0.000854630466757591
58378231	0.000579800625627757
58379280	0.000784930002291496
58381220	0.0113681421798515
58384540	0.00189962099096106
58386190	0.000892517428979668
58391170	0.000709988536640257
58391840	0.0044786768069608
58397100	0.0161389164071607
58397661	0.00250632672629938
58399181	0.00210750264561777
58400680	0.0543073274936095
58401090	0.00935116233669439
58402921	0.0238463132907133
58408571	0.0208681765024378
58410990	0.000779802885250399
58415560	0.00265951075962105
58417961	0.000814506230627272
58418030	0.00136607805893987
58420691	0.00303046530238097
58420701	0.00072876856975286
58420711	0.00133412901829172
58422060	0.000647476449505661
58424991	0.00172992315192665
58426511	0.000726623738182631
58426570	0.000611734947495314
58426651	0.00436625132174656
58435130	0.00251555238630308
58438501	0.000707356584242736
58438730	0.140019783399034
58440161	0.000694923818497732
58443580	0.00110267706306048
58444090	0.0574795660100466
58445880	0.00411735562053585
58447710	0.0118522873075772
58453391	0.000615137133247662
58453480	0.0216489126341274
58458020	0.0481001556173745
58458631	0.00112619217233382
58463570	0.000557764978568687
58466911	0.000649324847099843
58467560	0.00104074709563424
58467670	0.00138070535926556
58468220	0.00695957212006619
58468711	0.00214023618023344
58470750	0.000699982614874413
58472120	0.00375573479240036
58472400	0.00169607818976131
58473200	0.000586759139317619
58475700	0.0934533330711751
58475731	0.00350429169792175
58477910	0.000832304099960846
58480380	0.00162823143731586
58485080	0.00177389824094654
58488711	0.000851536483554274
58488841	0.0010761758495607
58491420	0.0108524876106796
58491430	0.00184693735631559
58492271	0.00118044972080533
58498201	0.282758759265629
58500711	0.000598552477687525
58503881	0.00329417338497064
58504080	0.011879803186571
58507451	0.0701320942420319
58509880	0.000891695536793981
58511150	0.000736018517446399
58511581	0.00395989098340699
58512681	0.0743455532559345
58513220	0.00342446001841989
58514491	0.0204891225763937
58514740	0.00448016777106878
58517781	0.000662519050544671
58518050	0.0114319542432854
58525921	0.000763459655783333
58526740	0.0185058027981894
58527741	0.00612748416027165
58528001	0.000846273724000519
58528110	0.000608391991747657
58528701	0.00512937869452223
58528920	0.00073779040859422
58538891	0.000543156501908873
58539051	0.0128271065836415
58543690	0.00350704374283266
58543980	0.000608122560378482
58547181	0.114545302356516
58548421	0.000592743812799459
58550911	0.00262848865315938
58554990	0.0286275827628925
58555260	0.000687462354465317
58559810	0.00228564825623982
58563940	0.00292252276265872
58564760	0.000977831829549604
58565470	0.000767206416477976
58565490	0.000549409415681887
58567041	0.00105099385309665
58567161	0.35819544106385
58576671	0.000716217726209325
58578191	0.00634844803891236
58582201	0.001363158321207
58582980	0.00249639456543989
58592811	0.00161668875264128
58596681	0.00212641498544634
58599591	0.000838038788557783
58611790	0.00108351548891609
58619550	0.0024074397211296
58623301	0.000916811575820053
58624230	0.373018228873897
58625781	0.00376720514604581
58626331	0.00449954562075965
58628510	0.00207054549876844
58630160	0.00144822474546924
58669200	0.00061319505665491
58673040	0.00840727681987292
58673460	0.000665131017639086
58673491	0.000664402691926785
58675431	0.00376779868185745
58675550	0.000536543620342133
58678881	0.000774574779141422
58680210	0.00140640673051528
58682160	0.0877252392357104
58682191	0.000888123977091737
58684340	0.000844470198650872
58685351	0.00116402302905151
58686061	0.00762654175131991
58687011	0.000829279341039728
58689590	0.000606004074552171
58694611	0.00369496428514305
58698300	0.000824578766431793
58699691	0.00280156022727755
58700251	0.0638544831773161
58705870	0.00603004591882536
58707260	0.000785795628066615
58710420	0.426898545875435
58711820	0.000662510985793845
58713450	0.00314307381994192
58713600	0.00246335993103628
58713870	0.000851813071304427
58715810	0.00196341072061228
58718321	0.000940261217855409
58719141	0.149902855531659
58731001	0.0635303576748505
58732811	0.00593965671077999
58733081	0.019505355934954
58735110	0.00955315908409923
58735981	0.00609885940840064
58738160	0.000676270884736892
58738970	0.020199423741658
58739520	0.00208096176509735
58740480	0.000828040561284708
58741850	0.000881658942317545
58743250	0.00968211647687666
58743640	0.000546284300273918
58743711	0.00481697178026257
58745880	0.00168632478436066
58746311	0.000559756768900427
58751780	0.00843685391674738
58752210	0.014323829678772
58753190	0.270970139835577
58756381	0.000617971323645182
58757201	0.000814323647797799
58765440	0.000652934282482623
58771151	0.00135073839664676
58772651	0.00234780395690385
58772920	0.0606676864566991
58774270	0.00424688763907352
58774680	0.000726091367423978
58775090	0.00574219073845666
58776900	0.000608638853695447
58777361	0.00061851127500525
58778321	0.000787664951969253
58780340	0.000798909206224523
58780740	0.000604590104779563
58782031	0.0125707024422651
58782690	0.00227315799095515
58784381	0.00160054803314679
58785190	0.000732434795263037
58785320	0.00362759952530328
58785341	0.00341048986881912
58787910	0.000565072984247316
58790020	0.11143862004875
58790311	0.00518647998402301
58791660	0.00101813912048662
58791961	0.000838813077744514
58793310	0.20709176492853
58795630	0.0100213423038488
58797450	0.00160173295742118
58803260	0.029660435342144
58891780	0.205421239305898
58979200	0.00283885863817485
58995890	0.0109635715392061
59001150	0.00358964770196814
59010291	0.00617086583855231
59081530	0.000995507912105162
59095490	0.00944426686772115
59100850	0.0282285926311441
59128440	0.00706688672560427
59170951	0.00563964986369186
59221970	0.0234192989856638
59241851	0.00305994086296551
59365770	0.145124206678214
59429131	0.000691901254184598
59437900	0.21332670203478
59475280	0.0027190067303278
59491700	0.000698777189488441
59508140	0.000734473882259695
59516701	0.000945093064799716
59524711	0.00167637649125583
59593111	0.0204689420585083
59606470	0.000678278522944354
59609900	0.0121695188019117
59658430	0.00899896419401451
59747820	0.00136735276406141
59800831	0.131383627847927
59886830	0.00341498689442357
59940121	0.0520078957581859
60118981	0.00228461100836377
60171770	0.00422078544021937
60174950	0.00103421631780928
60178141	0.00827622286650247
60201010	0.00111117183224799
60246291	0.00104769769958926
60246360	0.00104164561926408
60262080	0.184281945610444
60262421	0.00074222471062732
60268351	0.00106088167633982
60272720	0.0725677658598053
60292590	0.00450293711923148
60299590	0.00265163746144347
60300700	0.000703034159864386
60309120	0.00114760908474844
60324850	0.0247612104631429
60326541	0.000930897519016663
60336320	0.000704204008745858
60351340	0.00392040402677335
60379190	0.00204990946593239
60399210	0.00246898986578618
60404570	0.00195772270806595
60418770	0.000918014986647288
60439340	0.000772398330835198
60445930	0.000630104975112187
60449230	0.00125260855764741
60480850	0.0034361018341882
60544741	0.000677959054554824
60558050	0.00709349347721618
60576311	0.0229974084480891
60606791	0.00145518867463891
60636041	0.0006343972334397
60663560	0.000818969188550386
60711471	0.00511112411552401
60769900	0.0169392640278024
60817500	0.000949909360879425
60818740	0.00076302650421222
60819451	0.00117108475126471
60820510	0.00103301878372651
60821200	0.000851072416025588
60823441	0.000765901636408881
60826170	0.00138654586298677
60846570	0.000585793765032558
60849210	0.000724172525313597
60883581	0.00269585997877974
60885330	0.000753085289501347
60886170	0.0221377003412944
60886560	0.00137182191814675
60888080	0.000771264584487908
60889040	0.000690613820645933
60891301	0.00491500132256136
60892360	0.000825845269955548
60898170	0.00439162169871075
60901521	0.000683895590323192
60903800	0.000927811029603021
60908100	0.00394273758722262
60908411	0.0190449250216577
60911181	0.00907454888837677
60913320	0.00162129817302839
60915301	0.0904090934775686
60921241	0.00562077820841545
60923571	0.00535875077881991
60924230	0.00699313002344357
60924800	0.00076368921154191
60926331	0.00542107008915351
60928141	0.00256079664620083
60929521	0.00835809286772357
60931400	0.00757201340426248
60934051	0.00169065150314546
60936490	0.000723387178754506
60937511	0.00104902376901614
60940210	0.000702189765073073
60941931	0.000784659957110055
60943311	0.0049788193035357
60945111	0.171357170352617
60948490	0.000723302226831914
60949040	0.0718603979420499
60949180	0.000701436125676459
60951120	0.00074480026094233
60955451	0.00311581497608322
60955520	0.0273680543031134
60958751	0.0100863108810288
60960660	0.00314373678112841
60961180	0.0060573770493609
60961890	0.00195715544411217
60964490	0.000943212590986251
60965480	0.00239260273432723
60970030	0.00126203220330782
60972790	0.00109718054524708
60973771	0.00180718574293422
60975841	0.000546968019315753
60975861	0.00903329695090178
60977070	0.0205914000682842
60978150	0.0050831690527204
60978730	0.00714924405562644
60981931	0.00400024429191108
60984920	0.000781249531419408
60986010	0.000724044489974409
60986440	0.000559754717778678
60990440	0.00200429376889083
61000121	0.00077417498973578
61001440	0.000847159051213236
61001911	0.00718182028948128
61005440	0.00108451706869192
61007380	0.0134981031415482
61008240	0.00137657884191067
61009730	0.268352386646087
61011940	0.000915346529659883
61012070	0.000568569291486528
61014020	0.00199873482985481
61015291	0.00390859967810381
61022751	0.000912011084821224
61025190	0.0223876206451695
61026690	0.000597384444332299
61027260	0.00189155628938776
61035141	0.00096332013187837
61035721	0.0151865030223887
61040210	0.000912952668994481
61042471	0.0018039724266434
61043380	0.000616425314580495
61044070	0.00755702606921699
61045310	0.0077060205817758
61048750	0.00172053357259792
61049081	0.000749200413129847
61052661	0.00067337910530996
61054130	0.00254849946215074
61056931	0.000798962707460156
61057911	0.000673024914881431
61058751	0.0010960383832209
61060661	0.000640657321707121
61061710	0.000662268833962129
61061921	0.476637339459647
61062000	0.0466792510261
61063441	0.0838427664971565
61066020	0.00651731833837548
61113980	0.000571080899498325
61117720	0.00107728410321834
61118451	0.000860897259222478
61121600	0.00180776293326292
61123281	0.000764508870081015
61126051	0.0016996280319351
61127021	0.00352405161695943
61140111	0.000923079715217261
61147151	0.000616119992500522
61149710	0.000617740210665983
61149901	0.000700485154345264
61150290	0.00080265684620051
61150670	0.0132637890462882
61153580	0.0233011880329255
61155100	0.00659539766165398
61157010	0.29112373068399
61161050	0.00116381034375839
61162540	0.000940803795906677
61165980	0.340390709564534
61173580	0.00118339942953693
61174031	0.00189501699046605
61179530	0.013128500320275
61185751	0.00072764941924051
61186560	0.0108994067973394
61187380	0.00130074809709789
61191660	0.0258243540538361
61192190	0.000976378149225971
61192251	0.542073307741319
61192760	0.00661123305140634
61192910	0.00067085223303552
61194161	0.002997119940567
61194670	0.0613865118994727
61195500	0.257800927961891
61196521	0.00477669757494183
61197201	0.00209809025890466
61197481	0.000873640264200084
61198321	0.000618274833754587
61201331	0.0110696662457455
61203910	0.00731496663948353
61205211	0.000713874253820056
61206171	0.000810834163795282
61214000	0.174731670990823
61216381	0.0974011780886265
61220200	0.0292908792978994
61221550	0.00302209376245055
61221980	0.000592831925561864
61223940	0.000727973235065282
61225560	0.00144345133914871
61229040	0.00118974405088081
61229140	0.150728229765661
61230960	0.00139455571243088
61233180	0.0520059335018817
61234660	0.208132542751468
61239480	0.00110427136546347
61241201	0.0303183454815695
61243090	0.00293485734127236
61243490	0.0634727343893177
61249321	0.164474809298911
61249450	0.00340742533134196
61252320	0.000781313332762653
61253690	0.0294471773237517
61257601	0.000748749207535743
61259510	0.063827286934031
61261690	0.00083534355973079
61262100	0.00709105932498468
61262171	0.000648665474672852
61263210	0.000561493208810799
61266280	0.0192168284207821
61266561	0.000602320128935595
61267251	0.00124173809223129
61269710	0.0122707515372297
61270420	0.000791716338376737
61272310	0.00176425492311023
61274250	0.000635722605481403
61274390	0.00165276981991842
61276350	0.000694954100509998
61276480	0.00736973426892944
61284070	0.000619445726813097
61284231	0.000695498654863802
61285331	0.000759720405031287
61285601	0.00145234725037818
61285761	0.00577868463836735
61287200	0.00278236573321666
61291930	0.000773903798085335
61293751	0.00332929467239376
61294690	0.000818166434022959
61294981	0.000947496434730513
61295131	0.00129073576531006
61299661	0.00476438900440153
61300211	0.00186522719812919
61302130	0.000771360388122737
61302940	0.00064536937916442
61304091	0.00075050416280796
61306021	0.00247788991991047
61307131	0.00078532620416113
61307210	0.0302800665239245
61307821	0.00091766361033283
61312740	0.00178607575085361
61314370	0.000595241686475647
61314831	0.00464424345035024
61315521	0.000793872761174882
61317820	0.00295820845307674
61318240	0.00104945954581422
61318550	0.00130483648483847
61322820	0.000585949059958356
61323271	0.0790320829044982
61330780	0.01917498367889
61330790	0.00201788976215966
61331090	0.00109118420846315
61331350	0.000945007902096437
61331510	0.0018794750735815
61332221	0.00181866375480393
61334380	0.00165672085906528
61337030	0.00121933839926745
61337731	0.00114755599210569
61339090	0.0012593732077542
61340300	0.000792611082750156
61342240	0.000780782742586579
61342831	0.0025813893352726
61349570	0.0184213585500553
61361290	0.00237013800357862
61373260	0.00229591328366533
61391801	0.000668801429318507
61401420	0.000893748896612986
61404221	0.00160106228650119
61407261	0.000866853540923147
61409830	0.000671774475840431
61414520	0.000964338085635953
61420891	0.000906372362127329
61422250	0.0015965179741153
61428040	0.00142095672369506
61445940	0.00234707825032142
61445950	0.000950780692718936
61448631	0.00170779799097381
61451040	0.00247769188479978
61451251	0.0203148485964743
61453731	0.0451989285266415
61454810	0.000757993628790846
61455360	0.0586555967828774
61455480	0.00181582709236425
61457430	0.0183675521710888
61457660	0.000943810904672123
61458401	0.000726032428198031
61458681	0.0133546979433005
61461301	0.000778122958538233
61464700	0.00304320086900627
61466230	0.000720774287605337
61466630	0.0243776177866091
61468761	0.00804774010608515
61470141	0.00136276736683681
61470250	0.000987522625214114
61470390	0.0019952585879222
61471080	0.00149444913640491
61471921	0.00243690081714344
61472700	0.00117155289440712
61472850	0.0423567459943365
61476020	0.000780481231680614
61479630	0.0737737940914397
61480430	0.00367788957201346
61481441	0.000728217715073593
61485000	0.00104931100859221
61489311	0.00287939845202945
61492580	0.000727433932037646
61492600	0.0301744011356622
61492621	0.00502181876033072
61494250	0.257625719800732
61494530	0.00100068216909886
61494561	0.00513702949425781
61497311	0.00673511644992738
61498080	0.0011660984394474
61499040	0.277913148249249
61504891	0.000716652126847292
61509700	0.00464254962868422
61510110	0.000801362741504078
61511770	0.00328044574472409
61514121	0.00915613130251539
61521021	0.00123486032591232
61523590	0.00443313322486177
61523911	0.166362826683565
61527081	0.00148176392584173
61527750	0.0585726906840003
61528310	0.00317197764657705
61530240	0.00200676884993613
61533390	0.0067485285310245
61533530	0.00274134297012466
61540280	0.000662859433009542
61540690	0.00349092610271995
61541000	0.000708762574426394
61544000	0.00811055327981332
61544720	0.131935022653132
61544751	0.00139206158937179
61545520	0.00339604045996622
61547880	0.0285919716300295
61549441	0.144392275670187
61551190	0.0199409420660921
61552980	0.000856751705082273
61553000	0.000874376556119482
61558070	0.00279130443243532
61560300	0.000612199915166415
61561670	0.000636655012361188
61563590	0.0107203655273298
61564270	0.475171343811729
61565110	0.00308882056224584
61565410	0.0050940935281376
61566100	0.00118232002251187
61571870	0.167685365771907
61572150	0.013553410738238
61575241	0.00930472449301163
61575860	0.00483778943311368
61578930	0.00100538435765266
61580761	0.00462088666825987
61582350	0.000806477663360354
61595170	0.000756905395630725
61595610	0.000805488544693123
61598060	0.260194703449971
61599720	0.00203264255315265
61602200	0.000789026928363018
61606620	0.0104270317304244
61607921	0.00580017012756518
61608690	0.0022385535950423
61611101	0.000926377172462145
61611190	0.00230191807865539
61611491	0.00676123212462455
61612000	0.00438503601600425
61613031	0.000618742951502023
61614391	0.00090031860602063
61614750	0.00251411619945627
61615600	0.000539015876249694
61616061	0.00101368949051826
61617851	0.00159494936019104
61619361	0.0283955750617302
61620311	0.000579393029617249
61620830	0.0644411467904288
61621410	0.00158137555771258
61621441	0.00795673837762898
61624181	0.0127172205587672
61631491	0.000849466221339029
61635990	0.00107595991953979
61636201	0.0245646235457626
61637540	0.000615125457275055
61639921	0.00485224747624634
61647300	0.00546043711291089
61651590	0.0055389124879002
61655190	0.00131857494438837
61656820	0.000683144112037907
61656830	0.000624443041132115
61657841	0.0118475658078329
61661950	0.000563202338528159
61662350	0.160074574968188
61662470	0.0475883544233864
61662521	0.000911957103820515
61668560	0.0120176865425381
61669250	0.000915901830924273
61669841	0.00241627455969375
61674350	0.00295923464374188
61677961	0.000688861904269609
61679880	0.00434061062214735
61682251	0.000576422780777277
61682370	0.00575131283810347
61682780	0.000968411979816538
61684601	0.0114946232647544
61687641	0.000891584601010964
61689851	0.000629261838634455
61690401	0.00278218872677263
61697080	0.00254505456176105
61697940	0.0029904711956088
61698200	0.00385197602824338
61702210	0.016506790755333
61703891	0.00128399410223633
61709431	0.00057774306846922
61715180	0.000729637872711616
61720191	0.00362154306403967
61722900	0.000708291287109082
61723190	0.00698042623920512
61724710	0.00452433498645553
61728000	0.000815158318064477
61728130	0.000675426972089092
61728260	0.0013043324658748
61730531	0.00562867127667336
61737100	0.00217241146067852
61739071	0.000765856297541702
61742091	0.000895702947248558
61742220	0.00198017986704049
61744560	0.0981220452617425
61746791	0.000926387884880476
61747351	0.00119891421209289
61750531	0.000581311796362466
61753421	0.00308767391836627
61754900	0.0123381913276139
61760800	0.00175394420329277
61761981	0.00273796584682048
61765681	0.000558609172631398
61772451	0.014887415025108
61774910	0.0010159972554101
61775201	0.000754987083053689
61775481	0.00100310305229325
61776721	0.0768436517214096
61778641	0.000616897845857532
61779751	0.00106552585046251
61781350	0.00125738345340266
61782060	0.00376832423617525
61784700	0.000673114429468439
61785780	0.000720640303921829
61790470	0.00858162047284524
61796670	0.075091881462965
61797900	0.000826547247795389
61798460	0.000576721253082876
61798641	0.0172658806529974
61799560	0.000633417288286166
61799730	0.00173405694749175
61802330	0.000622829774391099
61802340	0.0107549176157664
61802371	0.00226718717917051
61805490	0.0169622982779181
61805500	0.0236829914468187
61806860	0.000933640259409474
61810101	0.00202119608895958
61811720	0.0136230361417557
61812130	0.0177879608953333
61812451	0.000616493744121662
61814080	0.000750580704477332
61818460	0.0429718124715717
61818771	0.00116694136650966
61822111	0.00778814587958618
61824410	0.000535949956298698
61824550	0.0502504826203726
61825271	0.00294217945287824
61826050	0.0189858445661975
61827550	0.0130885933298303
61829421	0.0240361543553438
61835410	0.0248813439463895
61835601	0.00220534484078949
61836420	0.000662099336176848
61838180	0.000879527580234643
61838890	0.00062462159581708
61839611	0.000603120994812854
61843321	0.00315691548897489
61848851	0.000650709670186312
61849121	0.220010836812903
61849220	0.000841147294267349
61850040	0.00821141078738854
61851420	0.000771468422005499
61853090	0.015318972222584
61853760	0.00216271180910657
61855010	0.0238304045481643
61855980	0.000606104996444341
61856861	0.000741151015683763
61857620	0.00533443797949177
61860431	0.000747453415546487
61860650	0.000719336506364306
61863731	0.00139743800010255
61864960	0.00202784058002922
61865251	0.000624555466155789
61869780	0.0252167815890582
61875321	0.00306898519540126
61876281	0.0680311047291561
61876510	0.000717970148180147
61876820	0.0233181596982465
61877671	0.0153386592870402
61878190	0.00399240856976527
61885070	0.00103335524137045
61889490	0.000888263691860897
61894190	0.00564125578546838
61894771	0.00219657618846554
61895741	0.385039543799975
61897100	0.00133025356756355
61897650	0.00224842994056949
61899860	0.0143195545553476
61902180	0.0165572883758923
61902771	0.000896219417381441
61905920	0.000928175434471743
61913630	0.00881037607649756
61914190	0.015819351160161
61915341	0.000588596453688094
61915881	0.00145630780727991
61916711	0.000813616696212968
61917931	0.00106462979758419
61920841	0.00192218620653408
61923280	0.0073736306594431
61923400	0.228270659872783
61926040	0.00187541440327152
61927140	0.000777920357765375
61928441	0.00108704534973106
61929541	0.0416950024069195
61929801	0.00149467311202799
61930330	0.0791440557477078
61932820	0.0160914981910407
61934720	0.00118530858187742
61938860	0.00273360497080828
61940431	0.000814028631399671
61942160	0.00167287861101328
61947970	0.00067760817292445
61952510	0.000637769138299128
61952991	0.000942622637313
61955191	0.00213653368907787
61956540	0.00112803517064222
61957811	0.0725695121020041
61960260	0.000766673423984213
61961050	0.00105877295004758
61963400	0.000628167936630146
61970160	0.000549790503731374
61971950	0.131724776318478
61973050	0.000595581478899249
61975710	0.00640683447988706
61979570	0.000751667110526882
61985801	0.00188960993777301
61986870	0.106163455402686
61989620	0.000994961464777861
61989661	0.00289553382052981
61992360	0.000612203040144856
61994221	0.00284977583668843
61994310	0.00337774163259388
61996500	0.00363155297348611
61996950	0.00204788084728992
61999191	0.00134743554233049
61999410	0.000871159735230878
61999820	0.00101297038875672
62000090	0.000741421834783193
62001811	0.000885258660220643
62004940	0.00103671590033644
62005231	0.00101607623483514
62006310	0.00073130395064145
62006860	0.00293375345340614
62006901	0.00305657111991814
62009651	0.000870322215567559
62010771	0.00086206365551956
62011991	0.00498502426923854
62015191	0.000709265234573759
62016260	0.00185927790885908
62018501	0.0179282108819037
62020930	0.00291877479235309
62021190	0.00229543679449739
62025190	0.0123202312778044
62027150	0.00090513448857479
62027991	0.0427469483475098
62028520	0.00252226531663524
62032841	0.0124323934119642
62032920	0.0126351889189994
62035140	0.24517926603982
62038580	0.00107083910616497
62038720	0.00187063619808337
62046491	0.000709066235535146
62049040	0.00176552116618156
62049610	0.000861577567608254
62051851	0.00256462225481605
62053231	0.000705963433681352
62055290	0.00184569114518891
62069060	0.00093935965756708
62069371	0.00426913611938158
62069791	0.000921006179734052
62076151	0.000853325662072028
62077450	0.000958890607479307
62077941	0.00460243834637045
62078010	0.00140166752717076
62080121	0.000710410501071964
62086331	0.00127609056104586
62089391	0.0165037206415545
62093381	0.0131282528469875
62094201	0.00345611267694665
62096691	0.000825552957369073
62098590	0.452097745296293
62099321	0.00113031606261439
62100691	0.0129499402734856
62101371	0.00131137154656191
62101641	0.00147318226222007
62102320	0.00135680837983639
62103851	0.00720204560290483
62105111	0.00251816993173112
62106690	0.000593858731305723
62108080	0.0028747057898304
62108910	0.000694773301672518
62111841	0.00364157273143331
62112271	0.015438100099718
62117860	0.000567429197567054
62118420	0.000548090403140096
62126761	0.00277312880845029
62128281	0.00881002792746312
62133870	0.000736624222799575
62134140	0.0206323528274074
62136370	0.00624907316163727
62143550	0.000699010018468786
62143561	0.0013002520808218
62146290	0.000984929174744175
62146850	0.00154758222875164
62148681	0.00133911359513636
62153501	0.00064451249766603
62154461	0.000745994122721473
62154891	0.000619256136801002
62156271	0.150833259207328
62157580	0.000560935670372439
62157641	0.00340370031719992
62158621	0.0013481118097163
62159670	0.00073993067604102
62162130	0.0233781129386567
62164360	0.00393718329491348
62167021	0.142999799636688
62167140	0.00497498198374469
62167830	0.000858022930337018
62168910	0.00810016235673165
62169921	0.00248272980990087
62170621	0.0005921175924786
62171260	0.00153944037053079
62173911	0.00151497136105855
62175031	0.00353442034066731
62181320	0.00388672706440506
62181610	0.0187839619264679
62183571	0.000935234942824894
62187161	0.000861628688496089
62187291	0.0017013243233749
62192100	0.000663497237780218
62194751	0.00132806659708283
62195701	0.000657662111810811
62196360	0.00115065506141264
62198871	0.000684865585812814
62199701	0.000647861332359892
62200100	0.00165622976855558
62201320	0.000979319544610028
62201990	0.00167502849211924
62204111	0.00202185151342858
62204271	0.0251565011870581
62208330	0.00139006300414037
62208650	0.00195196262901308
62211011	0.000717606726128949
62214201	0.234778934813402
62214680	0.00062731183918486
62217720	0.00571098641956768
62218160	0.00102138724818463
62218300	0.000548327651785382
62221610	0.0185770902260146
62222871	0.000976602037280085
62224370	0.0120694270717568
62227120	0.0111071814166177
62228951	0.0451170757270724
62229081	0.00435603950047972
62231581	0.000810743451064817
62232681	0.0227903890471161
62242871	0.000556372250243322
62242960	0.000612256802090849
62244541	0.0025631093986911
62245720	0.000672372354513424
62248210	0.000886471945949795
62248931	0.0702476736883728
62250871	0.000881245577869851
62261470	0.000792197868392317
62264090	0.093399054545105
62275920	0.00704178424776075
62277720	0.0101352108249092
62278191	0.00722120123327895
62279271	0.0112450779506707
62280661	0.0114409910770375
62281641	0.0808245683610173
62285600	0.000989125089890963
62285771	0.000542472791292882
62287220	0.217228228244808
62291360	0.00172653946493043
62294980	0.0326666934635116
62298690	0.000605555308708135
62299660	0.000996247696446742
62303930	0.00229799051897498
62305990	0.00984683897495746
62306250	0.00125068934486314
62306970	0.000691219759107328
62307510	0.0619666382864684
62307790	0.000903595976110242
62309430	0.0214015678832769
62309501	0.0110263381924147
62310410	0.000902688828841483
62310540	0.00161555462890821
62312080	0.000648745976831979
62314601	0.00069462532549731
62317471	0.000739707336173684
62319940	0.00607934312193521
62321290	0.000855925864402235
62322301	0.0242218124495096
62324500	0.000877447739745771
62324890	0.000592716714939453
62326270	0.00120480454020385
62326591	0.0322180978892984
62330031	0.00109358165234766
62330110	0.440770978171699
62331421	0.00109552125178396
62334451	0.0673005857185971
62336231	0.00372165446248096
62336801	0.000774460324370285
62337570	0.631374426356457
62338021	0.235398473107164
62338451	0.263796278068689
62338970	0.00763592869995433
62339151	0.000631381638893627
62339271	0.00168467515134636
62339910	0.000949563423764891
62346031	0.00100484105377418
62353430	0.000963069670747106
62359520	0.000704260592850544
62360921	0.000734135879827181
62368330	0.00264602865581744
62370950	0.020207017995737
62371090	0.000770239487385251
62371691	0.00535367061873886
62372931	0.00586831244100991
62375780	0.265175656748105
62376391	0.000741698867558443
62381481	0.0203038923181811
62385040	0.374961198822705
62386861	0.00947929758649673
62388060	0.000731969442724293
62388630	0.000710470850412745
62391240	0.00260755025054726
62391971	0.000769280045554145
62393331	0.0217239473442005
62395070	0.0454805474466778
62396791	0.00355809996500168
62401450	0.105949101918805
62402270	0.000658375076496677
62402871	0.119911218872991
62404521	0.000657533651211904
62406670	0.000583672537934702
62410441	0.00221444632683882
62415090	0.0380927737878188
62416241	0.0165738181462498
62418711	0.000702360222821416
62419100	0.00339550242779668
62422280	0.00075880579994136
62424730	0.00132498880296655
62425020	0.00124215475587514
62425410	0.000977838152221985
62426120	0.00342777260435541
62426171	0.00208149949071971
62426420	0.00415456889422524
62431121	0.00371958869711209
62434650	0.00187712767461215
62435691	0.0105562684414
62436170	0.0130421912924305
62437611	0.00111024632495432
62438670	0.00267338807789444
62439111	0.0161979412637381
62442110	0.0365056129680898
62442441	0.0337447117768627
62444460	0.0011426226967111
62444760	0.00770824433043272
62446161	0.00160529499557436
62454431	0.00572158957678982
62455750	0.00977902220383204
62457030	0.00195363691553357
62457820	0.00212364493477441
62458680	0.0183843211666222
62463671	0.004852048550678
62464330	0.000843758846929225
62466711	0.00450027109752417
62467910	0.0839795222153467
62469591	0.00066894701260818
62472631	0.0033512143283729
62475780	0.000672102100608243
62476740	0.00301601405391368
62478950	0.000786453226138023
62479890	0.0124372357757828
62482650	0.0205478720888333
62483360	0.0341895477401378
62487541	0.000675986141444972
62488200	0.000714684055889015
62488371	0.000780253679133108
62492211	0.00196945399000777
62493170	0.00101564465523799
62493871	0.000698208088752307
62494281	0.0159217325483424
62500190	0.000867416374997153
62501160	0.00572297132140632
62501181	0.00183924254870091
62502960	0.00094349553942615
62503090	0.0226834218863177
62503510	0.00191171997460207
62504221	0.000822651429243621
62506011	0.000925925895830589
62510800	0.0840313493074938
62517030	0.000715272111359369
62524901	0.202858896424265
62527661	0.00581384714528003
62532330	0.00582179241549402
62532491	0.444606939262714
62533020	0.0107765892495529
62533280	0.00328510090388307
62535200	0.00177539913944815
62535821	0.00225594712392675
62536030	0.0461214946338101
62539230	0.0137578312280493
62545970	0.00663509017689678
62547330	0.000844566549317305
62547770	0.00230072975900872
62556020	0.00223093169198699
62556460	0.000800371099462971
62564580	0.000688285054630588
62567111	0.000795897663007315
62568020	0.0506045905882591
62571210	0.00616998717193486
62574530	0.192303489999251
62574961	0.000846094267108221
62575801	0.00113126696451739
62579360	0.00417769061899467
62579931	0.000796888463766965
62580870	0.00267376971322697
62586281	0.000657798777337114
62589301	0.00949405048698111
62592600	0.00177349017079835
62593430	0.000592504648776669
62594281	0.0105475452562411
62597410	0.0476892312129921
62598701	0.000871261043870091
62603200	0.000704921655268476
62605390	0.00168582809856466
62611480	0.0137958580980034
62612030	0.000585733553235415
62615091	0.0285022351191923
62618530	0.0054467415485233
62618790	0.000678493722315689
62621570	0.0452361039125959
62623121	0.00127945427196136
62623220	0.00292087078544924
62631651	0.000740760699808702
62632720	0.00060051669509593
62633441	0.017348004387497
62635480	0.00192414049948913
62639330	0.00230958541644944
62639391	0.0015566075910944
62641680	0.0211767155596587
62642551	0.0103780392702811
62643511	0.000596949621236387
62645830	0.0138556814655692
62649861	0.000904401667528754
62650131	0.000830236469916044
62653290	0.00143572201113895
62657161	0.00121756607070772
62657410	0.00097321611639081
62658821	0.0263319191305416
62658971	0.00086328873966166
62660440	0.000667358146001737
62660450	0.000696924949956362
62661311	0.172147954188298
62661560	0.000604676969014297
62664761	0.000719180130375411
62666811	0.000814255923488227
62673540	0.298082057147847
62673820	0.174609290754276
62681400	0.00478270182772886
62686210	0.0666764926304464
62687101	0.00253909411526387
62689161	0.00211159558552982
62690770	0.00562945330445489
62691320	0.000777504425531637
62691931	0.000821048486932753
62692191	0.0010276389937929
62702110	0.00164491140337242
62702790	0.480366602820298
62702920	0.00427330166624666
62704611	0.00229350827247599
62707200	0.000599544312444323
62713041	0.000599849794485038
62722131	0.074246057365363
62726520	0.000594553204639051
62730080	0.00322884962546187
62730531	0.000883422652752394
62733800	0.00797014202720454
62735350	0.00120538462959826
62739460	0.0020285954642026
62740061	0.00697815498290905
62740970	0.0111790054491872
62743381	0.00061151181814163
62745171	0.00171286607380995
62745571	0.0335522887671649
62747070	0.000736233365181365
62747620	0.000730667444873701
62749311	0.00232147384970841
62751631	0.00404906201138966
62752020	0.000809912406587574
62755590	0.00187236699621724
62758811	0.000775745088515635
62760420	0.00218829678102645
62761650	0.0033927176994845
62762920	0.0213785183316451
62767320	0.00437193980628424
62769301	0.00695330373913689
62771371	0.000813128720542525
62775081	0.000806748273466018
62775450	0.00182948960425225
62780710	0.000877213615792446
62781550	0.00722609363249291
62788270	0.00560890863203864
62788751	0.00200753379261285
62789510	0.000938960337756436
62793711	0.000649772386415366
62794480	0.00427464446650517
62794500	0.000748807650753569
62795050	0.0151231211200183
62797281	0.0606809271179655
62798210	0.000926016211703144
62800140	0.000753567571464621
62804280	0.00836367508487238
62804311	0.0147304594726982
62806090	0.0673317644078919
62807990	0.00196279193249088
62808321	0.0006114354229551
62819180	0.00096088973751452
62819850	0.00197616126667014
62821831	0.00354710627829377
62825701	0.000963419875669691
62827221	0.000896076895708599
62831430	0.00881335134890326
62837281	0.00214723096940281
62837500	0.0947448705896899
62840850	0.00182124869440311
62841120	0.0156752149189251
62842330	0.00169938399973725
62843020	0.000630250702520218
62845141	0.0140087427230351
62846101	0.00151712122970485
62846910	0.00151875479199675
62847641	0.0019045424052062
62853640	0.000703569231211799
62855740	0.000779774923294097
62858651	0.00659078820251034
62861360	0.000736342783594859
62864980	0.00603343105943392
62868010	0.000702595070233867
62871771	0.0183470119427253
62872321	0.0208699689047818
62880010	0.00133010215608783
62880051	0.00116298015168078
62886200	0.00183816752264798
62886391	0.00184033996004801
62886740	0.000654305411680193
62897640	0.00104973228023771
62901571	0.000947296706809406
62902340	0.00163184727853452
62905120	0.00226526773736525
62912980	0.0377061979992117
62913691	0.00204498118540684
62914200	0.00297143370635861
62915170	0.00070242498649749
62916800	0.00366627426679029
62919450	0.00169743313890803
62923170	0.00253327714119109
62925360	0.00260186016817453
62929510	0.00089905120991112
62931191	0.00723661190179957
62932041	0.0163707781814567
62937660	0.000664607952762034
62937971	0.000994601601744428
62939440	0.000857424507405515
62942870	0.00320190107911295
62945520	0.000847770911458109
62945561	0.00167581003633349
62947730	0.000654444444797013
62959560	0.0108277510698425
62960321	0.000761495932063306
62964571	0.0118854439329762
62965650	0.00107311771736576
62965760	0.00189884746291125
62965780	0.00110931580736174
62965790	0.00100019651530554
62966460	0.000648172887301007
62967621	0.00124618924040815
62968270	0.249065686150231
62969650	0.00133447808456671
62979560	0.00104969426916243
62980301	0.00177544111138122
62986060	0.000948723447689723
62987850	0.000765984712087073
62996851	0.000765883043548736
62997961	0.030417267960823
62998620	0.0657095447839588
63004530	0.00058109061489894
63006511	0.000854755712046255
63026470	0.000684845554629299
63026870	0.000668995333616257
63030091	0.0169026542031219
63030610	0.0571238251650819
63032670	0.000956614889283296
63034511	0.176841398759029
63050600	0.0258849112637981
63056171	0.00127533592026141
63071570	0.000796237538891683
63071980	0.00140687886836399
63073961	0.00331911956458243
63074221	0.00354155184024041
63076780	0.0020911374112203
63077760	0.000816394174907209
63079461	0.000677534749681547
63080421	0.00208283079738665
63080810	0.0752157685889829
63081521	0.00087345985652775
63083881	0.0023799655305973
63086221	0.00159482599615464
63086470	0.0209726261323182
63086750	0.000867840500390734
63098310	0.00117874733985414
63099420	0.00102326832757976
63104810	0.000686063906231694
63105080	0.0624168028718382
63105880	0.000643325480826533
63106860	0.00153102445361016
63107720	0.00259671584967466
63109190	0.000755014098832549
63113251	0.102197759470932
63124940	0.00155495535328843
63124971	0.000670990648492914
63127041	0.00249967421604003
63127051	0.00137764902645352
63131820	0.000730985101128975
63138621	0.00321544557950062
63139830	0.000893874630597775
63140230	0.00512738348754709
63142071	0.0068106475282317
63142170	0.0277136628284955
63142750	0.00172963428416781
63143680	0.00124638753830717
63145920	0.00535932480158701
63146710	0.000995544698407569
63152561	0.00159546836884224
63152711	0.00274770872541218
63152930	0.00473527670916005
63155160	0.0298488458829689
63155191	0.00134403263281095
63157500	0.0179991182266541
63161780	0.000813765252313845
63168540	0.000788626019051762
63169900	0.00094893810743402
63171591	0.00373160899019078
63171680	0.000801424652731786
63172400	0.000684545208957517
63174611	0.000728107046859727
63177651	0.00131154920508578
63182361	0.00251683955100241
63183721	0.0134393223723137
63186860	0.336547961092209
63191000	0.0030625876026271
63191550	0.0016916641837586
63194631	0.000657309694663938
63196780	0.00140991917425312
63199321	0.000691074569569195
63200950	0.483424822061
63209241	0.0296468787691589
63211280	0.00109137210915547
63215960	0.00116296576836437
63215970	0.000861380012529997
63216981	0.0122407345517192
63225791	0.0235277452743632
63228271	0.00099040687116082
63228541	0.00325768320023856
63230280	0.00356232433592033
63233880	0.000741389043719508
63234570	0.0213184705124841
63234751	0.000676503349128473
63237251	0.00304457725128649
63240821	0.00128579138323511
63241480	0.00101048868156764
63248110	0.000743509388840514
63248230	0.000716098357624025
63248350	0.000915423002481008
63248900	0.0131592212061442
63251000	0.000921181901940258
63251270	0.00119181779929635
63253070	0.00175619957083749
63255431	0.00115816542291273
63255700	0.000843759815465904
63256080	0.00107376232168053
63256220	0.000755255948925386
63265661	0.316512705114274
63266351	0.00450398068043607
63270450	0.00281921687678114
63279851	0.00102989781910385
63281730	0.00157626777053228
63283420	0.00109849864385046
63291280	0.000864712984057741
63291291	0.00320539235384134
63297610	0.0802474509177692
63297661	0.000887690955458647
63300251	0.000701538154761598
63305521	0.00135087853483701
63306020	0.000775589754627112
63306181	0.00180605094439866
63308230	0.0203651584984429
63314830	0.0474866744680681
63315991	0.000866673461463299
63317030	0.00190163364050395
63318820	0.00381398434877273
63319950	0.0435772734405064
63321310	0.00206756572791327
63321330	0.00208288697629911
63323820	0.00491570941443475
63327110	0.000872274924409945
63332780	0.000992330118864221
63332930	0.000699297189673534
63334290	0.00498445042390697
63335380	0.00390342760977705
63337450	0.00204543751838805
63341600	0.00291992906955213
63342270	0.000779983652795208
63343370	0.000745524046026119
63347011	0.00380490781430758
63349040	0.00133881715065183
63351390	0.0101250792235135
63352661	0.00160662341752841
63358150	0.0169576619051429
63360480	0.000758114211966874
63360930	0.000653867293090571
63363370	0.00115194432718865
63369620	0.00467668894419924
63374041	0.00127544682496553
63375930	0.018702890459083
63379851	0.000938852278707969
63381511	0.000915881491980963
63382061	0.0137334962560889
63382601	0.000938716929583039
63383100	0.00150991153809082
63397710	0.000789666845972797
63401050	0.111365223331893
63401071	0.0579000409511519
63401511	0.00301644655772966
63402871	0.00548854606290202
63402960	0.000667786107686553
63414120	0.0127801947446628
63414440	0.00250994178660954
63416261	0.000737785897428085
63417040	0.00315389053165555
63418400	0.00069332784964724
63418410	0.0560502216269673
63421621	0.000927492467914292
63422550	0.000808546673925419
63422820	0.000806564054829005
63425030	0.00162316714471517
63426591	0.00322579389901998
63427271	0.00104711856299461
63440360	0.0098940048405538
63447701	0.00101141818592608
63449050	0.00160792505790463
63449351	0.00175446922722726
63449600	0.000698113220940567
63451120	0.183698483417667
63458710	0.00732664391314485
63461190	0.00166842095236144
63463691	0.00128001161288861
63465460	0.000649581203031885
63465491	0.000933223491096323
63467240	0.000744917830045025
63468060	0.000844506610950633
63472791	0.00127123344624065
63473560	0.00195058665310379
63480880	0.00114219697871486
63481621	0.000864707588663518
63481740	0.00071873455503043
63486161	0.000815927121665123
63486830	0.000817933757336314
63488350	0.00188303136928822
63490000	0.00211658427785347
63492480	0.0180990413689922
63492640	0.00341985765030837
63496050	0.00106942739893659
63501430	0.00305265286802256
63501730	0.000688143920242847
63502441	0.00104037935979795
63503650	0.00127233809726073
63509631	0.000988408900551108
63510250	0.00110954156107433
63510820	0.00136363358233882
63514940	0.000664158161101783
63515640	0.000676564674263643
63518871	0.000637661353526285
63519250	0.0281177418493238
63520620	0.0121343822277234
63525430	0.00176285275111204
63533491	0.00240909254118014
63534970	0.000785119836196426
63537460	0.00121726560743889
63538140	0.00121468382252612
63538721	0.000704158476814293
63539271	0.000908785526399187
63542431	0.00066411312908557
63542981	0.0256159231505047
63546950	0.000729348797945871
63548200	0.000757975348943379
63550311	0.00575546260781143
63551070	0.0015983753145372
63556111	0.00221005235900021
63559531	0.000817072473371323
63560320	0.000850851210433019
63560511	0.0010446877550424
63562171	0.0124241296778357
63565331	0.000784144310097931
63567930	0.000775274191833073
63575541	0.00107238645235239
63575900	0.00100099272254456
63580760	0.00160102767277312
63584050	0.00174131525682007
63584350	0.0119991540595984
63584361	0.000803070471706883
63589560	0.00958568855288448
63590100	0.0110277628541007
63590841	0.0065879831470331
63592521	0.000683130937247066
63598670	0.00156558117485202
63599920	0.109302048484154
63609461	0.000744261239075485
63609580	0.00067636324547622
63614421	0.00135108852452099
63617690	0.000902155769752986
63617850	0.00427665755599175
63617881	0.00118591761747462
63624091	0.00105183258498918
63635490	0.000722762734381806
63643411	0.00083522427435459
63643510	0.00113220388110674
63646100	0.00101288593057694
63646240	0.0345986158314649
63652610	0.00194761178747849
63653741	0.0027449868795073
63657341	0.000713759287509894
63658171	0.000937622945953976
63661321	0.00577414353455706
63662031	0.0096620929389156
63671900	0.000764282983951173
63675671	0.000744858292807369
63677260	0.00111054492979373
63677601	0.0243363189469256
63681010	0.000758123968008811
63687401	0.00236209190211473
63714411	0.00185126641023117
63913370	0.00787752159722205
63914210	0.000756944070365445
63927880	0.000646998982696195
63932450	0.000589680317508031
63951880	0.002326030278835
63952410	0.00107628250023424
63975221	0.000711095821218807
64026330	0.00210925942419403
64028471	0.00192812467064063
64063911	0.000766025010323505
64112550	0.648111835062195
64120800	0.000743366236416579
64146101	0.241001421193761
64173080	0.00134653935950299
64181480	0.000650077550617857
64181650	0.00743518337459909
64185800	0.031632589202295
64190511	0.0102545216691566
64197900	0.00924663531894885
64226040	0.0009061209634056
64236991	0.0771563723640585
64238600	0.000664856459845523
64289210	0.028237192914022
64315020	0.000675444037161195
64374600	0.0277693593852625
64376001	0.000711099961839398
64404210	0.00607933731381644
64441340	0.0338997505869969
64507851	0.00443356450285803
64521860	0.00113578578864539
64538840	0.00196129882332747
64547930	0.00563050162060034
64553190	0.000711299971999193
64561231	0.000736446018586763
64585491	0.00154672060358546
64594581	0.00565439988875064
64627240	0.001042254549456
64633040	0.00194718879567906
64635841	0.00146032803463214
64651691	0.000581827660569597
64674820	0.10963090406866
64676330	0.00177038664611195
64677901	0.0041118056725728
64680190	0.0348960968134126
64681071	0.000970957908809524
64713990	0.000913854940484939
64715920	0.000722568134025629
64726571	0.00108139238031561
64750400	0.000725381970964944
64752231	0.00121162023545958
64756070	0.00521941107066049
64765321	0.0106959209551953
64766950	0.00075928157040473
64771541	0.00894899680373523
64772730	0.00320594960287127
64774140	0.000751872233637924
64779340	0.00189103990406407
64781440	0.414577245600162
64783531	0.000847698378226504
64785130	0.000878821418330671
64792081	0.000766115878965905
64792170	0.000656794399115918
64793191	0.123243770159898
64795251	0.000757095522519238
64797051	0.000790072833835914
64799251	0.000998941117808542
64800990	0.00183518441960346
64805720	0.00188849776995027
64806400	0.000727405790991865
64809481	0.0297819210646346
64813430	0.000766042542531337
64815961	0.001513450907122
64821150	0.000874287176048081
64823381	0.0419054926952547
64823811	0.00107408673028912
64824330	0.000813910210458276
64824850	0.00224011341934112
64828060	0.000778941177884546
64828740	0.00167986372467476
64829300	0.00261096500966504
64833051	0.0169004142936148
64837020	0.000713462850797924
64838260	0.000935666064057345
64841970	0.00172037445665089
64843671	0.0944592980903453
64843801	0.000757232334672666
64844580	0.000848362702688845
64847340	0.0024125053931888
64851391	0.000763747689553443
64853010	0.000741212050487919
64853430	0.0206463379707591
64864221	0.000673003480806861
64865051	0.000898924226203543
64867931	0.000746116298509729
64870240	0.000630265162317392
64872921	0.00315192573857367
64874141	0.0027162022326753
64879541	0.000903187574965932
64893741	0.000762037959076615
64900180	0.0413896610782266
64904911	0.0466403569925071
64905120	0.00608124075685583
64908470	0.00112213907822357
64912290	0.00196373879538256
64919511	0.00485081556191367
64921301	0.00116639654071737
64929960	0.00103277825058844
64930950	0.000943486819115533
64931470	0.0671609698811044
64932341	0.000874792208515225
64937130	0.00220203414470895
64937570	0.000771445413585924
64940860	0.00225843720863611
64941191	0.00186231679504365
64943261	0.000856135406124409
64945161	0.00080682011987302
64946001	0.000751934500855681
64946411	0.00493025292715699
64951391	0.000831995048969912
64954701	0.000583515189385215
64955371	0.00427175810877497
64956320	0.0466610255462455
64958151	0.000927262039631963
64959781	0.000814240598269478
64963740	0.00108423374617123
64970831	0.0173866585727386
64971101	0.000735451592305996
64973571	0.403286279017691
64980290	0.0380486000069653
64980570	0.0281463295724026
64981120	0.00069268025353387
64982110	0.144077430191031
64982691	0.00077081754273338
64991391	0.00104673927767377
64992280	0.00408188324696884
64997530	0.00203829817428529
64997660	0.00491492775361653
64997851	0.00120714369268495
65002541	0.00519902120085589
65005000	0.000922010814725772
65005991	0.620403386726622
65006510	0.00317128630458334
65006561	0.000775688082878314
65012071	0.000808082528102191
65015620	0.00431469452096243
65023180	0.00252202525078546
65023190	0.00199093429295841
65024471	0.0452213980555199
65027350	0.000863744717874972
65028180	0.00648425232848318
65032061	0.00218406788183652
65034800	0.000696505426662237
65042080	0.00090823088988576
65044000	0.000688126250457161
65045390	0.00213294488522711
65045431	0.0369628939368735
65049280	0.00637781490006578
65053711	0.00194718956749682
65056010	0.00068890602530967
65056020	0.000704879835128854
65056191	0.00510256759582323
65057571	0.0635688901408279
65058831	0.000773929150658383
65059030	0.0210934963337948
65061280	0.000965433838554566
65064621	0.00135838309022614
65066001	0.00071412818683048
65066080	0.000619202660283611
65068270	0.000784092938379897
65070100	0.00113870031295065
65072450	0.14394686440001
65073790	0.00170181293643089
65075371	0.00137444715769579
65076341	0.00579214278074815
65077380	0.00272301149813231
65080061	0.000590887908991669
65081861	0.000870727422645967
65089120	0.0204134724890081
65090131	0.000785338831806521
65090661	0.0231050791614247
65090750	0.00342080710604534
65095990	0.000771597222720827
65102261	0.00200323799771553
65111771	0.00102058476702577
65112990	0.00711077735203869
65120690	0.00191282785423754
65122610	0.000649780947975862
65124720	0.000694099935460723
65126750	0.00761309407659604
65127990	0.0241412250748053
65129820	0.00119042497493951
65130620	0.00186699273754979
65136051	0.00339246606701991
65136840	0.000908515059867088
65139310	0.104047166490229
65143200	0.0060712393386898
65145380	0.000905842573819756
65149260	0.00195564608734318
65150510	0.00837801007644773
65151071	0.000835113119954042
65157291	0.0194391621600867
65158190	0.00114391175914398
65158210	0.00113597615645138
65158330	0.0206732077736804
65159050	0.00106120977798333
65159180	0.0052519534779141
65160061	0.00102635091258722
65160410	0.00344754259555784
65164471	0.000768749739654605
65165270	0.000658158228628655
65166880	0.000730444186299055
65167590	0.373751577378535
65169670	0.00300214120716864
65178620	0.0116169216977981
65182610	0.00200731131809294
65182640	0.000930256570971825
65185400	0.00620834075322705
65185981	0.00885190371345862
65188191	0.000706588311136707
65188400	0.00088690048696651
65194610	0.0016908479128484
65195081	0.00102034342904377
65201271	0.000763160941398267
65201821	0.000804008396326925
65202600	0.00804722879388469
65202931	0.00129019012360126
65203160	0.0047527707359789
65209640	0.001106423600669
65216430	0.000741583054210416
65216710	0.00297892621734215
65219190	0.000681351700530954
65219860	0.000708122441119911
65222200	0.000666216097530987
65222210	0.00164669150136545
65222651	0.00135431988104721
65223211	0.00094691723921174
65227310	0.017681041797764
65228051	0.00119915266071862
65228601	0.00163070963079891
65230600	0.00266588288172882
65231631	0.000977866502420216
65238470	0.0203026696721845
65238500	0.000641333869536155
65248980	0.00270386206242472
65249360	0.0227105212549136
65288390	0.206763777951645
65389541	0.0439121360222193
65412120	0.00365491848782868
65513780	0.00187049362178872
65514071	0.00100906995547795
65620800	0.00974698428336379
65656811	0.000751954111597357
66033891	0.0114889509839195
66045570	0.000688984414644559
66057191	0.00117142539868796
66096190	0.071661129770387
66107811	0.00203952049382092
66108840	0.000865218143746074
66114630	0.00132209777212633
66137420	0.0192120059846806
66139760	0.000863039455054318
66148621	0.000951241525084871
66191501	0.00168695571701392
66193690	0.000599717489612911
66195080	0.000861978995713943
66245660	0.0246947762834519
66261820	0.00146995340999067
66268601	0.000787191795962385
66293281	0.0107927369104338
66353120	0.000715330381216441
66424840	0.000896778666832659
66466381	0.00445627514149752
66487741	0.0249367033091717
66512100	0.00160677665872954
66526480	0.0054471375748716
66550730	0.00133785893801122
66582071	0.00156584294018341
66592011	0.000767757287842486
66600421	0.000947441039172584
66657651	0.000916638014298333
66683301	0.00264515674222115
66699800	0.00141727234117778
66712120	0.000784055499893169
66734030	0.000817607638161684
66767140	0.00100444543466126
66785330	0.00102761666877955
66794741	0.00635210344203746
66836080	0.0511869222209698
66843540	0.0006984005805616
66860551	0.00621608788459335
66928920	0.0104754310290358
66932360	0.0638354340581197
66938150	0.000712114112482218
66959821	0.00837165543649296
66968261	0.0646328554319887
66976941	0.00214038226900937
66978250	0.0119138914828737
66987810	0.0508556129663716
66996460	0.00252188389011142
67003530	0.00535323832256758
67115531	0.00248160657035089
67144200	0.000659496270711855
67196320	0.00091350640040563
67203801	0.0466039545139146
67203910	0.00253739076232456
67214530	0.474766984605194
67218551	0.0428145032396643
67221960	0.0236811302023378
67229570	0.11206072505961
67232081	0.0028112170764802
67232170	0.000607812559377194
67237471	0.00116318042854369
67249300	0.000656122639597459
67250011	0.000659808394948794
67250390	0.019591857180853
67250841	0.000787801218944204
67251521	0.000788610342258412
67253550	0.000784403359727626
67255801	0.000832508424420967
67258220	0.00335166298596265
67258841	0.000770983230081933
67259640	0.00337438218514052
67261721	0.00322176245189055
67263661	0.00407583248457359
67263921	0.00126681266542111
67266230	0.00268314266882489
67267111	0.172094381177277
67267190	0.0057519766236113
67270220	0.00706706491046963
67270910	0.000584184843584051
67275760	0.0024397976981625
67275951	0.0894063907971491
67276580	0.00237622564582294
67278490	0.00238833425737207
67288751	0.00266246930797321
67290230	0.000828427749608689
67291900	0.000644492231996775
67300911	0.000772033562933212
67307931	0.0587694266273628
67315600	0.00127314131283623
67321161	0.0117153538083757
67331730	0.00356755502682442
67335730	0.00159074908679095
67352881	0.000731294200596273
67352970	0.0010090254628719
67361711	0.0025054431743983
67362110	0.030781874844328
67364590	0.126636092600811
67370800	0.017227698753922
67371771	0.00184064132849855
67376440	0.00134582181890299
67377260	0.00326164202222421
67379241	0.00395855771147177
67382941	0.0539551118769435
67388700	0.00094087609863488
67393100	0.000731851032718491
67395241	0.0026015873357002
67399921	0.000732516415676743
67403180	0.0031409191503305
67407610	0.00086763266916849
67413800	0.0297572057565606
67425680	0.00296397449996866
67430121	0.00475676678128742
67436990	0.00113967875571538
67437690	0.105696857133826
67437831	0.000956778798131279
67437851	0.000653646522083432
67438821	0.00223098073132841
67439620	0.00833080299888511
67440150	0.00100715773610436
67444481	0.00112366718072405
67445260	0.000892046713596869
67446340	0.0592165481081214
67446480	0.00071848044826165
67446490	0.000671634601461056
67452000	0.00900001399754038
67452310	0.00695620815343624
67453250	0.0132246095787907
67455211	0.00120714924262273
67456451	0.000748987705680319
67460550	0.00164558523495396
67464400	0.000730552738437738
67470671	0.0110243875820911
67474661	0.000809835951319458
67476471	0.000759338091980698
67479600	0.00167214785221902
67482261	0.000731444531881078
67484300	0.00724676879447091
67484400	0.00612679175260249
67484680	0.00303348251895905
67485230	0.00113623506628703
67490121	0.00990191799499717
67492331	0.00242866862529302
67492451	0.000802654862961785
67493411	0.113556984766669
67497820	0.00566444384172254
67498801	0.000943455186292747
67504721	0.035121656431272
67508871	0.00113489961608821
67509011	0.0036804393044459
67513360	0.00154215939047214
67515860	0.00098237801305331
67524721	0.0018734145481261
67527911	0.000950514256566529
67533821	0.00106730599245918
67534500	0.00109658338958116
67535610	0.00342119608762056
67539160	0.000720697063506685
67539320	0.000848584938107611
67541520	0.010650138924486
67541800	0.031631605772483
67542220	0.0112889664934536
67543501	0.00162076391864468
67543710	0.00074800719183361
67543850	0.000919752691713559
67547501	0.000785638782580122
67549711	0.00561213003750601
67554330	0.00113946877938675
67555440	0.000737103164074262
67557520	0.21576905449323
67560150	0.000781683534136324
67560721	0.000650584543157761
67569810	0.00419631228740851
67571180	0.000790351780661056
67576840	0.00165049311200968
67578931	0.00291429511989508
67592161	0.00636438106018284
67596430	0.000932075957567223
67603420	0.000836814400271592
67604290	0.00297404503638654
67605790	0.00220446981619371
67611160	0.000645838501064311
67611860	0.00215687538945694
67612540	0.244901632808369
67615211	0.000789405675053111
67615980	0.0011606424721106
67616311	0.000841086712128328
67618610	0.00119403654498244
67619700	0.000693633492047131
67622101	0.00159140524712716
67632940	0.00183824316065253
67633121	0.00221411328820002
67634460	0.000683564338055619
67634590	0.000701969908361884
67636571	0.299254008130446
67640970	0.00190611747689353
67646900	0.0158791774679032
67650330	0.000863120078951546
67650460	0.00067942627355157
67653131	0.000795469100757306
67656530	0.00549601570488706
67656940	0.00473802995487687
67659970	0.000854111621065539
67660451	0.00225301957165557
67661100	0.000750659682651162
67662170	0.000734536985633417
67664701	0.00819555482820144
67665141	0.000623029415205571
67665821	0.000897897916024006
67669281	0.000661146727707206
67669391	0.00138337350129415
67669770	0.00124859440798136
67672991	0.000892098784129641
67676260	0.0950596744725466
67677480	0.000800413014573807
67679621	0.000881748634249115
67680800	0.000950803421220697
67684291	0.000884201912325977
67689541	0.108231439974878
67691741	0.000652113548569082
67696280	0.000836015028663651
67704390	0.00366427507903253
67710870	0.00884240736435479
67712721	0.0218433017946509
67717671	0.00138340289804645
67720410	0.000685184364663374
67860011	0.00115167811141799
67860510	0.00687069418355459
67860940	0.00325755510457775
67861781	0.0359883496058184
67867721	0.00117947825246266
67871741	0.00291546597730557
67877910	0.000809612114626625
67879260	0.0157915971276153
67879950	0.0184825886033339
67879960	0.0430185112148515
67880250	0.0009454613429823
67884240	0.00124445948094198
67895311	0.000619886000886281
67898341	0.000985695840134506
67902471	0.00284053351510843
67909190	0.000689654989047032
67909610	0.0222072828591072
67916701	0.000651777672922132
67928500	0.00993285779985736
67936640	0.249857950598754
67943861	0.00388593755484369
67946751	0.0154759245479962
67959011	0.00286101240224121
67960271	0.000792689332148653
67962140	0.00614128227102929
67965450	0.00763114943051979
67971291	0.00111719215400356
67972650	0.000819402938338416
67975140	0.000995896511132085
67976951	0.00422151719003129
67983680	0.00133822157010501
67997740	0.00244014193033107
68002741	0.0356972575222452
68003400	0.00607233825759521
68006601	0.000601298399733375
68007960	0.0025962140687793
68012951	0.02065722590539
68015370	0.00369798135098722
68022741	0.00277079073230029
68023171	0.0019785314395398
68023581	0.00111179609525013
68027141	0.0183244554926391
68028490	0.00432461232120873
68029931	0.00154366574804984
68030201	0.00173326121532991
68030840	0.000819460896514409
68034741	0.223532319872922
68035421	0.0453548414406257
68036070	0.00335029637207424
68037720	0.000779615734469029
68041491	0.000766380427450649
68043110	0.0600170436414282
68043960	0.000936042812408983
68044261	0.0109894612246696
68048080	0.000642006699512396
68048350	0.00101985857104761
68048610	0.00269113315194611
68049361	0.0339361346576075
68049590	0.000986047942072845
68050820	0.000724157841552435
68051370	0.000876983164687004
68054990	0.000657285990554484
68055650	0.00101808321038941
68055780	0.0012328894443092
68058980	0.00106387043645233
68060370	0.00374924972672987
68061710	0.00278251869549124
68062751	0.000981837795287413
68062840	0.00217464359352148
68064811	0.00114818880513822
68065091	0.00140270339446674
68065710	0.000943477193211762
68066970	0.00101301136342965
68067250	0.000829316508574363
68068821	0.0109958802633811
68072101	0.0015506621102875
68074030	0.00303163702005528
68074051	0.00131267636231442
68074881	0.000884164975890079
68075780	0.000714792332340801
68076360	0.00142771560070353
68079441	0.00128321722836165
68082051	0.000681993477661074
68082061	0.000666506178299334
68094970	0.000765019396427644
68096480	0.00108790630234283
68103001	0.00150138803493284
68103011	0.000648758699365245
68103240	0.0163563571065134
68103910	0.00171378979266093
68105440	0.00248711054039449
68108251	0.0013058649925234
68112910	0.00156810606202319
68114441	0.000824046523064286
68115800	0.00204068720982933
68115910	0.002784371209199
68118451	0.00223875518244359
68118960	0.0159297494122873
68126400	0.0116804750304543
68127011	0.00266632243272594
68127271	0.000672566611563318
68128080	0.00161360263935
68130591	0.00782155822260171
68133880	0.00312403459677988
68135400	0.00467025616585542
68136460	0.00074718099314541
68140340	0.0007469138410362
68143260	0.45031235820725
68146160	0.000784926370301297
68147551	0.0020684287670623
68149751	0.000693932447407751
68150441	0.000825998541812073
68153611	0.0160788071768416
68155660	0.00168039785446594
68157911	0.378334365837701
68158820	0.000850696346550592
68159940	0.00158865442816296
68160770	0.0219587548872965
68167541	0.00122514769696584
68168391	0.000620812743458072
68171981	0.00065393389392449
68179261	0.000739101542186554
68179831	0.0151715217888884
68180200	0.000860213601789678
68181430	0.153553558508685
68181621	0.010376276349114
68185730	0.000801782976439778
68190540	0.0011688801227178
68191110	0.000586902041992998
68194581	0.0009824330473683
68194820	0.00198996132104898
68194960	0.00421485943647267
68197020	0.00349661771345689
68202980	0.0259840864460314
68204610	0.000639440555665042
68207281	0.00200783628043678
68208590	0.00784290610509274
68210420	0.00067834650256001
68211131	0.000817071043497317
68214150	0.00141340810942568
68217601	0.00103250652568163
68219070	0.469453093243709
68219831	0.0254447078306668
68222120	0.00144141117204579
68222311	0.00277447297902133
68224490	0.0215419011669172
68224760	0.00086151489952993
68225481	0.00542534470386427
68228251	0.00243413595117159
68228770	0.00097090063751977
68233170	0.00161725833531089
68235770	0.00439443273657904
68237891	0.0572863767498735
68241030	0.00119203418239429
68242260	0.000638316726994702
68244610	0.00120823416393266
68246560	0.012936553739836
68247650	0.0171430157896681
68249290	0.00246100368782669
68251240	0.00213516615009112
68251910	0.0146401451270526
68252620	0.00639131736590135
68253420	0.00074856704591368
68258731	0.00647254109818097
68261891	0.00265681745127849
68262451	0.0187462553421884
68263941	0.000708614457786498
68266571	0.00115304644651011
68269761	0.00102331021969345
68272651	0.00145091674667745
68276791	0.00288903445454809
68278591	0.00179235913408716
68280651	0.00119910932705313
68283100	0.00392971327590023
68285130	0.00266041274771306
68287630	0.00129927062236389
68289290	0.000760726369450221
68289550	0.00107016750079456
68290240	0.0024264122938545
68291520	0.000695717441675208
68291770	0.00718244768291642
68295060	0.000948594069143177
68295121	0.000704881072667175
68299480	0.000670414399719176
68299640	0.000803840401354888
68302161	0.00260225370013207
68304221	0.0014037335634508
68308170	0.00897555759498636
68310650	0.00100757082539349
68310950	0.000840080774511899
68313591	0.00130907095971681
68325980	0.186150251146555
68327121	0.000745322944350941
68338001	0.00265212388276874
68339240	0.0937419322778672
68340511	0.00135043863190131
68340580	0.00157940986232075
68343401	0.000851961282703085
68345010	0.00112661415009852
68345290	0.00135586946977398
68351220	0.000739207449592492
68354841	0.0134747170851773
68355391	0.00201393858186611
68362410	0.0186837986606483
68363330	0.00661636112386606
68363630	0.451326617607935
68363951	0.0322411995086052
68368860	0.00190032645336447
68369300	0.00172734728286891
68369570	0.00133430452763617
68369611	0.000905630693774872
68370380	0.00114829833398237
68370950	0.00584035953500939
68372040	0.000748047318308201
68380081	0.139340455817883
68380590	0.000852739487186486
68381970	0.00084172477394489
68387070	0.00228213032171264
68392720	0.00117731940831317
68393840	0.000793164245882545
68396870	0.00980719494163266
68397990	0.00477861264320691
68399880	0.000783322704453034
68400211	0.00111533684982091
68401731	0.0538576604160296
68402510	0.000898374284741645
68404170	0.000747114189142257
68404180	0.000955542522742387
68404341	0.00235158695110182
68405300	0.00312805700871395
68406851	0.000732223423169541
68407531	0.000685583268043449
68411060	0.000885053437126723
68413461	0.06369141983903
68413570	0.00191092147551445
68413861	0.01933028825783
68414161	0.000734622937807583
68414530	0.0014406464654697
68416020	0.000928548887220444
68416071	0.376780005963661
68416880	0.110957252080573
68417970	0.000670257792937001
68419640	0.0153379984729403
68422950	0.00561250370639636
68423640	0.00183355139961399
68425140	0.00111595044220394
68425441	0.000798587195275252
68426920	0.0305406127823714
68427220	0.00239178474044067
68427381	0.00604829722373525
68427740	0.00373275893892088
68428290	0.00190343457541383
68429000	0.00660446969638888
68429550	0.00108057837460526
68432751	0.00252137394698633
68433280	0.000731204410400303
68433950	0.00859146624557834
68437120	0.0026132568951457
68438230	0.00131181819652229
68439511	0.00111101427516802
68440740	0.00191282437321854
68440850	0.000639850134967251
68441270	0.0209335747093228
68444351	0.00241127159067985
68447801	0.00361565526623135
68450530	0.0019197859649063
68450800	0.000902205846773903
68450831	0.00220828738540188
68451121	0.00114183312498904
68453960	0.00573186401018337
68456740	0.0017697519298255
68456870	0.004551895588991
68458431	0.00127505816228863
68460471	0.000600176397395679
68462530	0.000815161880981779
68462800	0.00119062743387168
68468361	0.000639581088888439
68470640	0.000667202009371769
68471620	0.00357366480777544
68476020	0.000677506331953031
68477301	0.000884895044901785
68478510	0.00243465571691342
68484840	0.00108427268771423
68485280	0.000795877861612975
68487111	0.00109653833057588
68488030	0.000957788681892325
68490261	0.00077328738694021
68496290	0.00166667767768517
68500460	0.000927305655754206
68500860	0.00205013970795607
68502370	0.00272150958284028
68505981	0.0840918500421707
68505991	0.000685064710784481
68509031	0.000775746814087877
68509591	0.000847742936458492
68510401	0.123874125866208
68510831	0.00201474574197662
68512030	0.0013897034890507
68514691	0.00119512591709743
68515791	0.109618305495599
68516741	0.00199258771802745
68517280	0.0280208148184095
68521400	0.00150288484715038
68522240	0.00404731213658748
68524420	0.0012622144083161
68526141	0.015624755107007
68531911	0.363238935040385
68533041	0.0056573629971578
68533670	0.0305324090388209
68534350	0.00117164314756373
68534411	0.00105502298990035
68535641	0.00101334863890419
68539050	0.00114365982832328
68541591	0.00159098568118343
68541711	0.00440790099266927
68542350	0.000648819116451729
68542760	0.0734180368063008
68545041	0.166868135370806
68545451	0.000730213667576716
68545721	0.01842586140072
68551720	0.00308905936816265
68552850	0.000815093236673774
68553540	0.000776591078074355
68554630	0.0331636953211429
68554760	0.000597107026510558
68554930	0.112447023872189
68555490	0.00543741164859086
68555870	0.137041720420958
68556030	0.00130399427455781
68557110	0.00110941318025023
68558490	0.00930541326906272
68559330	0.000603052757312597
68559750	0.000975803535641148
68560891	0.0024651492727322
68561721	0.00397576028030874
68561790	0.000818013266071719
68562001	0.00074817163790094
68562780	0.000696255046624321
68562831	0.0142348891271741
68562961	0.000847547038668928
68563330	0.00070638123943346
68564550	0.00223946910459482
68564580	0.000796803910675515
68565591	0.00116462361441586
68568270	0.155567450185236
68572341	0.000925180875615697
68575600	0.0022965813582896
68609920	0.00240435524514417
68616980	0.000918461082598368
68619890	0.00462806561159114
68636611	0.00068636409081378
68637561	0.00162659682008509
68662381	0.000676128388288219
68662811	0.00722255030445138
68664731	0.00355265575745556
68672300	0.00243563744868264
68689411	0.000960632488349417
68715771	0.00160964179410978
68726320	0.000947885172597893
68732140	0.00154668403499093
68734760	0.00224927628758023
68736000	0.0023899957086026
68739850	0.0511780251959748
68744700	0.00459566731381663
68759560	0.00456869804477845
68761350	0.000703673248811467
68761360	0.0218801850466415
68762900	0.000707456779272819
68764181	0.00204502829603742
68764871	0.0010261326681801
68769961	0.00155235955692572
68770241	0.000914474168969102
68773510	0.0347642431410304
68777100	0.00183627394221507
68777681	0.00124428477516455
68777971	0.000793607497253032
68778531	0.005976591532398
68778590	0.00464205111691498
68782511	0.000774692301619394
68784250	0.00309598534896136
68786750	0.00276137812695722
68790870	0.000949888164674211
68791570	0.0115501814525692
68792301	0.00204728400893875
68792400	0.00124533660045539
68792800	0.00380796880399451
68794040	0.00110096489175769
68794931	0.00135830757012058
68794941	0.0048468592261271
68796550	0.000715273067903776
68796670	0.0657590592156595
68798371	0.00322131769895883
68799341	0.00615365823754166
68801490	0.140456532397846
68803580	0.00098820862428218
68804311	0.0012187959498165
68807830	0.00109216637035634
68810770	0.00185978978399134
68812270	0.00111107568766442
68820130	0.00230520164527978
68820291	0.00203334137137973
68821141	0.000736400959756709
68823201	0.011141782839577
68823870	0.0701419893980476
68824311	0.0012908904380294
68826900	0.00193786325876703
68828700	0.000844609922984717
68829261	0.00477164721580424
68830320	0.00369326040873873
68831741	0.0177034790800138
68832530	0.000928178801720445
68834620	0.00242221259796446
68837110	0.0256683112143006
68838200	0.0017337276824904
68839560	0.000963267187141059
68840110	0.000967485909878028
68841340	0.000741306399977945
68841961	0.000885000765459015
68844110	0.00571483646017665
68847870	0.0020800463266434
68848380	0.00510964543371249
68848650	0.00935801405353685
68848981	0.00308071118375171
68849090	0.0192536765327558
68850361	0.000872235509842684
68853780	0.000799689435453784
68854050	0.00114554913156892
68859191	0.00193619204099895
68859891	0.00323038031565018
68859901	0.001098829627258
68862081	0.00259543402190655
68862491	0.000971517243815004
68863481	0.000907426749687634
68866921	0.00084850204644274
68868810	0.073797966331531
68869760	0.000953559772169215
68870880	0.000794256699867963
68872011	0.00426110671995066
68872561	0.0708239244820322
68873770	0.118872492736611
68884100	0.26067820913641
68884790	0.00152246533826627
68885340	0.00397434829602305
68894241	0.00100588594373259
68897941	0.166928119154346
68898480	0.0293452967613107
68899160	0.00540223829507387
68903140	0.000759796280636864
68903341	0.00173459151079539
68904011	0.000700139178545324
68904240	0.021870251082798
68904831	0.00731881849502439
68908400	0.000707454095163374
68908441	0.000944679684154096
68911420	0.000773617261989219
68919980	0.000720843603517863
68921381	0.00366687390127805
68932250	0.00594381891313962
68933541	0.00109297068264777
68936001	0.00903129803669806
68943680	0.000642076816121101
68944120	0.0315078201239948
68945330	0.00415044764888223
68945650	0.00119272137226526
68946990	0.00106253962289199
68952820	0.00235939813559504
68953401	0.229481613260959
68954750	0.000907176009380707
68957210	0.0330216083191667
68959270	0.000719167051041912
68961681	0.00550401057471548
68966460	0.00157034284791784
68967031	0.00406027289266034
68967820	0.066117981107693
68968291	0.0192559873081888
68970170	0.0131631230968287
68970781	0.00111788032273831
68973350	0.00126698701753615
68975041	0.0030123650595787
68978330	0.000652593124724562
68996520	0.132876186181931
69581051	0.0642413561529127
69623470	0.000822162125102141
69623490	0.00101447872308227
69636911	0.100707864189024
69639880	0.00531483887283079
69640221	0.0044728153727285
69640351	0.00474537020378716
69643220	0.0294978459842147
69643330	0.000688247877520571
69644570	0.000779284020558583
69645290	0.0919057285442234
69645301	0.000644542379592624
69646421	0.00577233761656764
69648570	0.0092448189714133
69650080	0.00184818994436507
69650100	0.000709437895410055
69650110	0.00087814386703645
69651890	0.00584439108011207
69653940	0.175301535406381
69657301	0.517044832356008
69662800	0.00108125244538398
69667220	0.00612160759329324
69669660	0.000678905036530558
69670401	0.000601834626744122
69670681	0.000739002834698031
69670910	0.000744235619131509
69671330	0.0164207346099005
69672420	0.00096216687298668
69673700	0.000658239784649504
69675050	0.0218969987919971
69676730	0.00109298361737433
69678541	0.000812945284571504
69680140	0.0967175176868497
69685390	0.000664063118083519
69686630	0.000953627436652979
69691941	0.11050407313699
69694080	0.00202719504126376
69694131	0.000882256044565959
69695900	0.000736285396690062
69697171	0.0123715254338399
69699480	0.000707092663314453
69700140	0.000670331924971649
69701670	0.000851745739837209
69701930	0.00072151301800134
69703661	0.00075579367845787
69705280	0.00279934622673398
69706541	0.000864742333399599
69712990	0.000791322824075006
69713301	0.0114689112227638
69726411	0.00214611170444666
69729591	0.00265807194538905
69732061	0.000761395794281726
69733120	0.00247452308689015
69739911	0.000695270034776485
69741701	0.0131602465386703
69741711	0.00148486239955014
69747381	0.00124814297118698
69747480	0.00103144454693494
69750360	0.208150350432033
69750801	0.00251642507134007
69752871	0.000742961930677561
69754620	0.000763808894397139
69757680	0.00102678658246026
69758230	0.000640997637348068
69758360	0.0231606143556043
69761851	0.000984205127923729
69762801	0.0058658531664725
69764860	0.00088781764459238
69769281	0.00397247319864116
69769800	0.00104938747986195
69769851	0.000859238003545349
69771870	0.000917395265916682
69775060	0.0567489623138026
69776860	0.00182151958598101
69778121	0.000914232467961199
69779221	0.00336312806749418
69783180	0.00153643242038177
69789800	0.00150374372981822
69790391	0.00251089067661893
69791750	0.141231005771326
69792601	0.00179710777716303
69798210	0.00314340924482545
69799610	0.0276268405919878
69805550	0.00240776342234919
69810531	0.00182131089128861
69813950	0.000688175087702688
69819921	0.0186733862812158
69830801	0.0301744011356622
69848591	0.00104335381704201
69904710	0.0214467706926571
69909950	0.00177961542088009
69910640	0.00112673384651548
69912010	0.000791113472056982
69912410	0.0669473354277037
69912871	0.0164668212944354
69971751	0.0142546693116212
69971860	0.00113435667165913
69972311	0.00218970923278383
69975990	0.00147870763167944
69976010	0.000701504642377927
69979450	0.0018091869580745
69979751	0.00523610385992391
70035871	0.000749035058550847
70041890	0.000759723929011188
70044100	0.00169111912247289
70106091	0.0363120590946593
70110020	0.00796479265280162
70168240	0.0299946588812458
70170771	0.000834714656399008
70170891	0.00319879470754782
70171300	0.00158490637944739
70172161	0.00725195573029479
70176400	0.226242270820388
70236961	0.000955451198776321
70243000	0.00114510095111156
70243301	0.00121376403466562
70243581	0.159300337215779
70297771	0.00177245182679271
70300401	0.0144098267105075
70302830	0.00088356967819948
70365870	0.00121732045265309
70366051	0.000781947958501699
70368900	0.00189222636352205
70370741	0.00187598318372431
70371011	0.00194427109293727
70371861	0.152560743557368
70375380	0.00289867032316939
70431831	0.000839553087883455
70432381	0.204052893185633
70434400	0.0260134080370451
70467821	0.0192063360083407
70586400	0.00147083498563129
70676221	0.0898294660901298
71147450	0.0149530606362668
71174310	0.0019905629563458
71186470	0.00497545036958416
71289650	0.00267462258007522
71291840	0.00088222105321172
71340090	0.0111913074496617
71353890	0.00189100040598289
71355311	0.130134328651627
71357490	0.000868391681226236
71359570	0.000761296007104492
71359731	0.000956338238393196
71359741	0.00074533917275791
71359840	0.00113445878818223
71360220	0.0011442098892249
71360431	0.00109644344322763
71360630	0.389998843924264
71378891	0.0692197136648113
71382010	0.000817786066281414
71384131	0.000728530822578838
71386180	0.163192857797094
71388291	0.00464802776482878
71412940	0.00178751669278429
71424691	0.000649504566417265
71425200	0.00121280605567502
71431871	0.000876663932489482
71433310	0.000834513986934441
71434320	0.000776370776823483
71436490	0.00136641172477972
71436630	0.000776766254081174
71452620	0.00100772814380353
71456760	0.00068514993014484
71458320	0.014915749649784
71459431	0.154619338472905
71461801	0.0885506501572885
71475800	0.00601237801833595
71476350	0.00171555756645146
71482160	0.00111016780891257
71482440	0.00123534690289466
71484971	0.000956446178772064
71498430	0.000668316973737277
71499031	0.00105296625385016
71505101	0.00186044363894714
71506030	0.00160931116738855
71506471	0.00143617960819383
71509580	0.00166830538189007
71522471	0.00160204489568143
71524681	0.00222539898707761
71525050	0.00174237921033268
71527571	0.000632579770974625
71530290	0.000847257637991478
71530960	0.000980603518391701
71533340	0.00348289411542913
71533931	0.000830274259279988
71555011	0.00943438691648674
71556100	0.000724745425618949
71571161	0.00167758612494954
71571301	0.00146269812267654
71577050	0.000674410897050784
71577990	0.00408230966907815
71578311	0.00260643798700502
71581450	0.000775242937733699
71581870	0.0113765851604231
71596470	0.00335927144919556
71599240	0.00222218727401753
71600681	0.0107926641348979
71602871	0.00115527950342807
71608401	0.00326323117503778
71621030	0.224477182698231
71661430	0.0228509163875869
71677211	0.0189140891520947
71679240	0.00118364393124612
71682130	0.000758607138989155
71684381	0.00106760110348643
71687080	0.0084354903656949
71688900	0.00226803270387812
71717710	0.00157011243791573
71719510	0.00208893130902977
71721290	0.0162048269841049
71721600	0.00110142643592563
71734390	0.0201039028439482
71754010	0.000623961316585177
71756210	0.000699078886400424
71775121	0.00177945519525127
71776310	0.0380385179719541
71779080	0.00125122443307559
71781611	0.00405341757181961
71782581	0.00100894984389285
71783630	0.000742489750595365
71783650	0.00629804481270886
71786380	0.0683528861858316
71787520	0.00125865577332
71787691	0.00448377665126569
71790280	0.0554360419164128
71790421	0.0902681625765782
71792050	0.00134670250878309
71792361	0.0876131451742771
71804231	0.0074778170647914
71823070	0.0022857951921817
71823920	0.00108103425462184
71824620	0.00132869374711542
71825321	0.00141363317021617
71826151	0.0297335105104616
71841560	0.00101068710565361
71860911	0.00493073208898464
71866701	0.000686566105655026
71886021	0.00566306235089415
71889830	0.02379203104601
71891510	0.00706625325500543
71892310	0.000773405851773884
71892580	0.00756048344797017
71894011	0.0580249649510032
71919121	0.00145804455998903
71937581	0.0030429633964558
71953031	0.00231475988649171
71959610	0.00103743291043943
71969861	0.000819033229324395
71982080	0.0177738825671114
71984300	0.00187488626596602
71985410	0.0127013035317465
71985711	0.00159379414235131
71986151	0.000730988975929172
71988331	0.00166936050083477
71991470	0.00121550701688559
72009110	0.00381797627983033
72050261	0.00144976122181643
72051590	0.00193335589050752
72066630	0.00090899137190745
72067580	0.00343087694684457
72072580	0.000834374204340443
72083521	0.00151123219471032
72083631	0.00364884611939355
72096601	0.00101762994599703
72097841	0.000666119785696786
72105370	0.00563427317799364
72119200	0.000795771776782517
72126090	0.000729125526494212
72130930	0.00140770436738021
72135590	0.00249126102119462
72137721	0.0205281811814532
72139501	0.00074598119430495
72153120	0.000771824107887011
72155631	0.00307832701908738
72158401	0.00662053245703739
72159351	0.00515545549234048
72162230	0.0919076779421991
72175440	0.0937293340838177
72176830	0.00183352098811853
72178200	0.00271970830005514
72186090	0.000725475891937992
72187060	0.0142178317728957
72198230	0.00567231352389389
72198750	0.0143004723822202
72198910	0.0180356287128412
72199870	0.00755581297996553
72213681	0.0010866916873566
72221650	0.000729698929736623
72222460	0.000826279166433408
72222500	0.278522724635797
72226610	0.00287159358700896
72232051	0.000817981744845037
72232311	0.000657512212506901
72241821	0.00356659217813075
72250740	0.00098279177876341
72251710	0.000754452950529787
72256130	0.0036899894517525
72264601	0.00108719397650467
72279460	0.000904829961395625
72282320	0.00541825029823189
72282661	0.00103923392125951
72314630	0.000863303937836546
72326740	0.00108697880986359
72336790	0.0208318766308801
72347010	0.000940526796250667
72348790	0.0139220982298861
72350180	0.00172259330531647
72352591	0.0443578081034501
72367481	0.0413221170634537
72393541	0.00220647758764743
72394170	0.00158786449500434
72395170	0.000883569241202411
72396250	0.00138037754973869
72399731	0.000795473218127321
72417541	0.000849642790708559
72418580	0.0820291323344802
72443041	0.00163649233628426
72458160	0.00202473162786632
72466170	0.00181269739164098
72468540	0.00296090268075265
72474020	0.000693225642659345
72491331	0.000822155491272418
72493330	0.000672127647184538
72496540	0.00104997816933896
72498290	0.000805919797866722
72509910	0.0146131077607713
72510761	0.00204786746652812
72514160	0.00214791533378791
72514430	0.000966194927613628
72545490	0.000724711556007604
72558061	0.0696801300056796
72570160	0.00120627748848677
72571150	0.0408812877654609
72571970	0.00176796806279979
72574030	0.0011533074424616
72574040	0.000983798815422955
72578901	0.00319884355483705
72581651	0.00221060114787797
72582040	0.00213483198191018
72587670	0.000849257530786968
72589480	0.00107674947922721
72601231	0.000877571830984551
72604701	0.00163077089030866
72605350	0.00158586205049248
72618170	0.0181132735176461
72619571	0.000784403485044175
72621490	0.000698806404320764
72621610	0.000738605203166078
72628800	0.00204300353904388
72628811	0.00381329499430295
72631000	0.000864902143592862
72638761	0.00212541665994216
72638881	0.00397487122253316
72639041	0.000671129228607669
72645320	0.000962079637969391
72646850	0.000759499984197011
72650960	0.000774798577664282
72651161	0.000932628465343972
72655000	0.00176452415175074
72655171	0.000910568944688509
72656090	0.00248514431644661
72667520	0.000921019396608298
72671540	0.00152889185090999
72676411	0.000814046239611347
72683291	0.0075378415777309
72685740	0.00490763396473046
72897840	0.00163624586474084
72905310	0.0025779681534511
72916320	0.00179269005436929
72917040	0.00492720346734958
72921140	0.017477067983312
72925320	0.00064719590356284
72926670	0.00083177881454518
72928190	0.00084573398480099
72928470	0.00243234181763054
72929440	0.00307687504473635
72932921	0.00267081374184173
72939240	0.120100463182226
72943780	0.000701008668823846
72945850	0.00121592581903603
72948450	0.000863648923115875
72950420	0.000734690823643804
72958250	0.00108868257369663
72962011	0.0783667842041585
72965310	0.00100807737841975
72965450	0.00116169501786832
72965700	0.00508494852426901
72969270	0.00250379701303895
72972470	0.00132275988878911
72978250	0.000896662746180362
72978790	0.00969510911591771
72986841	0.00231353708957322
72988990	0.000842464182036144
72990841	0.0027744505989548
73005061	0.0199372544640913
73008870	0.000875755623288259
73017960	0.000990791931327969
73020300	0.000717781506318233
73022701	0.000734487095142074
73022721	0.00123011059040822
73022800	0.00434449342080177
73027261	0.0639724565900774
73027330	0.0412177488182584
73028480	0.000781517642769574
73031350	0.00641627057306773
73035671	0.00165256852735224
73037830	0.000854151799362913
73039391	0.0028282940493677
73045420	0.00107088342382714
73047210	0.0015682782151974
73047650	0.000677026086811145
73048221	0.00107452184058888
73049171	0.00119036479399696
73050130	0.00247665205273649
73055681	0.000931498552461454
73059190	0.0647765926961055
73059220	0.0281835846847648
73059750	0.00265064406059269
73061191	0.0299706459762064
73064050	0.000825552933147812
73066510	0.00114308575086514
73068201	0.000741252027299061
73068761	0.00105128614710998
73069020	0.00358795564844989
73071600	0.0337678804417005
73077031	0.00117289503116813
73080840	0.000913040170032817
73094500	0.00136393259060797
73096641	0.000830864100664173
73096891	0.00146457470347469
73097591	0.000910843419777898
73097680	0.00570791967672199
73100351	0.000715203505940927
73172990	0.000878510192051782
73381151	0.000779305024459817
73509520	0.0314103435093221
73523901	0.00219342284004369
73529890	0.00104652369487714
73536441	0.00112516391848976
73540711	0.00265814782379226
73541271	0.000714879179127211
73544260	0.00106599201135368
73550730	0.0291595365388657
73551000	0.000659044444248959
73559280	0.000681000098199412
73560571	0.000677775197655903
73561080	0.000649863317962328
73567420	0.00104053547028908
73568270	0.158617542529887
73572670	0.00206077682418074
73573100	0.00983637046430439
73578300	0.00115996516272157
73579430	0.00152475313179611
73580100	0.000717299524186803
73585111	0.000884364156839544
73585620	0.000702804124984205
73589401	0.0238464868021453
73702730	0.00171021013626995
73704390	0.00128571660403349
73711031	0.00428835893822263
73712100	0.00980294154233335
73722030	0.0179602921094418
73722050	0.00172703042895954
73723010	0.00222052514808519
73724951	0.025201838154653
73726351	0.00266967518101686
73728370	0.0057444728861471
73729470	0.00172638970226767
73731051	0.000677383079464132
73743181	0.00180690886969587
73752780	0.00287619180547591
73752900	0.0020565723513481
73755140	0.034051022728689
73757910	0.00210950496665138
73763690	0.082026964806598
73764411	0.0527304270670991
73765730	0.0766294060282048
73766741	0.000749195043975595
73768100	0.0469939149864095
73773340	0.0010314056538214
73777101	0.00287722400404204
73779690	0.000977149227219993
73781651	0.000613150060529808
73792131	0.000890984718246032
73969450	0.000812653966292931
74110140	0.00165644963036387
74113761	0.000829103230561
74116740	0.00168552157754383
74130670	0.0481918516699757
74131531	0.00336150574239767
74135360	0.0011901733987925
74137471	0.00176105537803956
74140931	0.0696785664470899
74141300	0.00181590088812335
74149280	0.00204230342237375
74152070	0.00240174993687013
74161840	0.00528823643905107
74164890	0.00188966864291135
74165580	0.00100064588435748
74167630	0.000751753431851995
74169010	0.0214639940835637
74170861	0.00126718958257627
74173130	0.0019430911908494
74179271	0.127347788779125
74338551	0.0050285746181862
74353981	0.000768761294841828
74360690	0.000654108492455392
74363320	0.0013519366866708
74364351	0.00268918004704661
74369670	0.00298116612061868
74374001	0.00448656727915589
74375450	0.0626185258190108
74381451	0.00246792137025368
74382780	0.00162212077094491
74385970	0.000693010344114571
74389041	0.00350686598247862
74390391	0.115174927974541
74392550	0.00189014916783681
74395081	0.0253980047158857
74407911	0.0217134734531494
74408830	0.00102768647146121
74409550	0.00074298981027763
74410240	0.00140474499091307
74411180	0.000802545252558913
74413510	0.00128567644587233
74417451	0.0430565667159007
74429510	0.00417557895680323
74433721	0.0022033036927744
74434350	0.00599435149074555
74436170	0.0939044281551493
74441851	0.0020044978158157
74448690	0.00241317160232821
74453031	0.00183082937713971
74456970	0.00911913899927121
74459460	0.0255515758513162
74474531	0.00105442055261814
74491030	0.00071934699642945
74498111	0.0064096830216565
74505551	0.00102946366244586
74508260	0.00154768053980904
74509110	0.0110328973713745
74515170	0.0025216222084318
74519890	0.00291965702128378
74522470	0.00493383689749308
74523300	0.00096418450045122
74535231	0.0028486986884386
74536471	0.00503787325844503
74537011	0.000781329277495781
74545011	0.00138306438175874
74548041	0.00509393719042462
74549841	0.000896609724285171
74558391	0.000949511925410099
74559081	0.019612029382336
74574620	0.00109822012506379
74576840	0.00118959085757948
74581370	0.0187881108442712
74590791	0.000714643097674076
74608660	0.00255338947126685
74610651	0.0121926600052397
74620530	0.000757074747264483
74621841	0.00262594301228495
74621961	0.0126306039997544
74625350	0.000778623299369036
74632820	0.00186368364013893
74632940	0.00145702627565016
74633920	0.000848570334092805
74635290	0.00507195784503294
74640680	0.00188550023023145
74652120	0.00724512931378946
74653831	0.0431216121432645
74655191	0.00108434534142095
74661360	0.0032885670806838
74663720	0.0204352449012681
74664711	0.126427221004252
74677910	0.000643751089686507
74688530	0.0175995720143574
74696161	0.000752163287056255
74698200	0.001879275473682
74709090	0.00105731644911239
74711960	0.0337385317902023
74714091	0.0468904387260131
74734600	0.0014984735944028
74734651	0.00224801430274931
74738241	0.00237204969986848
74738501	0.00174884691249896
74740270	0.00652358317863175
74745210	0.000844797138529769
74746870	0.00105959183164786
74756120	0.00109483763493903
74757811	0.00258240599098268
74772530	0.0040480800446363
74785951	0.00429595188738824
74794481	0.00110860781036401
74815840	0.000991665981338749
74827670	0.000833595276473271
74830730	0.000939115443270747
74839181	0.00350252593383645
74850040	0.00090794662149378
74854740	0.0339005883867259
74859390	0.000820360365356861
74874320	0.000787115168807688
74884411	0.00730728080008328
74886071	0.00158420525251011
74904350	0.0017547957104299
74904981	0.00235315506150114
74907260	0.0236016569666539
74907970	0.115298678779717
74910761	0.00243127965105652
74915670	0.000960260610387189
74921620	0.0320034726351552
74930720	0.00202072232931406
74935660	0.00269638202624835
74937781	0.0698230963114085
74942830	0.00180425097684383
74948380	0.00311183893205386
74951400	0.0232392973897219
74952681	0.00297483289101273
74974850	0.0157394873045477
74975930	0.0289528302368497
74979820	0.0175115273342847
74994410	0.00268146013312916
74997511	0.0101719217344943
75016391	0.00118409995796795
75017050	0.00270284183921102
75018061	0.00256917740501935
75031120	0.00197291111076588
75043810	0.0285327959047314
75059660	0.00490908985414949
75066290	0.00359258765332249
75070140	0.00423000494961282
75077030	0.00266660305746414
75082970	0.0119220464902796
75094171	0.00404611761877203
75095110	0.00145330706383781
75100541	0.0199822957629688
75109481	0.00281971198178762
75110970	0.0110232758313112
75112671	0.00186401299910184
75115711	0.00250195468401077
75118550	0.00258455568634947
75120401	0.0216584293696799
75131011	0.0242640997725146
75137870	0.00842821971195438
75147281	0.0319046407695912
75155981	0.00411588667090014
75187940	0.00671517912910973
75214571	0.00417057616274275
75225280	0.00493400374367506
75234270	0.00438638518263495
75236630	0.00692716605387157
75250451	0.0307126536107471
75254991	0.030074651280281
