tree
version=v4
num_class=1
num_tree_per_iteration=1
label_index=0
max_feature_idx=271
objective=binary sigmoid:1
feature_names=numero_de_cliente foto_mes internet cliente_edad cliente_antiguedad mrentabilidad mrentabilidad_annual mcomisiones mactivos_margen mpasivos_margen cproductos mcuenta_corriente mcaja_ahorro cdescubierto_preacordado mcuentas_saldo ctarjeta_visa ctarjeta_visa_transacciones mtarjeta_visa_consumo ctarjeta_master ctarjeta_master_transacciones mtarjeta_master_consumo cprestamos_personales mprestamos_personales cpayroll_trx mpayroll mttarjeta_visa_debitos_automaticos ccomisiones_mantenimiento mcomisiones_mantenimiento ccomisiones_otras mtransferencias_recibidas ccallcenter_transacciones thomebanking chomebanking_transacciones ctrx_quarter Master_status Master_mfinanciacion_limite Master_Fvencimiento Master_msaldototal Master_mlimitecompra Master_fultimo_cierre Master_fechaalta Master_mconsumototal Master_cconsumos Master_mpagominimo Visa_status Visa_mfinanciacion_limite Visa_Fvencimiento Visa_msaldototal Visa_mlimitecompra Visa_fultimo_cierre Visa_fechaalta Visa_mconsumototal Visa_cconsumos Visa_mpagominimo kmes mpayroll_sobre_edad internet_lag1 cliente_edad_lag1 cliente_antiguedad_lag1 mrentabilidad_lag1 mrentabilidad_annual_lag1 mcomisiones_lag1 mactivos_margen_lag1 mpasivos_margen_lag1 cproductos_lag1 mcuenta_corriente_lag1 mcaja_ahorro_lag1 cdescubierto_preacordado_lag1 mcuentas_saldo_lag1 ctarjeta_visa_lag1 ctarjeta_visa_transacciones_lag1 mtarjeta_visa_consumo_lag1 ctarjeta_master_lag1 ctarjeta_master_transacciones_lag1 mtarjeta_master_consumo_lag1 cprestamos_personales_lag1 mprestamos_personales_lag1 cpayroll_trx_lag1 mpayroll_lag1 mttarjeta_visa_debitos_automaticos_lag1 ccomisiones_mantenimiento_lag1 mcomisiones_mantenimiento_lag1 ccomisiones_otras_lag1 mtransferencias_recibidas_lag1 ccallcenter_transacciones_lag1 thomebanking_lag1 chomebanking_transacciones_lag1 ctrx_quarter_lag1 Master_status_lag1 Master_mfinanciacion_limite_lag1 Master_Fvencimiento_lag1 Master_msaldototal_lag1 Master_mlimitecompra_lag1 Master_fultimo_cierre_lag1 Master_fechaalta_lag1 Master_mconsumototal_lag1 Master_cconsumos_lag1 Master_mpagominimo_lag1 Visa_status_lag1 Visa_mfinanciacion_limite_lag1 Visa_Fvencimiento_lag1 Visa_msaldototal_lag1 Visa_mlimitecompra_lag1 Visa_fultimo_cierre_lag1 Visa_fechaalta_lag1 Visa_mconsumototal_lag1 Visa_cconsumos_lag1 Visa_mpagominimo_lag1 kmes_lag1 mpayroll_sobre_edad_lag1 internet_lag2 cliente_edad_lag2 cliente_antiguedad_lag2 mrentabilidad_lag2 mrentabilidad_annual_lag2 mcomisiones_lag2 mactivos_margen_lag2 mpasivos_margen_lag2 cproductos_lag2 mcuenta_corriente_lag2 mcaja_ahorro_lag2 cdescubierto_preacordado_lag2 mcuentas_saldo_lag2 ctarjeta_visa_lag2 ctarjeta_visa_transacciones_lag2 mtarjeta_visa_consumo_lag2 ctarjeta_master_lag2 ctarjeta_master_transacciones_lag2 mtarjeta_master_consumo_lag2 cprestamos_personales_lag2 mprestamos_personales_lag2 cpayroll_trx_lag2 mpayroll_lag2 mttarjeta_visa_debitos_automaticos_lag2 ccomisiones_mantenimiento_lag2 mcomisiones_mantenimiento_lag2 ccomisiones_otras_lag2 mtransferencias_recibidas_lag2 ccallcenter_transacciones_lag2 thomebanking_lag2 chomebanking_transacciones_lag2 ctrx_quarter_lag2 Master_status_lag2 Master_mfinanciacion_limite_lag2 Master_Fvencimiento_lag2 Master_msaldototal_lag2 Master_mlimitecompra_lag2 Master_fultimo_cierre_lag2 Master_fechaalta_lag2 Master_mconsumototal_lag2 Master_cconsumos_lag2 Master_mpagominimo_lag2 Visa_status_lag2 Visa_mfinanciacion_limite_lag2 Visa_Fvencimiento_lag2 Visa_msaldototal_lag2 Visa_mlimitecompra_lag2 Visa_fultimo_cierre_lag2 Visa_fechaalta_lag2 Visa_mconsumototal_lag2 Visa_cconsumos_lag2 Visa_mpagominimo_lag2 kmes_lag2 mpayroll_sobre_edad_lag2 internet_delta1 internet_delta2 cliente_edad_delta1 cliente_edad_delta2 cliente_antiguedad_delta1 cliente_antiguedad_delta2 mrentabilidad_delta1 mrentabilidad_delta2 mrentabilidad_annual_delta1 mrentabilidad_annual_delta2 mcomisiones_delta1 mcomisiones_delta2 mactivos_margen_delta1 mactivos_margen_delta2 mpasivos_margen_delta1 mpasivos_margen_delta2 cproductos_delta1 cproductos_delta2 mcuenta_corriente_delta1 mcuenta_corriente_delta2 mcaja_ahorro_delta1 mcaja_ahorro_delta2 cdescubierto_preacordado_delta1 cdescubierto_preacordado_delta2 mcuentas_saldo_delta1 mcuentas_saldo_delta2 ctarjeta_visa_delta1 ctarjeta_visa_delta2 ctarjeta_visa_transacciones_delta1 ctarjeta_visa_transacciones_delta2 mtarjeta_visa_consumo_delta1 mtarjeta_visa_consumo_delta2 ctarjeta_master_delta1 ctarjeta_master_delta2 ctarjeta_master_transacciones_delta1 ctarjeta_master_transacciones_delta2 mtarjeta_master_consumo_delta1 mtarjeta_master_consumo_delta2 cprestamos_personales_delta1 cprestamos_personales_delta2 mprestamos_personales_delta1 mprestamos_personales_delta2 cpayroll_trx_delta1 cpayroll_trx_delta2 mpayroll_delta1 mpayroll_delta2 mttarjeta_visa_debitos_automaticos_delta1 mttarjeta_visa_debitos_automaticos_delta2 ccomisiones_mantenimiento_delta1 ccomisiones_mantenimiento_delta2 mcomisiones_mantenimiento_delta1 mcomisiones_mantenimiento_delta2 ccomisiones_otras_delta1 ccomisiones_otras_delta2 mtransferencias_recibidas_delta1 mtransferencias_recibidas_delta2 ccallcenter_transacciones_delta1 ccallcenter_transacciones_delta2 thomebanking_delta1 thomebanking_delta2 chomebanking_transacciones_delta1 chomebanking_transacciones_delta2 ctrx_quarter_delta1 ctrx_quarter_delta2 Master_status_delta1 Master_status_delta2 Master_mfinanciacion_limite_delta1 Master_mfinanciacion_limite_delta2 Master_Fvencimiento_delta1 Master_Fvencimiento_delta2 Master_msaldototal_delta1 Master_msaldototal_delta2 Master_mlimitecompra_delta1 Master_mlimitecompra_delta2 Master_fultimo_cierre_delta1 Master_fultimo_cierre_delta2 Master_fechaalta_delta1 Master_fechaalta_delta2 Master_mconsumototal_delta1 Master_mconsumototal_delta2 Master_cconsumos_delta1 Master_cconsumos_delta2 Master_mpagominimo_delta1 Master_mpagominimo_delta2 Visa_status_delta1 Visa_status_delta2 Visa_mfinanciacion_limite_delta1 Visa_mfinanciacion_limite_delta2 Visa_Fvencimiento_delta1 Visa_Fvencimiento_delta2 Visa_msaldototal_delta1 Visa_msaldototal_delta2 Visa_mlimitecompra_delta1 Visa_mlimitecompra_delta2 Visa_fultimo_cierre_delta1 Visa_fultimo_cierre_delta2 Visa_fechaalta_delta1 Visa_fechaalta_delta2 Visa_mconsumototal_delta1 Visa_mconsumototal_delta2 Visa_cconsumos_delta1 Visa_cconsumos_delta2 Visa_mpagominimo_delta1 Visa_mpagominimo_delta2 kmes_delta1 kmes_delta2 mpayroll_sobre_edad_delta1 mpayroll_sobre_edad_delta2
feature_infos=[11675570:74979820] [201901:202107] [0:4] [0:98] [1:379] [-151658.75447184444:1227923.3149717553] [-561605.51107712672:4317955.0310631227] [-158005.79687749458:197711.25403858203] [-264519.74703258282:195661.88643455997] [-56551.945786871765:1043745.8984750534] [3:18] [-2236410.4335096451:22180730.778144177] [-2045.3611922166681:44985998.060941257] [0:1] [-2307708.7540798369:300690454.69] [0:3] [0:380] [0:3230766.5263393261] [0:3] [0:190] [0:1647599.8889901496] [0:462] [0:4785051.0646825852] [0:75] [-419349.25288193405:46449519.612468719] [0:431789.27395958203] [0:48] [-16276.383681752699:7887.056999216612] [0:270] [0:91499892.745542601] [0:257] [0:1] [0:3535] [0:2128] [0:9] [0:249078163.36839551] [-2251:4811] [-678805.26152063522:2973426.1743732677] [920.698045559712:8205033.6525993943] [-3:4694] [1:7724] [-41357.899320831806:1543591.0434302094] [0:153] [0:1793506.0185026971] [0:9] [0:232779607.16792271] [-2914968:4933] [-392514.6811787957:7289981.7684684135] [699.42538999999999:17029614] [-3:4623] [1:12620] [-25349.889335801134:3023673.6111163809] [0:176] [0:2357545.7787606888] [1:12] [-11333.763591403624:inf] [0:3] [0:98] [1:378] [-254299.82580813731:682702.61512657092] [-428053.62766512827:4225266.5006374791] [-91610.796856789893:223792.81657206573] [-267839.18095439451:198785.8267431662] [-58324.849999999999:529788.02643352549] [3:18] [-1791638.6136344643:8332990.8588813683] [-2990.8143456940679:35691699.757189013] [0:1] [-2307708.7540798369:296711439.95771998] [0:3] [0:243] [0:4700283.1008509248] [0:3] [0:234] [0:1455212.8890692929] [0:445] [0:4754693.3953382] [0:63] [-333443.55664545391:20108037.511356682] [0:321977.48168125906] [0:50] [-13894.857287532706:9820.176535786657] [0:297] [0:200218179.74218822] [0:304] [0:1] [0:5865] [0:2234] [0:9] [0:265943164.01075405] [-2252:4811] [-449765.24040359195:2973426.1743732677] [953.8431751825201:24623659.278148577] [-3:4694] [1:7693] [-17918.637422479569:1449371.2101853837] [0:121] [0:1793506.0185026971] [0:9] [0:172722395.29669261] [-2914968:4903] [-934739.35418933327:7105973.0472973362] [720.40815169999996:35106477.255331524] [-3:4592] [1:12589] [-70435.732008211882:4674827.875293687] [0:197] [0:2735056.2708722143] [1:12] [-7578.2626510330438:inf] [0:3] [0:98] [1:377] [-254299.82580813731:629793.57500445505] [-432691.29185456131:4225266.5006374791] [-91610.796856789893:197711.25403858203] [-285353.52681293432:239847.77892254514] [-48465.249330784471:536132.97916877759] [3:18] [-1780684.8528196525:6496911.4331347533] [-1218.3094064771281:23584956.32960736] [0:1] [-1818479.3665530302:295289606.75336498] [0:3] [0:381] [0:7710067.590440941] [0:3] [0:234] [0:1300187.8031114743] [0:424] [0:4770971.7450615335] [0:54] [-9761.5964814872768:28357111.787441757] [0:369071.77571477881] [0:48] [-17097.537446798549:7887.056999216612] [0:291] [0:200218179.74218822] [0:146] [0:1] [0:5058] [0:2205] [0:9] [0:284984440.6709969] [-2251:4780] [-440346.3605602677:2940108.9716681982] [985.32000000000005:24623659.278148577] [-3:4663] [1:7663] [-43789.378027024526:1099669.4873766608] [0:153] [0:1232904.4896867524] [0:9] [0:305894010.26159823] [-2914968:4872] [-484772.69946296816:6721450.5206196876] [746.3428451612001:38620096.820520833] [-3:4562] [1:12559] [-44513.47369941372:7548945.9256846337] [0:278] [0:1659901.74] [1:12] [-305.0498900464774:443079.87167877745] [-3:3] [-3:3] [-1:54] [-1:39] [-118:27] [-180:28] [-383429.41424651718:319768.39213832619] [-379482.69695225742:1141748.9143855625] [-789563.93463291135:584160.50763374008] [-1394137.0877285611:2063417.6739681012] [-159195.27035738275:180031.96734980252] [-179324.48886283083:163504.55209954106] [-170044.1102983304:217058.98421201561] [-294458.11153304338:230170.90682084538] [-341774.80561425124:253353.4939929214] [-238487.81957131217:971792.88261048007] [-7:5] [-7:5] [-6496952.1674144417:19364943.230516843] [-3991102.9480798547:19961062.977615107] [-10837987.611512322:17559802.223578576] [-12067132.636276308:42485990.602379076] [-1:1] [-1:1] [-171165502.14960331:202394894.38550821] [-139077125.46773612:265276939.78228295] [-1:1] [-1:1] [-237:304] [-373:311] [-4494827.6626199661:3082388.497765901] [-7657323.7246183753:3055508.0198880741] [-1:1] [-2:1] [-234:166] [-222:145] [-1441571.0870982823:1471269.1620186262] [-1099576.8212461455:1380432.5376770548] [-135:50] [-156:101] [-2334382.7357940013:2168857.6777525907] [-2465233.6400357736:2698102.7086760341] [-35:63] [-31:63] [-20108037.511356682:46122825.912395924] [-28357111.787441757:46147939.994696178] [-197427.09205258696:431789.27395958203] [-311840.25088439911:258105.15491821792] [-48:23] [-48:48] [-19263.941523338155:13894.857287532706] [-19341.618027289183:17097.537446798549] [-179:34] [-185:47] [-108718286.99664561:38579131.848949432] [-144263228.51199177:38817782.145350784] [-87:64] [-117:156] [-1:1] [-1:1] [-2560:3060] [-2738:2792] [-297:466] [-598:816] [-9:9] [-9:9] [-260083162.36073297:245786691.98681206] [-279462938.94587219:245679341.04004616] [-6636:1855] [-6605:1522] [-2747764.4495709557:1490509.9108509377] [-2678291.8491615104:1396998.1110776966] [-23679553.931936242:3560133.4817402558] [-23565601.419330206:4405686.6395108262] [-4695:31] [-4664:342] [-5913:820] [-5882:851] [-1441357.2298753618:1465542.1436553064] [-1096359.1135991325:1398033.5740393454] [-76:83] [-77:90] [-1128289.8777895235:522136.67997774744] [-573326.24642614031:861591.57275098341] [-9:9] [-9:9] [-169118376.53671896:231041531.92363489] [-302680098.47790605:231151472.53429741] [-2913327:2914088] [-2913297:2914119] [-3193455.4475295898:3004369.3115776754] [-3165445.5603185585:4531227.0031368528] [-34369129.357357882:14065970.7111168] [-37882748.922547191:13959279.552717004] [-4171:4322] [-4140:4317] [-5421:2512] [-5391:6072] [-4480134.493749219:2883402.3143310519] [-7522910.9648227133:2872519.5379513577] [-139:105] [-141:100] [-2546491.5670563565:2356933.6159248874] [-1646814.6749238297:2355965.3227217086] [-11:6] [-10:7] [-inf:795221.13642061932] [-443079.87167877745:795654.13783958915]
tree_sizes=6936 6975 7018 7035 7055 7047 7096 7063 7115 7050 7084 7065 7140 7157 7082 7166 7091 7139 7118 7125 7104 7113 7086 7098 7120 7132 7183 7121 7132 7149 7134 7123 7109 7137 7103 7123 7161 7094 7144 7157 7138 7182 7140 7182 7156 7127 7132 7184 7159 7157 7157 7155 7157 7165 7153 7132 7160 7142 7162 7199 7137 7133 7158 7145 7160 7141 7136 7144 7101 7151 7201 7169 7139 7118 7104 7154 7183 7172 7153 7174 7167 7159 7136 7119 7161 7142 7156 7090 7110 7150 7090 7136 7154 7188 7133 7088 7186 7144 7140 7151 7156 7167

Tree=0
num_leaves=64
num_cat=0
split_feature=186 12 16 34 204 67 122 16 67 248 76 87 12 91 130 26 24 16 60 202 16 204 251 119 8 112 177 171 34 71 36 129 87 213 76 188 66 10 193 40 35 35 56 16 23 12 176 12 248 62 119 41 145 40 182 170 182 189 56 87 62 10 63
split_gain=25225.2 16339.8 12162.3 7471.54 4907.82 3338.73 7442.76 2869.11 2349.44 2152.87 2084.64 1744.26 1739.34 1663.71 1578.26 1605.47 1575.37 1437.75 1335.1 1226.72 1180.76 1121.25 1000.75 978.645 958.843 798.479 736.289 723.949 644.393 586.758 558.213 554.32 515.05 499.484 498.74 463.361 425.56 411.091 524.976 407.897 405.678 366.204 362.975 354.993 598.652 348.403 335.884 326.807 321.945 306.853 289.674 279.84 271.197 321.186 260.322 260.006 245.268 228.478 220.667 217.16 216.874 211.399 211.055
threshold=-1.0000000180025095e-35 226.79217649367203 1.0000000180025095e-35 1.0000000180025095e-35 10833.043132589652 1.0000000180025095e-35 -3407.0386130002221 2.5000000000000004 1.0000000180025095e-35 8.0000000000000018 1.0000000180025095e-35 29.500000000000004 1.0000000180025095e-35 559.53638645034118 31767.575037814448 1.0000000180025095e-35 16554.288479542385 1.0000000180025095e-35 13530.712627111117 -1.0000000180025095e-35 2.5000000000000004 -15467.874276615779 -18409.487413069288 -1.0000000180025095e-35 -1499.9196454670148 40.500000000000007 -106.42786497252614 383.79749579274704 1.0000000180025095e-35 2445.2479346408286 -1.0000000180025095e-35 2.5000000000000004 29.500000000000004 1.0000000180025095e-35 31335.569072436756 -336.74628246204196 1.0000000180025095e-35 5.5000000000000009 -9.4999999999999982 2558.5000000000005 37826.639413169949 83062.936979428327 1.0000000180025095e-35 2.5000000000000004 1.0000000180025095e-35 8968.6620803894402 60.82037123263698 2893.1956275764255 1.0000000180025095e-35 115.743745251824 -674.67905590142186 6775.6130579007731 1.0000000180025095e-35 2764.5000000000005 1.0000000180025095e-35 -3189.5593328444074 -98.949519656080028 -1.0000000180025095e-35 1.0000000180025095e-35 37.500000000000007 251.15941234628153 5.5000000000000009 116.65615192966801
decision_type=8 2 8 10 8 8 8 10 10 10 8 8 2 8 8 2 2 8 8 10 10 10 8 10 10 10 10 8 10 8 8 10 8 10 10 10 10 2 10 8 10 10 10 8 2 2 8 2 8 10 8 8 8 10 8 10 10 8 8 8 8 2 8
left_child=4 2 3 5 7 6 10 16 42 11 26 19 23 -10 15 39 22 29 25 30 28 -12 35 24 -8 61 -2 51 32 -11 -3 36 48 47 -14 -1 50 38 -16 -7 54 46 -5 44 45 58 56 -21 -4 -28 -26 -24 53 -41 -20 -53 -27 -31 -13 -22 -29 -17 -35
right_child=1 9 20 8 -6 14 12 -9 13 17 21 43 34 -15 37 18 -18 -19 40 33 59 -23 27 -25 31 41 49 60 -30 57 -32 -33 -34 62 -36 -37 -38 -39 -40 52 -42 -43 -44 -45 -46 -47 -48 -49 -50 -51 -52 55 -54 -55 -56 -57 -58 -59 -60 -61 -62 -63 -64
leaf_value=-2.2128950110967396 -2.7250607008542902 -4.5673012927335321 -4.5267144440784701 -2.5246603029252923 -4.6185333232491477 -4.5709190194377349 -3.1322298663557384 -4.3794094829988843 -3.2042744285148994 -4.2266950418123974 -3.1941972645884613 -4.5768898527356709 -4.3506793861496558 -4.3172231964891639 -4.1112191818945121 -4.0568497204525311 -4.0376711462027597 -4.6888704236448904 -4.2457163911938665 -4.6319131115458747 -4.6348882209196427 -4.2639443931737926 -3.799001294884055 -4.4386064346011365 -4.0312773254846466 -3.6508862622313343 -3.0911610941046321 -2.4900916966544608 -3.8759276284015955 -3.2513496019621817 -3.9879832191842182 -4.5696569399364639 -4.6399541606939252 -4.4488677904155436 -4.614809341888555 -2.9642907325363641 -4.2785364021767878 -4.6241793677079421 -4.6241115819897862 -3.8783135101521102 -4.4995257092965071 -4.1835322735535438 -3.1992151149278412 -4.7116972549749976 -4.7098113257371086 -4.6858431613032456 -4.1809783991281879 -4.6815966875581569 -4.1505436374933682 -3.6998400659112294 -3.4962355116218014 -2.9127243594963881 -4.485681404766388 -4.3720294884316964 -4.4995581302202856 -3.453938995456479 -4.1048583012081021 -3.8364767008628204 -4.6536126017867083 -4.6839871395967743 -3.0285370809068444 -4.372493270884668 -4.6041583365696441
leaf_weight=1.7727010212838652 2.6047851741313934 2.5957407811656594 63.039418971166015 1.6279907338321211 3.0298716435208943 52.991098386235535 1.2300374433398236 1.8631449509412039 1.9626332735642771 2.0168996313586822 1.2209930503740904 49.481873915530741 9.8945659045130032 3.1474487520754337 3.3645141832530499 2.2249206695705679 1.4561472674831737 3.1384043591096997 12.716416509822009 171.30984716396779 110.33254978898913 3.1745819309726366 1.1757710855454206 4.9472829522564998 1.5737243760377166 4.3593974094837895 1.4018809096887683 1.2390818363055576 1.2119486574083556 1.2481262292712925 3.5363576496019951 1.4199696956202386 53.741783002391458 12.282285647466777 18.396295292302966 1.2662150152027605 1.8450561650097368 62.333956319838762 3.8529114034026852 1.5013692323118446 29.58420939091593 6.9099162258207789 1.2843038011342285 5640.8703156197444 729.05042818188667 263.05616940837353 2.4600748866796485 391.36897241324186 2.1163879539817563 1.5918131619691847 2.1616099188104267 1.2300374433398236 18.631449509412054 5.6437012106180191 5.0919932397082475 2.2791870273649697 1.4199696956202386 1.1576822996139529 106.04550752323121 305.71857102774084 1.474236053414643 13.476145518943666 21.959786120802164
leaf_count=196 288 287 6970 180 335 5859 136 206 217 223 135 5471 1094 348 372 246 161 347 1406 18941 12199 351 130 547 174 482 155 137 134 138 391 157 5942 1358 2034 140 204 6892 426 166 3271 764 142 623687 80608 29085 272 43272 234 176 239 136 2060 624 563 252 157 128 11725 33802 163 1490 2428
internal_value=-4.68727 -4.68964 -4.56277 -4.4048 -3.52551 -4.43085 -4.21271 -3.28477 -3.5022 -4.70374 -3.47781 -4.70426 -4.38983 -3.88977 -4.48039 -4.42769 -3.11329 -4.19778 -4.33144 -4.65536 -4.64705 -3.96679 -2.98433 -4.10515 -3.90471 -4.17785 -3.09389 -3.1726 -4.56419 -3.8493 -4.23321 -4.04044 -4.5712 -4.6597 -4.52243 -2.52598 -3.90578 -4.59936 -4.38502 -4.52331 -4.43143 -4.02247 -2.82213 -4.7086 -4.69339 -4.6648 -3.88739 -4.66647 -4.5145 -3.41481 -3.72165 -3.39844 -4.42542 -4.26829 -4.3183 -3.26423 -3.76243 -3.53291 -4.6292 -4.67097 -2.78265 -4.32776 -4.54846
internal_weight=8238.11 8221.33 822.208 286.047 16.7864 278.025 51.4626 13.7565 8.02238 7399.12 9.99405 7391.56 41.4685 5.11008 226.562 157.011 11.8934 7.56111 78.243 603.053 536.161 4.39557 10.4372 13.1777 8.2304 30.8504 5.59848 7.39831 120.11 4.42271 6.1321 7.00036 118.898 596.921 28.2909 3.03892 5.58039 69.5514 7.21743 78.7676 47.3926 15.1494 2.91229 6788.5 1147.63 418.584 8.23944 562.679 65.1558 2.99369 3.73533 4.685 25.7765 7.14507 17.8084 3.50922 5.77937 2.40581 155.527 416.051 2.71332 15.7011 34.2421
internal_count=910853 908997 90908 31627 1856 30740 5690 1521 887 818089 1105 817253 4585 565 25050 17360 1315 836 8651 66677 59281 486 1154 1457 910 3411 619 818 13280 489 678 774 13146 65999 3128 336 617 7690 798 8709 5240 1675 322 750576 126889 46281 911 62213 7204 331 413 518 2850 790 1969 388 639 266 17196 46001 300 1736 3786
is_linear=0
shrinkage=1


Tree=1
num_leaves=64
num_cat=0
split_feature=33 14 44 12 203 191 47 15 203 12 22 33 1 68 22 215 18 22 130 47 205 23 47 26 1 1 14 64 1 33 1 22 250 1 1 22 94 212 36 22 205 37 68 253 1 33 5 107 2 64 203 143 103 1 2 23 1 14 226 65 115 215 94
split_gain=17416.8 6392.73 3337.41 1842.05 1511.78 1290.58 1244.38 1095.98 992.908 720.122 592.249 531.748 495.567 458.434 419.841 478.511 362.002 332.234 315.496 357.371 303.06 302.219 509.96 286.825 283.045 280.854 274.797 269.809 245.153 232.544 230.805 220.741 246.432 216.412 235.494 490.634 213.695 211.056 260.871 206.323 253.455 201.424 188.286 191.715 184.183 180.795 173.337 173.093 162.867 162.288 158.41 152.711 149.423 149.038 148.458 145.096 138.531 164.271 196.254 137.972 135.062 132.808 130.284
threshold=19.500000000000004 -1490.3056703520892 1.0000000180025095e-35 1775.5301203891197 -1.0000000180025095e-35 -1.0000000180025095e-35 5010.419680461805 1.0000000180025095e-35 1.0000000180025095e-35 1775.5301203891197 35474.031780573212 41.500000000000007 201956.50000000003 -3355.165012307652 19406.361833905583 1146.9811513591142 1.0000000180025095e-35 1.0000000180025095e-35 58236.861454724371 929.50349566811519 -13957.525738987848 1.0000000180025095e-35 2320.4157401438283 1.0000000180025095e-35 202011.50000000003 202009.50000000003 9849.7934359295177 4.5000000000000009 202001.50000000003 11.500000000000002 202056.50000000003 9923.1190859676972 -2760.8368111964951 202101.50000000003 202105.50000000003 1.0000000180025095e-35 2562.5000000000005 1.0000000180025095e-35 -1370.4999999999998 19406.361833905583 -6806.4521660241471 123867.8563518508 -3355.165012307652 60.500000000000007 202010.50000000003 54.500000000000007 136.84875639488052 30091.112087186844 1.0000000180025095e-35 6.5000000000000009 -1.0000000180025095e-35 101111.69358444908 1.5000000000000002 202009.50000000003 1.0000000180025095e-35 1.0000000180025095e-35 202101.50000000003 -6559.2138171829274 -22.499999999999996 -19902.981437608851 671.97616311180809 1146.9811513591142 1776.5000000000002
decision_type=2 8 10 2 8 8 10 2 10 2 2 2 2 8 2 10 2 2 8 10 8 2 10 2 2 2 8 10 2 2 2 2 8 2 2 2 8 10 8 2 8 10 10 8 2 2 10 10 10 10 10 10 8 2 10 2 2 8 8 10 10 10 8
left_child=1 7 3 6 31 -6 11 8 12 13 23 14 27 59 15 20 17 52 19 25 -2 22 26 -9 29 -15 39 -1 41 42 -17 32 -3 46 35 48 -27 62 -39 40 54 -19 43 -25 -22 56 -14 -13 -35 -45 -29 -38 -4 -42 -5 -46 57 58 -8 -7 -53 -58 -26
right_child=2 4 16 21 5 9 45 10 -10 -11 -12 47 33 18 -16 30 -18 28 -20 -21 44 -23 -24 24 37 36 -28 50 -30 -31 -32 -33 -34 34 -36 -37 51 38 -40 -41 53 -43 -44 49 55 -47 -48 -49 -50 -51 -52 60 -54 -55 -56 -57 61 -59 -60 -61 -62 -63 -64
leaf_value=0.61702775447922842 0.41281634373045312 0.18378882121609857 0.53941161905668211 0.54935838302788165 0.38320349493157951 0.48872479473735114 0.42412576384561912 0.14124375715957574 0.046773643529104444 0.021424621936232898 0.042448300215624818 0.027839359003636266 0.36551851154227216 0.098946409447066438 0.037809150495256454 0.25339027665675601 0.056005390936946349 0.21227410388558327 0.030579091421727257 0.033466337640628355 0.089717601411550787 -0.027267214634029913 -0.019575526339743052 0.099026114357818232 0.23328957391957203 0.13264007148075471 0.0010368578375662978 0.54547608907558076 0.059672356262606606 0.13095837481128905 0.59936183520897435 0.15721103537882866 0.55180871281511379 0.60253449024431971 0.28206908772199929 0.078296294029579577 0.22133406768512079 0.24381011540461181 0.66552513151366466 -0.00128938588435196 0.03822287687090159 0.47620825627865776 0.16185032769667781 0.40512986004761148 0.20522550236658596 -0.011172007685768358 0.22367284089155906 0.29558133179259832 0.39649784066592064 0.24329606589195393 0.36387582278364283 0.54633742944893604 0.32219319971444177 0.12471168235831308 0.16457063384901632 0.008419395123759112 0.04749731621633925 -0.0038415252273613157 0.052119186211845768 0.21654666622550284 0.19231995007724056 0.19638098364317189 0.35514505793831302
leaf_weight=6.9894826840609339 3.244455941952765 2.09762620087713 3.6796442745253444 1.5524830995127561 11.292061575688422 1.9049006653949607 1.3204046767204998 29.342118999920785 10.475398685783146 241.93292833957821 18.538327473215759 141.33321220614016 10.652283421717582 88.157818621024489 47.096447476185858 4.9681943207979193 9.0199896832928044 14.148926388472324 73.359526639804244 47.043352596461773 65.223594833165407 3846.3536552879959 2246.7572573237121 3.7052217284217495 19.110075270757079 24.295816833153367 272.06201780866832 5.6139270672574701 7.9555814918130627 22.31880119908601 2.6670532925054431 2.555248472839593 7.4662629235535842 8.1919772531837243 15.332644484937189 2.7575669791549435 15.134518724866213 2.297495823353529 3.1034502182155839 38.275221524760127 46.404587922617793 3.1888389158993951 13.728142707608638 12.325383357703688 25.979179138317708 452.28880309034139 28.492737433873117 2.207085818052291 5.9687710693106046 10.185548050329087 18.801002271473404 2.8090397156774989 12.643211794085802 29.224633425474167 2.1551129771396518 3.8742549465969196 40.497613065876067 157.69751563109457 38.225723595358431 13.961498805321751 1.4813806982710955 6.2205536561086765 13.457625689916311
leaf_count=341 197 157 137 150 484 107 144 2539 873 26283 1824 14526 321 8141 4657 451 815 613 7214 4780 6476 435096 253441 272 1539 2315 29932 165 538 2127 219 179 446 373 733 222 1279 188 230 4089 4994 106 1103 930 2489 50350 1378 173 353 799 644 243 495 3080 220 402 4368 17058 4098 1145 130 667 1015
internal_value=-0.000327431 0.133225 -0.0144325 -0.0160767 0.0736739 0.0659744 0.0219763 0.25477 0.325013 0.0589517 0.201048 0.0734351 0.353366 0.09281 0.112336 0.145462 0.228301 0.265645 0.0829728 0.104455 0.127696 -0.0219045 -0.0140807 0.223739 0.247889 0.129777 0.017601 0.452682 0.197551 0.208521 0.374241 0.404912 0.471092 0.309681 0.367224 0.444398 0.191945 0.312446 0.486133 0.0559174 0.0835162 0.260818 0.251858 0.298991 0.117967 5.55327e-05 0.262272 0.0319562 0.51569 0.331905 0.405633 0.26612 0.371161 0.0716439 0.325693 0.179685 0.0208706 0.00986857 0.0645401 0.249224 0.424104 0.0673213 0.283643
internal_weight=8321.15 794.88 7526.27 7475.63 533.492 521.373 992.844 261.388 113.276 510.081 148.112 296.593 102.8 268.148 153.053 105.957 50.6362 41.6162 252.281 178.922 98.3215 6482.78 2636.43 129.574 100.232 131.879 389.674 31.4044 25.2933 62.2631 7.63525 12.1191 9.56389 71.396 32.251 16.9183 43.7208 37.9686 5.40095 117.612 79.3368 17.3378 39.9443 26.2162 95.077 696.251 39.145 143.54 14.1607 22.5109 24.4149 19.4249 16.3229 75.6292 3.7076 29.8534 243.962 197.244 39.5461 15.8664 4.29042 46.7182 32.5677
internal_count=910853 70872 839981 837277 52903 52121 106275 17969 5403 51637 12566 29590 4530 25354 14891 10234 2704 1889 24102 16888 9564 731002 295906 10742 8203 12108 42465 1150 1257 5231 670 782 603 3380 1681 948 3967 2972 418 12533 8444 719 3104 2001 9367 76685 1699 14699 726 1729 809 1652 632 8074 370 2891 26335 21300 4242 1252 373 5035 2554
is_linear=0
shrinkage=0.03


Tree=2
num_leaves=64
num_cat=0
split_feature=87 11 34 9 23 13 16 66 248 76 16 248 76 76 110 9 14 212 23 16 204 13 204 64 11 226 204 158 26 205 153 226 209 158 6 7 181 236 14 204 173 205 181 163 9 9 14 7 16 173 16 60 60 204 137 212 66 23 173 3 14 259 226
split_gain=11755.6 3539.92 3108.38 1676.27 1294.64 1118.72 934.759 556.645 547.617 514.647 630.486 383.741 413.146 368.94 341.072 339.664 326.181 281.798 265.208 374.951 260.987 260.636 222.729 213.38 196.716 196.33 195.418 184.695 180.898 175.32 174.198 162.77 152.73 139.083 134.692 169.538 129.253 127.034 126.015 124.47 125.026 124.272 122.63 121.876 119.487 118.577 117.553 109.072 106.463 103.707 103.263 100.035 96.1989 93.6876 93.4308 94.5241 91.1295 90.8467 90.2137 134.286 110.433 84.3839 83.2437
threshold=21.500000000000004 -92.475003049929498 1.0000000180025095e-35 112.77433091784003 1.0000000180025095e-35 1.0000000180025095e-35 2.5000000000000004 237.30412444720503 2.5000000000000004 31335.569072436756 1.5000000000000002 6.5000000000000009 31335.569072436756 25797.180673893261 1.0000000180025095e-35 63.890643511900002 -1490.3056703520892 1.0000000180025095e-35 1.0000000180025095e-35 1.5000000000000002 -33644.432996867174 1.0000000180025095e-35 -4423.2657334545684 7.5000000000000009 -771.20601152140785 -10.499999999999998 -33644.432996867174 557.50000000000011 1.5000000000000002 1.0000000180025095e-35 63119.228962279871 -8.4999999999999982 -27724.145989640103 355.50000000000006 13818.032160743285 507.79082407344305 -1.0000000180025095e-35 -17350.947104806979 3314.1526672337745 -3938.7212828580818 -2766.6223666801693 -10761.848692659854 -1.0000000180025095e-35 1.0000000180025095e-35 401.00843971793 112.77433091784003 9849.7934359295177 1644.1403695538509 5.5000000000000009 2285.0775944053053 2.5000000000000004 10092.780607762683 49341.771641684951 -33644.432996867174 11136.444698658383 1.0000000180025095e-35 237.30412444720503 1.0000000180025095e-35 884.39105519061025 40.500000000000007 -1490.3056703520892 -3.4999999999999996 -13.499999999999998
decision_type=8 2 10 8 2 2 10 8 8 10 10 8 10 10 8 8 10 10 2 8 10 2 10 8 2 8 10 8 2 10 10 10 8 10 8 10 10 10 10 10 8 10 8 8 8 8 10 10 8 10 8 10 8 10 8 8 10 2 8 2 10 8 10
left_child=1 5 3 4 6 36 13 8 48 10 16 15 30 14 17 43 22 31 19 32 -15 23 -7 -16 -25 -10 -14 -24 34 50 39 33 -9 -2 35 -29 -1 -35 -23 -13 -41 -33 -34 -3 -21 -12 -8 49 -5 -36 -4 -39 -52 -11 55 61 -38 -17 -43 60 -60 -18 -22
right_child=2 11 29 7 -6 9 46 18 25 53 45 12 26 20 21 57 54 -19 -20 44 62 38 27 24 -26 -27 -28 28 -30 -31 -32 41 42 37 47 -37 56 51 -40 40 -42 58 -44 -45 -46 -47 -48 -49 -50 -51 52 -53 -54 -55 -56 -57 -58 -59 59 -61 -62 -63 -64
leaf_value=0.27353465013593103 0.11679494564796236 0.084012646076021241 0.21471340687699708 0.036724063203089151 -0.022641565069271802 0.46664105208729606 0.027786325689996814 0.11628354728711976 0.24937711365476795 0.26632662531556167 0.099675726895585251 0.32103380662065478 0.28412706996450315 0.28870455932257311 0.12721315664753241 0.018691325795070091 0.30206233166676766 0.43151398266602642 -0.027029655547733032 -0.0032911226250652756 0.10137460990174163 0.094669031971513856 0.12535084536678326 0.5707922326208219 0.18499785971647653 0.07075460117946944 0.018876514278747158 0.14727953459257687 0.45855635099330255 0.035676219904404449 0.33698788571665667 0.36382574317471156 0.082005648864548183 0.49490428597453534 0.18336191096951254 0.26622835081419666 0.2229548396439211 0.37415397876275758 0.013139010465967943 0.24727750864841383 0.096950730672763635 0.097009669831917056 0.0071246598348745551 0.0011475772628466996 -0.021456421217344437 0.01819608258179254 -0.021610725417539889 0.11818174161485905 -0.0024085047673552081 0.34143546390610746 0.027418310704591161 0.13141437764803943 0.28768274591582671 0.026302014891010275 0.020205041321678142 0.27825377226701858 0.12477247174046488 -0.024069859051620696 0.16669714874800107 0.12154973399993566 0.49736172948533497 0.10667346522904379 0.012763941965853894
leaf_weight=47.639734017662704 4.2740457598119965 98.624016701243818 56.582383229397237 82.789432373829186 283.03784353192896 2.594726935029029 164.2824806496501 13.503852953203021 11.205288590863345 1.515919605270027 35.069020973518491 3.3273838870227328 2.6680802181363097 3.6574658891186109 8.3421592172235215 195.94903269782662 2.0754579845815897 3.8280630232766262 3590.3333834130317 390.30225195176899 11.576885777525602 74.866346945054829 34.837547106668353 2.3923505870625377 2.3658682238310584 10.949880020692946 39.619493322446942 14.848857699893413 2.4526013452559701 6.3195374561473718 4.9707288742065421 2.052077652886509 21.341217043809593 2.7405431699007741 40.82198151666671 39.396959661506116 72.009328973479569 2.9664936335757366 22.098067856393754 6.2653243346139789 24.258887827396396 28.969270554371182 253.36350285541266 19.061568642035127 1974.9528362732381 29.679014692083001 58.904784821905196 23.605337794870138 256.19136798288673 4.1115685664117327 5.1819406868889919 3.1509251659736037 1.6966373352333901 42.379791315644979 8.9004931366071087 3.3999987766146651 9.648085515946148 57.935633516870439 1.6741795958951118 6.9103220263496041 1.9888808382674996 47.925992578268051 54.274062566459179
leaf_count=1010 326 8906 1517 8458 32014 176 17809 1405 539 112 3127 218 150 207 535 20351 171 241 416766 44230 945 6844 2347 107 188 903 3902 1086 135 414 221 114 2071 197 2819 1971 2378 260 2265 507 2017 2560 27040 1874 226449 2866 6711 1614 28300 234 516 275 151 4066 828 225 688 6292 133 593 165 3973 5341
internal_value=-0.000401545 0.101018 -0.0129178 -0.01481 0.0278692 0.159351 0.0588598 -0.0196198 0.0165933 0.130317 0.144821 0.041367 0.100486 0.100203 0.124178 0.0284619 0.168563 0.182675 -0.0217143 -0.0145223 0.0420421 0.0930572 0.190919 0.218654 0.378969 0.161095 0.0356122 0.186449 0.203445 0.186365 0.171151 0.165269 0.017784 0.257348 0.198349 0.233668 0.234265 0.325166 0.0760884 0.146799 0.127806 0.136198 0.012942 0.070591 -0.0184589 0.0623273 0.0147492 0.170396 0.00714886 0.197826 0.201371 0.249125 0.0916139 0.0345912 0.110193 0.125192 0.211354 0.00893337 0.124385 0.19939 0.346233 0.114784 0.0283421
internal_weight=8334.66 915.593 7419.07 7349.29 744.353 462.912 461.315 6604.93 361.136 333.615 289.72 452.68 81.1099 238.128 168.62 371.57 224.972 58.5548 6243.8 2653.46 69.5084 110.065 162.67 13.1004 4.75822 22.1552 42.2876 160.075 125.237 69.7805 38.8223 54.7267 288.209 13.132 122.785 54.2458 129.297 8.85796 96.9644 33.8516 30.5242 41.5947 274.705 117.686 2365.26 64.748 223.187 68.5389 338.981 44.9336 63.461 6.11742 6.87858 43.8957 62.3019 53.4014 81.6574 253.885 39.5427 10.5734 3.66306 50.0015 65.8509
internal_count=910853 74264 836589 833991 77830 29826 45816 756161 38200 25750 21572 44438 7015 21296 14803 37423 15579 4864 717961 301195 6493 9939 10382 830 295 1442 4052 10206 7859 2598 2963 4623 30516 1058 7724 3057 4076 732 9109 2742 2524 3565 29111 10780 270679 5993 24520 4667 36758 3053 2184 535 667 4178 5197 4369 3066 26643 3451 891 298 4144 6286
is_linear=0
shrinkage=0.03


Tree=3
num_leaves=64
num_cat=0
split_feature=66 16 16 77 181 11 9 10 22 189 191 13 40 10 9 77 189 22 119 22 9 11 22 10 204 213 204 220 22 220 171 225 163 57 119 141 189 68 189 137 16 56 211 204 187 30 116 219 11 10 141 27 171 225 56 13 54 0 123 223 116 40 116
split_gain=10085.5 3663.76 2263.05 1422.46 883.454 855.463 683.907 667.021 471.075 326.547 321.766 282.772 272.694 274.549 247.356 263.205 237.232 234.689 217.295 216.958 206.717 176.134 168.436 171.996 167.303 165.598 154.256 170.548 151.248 144.678 142.732 141.209 133.004 128.584 113.973 108.891 105.62 101.655 104.232 100.475 97.2484 91.5654 91.1002 91.0463 89.7976 89.4553 84.4374 85.7116 81.6112 80.9225 79.6019 79.0385 78.7722 93.4302 107.49 78.2169 102.696 77.2328 86.2931 76.6386 76.395 89.8513 106.082
threshold=237.30412444720503 1.5000000000000002 1.5000000000000002 1.0000000180025095e-35 -1.0000000180025095e-35 -92.475003049929498 112.77433091784003 5.5000000000000009 24590.555385330579 -1711.0066099435355 -1.0000000180025095e-35 1.0000000180025095e-35 216.50000000000003 6.5000000000000009 278.05247415992005 1.0000000180025095e-35 3147.6977846440827 19406.361833905583 463.14904757129005 1.0000000180025095e-35 112.77433091784003 -8779.61602684641 5517.8821042235895 7.5000000000000009 -5442.4095152851387 1.0000000180025095e-35 -4919.8073526955068 1.0000000180025095e-35 29965.744327349475 1.0000000180025095e-35 271.97372141078495 1.0000000180025095e-35 3351.7414383380187 40.500000000000007 -220.34107697024396 80.500000000000014 8674.9292737366668 64576.458785602568 -3429.0303458015792 1.0000000180025095e-35 4.5000000000000009 1.5000000000000002 -1.0000000180025095e-35 -1794.5104476968215 -1.0000000180025095e-35 4.5000000000000009 -545.6181881840879 -1.0000000180025095e-35 -12180.808918797093 5.5000000000000009 62.500000000000007 1230.7864704631684 853.99261086853755 9.5000000000000018 1.0000000180025095e-35 1.0000000180025095e-35 2.5000000000000004 44021566.000000007 1.0000000180025095e-35 1.0000000180025095e-35 118.54409886738851 601.50000000000011 -36.055591128399989
decision_type=8 10 8 10 8 2 8 2 2 8 8 2 8 2 8 10 8 2 8 2 8 2 2 2 8 10 10 10 2 10 10 10 8 10 10 10 8 10 10 10 10 10 8 10 8 8 10 10 2 2 10 2 10 10 8 2 2 2 10 10 10 8 8
left_child=1 5 3 4 16 7 8 19 12 60 -5 -11 -6 24 15 25 22 26 28 41 50 32 23 34 -14 40 -13 59 39 30 33 -29 -8 55 -2 52 -23 38 42 -7 -4 45 -36 48 -16 -1 -32 -48 -21 -44 -3 -12 -27 -54 -55 56 -26 58 -50 -28 61 -9 -63
right_child=2 20 14 10 6 18 21 9 -10 11 51 17 13 -15 44 -17 -18 -19 -20 43 -22 36 -24 -25 29 35 27 31 -30 -31 46 -33 -34 -35 37 -37 -38 -39 -40 -41 -42 -43 49 -45 -46 -47 47 -49 57 -51 -52 -53 53 54 -56 -57 -58 -59 -60 -61 -62 62 -64
leaf_value=0.20617467491011177 0.16681611205126121 0.061132233921300523 0.021813010710602331 0.11485164825033398 0.014508796441574165 0.085624661473575184 0.013042902009462926 0.12028664693361538 0.013001684267233813 0.1632076809594451 -0.018344046403309791 0.29966540296395416 0.33854780382400163 0.074266736311950327 0.15049947083337009 -0.026027963207485245 0.069929432308641487 0.018103206805566745 -0.0043005378527176934 0.24697298068781837 0.0046885487090764484 0.024833593227571449 0.087679423447835719 0.047644934239918432 0.3479648877135757 0.037181870441480656 0.077060984939301136 0.1440971683013787 0.011019125001382198 0.34844660958162132 0.061088731161852997 0.44147490629812147 0.26074816507975151 0.08016357883256546 0.52108016042318372 -0.00873379304290808 -0.0059643673107355171 0.16239098183896952 0.23011967151689317 0.17369310166412957 -0.0076204129948228266 0.097303828759735256 0.42959194939938217 0.05574536790667993 -0.024415691402703211 0.31014805184183003 0.39977120985227638 0.2084759632895877 0.0024427166989683768 0.21456123847988201 0.0044986593099179111 0.1012408408652999 0.10461110240208989 0.39769520847674256 0.060426646928248617 0.13520521974537233 0.12345117007092876 0.19018000962584775 0.2070244032508374 0.15968349749371721 0.12996134010158483 0.12473993891400321 0.21522837095328778
leaf_weight=130.27977512497455 11.185331469401719 103.93540432676673 156.58224017359316 17.06923411320895 29.418381285853684 74.913390490226448 3.4461103249341241 21.23652318585664 80.793984811753035 44.607861969619989 573.69221049919724 3.3606169028207651 4.0594640234485269 82.808400548063219 2.6429106127470732 361.67498117592186 22.961290745064616 43.337769296020269 34.492321487516165 6.6618459569290271 335.37306088022888 217.08271784242243 11.599154469557105 4.6040786430239669 4.10923127178103 9.7798914657905716 103.23544985055923 4.2919034250080577 21.728574194945395 2.9287461629137388 2.2951099118217817 2.1605316326022148 4.4964476162567735 38.249191066250205 3.0416582012549043 11.143752185627816 186.15979164652526 4.6451888997107735 6.5440249722450998 13.807849215343593 284.75518444180489 6.5476783644407979 3.1235815454274398 11.728129765018819 4985.3344309898093 7.8989325491711488 2.927657537162303 7.5295541808009139 6.3298594653606424 3.177317326888442 28.451027294620872 5.017767470329999 11.782554619945584 2.3829347481951113 1.3224494205787776 22.089439631439745 3.3110965071246028 8.1187612228095514 2.6251737773418471 11.200195096433161 65.251084850169718 15.701868912205098 45.297244826331735
leaf_count=3665 469 9463 16293 1047 2828 5509 321 1176 7512 1176 66675 204 192 6866 195 42792 1869 4024 3033 185 36183 22375 749 377 153 1016 7564 290 1976 215 182 135 177 3084 124 1266 20132 278 321 1013 32151 284 120 618 588636 273 190 495 386 202 3063 550 1148 229 133 1758 240 373 58 775 3246 692 2129
internal_value=-0.000445297 0.0819368 -0.0136591 0.0212116 0.0483466 0.126142 0.0380101 0.143516 0.0741258 0.119914 -0.0135208 0.0960824 0.0988519 0.113421 -0.0217875 -0.0067208 0.149217 0.0782151 0.0614304 0.190629 0.0172187 0.0133711 0.187208 0.218992 0.150476 0.00789549 0.0991821 0.0936088 0.0819575 0.141326 0.133792 0.243671 0.153274 0.116463 0.243865 0.0693869 0.0106155 0.285839 0.321935 0.0993309 0.00282228 0.206924 0.386248 0.124128 -0.024323 0.212118 0.225867 0.262032 0.157917 0.32116 0.0489612 -0.0173072 0.10384 0.145932 0.277324 0.163513 0.247782 0.123169 0.062416 0.0851475 0.1542 0.173433 0.191936
internal_weight=8338.34 1152.57 7185.77 1358.37 762.587 684.813 691.705 539.871 280.52 359.681 595.779 212.194 199.726 170.308 5827.4 839.424 70.8816 167.586 144.942 180.19 467.759 411.185 47.9203 36.3212 87.4995 477.749 124.249 120.888 110.45 83.44 80.5113 6.45244 7.94256 67.759 31.7171 36.4116 403.243 20.5318 15.8866 88.7212 441.337 144.726 9.34256 35.4638 4987.98 138.179 12.7523 10.4572 23.7356 6.3009 132.386 578.71 25.2678 15.4879 3.70538 29.5098 7.42033 17.0738 8.95503 114.436 147.487 82.2356 60.9991
internal_count=910853 87493 823360 139501 71229 38784 66720 27253 23715 21411 68272 14168 16203 13375 683859 95028 4509 12992 11531 5842 48709 43005 2640 1891 6509 52236 8968 8764 8498 6317 6102 425 498 5235 1514 3792 42507 1045 767 6522 48444 4222 446 1620 588831 3938 867 685 1002 322 12526 67225 2526 1510 362 2151 393 817 444 8339 7243 3997 2821
is_linear=0
shrinkage=0.03


Tree=4
num_leaves=64
num_cat=0
split_feature=66 17 17 23 182 44 9 65 191 202 29 23 9 130 107 44 130 9 1 1 237 6 1 130 17 1 223 2 2 181 182 213 189 8 1 21 189 221 227 267 1 251 227 191 159 100 116 50 181 58 60 1 154 39 60 118 1 102 32 78 108 1 32
split_gain=8916.98 3479.06 1797.88 1517.27 715.156 629.691 364.051 304.322 278.651 265.832 251.439 245.002 279.2 232.864 229.532 183.822 183.284 181.028 179.628 159.819 157.978 151.315 148.074 147.105 127.966 120.481 120.42 119.538 107.936 121.143 103.47 103.108 101.776 100.265 98.968 96.1472 96.6235 92.8026 89.0125 140.709 206.348 88.9184 168.08 88.6234 87.8546 86.3321 95.6062 85.8569 85.8371 85.3931 83.7501 117.736 82.6822 80.7025 80.5352 79.3745 76.3363 108.507 74.3683 71.5315 71.0718 136.845 71.0534
threshold=918.91302927061304 2449.0818015946602 1036.6371997697422 1.0000000180025095e-35 -98.949519656080028 1.0000000180025095e-35 63.890643511900002 1.0000000180025095e-35 -1.0000000180025095e-35 1.0000000180025095e-35 5441.6900286425316 1.0000000180025095e-35 278.05247415992005 31767.575037814448 9595.174065650177 1.0000000180025095e-35 51087.355293390581 112.77433091784003 202001.50000000003 202001.50000000003 -46590.692628622164 23230.798608357007 202101.50000000003 65756.007833704134 6557.3601464071216 202010.50000000003 1.0000000180025095e-35 1.5000000000000002 1.0000000180025095e-35 -1.0000000180025095e-35 -1.0000000180025095e-35 1.0000000180025095e-35 525.85557350565807 -3908.3872083155388 202009.50000000003 1.0000000180025095e-35 -501.69340607237149 1.0000000180025095e-35 -32.499999999999993 10229.279889256264 201956.50000000003 -16802.647832603001 -32.499999999999993 -1.0000000180025095e-35 10782.509527139669 -1642.4999999999998 -36.055591128399989 768.50000000000011 -1.0000000180025095e-35 117.50000000000001 8423.8548362946967 202101.50000000003 -715.49999999999989 -1.0000000180025095e-35 15245.031239825565 5.5000000000000009 201956.50000000003 56036.669366344511 1.0000000180025095e-35 1.0000000180025095e-35 5.5000000000000009 202004.50000000003 2.5000000000000004
decision_type=8 10 8 2 10 10 8 10 8 10 2 2 8 8 10 8 10 8 2 2 10 10 2 8 10 2 10 10 10 8 10 10 8 8 2 2 8 10 8 10 2 8 8 8 8 10 8 8 10 10 8 2 8 10 10 10 2 10 10 10 10 2 8
left_child=1 4 3 5 7 6 16 9 -6 10 15 12 24 20 -5 23 22 35 41 44 -10 28 47 26 50 -22 45 60 29 32 58 -24 -8 -15 -28 36 55 -31 39 -19 -41 -17 -43 -23 -16 -1 -47 -2 52 -39 51 -4 -49 -7 62 -3 57 -35 -27 -32 61 -20 -48
right_child=2 17 11 14 8 53 21 -9 13 -11 -12 -13 -14 33 19 18 -18 38 27 -21 25 43 31 -25 -26 30 34 -29 -30 37 59 -33 -34 56 -36 -37 -38 49 -40 40 -42 42 -44 -45 -46 46 54 48 -50 -51 -52 -53 -54 -55 -56 -57 -58 -59 -60 -61 -62 -63 -64
leaf_value=0.10069552470506672 0.034440159270806563 0.29826518822357162 0.022708779258382238 -0.019877729598346942 0.14583766919690147 0.27974043203899301 0.28988273301027051 0.020131756679927913 0.11083644523060061 0.019731776858223585 0.062988851833677931 -0.027777882632120509 -0.019788892796921389 0.16817483207138137 0.10423471438878645 0.16111972803131006 0.020846056864931902 0.025513568199224429 0.10807484031372133 -0.0073997868064799594 0.048163111296113718 0.18876422959993749 0.1350538282877641 0.048202970388987673 -0.0049104345058421399 0.13960000796457081 0.13730630127628518 0.045912743928591383 0.023591926904393209 0.053150349831210746 0.09700705419309702 0.30108431833443533 0.066009110581159269 0.10063273859496623 0.30994269668294366 -0.00081020249530108692 0.031080723616687071 0.32744149830791441 -0.0030252632060048805 0.46974589895906688 0.025692226069604803 0.35972594378197509 0.20264528289315833 0.0075904183270800295 0.32879173908304321 0.048595980026609482 0.16275326613331578 0.26439500180313058 0.076295903737071888 0.050515395459342124 0.016060571068757877 0.12929323531555928 0.11816265315392073 0.15664950140543404 0.11213390431984997 0.079635603349062237 0.0056601545418379163 0.00947731817372751 0.33770767105025201 -0.011131461161428723 0.12172927928834162 0.20006191083875524 0.26360304771900145
leaf_weight=67.961731713265181 26.83395532052964 1.5516145303845394 22.062461731024086 534.13195727951825 44.895661983639002 5.7717882776632896 3.9269394082948565 22.51874347217381 105.6514626853168 17.83918693754822 36.794023532420397 3155.1774093378335 2063.3271242799237 4.6570116654038429 3.1034138780087215 30.351085488684475 35.711209974251688 25.273410678841177 21.284668399952352 5.1857320051640272 125.84021291136742 2.4611911959946156 25.187768818810586 20.565143773332238 286.22803878597915 5.6425871206447464 5.8868820723146182 10.530892511829732 91.802216999232769 92.350713592022657 46.70983340870589 3.885657728649675 3.4186605401337147 23.732139051891863 6.0704746246337891 43.723279045894742 76.181315223686397 2.1799827180802813 434.69140396639705 1.679872791282832 2.1437070788815618 7.2605148544535041 39.399149168282747 191.5336062759161 3.1693923659622669 8.3120896769687516 47.981457483023405 4.2637615380808711 55.352829249575734 1.8548587998375294 107.39645947050303 16.159265893511474 18.928931329399351 28.290584714151919 26.240529765374959 40.625376804731786 67.238317754119635 23.282853261567652 2.4441112717613578 6.2408287543803445 43.354441246017814 46.036859945394099 7.235655039548873
leaf_count=3528 2226 123 2185 63052 1270 166 238 1769 5517 1274 2516 385091 245763 217 174 287 3242 2817 473 463 9473 169 1778 1650 32084 366 324 493 9163 8916 2871 180 275 1779 254 4452 7038 199 47504 180 235 147 1017 19610 183 533 2098 219 4185 173 10923 1482 1184 578 1459 3541 5931 2085 165 582 1225 1359 400
internal_value=-0.000477311 0.064502 -0.0152905 0.019088 0.10156 0.052274 0.0446524 0.127717 0.0748701 0.133184 0.137943 -0.0222226 -0.0151979 0.0671262 -0.0170277 0.145043 0.0812593 0.0099131 0.165261 0.115825 0.0815157 0.0286608 0.0973053 0.123979 0.00673768 0.0649391 0.133162 0.142497 0.047285 0.0682534 0.0995262 0.157244 0.185691 0.0317269 0.22495 0.0372057 0.0512494 0.0593034 0.000375061 0.0511738 0.220785 0.201089 0.227088 0.00988895 0.217694 0.126204 0.145515 0.0807688 0.0965963 0.200136 0.0296333 0.0677702 0.145046 0.177507 0.155405 0.0876786 0.0261653 0.0554906 0.199476 0.0842617 0.151687 0.170979 0.175969
internal_weight=8337.52 1547.83 6789.7 1139.35 921.959 593.755 559.692 465.624 456.335 443.105 425.266 5650.35 2495.17 411.439 545.59 388.472 170.164 625.87 198.218 11.4585 292.529 389.528 134.453 190.254 431.846 186.878 169.689 121.207 195.533 103.731 61.0374 29.0734 7.3456 118.91 11.9574 162.082 118.358 96.3856 463.788 29.097 3.82358 77.0107 46.6597 193.995 6.27281 157.731 89.7697 105.379 78.5455 4.03484 145.618 38.2217 23.1927 34.0624 81.4576 42.177 114.253 47.015 8.0867 52.9507 110.676 67.3215 55.2171
internal_count=910853 116952 793901 116373 51062 52501 51757 20806 30256 19037 17763 677528 292437 28986 63872 15247 13014 65890 5001 820 18974 38743 9772 10246 46674 13457 8596 3550 18964 9801 3984 1958 513 10012 578 15154 10702 9288 50736 3232 415 1451 1164 19779 357 8018 4490 7814 5588 372 14590 3667 1403 744 3957 3664 9795 3864 531 3453 3057 1832 2498
is_linear=0
shrinkage=0.03


Tree=5
num_leaves=64
num_cat=0
split_feature=12 44 87 87 44 12 202 1 180 55 53 213 9 6 44 1 1 44 87 183 192 265 205 267 8 30 12 36 11 2 11 31 36 173 1 1 8 213 35 30 183 135 66 202 41 37 11 24 2 172 258 1 8 78 132 61 11 8 48 102 236 83 159
split_gain=9543.93 1556.21 1438.09 1065.24 773.42 429.983 374.834 300.426 276.862 262.981 322.665 250.383 222.643 213.43 204.102 189.749 186.308 184.352 149.705 140.431 129.693 125.72 124.814 109.653 106.696 118.146 111.663 100.469 99.8741 112.618 98.4629 114.164 127.043 110.673 93.9853 91.1901 89.6487 85.4898 84.8187 84.4398 83.9453 83.1863 82.1296 81.5261 78.8335 144.992 80.8208 83.4762 85.6098 77.3669 75.8358 73.7254 73.4819 73.208 73.1316 71.0771 70.916 70.452 69.9926 69.1173 119.389 68.9543 68.1707
threshold=226.79217649367203 1.0000000180025095e-35 37.500000000000007 37.500000000000007 1.0000000180025095e-35 4170.8151308532697 1.0000000180025095e-35 202010.50000000003 -1.0000000180025095e-35 1.0000000180025095e-35 754.57384174192657 1.0000000180025095e-35 63.890643511900002 17336.323357401605 1.0000000180025095e-35 202101.50000000003 202001.50000000003 8.0000000000000018 37.500000000000007 -1027.7888138543617 1.0000000180025095e-35 -6.4999999999999991 -28501.584212058482 387.17922479220448 -794.05214679904986 1.5000000000000002 5618.3372003956692 -1459.4999999999998 -21271.289995626881 1.0000000180025095e-35 -92.475003049929498 1.0000000180025095e-35 -257.99999999999994 1285.2313717166483 202009.50000000003 202011.50000000003 -254.12233546346695 1.0000000180025095e-35 1300882.7647322069 1.0000000180025095e-35 -19.471533076215504 490.61481966918251 1.0000000180025095e-35 -1.0000000180025095e-35 1220.4719513360353 55137.818045810352 -92.475003049929498 1.0000000180025095e-35 1.0000000180025095e-35 926.70734560360972 -4.4999999999999991 202011.50000000003 -172.31696330904498 83511.940270230101 58626.468399183796 1956.5903734974752 -5608.8238504682349 -172.31696330904498 119755.30328457842 174861.84194327521 -4159.41592237653 5574.7360696158858 841.39153293746415
decision_type=2 8 8 8 10 2 10 2 10 8 10 10 10 8 8 2 2 10 8 8 10 10 10 8 10 8 2 10 2 10 2 10 8 10 2 2 8 10 8 8 8 8 10 10 10 10 2 2 8 10 10 2 10 10 10 10 2 10 8 8 10 10 8
left_child=1 3 5 7 9 8 16 12 -2 10 13 20 19 15 37 53 28 18 40 42 34 44 -6 30 -17 26 41 -27 38 36 31 -9 33 -33 43 -13 -30 -7 -3 57 -18 62 -1 -10 45 46 47 48 59 -34 -19 -39 -37 -4 -15 58 -14 -36 -16 60 -5 -55 -26
right_child=2 6 4 21 22 14 -8 23 11 -11 -12 35 56 54 55 24 17 50 -20 -21 -22 -23 -24 -25 25 27 -28 -29 29 -31 -32 32 49 -35 39 52 -38 51 -40 -41 -42 -43 -44 -45 -46 -47 -48 -49 -50 -51 -52 -53 -54 61 -56 -57 -58 -59 -60 -61 -62 -63 -64
leaf_value=0.11603067057375817 0.1509500583031336 0.1512823452159659 0.0060184175172627689 0.41194703756523893 0.21002640134740211 -0.0055762029886615178 0.0042070195921144055 0.10747438279034549 0.17057196540365382 -0.026763088489803633 -0.021003645002502087 0.07367304442646129 0.066736726811505567 -0.0095684242373376728 0.24847140823081618 -0.0043228259665868711 0.12313107161070906 0.27154443657963984 0.040798693925499029 0.057996043434502854 -0.013975163104068456 0.0024330771208506746 0.082709201712130684 0.044879123827909956 0.31780089103942516 0.054124930200172859 0.039558125871942053 0.37528848071673898 0.23161043081243013 0.10187062529666736 0.06920132912173213 0.096372520492849639 0.20696400287232475 0.20533379528448395 0.0067245747033486897 0.07149368447459839 0.14441216674004845 0.0080423161307130731 0.24013406583842858 0.18245812876398021 0.080707559034751519 0.061158098809935342 0.04862974612500047 0.022738991782004933 -0.01084204565242838 0.33944049056394882 0.01257677532179286 -0.013939651767580441 0.052780313360097655 0.39246827411834295 0.1499927666757819 0.10390305163336154 0.2233501711713422 0.32263094210917792 0.062769817481104564 0.19159880269738253 0.0033884372761340239 0.069037008246004825 0.04582180931674424 0.097482228071785706 0.12080672207073528 0.035247298463687154 0.14423942822287569
leaf_weight=79.484421426430345 20.366521056741476 21.94390903133899 149.51713593490422 1.9658988667652009 8.9336008569225651 495.45524578820914 24.883976174518466 88.196739639155567 3.4187320852652183 3429.9307196261361 1748.2987281884998 17.557283103466037 20.975174683146179 512.7597065474838 1.6051376108080138 13.867487574927507 135.28328612819314 7.4034584267064956 32.883285155519843 182.54958129674196 51.449144185520709 295.14115424174815 30.898695706389844 22.295199673622847 2.6701348163187504 1.4199452148750427 29.199664688669145 2.2911326829344025 12.762216710485516 52.308738927356899 32.797278566285968 21.011916345916688 6.6767306206747872 13.965762289240955 21.038787559606135 4.1184444138780227 62.962745132856071 17.980185735970739 17.286795513704419 4.9303026348352423 60.864668478257954 8.5197584917768836 20.458897176198661 186.99465044494718 23.128969471901655 1.5415655095130194 38.423037367872894 9.1551028164103609 28.874555197544396 2.9033101759850979 12.284752938896416 12.066457586362956 9.4443603334948403 1.2743988577276462 12.894305055029688 3.7757382122799745 65.787921844050288 72.962492332793772 34.573212328366935 12.900090121664105 3.5690800594165948 1.8310323609039185 8.5859051179140788
leaf_count=3701 893 201 15930 144 342 55216 1690 4067 131 428834 211742 1261 1716 57704 62 1552 3483 158 1681 12313 5328 31414 1287 1812 193 130 3063 213 240 1710 2264 1265 330 737 1978 299 1569 1769 245 375 2378 723 1376 16932 2466 158 3541 921 2824 136 215 1124 471 124 1381 264 5948 5655 2935 1074 284 197 684
internal_value=-0.000501764 0.0705588 -0.015007 0.0493508 -0.0204877 0.019116 0.117308 0.0764499 0.0432497 -0.0213737 -0.0139592 0.0373519 0.0607368 0.00257576 0.00237339 0.0274456 0.124073 0.107609 0.100036 0.0736468 0.0299136 0.0129462 0.111264 0.107337 0.0697159 0.0892035 0.0768371 0.252404 0.148556 0.135723 0.115749 0.127248 0.166389 0.139878 0.0377175 0.118809 0.159108 -0.0025964 0.190434 0.061438 0.109967 0.131881 0.102233 0.0253932 0.0388988 0.0508294 0.0461405 0.0689799 0.0850261 0.263183 0.1957 0.0465391 0.177238 0.0090128 -0.00779397 0.0677394 0.018703 0.0550906 0.0548128 0.135532 0.224213 0.153183 0.185411
internal_weight=8333.3 1412.67 6920.63 971.802 5962.89 957.737 440.868 557.103 392.281 5923.06 2493.13 371.914 369.256 744.831 565.456 219.177 415.984 248.719 229.031 282.493 340.794 414.699 39.8323 187.847 66.554 52.6865 48.9755 3.71108 167.264 128.034 165.552 132.754 44.5577 34.9777 289.345 31.1201 75.725 525.502 39.2307 98.9316 196.148 19.7758 99.9433 190.413 119.558 96.4293 94.8878 56.4647 47.3096 9.58004 19.6882 30.0466 13.5628 152.623 525.654 39.9541 86.7631 94.0013 36.1783 18.4351 5.53498 3.10543 11.256
internal_count=910853 92061 818792 78491 724099 94693 13570 35665 33323 722470 293636 32430 25054 81894 61370 22809 11880 7915 7542 17390 30399 42826 1629 10611 6558 5006 4663 343 3965 3519 8799 6535 2468 2002 25071 2031 1809 58109 446 8008 5861 1600 5077 17063 11412 8946 8788 5247 4326 466 373 2893 770 16251 59085 3261 7664 7633 2997 1502 428 321 877
is_linear=0
shrinkage=0.03


Tree=6
num_leaves=64
num_cat=0
split_feature=12 51 87 44 23 10 23 51 11 44 13 22 87 19 23 14 13 14 22 22 204 22 209 22 8 172 181 191 8 185 205 226 46 56 226 119 94 22 135 14 254 204 11 226 254 86 220 39 100 60 8 12 101 179 133 8 223 257 210 8 177 60 61
split_gain=8610.62 1961.88 943.481 589.533 497.578 383.225 281.392 326.019 269.443 253.895 246.941 231.55 213.954 168.03 166.076 156.074 149.093 140.884 127.974 127.791 136.049 125.888 135.911 125.801 124.252 115.755 107.582 103.89 101.366 97.55 97.2963 97.2112 94.3875 92.3946 90.6569 89.3713 92.0589 85.3918 83.563 83.5018 83.2916 82.4036 82.1715 81.9845 107.261 84.897 81.8689 79.4271 75.9473 74.0679 75.7533 76.0467 72.5459 72.3559 71.205 71.2029 69.7774 76.8424 68.7563 67.5655 76.1507 64.309 67.7838
threshold=851.77520742401066 840.75865922331002 29.500000000000004 1.0000000180025095e-35 1.0000000180025095e-35 6.5000000000000009 1.0000000180025095e-35 840.75865922331002 -1.0000000180025095e-35 1.0000000180025095e-35 1.0000000180025095e-35 24590.555385330579 44.500000000000007 1.0000000180025095e-35 1.0000000180025095e-35 3314.1526672337745 1.0000000180025095e-35 296.84451875952806 5517.8821042235895 29965.744327349475 -7616.6858647446052 19406.361833905583 -58568.123557480896 19406.361833905583 -99.423837142526978 294.97303443926359 -1.0000000180025095e-35 -1.0000000180025095e-35 -254.12233546346695 -1.0000000180025095e-35 -5784.3726887810326 -33.499999999999993 -1581.4999999999998 1.0000000180025095e-35 -10.499999999999998 -22.059267163187993 1450.5000000000002 76724.26168428325 1.0000000180025095e-35 1.0000000180025095e-35 13519.595684156926 -8948.5846115330223 -201.9414979686255 -10.499999999999998 731.97263755878168 1.0000000180025095e-35 1.0000000180025095e-35 -1.0000000180025095e-35 -1702.4999999999998 16943.979072733837 -344.14623100524994 7232.1132772621049 3669.3001289366184 -993.37151442346556 1.0000000180025095e-35 -99.423837142526978 1.0000000180025095e-35 -6156.1480168439948 -2173.5195500515433 442.10007445369359 -168.37302188413997 15245.031239825565 1651.3542562811033
decision_type=2 10 8 10 2 2 2 10 2 8 2 2 8 10 2 8 2 8 2 2 8 2 8 2 8 10 10 8 10 8 10 8 10 10 10 8 10 2 10 8 10 10 2 8 8 10 10 10 10 8 10 2 8 10 10 8 10 10 10 8 8 10 10
left_child=1 4 9 6 5 8 7 15 13 14 42 30 25 18 17 21 -7 23 26 20 -18 22 48 28 -22 -12 47 -13 -2 37 -11 58 -26 -27 -20 -30 -37 39 -38 -10 -6 -41 -3 44 -21 -46 -24 -1 -4 50 -9 -52 -48 -5 -43 -19 57 -28 -14 60 -36 62 -34
right_child=2 10 3 53 40 16 -8 49 29 11 12 27 31 -15 -16 -17 19 55 34 43 24 -23 46 -25 32 33 56 -29 35 -31 -32 -33 61 -35 59 36 38 -39 -40 41 -42 54 -44 -45 45 -47 52 -49 -50 -51 51 -53 -54 -55 -56 -57 -58 -59 -60 -61 -62 -63 -64
leaf_value=0.16290036749554024 0.021873028859991907 0.12163074501396361 0.11450558634817988 0.13625053355518474 -0.0026592360572862753 0.10590772943310148 -0.026705150148015951 -0.015476511792245124 0.27490019467597548 0.19414019533093824 0.020789343393762379 0.18179627797376957 0.1610819662335829 0.028759080611846913 -0.020556716775274118 -0.0015427137168492922 0.24117622571759659 -0.0082403331345732543 0.12732988739178089 0.00064422466979245597 0.014086931166103893 -0.0046236225563201557 0.041576572499332394 -0.0063375046547309412 0.052026401947220073 0.1002852271213109 0.11269365608318563 -0.00020628148448116954 0.062101982121002097 0.032148176359408018 0.090304769906415658 -0.0068155717921702264 0.092859870895439914 0.024325681568723122 0.13624714221262502 0.10228154921578259 0.3320271507084569 0.017764973250152593 0.12912862884283755 0.2706250147484684 0.21909918586525554 0.07670741774100337 0.01890965802656866 0.0056862017000253598 0.3022727407822578 0.07484654539500521 0.27318158154373362 0.11734055600477002 0.38730121847052906 -0.022160696432144564 0.038272032927389406 -0.0089139934774323144 0.064931249207956232 0.056279551739742077 0.2506734774962967 0.021306497147994763 0.15812862015308424 0.07485665792284342 0.03106017512381206 0.03756115580246986 0.049226666071032654 0.06131062589821909 0.16674723715943796
leaf_weight=69.518383261747658 17.235968872904778 24.961421485990286 2.0703242477029566 18.861911316402256 67.799722817726433 61.418443003669381 3388.5594330690801 389.89392865728587 2.44951463583857 11.175596077926455 159.45008269418031 3.0800445592030883 4.5342084104195264 23.181793970055878 114.25350516848266 351.5794553719461 3.860925043001771 106.1077843029052 28.27869722340256 5.804355005733667 41.760948633775115 43.210984636098146 75.438193613663316 19.990606538020074 125.58884867094457 35.790567553602159 209.65414331760257 33.781464474275708 17.811120393685997 61.680294645950198 29.721222476102412 361.56618291884661 58.535696593113244 24.127613267861307 18.691557266749442 11.295065461657943 3.9703206084668627 13.07519596070051 3.3837915230542421 2.2849372858181587 1.5594066148623813 40.775064329616725 9.7450936585664731 60.697470741346478 2.7949735289439559 3.1333412267267704 2.6671660933643571 68.248247928917408 1.6509467326104639 1476.420886372216 53.819062720052898 71.680903704836965 3.4566606348380446 22.128090472891927 2.2334900107234708 238.15810512565076 23.241601783782244 62.770065362565219 18.992623788304627 40.008177147246897 17.5466831298545 45.0654935259372 13.811020271852611
leaf_count=1406 1634 694 173 619 5957 1448 434964 47863 107 408 14128 96 356 1461 13080 38014 214 11342 778 527 3323 4391 6685 1869 7525 2733 6706 2983 1295 4154 1944 40199 3347 2174 572 837 269 1090 263 85 89 2377 956 5236 209 245 193 1315 133 182264 5884 8548 309 904 121 22836 798 2632 1766 2067 884 2808 566
internal_value=-0.000520626 0.0572706 -0.0166262 -0.0202976 0.0802726 0.0851602 -0.0210906 -0.0133938 0.0990416 0.0188941 0.0149685 0.0695305 0.0105004 0.107841 0.0114959 0.00879829 0.0626974 0.0202579 0.111249 0.0553469 0.0642878 0.0370928 0.0582295 0.0579057 0.0618895 0.0341483 0.118435 0.0150013 0.0818229 0.0587317 0.118679 -0.00297068 0.0701046 0.0696981 0.0814533 0.110163 0.156065 0.0856921 0.238669 0.104295 0.00232658 0.0950686 0.0927881 0.0197189 0.0923152 0.182069 0.0501401 0.14033 0.235532 -0.0187427 -0.0089512 0.0113211 0.155632 0.0930789 0.0857417 0.0121997 0.108232 0.103976 0.0561186 0.0644383 0.0941115 0.0894418 0.106965
internal_weight=8326.04 1814.64 6511.4 5901.44 1175.47 1106.11 5860.45 2471.89 683.638 609.965 639.168 77.7583 604.461 561.139 532.206 480.074 422.472 417.953 537.958 361.053 288.623 128.494 85.2833 73.6869 284.762 219.368 433.432 36.8615 53.6963 122.498 40.8968 385.093 243.001 59.9182 104.525 36.4603 18.6492 60.8182 7.35411 47.743 69.3591 45.2935 34.7065 72.4301 11.7327 5.92831 81.562 137.767 3.72127 1991.81 515.394 125.5 6.12383 40.99 43.0086 344.266 295.666 272.424 23.5268 76.2464 36.2382 117.412 72.3467
internal_count=910853 121053 789800 730944 58047 52001 729421 294457 26553 58856 63006 5431 61356 18619 53425 49898 25448 40345 17158 24000 17783 11884 7493 6167 17569 19035 12857 3079 4298 7934 2352 42321 14246 4907 4301 2664 1369 3780 532 2690 6046 2583 1650 6217 981 454 7187 2721 306 244559 62295 14432 502 1523 2498 34178 10136 9338 2122 3523 1456 6721 3913
is_linear=0
shrinkage=0.03


Tree=7
num_leaves=64
num_cat=0
split_feature=16 24 14 141 14 203 10 24 14 107 10 16 226 267 1 1 13 19 1 34 159 14 224 76 13 76 204 114 267 1 155 119 141 1 215 1 114 120 189 47 197 160 1 119 40 60 214 221 1 135 30 19 76 204 48 156 89 155 112 141 204 120 122
split_gain=6544.38 3068.88 1380.94 776.004 342.629 282.526 276.97 272.537 281.951 231.435 197.584 187.892 168.625 174.333 225.263 144.881 133.871 120.917 116.919 115.814 101.175 110.121 91.1875 88.5208 87.8384 166.494 90.3019 86.86 85.2976 84.9494 115.302 84.0757 83.819 82.9586 93.4912 81.8399 79.433 78.3256 78.2443 73.1563 88.5975 73.0549 71.5076 85.0537 69.437 83.8111 76.6951 72.3715 69.4145 67.4665 64.8872 63.7571 78.5416 84.87 84.461 89.5361 63.7347 63.597 62.3129 61.961 60.1343 59.9072 58.1583
threshold=1.5000000000000002 1.0000000180025095e-35 296.84451875952806 36.500000000000007 -1490.3056703520892 1.0000000180025095e-35 6.5000000000000009 1.0000000180025095e-35 1379.1689462382842 12659.455925632546 6.5000000000000009 8.5000000000000018 -8.4999999999999982 10229.279889256264 201956.50000000003 202001.50000000003 1.0000000180025095e-35 1.0000000180025095e-35 202103.50000000003 1.0000000180025095e-35 -1.0000000180025095e-35 -11817.454010254747 2.5000000000000004 20192.419590105415 1.0000000180025095e-35 25797.180673893261 -4423.2657334545684 20914.133072119697 684.53965395051739 202105.50000000003 9037.4642962204034 -153.94020861344799 74.500000000000014 202011.50000000003 2431.9251976395258 202008.50000000003 6918.0117268399708 25111.975756155596 -501.69340607237149 5010.419680461805 -1.0000000180025095e-35 4.5000000000000009 202105.50000000003 -401.07748772750745 601.50000000000011 16943.979072733837 -52.519337443494912 1.0000000180025095e-35 202001.50000000003 1520.9074875287326 1.5000000000000002 1.0000000180025095e-35 57778.913948497597 -33644.432996867174 111199.09810864863 132818.63250175925 109053.24053219461 3679.6200274257253 47.500000000000007 21.500000000000004 -8276.6004570945297 3148.1237666084785 -6541.2341498060341
decision_type=8 2 10 8 10 10 2 2 8 10 2 10 8 10 2 2 2 10 2 10 10 10 10 10 2 8 10 8 8 2 8 8 10 2 8 2 8 10 8 10 8 10 2 10 8 10 10 10 2 10 8 10 10 10 10 10 10 8 10 10 8 10 8
left_child=1 2 5 4 16 6 17 8 11 -3 19 12 13 29 -15 56 31 20 59 32 21 48 38 -24 -8 26 58 35 41 -5 -31 49 51 -6 61 -12 42 -22 -23 40 -10 57 -14 -44 -28 46 -46 -47 -1 -2 -37 52 54 -54 55 60 -11 -20 -26 62 -4 -35 -18
right_child=3 9 10 7 33 -7 24 -9 39 15 27 -13 36 14 -16 -17 18 -19 28 -21 37 22 23 -25 25 -27 44 -29 -30 30 -32 -33 -34 34 -36 50 -38 -39 -40 -41 -42 -43 43 -45 45 47 -48 -49 -50 -51 -52 -53 53 -55 -56 -57 -58 -59 -60 -61 -62 -63 -64
leaf_value=0.15288516514704095 0.26288742479491395 -0.018386695440459438 0.2026787249477596 0.04471267491281293 -0.010218176975359036 0.0052755739352449383 0.096261211372511868 -0.027386814432844429 0.24398077946447147 0.09658064787273532 0.0059714376900028348 -0.0088348567238976643 0.040404153317976803 0.50355899861185915 0.044604455018854385 -0.009350915313856149 0.10042368289863499 0.029023824469409688 0.19880662110623429 0.12123311216389017 0.11544945216552699 0.097100167956137851 0.15976792527695602 0.041847967925082927 0.27011826067968475 0.020134788519566515 0.041595563434189978 0.0031963302120907953 -0.016677516981886298 0.38862623324318613 0.057814410240333167 0.048407833551992581 0.0038548210969145866 0.039497817050407967 0.19541713538195338 0.048913798083497669 0.0028233157242143624 0.220808764383773 0.067850593895315267 -0.022018383771527317 -0.0045382198651854454 0.26879693157025014 0.060827041839444464 0.36361047059050083 0.1474429298487171 0.044010000196725838 0.082075143464868799 0.20305492595784691 0.10220632601827724 0.10962594354308142 0.17728947286654656 -0.01187687323541165 0.14295972426101933 0.0022968579365495556 0.037470672802191338 0.24242509831760564 0.23991065566520339 0.065594008173199242 0.087033049774052046 0.013187431082075911 0.070542212462046852 -0.0033517029478031743 0.036166623777745113
leaf_weight=36.408516250550747 4.7721978193148953 613.0414801966399 3.2061647241935134 46.774302132893354 282.38082381663844 40.715300745330751 66.688898880966008 2847.4830710599199 1.2993266396224499 7.014403363689782 51.969668619334698 427.03650401346385 19.934544134885076 1.8536791042424732 2.0019596070051193 8.4808944500982744 16.252920450177044 22.552357838489115 4.5761815435253066 17.440269821323454 163.93054942879826 142.30585504695773 25.058928798884153 7.4277212349697939 3.387218219228088 77.088411972858012 64.383468345738947 250.04317702865228 4.3673995994031456 1.5750075206160534 2.3828207021579151 7.55568195646629 44.572021755389869 52.376960072200745 2.6565377428196362 63.879714901559055 155.79268572805449 6.6063084285706273 195.23696281947196 1615.1635487731546 202.78832438727841 2.9071221831254652 1.9746315199881794 1.4467136692255724 20.514086182229221 58.272495394572616 76.006097287870944 2.6940046586096278 73.286166677251458 5.6402703626081347 3.7516396418213835 14.594772405922411 4.2924946518614879 38.354803338646889 73.26963023468852 2.9604246877133837 4.6386820413172245 10.927447746973487 3.306040832772851 89.542401265818626 93.342056762427092 66.836764290928841 57.615683734882623
leaf_count=581 153 74940 152 4837 30566 2625 1294 375388 59 268 4480 50408 1998 147 199 687 984 1271 261 309 4074 4598 849 479 129 6243 3622 23826 352 135 244 447 3899 4626 226 5089 16688 155 8637 202835 23369 211 195 132 848 3314 3714 146 1335 143 258 1287 135 3270 6035 125 172 759 143 8249 6434 7506 4313
internal_value=-0.000535216 0.0414863 0.0619886 -0.0173888 0.0147089 0.0828061 0.0858264 -0.0210544 -0.0137837 -0.0150997 0.0278253 0.00300046 0.0246236 0.0707849 0.265256 0.0849817 0.0463884 0.0973151 0.0388418 0.0462691 0.0996836 0.0926281 0.0848022 0.132807 0.0650666 0.0582603 0.0711191 0.013254 0.102517 0.056005 0.18946 0.124589 0.0415079 -0.0012901 0.0193968 0.0342811 0.0105579 0.119531 0.080182 -0.0198799 -0.00295602 0.130792 0.0621509 0.188859 0.0678439 0.0785747 0.0959682 0.0510379 0.119027 0.179868 0.056035 0.0488041 0.0529151 0.0164547 0.0619147 0.0799132 0.153635 0.104914 0.179686 0.029966 0.0749302 0.0154744 0.0503048
internal_weight=8316.64 2380.72 1747.55 5935.92 608.408 1085.87 1045.15 5327.51 2480.02 633.175 661.677 660.773 233.736 54.5878 3.85564 20.134 204.157 672.813 186.189 292.033 650.261 479.724 370.029 32.4867 372.341 305.652 228.563 369.644 22.7782 50.7321 3.95783 17.9682 274.592 404.251 121.87 119.601 179.149 170.537 337.543 1819.25 204.088 18.4108 23.3559 3.42135 221.87 157.487 96.5202 60.9665 109.695 10.4125 67.6314 230.02 215.426 42.6473 172.778 99.5086 11.6531 15.5036 6.69326 163.411 96.5482 119.214 73.8686
internal_count=910853 175423 99356 735430 58796 44057 41432 676634 301246 76067 55299 74983 24575 5562 346 1127 15872 21979 15129 21646 20708 16479 14563 1328 19453 18159 11916 33653 1583 5216 379 743 21337 42924 12358 9827 19013 4229 13235 226263 23428 1231 2325 327 11644 8022 4562 3460 1916 296 5347 17438 16151 3405 12746 6711 440 1020 272 13546 6586 12132 5297
is_linear=0
shrinkage=0.03


Tree=8
num_leaves=64
num_cat=0
split_feature=33 12 34 12 14 13 16 195 180 22 55 227 55 16 22 16 55 114 261 163 195 62 22 14 30 266 154 205 257 205 114 33 33 110 214 160 76 32 182 189 180 270 211 220 11 140 14 110 214 83 216 163 154 182 266 51 86 68 261 29 173 227 38
split_gain=7927.04 1508.38 752.623 506.915 397.376 260.31 242.623 215.196 200.412 163.059 150.206 147.51 123.962 175.786 123.718 123.391 109.403 118.025 105.864 102.099 93.7379 91.478 84.3794 112.536 82.4185 82.234 86.2742 80.033 79.4741 78.193 75.4139 74.927 72.4437 95.1226 134.864 85.6742 67.9356 67.7309 67.2717 65.1837 63.9534 63.734 61.6824 61.5465 60.2303 59.5288 58.8695 58.7724 63.8685 58.196 59.0538 57.4398 55.2913 54.4864 53.4976 64.8708 90.1371 51.917 51.8221 49.9413 48.4941 47.8922 75.4503
threshold=34.500000000000007 1775.5301203891197 1.0000000180025095e-35 4170.8151308532697 -1490.3056703520892 1.0000000180025095e-35 4.5000000000000009 1.0000000180025095e-35 -1.0000000180025095e-35 29965.744327349475 1.0000000180025095e-35 -47.499999999999993 1.0000000180025095e-35 3.5000000000000004 29965.744327349475 1.0000000180025095e-35 1.0000000180025095e-35 12068.354827217203 59.500000000000007 378.03316715072941 406.29901614510351 -343.01497971949647 48010.572834157887 34563.713557566378 1.0000000180025095e-35 1566.6733564267822 -911.49999999999989 -13957.525738987848 1.0000000180025095e-35 -15232.519712456246 12068.354827217203 11.500000000000002 72.500000000000014 1.0000000180025095e-35 470.3797217601869 8.5000000000000018 37339.523206669393 44.500000000000007 -13.430000828846 -501.69340607237149 -1.0000000180025095e-35 -688.83389113302155 1.0000000180025095e-35 1.0000000180025095e-35 -960.23267841616382 29.500000000000004 296.84451875952806 1.0000000180025095e-35 1452.5005838547102 18260.758210370404 -1.4999999999999998 1645.7851240277505 -1428.4999999999998 1140.1558747884553 7594.7273437414669 3519.7455221895257 1.5000000000000002 -3355.165012307652 60.500000000000007 1.0000000180025095e-35 549.35624609139529 -11.499999999999998 92292.152199364806
decision_type=2 2 10 2 10 2 8 8 8 2 8 8 10 8 2 8 10 8 10 10 8 8 2 10 10 10 8 8 10 10 8 2 2 8 8 10 10 8 10 10 10 8 10 10 2 10 8 8 8 10 8 8 10 8 10 10 10 10 10 2 10 10 8
left_child=1 4 3 6 5 53 11 14 46 20 15 28 13 19 18 22 17 43 36 30 29 -20 23 27 37 -11 -27 -10 -2 -7 40 57 33 34 -8 -36 45 58 42 -39 -5 -29 -31 51 -45 -6 -3 48 -17 50 -21 59 -44 -1 -34 56 -56 -22 -23 -13 -54 62 -60
right_child=2 8 -4 12 7 9 32 -9 10 25 -12 16 -14 -15 -16 47 -18 -19 21 49 31 24 -24 -25 -26 26 -28 41 -30 38 -32 -33 54 -35 35 -37 -38 39 -40 -41 -42 -43 52 44 -46 -47 -48 -49 -50 -51 -52 -53 60 -55 55 -57 -58 -59 61 -61 -62 -63 -64
leaf_value=0.097899712350475329 0.072750983228502167 0.15215211707074813 0.084450674508884119 0.1799508085097602 0.078450927230555009 0.18843882112725246 0.015794644321505211 0.017169217918107698 0.16071312743332411 0.016741097642620252 -0.019231821224811891 0.0054617804270111429 -0.026906098621069938 -0.021657564417866836 0.022921371816686145 0.015487855948957855 -0.013237016416129928 0.012353434137630279 0.0013654601567003009 0.22382820802305387 0.10725338211327611 -0.0027522407983172569 -0.0034443446993667774 0.0095670132726949318 0.12043963151924718 0.049011561377771129 0.29069791251138288 0.23851018153358844 0.26447473406820382 0.082313600548533344 -0.0087865381919467796 0.030465497189077696 -0.020628309677758892 -0.010665868752470633 0.083635859902695481 0.31423118989778626 0.18112715272534671 0.22343891750926248 0.054092817851666704 0.078388789207293502 0.022340640719974519 0.051801606320530866 0.083794808222576206 0.029545019152969771 0.21616228535917095 0.18087137954914179 0.060565208155645235 -0.0071321124704362519 0.12208069761079005 0.017464498292822428 0.068615745588778171 0.19868557186261201 0.25234063007642882 0.13665328138674396 0.32120538436130031 0.0047165663098309614 0.0031628442297213966 0.043131512163598874 0.22372849867370231 0.065155586668688092 0.10533407412073539 0.049982894644957032 0.070093742022040967
leaf_weight=243.85229593794793 22.475176293402914 8.4408041848801059 64.149692984763533 2.4230827130377284 101.57539513800293 5.9928351007401934 87.886412581428885 155.26224112557247 6.8780062459409237 67.343469387385994 138.78930995706469 20.001346265431494 2982.2636682582088 1566.5164729910903 73.987603935413063 106.75029328698292 100.18028461979702 200.98289220221341 26.068414210341871 3.0665284865535796 26.469829499721527 15.108959446661173 43.444416955113411 57.104642706923187 19.045727630145848 3.7686746018007398 2.0536538995802394 1.6734181428328154 2.1303211669437578 297.94416703935713 308.25539670651779 69.336113976314664 452.1065847449936 201.96960518928245 4.7381589957512906 2.0895803398452699 6.8393623502925029 3.8948871046304694 76.874021710827947 9.8145151529461128 52.956520121078938 98.46061768848449 7.5960269169881967 2.4969658046029508 4.1326748910360029 5.3777597332373253 25.095785853918642 180.10121548129246 5.3107909788377574 12.542949869297443 7.8632252244278806 2.2234828593209377 5.1939178528264147 37.699789298698306 1.45074487151578 32.592730186413974 1.7934691216796634 19.913736619986594 3.650660868734124 34.150689731352031 3.3044435027986765 158.43359477631748 13.57341332733631
leaf_count=3285 1422 251 1830 193 4037 174 9618 12089 326 4978 16948 1452 403493 201863 4950 10918 11603 17160 1984 253 1092 943 3928 5311 712 266 136 137 149 10135 33806 5130 55645 23096 464 207 104 235 3553 550 5143 7744 432 182 263 246 1657 19797 431 1186 695 134 291 489 153 3911 200 1091 193 2432 161 8881 715
internal_value=-0.000547623 0.049325 -0.0177714 -0.0188447 0.0664452 0.0793826 -0.00112109 0.0475108 0.0121328 0.0679885 0.00837825 0.0182586 -0.0230581 -0.0171841 0.0582817 0.0160465 0.0134552 0.0235846 0.0654813 0.00091859 0.0739682 0.0545479 0.0337328 0.0435742 0.0607504 0.0260929 0.134259 0.0617214 0.0893502 0.0808951 -0.0029958 0.0502097 -0.0107235 0.000966836 0.0257726 0.154208 0.0894625 0.0551907 0.0792464 0.119598 0.0292367 0.0549218 0.0854038 0.0594114 0.145875 0.0836008 0.0836167 0.00348154 0.0205395 0.0615597 0.112163 0.0492435 0.14261 0.103089 -0.0178316 0.0174509 0.145385 0.0797241 0.0505621 0.0431074 0.19518 0.0551478 0.102657
internal_weight=8305.46 2132.02 6173.44 6109.29 1459.98 867.343 1173.4 592.633 672.049 585.791 638.513 388.774 4935.89 1953.62 437.37 499.723 364.168 263.988 363.383 387.108 512.625 249.59 207.561 164.117 223.522 73.1658 5.82233 107.012 24.6055 396.905 363.635 115.72 784.627 296.684 94.7142 6.82774 113.793 204.476 390.913 13.7094 55.3796 100.134 314.039 63.0052 6.62964 106.953 33.5366 292.162 112.061 23.4727 10.9298 56.3755 16.0944 281.552 487.944 35.8369 3.24421 46.3836 190.767 54.152 8.49836 175.658 17.2241
internal_count=910853 134300 776553 774723 66852 31213 128091 35639 67448 27439 65540 34797 646632 243139 23550 48592 33226 21623 18600 41276 22059 14213 17446 13518 12229 5380 402 8207 1571 14746 39142 7313 93294 33385 10289 671 4387 11517 14572 785 5336 7881 11019 4463 445 4283 1908 31146 11349 2134 948 4018 884 3774 59909 4264 353 2183 10732 3884 452 9789 908
is_linear=0
shrinkage=0.03


Tree=9
num_leaves=64
num_cat=0
split_feature=17 109 141 11 11 13 76 109 9 188 11 1 13 205 1 1 254 180 1 17 9 130 29 79 89 31 11 267 17 261 37 52 1 27 1 1 86 1 135 213 228 11 1 101 188 1 31 214 231 48 9 205 9 158 11 11 114 27 29 82 114 114 114
split_gain=5858.45 1710.14 797.28 689.685 293.22 246.171 270.987 224.133 249.034 219.644 198.01 160.368 152.598 137.351 131.589 128.218 150.491 117.476 114.976 108.672 100.625 99.1849 94.2729 87.8278 86.6853 83.6741 80.3136 83.1458 239.889 76.4321 76.2452 75.8493 74.4686 65.1797 63.5557 75.5897 63.9451 63.2092 69.9624 60.2096 59.4352 58.431 108.651 75.9953 85.0616 59.1298 56.7088 61.2265 53.6811 77.472 51.7581 51.4524 51.0444 50.5304 49.7639 49.3025 55.1136 80.2133 115.811 58.7058 48.4593 47.9627 47.5187
threshold=1036.6371997697422 1.0000000180025095e-35 36.500000000000007 -1.0000000180025095e-35 -92.475003049929498 1.0000000180025095e-35 31335.569072436756 1.0000000180025095e-35 401.00843971793 4481.4110418108057 -5608.8238504682349 202101.50000000003 1.0000000180025095e-35 -9722.6180365310665 202056.50000000003 202002.50000000003 3752.2178487690671 -1.0000000180025095e-35 201956.50000000003 5209.5194556716888 337.67269301478012 81947.91227307776 13858.698706286632 1110.0068924586003 740828.47296472441 1.0000000180025095e-35 -6903.7976614734098 10229.279889256264 20566.843098305439 60.500000000000007 2944.2326475573432 inf 202104.50000000003 1230.7864704631684 202011.50000000003 201911.50000000003 1.0000000180025095e-35 202101.50000000003 1.0000000180025095e-35 1.0000000180025095e-35 1.0000000180025095e-35 -6903.7976614734098 201911.50000000003 2307.3916107324703 -336.74628246204196 202105.50000000003 1.0000000180025095e-35 1452.5005838547102 27907.094266509117 551212.96924950497 1.0000000180025095e-35 -62430.324708830121 220.87666042806606 557.50000000000011 -20.142182545590995 -612.00154333685589 6918.0117268399708 1634.8394517613297 26050.871322414114 7.5000000000000009 12068.354827217203 25045.617850325194 13804.356828985774
decision_type=8 10 8 2 2 2 8 10 8 8 2 2 2 8 2 2 8 10 2 10 10 8 2 10 8 10 2 10 8 8 10 8 2 2 2 2 10 2 8 10 10 2 2 8 8 2 10 10 8 8 8 8 10 10 2 2 10 2 2 10 8 10 8
left_child=1 3 4 5 12 18 11 8 19 17 15 22 -2 -13 31 16 -3 60 25 32 21 34 29 -16 -25 -1 27 -10 -29 -7 46 -14 -4 40 35 36 -19 -21 55 -15 -12 42 43 -8 -45 -44 53 50 -38 -50 -48 -23 -6 -31 -52 -39 57 59 -59 -57 -5 -35 -34
right_child=2 10 7 9 52 6 41 -9 26 -11 33 13 14 39 23 -17 -18 20 -20 37 -22 51 -24 24 -26 -27 -28 28 -30 30 -32 -33 62 61 -36 -37 48 38 -40 -41 -42 -43 45 44 -46 -47 47 -49 49 -51 54 -53 -54 -55 -56 56 -58 58 -60 -61 -62 -63 -64
leaf_value=0.11532867950861819 0.11788266888863881 0.025528874007891906 0.017607309793870093 0.1581225456625972 0.0075398666367818418 0.021252397388965834 0.01070544039860143 -0.026701907266246269 -0.0054869331649450154 -2.6002637886436942e-05 -0.01685383268222226 0.23727193254556866 0.012883228089748747 0.074738761793975844 0.037208661895793894 0.0044484943661698409 0.1825941124400986 0.053633700227285898 0.070372703950780754 -0.011326919112302564 0.010093084368943222 0.095896518794813201 0.015458646455133812 0.073494555840372788 0.1904142114709397 0.071887157373560023 -0.021205856326720417 0.3360090761503487 0.017453083871645389 0.042050550019993811 0.0082509183868420977 0.085142809074245165 0.13058712293659158 0.1466699437879436 0.075249476142304775 0.025266836968981476 0.073856151426537411 0.003191786481015783 -0.0051850203687084703 0.11702487043532261 0.0564948241594255 0.0093389988622835807 -0.010258687105566638 0.26712741893392328 0.097219648779443196 0.11275268330012375 0.12609365010647841 0.17254905121949088 0.3100950128442429 0.069439912677596485 0.064445244141011451 0.0028211469622149688 -0.014641565572364552 0.070600288251158258 0.16630299990173217 0.11045636305148231 0.0084575967454635862 0.41852154521580948 0.047011294094712539 0.01347533968327029 0.071769214187752395 -0.030414263585278909 0.031636052244554666
leaf_weight=128.99721905589104 18.626866045407951 11.091843619477002 110.09132848167792 8.6365497792139632 172.52216067491099 41.924162156414241 5.8357378863729537 2660.2242378774099 97.873593372292817 188.66669364273548 467.56648284802213 5.3484881962649524 207.8254119893536 152.78141766740009 50.027636050246656 25.573669597972184 10.871393359731885 49.165281403344125 235.53660164633766 350.06401813449338 109.05138266738504 5.8719406770542264 48.784885094966739 24.225842169951651 7.465857849456369 57.777936250902712 1799.7220940738916 2.5365836066193852 13.194076782092452 94.207662041299045 20.787592996377498 13.951498216949402 9.3107364298775774 3.8913988731801501 77.029220408760011 95.079054214991629 6.0428571519441885 25.98485378921032 93.283021970186383 37.803355904761702 10.158657560124992 112.88117247913033 22.168691786006097 3.5231999289244413 10.722519044764342 4.1800159104168406 17.71569124283269 6.759091946296393 2.8191947462037206 2.1012379759922624 81.961377364117652 59.608761902432889 203.51595562556759 136.83452880335972 4.5568711170926681 11.509740759618586 13.945438038557766 1.4704085327684873 1.552532759029418 10.973415760323403 18.119158947840337 2.1299854135140777 8.2274905126541871
leaf_count=1709 540 904 10632 223 16389 1945 453 368627 11548 18158 59193 144 17365 5231 3405 2255 469 3206 4537 41137 10356 198 3334 1698 483 1298 233970 185 1507 3433 1238 617 690 322 4361 6158 525 2884 10829 878 283 9307 1526 180 558 202 604 221 225 157 3995 5065 23795 5193 246 1277 1655 149 177 1309 686 218 791
internal_value=-0.000556536 0.0391338 -0.0165759 0.0527365 0.0135293 0.065747 0.0560531 -0.0206101 -0.0142544 0.0269936 -0.00831652 0.0646537 0.0345354 0.0873342 0.02942 0.050108 0.103273 0.0387523 0.0843119 0.00200216 0.0347471 0.0437776 0.0548553 0.0619625 0.101038 0.10189 -0.0196616 0.00480234 0.0688205 0.0596039 0.0640354 0.0174289 0.0267537 -0.0140578 0.0529722 0.0419161 0.0682429 -0.00420682 0.0114969 0.0831264 -0.0152941 0.0209912 0.0493202 0.101888 0.139241 0.0092561 0.0674258 0.08505 0.133758 0.207325 0.0793761 0.0111676 -0.00446497 0.0589591 0.06981 0.035278 0.0564116 0.0826304 0.22772 0.0631226 0.0996434 0.0840287 0.0841674
internal_weight=8292.69 2384.56 5908.12 1853.28 698.161 1231.09 808.776 5209.96 2549.74 622.191 531.283 649.465 322.123 195.933 303.496 47.5369 21.9632 433.525 422.312 636.413 406.769 297.718 453.532 81.7193 31.6917 186.775 1913.33 113.604 15.7307 404.747 362.823 221.777 127.63 483.747 232.237 155.208 60.1286 508.783 158.719 190.585 477.725 159.311 46.4302 20.0815 14.2457 26.3487 342.035 110.993 10.9633 4.92043 104.234 65.4807 376.038 231.042 86.5182 65.4364 39.4515 25.5061 3.02294 22.4832 26.7557 6.02138 17.5382
internal_count=910853 159194 751659 95550 64292 46232 38688 687367 318740 49318 63644 26462 24108 6253 23568 3628 1373 31160 7544 71530 30251 19895 20209 5586 2181 3007 247210 13240 1692 16875 14930 17982 12113 60016 14632 10271 4113 59417 18280 6109 59476 12226 2919 1191 738 1728 13692 5066 907 382 4845 5263 40184 8626 4241 7451 4567 2912 326 2586 909 540 1481
is_linear=0
shrinkage=0.03


Tree=10
num_leaves=64
num_cat=0
split_feature=12 52 47 23 23 44 20 191 87 14 14 1 23 8 220 29 1 115 187 215 67 266 78 119 195 1 68 1 14 47 12 1 1 1 130 215 204 265 40 172 161 133 47 40 204 52 217 130 83 1 44 104 158 184 29 205 156 188 67 27 155 189 204
split_gain=6197.47 1268.62 591.686 553.033 318.282 290.501 227.912 223.751 207.462 178.837 169.142 156.918 127.39 119.227 111.672 105.884 103.061 117.479 95.8386 93.198 81.9894 81.9093 80.062 79.851 79.2345 75.667 72.8239 73.1318 68.5789 80.7619 66.5805 65.7543 64.1849 125.837 111.882 62.9334 62.425 59.0016 53.8661 55.2745 53.622 53.0119 49.4229 48.9996 48.5624 48.2021 48.0963 47.4661 46.0188 45.4312 44.9579 44.8599 43.7585 43.6273 43.5181 43.4093 41.7021 41.6068 40.7067 40.6826 60.4987 40.2683 39.8595
threshold=1775.5301203891197 1.5000000000000002 2320.4157401438283 1.0000000180025095e-35 1.0000000180025095e-35 1.0000000180025095e-35 810.37350388837365 -1.0000000180025095e-35 63.500000000000007 -1490.3056703520892 14586.51605032824 202101.50000000003 1.0000000180025095e-35 442.10007445369359 1.0000000180025095e-35 1771.2282737650701 202101.50000000003 588.97430591091313 -1.0000000180025095e-35 1146.9811513591142 1.0000000180025095e-35 7594.7273437414669 88460.76791632481 463.14904757129005 1.0000000180025095e-35 202001.50000000003 -11582.751588203266 202003.50000000003 -6559.2138171829274 6326.8046702368119 10882.677344779802 202008.50000000003 202010.50000000003 201956.50000000003 31767.575037814448 1146.9811513591142 -4423.2657334545684 -4.4999999999999991 601.50000000000011 2055.747597391854 30229.075441042201 1126.1852662232388 99783.903442660434 601.50000000000011 -33644.432996867174 6.5000000000000009 -2.4999999999999996 15431.501817547904 1.0000000180025095e-35 201902.50000000003 8.0000000000000018 1169.5000000000002 2121.5000000000005 1.0000000180025095e-35 47691.569918709494 -15232.519712456246 231796.59068163604 -1.0000000180025095e-35 1.0000000180025095e-35 2524.9530162994893 23072.290838113604 1.0000000180025095e-35 -1107.4261684897044
decision_type=2 10 10 2 2 10 10 8 10 10 8 2 2 10 10 2 2 8 8 10 10 10 10 10 8 2 8 2 8 10 2 2 2 2 10 10 10 10 8 8 10 10 10 8 10 8 10 8 10 2 10 10 10 10 2 10 10 10 8 2 8 10 10
left_child=1 4 3 7 6 12 9 -2 11 15 13 28 16 22 23 20 -4 30 -6 -13 25 -10 31 24 32 -1 27 45 48 -30 37 -9 33 44 36 -33 -34 52 -21 41 -5 -40 -20 -22 -11 -23 51 -16 58 -26 62 -38 -18 -37 -12 -7 -42 -49 -3 -32 -61 -45 -17
right_child=2 8 5 40 18 55 -8 10 21 14 54 19 -14 -15 47 50 17 -19 42 38 43 26 -24 -25 49 -27 -28 -29 29 -31 59 35 34 -35 -36 53 46 -39 39 -41 56 -43 -44 61 -46 -47 -48 57 -50 -51 -52 -53 -54 -55 -56 -57 -58 -59 -60 60 -62 -63 -64
leaf_value=0.11071641116596054 0.12488933468473225 0.19418881664644527 -0.020942176759935087 -0.021189758487319015 0.13568558999385494 0.11876960692409576 0.012304394543988026 0.026941127965324857 -0.013253497206177271 0.12993621686069623 0.0091658380846330826 0.043485811640211883 -0.027522066378839524 -0.004860763178651758 0.11786131321215303 0.012456682688247908 0.085753385269004612 -0.012922640037026518 -0.0070243632249885005 0.024742333151080938 0.047594594617815553 0.19912151571355055 0.19079389277743708 -0.00056349477780936997 0.056366641836772119 0.073945666505703764 0.004334104778224766 -0.015282492586654041 0.03013910355513038 -0.004753670838406724 0.00034310706133174138 0.05076583498350902 0.19550435449429379 0.021840913925641064 0.0075651974124038186 0.18019709474314799 0.21329124445941272 0.044922020514430283 0.024123606367935872 0.28376996260428133 0.012078689397737395 0.17219618809061543 0.15164218965640663 0.074879416974972607 0.058676443543761413 0.0570820552505052 0.070841491759289402 0.12418371536057643 -0.011024100397113646 0.0090519732461286952 0.11899777727640862 0.075400983496827098 0.31347734030444524 0.060296686336703584 -0.014502582994192785 0.043548265078775343 0.20063727198185424 -0.0012905619749218862 0.045584250884025179 0.26243273421307317 -0.030253128930325009 0.050472484563751877 0.050538173173817459
leaf_weight=85.982896563597023 17.694828730076551 1.7062996858730912 1572.0229795505293 580.46449900045991 4.6336630345322192 10.803840160369875 93.66424879943952 132.64587619761005 325.1688939537853 9.2143058022484166 251.3973352201283 73.784014976583421 2541.6114502861165 58.679999513085932 27.511724936775863 36.248928718734533 1.8087161225266748 327.38134618615732 93.528854176402092 3.7921558059751961 95.955944077577442 5.1167415701784167 3.2491144360974422 33.983909681905061 25.060704140923917 121.5934732966125 26.883458562195301 3.9941946221515545 87.436733892187476 188.20208795880899 58.841331862844527 90.355083100963384 4.0881032240577033 123.79374650307 22.612361702602357 6.1115042860619706 4.2860164972953481 33.485919596627355 3.2700746739283204 2.3839173261076203 2.8186025577597311 6.504190371837467 1.8008708870038379 395.89826810732484 130.59660365851596 3.7088679210282871 108.19236264145002 3.6641964670270681 13.73708802834153 67.347881308756769 6.5959551902487865 4.2083308482542634 1.309070501476526 4.9380686646327376 96.850539911538363 19.131490373052657 1.6876945639960466 6.7784006330184621 59.837259778752923 1.3322067609988142 1.2155420258641245 71.885450154077262 77.892203457653522
leaf_count=1402 494 31 205285 78090 120 222 6516 10775 38551 126 24922 5840 362935 5062 892 2116 180 42089 9059 227 3355 168 214 2427 1535 1817 2489 432 6635 19178 7418 6287 99 6308 1433 313 143 3435 161 129 259 365 108 11170 6392 313 4218 205 1257 4724 98 154 151 258 10321 588 158 311 4608 147 155 2751 3232
internal_value=-0.000563061 0.0393275 -0.0174535 0.000863445 0.0543406 -0.0224524 0.057672 0.0196456 0.00844457 0.0605758 0.0167549 0.0222985 -0.0230667 0.0334289 0.0474713 0.0689688 -0.0173974 -0.00429711 0.00244918 0.0577009 0.0730581 -0.0082867 0.0428973 0.0439333 0.0469613 0.089177 0.0323912 0.0912278 0.0132456 0.00631484 0.0245197 0.0408442 0.0526553 0.0438687 0.0688088 0.0590306 0.0802753 0.0565441 0.123458 0.154247 -0.0203895 0.122657 -0.004027 0.0671229 0.0633729 0.139431 0.0762382 0.0971919 0.0386227 0.0218835 0.042845 0.144977 0.181368 0.126613 0.00258346 0.0706961 0.0826975 0.042737 0.0497043 0.0054249 0.122791 0.0711287 0.0384443
internal_weight=8278.38 2462.55 5815.84 1246.89 1657.02 4568.94 1557.06 661.922 805.526 1463.39 644.228 440.654 4539.01 295.98 571.339 892.053 1997.4 425.374 99.9634 89.7344 771.316 364.872 237.3 533.384 499.4 207.576 39.7033 12.8198 350.919 275.639 97.9928 234.051 406.992 263.605 143.387 101.405 120.775 36.6037 15.9503 12.1582 584.971 9.77427 95.3297 563.74 139.811 8.82561 116.687 37.9543 75.2806 92.4086 120.737 8.49435 3.11779 11.0496 348.248 29.9353 4.5063 10.4426 61.5436 61.3891 2.54775 467.784 114.141
internal_count=910853 151095 759758 137153 70711 622605 61424 58646 80384 54908 58152 38431 621795 22909 28967 25941 258860 53575 9287 6722 20495 41953 17847 27559 25132 3219 3402 913 31709 25813 11486 17633 18873 12826 6047 6858 4614 3766 882 655 78507 526 9167 17276 6518 481 4515 1408 5896 6259 5446 297 331 571 35243 810 417 516 4639 7720 302 13921 5348
is_linear=0
shrinkage=0.03


Tree=11
num_leaves=64
num_cat=0
split_feature=17 55 66 14 55 21 107 51 181 9 14 227 76 227 1 21 215 181 1 179 14 267 17 220 1 258 135 172 37 144 183 160 10 65 9 76 204 186 29 65 65 180 14 20 204 61 53 1 227 146 153 31 267 20 133 107 76 227 209 1 124 14 267
split_gain=5056.8 1938.29 763.51 732.459 184.476 184.186 164.19 159.462 156.947 149.543 148.244 118.892 103.339 102.341 101.29 129.355 90.7984 88.9392 86.4076 85.5499 80.711 136.917 100.81 79.8442 78.5313 76.034 75.2349 74.708 90.556 75.4174 87.6643 109.147 74.4428 65.0126 63.6151 61.8124 84.4894 75.4391 61.5476 59.5802 53.5257 52.68 51.9138 51.5599 50.0396 49.0174 48.0925 52.9612 107.734 47.9622 53.8208 47.2597 63.2881 47.1005 53.1409 48.513 47.0074 60.8529 51.028 46.3219 78.4963 53.456 46.1981
threshold=2449.0818015946602 1.0000000180025095e-35 918.91302927061304 296.84451875952806 375.27837239478271 1.0000000180025095e-35 12659.455925632546 inf -1.0000000180025095e-35 401.00843971793 34563.713557566378 -32.499999999999993 50644.773596465435 -6.4999999999999991 202056.50000000003 1.0000000180025095e-35 1146.9811513591142 -1.4999999999999998 202003.50000000003 -3571.8856030447196 -6559.2138171829274 10229.279889256264 20566.843098305439 1.0000000180025095e-35 202010.50000000003 -2.9999999999999996 490.61481966918251 679.85964283823262 2944.2326475573432 -1400.4999999999998 -498.5785472477524 4.5000000000000009 6.5000000000000009 -4363.231182952798 278.05247415992005 25797.180673893261 -4423.2657334545684 -1.0000000180025095e-35 1771.2282737650701 -1338.0895168537338 -8328.4472043075566 -1.0000000180025095e-35 9849.7934359295177 810.37350388837365 -33644.432996867174 160.35928588860654 30297.331540159506 201956.50000000003 -47.499999999999993 78628.000270255216 91852.353248121915 1.0000000180025095e-35 4914.8629289712526 4249.4691294076865 2661.7387413816491 1049.5658192632382 15120.170634626515 -14.499999999999998 -35741.987269906582 202001.50000000003 1.5000000000000002 -6559.2138171829274 278.52436476764268
decision_type=8 10 8 10 8 2 10 8 8 8 10 10 8 8 2 2 10 8 2 10 10 10 8 10 2 8 8 10 10 8 8 10 2 10 10 10 10 10 2 10 8 10 10 10 8 8 10 2 8 8 8 8 10 10 10 10 10 8 10 2 8 10 8
left_child=1 3 7 5 9 8 40 14 39 16 12 59 24 19 20 27 42 -12 -8 25 21 38 34 32 53 -10 49 -16 29 -29 31 -31 43 -33 -23 36 -13 -37 41 -1 62 -2 56 -15 -14 -18 -6 48 -48 -26 -51 52 -43 54 -5 -56 57 58 -4 60 -7 -62 -3
right_child=2 6 4 10 46 11 18 -9 13 -11 17 35 44 23 15 -17 45 -19 -20 -21 -22 22 -24 -25 26 -27 -28 28 -30 30 -32 33 -34 -35 -36 37 -38 -39 -40 -41 -42 51 -44 -45 -46 -47 47 -49 -50 50 -52 -53 -54 -55 55 -57 -58 -59 -60 -61 61 -63 -64
leaf_value=0.078207215637443483 0.12192269152708646 -0.0095056525037638256 0.18383462229107397 0.030332257028645875 -0.028086303479807114 0.18836245249280736 0.095950993601757045 0.072066414568762963 0.26165929131932014 -0.020003185301301234 0.092273300911399903 0.12226564888736743 0.074967361875422467 0.062047705383611901 0.025054705265694078 -0.018072504874981781 0.10267173687603151 0.0023649591500346113 -0.022966050596778073 0.074378995069773413 -0.0071259919117874701 0.11739102636215888 0.047175508511924195 0.10809369802956079 0.026815881492204461 0.11083506202081315 0.035462523651188661 0.033377291725302127 0.0036989392463987135 0.11131043803891268 0.077408451323003377 0.16790670558966228 0.039601920876010319 0.41099153187399173 0.32498989476127038 0.066685258005915626 0.035680155085128153 0.015615705207985803 -0.01723542832560359 0.11373863114706179 -0.019344229231119253 0.038778323601776236 -0.01806720862295845 -0.00091741914535169871 0.0019125212905781795 0.023048804595330895 0.32057516491682708 -0.02568372845512314 0.018639426483358479 0.16595122453550559 0.080339609420762043 0.0036936300401249475 0.22377390299825636 -0.025761040562229116 0.18441080366679688 0.015069202527606811 -0.019587854880468589 0.0019110035572070328 0.035591326086030259 0.031222032396200528 0.092816864106813723 0.035903977455751294 0.07708665616917322
leaf_weight=156.27011176105589 4.675523762125521 12.907354741357265 2.2410290995612732 206.31100817304105 2403.9753506677225 5.677868607454001 17.983360410202298 36.743901294656098 4.0001430297270417 1710.1657869601622 10.259290479589252 14.032013804651795 9.1714728656224906 411.79955949960276 94.075352767948061 44.133707256056368 8.3354872087948007 284.57283808058128 7.9217411489225915 112.9324666261673 347.92234429297969 3.0403379630297396 9.9760047476738691 24.177219573408365 12.486202222295104 12.131124685518445 66.010940526612103 11.738435795996336 13.21256143087521 5.9137289174832386 13.879583053290846 1.66366680432111 249.43280319031328 2.4461148423142731 2.3594216611236334 30.313229687511921 36.593450603540987 184.34150225063786 50.452292426954955 58.326577860396355 574.4957549595274 27.736369486898187 196.99129347875714 12.046940157189963 105.56753897899762 42.123009147122502 1.111706955358386 33.148383892141283 24.564987903926525 7.6184272523969403 49.872747583780438 61.498881973791867 1.7705843457952131 13.042200901079921 3.8916184003464869 2.5010760212317109 73.020162327215075 211.42581121483818 30.964234107639641 21.653396206442267 40.556008281651884 23.436399351805449 9.7215114766731876
leaf_count=1891 274 1327 232 14331 352374 164 578 1271 196 230348 315 387 292 11165 8396 4796 668 26335 693 3768 36483 209 915 749 697 417 4030 861 1300 329 1052 143 10478 190 125 267 1310 11413 5348 1086 76177 2322 24527 640 8617 4191 152 4840 3574 400 2678 5572 159 1177 244 85 8543 23045 3502 813 628 978 786
internal_value=-0.000567373 0.0322848 -0.0173321 0.0456813 -0.0217408 0.0586317 -0.0143539 0.0111558 0.0650052 -0.0155821 0.0222132 0.0400239 0.032559 0.0590701 0.00794244 0.0268221 -0.00220246 0.0054935 0.0595863 0.0836101 0.00100985 0.018536 0.10369 0.054529 0.0404276 0.148236 0.0584373 0.0406846 0.0707822 0.0956504 0.126232 0.193838 0.0526055 0.312589 0.208101 0.0298604 0.0596793 0.0228277 0.0095763 0.0878645 -0.0175616 0.023714 -0.00596787 0.0602581 0.00775204 0.0362021 -0.0274305 -0.000630873 0.0317121 0.0801098 0.0916844 0.0186684 0.0498791 0.0295786 0.0329718 0.118158 0.00153553 0.00784067 0.0455963 0.0695472 0.0814585 0.0719732 0.027695
internal_weight=8263.36 2792.06 5471.31 2169.03 4738.07 1397.72 623.03 733.239 1041.12 2275.27 771.305 356.604 476.473 826.52 696.495 187.063 565.101 294.832 25.9051 129.064 509.432 161.509 15.3758 697.457 361.734 16.1313 135.988 142.929 48.8541 35.6415 23.9031 10.0235 673.279 4.10978 5.39976 265.28 50.6255 214.655 146.134 214.597 597.125 95.6814 514.643 423.846 114.739 50.4585 2462.8 58.8251 25.6767 69.9774 57.4912 91.0058 29.507 225.746 212.704 6.39269 317.651 244.631 33.2053 91.3237 69.6703 63.9924 22.6289
internal_count=910853 185112 725741 105551 655996 46350 79561 69745 30390 295056 59201 15960 32551 27413 68474 17067 64708 26650 1271 4381 51407 14924 1249 23032 23642 613 7805 12271 3875 2575 1714 662 22283 333 334 13377 1697 11680 13675 2977 78290 8327 59849 11805 8909 4859 360940 8566 3726 3775 3078 8053 2481 15837 14660 329 35322 26779 3734 2583 1770 1606 2113
is_linear=0
shrinkage=0.03


Tree=12
num_leaves=64
num_cat=0
split_feature=87 15 14 23 9 181 181 15 22 65 204 195 9 47 52 240 22 22 213 183 14 11 23 62 26 205 88 172 247 52 193 205 11 225 156 7 94 115 56 181 36 193 216 14 174 14 53 11 86 193 9 23 172 90 61 22 205 141 7 159 121 47 204
split_gain=4590.12 1074.55 872.622 429.139 355.741 332.731 263.346 170.598 169.186 150.701 144.078 149.854 143.911 139.896 107.162 102.113 100.775 99.1759 91.4579 85.3109 77.0018 76.8592 72.6828 71.3604 68.7994 65.7386 67.9405 63.1764 61.7743 112.709 77.4151 61.6302 61.2479 57.9111 54.7533 53.8436 52.4075 52.3481 71.536 51.9251 51.711 51.2601 49.9132 49.3439 48.9702 47.5061 47.5001 63.6179 60.4381 90.9761 47.3246 46.6045 46.3894 45.3348 48.6647 42.9253 45.313 41.5394 41.1879 40.1263 57.4099 39.9228 38.254
threshold=37.500000000000007 1.0000000180025095e-35 296.84451875952806 1.0000000180025095e-35 278.05247415992005 -1.0000000180025095e-35 -1.0000000180025095e-35 1.0000000180025095e-35 19406.361833905583 -8328.4472043075566 -4423.2657334545684 406.29901614510351 337.67269301478012 5010.419680461805 1.0000000180025095e-35 28.500000000000004 19406.361833905583 29965.744327349475 1.0000000180025095e-35 -62.875508536701993 296.84451875952806 -8779.61602684641 1.0000000180025095e-35 -99.064891935855471 1.5000000000000002 1.0000000180025095e-35 8.0000000000000018 679.85964283823262 8120.1544532976159 5.5000000000000009 -3.4999999999999996 1.0000000180025095e-35 -4604.5044660697822 1.0000000180025095e-35 338510.08994418365 55.783907557961008 459.50000000000006 671.97616311180809 1.0000000180025095e-35 -1.4999999999999998 -151.49999999999997 -9.4999999999999982 -1.4999999999999998 296.84451875952806 -445.98544475507441 26639.787155296806 30297.331540159506 -5608.8238504682349 3.5000000000000004 -7.4999999999999991 278.05247415992005 1.0000000180025095e-35 -2994.6960137175261 -698.49999999999989 1269.589988648466 48010.572834157887 -23297.468028127547 21.500000000000004 2133.4001391378902 451.73185373309059 1.0000000180025095e-35 1.0000000180025095e-35 -33644.432996867174
decision_type=8 2 10 2 8 10 8 2 2 10 10 8 10 10 10 10 2 2 10 10 8 2 2 10 2 10 10 10 10 8 8 10 2 8 10 10 8 8 8 8 10 10 10 10 10 10 10 2 10 8 8 2 8 10 10 2 8 8 10 8 10 8 10
left_child=2 5 6 4 13 25 31 17 10 42 -8 19 18 16 35 32 27 52 22 24 28 50 23 -9 33 26 44 43 -16 30 -30 -1 -13 36 -19 40 -12 38 41 -39 -6 -15 -7 -3 -2 -27 -5 48 49 -48 -10 -11 -4 -29 -55 56 -25 -17 59 60 -21 -62 -46
right_child=1 3 7 46 14 9 8 12 21 51 11 15 -14 37 20 57 -18 34 -20 58 -22 -23 -24 55 -26 45 -28 53 29 -31 -32 -33 -34 -35 -36 -37 -38 39 -40 -41 -42 -43 -44 -45 62 -47 47 -49 -50 -51 -52 -53 -54 54 -56 -57 -58 -59 -60 -61 61 -63 -64
leaf_value=0.078516277522821407 0.076619874624576395 0.049451152077866954 0.12171140325619459 -0.02701416636907835 0.028672729410074892 0.14335220134134857 0.10966496678881298 -0.0026770900627327509 0.035540309308217805 0.01230611987107073 0.025746730708022535 0.090331859985771437 -0.01154338508290736 0.19921808814931455 -0.0074876911881941056 0.025787562918473728 -0.011735617003320898 0.00097602837940394195 0.062116102852555956 0.18499290224121287 -0.020677228045505924 0.0072006916484926029 -0.022435767969633404 0.17859402009287503 0.13639270936617148 -0.020312849398059964 0.17024152059488221 0.060789110445509296 0.31366881812139363 -0.002026471962986057 0.065988119539678314 -0.0018855445464172746 0.033045224323566623 0.079988727848147062 0.17107307061107582 -0.0031140126812498233 0.056912179462363426 0.14105507936315412 -0.0097702521154101347 -0.0087442996003411662 0.21893508712521331 0.037373983551554135 0.032849549661229563 0.016248036071421335 0.11395985307854389 0.11271547232231859 0.31240279072205629 -0.020554515912279109 0.0017841526795287627 0.057061203414951057 0.11026962809528384 -0.019864060449374565 0.053501410839767623 0.047959024702022145 0.22445578471883745 -0.012832574536480507 0.029722772479299189 -0.003414569865749225 -0.0047414331524106559 0.037186629914067543 0.10067337361659177 0.039185625298852139 0.039940856114943794
leaf_weight=242.19554778560996 94.475550558418036 77.813731975387782 10.31920355837792 2783.1493992111646 44.718122653197497 8.3641321114264411 31.83028103178367 114.8500836417079 36.155555917415768 76.073526782449335 56.439501556567848 26.973699919879436 305.69498717645183 1.8292368417605747 322.78520702663809 93.855228520464152 43.482904565054923 45.237435048911721 34.82421745872125 3.4410369805991641 1492.5353200985119 158.83971746917814 49.874385262839496 1.8579913219437001 10.093151848763226 13.915240830741824 5.3290839013643554 18.015594054479156 2.0885697766207159 9.563393269199878 2.4895625486969921 8.8954866025596839 44.519830814562738 83.615502900909632 1.7698082430288185 144.41196735715494 347.88740401528776 2.0993577502667904 42.410011407453567 260.41943324264139 1.3236969183199097 47.409827649593353 6.5674697356298557 83.518778530880809 6.8045137934386721 2.923660966102033 1.5756895639933644 46.610936944838613 12.181874584406613 6.1861594286747303 9.6658669766038638 86.740405335556716 68.814892533700913 2.2885214677080503 3.6459446651861072 22.268885422963649 191.17722866497934 82.26838290411979 18.12556888256222 265.24665638571605 13.646108057349918 31.305925351101905 82.140300772618502
leaf_count=3883 2404 4560 323 415093 4320 384 687 10848 1432 5237 2147 722 35384 168 39935 5977 3892 3350 1988 104 204532 10886 6246 80 214 726 189 1063 138 1178 256 302 2621 2893 68 15107 9149 213 4811 29611 125 4790 429 6840 140 163 184 6831 1682 837 361 11726 2619 134 249 2103 13578 7321 947 11748 538 1670 2717
internal_value=-0.000571217 -0.0149585 0.0342435 -0.0183717 -0.00956538 0.0335919 0.0475168 0.00970948 0.0421371 0.00353263 0.0467611 0.0449027 0.00407514 0.0110799 -0.0155235 0.0244213 0.0293661 0.0418941 0.0155841 0.0510145 -0.017753 0.017075 0.01132 0.0164193 0.0588655 0.0595803 0.0646472 0.0390121 -0.00479895 0.0565725 0.178981 0.0756679 0.0546588 0.0572618 0.00738013 0.00589273 0.0525618 -0.00073159 0.0187886 -0.00754636 0.0341427 0.0433865 0.0947491 0.0322625 0.0615793 0.00278425 -0.0264152 -0.00136867 0.043471 0.108897 0.0513042 -0.0048328 0.0623961 0.0844783 0.156393 0.026606 0.0311557 0.0121471 0.0392289 0.04177 0.066892 0.0578515 0.0456035
internal_weight=8247.58 5835.89 2411.69 5452.55 2602.85 383.334 1565 846.689 1313.91 177.746 1109.25 1077.42 720.548 582.933 2019.92 247.617 228.765 126.141 414.853 829.801 1829.46 204.661 380.029 330.154 498.036 205.588 188.749 185.283 336.927 14.1415 4.57813 251.091 71.4935 487.942 47.0072 190.454 404.327 354.168 91.6491 262.519 46.0418 49.2391 14.9316 161.333 183.42 16.8389 2849.7 66.5547 19.9437 7.76185 45.8214 162.814 79.1341 23.9501 5.93447 215.304 193.035 176.124 331.765 313.64 48.3931 44.952 88.9448
internal_count=910853 770664 140189 746549 321922 24115 63602 76587 59417 17776 46738 46051 70227 56331 265591 16641 16738 6360 34843 29410 246039 12679 32855 26609 14403 6339 5450 12846 41507 1572 394 4185 3343 14189 3418 19552 11296 39593 9769 29824 4445 4958 813 11400 5261 889 424627 9534 2703 1021 1793 16963 2942 1446 383 15761 13658 13298 15007 14060 2312 2208 2857
is_linear=0
shrinkage=0.03


Tree=13
num_leaves=64
num_cat=0
split_feature=33 12 12 197 13 191 189 33 15 14 213 14 47 141 172 47 22 22 21 78 30 130 209 181 191 189 141 52 47 172 120 145 219 203 15 93 48 172 60 246 242 97 146 214 76 131 40 22 181 26 122 171 6 214 146 22 185 213 203 21 2 78 45
split_gain=5437.02 712.982 579.296 253.412 201.157 167.917 159.324 153.568 144.949 108.8 107.236 99.4008 97.6905 90.6563 84.3714 78.8785 76.35 74.7203 73.5545 66.4469 65.216 63.5526 63.2358 60.8354 57.1416 55.5345 52.6409 50.5842 50.1561 50.0951 48.2361 48.1328 65.8713 45.738 45.3415 44.1481 43.8008 49.9142 54.897 43.6156 46.0666 49.5444 58.9194 43.4324 43.4288 42.5036 42.2082 46.0645 41.8256 45.5807 43.444 84.7839 41.4131 49.9294 40.9919 39.1273 39.1033 38.9272 38.771 38.5758 37.8078 37.7745 37.2255
threshold=34.500000000000007 1775.5301203891197 4170.8151308532697 -1.0000000180025095e-35 1.0000000180025095e-35 -1.0000000180025095e-35 -501.69340607237149 72.500000000000014 1.0000000180025095e-35 -1.0000000180025095e-35 1.0000000180025095e-35 14586.51605032824 2320.4157401438283 104.50000000000001 136.41631739275792 2320.4157401438283 14593.376961572727 29965.744327349475 1.0000000180025095e-35 1.0000000180025095e-35 1.0000000180025095e-35 25969.28070467414 -80264.859310576954 -1.0000000180025095e-35 -1.0000000180025095e-35 1537.9578267962202 43.500000000000007 1.0000000180025095e-35 6326.8046702368119 926.70734560360972 4550.3191995617171 2314.3569989058551 -5978.2258783724365 1.0000000180025095e-35 1.0000000180025095e-35 12.500000000000002 241419.22369727402 294.97303443926359 20590.879966906319 2615.8619140599571 -2354.0950475631403 24264.652258003578 463593.18136327207 -62.248458539289338 37339.523206669393 1.0000000180025095e-35 105.50000000000001 29965.744327349475 1.0000000180025095e-35 1.5000000000000002 -11531.444497900753 -670.28719888234684 28043.297284175023 -74.259004042959177 85931.058769011011 5517.8821042235895 -394.24028812826822 1.0000000180025095e-35 1.0000000180025095e-35 1.0000000180025095e-35 1.0000000180025095e-35 1.0000000180025095e-35 154675.90578421982
decision_type=2 2 2 8 2 8 8 2 2 10 10 8 10 10 10 10 2 2 2 8 8 10 8 8 8 8 10 10 10 10 8 8 10 10 2 10 10 10 10 10 8 10 10 10 8 10 8 2 10 2 10 10 10 8 10 2 10 10 10 2 10 8 8
left_child=1 4 3 43 9 -4 18 10 16 30 13 29 19 21 -12 20 56 44 35 23 46 22 -5 36 -18 60 -20 -9 45 -10 58 32 -16 -28 -14 48 37 -7 -39 -29 41 -41 -43 -2 54 -24 -8 59 49 50 51 -6 53 -31 -11 -23 -3 -21 -1 -48 -15 -36 -58
right_child=2 8 5 7 6 12 15 27 11 17 14 -13 34 25 31 -17 24 -19 26 57 -22 55 28 -25 -26 -27 33 39 -30 52 -32 -33 -34 -35 61 -37 -38 38 -40 40 -42 42 -44 -45 -46 -47 47 -49 -50 -51 -52 -53 -54 -55 -56 -57 62 -59 -60 -61 -62 -63 -64
leaf_value=0.067557844070185766 0.13709270915614774 0.099740700056825282 0.041346038669379907 0.14677274947386293 0.16258403198775442 0.04330220903304647 0.00067289764977415646 0.0069536094708969615 0.012877524825219545 0.03484280909895842 0.0117051971296233 -0.0065915354720236527 0.15283378268949213 0.18794672084753483 0.26252852951397726 0.013064179080222645 0.11506249352210855 0.011034975566167764 0.014024469105098959 -0.019802549709423013 0.063160574509273593 0.090400393746303112 0.030040252127294189 -0.0044872852921514104 0.00053578122314882433 -0.0075152087495752324 0.14569552329975705 -0.017928422886981637 0.00030110665127060519 0.19645717082827482 0.099419851532197928 0.040404254217256269 0.099197208636214187 -0.00050159133841652626 -0.020576884666422431 0.018465960604312565 -0.0079865605671222435 0.29531000382583678 0.072826576344671698 0.025898820133444522 -0.0085077113225095948 0.26438897125526134 0.01179247575831701 0.056239543470453707 0.10870795933766401 -0.013219044254505699 0.0355358270614431 0.0023361549608668934 -0.02544746969132379 0.13518112210770286 0.053618821689987516 0.064407187036669838 -0.017219929698388717 0.053476639048676236 0.085367763021239218 -0.016575430196418668 0.13326155117580102 0.10784905601431734 0.018170066774735979 0.082751686875503605 0.073365373322471353 -0.026748209721803355 0.033653917221698686
leaf_weight=349.90531571861356 6.9333280636928967 22.286104847211391 37.602433222811669 3.0381795950233936 9.7094516241922957 9.7587380558252352 36.532896217890084 108.74196238582954 256.36389211239293 58.328966182656586 18.463516556192189 315.28451676759869 1.3008450865745533 3.8249734672717723 2.8629086585715422 188.89366510696709 4.4360228646546602 54.541507727466524 66.220994461327791 440.65636335825548 67.91621509520337 3.1542298356071106 123.34972096886486 241.42493820469826 33.762395639903843 5.1690781055949655 5.4174819858744723 476.01630466850474 221.16066459706053 2.3790273782797158 42.191513162106276 7.5945503613911596 9.9312930232845211 2.9882887583225965 1474.730098281987 28.33578076492995 8.0226528570055944 1.7487276759929944 2.3255308088846505 8.5429440974257869 22.030081580393016 2.0266053001396354 1.4088314883410928 43.462423541583121 11.991920959204434 24.501749088987708 336.09734665509313 36.538601006381214 5.4772739214822641 6.7762454724870613 422.2351426044479 42.873018461279571 6.8234706954099229 28.900940603110943 19.21217694459483 125.95498471101746 3.8974708104506162 2.1605628738179794 14.915562605485318 16.330013013444841 8.0387526722624898 2261.6238668127917 25.273718462325633
leaf_count=3848 133 904 1556 192 238 800 2524 9330 23640 1670 1561 36005 38 204 173 13732 105 3219 3592 63290 2600 134 8598 24540 2649 491 219 61129 24683 177 519 521 651 173 206623 1150 754 116 205 1038 2674 168 143 992 189 2691 13488 2565 258 159 14038 990 616 2202 590 12943 50 245 493 598 542 349395 1100
internal_value=-0.00057274 0.0361024 -0.0167838 0.00148751 0.0459797 -0.0217832 0.039422 -0.00133594 0.0103513 0.0611201 0.0100908 0.00511442 -0.0223174 0.00648655 0.0581619 0.0295499 0.0459679 0.0387156 0.0508379 -0.0120836 0.0358611 0.00417326 0.0104665 -0.000148373 0.0138359 0.0745509 0.0230014 -0.0116228 0.0093443 0.0176479 0.0690508 0.100232 0.135745 0.0937218 -0.0242507 0.0548684 0.0477807 0.0801238 0.16832 -0.0155835 0.0172384 0.0645895 0.160802 0.0673631 0.0555779 0.0228714 0.0315037 0.0343994 0.0569862 0.0579237 0.0568212 0.0825357 0.0497436 0.0643512 0.0473613 -0.0139619 0.0698205 -0.0191797 0.0655386 0.0377236 0.110307 -0.0243124 0.0469622
internal_weight=8230.4 2522.84 5707.56 1226.21 1823.43 4481.35 1272.34 1175.81 699.408 551.087 557.045 609.752 4443.75 518.192 38.8523 682.309 89.6557 144.075 590.034 706.098 493.415 501.16 372.05 263.281 38.1984 17.0328 74.6268 618.767 369.012 294.467 407.012 20.3888 12.7942 8.40577 3737.65 515.407 21.8556 13.833 4.07426 510.025 34.0085 11.9784 3.43544 50.3958 89.5331 147.851 425.499 388.966 487.071 481.594 474.818 52.5825 38.1034 31.28 77.5411 129.109 51.4573 442.817 364.821 352.427 11.8637 3736.35 29.1712
internal_count=910853 134300 776553 128991 66852 647562 56324 127866 67448 10528 53384 62640 646006 50478 2906 35507 4808 5668 20817 89950 21775 49241 36164 26415 2754 1237 3984 74482 35972 26635 4860 1345 824 392 556056 16833 1875 1121 321 65152 4023 1349 311 1125 2449 11289 19175 16651 15683 15425 15266 1228 2995 2379 2260 13077 2054 63535 4341 14086 746 556018 1150
is_linear=0
shrinkage=0.03


Tree=14
num_leaves=64
num_cat=0
split_feature=87 44 14 55 9 227 10 24 71 22 8 227 60 52 24 182 1 11 10 22 22 1 115 1 158 30 22 53 1 1 221 11 11 14 227 52 185 210 187 67 53 31 53 87 53 11 139 130 1 99 170 1 62 11 1 9 112 11 94 25 34 200 35
split_gain=3943.96 960.29 676.838 414.184 321.12 261.146 154.058 147.299 143.981 126.767 149.669 108.418 99.6324 99.3425 91.4793 91.1602 81.8383 81.8473 68.3369 67.8281 66.5557 63.8708 70.2973 63.0782 61.8946 60.3379 58.5091 57.8149 56.7294 78.013 64.8286 62.9401 55.9526 53.9866 54.6845 62.1732 57.9114 52.5304 51.8495 51.3799 50.5702 49.4335 61.5418 49.0728 49.0191 59.982 75.6416 100.095 48.1907 48.116 45.7511 45.0755 45.5962 44.8815 44.0137 44.5589 45.4375 42.2856 42.2187 44.3017 41.53 41.2705 94.2814
threshold=37.500000000000007 1.0000000180025095e-35 296.84451875952806 1.0000000180025095e-35 401.00843971793 -32.499999999999993 6.5000000000000009 1.0000000180025095e-35 2445.2479346408286 14593.376961572727 -344.14623100524994 -47.499999999999993 15245.031239825565 1.0000000180025095e-35 16554.288479542385 -98.949519656080028 202010.50000000003 -4604.5044660697822 6.5000000000000009 29965.744327349475 19406.361833905583 202101.50000000003 1126.4962081615902 202001.50000000003 1702.5000000000002 1.0000000180025095e-35 29965.744327349475 352.23547152797261 202011.50000000003 201911.50000000003 1.5000000000000002 -8779.61602684641 -5608.8238504682349 296.84451875952806 -24.499999999999996 5.5000000000000009 -14951.019388904058 -1471.6113580391709 -1.0000000180025095e-35 1.0000000180025095e-35 2146.5447827995267 1.0000000180025095e-35 754.57384174192657 75.500000000000014 30297.331540159506 -5608.8238504682349 1.0000000180025095e-35 175799.62592011096 202104.50000000003 81518.044990948212 -2176.3033480614367 201910.50000000003 739.56438998534713 -52.594618850188489 202008.50000000003 220.87666042806606 92.500000000000014 -6903.7976614734098 2148.5000000000005 427.8539324298311 8.0000000000000018 -7787.3639783815233 218106.48106438923
decision_type=8 8 10 8 8 10 2 2 8 2 10 8 10 10 2 10 2 2 2 2 2 2 8 2 10 10 2 10 2 2 10 2 2 8 8 10 10 10 8 10 8 10 10 8 10 2 8 10 2 10 10 2 8 2 2 10 8 2 10 8 8 8 10
left_child=2 3 6 4 9 23 15 8 18 10 21 37 28 -6 40 -1 17 49 26 25 -18 -2 -23 53 -25 39 -4 -19 29 31 43 -13 50 34 35 36 -15 -12 -35 -17 -7 -41 -43 -30 -5 46 47 -46 -39 51 -16 52 -8 -3 -20 56 58 -38 59 -56 -26 62 -48
right_child=1 5 7 44 13 14 16 -9 -10 -11 11 12 -14 33 32 19 20 27 54 -21 -22 22 -24 24 60 -27 -28 -29 30 -31 -32 -33 -34 38 -36 -37 57 48 -40 41 -42 42 -44 -45 45 -47 61 -49 -50 -51 -52 -53 -54 -55 55 -57 -58 -59 -60 -61 -62 -63 -64
leaf_value=0.056614704220149213 -0.018594447256985426 0.075654312438074467 0.044575868952644301 -0.026813703923713343 0.0055237852294868859 0.076523410637177228 0.17347806995214082 -0.019745703162660843 -0.0024419449820283759 -0.014473133881175422 0.25472562325872877 0.1483597775958618 0.0027318435467431762 0.23137741422164321 0.12608798763238888 0.056943527526885668 0.051373841706716356 0.021658026832482816 0.0017836845903191061 0.0094342724886039113 0.0045216411228498577 0.04662627791061108 -0.0085131599282988208 0.0041917865901586714 0.0049897910490533269 0.080891269140784205 0.0052688745184001125 -0.0082377857703567949 0.069313217424575871 0.0028734097121896644 0.1709739384699151 0.039866140724986281 -0.021519165567827497 0.18270410618178598 -0.011248087198995107 -0.00057258599137259049 0.11911521409908417 0.058132347164383064 -0.021186340680495193 0.02193298311070398 0.018296072500418436 0.065267168942454726 0.0098556026986333835 0.019333162627471086 0.015436814401294893 -0.019947211166753829 0.35953462929944446 0.39448058666643954 0.20476100546154644 0.031859922667241809 0.007148711862946442 0.045462434435448375 0.055996939331986267 0.025043420534685952 0.045254641925778979 0.001730671902068253 0.019649136200785167 -0.010301374264414694 0.18121917877406724 0.16712155481151508 0.090700410654645292 -0.0011336422339962324 0.009635821817375885
leaf_weight=577.62209302047268 133.50461372500286 107.49443102627993 174.79408267186955 2626.6242908705026 170.6666761576198 15.438176341354845 6.4930517212487775 136.7269897935912 284.94802376348525 187.63030524458736 1.788336516823622 5.3576514278538516 139.51981110358611 2.0580117725767186 4.1993336006999007 106.74972056271508 193.71641039056703 207.74061841703951 128.19232374522835 61.853633685503155 31.761872781440616 35.851368749514222 49.596736577805132 33.881866953335702 7.102251137141141 34.897953034844249 42.337171765044332 80.886891422793269 44.097422650549561 72.116649502422661 4.162153899203985 47.286754811648279 88.843564668204635 1.1234535737894475 247.91762051032856 20.212408622261137 4.5966405174694946 12.163420902099459 1349.1285242312588 157.78038311889395 102.89477205276489 64.718007307033986 25.010082666296512 29.513308099005371 1.3123650858178764 43.892582273576409 1.0002887104637923 1.2006576750427482 2.4183733160607508 111.78817021055147 9.4849744923412782 19.121432424988598 5.4848885098472238 18.48082712944597 23.304805166553713 35.488182355184108 32.770745603833348 4.4935025256127146 2.830667412839829 3.034211046062409 17.938495935872197 14.429126461036505 2.2567089069634676
leaf_count=12555 16238 1733 9019 412269 17660 307 218 18021 29362 20975 151 289 14184 186 271 1920 7290 11501 10400 3463 1828 3587 5723 1835 216 880 3088 6981 3006 6625 273 3652 11763 83 31730 2542 313 892 193232 7249 6108 2688 1747 2528 158 6735 114 142 138 4585 711 545 152 1238 1319 3167 1859 495 157 195 322 1937 303
internal_value=-0.000572327 -0.0145255 0.0304067 -0.0179584 -0.00933322 0.0299418 0.0414748 0.00882407 0.014192 0.00694931 0.013911 0.0258491 0.0222395 -0.0162526 0.00792084 0.0487231 0.0301265 0.0224728 0.0248974 0.0386161 0.044774 -0.0056316 0.0146216 0.0562458 0.0306248 0.0432543 0.0369116 0.0132798 0.0356778 0.023142 0.0557873 0.0509076 -0.0128214 -0.0185333 -0.00652666 0.0307981 0.0876753 0.101271 -0.0210167 0.0395467 0.0258926 0.0320435 0.0498222 0.0492743 -0.0261812 -0.000259215 0.0425226 0.196534 0.0824505 0.0410421 0.0436479 0.074048 0.119682 0.0682296 0.0133352 0.0285341 0.0438909 0.0551411 0.0711253 0.0592935 0.0663905 0.0206391 0.117097
internal_weight=8211.73 5661.68 2550.05 5255.92 2565.2 405.759 1685.63 864.427 727.7 765.007 577.377 358.424 342.054 1800.2 220.861 1028.63 656.993 431.515 442.752 451.01 225.478 218.953 85.4481 184.898 58.9226 389.156 217.131 288.628 202.534 124.761 77.7729 52.6444 102.528 1629.53 279.278 31.3606 11.1482 16.3701 1350.25 354.258 118.333 247.508 89.7281 73.6107 2690.72 64.0917 20.1991 2.51302 14.5818 142.888 13.6843 31.0994 11.9779 125.975 225.621 97.4286 61.9404 9.09014 29.1697 26.339 25.0407 17.6861 3.257
internal_count=910853 770664 140189 746160 324502 24504 63602 76587 58566 78261 57286 31738 30557 246241 19160 30502 33100 23982 29204 17947 9118 25548 9310 5344 2373 14484 12107 18482 16373 10566 5807 3941 12745 228581 35266 3536 994 1181 193315 13604 6415 11684 4435 5534 421658 9389 2654 300 1030 5500 982 915 370 2971 17097 6697 3530 808 1671 1514 538 2354 417
is_linear=0
shrinkage=0.03


Tree=15
num_leaves=64
num_cat=0
split_feature=33 197 15 23 16 9 119 114 9 202 27 23 6 163 227 161 183 221 267 114 47 214 44 132 236 114 116 78 189 76 213 227 213 111 66 16 213 33 189 4 7 78 212 213 188 107 266 85 244 172 116 187 90 189 227 115 66 172 111 185 225 28 112
split_gain=4706.05 468.732 420.687 397.569 342.212 339.474 142.356 139.915 110.154 108.395 95.2994 94.6576 81.4719 77.705 77.6171 72.9527 82.9551 68.9184 66.1275 56.3413 56.2459 53.8869 49.2582 48.1925 62.6384 48.1204 46.7298 46.6745 84.4977 45.9537 45.456 44.5313 43.8292 42.5801 42.4379 40.5332 56.2889 38.2333 37.8119 37.5234 36.7413 44.7215 36.1583 36.0455 38.8428 35.0512 50.2665 72.9234 60.6679 34.9154 33.9334 33.2974 33.2613 32.9017 32.8112 32.3861 31.9071 42.8009 32.4353 31.6167 31.3331 33.1648 31.1534
threshold=34.500000000000007 -1.0000000180025095e-35 1.0000000180025095e-35 1.0000000180025095e-35 3.5000000000000004 112.77433091784003 -5251.2784035319446 12068.354827217203 401.00843971793 1.0000000180025095e-35 1230.7864704631684 1.0000000180025095e-35 12001.799808626112 1.0000000180025095e-35 -32.499999999999993 1540.8607983022562 -62.875508536701993 1.5000000000000002 4914.8629289712526 6918.0117268399708 2320.4157401438283 301.00411154901911 1.0000000180025095e-35 72990.742277020152 -3685.4858001131938 27409.453926600556 -660.7479992041159 83511.940270230101 -78179.242461200556 15120.170634626515 1.0000000180025095e-35 -14.499999999999998 1.0000000180025095e-35 47.500000000000007 1.0000000180025095e-35 1.0000000180025095e-35 1.0000000180025095e-35 11.500000000000002 525.85557350565807 12.500000000000002 1118.9884581115768 47645.34473918179 1.0000000180025095e-35 1.0000000180025095e-35 -4051.1863812106326 30091.112087186844 7594.7273437414669 1.0000000180025095e-35 -6.4999999999999991 679.85964283823262 -5648.1108116118594 -1.0000000180025095e-35 -485.49999999999994 -3429.0303458015792 -6.4999999999999991 444.87766831217203 1.0000000180025095e-35 926.70734560360972 39.500000000000007 1.0000000180025095e-35 -59.499999999999993 2.5000000000000004 285.50000000000006
decision_type=2 8 2 2 8 8 8 8 8 10 2 2 10 8 8 8 10 10 10 8 10 10 10 10 8 10 10 10 10 10 10 8 10 10 8 8 10 2 8 2 8 10 10 10 8 10 10 8 8 10 8 8 10 10 10 8 8 8 8 10 8 8 8
left_child=2 30 9 4 7 10 18 23 19 15 13 20 56 17 38 -1 33 29 -7 21 25 -6 27 26 -25 40 -3 -16 -29 42 55 -14 -22 -17 -10 36 -5 50 -9 -28 41 -8 54 60 -45 -37 -47 -48 -49 -46 -18 -36 -34 -33 -4 -2 -12 -58 -59 -57 -41 -62 -52
right_child=1 3 5 35 8 6 11 14 34 -11 12 -13 31 -15 22 16 37 -19 -20 -21 32 -23 -24 24 -26 -27 39 28 -30 -31 -32 53 52 -35 51 45 -38 -39 -40 43 -42 -43 -44 44 49 46 47 48 -50 -51 62 -53 -54 -55 -56 59 57 58 -60 -61 61 -63 -64
leaf_value=0.071787673069553956 0.011557290689840197 -0.0036119925351744677 0.049103267216152817 -0.016508980541162146 0.0061156409282216309 0.043670339388909352 0.0073633732337788898 0.057366000096640814 -0.00022499360632260957 -0.0029800738507794761 0.047607114945644298 -0.020953027236920829 0.084865081015559896 0.00014911425215720391 -0.0041639024131558313 0.062841737083439389 0.12485364864867915 0.093880252706740622 0.16393254103627597 -0.0093546163272929857 -0.0033259471191305402 0.062778178484587999 0.057181029667693603 0.23691290655769973 0.052938011321917638 -0.00070409735099235832 -0.015470048658100572 0.22742356113242843 0.0019666860273459441 -0.0060740710742603196 0.1326850296238494 0.042669594441661379 0.026479410908304704 0.043322438352528789 0.15461585910832637 -0.027313411395813919 0.1378601005789106 0.020082978170099627 0.00089002285417733322 0.13019661850235839 0.03680271340878865 0.16244646813714772 0.085402374751644139 0.16148506443430335 -0.0099644465723328288 -0.017197480040244784 0.2470815795589888 0.24794011310878603 -0.0023382083730507769 0.099040064675502207 0.038819953022555108 -0.020993404942663822 0.13903102056634942 0.023037426254236004 0.025555848619381805 0.070521828888729099 0.044947843184604416 0.11777330720383648 0.07060665256304223 0.025070078769366892 0.073955408445722209 0.024683082987787777 0.11900502248634681
leaf_weight=134.59630844648927 18.727882876992226 27.709812976419926 65.256608548108488 324.61452969862148 115.34534753859043 56.400997348595411 77.710900958161801 31.958684184588492 95.741523163858801 34.126477411016822 130.4709167862311 109.89198841573671 14.730151555500923 89.973265205044299 468.55071733007208 274.3177587017417 4.4935049768537283 15.075208651833234 4.4388168356381348 357.23758174153045 267.72385931108147 17.381722350604832 12.552155951038001 2.3529176251031458 5.701704395003615 80.71720501454547 9.9570105578750354 2.2093654498457909 4.6342167113907626 31.776019977871329 5.8660831376910201 134.93652899330482 21.587697682436559 158.81291938014328 0.97243390325456858 2389.524062550161 2.1399251311086109 103.37809717003256 16.016681201290339 3.1728444364853203 124.85861874837428 1.7103504454717029 10.882352291606365 4.5231665438041091 4.2849543751217407 48.438834367785603 1.5140014830976725 0.96994207100942731 8.603976400569076 6.9087116271257401 146.97927063982934 1396.226141884923 2.653546296991407 178.41053435951471 289.62762767402455 44.294172178022563 36.800340950489044 19.548438313417137 39.912722719833255 19.990195984952152 15.185898238793014 64.573789229150862 4.4940783800557247
leaf_count=1598 708 2196 3059 46020 12942 3020 6125 2052 10896 1826 2813 14809 643 7035 45650 3929 82 596 216 43102 27642 1583 243 147 299 6903 746 199 427 2174 101 5140 1648 2363 77 386607 229 4211 1352 232 8168 123 245 259 236 7417 179 114 1219 313 4850 203904 196 8336 13234 988 1480 487 1264 741 848 4527 85
internal_value=-0.000571792 -0.0163614 0.0321639 -0.0174781 -0.00919754 0.023933 0.00846152 0.00916236 -0.0154964 0.0494162 0.034873 0.00456561 0.043445 0.0254104 0.0021009 0.0515781 0.04765 0.0309187 0.0524446 -0.00315373 0.00942606 0.0135361 -0.00147901 0.0353754 0.106681 0.0189067 0.0311621 -0.00302785 0.0747526 0.0285312 0.0519772 0.033888 0.000171662 0.0556847 -0.0195472 -0.0254228 -0.015498 0.0342313 0.0385114 0.0400343 0.0266555 0.0107031 0.0315375 0.0456366 0.0872928 -0.0267469 -0.00400785 0.0536125 0.0230177 0.057313 0.0436091 -0.0208712 0.0387998 0.0314916 0.0298858 0.046274 0.0572738 0.0703758 0.0861132 0.0563879 0.0377422 0.0340643 0.041199
internal_weight=8194.17 5527.88 2666.29 5439 2663.2 1805.09 747.694 680.293 1982.9 861.198 1057.4 686.854 554.81 502.591 535.922 827.072 692.476 412.618 60.8398 489.965 576.962 132.727 487.946 144.371 8.05462 284.997 136.316 475.394 6.84358 397.543 88.8783 328.077 291.965 433.131 1492.94 2775.81 326.754 259.345 47.9754 108.606 204.28 79.4213 365.767 98.6494 15.7168 2449.05 59.5268 11.0879 9.57392 11.1937 155.967 1397.2 24.2412 313.347 354.884 83.0123 226.732 96.2615 59.4612 64.2844 82.9325 79.7597 151.473
internal_count=910853 776553 134300 774015 332230 115356 68850 59726 272504 18944 46506 65614 20163 26343 49923 17118 15520 19308 3236 57627 50805 14525 46519 9803 446 21319 9357 46276 626 18712 2538 14119 29486 6292 214877 441785 46249 9228 3404 7161 14416 6248 16538 6415 808 395536 8929 1512 1333 549 5017 203981 1844 13476 16293 2437 6044 3231 1751 1729 5607 5375 4935
is_linear=0
shrinkage=0.03


Tree=16
num_leaves=64
num_cat=0
split_feature=33 12 12 17 14 197 13 17 23 17 44 187 227 209 22 22 22 215 1 23 23 1 227 53 52 3 115 53 1 226 1 14 220 75 33 218 35 1 227 44 1 1 177 98 22 17 1 1 115 33 241 33 183 52 1 33 114 176 212 234 148 14 23
split_gain=4377.27 546.116 498.833 294.938 171.732 146.675 129.12 108.788 105.503 115.851 97.945 94.3366 85.1631 78.7141 78.6952 76.4862 66.6731 66.203 68.6468 64.5761 64.053 63.858 63.4386 60.5001 77.6958 59.0879 58.4592 57.9012 55.7395 55.5756 86.2855 50.9564 49.6994 48.2735 45.5958 46.0242 53.149 45.5533 46.5927 45.3845 45.1168 43.5839 52.4663 54.9731 42.5712 43.4245 46.4221 42.3435 42.0548 41.933 40.925 48.5799 38.0763 50.8492 45.1132 38.7198 37.6819 37.5833 37.5586 37.4606 37.1847 36.9066 36.4383
threshold=34.500000000000007 5618.3372003956692 4170.8151308532697 5209.5194556716888 -1490.3056703520892 -1.0000000180025095e-35 1.0000000180025095e-35 3896.0369327628755 1.0000000180025095e-35 6557.3601464071216 1.0000000180025095e-35 -1.0000000180025095e-35 -32.499999999999993 -58568.123557480896 14593.376961572727 29965.744327349475 19406.361833905583 1146.9811513591142 202056.50000000003 1.0000000180025095e-35 1.0000000180025095e-35 202001.50000000003 -6.4999999999999991 30297.331540159506 1.0000000180025095e-35 41.500000000000007 588.97430591091313 30297.331540159506 202103.50000000003 -10.499999999999998 202001.50000000003 26639.787155296806 1.5000000000000002 1.0000000180025095e-35 72.500000000000014 -1.0000000180025095e-35 161253.5827776322 202008.50000000003 -18.499999999999996 1.0000000180025095e-35 201911.50000000003 201956.50000000003 -605.69647353973994 inf 54740.215929260601 6557.3601464071216 202102.50000000003 202009.50000000003 2366.0887816265572 66.500000000000014 59.500000000000007 54.500000000000007 -2038.194139900834 5.5000000000000009 202002.50000000003 102.50000000000001 13804.356828985774 2555.3108803152222 1.0000000180025095e-35 -181.91697563391878 2355.5000000000005 1379.1689462382842 1.0000000180025095e-35
decision_type=2 2 2 8 10 8 2 10 2 8 8 8 8 8 2 2 2 10 2 2 2 2 8 8 8 2 8 10 2 8 2 8 10 10 2 10 8 2 8 10 2 2 8 8 2 10 2 2 10 2 8 2 10 10 2 2 8 8 8 10 10 10 2
left_child=2 3 4 12 6 57 21 15 9 13 20 -5 40 50 19 22 28 23 -19 26 31 -1 58 49 -25 33 47 -16 48 30 -18 44 -28 62 35 36 -20 -9 -39 -27 -2 42 43 -17 45 -4 -47 -14 -8 -13 -7 -52 53 54 55 -26 -15 -3 -6 -30 -42 -48 -24
right_child=1 5 10 11 7 8 16 37 -10 -11 -12 17 14 56 27 41 29 18 34 -21 -22 -23 25 24 52 39 32 -29 59 -31 -32 -33 -34 -35 -36 -37 -38 38 -40 -41 60 -43 -44 -45 -46 46 61 -49 -50 -51 51 -53 -54 -55 -56 -57 -58 -59 -60 -61 -62 -63 -64
leaf_value=0.072203848522563452 0.072359530303210101 0.0213140312765463 0.031649586559953216 0.19713054605431646 0.052073868239628104 0.20017967584342172 0.038227358163063642 -0.0095147902043019091 -0.026256694470773723 -0.020691842859760771 0.039952726046709977 -0.0055265770777999769 0.027167219306286926 0.014974098604145784 -0.0091005081385402749 0.0055593642850874899 0.17724796181811522 -0.012440144914633636 0.26955340270701095 -0.0074021894760647718 -0.020503602011504616 0.047967320294030585 0.043560681265055239 0.18392470255075288 0.24903501484979074 0.021968975006577685 0.014222969870228936 0.066660559189980928 0.076110517046218462 0.0065458754870080646 0.021877327662776582 -0.0061452543516107702 0.083210291479395723 0.092187403769592655 0.012313290077893991 0.055058578716983199 0.063833707034596565 0.14312685442576378 0.017562742418137985 0.084621857152925833 0.011478524926534148 -0.0084898382058750006 0.017437931296429007 0.17202805824958028 -0.020580302914508103 -0.015187126965868087 0.14781963109249188 0.074747095820833512 0.0027951532543352311 -0.020006475940025852 0.1512375842634745 0.019715608639118844 -0.010474151717187238 0.010647549945463802 -0.0038851991272252206 0.077347432081638148 -0.0096058949157856698 0.09284741896320263 0.13323240210778503 0.045377942822780987 0.069287378511914993 0.020254356763619683 -0.015416104493377221
leaf_weight=165.14358025230467 34.993633579462767 22.000997942406684 118.31062539899722 1.9737970558926463 111.39147826936096 1.6908918176777661 570.97520430292934 90.550683116540313 2382.4152796017006 1258.1777879497968 61.778000550810248 278.77536722784862 30.441558440681547 70.042564739007503 139.17989533441141 3.0622765365988016 4.5789429442957035 28.556378356646746 2.2994240685366085 49.493099350482225 108.04880080372095 240.07190704578534 157.5633705467917 2.3756292802281669 2.2501733112148967 329.61109774559736 125.20991637278348 9.712566518224774 56.146125988569111 92.836452625226229 10.815033064223824 171.40132876904681 10.16113629657775 17.653904160484672 13.381180690135805 11.212246391922237 2.2229864089749753 2.7638640506193042 70.556647415272892 10.744832875207065 35.403722319751978 59.345464467070997 57.222255086526275 4.2816626494750381 24.625603685621172 41.769892204552889 2.8616130733862502 37.658544934820384 31.828792219050229 507.99962263833731 3.1318486444652143 13.099778783973305 36.322103050071746 17.60100265359506 2.2666035243310034 2.4909216412343085 282.63864974677563 9.4493979150429386 5.3798186760395756 98.004112064372748 13.964095904957501 7.1194934463128448 10.028507883660494
leaf_count=1194 996 1024 9134 124 3787 130 18256 8292 394752 187762 3091 32653 1878 6356 13475 108 137 3408 160 6202 15091 2725 6188 169 164 14160 8137 292 1010 5682 623 18522 484 387 1549 750 156 192 5262 97 1654 3967 3080 209 2445 4865 250 1632 1360 71436 225 1071 4401 2191 238 205 32143 262 112 2359 474 743 972
internal_value=-0.000570062 -0.0161415 0.0303774 3.62564e-05 0.0366984 -0.0217278 0.0438696 0.0269041 -0.0222338 -0.0163495 0.00442238 -0.0100449 0.0188984 -0.00160756 0.0131458 0.0316486 0.0373242 -0.0104954 0.0206091 0.0233309 -0.000207062 0.0578448 0.0358114 -0.0126056 0.0156087 0.0313677 0.0308066 -0.00415846 0.0404732 0.0152998 0.0680924 0.00578334 0.0194013 0.045002 0.0530232 0.0876441 0.168432 0.00471822 0.022296 0.0239469 0.0463013 0.0100684 0.0271261 0.102614 0.0162852 0.0216235 -0.00129778 0.0534783 0.0363565 -0.0148759 0.0597241 0.0450924 0.00904627 0.0378581 0.106202 0.158832 -0.0047243 0.0428065 0.055813 0.0565717 0.0278302 0.0568277 0.0400316
internal_weight=8175.06 5438.59 2736.47 1395.95 2200.56 4042.65 1270.4 930.156 4011.2 1628.78 535.915 909.727 486.218 370.604 401.857 766.285 865.185 907.754 57.6722 252.964 474.137 405.215 642.373 850.081 63.3064 525.602 203.471 148.892 756.954 108.23 15.394 366.089 135.371 185.246 29.1158 15.7347 4.52241 163.871 73.3205 340.356 84.3615 123.912 64.5662 7.34394 194.687 170.062 51.751 68.1001 602.804 786.775 17.9225 16.2316 60.9308 24.6087 7.0077 4.74109 352.681 31.4504 116.771 154.15 49.3678 9.98111 167.592
internal_count=910853 776553 134300 152828 80159 623725 33346 46813 622439 227687 54141 117604 35224 39925 32100 33067 29427 117480 6023 18333 51050 3919 25703 111457 7368 21804 12131 13767 22985 6442 760 35959 8621 7547 2615 1066 316 13746 5454 14257 3124 7364 3397 317 17437 14992 5858 3510 19616 104089 1426 1296 7199 2798 607 369 38499 1286 3899 3369 2128 993 7160
is_linear=0
shrinkage=0.03


Tree=17
num_leaves=64
num_cat=0
split_feature=33 12 12 17 17 227 34 180 17 55 55 17 24 10 180 227 227 215 17 227 11 211 13 19 21 185 24 146 5 12 111 163 183 6 180 110 119 110 250 11 50 180 87 100 180 202 50 32 102 257 144 33 100 65 235 256 11 0 81 102 92 119 213
split_gain=4081.36 596.637 398.687 205.453 191.019 138.376 127.683 115.563 103.914 92.2618 89.1436 100.342 83.1599 79.5713 70.5088 67.3369 66.9457 61.3245 60.5862 57.7964 56.493 54.2956 53.5908 53.0605 60.4119 63.0636 49.2589 48.559 48.3284 48.2269 47.6929 47.5682 47.3768 45.2172 50.7775 44.0328 55.0068 43.7631 41.919 41.6527 40.2983 39.6745 38.4471 46.1691 39.2396 37.3067 36.4051 36.0576 42.7369 40.7863 37.3769 35.5412 35.3806 35.2431 38.485 41.8842 42.6605 48.2928 38.4689 34.8404 34.0929 39.2617 34.0598
threshold=41.500000000000007 4170.8151308532697 5618.3372003956692 3896.0369327628755 3896.0369327628755 -24.499999999999996 1.0000000180025095e-35 -1.0000000180025095e-35 2449.0818015946602 1.0000000180025095e-35 651.90162936955642 6557.3601464071216 1.0000000180025095e-35 6.5000000000000009 -1.0000000180025095e-35 -47.499999999999993 -32.499999999999993 1146.9811513591142 13624.350916669742 -14.499999999999998 -6903.7976614734098 -1357.6272430650595 1.0000000180025095e-35 1.0000000180025095e-35 1.0000000180025095e-35 -2373.5554792080698 16554.288479542385 93897.350041518017 -735.57748297348292 226.79217649367203 47.500000000000007 1767.7587146571475 -2893.866659060132 12001.799808626112 -1.0000000180025095e-35 1.0000000180025095e-35 -525.54998650829737 1.0000000180025095e-35 -34956.606251062702 -8779.61602684641 768.50000000000011 -1.0000000180025095e-35 1.0000000180025095e-35 -514.49999999999989 -1.0000000180025095e-35 -1.0000000180025095e-35 552.50000000000011 1.0000000180025095e-35 120709.61184863701 -6847.8584663034117 -667.49999999999989 72.500000000000014 -1702.4999999999998 454.77531958480904 -41.96231737787496 -2368.5199803215942 -201.9414979686255 34334130.000000007 1459.8334299158103 90575.605545498009 67864.120374470411 -220.34107697024396 1.0000000180025095e-35
decision_type=2 2 2 8 10 8 10 8 8 8 10 8 2 2 8 8 8 10 8 8 2 8 2 10 2 8 2 8 10 2 10 10 10 8 10 8 10 8 8 2 8 8 8 8 8 10 8 8 8 10 10 2 10 10 10 10 2 2 8 8 8 8 10
left_child=1 4 3 16 7 32 10 -1 12 13 11 14 42 19 -4 18 -2 51 21 -9 -14 -5 -7 24 25 27 33 59 -23 40 46 -16 -6 60 -35 36 -19 -24 -28 -39 -15 -20 43 -3 -44 -26 -27 49 50 -48 52 -17 -49 54 -38 56 58 -58 -56 -21 61 -18 -10
right_child=2 8 6 15 5 22 -8 9 62 -11 -12 -13 20 29 31 17 26 35 41 23 -22 28 37 -25 45 30 38 -29 -30 -31 -32 -33 -34 34 -36 -37 53 39 -40 -41 -42 -43 44 -45 -46 -47 47 48 -50 -51 -52 -53 -54 -55 55 -57 57 -59 -60 -61 -62 -63 -64
leaf_value=0.055220875115570348 0.042362713359016174 0.025918935316038397 0.049047536010576709 0.24951750346059248 0.20322425486878318 0.061382042437152638 0.042535002215740858 0.062134194864661194 -0.013841886124012432 -0.005912465047617721 -0.026496411876606923 -0.02114857465507709 0.2150200005197152 0.018530486491028203 -0.0091212783104605358 -0.0055845085528903248 0.025901019171196242 -0.0031381714574667662 0.12582734325786482 0.18650093345865426 -0.015250724773905674 0.21906901395049524 0.020016783146282482 -0.0018549244414876593 0.054170278145756763 0.026923402861021538 0.1480190907426063 0.061585532384848235 0.029387084596751437 0.014714430504414214 0.031795588181961321 0.043574523132773595 0.074933082499737069 0.046302135222439339 0.00032278725375587054 -0.010970256158641157 0.017798740447880514 0.039680925700638872 -0.012204317144773753 -0.0059096321138964961 0.038046113181209484 -0.0036270752162356214 0.054090908105028118 0.19131632187129446 0.014958035205661763 0.016968088431349108 0.051572382256618247 0.024021079995719695 0.056003069465733524 0.021238845494031214 0.17831412348982645 -0.019197799942673923 0.1154421544727687 -0.030312747028661473 0.03104051053666965 -0.011339717059066385 0.12653351199263552 0.34142799609933527 0.21425410803197681 0.069108701022369795 0.029253408184128225 0.1437267910411609 0.027436494712312274
leaf_weight=273.77756725158542 72.039349696598947 3.7195403762161732 21.804600551258773 1.6056104376912115 3.5782407936640075 17.824566707480699 27.386093041859567 101.025343707297 286.87324687140062 49.960377421695739 2150.2204901981167 1282.8147969194688 0.96919581526890297 133.01147827971727 323.04681608919054 264.93147697346285 4.7596511291339993 12.117714398540558 2.2981617385521531 5.5046193660236868 90.000744176562876 1.4417605223134158 154.71297386847436 28.763123454991728 29.304987051524222 64.8625792209059 1.496298945043236 37.099532782565802 7.4851760347373766 194.01234091864899 298.00652978522703 16.18991963006556 9.3869231883436424 26.351466767024249 120.30704537918791 23.288155966904014 3.7334224688820532 20.072695658542216 82.381391242146492 177.73652342939749 335.23533353768289 29.238834182266149 25.323979950044304 2.5673291254788628 258.09903958579525 140.92310066893697 211.74078590422869 5.8462494215928063 64.374395834282041 49.15582980401814 4.8284989995881906 495.27621737588197 10.93808162258938 2.1725927460938683 2.9245112566277385 1.5666459226049472 1.9107558266259741 1.8548116460442541 1.5933781913481624 3.8785444255918273 54.836693373974413 5.4707826012745482 19.194005338009447
leaf_count=3129 2567 269 1936 125 172 1058 804 2526 37509 4451 366381 197469 66 5125 37408 32112 268 1175 210 183 12581 128 10094 1245 495 2319 41 1141 681 11275 6549 1496 731 1023 8982 2861 339 1278 10296 15869 10930 3596 910 138 20543 6507 3719 166 1540 1142 127 70611 297 239 239 125 160 138 134 145 3018 248 1814
internal_value=-0.000567738 0.0264469 -0.0172414 -0.00231849 0.0334361 0.0140034 -0.0220098 0.0370834 0.00176135 0.0342756 -0.0224757 -0.0172165 0.0122251 0.0354439 -0.00324525 -0.0103951 0.0164305 -0.012314 0.0266121 0.0405555 -0.0127974 0.0889092 0.0106309 0.0382733 0.0395191 0.0431537 0.0101108 0.0770061 0.060022 0.0272914 0.0409366 -0.0066064 0.11034 0.0178188 0.00858431 0.0194783 0.0449176 0.00806475 -0.00934608 -0.00128333 0.0325025 0.00580652 0.0200823 0.0934612 0.0184546 0.0233725 0.0475526 0.05141 0.0682578 0.0458572 0.104759 -0.0144536 0.0835987 0.0818763 0.0998202 0.130908 0.157812 0.232384 0.0956566 0.137977 0.038633 0.088909 -0.0112532
internal_weight=8154.85 3112.31 5042.54 1221.08 2425.56 383.312 3821.46 2042.25 686.747 1768.47 3794.08 1643.86 380.68 1718.51 361.041 853.439 367.643 811.37 42.0695 1056.25 90.9699 10.5325 370.347 955.227 926.464 756.236 295.603 46.4827 8.92694 662.259 709.753 339.237 12.9652 211.726 146.659 51.162 27.8738 352.522 83.8777 197.809 468.247 31.537 289.71 6.28687 283.423 170.228 411.746 346.884 85.9872 260.897 21.6128 760.208 16.7843 15.7561 13.5835 9.8501 8.28346 3.76557 4.51789 9.38316 65.0671 10.2304 306.067
internal_count=910853 166043 744810 139316 92213 29202 605494 63011 73830 59882 604690 238309 34507 55431 40840 112873 26443 108133 4740 28101 12647 934 28299 25575 24330 17328 23876 1469 809 27330 15859 38904 903 13539 10005 5410 2549 27241 10337 17147 16055 3806 21860 407 21453 7002 9310 6991 2130 4861 590 102723 463 1374 1135 796 671 298 373 328 3534 516 39323
is_linear=0
shrinkage=0.03


Tree=18
num_leaves=64
num_cat=0
split_feature=16 55 66 55 181 66 47 11 117 11 76 1 188 226 227 47 1 61 31 114 5 266 249 204 212 132 180 227 53 11 139 87 11 28 66 172 1 27 21 172 157 135 90 5 204 118 182 80 217 211 158 111 173 119 111 20 1 185 1 157 111 31 226
split_gain=3073.9 934.525 705.445 208.758 196.12 162.667 141.261 131.62 125.883 81.7662 103.52 104.8 74.0875 73.5206 73.3716 58.7567 57.9873 69.7494 56.9727 56.4096 53.3572 52.9159 52.0305 51.3779 51.2816 51.2567 50.4143 49.8903 48.2365 53.2896 50.8643 47.3003 47.1761 44.2886 43.8323 42.4132 41.3251 39.1197 39.0769 39.6867 73.4409 53.6029 38.8811 46.6554 38.3782 46.1166 38.2614 38.1964 37.8374 40.8191 37.6467 42.8742 40.0012 43.8938 43.4485 37.4243 36.8583 36.3413 36.1616 35.7793 40.9612 38.837 35.6578
threshold=1.5000000000000002 1.0000000180025095e-35 918.91302927061304 1.0000000180025095e-35 -1.0000000180025095e-35 5956.9975031217173 6326.8046702368119 -5608.8238504682349 173.49245343107302 -4604.5044660697822 31335.569072436756 202009.50000000003 367.34640307779688 -10.499999999999998 -32.499999999999993 6326.8046702368119 202056.50000000003 318.4792428811316 1.0000000180025095e-35 6918.0117268399708 5128.1083641523755 3651.7758614363083 2.5000000000000004 1.0000000180025095e-35 1.0000000180025095e-35 77755.870897624278 -1.4999999999999998 6.5000000000000009 30297.331540159506 -5608.8238504682349 1.0000000180025095e-35 69.500000000000014 -5608.8238504682349 4.5000000000000009 18792.958085392529 -1474.9037428079732 201909.50000000003 844.54760156160467 1.0000000180025095e-35 472.84549807272566 11.500000000000002 1463.8622231537313 -424.49999999999994 1188.8826398826461 -3438.9902841816979 7.5000000000000009 -98.949519656080028 1.5000000000000002 -1.0000000180025095e-35 -1902.6677550218935 2121.5000000000005 41.500000000000007 -1531.6464008826254 -22.059267163187993 45.500000000000007 2021.0866590752103 202010.50000000003 5530.3026508079683 202001.50000000003 11.500000000000002 41.500000000000007 1.0000000180025095e-35 -6.4999999999999991
decision_type=8 10 8 8 8 10 10 2 8 2 8 2 8 10 8 10 2 8 8 8 8 10 10 10 8 10 8 10 10 2 8 10 2 10 10 10 2 2 2 10 10 10 10 8 10 8 10 10 10 8 10 10 10 10 10 10 2 10 2 8 8 10 10
left_child=1 4 8 6 23 9 19 20 15 13 11 35 25 -6 18 22 -8 34 21 42 57 -10 24 55 48 33 -21 -15 -5 30 -30 32 62 -7 -18 -11 59 -9 39 -17 -41 -42 -4 -44 -13 47 -28 50 -2 -50 51 -46 53 -52 -55 -1 -34 -3 -22 -12 61 -61 -16
right_child=2 7 3 28 5 12 16 37 14 10 36 44 -14 27 31 38 17 -19 -20 26 58 -23 -24 -25 -26 -27 46 -29 29 -31 -32 -33 56 -35 -36 -37 -38 -39 -40 40 41 -43 43 -45 45 -47 -48 -49 49 -51 52 -53 -54 54 -56 -57 -58 -59 -60 60 -62 -63 -64
leaf_value=0.050486092605608178 0.044746596028327236 0.002800174374896464 0.019501943333654646 -0.0273163724647877 0.068894679790843821 0.026458564102885693 -0.020382734144287526 -0.018966709195720726 0.04115066325455214 0.032423143559778649 -0.010098745839225638 0.086888575224402437 -0.0080629285425833485 0.038016770050146871 0.077678053746052411 0.0089381173701367379 0.047326880174360896 -0.01219748380276805 0.017935706369399576 0.15878127290131047 0.099759667914087857 0.17620604585657831 0.15094472839473944 -0.001113176418995312 0.10876992491954157 0.080648643991429167 0.013596836701258481 -0.0081919717622800786 0.17641501110559676 -0.018006981084105325 0.024894879272514648 -0.015566119158245271 -0.010311237629468489 0.0005207710668158293 -0.0070346839403886401 0.014398555128749027 -0.0016758587425129855 0.042843495065567783 -0.012612952815427231 0.028076534562602579 0.06622712192301794 0.25006684284005259 0.035150168874116629 0.18652495534313285 0.052611735041642592 0.012779703545293902 -0.0092623608438663386 0.12620503355418519 0.13368200464734548 0.011758536460162651 0.050744723170143738 0.025953203016482948 0.049868230831076769 0.075200911265994472 0.20648464416368104 -0.0047978307522760838 0.019505552705293489 0.12597252438983128 0.0074854379041925179 0.11542528161654524 0.022587024847297278 0.011202340151461668 0.017201904558325314
leaf_weight=470.74083794234321 82.80035389913246 35.436033451929688 58.784162072464824 2089.1585858468898 69.551370154134929 146.06998318992555 1233.3569315802306 480.03329904284328 6.2865825016051531 195.77498112153262 23.546462865546346 16.804203258827329 143.53796699736267 446.5821641664952 10.527094731107352 86.461579652503133 31.28207127796486 370.95742153935134 33.715160848107189 1.7398430658504365 12.986511518713089 4.4657270992174745 3.5090115796774617 18.992373925633729 7.9198014098219565 11.533459724858401 90.081049075815827 22.067733604460955 2.3212491325102773 39.413350258022547 14.14147251145914 171.69377193925902 143.65954972384498 99.677228685934097 23.286116202361882 293.83991350280121 142.41035141516477 9.3958556121215207 43.904594506602734 33.142895585857332 3.4066245094873002 2.4568889047950506 5.0251628817059091 2.8842381318099797 91.345455178059638 47.002562385052443 245.48697710363194 5.0810733782127491 2.5540761994197965 76.284329262562096 8.3346939315088111 133.86517279781401 71.34041703119874 4.20932754781097 4.9213840989395976 11.284619309939442 50.404136284254491 2.2954893773421636 5.4166282648220649 9.0753380600362998 73.550678092520684 4.9855246441438785 52.7093610977754
leaf_count=7470 3472 2987 4925 366085 1529 10553 184465 71136 593 7845 1762 352 13275 8849 768 6876 3343 52759 3241 139 419 192 31 591 289 610 9436 966 232 6561 1986 22524 14062 8603 3345 11693 9174 901 4565 2206 228 143 404 181 2413 1888 29618 123 144 4369 263 3797 1955 128 193 521 4095 244 380 328 4199 276 4153
internal_value=-0.000564696 0.0228664 -0.0150776 -0.0200278 0.030447 0.0263619 -0.013214 -0.0127898 0.0104524 0.0304939 0.0258969 0.0308004 0.00920499 0.0401124 0.000430791 0.0243083 -0.0170882 -0.00753909 0.0371123 0.00269382 0.0307203 0.0972428 0.0366017 0.0472849 0.0342353 0.0188388 -0.00229084 0.0358409 -0.0265806 0.000927731 0.0462593 -0.00337144 0.00476595 0.015938 0.0241289 0.0216058 0.00902405 -0.0177801 0.0117467 0.0202708 0.0453909 0.143258 0.0279041 0.0903504 0.0425574 0.0405225 -0.00312596 0.044609 0.0305834 0.0157084 0.0432887 0.0367659 0.0598305 0.100523 0.145962 0.0491918 -0.00256693 0.0102937 0.0726004 0.0227323 0.0315559 0.0784712 0.0272695
internal_weight=8135.51 3111.69 5023.82 4207.92 2566.13 2065.11 2062.88 545.564 815.902 1664.29 1126.09 872.519 400.819 538.201 473.461 342.44 1658.88 425.526 44.4675 404.001 56.1347 10.7523 173.068 501.018 169.559 257.281 337.308 468.65 2145.03 55.8761 16.4627 428.994 257.3 245.747 54.5682 489.615 253.568 489.429 169.373 125.468 39.0064 5.86351 66.6936 7.9094 382.904 366.1 335.568 319.098 161.639 78.8384 314.016 225.211 88.8058 17.4654 9.13071 482.025 194.064 37.7315 18.4031 111.158 87.6115 14.0609 63.2365
internal_count=910853 175423 735430 663479 99356 90774 288615 76067 71951 57733 46389 30650 33041 11344 49628 22323 243912 59447 4026 44703 4030 785 8305 8582 8274 19766 39193 9815 374864 8779 2218 45602 23078 19156 6688 19538 15739 72037 14018 9453 2577 371 5510 585 11112 10760 39054 8872 7985 4513 8749 6210 2539 584 321 7991 18157 3231 799 6565 4803 604 4921
is_linear=0
shrinkage=0.03


Tree=19
num_leaves=64
num_cat=0
split_feature=16 24 66 14 24 14 16 87 107 203 181 227 10 181 132 22 215 9 180 22 14 227 227 74 100 221 205 53 68 27 22 204 66 15 216 87 94 171 176 140 227 246 22 32 10 140 94 115 155 246 189 188 180 86 125 94 187 212 2 71 8 212 115
split_gain=2880.02 851.266 679.779 265.565 208.481 160.466 123.12 113.941 111.164 96.8554 83.6287 77.077 75.7754 74.526 73.7861 66.5883 61.4062 58.2851 55.9233 63.4719 73.7349 55.1757 55.1684 54.9455 53.4358 52.9411 49.8029 47.8072 46.4311 46.0031 45.9991 72.5275 55.3078 47.1185 44.8195 48.6191 44.4805 43.3755 42.2276 41.1452 59.6581 43.7332 51.5216 40.599 39.8213 39.6911 42.3939 38.8889 38.1416 37.5621 36.9294 36.907 36.3961 33.5875 35.8347 32.6746 31.8406 31.5623 31.178 30.9578 30.9028 29.9136 37.0639
threshold=1.5000000000000002 1.0000000180025095e-35 918.91302927061304 296.84451875952806 1.0000000180025095e-35 9849.7934359295177 8.5000000000000018 69.500000000000014 9595.174065650177 1.0000000180025095e-35 -1.0000000180025095e-35 -32.499999999999993 7.5000000000000009 -1.0000000180025095e-35 58626.468399183796 9923.1190859676972 452.24978133015799 112.77433091784003 -1.0000000180025095e-35 54740.215929260601 34563.713557566378 -32.499999999999993 -24.499999999999996 1.0000000180025095e-35 -1520.4999999999998 1.0000000180025095e-35 -19569.712643545747 30297.331540159506 34475.543381197196 844.54760156160467 19406.361833905583 -4423.2657334545684 1.0000000180025095e-35 1.0000000180025095e-35 -1.4999999999999998 118.50000000000001 2148.5000000000005 -255.50808505731001 2555.3108803152222 9.5000000000000018 -47.499999999999993 5868.5479749416108 135732.80256781078 1.0000000180025095e-35 7.5000000000000009 78.500000000000014 215.50000000000003 3027.5959597719302 56208.299181334689 2615.8619140599571 -501.69340607237149 -1.0000000180025095e-35 -1.4999999999999998 29.500000000000004 5229.5314700760264 1450.5000000000002 -1.0000000180025095e-35 1.0000000180025095e-35 1.5000000000000002 12092.71231190903 442.10007445369359 1.0000000180025095e-35 444.87766831217203
decision_type=8 2 8 10 2 10 8 10 10 10 8 8 2 8 10 2 10 10 8 2 10 8 8 10 10 10 8 10 10 2 2 8 10 2 10 10 10 10 8 10 8 10 2 8 2 10 8 10 10 8 10 8 8 10 10 8 8 10 10 8 10 8 8
left_child=1 3 7 9 5 6 14 13 29 10 58 49 18 48 15 16 22 57 -5 20 23 37 34 26 -16 30 -20 -6 53 -3 31 -23 33 -32 35 36 -4 -12 -10 40 -29 -42 -43 -27 52 46 -28 -33 -2 -9 -47 -48 -8 54 55 -18 -7 -15 -1 -59 -45 -54 -63
right_child=2 8 4 12 27 56 44 11 38 -11 21 -13 -14 17 24 -17 28 -19 19 -21 -22 25 -24 -25 -26 43 45 39 -30 -31 32 47 -34 -35 -36 -37 -38 -39 -40 -41 41 42 -44 60 -46 50 51 -49 -50 -51 -52 -53 61 -55 -56 -57 -58 59 -60 -61 -62 62 -64
leaf_value=0.050648825071152891 0.049672961848905024 -0.017455918403760162 0.25314641046644015 0.045509230455008688 -0.027233313866777041 0.14997021726737031 0.15725024067320609 0.012404803771620058 0.010045665544487581 -0.004172360766755711 0.097500826722301939 -0.01493487595974324 -0.0011415668872232726 0.020762247174463663 0.032023912562152479 -0.01506458196981973 -0.0082996472471458926 0.003124296468188242 0.093612110609523846 -0.0089054596118781325 0.0049714165023254176 0.074058487922034497 0.0074187361303164386 -0.010010788104590501 0.20789792727395956 0.029113957918257622 -0.012013774865553309 0.20010588868071391 0.19833200907303913 0.043793108392042507 0.049581504101309043 0.032438791937643263 0.0016276565288516336 0.0048330563498899023 0.018180553860601353 -0.001244868763256232 0.07422573909598347 0.032254898012263909 0.077786438473761807 -0.023971357814266972 0.00098543567667730946 -0.0099939104846834999 0.23131020529116142 0.097856181245022156 -0.021567761267647343 0.16266358021795016 0.0425801938937087 -0.016445419506949093 0.15904290209869426 0.075372591110259901 0.015918907641512686 0.0195960273434568 -0.0081696587496496286 0.10015791712248928 -0.0057458377586795785 0.1210705151951879 -0.019872462660663108 0.090037706103223619 0.0096492156254771397 -0.00013709138807121648 0.020359603330763174 0.12021778386897333 0.011912145254886699
leaf_weight=373.22331842128187 32.494290210772306 493.76442391704768 2.7502952059730879 68.857556167058647 2033.39982420858 0.9942108616232872 1.2544864434748886 32.920913393609226 18.516536961309612 54.07360358024016 21.014353256206959 201.82723796227947 201.14301807247102 294.63728774245828 3.359802779275924 76.842116479296237 2.672051358502368 230.78535103658214 11.768132781609891 74.629426310770214 173.05676197772846 37.77440856769681 208.11080278782174 29.190677650272846 2.8940453734248868 20.464047662913799 21.05179410520941 1.6895640809088945 1.9646996892988671 11.288830710574983 60.32806268054992 1009.4987751129083 98.705554550979286 32.633360523264855 8.0250214543193561 2.0575728765688837 2.2932137488387525 16.270236704498529 14.984196892008184 28.955342366825789 22.118505098856993 1.4828638415783637 1.7200962901115415 25.186774549074475 225.37036164104939 3.8764875568449497 140.38764592818916 14.86201454605907 3.1477535325102499 11.506194384302942 2.5645172172226003 113.88416607864201 212.01836550282314 7.7979651167988768 12.053297802340238 5.1310776928439736 1239.6394420797005 11.613331130240114 17.47442532889545 4.8604897093027821 5.6743191555142394 3.3849456864409149 17.78642580378801
leaf_count=3939 1587 73746 237 1817 366077 60 96 3435 942 2625 529 26548 16628 17150 316 9069 146 21593 294 5781 13975 525 21561 2005 244 594 1385 150 184 1002 1028 24884 6081 1863 787 217 218 427 377 4797 3393 221 218 581 32935 230 6969 466 175 809 147 6068 29155 583 890 280 188982 423 312 231 203 312 2351
internal_value=-0.000561253 0.0217834 -0.0148547 0.0288259 -0.0198227 -0.0129918 -0.00247677 0.0100261 -0.0125766 0.035366 0.0365996 -0.00706032 0.0149178 0.0173115 0.0113285 0.00939218 0.0168245 0.0145477 0.0199708 0.0168879 0.0207706 0.0330445 0.0114394 0.0292427 0.113412 0.0320165 0.0331463 -0.0264805 0.0574116 -0.0160869 0.030794 0.033235 0.0172671 0.0338729 0.0667575 0.121655 0.171794 0.0690288 0.0403447 0.000872764 0.0275052 0.0159885 0.119594 0.06188 -0.0125633 0.0306209 0.0288987 0.0317296 0.059332 0.0287129 0.104236 0.032286 -0.0039073 0.0473999 0.026681 0.0767699 -0.0197364 0.0230217 0.0488151 0.0634322 0.0836072 -0.00477428 0.0292284
internal_weight=8115.71 3166.15 4949.56 2627.59 4125.77 2036.4 795.767 823.793 538.554 1787.18 1733.11 246.254 840.41 577.539 335.952 329.698 252.856 541.896 639.267 570.41 495.78 1342.41 223.237 322.723 6.25385 1305.13 293.533 2089.37 29.6191 505.053 1253.8 1062.14 191.667 92.9614 15.1261 7.10108 5.04351 37.2846 33.5007 55.9664 27.011 25.3215 3.20296 51.3251 459.815 281.765 275.324 1024.36 35.642 44.4271 6.441 254.272 234.444 27.6544 19.8564 7.80313 1240.63 311.111 390.698 16.4738 30.8611 233.19 21.1714
internal_count=910853 175423 735430 99356 663479 288623 99581 71951 76067 44057 41432 30792 55299 41159 34732 34172 25103 39397 38671 36854 31073 37181 23020 17098 560 36225 15093 374856 2083 74748 34847 25875 8972 2891 1459 672 455 956 1319 8779 3982 3832 439 1378 64849 14799 14422 25350 1762 4244 377 13037 31914 1899 1316 426 189042 17804 4251 654 784 31818 2663
is_linear=0
shrinkage=0.03


Tree=20
num_leaves=64
num_cat=0
split_feature=33 12 12 16 181 14 181 15 181 111 187 205 215 67 227 16 14 1 1 271 181 165 227 33 1 1 64 227 33 227 233 16 1 8 212 88 193 143 214 1 8 1 215 33 27 51 33 227 2 224 159 152 27 119 3 5 120 143 7 185 5 208 86
split_gain=3403.5 435.109 379.693 182.128 153.244 106.119 87.1527 86.1094 78.9898 67.7981 60.7862 60.658 59.7156 59.1644 55.6859 54.5932 53.9776 49.6165 49.2892 60.323 51.8074 49.1886 45.8847 57.4247 53.6061 45.4876 43.5781 42.9224 42.0003 41.3047 40.8927 38.8283 41.2859 36.132 36.1238 36.0594 35.3348 34.708 33.2115 32.3331 31.8974 35.5789 31.6545 31.5919 31.426 31.1742 31.3471 30.2753 29.8633 29.4007 29.388 29.1622 28.3176 28.1979 32.0539 35.3843 37.4207 28.162 28.0135 27.2892 26.6998 26.5782 26.4067
threshold=41.500000000000007 4170.8151308532697 8968.6620803894402 3.5000000000000004 -1.0000000180025095e-35 -1490.3056703520892 -1.4999999999999998 1.0000000180025095e-35 -1.0000000180025095e-35 41.500000000000007 -1.0000000180025095e-35 1.0000000180025095e-35 1146.9811513591142 1.0000000180025095e-35 -32.499999999999993 3.5000000000000004 20135.052876800179 202056.50000000003 201911.50000000003 -1112.5927621703327 -1.4999999999999998 -1.0000000180025095e-35 -24.499999999999996 27.500000000000004 202001.50000000003 202009.50000000003 6.5000000000000009 -18.499999999999996 84.500000000000014 -11.499999999999998 59.500000000000007 2.5000000000000004 201908.50000000003 -254.12233546346695 1.0000000180025095e-35 1.0000000180025095e-35 1.0000000180025095e-35 91852.353248121915 -1513.2290377272495 201911.50000000003 -665.79861025929893 202011.50000000003 -1.0000000180025095e-35 66.500000000000014 492.34980799757005 17683.445110222812 1.0000000180025095e-35 -32.499999999999993 1.0000000180025095e-35 8.5000000000000018 5236.5994418803411 1.0000000180025095e-35 2255.122721404241 -153.94020861344799 61.500000000000007 1946.3945225658422 3148.1237666084785 289171.06312852469 2992.9169590816514 460.59899717630009 1560.6891496916567 -82838.306088344048 14.500000000000002
decision_type=2 2 2 8 8 8 8 2 8 8 8 10 10 10 8 8 8 2 2 8 10 8 8 2 2 2 10 8 2 10 8 10 2 8 8 10 8 10 10 2 8 2 8 2 2 8 2 10 10 10 8 10 2 10 2 8 10 8 10 10 10 8 8
left_child=1 4 3 8 11 13 -4 45 34 26 -5 48 14 42 18 51 40 -14 19 -12 -20 -21 24 38 -15 31 30 50 53 35 37 32 -11 -32 39 -10 49 -7 -24 -2 -9 61 -6 -16 -40 -3 -47 -35 -1 -29 -27 -8 -43 -19 55 56 -55 -53 -46 -54 -44 -42 -51
right_child=2 7 6 10 5 9 15 16 29 25 12 -13 17 22 43 -17 -18 28 20 21 -22 -23 23 -25 -26 27 -28 36 -30 -31 33 -33 -34 47 -36 -37 -38 -39 44 -41 41 52 60 -45 58 46 -48 -49 -50 62 -52 57 59 54 -56 -57 -58 -59 -60 -61 -62 -63 -64
leaf_value=0.053966108915257237 0.049718254534631648 0.080683029892520811 0.020908016593331902 0.14590013885171846 0.030470738270567913 0.049554678986392126 -0.015907506638586227 -0.016364177427883646 0.015362689564902441 0.026493322802161118 0.23382669403597287 -0.010986146798676865 -0.011744090887431852 0.11433200257040475 -0.0066630917261639826 -0.02495344079653691 -0.0099465973494278284 0.031005774188145818 0.21157010650266259 0.22386878024109896 -0.0071782781049984775 0.023313527741239376 0.078280996902145281 0.0088861876554307152 0.034674604176261434 0.15429144444714846 0.015534742842179863 0.022085450943596881 0.0034207352685074613 -0.0029404796711640152 0.0075868867408100853 -0.010148838292855181 0.0050394833224205963 0.10449416532371676 0.12124250220448826 0.13707707705272518 -0.0037989927882586868 0.15005782817133156 0.01603700404269217 0.015620567017477592 0.13126889703748948 0.026100095593250307 0.065039261060117037 -0.01948900212451106 0.03336861049770945 0.13024896197343691 0.020240334552546854 0.037834035515859593 0.037784566165239085 0.035276179071255714 0.045107100515929727 0.0081018415363834587 0.031129886015483357 0.16847893196467981 -0.0010313160608987685 0.24276739456234939 0.020083790566225588 0.18424703150130275 -0.015130174872365537 0.19110007979092283 0.038431591316358316 0.0036938885721367991 0.10259946446591418
leaf_weight=240.04645093297586 43.254251220729202 10.193683674558995 41.345859273336828 2.2028387077152729 78.274446634575725 7.786585708614437 690.48535213433206 40.94863803172484 140.4879168397747 118.69814056996256 1.4727766965515909 16.861696260049939 29.131279381457716 11.789928511250762 237.78243776410818 2551.7167561915703 341.0455817701295 8.2937185051850992 0.98955328622832794 1.1683475514873862 63.699130461085588 18.987457230687149 12.781363652087746 132.80983007326722 21.411965377628803 3.5542332618497294 126.55365147953853 179.41611068882048 14.243250055704264 251.85367199452594 36.936635214835405 89.131652881391346 252.3820356791839 6.3778003938496104 4.0585042210295788 2.2253695493564001 42.693207031581551 5.1299347872845829 128.06900633638725 59.400364716537297 1.4832554105669258 61.9892359492369 83.828481430187821 632.83143034717068 569.48293224163353 2.420450589619576 63.249112572986633 159.07768770493567 179.32699898723513 15.741922843270006 5.9043359803035855 2.3308340013027187 1.9452278884127729 3.1626352686434975 2.0285523389466098 1.9742975160479534 2.9614881295710802 1.2576710591092704 10.924489437602459 1.894418815616518 57.035456340294331 161.17331851413473 7.8625224619172505
leaf_count=2782 1209 114 3631 125 885 306 103286 4964 11505 5809 118 520 3799 322 30235 450695 43115 627 86 52 8563 2220 251 8158 660 136 7130 7368 1701 24789 2044 8593 12774 215 86 50 3154 200 4054 2594 123 5234 1147 98377 13718 101 3466 6156 2841 678 246 269 138 187 134 123 221 128 381 132 1279 16443 406
internal_value=-0.000557507 0.0229742 -0.0166368 -0.00424977 0.028583 0.0253125 -0.022373 0.00172819 0.0105594 0.0185159 -0.0115211 0.0448036 -0.0118615 0.0318072 -0.0137073 -0.0229243 -0.00201771 0.0167209 0.00927631 0.0484819 -0.00383205 0.0349389 0.0283595 0.0270144 0.0629608 0.0132642 0.0295056 0.0234234 0.0421074 0.00436618 0.0377174 0.00763127 0.011902 0.0344145 0.0334585 0.0172606 0.0210094 0.0894706 0.0303525 0.0299879 0.00801856 0.0123884 0.0457665 -0.015986 0.0294878 0.0318718 0.024295 0.0404036 0.0470468 0.0262264 0.0861351 -0.0154642 0.0309971 0.0720207 0.105611 0.132323 0.0967184 0.0698358 0.0324558 0.110057 0.0542659 0.00485724 0.0577012
internal_weight=8095.58 3286.23 4809.35 1522.21 2599.89 2163.65 3287.14 686.343 501.28 1057.25 1020.93 436.235 1018.73 1106.41 956.931 3245.79 610.48 61.7952 86.3173 21.6286 64.6887 20.1558 887.27 854.068 33.2019 715.384 341.862 255.172 32.6639 394.567 215.309 460.212 371.08 202.392 106.713 142.713 245.714 12.9165 721.258 102.655 269.434 228.485 219.138 870.614 708.476 75.8632 65.6696 165.455 419.373 203.021 9.45857 694.074 65.8289 18.4207 10.127 8.09842 6.12412 3.58851 580.407 3.83965 140.864 162.657 23.6044
internal_count=910853 166043 744810 186801 92213 86070 558009 73830 40233 55215 146568 6143 146443 30855 139651 554378 70149 6792 11039 2390 8649 2272 27544 26562 982 39164 16051 11988 2993 36344 8921 27176 18583 8415 3889 11555 11606 506 18404 3803 27034 22070 3311 128612 18153 3681 3567 6371 5623 8452 382 103683 5504 1292 665 531 408 397 14099 270 2426 16566 1084
is_linear=0
shrinkage=0.03


Tree=21
num_leaves=64
num_cat=0
split_feature=12 17 17 23 23 23 13 212 13 1 1 213 180 1 115 226 247 141 19 204 6 79 155 1 8 220 17 119 76 7 266 157 110 1 1 119 170 254 66 6 265 82 105 53 19 211 4 108 211 209 1 62 53 1 89 76 74 30 1 119 86 213 178
split_gain=2993.41 558.172 500.492 223.399 135.324 124.89 92.6407 91.5067 81.8353 95.3406 84.5636 79.2992 79.0325 78.1082 75.3032 69.422 73.9519 61.3703 61.3044 57.4098 53.8816 53.8084 53.3125 52.517 50.11 48.8581 44.1912 43.312 64.2375 48.1097 43.202 51.2554 42.8323 40.1978 38.8674 38.8785 36.4228 36.5111 36.0632 35.8219 45.9491 60.3453 70.5556 35.711 47.9136 35.6847 34.9361 39.2784 37.6339 34.7859 103.048 34.2665 34.0881 37.2193 43.6089 82.0868 103.116 33.7356 33.4451 50.845 32.7122 32.4208 40.4061
threshold=2893.1956275764255 5209.5194556716888 1036.6371997697422 1.0000000180025095e-35 1.0000000180025095e-35 1.0000000180025095e-35 1.0000000180025095e-35 1.0000000180025095e-35 1.0000000180025095e-35 202101.50000000003 201956.50000000003 1.0000000180025095e-35 -1.0000000180025095e-35 202101.50000000003 671.97616311180809 -13.499999999999998 3548.6060540075696 68.500000000000014 1.5000000000000002 -33644.432996867174 25467.389181806535 29841.031892233343 100466.29035616996 201956.50000000003 442.10007445369359 1.0000000180025095e-35 7907.3233687050806 -4312.809133957905 43748.576697119148 1270.3680021800253 2276.6648865915845 4.5000000000000009 1.0000000180025095e-35 202011.50000000003 202102.50000000003 -525.54998650829737 -935.11424504183776 -1255.4490538193033 1.0000000180025095e-35 8538.2852466045515 -3.4999999999999996 6.5000000000000009 12238.933731933137 1373.1026090709181 3.5000000000000004 -2705.2952807763645 22.500000000000004 8.5000000000000018 -1357.6272430650595 -80264.859310576954 201910.50000000003 -99.064891935855471 30297.331540159506 201956.50000000003 289171.06312852469 159323.31013714906 23779.486305691771 1.0000000180025095e-35 202002.50000000003 -8162.9545888726607 3.5000000000000004 1.0000000180025095e-35 -70.278061851391953
decision_type=2 10 8 2 2 2 2 10 2 2 2 10 8 2 8 8 8 10 10 8 10 8 10 2 10 10 10 8 8 8 10 8 8 2 2 10 10 8 10 10 8 10 10 10 8 8 2 8 8 8 2 8 10 2 8 10 8 10 2 8 8 10 8
left_child=1 5 3 12 13 8 21 22 10 18 38 15 -2 26 39 16 -8 33 24 -7 32 -3 -5 30 25 46 49 29 -29 -12 -18 -32 57 -17 -13 -36 -37 -38 -1 40 41 42 -15 44 -42 -34 -10 -48 -49 50 -4 -50 -6 54 55 -54 -57 61 59 -21 -59 -14 -63
right_child=2 6 4 7 52 19 11 -9 9 -11 27 34 20 14 -16 17 23 -19 -20 58 -22 -23 -24 -25 -26 -27 -28 28 -30 -31 31 -33 45 -35 35 36 37 -39 -40 -41 43 -43 -44 -45 -46 -47 47 48 51 -51 -52 -53 53 -55 -56 56 -58 60 -60 -61 -62 62 -64
leaf_value=0.057178148317077418 0.046175144795623201 0.041969891677302404 0.23633598299634229 -0.017525180277167943 -0.027267701131758984 0.12956355424071167 0.0042027051284171356 0.15372683816270233 0.011090986078879471 0.037441953317306161 0.031113415417315476 0.01093776712343426 0.021463202138990251 0.069899834341408812 -0.011486687000055161 -0.0069966156562768188 0.046844179137230942 -0.019711641528223228 -0.0074791841272468752 0.082400089899791307 -0.0010440494596978317 0.19533022381769291 0.050111597470301118 0.014288108543186755 0.007823677889922661 0.051678058616391673 -0.021645985219001209 0.030127606996367309 -0.0046351115492710773 0.065084437511657822 0.098224254769398167 0.26765529466702975 0.12515303708557138 0.012510325271695726 0.012339407823246426 -0.018621827953362459 0.17133218468589764 0.069437587001826645 0.035468889964079653 -0.0018856073684374729 0.037947703160250472 0.0140991854329307 0.36897573471907802 0.00099698908578549632 0.18841486733541277 0.0061890387513329819 0.021067231878557264 0.098198726020533048 0.00089917626411161237 -0.010299050770865636 -0.030303569570168234 0.03637224852053051 0.003215226392514993 -0.025824852905006905 -0.0030240871581834914 0.085015983795608416 0.4577995987455491 0.022593909021478429 -0.015701122437095223 0.00092084690981678095 0.13096923481638598 0.14320966357681106 0.037823300333779716
leaf_weight=198.39963510539383 66.356747329700738 24.680871014017615 2.0241887671872973 369.91689070360735 1928.6378945820034 2.9519296805374324 66.862901264801621 2.8939727908000341 163.63563480833545 445.41425096197054 160.8670179694891 40.512793973553926 118.57057432644069 1.4943874115124347 269.04704956244677 312.26553673250601 6.211690269410612 245.52842234401032 63.361558963079005 8.5600428869947773 192.93099536001682 2.2464626473374656 10.794378721620886 10.081208452582358 171.62958067283034 59.718127196189016 1004.1136799445376 169.24828594876453 66.693617754150182 48.932255852967501 4.8191099646501243 2.4108066083863378 2.3050550064072013 136.69387188460678 10.46965579595417 2.5167484632693276 4.8942615264095366 8.9572778120636887 105.48270556610078 45.457096827682108 25.866969330236319 2.7049540989100933 1.3523861407302318 27.805880189873278 2.0560560547746709 146.33638804452494 486.99361317791045 8.2139967465773207 27.010841025970876 325.91985999094322 3.6687390683218837 264.53974220668897 4.4885910283774164 27.568225530907512 15.447641470469533 2.0813924400135879 0.9833069723099469 4.4543221676722142 81.173503279220313 35.389678596984595 5.7326422026380905 4.4786736620590091 12.176266360096635
leaf_count=1484 1946 1737 189 58965 364844 116 8050 193 6191 11130 1195 3481 7545 142 40085 32508 701 35755 3925 373 17393 207 425 1102 7857 1555 162533 2903 3204 404 235 182 138 10763 738 195 243 422 2791 6102 2260 346 159 3478 203 11241 19229 269 1222 42469 424 8366 716 4821 2393 287 116 214 8399 3283 262 217 532
internal_value=-0.000552275 0.0206103 -0.0163173 0.00326379 -0.0212883 0.0276731 -2.18672e-05 -0.01433 0.0291888 0.0255303 0.0374391 -0.00175292 0.0154607 -0.0151108 -0.003028 -0.00443363 0.020298 -0.00765238 0.0212691 -0.00120332 0.0112755 0.0547643 -0.0156075 0.0660483 0.0228106 0.025357 -0.0185101 0.0291195 0.0203012 0.0390366 0.104868 0.154721 0.0193585 -0.00105737 0.0294868 0.0574872 0.0863652 0.105441 0.0496425 0.0182933 0.0332617 0.115566 0.211979 0.0250625 0.0490271 0.00803387 0.0237031 0.0263263 0.03487 -0.00901489 0.0645033 0.0330858 -0.0266302 -0.00231602 0.025861 0.0849353 0.204623 0.0309346 -0.0042884 0.0167905 0.0835814 0.0269686 0.0661627
internal_weight=8075.03 3447.37 4627.67 936.947 3690.72 2568.22 879.152 383.605 2440.14 1690.52 749.624 852.224 553.342 1711.51 375.785 784.874 90.3857 694.488 1245.1 128.075 486.985 26.9273 380.711 23.5228 1181.74 1010.11 1335.73 445.741 235.942 209.799 13.4416 7.22992 294.054 448.959 67.3507 26.8379 16.3683 13.8515 303.882 106.738 61.2806 5.55173 2.84677 55.7289 27.923 148.641 950.394 786.758 299.765 331.613 5.69293 291.551 1979.21 50.5692 23.0009 7.55329 3.0647 145.412 125.123 43.9497 10.187 135.226 16.6549
internal_count=910853 180215 730638 99071 631567 83896 96319 59583 71725 59744 11981 94375 39488 258390 52775 89296 10270 79026 48614 12171 37542 1944 59390 2220 44689 36832 205615 7706 6107 1599 1118 417 20149 43271 5079 1598 860 665 4275 12690 6588 647 301 5941 2463 11379 35277 29086 9857 43082 613 9588 373177 8333 3512 1119 403 8770 12055 3656 476 8294 749
is_linear=0
shrinkage=0.03


Tree=22
num_leaves=64
num_cat=0
split_feature=33 23 23 10 181 9 182 44 10 65 203 1 44 227 27 33 1 9 135 209 44 211 195 111 211 66 10 189 187 1 227 65 1 22 1 33 210 1 1 97 1 82 6 105 111 155 155 183 246 227 9 116 189 65 66 144 171 130 57 255 6 1 266
split_gain=3022.08 317.427 280.716 215.848 200.574 141.736 100.956 96.0962 88.335 85.879 77.0427 75.9286 71.3047 74.3376 69.8998 69.8908 76.2043 62.9426 61.1289 60.2599 61.936 55.041 52.2439 51.6999 50.8214 45.819 43.8683 49.1932 43.7167 39.8905 64.2561 39.1679 38.9361 38.3954 37.6841 50.2914 37.6714 37.2152 36.99 36.02 44.5919 56.7678 35.7379 35.3576 34.985 34.5261 33.6524 33.2102 41.4047 53.2408 32.7939 32.3671 32.2055 32.1146 47.5791 37.6754 41.1404 31.4521 31.4177 43.365 31.138 30.5089 29.6875
threshold=41.500000000000007 1.0000000180025095e-35 1.0000000180025095e-35 6.5000000000000009 -1.0000000180025095e-35 401.00843971793 -98.949519656080028 1.0000000180025095e-35 6.5000000000000009 -8328.4472043075566 1.0000000180025095e-35 202056.50000000003 1.0000000180025095e-35 -14.499999999999998 1389.6475150850404 11.500000000000002 202101.50000000003 220.87666042806606 1.0000000180025095e-35 -20994.314362095927 1.0000000180025095e-35 -1.0000000180025095e-35 -1242.7543274163497 45.500000000000007 -693.59005087621324 1.0000000180025095e-35 7.5000000000000009 -124403.7722135173 -1.0000000180025095e-35 201956.50000000003 -47.499999999999993 -6591.0212204660356 202001.50000000003 19406.361833905583 202101.50000000003 66.500000000000014 -49.209614772934962 202010.50000000003 201956.50000000003 24264.652258003578 201910.50000000003 8.5000000000000018 12001.799808626112 844.67520219280254 65.500000000000014 100466.29035616996 31181.30239318802 186.24496659231528 5868.5479749416108 -18.499999999999996 220.87666042806606 -98.048444750982 1537.9578267962202 -525.36199235603283 5956.9975031217173 -1612.4999999999998 -670.28719888234684 20369.011683425859 57.500000000000007 -1.0000000180025095e-35 37532.58829563285 202106.50000000003 7594.7273437414669
decision_type=2 2 2 2 8 8 10 8 2 8 10 2 10 8 2 2 2 8 8 8 10 8 8 10 10 8 2 8 8 2 8 8 2 2 2 2 10 2 2 10 2 8 10 10 10 10 8 10 8 10 10 10 8 10 10 10 10 10 10 10 8 2 10
left_child=2 4 3 10 8 11 31 39 52 60 12 29 13 32 28 -15 -17 37 42 26 25 23 -16 24 -18 47 27 36 -4 30 -6 38 43 51 -10 46 -7 -8 -5 -3 41 -41 53 -1 61 -11 58 48 -21 -50 -45 -33 -2 -13 55 -55 -57 62 59 -36 -9 -34 -32
right_child=1 7 14 6 5 19 17 9 34 45 -12 18 -14 15 22 16 21 -19 -20 20 -22 -23 -24 -25 -26 -27 -28 -29 -30 -31 57 33 44 -35 35 -37 -38 -39 -40 40 -42 -43 -44 50 -46 -47 -48 -49 49 -51 -52 -53 -54 54 -56 56 -58 -59 -60 -61 -62 -63 -64
leaf_value=0.057897873850922855 0.056014056069589063 -0.025912217664055121 0.10103767810787767 0.056348248365925752 0.10155397360621402 0.2922077176727802 0.007600495657539977 0.01615356128131246 -0.0040851509282821778 -0.014885873449069293 -0.0083369777303533565 0.011995819700031026 0.047236100477338602 0.032071031153810221 0.19461679803976736 0.011679793309314686 0.038065799940311611 -0.0028941513694955246 -0.00062598975663015694 0.0042641102982829077 0.1022938557664555 0.027970889449059393 0.029366996474076885 0.04507061629419918 0.18106691984550255 -0.019381946423462051 -0.013909170292158915 0.02717881508863651 -0.017874778643080218 -0.013969205904893459 0.0088300890322976014 0.012498598666296594 0.026877501072611318 3.2480330615606379e-05 0.30479418675132125 0.0099852455965340862 0.081425756026250934 0.025369298720138801 0.025802051550607923 0.27123183424967623 -0.019240178979524871 0.037841292750821452 -0.0010850891702277256 0.16869866654511942 0.087650863963239067 0.04651881660243061 0.0069064619159944201 -0.018868334715316338 0.14073624139012972 0.006580602749153115 0.058051899456590811 0.030439962668740661 0.018005524832360415 0.031651321850116092 0.025545221786481411 -0.017031349635082679 0.11957146574420936 -0.022514533304147422 0.039487028680920168 0.091052220582133483 0.08793852278248171 0.094317572745381467 0.13161445048398412
leaf_weight=40.960044215898961 55.472979201003909 2181.5726159415208 2.8216446409933269 54.403443057555705 6.0847070659510791 1.1161761041730645 275.76575865643099 10.05708078574389 110.69914661021903 103.17310475371778 45.720398985315114 28.092671625316143 216.29690314736217 837.29559559933841 2.1301318784244359 404.23932907870039 3.4540116493590176 325.69223962025717 127.96798720350489 48.576338107232004 3.8707972383126608 109.68676826218143 8.9835556866601092 18.039196089841425 6.3465249873697775 1305.1378507427871 21.873386388644576 21.337338548619304 200.56348593533039 274.78045778116211 82.720838114619255 154.57956310175359 83.639244495425373 79.450838527176529 1.6985843465663493 19.132721723522991 2.4124778094701469 172.4050704059191 103.66479622246698 1.093496501911434 13.697376801632343 6.593628061003983 26.572616070043296 5.6188838980160636 11.341824285220353 8.9565458018332702 2.3096366804093122 41.895925327204168 5.0122781302779913 5.6787697123363596 4.2224102392792702 218.2970521831885 31.432170748244971 10.08231091592461 32.073400188237429 2.2507668929174569 16.755664258729666 34.543747990392148 1.7004110272973774 1.7186690145172205 11.841675388161095 6.5068280580453566 1.8110711239278305
leaf_count=990 2189 415679 55 1087 338 146 15904 519 13225 13860 2162 2219 1529 19239 175 22652 157 31605 13523 5448 86 4263 671 909 251 206128 3040 2694 28225 31631 7744 9790 2646 5163 124 2348 256 7917 2533 129 2343 930 2540 214 391 308 117 4810 276 603 226 7159 2291 576 2789 221 1049 3825 148 135 403 130 120
internal_value=-0.000548231 -0.016224 0.020995 0.0232372 -0.00837528 -0.0112538 0.0143376 -0.0240319 0.0185995 0.000631383 0.0301066 0.000469418 0.0311124 0.028835 -0.0122218 0.0266385 0.0182424 0.00714228 0.0136658 -0.0164337 -0.0175445 0.0375324 0.06104 0.0752041 0.130669 -0.0178743 0.0170793 0.0443383 -0.0162251 -0.00757482 0.00646359 0.02346 0.0487254 0.0189676 0.00361451 0.0357058 0.1481 0.0144359 0.0363153 -0.0255324 0.0132134 0.0710412 0.0294556 0.0701658 0.0379931 -0.00998107 0.101962 0.00157574 0.0160276 0.0694767 0.121226 0.0230022 0.042267 0.0385481 0.0507439 0.0785281 0.103395 0.00160452 0.144861 0.197295 0.054971 0.0317454 0.0114607
internal_weight=8053.92 4661.8 3392.13 3177.63 2324.81 2100.65 1384.26 2336.99 224.164 134.028 1793.37 643.736 1747.65 1531.35 214.499 1379.06 541.766 773.863 243.795 1456.91 1410.17 137.527 11.1137 27.8397 9.80054 1406.3 46.7394 24.866 203.385 399.941 125.16 610.396 152.289 452.327 137.259 26.56 3.52865 448.171 158.068 2202.96 21.3845 7.68712 115.827 50.8013 101.488 112.13 7.4273 101.163 59.2674 10.691 9.84129 372.877 86.9051 89.2548 61.1621 29.0887 19.0064 119.076 5.11766 3.41725 21.8988 90.1461 84.5319
internal_count=910853 744810 166043 136917 310639 290062 81158 434171 20577 15090 55759 66575 53597 52068 29126 47471 28232 55426 22917 223487 217351 5580 846 1317 408 217265 6136 3096 28280 43658 12027 25732 4597 22112 16097 2872 402 23821 3620 419081 3402 1059 9394 1430 3167 14168 524 11137 6327 879 440 16949 4480 6854 4635 1846 1270 11689 407 259 922 2776 7864
is_linear=0
shrinkage=0.03


Tree=23
num_leaves=64
num_cat=0
split_feature=33 14 23 14 226 23 53 11 53 11 1 22 22 33 1 1 1 53 1 11 209 53 22 44 44 1 205 75 181 226 30 248 266 148 71 266 190 266 14 233 22 8 171 171 26 60 219 54 182 76 207 140 115 225 115 87 185 225 153 71 70 49 56
split_gain=2839.58 316.8 313.253 229.377 145.723 134.05 126.739 136.216 119.973 87.5507 104.244 85.4161 83.2652 81.3686 80.4402 71.9767 60.6528 57.9169 58.7062 66.6322 55.899 54.6492 54.0358 72.735 50.0063 49.1838 48.1747 46.4757 45.9231 45.3761 43.5205 43.177 58.0346 42.0659 42.0353 41.9388 39.544 37.554 36.9952 63.3629 36.7578 36.7776 39.4461 35.9662 42.8397 37.1388 35.9297 35.3222 34.8701 34.7448 34.2208 34.1566 33.4372 45.2815 32.5889 32.5308 32.2027 35.442 48.5156 31.9998 31.5026 30.6175 30.2812
threshold=41.500000000000007 296.84451875952806 1.0000000180025095e-35 9849.7934359295177 -13.499999999999998 1.0000000180025095e-35 30297.331540159506 -5608.8238504682349 352.23547152797261 -8779.61602684641 202001.50000000003 19406.361833905583 19406.361833905583 72.500000000000014 202002.50000000003 202010.50000000003 202011.50000000003 1207.9583193025771 201956.50000000003 -5608.8238504682349 -80264.859310576954 616.98128401804809 61559.048387442534 1.0000000180025095e-35 1.0000000180025095e-35 202104.50000000003 -4778.1943131463331 1.0000000180025095e-35 -1.4999999999999998 -4.4999999999999991 1.0000000180025095e-35 1.0000000180025095e-35 462.26210999115307 789.50000000000011 2445.2479346408286 1566.6733564267822 -1.0000000180025095e-35 7594.7273437414669 77169.95431701302 59.500000000000007 9923.1190859676972 -37.327544365184991 -255.50808505731001 853.99261086853755 1.5000000000000002 -1.0000000180025095e-35 -1323.8280106104887 7.5000000000000009 -98.949519656080028 25797.180673893261 -1.4999999999999998 21.500000000000004 1126.4962081615902 58.500000000000007 514.55503295458254 12.500000000000002 460.59899717630009 37.500000000000007 146978.02051678946 6565.4348106051557 2.5000000000000004 3.5000000000000004 1.0000000180025095e-35
decision_type=2 8 2 8 8 2 8 2 10 2 2 2 2 2 2 2 2 8 2 2 8 10 2 8 8 2 8 10 10 10 10 10 10 8 8 8 10 8 8 8 2 8 10 10 2 10 8 2 10 10 8 8 8 10 8 10 10 10 10 8 8 8 8
left_child=1 9 3 4 17 8 -4 14 22 10 29 13 15 16 33 21 34 25 19 35 38 30 23 27 59 40 -17 56 -26 31 49 32 -1 -8 60 -19 -37 -13 39 -5 41 -2 -43 44 -28 -45 -41 -12 -38 -11 -48 -52 -18 -54 -15 -31 57 -3 -59 -22 -6 -25 -10
right_child=2 5 6 20 11 -7 7 -9 62 12 47 37 -14 54 -16 26 52 18 -20 -21 24 -23 -24 61 28 -27 43 -29 -30 55 -32 -33 -34 -35 -36 36 48 -39 -40 46 -42 42 -44 45 -46 -47 50 -49 -50 -51 51 -53 53 -55 -56 -57 -58 58 -60 -61 -62 -63 -64
leaf_value=0.070975088402930361 0.01891233289857101 0.016741015307148745 -0.025925006374477977 0.26353275310846452 0.024322047432451813 -0.018359718034142294 0.12658662208192895 -0.015736581854110972 0.0066357333861935854 0.020511827555432446 0.031247244120750122 -0.024662132554849593 0.0070229523879841898 0.01301043519503952 -0.0092361526438550327 0.06976893674996909 0.051061599269590703 0.0084993569828200888 -0.0017667484523024972 0.00091381026284987352 -0.0088562287109968142 0.0031677404395226566 -0.0041105994624120188 0.08167249950038391 0.066551246778719333 0.11708082176491307 0.026211102846658958 0.050039103430719552 -0.0040166821887278438 0.051126041408989277 0.048164252552258952 0.042701990639732443 0.15584718009764412 0.049832148673073666 -0.0036182099098697822 0.038426772226895042 0.13912848341770137 0.0040266733304889909 -0.00044336732870305811 -0.023537877879218197 -0.0078848163208657569 0.11222436817962683 0.031108337339217758 0.07828358660964474 0.086430019314252218 0.037775176636863847 0.0088493406093417982 0.008044190204199525 0.026056203552385221 0.071877170576079577 0.25991908452024676 0.045785739521046795 0.012560324592720344 0.18631812292913211 -0.013177771483695238 0.018891115949259747 0.0010602183693240786 0.20343303106303831 0.025233736641866632 -0.020856117368201057 0.13289855664533134 0.03475517669612703 -0.013004896149461816
leaf_weight=57.493437236640602 15.989929168950765 337.3390548764728 2106.4048156095669 1.3269478799775223 37.211931630503386 155.55871797120199 8.9853711873292941 126.98132766736671 120.4497262625955 624.20473905885592 293.11855821311474 181.58208262175322 245.88320354232565 52.859916321467608 17.015760915353894 32.4054304510355 48.703411899041384 8.5586471515707654 77.771645550150424 24.895033159293234 250.42080493457615 138.60354076744989 89.6298743551597 13.77913679461926 11.2568809594959 8.6447390210814756 396.93574709817767 32.601052177604288 31.592826820909977 81.00410532951355 60.248760828282684 41.848768712952733 8.2975006094202381 22.564767862670124 139.5584079483524 9.7477437481284142 11.983602161519228 53.066240953747183 19.017417813185606 4.1462705191224813 11.345183006953446 13.005346579942854 9.221045343205331 25.913257340434939 10.924815060570834 95.213601022027433 2.2270458526909351 73.942781060468405 3.0869087679311642 12.081410711631177 1.5499266367405637 1.1814650096930561 53.641773575916886 1.3846585871651758 223.96336399251595 43.20434346050024 142.70028432365507 2.1762673733755937 3.7347599300555885 993.38811030704528 2.5711868666112414 136.80853904644027 170.8732269979082
leaf_count=835 1393 20418 410341 147 2073 23768 345 19902 11237 19711 4573 24533 12740 5203 1890 492 3177 732 7191 2581 29910 9387 6422 134 315 397 11624 1946 2474 867 1440 196 192 1693 17214 58 490 4961 2474 472 903 618 364 764 163 1636 232 1484 165 115 164 142 5055 145 31105 1232 11433 123 219 165739 212 3556 19336
internal_value=-0.000543331 0.020031 -0.0160047 -0.00820395 0.00271455 0.00763057 -0.023884 0.000606483 0.0114807 0.0267014 0.0365202 -0.00297993 0.023121 0.00338785 0.0433374 0.0259553 0.0146975 0.0260068 0.0152918 0.0380588 -0.016407 0.0203713 0.017764 0.020694 -0.0173424 0.0510504 0.0342622 0.0153639 0.0145219 0.0522686 0.0237946 0.0665254 0.0816791 0.0716916 0.00413639 0.0657644 0.0855124 -0.0181741 0.02446 0.0698602 0.0395331 0.0536099 0.0785718 0.0320871 0.0278241 0.0464413 0.0416338 0.0265731 0.115968 0.0214871 0.0961306 0.167296 0.0329569 0.0169327 -0.00817709 0.0399135 0.0130377 0.0180171 0.0908415 -0.0184401 0.0313394 0.0390482 -0.00488433
internal_weight=8033.83 3446.97 4586.85 2304.9 988.793 1205.65 2281.95 175.547 1050.09 2241.32 598.909 794.543 1642.41 559.895 48.5659 1396.53 283.071 194.25 136.044 58.2719 1316.11 835.138 758.769 669.139 1286.66 58.2062 561.393 518.551 42.8497 231.848 696.535 107.64 65.7909 31.5501 179.342 33.3769 24.8183 234.648 29.4491 10.4317 49.5615 38.2163 22.2264 528.987 407.861 121.127 9.10471 367.061 15.0705 636.286 4.95844 2.73139 103.73 55.0264 276.823 124.208 485.95 343.25 5.91103 1243.81 39.7831 150.588 291.323
internal_count=910853 166043 744810 310639 108570 98592 434171 23830 74824 67451 9379 93678 58072 64184 3928 45332 27876 14892 11217 4026 202069 30653 44251 37829 198438 3675 14679 34139 2789 3322 21266 1223 1027 2038 19499 1445 713 29494 3631 1157 3278 2375 982 14187 11787 2400 1010 6057 655 19826 538 306 8377 5200 36308 2099 32193 20760 342 195649 2285 3690 30573
is_linear=0
shrinkage=0.03


Tree=24
num_leaves=64
num_cat=0
split_feature=12 17 17 23 23 203 20 11 181 23 13 1 181 115 9 226 267 11 87 141 87 172 50 212 6 1 3 47 183 205 161 16 210 212 120 21 213 137 171 56 157 161 133 110 78 52 43 38 11 117 30 11 118 141 172 93 1 20 217 161 16 5 189
split_gain=2516.37 471.684 432.725 186.252 133.926 124.072 114.061 92.0915 89.1206 79.6419 78.3871 74.8155 68.6158 66.6123 64.5741 63.7411 71.9493 74.3152 68.7311 66.9334 54.6691 51.2389 50.5059 58.242 46.9614 45.4926 44.8233 44.5827 43.4722 40.1914 34.9726 36.0825 34.6431 34.0564 33.4291 33.0341 32.676 32.1562 32.5343 31.9193 30.5986 46.7987 30.1506 34.1876 32.9198 29.7429 29.5502 32.4114 67.0271 35.4826 27.2664 26.6391 35.8839 26.0003 25.2729 25.1077 25.0706 42.8203 38.7288 24.674 31.319 27.5771 25.7401
threshold=2893.1956275764255 1036.6371997697422 6557.3601464071216 1.0000000180025095e-35 1.0000000180025095e-35 1.0000000180025095e-35 1564.7037576023283 -6903.7976614734098 -1.0000000180025095e-35 1.0000000180025095e-35 1.0000000180025095e-35 202101.50000000003 -1.0000000180025095e-35 671.97616311180809 220.87666042806606 -13.499999999999998 4914.8629289712526 -6903.7976614734098 63.500000000000007 74.500000000000014 105.50000000000001 472.84549807272566 172.50000000000003 1.0000000180025095e-35 25467.389181806535 202002.50000000003 41.500000000000007 5010.419680461805 -1027.7888138543617 12339.719447132555 2916.7802882188321 10.500000000000002 -8.4917236071889715 1.0000000180025095e-35 7730.4857828896083 1.0000000180025095e-35 1.0000000180025095e-35 1.0000000180025095e-35 1363.8441471621425 1.5000000000000002 6.5000000000000009 226.1793662100045 3572.2743916903451 1.0000000180025095e-35 83511.940270230101 6.5000000000000009 23953.163458331852 317954.88268150325 -5608.8238504682349 1949.8354536486715 1.0000000180025095e-35 -3810.8095107638692 6.5000000000000009 68.500000000000014 472.84549807272566 5.5000000000000009 202105.50000000003 1.0000000180025095e-35 -1.4999999999999998 4638.2691399469759 20.500000000000004 1378.5133897219066 -1711.0066099435355
decision_type=2 8 10 2 2 10 10 2 8 2 2 2 8 8 10 8 8 2 10 10 8 10 8 8 10 2 2 10 10 10 8 8 10 10 10 2 10 10 10 10 10 10 10 8 10 10 10 10 2 8 10 2 8 8 8 8 2 10 8 8 10 8 8
left_child=2 3 5 12 11 6 8 14 29 22 30 27 33 34 -5 16 56 19 21 -18 -16 -17 -10 26 42 45 54 -3 -28 39 -4 32 -32 -2 40 59 -9 38 51 -1 -13 -42 43 50 -45 -21 -6 48 49 -48 -14 -25 -53 -15 -24 -38 -12 58 -58 60 62 -62 -23
right_child=1 4 10 7 46 -7 -8 36 9 -11 15 13 24 53 20 18 17 -19 -20 25 -22 35 23 37 -26 -27 28 -29 -30 -31 31 -33 -34 -35 -36 -37 55 -39 -40 -41 41 -43 -44 44 -46 -47 47 -49 -50 -51 -52 52 -54 -55 -56 -57 57 -59 -60 -61 61 -63 -64
leaf_value=0.040942382334555265 0.03272993976173031 -0.0056436111005886752 0.015789756809969087 -0.013552595731461713 -0.026730037064335379 -0.0097124159575959716 -0.0028018632064532789 -0.017601467121584034 0.0017437672333232596 -0.0049627117202736253 -0.0018360340694608586 0.026734773173355764 0.022543110442315415 0.0033952174116564666 0.22277049190633863 -0.0045517480586250575 0.22344749587606139 -0.0071387767716944968 -0.017694843268198708 0.13732734837121477 0.061485968822062601 0.052725202261461102 0.024969590402511028 0.060253616709471616 -0.0024823153191488555 -0.015182197894564002 0.027541997887136488 -0.020537965436223628 0.015254098948125688 -0.015609109437734961 0.19835178972864392 0.03457294943183202 0.059472295781681804 0.10473679775473053 0.0062943305855089329 -0.017310312620183579 -0.011201215808992082 0.071019744950287719 0.013458901680081395 0.0083720372750192354 0.24428355013045477 0.057627277823319521 0.11830116075119071 0.0030531643462842783 0.087307999137386821 0.022545062595389541 0.07632048682681225 -0.022090877876857099 0.0019420657174893778 0.31425266986257616 0.07306374278372274 0.059185439539390622 0.017958196973744105 -0.01718441301523807 0.03726317545621257 0.15363971229663087 0.24845760740773029 -0.020276094312104635 0.03975096973089131 0.0028108703548023316 0.19891020923177655 0.036240235788839205 0.013195250697593568
leaf_weight=459.98454139800742 85.244384833611548 217.95695510460064 13.42175779072568 6.5483771855942896 1815.8942175349221 96.281189132947475 126.9893778283149 345.61019631847739 82.060380188282579 84.478673161007464 61.137630558107048 24.636712491046641 136.81666240748018 79.296402128878981 2.7152380705811057 311.1605117758736 3.1805563825182679 9.0170672810636443 273.15453483490273 7.2028427193872613 6.2344761164858946 27.982333099935204 337.87299732258543 52.075299675110728 184.52824019035324 3.9555893363431087 437.10920067736879 1062.948676569853 636.34510354371741 12.426615531090645 3.5268732658587396 6.4465776830911645 2.9844295657239828 6.3519271910190573 77.870735870208591 18.348649986553937 1.5600360445678223 27.580433278344572 42.921317492611706 28.77418568264693 1.5279037272557605 5.7902251179330051 2.6115433638915411 140.40544192306697 4.3014526376500717 2.8300854493863881 1.1253512008115647 11.100379131734369 5.6046953131444779 1.1310373819433155 10.341370679438112 29.734910243190825 52.635507378727198 182.21244406420738 271.38798572681844 1.7810169989243152 1.5048640444874761 2.9886570405215025 1.7089335285127156 26.955014954321086 1.9601664845831681 1.7985533839091661 31.52989502158016
leaf_count=5615 2748 26896 918 648 369989 5804 7617 58171 3772 9256 7575 2150 8096 10113 198 29871 213 1017 41237 233 280 1489 10038 888 16882 415 10309 178719 23778 323 195 566 153 129 9867 1748 154 579 713 442 111 562 151 10804 230 251 149 1898 1030 111 448 420 1989 29972 7527 132 130 355 170 2015 138 157 2299
internal_value=-0.000538387 -0.0156884 0.0181158 0.00323263 -0.020762 0.0237478 0.0249488 -0.0135207 0.0263279 0.0235606 -0.00113812 -0.0145664 0.0139332 -0.00270987 0.0580368 -0.00284445 0.0204027 0.0625985 -0.00598235 0.099224 0.110418 0.00163989 0.0247839 0.0257855 0.00938399 0.0709794 0.0239465 -0.0180036 0.0202577 0.0376703 0.0497299 0.084885 0.134697 0.0377234 0.016897 0.0193843 -0.0166989 0.0408849 0.036199 0.0390249 0.0427345 0.096598 0.0168198 0.0159118 0.00555766 0.10495 -0.026341 0.0109162 0.0575243 0.195586 0.0260934 0.0434587 0.0328408 -0.0109441 0.0304456 0.0766706 0.00399432 0.0614641 0.137478 0.0268466 0.0370865 0.121072 0.031782
internal_weight=8013.6 4422.15 3591.45 935.05 3487.1 2778.66 2682.38 364.449 2555.39 2054.2 812.796 1652.24 570.601 371.334 15.4981 786.416 93.5262 26.1861 692.89 17.1691 8.94971 419.735 1969.72 1887.66 479.005 13.9885 1682.72 1280.91 1073.45 501.185 26.3796 12.9579 6.5113 91.5963 109.826 108.575 348.951 204.947 177.367 488.759 31.9548 7.31813 294.476 291.865 144.707 10.0329 1834.86 18.9615 7.86108 2.25639 147.158 134.446 82.3704 261.509 609.261 3.34105 67.3401 6.20245 3.2138 90.226 63.2709 3.75872 59.5122
internal_count=910853 730638 180215 99071 631567 89070 83266 59583 75649 69269 91145 258390 39488 52775 1126 89313 10359 2129 78954 1112 478 37717 60013 56241 36611 899 51652 205615 34087 6380 1832 914 348 2877 12690 7846 58457 4589 4010 6057 2823 673 19729 19578 11034 484 373177 3188 1290 260 8544 3297 2409 40085 17565 286 8230 655 300 6098 4083 295 3788
is_linear=0
shrinkage=0.03


Tree=25
num_leaves=64
num_cat=0
split_feature=33 12 12 17 13 17 189 17 266 183 14 33 17 204 133 213 204 22 112 226 22 227 34 22 65 44 223 36 211 180 210 20 109 271 20 65 227 271 262 213 7 115 92 144 5 175 65 212 39 224 65 87 162 5 172 106 143 130 82 205 109 7 0
split_gain=2527.18 349.36 270.874 158.318 117.636 85.355 74.4457 71.3087 66.5626 72.3896 65.6181 59.4834 55.6517 51.0591 49.9521 45.1885 45.1079 44.5452 41.4551 41.6968 39.4339 42.286 36.9041 51.6586 38.6649 36.2031 35.1863 36.027 34.0468 33.9732 32.7567 31.9651 30.5662 43.2923 37.6102 34.9621 30.5268 38.2788 29.8947 29.7608 29.3507 28.7798 28.7739 28.6536 44.5223 28.4917 27.1094 26.9407 26.6171 27.9094 26.4453 26.378 31.9789 26.2812 26.2468 27.6346 26.1311 30.5403 25.9878 25.3273 25.1779 24.7297 24.9013
threshold=41.500000000000007 8968.6620803894402 4170.8151308532697 3896.0369327628755 1.0000000180025095e-35 1036.6371997697422 -501.69340607237149 2449.0818015946602 7594.7273437414669 -2038.194139900834 -1.0000000180025095e-35 72.500000000000014 2449.0818015946602 -33644.432996867174 844.03738534335264 1.0000000180025095e-35 -1.0000000180025095e-35 29965.744327349475 55.500000000000007 1.5000000000000002 9923.1190859676972 -24.499999999999996 6.5000000000000009 24590.555385330579 -8328.4472043075566 8.0000000000000018 1.0000000180025095e-35 -638.49999999999989 -6800.0389220980487 -1.0000000180025095e-35 -3342.6976940793306 2021.0866590752103 1.0000000180025095e-35 -1440.4074398327521 558.53175772979762 454.77531958480904 -47.499999999999993 -1440.4074398327521 -3135.5205781799655 1.0000000180025095e-35 2992.9169590816514 269.12003255235106 42058.108361073602 -1217.4999999999998 1560.6891496916567 -23.289376614387994 -8328.4472043075566 1.0000000180025095e-35 21.500000000000004 4.5000000000000009 -854.68171998477794 1.0000000180025095e-35 7.5000000000000009 136.84875639488052 -294.98512448406012 14.500000000000002 84507.615037366209 37709.662014668407 4.5000000000000009 -62430.324708830121 376.15641957441682 1118.9884581115768 57769440.500000007
decision_type=2 2 2 8 2 8 8 8 10 10 10 2 10 8 10 10 8 2 10 10 2 10 10 2 10 10 10 10 10 8 8 10 8 8 10 10 8 10 10 10 10 10 10 8 8 8 8 8 10 8 10 8 10 10 10 10 10 10 10 10 8 10 2
left_child=2 3 4 13 10 14 20 29 11 16 28 15 25 41 46 30 18 47 19 38 31 -22 23 32 -25 26 -8 -28 42 -4 43 40 34 45 35 -15 37 -13 -10 -9 48 -2 53 44 -5 -34 58 56 49 -6 -29 52 -31 -1 -17 -56 57 -12 -3 -39 -7 -53 -63
right_child=1 5 7 8 6 60 12 39 9 -11 17 36 -14 22 -16 54 -18 -19 -20 -21 21 -23 -24 24 -26 -27 27 50 -30 51 -32 -33 33 -35 -36 -37 -38 59 -40 -41 -42 -43 -44 -45 -46 -47 -48 -49 -50 -51 -52 61 -54 -55 55 -57 -58 -59 -60 -61 -62 62 -64
leaf_value=0.096899262800313066 0.12898301038606477 0.13372083471851726 0.037794741145255141 0.016460294088583568 0.027181614053791471 -0.019895874616046933 0.014013147582515312 -0.012588435687643939 0.1129398419631472 -0.0069831910061953972 0.011301801203190763 0.14970959937826131 0.0013024141003303551 0.033550857236072221 0.029532707934146897 -0.0026356584472337578 0.013356661926519421 0.0016115085018981461 0.046044603770343473 0.0093514825776011209 0.05493282086749101 0.00019871632052389037 0.034262899522752112 0.018407982611190334 -0.017768070121887546 0.052053953330725426 0.025745610892204476 0.11225422455264107 0.034491155898978658 0.021140999484245172 -0.007604066522658175 0.001493270568864934 0.15430811081478132 -0.010509080178240921 -0.0050156127654691412 -0.002559220641829649 -0.019539609574405505 0.15226833565935657 0.25723994432591035 0.025495632732443957 -0.01066927486672885 0.03752861477509413 0.032654673090082596 0.013860752259293688 0.23016985405039783 0.016477812737943298 -0.012552570142300264 0.074573249622926593 -0.0051563444962127013 0.041818236823029993 0.025999814303575515 -0.00047325487409595143 0.14967208197538012 0.053707787652374418 0.043166101346749669 0.1608714258151567 0.051167227255026468 0.05409184215414508 0.0056225323509093714 -0.0022526750379419794 -0.025935621414428921 0.012194973310669906 0.062003241760710488
leaf_weight=18.214778518304229 4.5351090687327096 2.1908554974943399 35.17495900997892 1.9245032435283063 641.70293322019279 1041.6206967458129 728.39132449915633 266.60946544865146 2.4746954054571688 38.457174953538924 88.869881638325751 1.6664384691976 263.96516246162355 125.95455536758527 28.933528888970613 10.800648541189732 11.455432497896256 85.272583844605833 7.8098350195214152 1.5150088258087633 14.700779416132717 93.502289066556841 46.566960157826543 35.576384532731026 105.26675270870328 25.869826897978783 58.777511356398463 8.5184623561799508 464.3959115552716 5.7770314887166005 292.59133992297575 42.558099773712456 2.4211525470018387 62.964094733353704 43.155368287116289 29.850403520744294 580.1164016276598 0.98396924650296469 2.7039445498958212 19.841497386805713 17.157232768367976 9.7650814554654044 35.17822580318898 9.5016353460960072 1.61242773802951 3.0504516358487308 351.34467232227325 10.771336556412278 20.040425792336464 143.46246102033183 5.1230699140578499 222.10745658678934 2.4943951899185777 41.720558498054743 15.424755776766689 2.0316029903478912 27.823043314740062 18.062855599448085 4.0794166526757181 32.069279299117625 1539.0099220951088 127.68126501422375 9.7214264920912665
leaf_count=117 174 208 1207 231 15841 182368 27883 37509 143 5099 2098 209 19733 5989 1882 1130 1240 4481 782 210 451 4997 562 2283 11564 192 1694 198 4664 329 38642 2145 190 8539 2814 1981 97449 104 210 1814 645 234 206 1190 202 274 50791 203 685 4530 151 22736 127 386 1037 100 738 175 351 4219 322409 9419 689
internal_value=-0.000533109 -0.0155871 0.0183696 -0.00369334 0.0224461 -0.0215285 0.0186771 0.00149301 -0.0103649 0.0191455 0.0322883 -0.0123686 0.013295 0.0107154 -0.0083816 -0.00217495 0.0578541 0.0188291 0.0929999 0.147785 0.0247092 0.00763505 0.00896038 0.00607417 -0.00863015 0.0171244 0.015996 0.0359394 0.0378403 0.00962788 -0.00553079 0.0268453 0.0138192 -0.00347518 0.019768 0.0266326 -0.0179043 0.00942023 0.188284 -0.00995048 0.0281572 0.0665321 0.0541926 0.0409945 0.113887 0.0774669 -0.0114491 0.0289178 0.0289846 0.029856 0.0798614 0.00693398 0.0599018 0.066834 0.034122 0.0568649 0.0252685 0.0185298 0.0503805 0.00234729 -0.0234978 0.00571532 0.015719
internal_weight=7992.91 4449.42 3543.49 1482.25 2854.08 2967.18 2063.77 689.407 1013.14 64.4161 790.309 948.723 1090.65 469.106 386.548 333.887 25.9589 230.8 14.5035 6.69365 973.124 108.203 454.806 408.239 140.843 826.68 800.81 72.419 559.509 402.957 305.63 864.921 267.396 68.4357 198.96 155.805 614.836 34.7197 5.17864 286.451 822.363 14.3002 95.1136 13.0386 3.53693 5.4716 357.615 145.527 805.206 785.165 13.6415 367.782 8.27143 59.9353 28.257 17.4564 134.756 106.933 6.27027 33.0532 2580.63 359.51 137.403
internal_count=910853 744810 166043 186801 92213 558009 79145 73830 152197 7684 13068 144513 49851 34604 53232 42532 2585 7695 1345 563 29294 5448 34196 33634 13847 30118 29926 2043 5373 34507 40265 23846 19787 9003 10784 7970 101981 4532 353 39323 21701 408 709 1623 433 464 51350 3214 21056 20371 349 33300 456 503 2267 1137 3011 2273 559 4323 504777 32844 10108
is_linear=0
shrinkage=0.03


Tree=26
num_leaves=64
num_cat=0
split_feature=12 17 17 203 181 20 181 77 213 12 77 212 226 10 266 86 10 180 111 12 68 157 87 12 27 62 195 12 116 6 212 16 170 122 63 110 114 53 265 182 124 211 100 43 140 120 265 124 137 226 155 243 68 211 124 114 211 122 230 227 10 29 63
split_gain=2242.26 458.056 368.624 114.571 105.957 103.002 89.3137 77.8518 67.1832 66.3077 63.8815 57.5832 55.4965 51.1552 48.7743 55.4916 46.4571 43.4022 41.2761 37.2058 35.9953 39.2239 35.6555 35.1643 34.3132 33.8233 35.6697 33.4353 37.1193 30.9862 34.7193 30.4972 29.7193 29.3672 29.7392 29.216 31.1279 29.7612 42.6769 28.1614 31.8822 86.5264 27.7683 26.8126 38.2198 26.7166 26.0502 26.4256 25.8917 25.8696 26.7268 28.0181 25.7718 25.6992 28.6373 39.4948 42.0429 27.6071 38.0379 25.3509 24.8759 24.8255 23.5453
threshold=4170.8151308532697 6557.3601464071216 2449.0818015946602 1.0000000180025095e-35 -1.0000000180025095e-35 1564.7037576023283 -1.0000000180025095e-35 1.0000000180025095e-35 1.0000000180025095e-35 1.0000000180025095e-35 1.0000000180025095e-35 1.0000000180025095e-35 11.500000000000002 7.5000000000000009 7594.7273437414669 2.5000000000000004 6.5000000000000009 -1.4999999999999998 41.500000000000007 20334.99599055044 -6574.3556804093432 4.5000000000000009 69.500000000000014 84008.001188345719 1322.2397681805032 -99.064891935855471 -193.84641326151856 1.0000000180025095e-35 -1.0000000180025095e-35 3469.4367436048728 1.0000000180025095e-35 11.500000000000002 -292.47667374361055 -1467.6254435979179 626.02676558315568 1.0000000180025095e-35 8656.1308636500016 3642.8709562654908 -4.4999999999999991 824.48598877139204 9.5000000000000018 -349.46022391347395 -608.49999999999989 23953.163458331852 1.0000000180025095e-35 1.0000000180025095e-35 -1.4999999999999998 8.5000000000000018 11136.444698658383 -8.4999999999999982 7701.0791692125504 -1.0000000180025095e-35 64576.458785602568 322.44579160941754 13.500000000000002 15528.523240068593 938.90098336954156 -6541.2341498060341 -5677.6372348035648 -47.499999999999993 4.5000000000000009 36007.427794068157 116.65615192966801
decision_type=2 10 8 10 8 10 8 8 10 2 10 8 10 2 10 10 2 8 10 2 8 8 10 2 2 8 8 2 8 8 10 10 10 10 10 10 8 8 8 10 8 10 10 10 8 10 8 10 8 10 10 10 10 10 10 10 10 8 10 8 2 2 8
left_child=1 3 4 5 11 6 -1 23 9 14 13 -2 16 17 22 20 18 -4 46 35 21 45 53 48 -9 -18 39 59 42 -20 52 -11 -10 -34 49 36 37 38 -19 40 -27 -42 -29 -12 -45 -16 47 -8 -6 -35 -51 -52 -31 -3 57 56 -56 58 -55 -28 -25 -48 -40
right_child=2 8 10 -5 7 -7 12 24 32 31 43 -13 -14 -15 15 -17 25 19 29 -21 -22 -23 -24 60 -26 26 27 28 -30 30 -32 -33 33 34 -36 -37 -38 -39 62 -41 41 -43 -44 44 -46 -47 61 -49 -50 50 51 -53 -54 54 55 -57 -58 -59 -60 -61 -62 -63 -64
leaf_value=0.034590530567780588 0.020139024413458311 0.0046439635964345607 0.12420162435369221 -0.010018680254298511 0.01470616881799605 -0.0027894421956603816 0.048557419714127976 -0.015558191074010205 -0.0031097260095983661 -0.0046726982658044959 -0.02588300101519888 0.10394465730968112 -0.011865884544485538 -0.022195042600225645 -0.0015735427446339507 -0.0072293021166753239 0.00034261147903752844 0.16472956351061072 0.0089948088138237271 -0.017790292492604835 0.019560076239587786 0.18089970052008628 -0.014205227961347862 0.090702574739891059 0.032600941583122947 0.036246004188011487 0.088351558704120869 0.023252569799392404 0.0046434895865655051 0.023534869255163567 0.061536678295999743 -0.018541904131423485 -0.00074921216634430147 0.14044498943171729 -0.010828210958312373 -0.012263712149957792 -0.004383315474195789 -0.0078948140101972961 0.078386229869157595 0.00085922013670862549 0.26928254964020087 0.031006314881112811 0.085651553977858855 0.13558627831939349 -0.0043773247918814095 0.1207467393730752 0.031040264623677389 0.14240978679846023 -0.001352814649816847 0.10873342751929324 0.022190218315804134 0.10636888469938427 -0.015821907017824689 0.15143040732501276 0.2496323182120356 -0.016877961936871896 0.067543039214814027 -0.00031426049056064979 0.0084004490003409191 0.021282962575293156 -0.017135534603728266 -0.0076145541776350689 0.017894296161310771
leaf_weight=536.40208468725905 120.46512666670606 138.17845099186525 2.1325542512349784 101.99125660676509 224.07033895002678 139.86297903349623 12.385004246607421 374.37525887181982 25.139799423050135 306.27228288073093 1591.3840007134713 7.8603802113793781 45.413022785447538 758.33985296590254 2.9747891048900756 11.277231077197937 103.65401151403785 2.3055369812063873 166.11388809699565 372.91781060583889 5.9539979323744818 4.3629202148877111 78.506811701226979 1.977437448222189 13.80619041668251 87.106523568276316 5.1438949597068131 45.793878284748644 276.02136842068285 471.64177246112376 21.162832954898477 267.16282712342218 14.014087749645112 3.3313571275211826 6.1206209207884958 172.23245516372845 95.224996920209378 17.446594422217458 7.4395972266793251 18.93057963764295 1.9987855739891527 4.3712378661148241 7.4648458897136143 1.986919892020526 15.102023852989076 3.4952378491871059 570.1796441487968 3.4528512586839488 151.41865561716259 6.0069589940831127 19.15097226575017 4.3707432006485787 15.465390466619281 2.9641049057245255 1.8190657035447646 2.2347112614661455 3.062512515578419 17.871029562316842 3.8430716842412949 363.95613516448066 72.885090915951878 15.355854344554244 26.132665761280805
leaf_count=6964 7099 10677 251 6399 17155 8764 464 64379 2374 36662 340315 163 3263 133165 169 974 6217 253 5011 65538 492 211 10733 133 1344 4201 166 2312 15231 11605 326 41124 1017 242 643 27284 14663 2484 630 1122 135 317 394 246 2675 115 14536 185 12945 270 953 261 631 200 136 242 270 1341 258 10419 7937 1124 3044
internal_value=-0.000526557 0.01556 -0.0162637 0.021235 -0.000114395 0.0223296 0.023597 -0.00399948 -0.00286828 -0.00531547 -0.021362 0.0252724 0.0209593 -0.0168052 0.00675041 0.0442394 0.0216399 -0.0109311 0.0253391 -0.0113465 0.0788154 0.111383 0.00251627 0.00448718 -0.0138453 0.0164792 0.0185422 0.0160177 0.00906797 0.0202433 0.0239196 -0.0111343 0.0237533 0.0364966 0.049887 -0.00385549 0.00589325 0.0242448 0.0398736 0.0342265 0.0409839 0.105773 0.0319985 -0.0254816 0.0118961 0.0645063 0.0310534 0.0690184 0.00823027 0.0611961 0.0522554 0.0378321 0.0222853 0.0102396 0.034558 0.0875782 0.135397 0.0192689 0.0706812 0.0222177 -0.0142871 0.0300265 0.0312993
internal_weight=7971.48 3941.98 4029.5 3013.87 966.858 2911.88 2772.01 838.533 928.114 849.979 3062.65 128.326 2235.61 1454.17 276.544 28.0642 2190.2 695.832 1275.76 693.7 16.7869 10.8329 248.48 450.352 388.181 914.441 810.787 698.38 329.28 674.384 508.27 573.435 78.1345 52.9947 38.9807 320.782 148.549 53.3244 35.8778 112.407 93.4765 6.37002 53.2587 1608.47 17.0889 6.47003 601.373 15.8379 375.489 32.86 29.5287 23.5217 487.107 169.973 31.7945 7.11629 4.88158 24.6782 6.80718 369.1 74.8625 585.535 33.5723
internal_count=910853 209150 701703 99786 111155 93387 84623 103893 109364 103604 590548 7262 77659 247312 25818 1961 74396 114147 33882 113896 987 495 23857 38170 65723 40514 34297 28522 17937 17573 12562 77786 5760 3386 2369 48358 21074 6411 3927 5775 4653 452 2706 343236 2921 284 16309 649 30100 1726 1484 1214 12236 13124 2447 648 406 1799 458 10585 8070 15660 3674
is_linear=0
shrinkage=0.03


Tree=27
num_leaves=64
num_cat=0
split_feature=33 14 44 55 24 47 13 14 22 226 1 1 226 183 47 205 10 221 119 16 22 27 195 107 1 37 29 174 155 226 36 130 1 226 188 205 226 42 89 122 68 208 32 224 14 32 104 7 60 173 50 195 155 1 224 1 271 220 90 183 1 154 183
split_gain=2264.4 351.365 215.39 170.146 154.891 140.583 110.974 104.551 98.2603 95.354 70.1958 67.019 57.2165 56.8141 56.5911 56.3949 56.1991 54.2145 52.6141 52.2731 51.525 49.7342 46.7996 44.3486 47.4343 43.1332 41.867 45.5702 41.3853 41.273 52.7759 78.1367 39.7147 45.6895 39.3771 41.4416 38.2157 37.8139 47.1974 37.5623 47.988 36.3027 34.6806 33.0159 32.0544 31.8096 31.5224 30.908 30.2591 30.1611 38.2583 30.048 31.0486 29.8342 29.5453 29.3531 33.7626 29.2953 29.0616 28.6295 28.3309 28.0463 44.9537
threshold=54.500000000000007 296.84451875952806 1.0000000180025095e-35 1.0000000180025095e-35 16554.288479542385 5010.419680461805 1.0000000180025095e-35 9849.7934359295177 19406.361833905583 -33.499999999999993 202010.50000000003 202001.50000000003 -6.4999999999999991 -2893.866659060132 10398.667295353038 -6806.4521660241471 7.5000000000000009 2.5000000000000004 -11025.800608741352 4.5000000000000009 54740.215929260601 844.54760156160467 -1242.7543274163497 30091.112087186844 201911.50000000003 1.0000000180025095e-35 3391.0205912516258 2163.3435664237063 -1.0000000180025095e-35 -1.4999999999999998 -1033.4999999999998 238623.70882155516 201956.50000000003 -4.4999999999999991 1.0000000180025095e-35 -2337.3445453021864 -4.4999999999999991 4.5000000000000009 83476.196129342905 109677.6723988364 109019.80152727173 -82838.306088344048 5.5000000000000009 1.5000000000000002 1.0000000180025095e-35 34.500000000000007 172.50000000000003 377.64949872974302 43779.470752218927 1.0000000180025095e-35 1509.5000000000002 -2967.9091156449863 28172.117969813033 202101.50000000003 -9.4999999999999982 202103.50000000003 -3173.8056795840162 1.0000000180025095e-35 -927.49999999999989 36.885377759928012 202056.50000000003 -393.49999999999994 -4277.4251888570961
decision_type=2 8 8 8 2 10 2 8 2 8 2 2 8 10 10 8 2 10 10 10 2 2 8 10 2 10 2 8 10 8 10 10 2 8 10 8 10 8 8 10 10 8 10 8 10 10 8 8 10 10 10 10 8 2 10 2 8 10 10 8 2 10 10
left_child=1 6 4 5 7 16 11 9 10 26 19 44 13 48 17 -12 20 39 -4 32 25 -5 -23 -6 29 34 27 -2 -20 30 -25 -32 33 58 35 -3 57 -19 -39 55 -41 -9 -34 -13 47 61 -38 -1 54 -17 -51 52 -52 -43 -10 56 -11 -37 59 -8 -7 -35 -63
right_child=2 3 18 21 23 60 8 41 12 14 15 43 -14 -15 -16 49 -18 37 28 -21 -22 22 -24 24 -26 -27 -28 -29 -30 -31 31 -33 42 45 -36 36 46 38 -40 40 -42 53 -44 -45 -46 -47 -48 -49 -50 50 51 -53 -54 -55 -56 -57 -58 -59 -60 -61 -62 62 -64
leaf_value=0.056785997501426447 0.049202857195971922 0.059966204264354346 0.037811617770347694 -0.02224469631831992 -0.026114482593758787 -0.012024853410729664 0.050561847919727503 0.022113056188321351 0.15728440094419788 0.12884649336566617 0.072349291696499743 0.019237488200161492 -0.0080360589179014636 0.001695338673119644 -0.011550476543323028 0.018891327835237417 0.00069628259473335013 0.0010743714556806605 -0.007302998104198895 -0.0023126474778608725 -0.0043277709030272796 0.18947336829406355 0.015461789168145701 0.019822540722761212 -0.022865407181807025 -0.0033603255760292984 0.0075806788375593721 0.15811003066813467 0.020654528200684263 -0.011190527061281111 0.054533445190224253 0.29721124937666199 0.0058866097804984715 0.016100427862852689 0.012741026141662823 0.039279323281562625 -0.024070054824800177 0.24996525443532575 0.068847671960190274 0.019401795872368604 0.18913907003941871 -0.02187090464151862 0.026241884282120684 0.041453185398519464 0.019781702491379918 0.098021714014635705 0.022626940867970166 0.036403673047786633 0.0045982056212977929 0.023783546625884826 0.096535148119834657 0.037252254085744556 0.026886606310819981 -0.0098875136934716088 0.062813640071323548 0.027273137538046673 -0.0068840171886331916 0.12442292670784082 0.081972501352186672 -0.0010456494674272437 0.0069611994411139105 0.13196417191943755 0.03137662053420625
leaf_weight=126.6355722732842 14.099186384584753 35.99928711540997 47.969197668600827 232.06793274544179 1743.1246943147853 291.79876554012299 33.726144756190479 19.483568041585386 4.2214669566601524 1.6714649451896548 24.40243992395699 320.31638504145667 184.80513521376997 28.110655780415982 457.55961134517565 302.88226928561926 214.27921940851957 3.8048602151684436 130.35447976272553 134.39269077312201 80.728459309786558 1.7663857899606226 6.5454913717694563 7.1674952046014369 28.727122549433261 58.647773919161409 14.207135398406534 4.5815252778120366 75.111020621377975 9.4537701443769055 3.1603535749018175 1.9192495578899977 294.62027759896591 308.66708548320457 195.16167751420289 85.887212658300996 13.776250091847031 1.8146796841174371 4.5209374567493796 4.7915648594498625 2.1815860453061759 840.36303894873708 101.2092417133972 74.142712768632919 49.695996506605297 4.6560346600599578 233.96577983163297 142.08662438066676 4.9517416674643746 224.16984707443044 16.972291224170476 124.10616323817521 8.7202116306871194 240.48975036945194 10.126817011274397 31.49700152920559 124.8926662360318 3.7977644982747725 16.525517451111227 13.566056284587829 93.368167910259217 4.5478120152838519 33.118349098134786
leaf_count=1038 1014 975 1882 41432 377460 38387 872 3042 126 86 490 4767 13197 1666 69126 10386 17067 372 14958 12453 5235 193 799 996 5477 4244 1545 237 2205 1553 389 153 9035 10157 10344 4765 853 131 388 439 188 146334 3884 1342 1679 252 10842 1434 184 4583 540 3217 361 38673 432 2260 12673 118 531 508 9815 77 992
internal_value=-0.000520319 0.0148446 -0.0171998 0.00353487 -0.0191024 0.00779986 0.0215998 -0.0127956 0.0177753 -0.00341044 0.0203522 0.0316776 -0.000493531 0.028907 -0.00599915 0.0275436 0.0141573 0.008501 0.00952197 0.0150159 0.0182316 -0.0196622 0.0524416 -0.0253121 0.00242317 0.0211351 0.0463942 0.0759128 0.0029173 0.0358996 0.0722494 0.146226 0.0178888 0.0243753 0.0236617 0.0293691 0.0261048 0.0758298 0.120724 0.004364 0.072505 -0.018473 0.0110912 0.0234132 0.0419156 0.0201298 0.0200302 0.0460089 0.068541 0.0259282 0.0316274 0.0433656 0.072896 -0.0192046 0.0906083 0.00135784 -0.0050915 0.0428848 0.0477251 0.0357579 -0.00742245 0.0190827 0.0435216
internal_weight=7952.11 4139.17 3812.95 1547.79 3559.51 1307.41 2591.38 1765.96 1878.5 665.622 1646.28 712.877 232.216 47.4107 632.734 701.253 922.243 175.175 253.435 945.029 707.964 240.38 8.31188 1793.55 50.428 627.236 32.8878 18.6807 205.466 21.7009 12.2471 5.0796 810.637 414.807 568.588 373.426 337.427 10.1405 6.33562 165.034 6.97315 1100.34 395.83 394.459 318.418 350.989 247.742 268.722 19.3 676.851 373.969 149.799 25.6925 1080.85 14.3483 158.061 126.564 89.685 63.8177 47.2922 385.167 346.333 37.6662
internal_count=910853 229272 681581 145069 662536 102645 84203 276508 73943 88459 58338 10260 15605 2408 85663 19577 54443 16537 19045 38761 37376 42424 992 386028 8568 32141 2796 1251 17163 3091 1538 542 26308 13389 27897 17553 16578 891 519 15646 627 188049 12919 6109 4151 11478 11695 2472 742 19087 8701 4118 901 185007 558 15019 12759 4883 1911 1380 48202 11226 1069
is_linear=0
shrinkage=0.03


Tree=28
num_leaves=64
num_cat=0
split_feature=33 24 17 17 24 24 29 11 213 26 65 11 226 255 264 271 76 225 36 114 179 60 21 107 70 183 8 226 226 191 70 223 148 120 114 254 2 178 6 141 79 99 191 215 11 173 107 173 26 227 140 32 227 63 129 64 145 189 210 140 120 60 99
split_gain=2141.19 291.118 212.532 209.25 102.686 95.434 80.1062 79.7807 100.213 67.9241 65.5833 65.1179 56.4262 82.6447 65.7502 53.6042 52.7157 53.8834 51.7404 50.4636 47.7825 47.088 46.3237 42.124 40.8201 81.726 40.541 39.4938 38.8414 38.4139 37.6468 37.0069 57.8901 36.6221 40.9331 35.0536 33.9016 32.8082 32.395 32.11 31.2064 33.9342 29.7546 29.7139 33.9562 48.1489 29.636 29.1706 28.861 28.1366 31.7282 28.1252 27.9047 33.8717 27.7871 33.99 30.6984 27.4781 30.1534 31.0741 28.1287 35.7749 27.7995
threshold=54.500000000000007 1.0000000180025095e-35 2449.0818015946602 3896.0369327628755 16554.288479542385 1.0000000180025095e-35 21605.10443393431 -6903.7976614734098 1.0000000180025095e-35 1.0000000180025095e-35 -6591.0212204660356 -12180.808918797093 -6.4999999999999991 3368.8335232985096 -1.4999999999999998 -666.08733907307271 31335.569072436756 37.500000000000007 -759.49999999999989 8656.1308636500016 52.907394326065976 15245.031239825565 1.0000000180025095e-35 30091.112087186844 8.5000000000000018 -1.0000000180025095e-35 -665.79861025929893 -4.4999999999999991 -13.499999999999998 -1.0000000180025095e-35 5.5000000000000009 1.0000000180025095e-35 1448.5000000000002 7730.4857828896083 6918.0117268399708 18139.421748714503 1.5000000000000002 14.948010129077007 23230.798608357007 74.500000000000014 3076.2920233544496 81518.044990948212 -1.0000000180025095e-35 1146.9811513591142 -367.01206192391493 884.39105519061025 2634.2896202451157 2953.288134347004 1.5000000000000002 -47.499999999999993 11.500000000000002 1.5000000000000002 -18.499999999999996 225.20874504960003 1.0000000180025095e-35 8.5000000000000018 841.41413585316207 -1.0000000180025095e-35 -1.0000000180025095e-35 1.0000000180025095e-35 1.0000000180025095e-35 10092.780607762683 73286.258110126757
decision_type=2 2 10 8 2 2 2 2 10 2 8 2 10 8 8 8 10 10 8 8 8 10 2 10 10 8 10 8 10 8 10 10 8 10 8 8 10 8 8 8 10 10 10 10 2 10 10 10 2 10 8 8 10 8 10 10 8 8 8 8 10 10 8
left_child=1 2 6 4 21 15 11 12 19 29 35 20 13 -4 -15 -5 17 18 27 26 36 30 -18 -7 47 -26 -9 37 -23 -3 -2 49 -33 34 43 -6 -1 -13 -8 -32 -14 -42 -24 -17 -45 -46 -47 -11 54 50 -25 -16 53 -28 55 56 57 58 59 60 -20 -62 -60
right_child=3 9 7 5 10 23 38 8 -10 24 -12 16 40 14 51 33 22 -19 48 -21 -22 28 42 31 25 -27 52 -29 -30 -31 39 32 -34 -35 -36 -37 -38 -39 -40 -41 41 -43 -44 44 45 46 -48 -49 -50 -51 -52 -53 -54 -55 -56 -57 -58 -59 62 -61 61 -63 -64
leaf_value=0.027631349218782811 0.013952314649696665 0.050483610902803913 0.0018725859085070226 0.018429369669884496 -0.0051026898605263373 -0.02672869695825893 0.014580786646602083 -0.005141093213631708 0.03102012579811737 0.0065252451868499373 -0.019512230753389745 0.03928925447768597 0.0020460774408366978 0.2161739431168121 0.10048364480549082 -0.00020210185776372287 0.049518800213198398 0.064339017358723549 0.046671627845395969 -0.007844362609382878 0.046416684749774874 0.01677259038609507 0.023634871537319805 0.13417106475518562 0.31548774775544131 -0.010158474463142955 0.12313971457442298 0.012297484091156628 -0.0093080435149588935 -0.018894201295281281 0.14562879105065851 0.30870787582625675 0.0068148998357451997 -0.020062747454167328 -0.013696002307821436 0.050755854418430481 -0.021485567005316959 0.011526766494076957 -0.010015203995806988 0.041034877119589461 0.13118198712167883 0.02910591030003018 0.0013314935704259105 0.0023530197361690017 0.01616687181064214 0.21918895026514826 0.058204254219295946 0.10154535898459797 0.056012846507508929 -0.015165482337677652 0.0064980533953979845 -0.0032978163202122455 0.017381933812528328 -0.017297980193290406 0.037401790532312823 -0.0075303035521570739 0.019661156897248559 0.01958083071006872 0.064129219198051993 0.033457532359382203 0.1938955087312397 0.072624341184587715 0.028694550483950903
leaf_weight=302.53764948714525 158.80433641327545 7.3651438886299729 11.039181830827145 41.815237016882747 21.685639099683613 1488.1635624761693 92.922988169826567 95.882990372367203 88.528629713691771 20.133986324537553 321.2393707674928 101.05600655265152 52.640532358083874 3.8666640459559858 9.4814442149363494 72.897043653298169 23.648860319517553 26.282335980795324 5.9702065251767662 518.40758808748797 144.2872959333472 72.729035965166986 68.185712903272361 2.5303354426287088 1.2994345705956218 1.4876910815946751 4.8690329371020189 673.4739697529003 175.18191673094407 290.00388992903754 3.2181579214520779 0.88469997001811806 1.6156339095905421 824.25025018351153 465.82445171428844 18.943550012540072 13.199165920726953 61.699410838540643 100.12116758804768 14.745113675948231 3.3318236144259599 24.37121447455138 255.76501174783334 9.1442759283818322 4.5016839108429831 2.6359840845689178 1.6883910698816178 3.398569088894873 27.139242236502469 39.866500391624868 5.6937773996032783 3.1246863384731123 113.14274071482942 2.2645149142481387 134.39194120466709 32.111683028750122 556.46974216960371 113.60516214137897 22.962695142719895 13.147200181614606 4.2277561137452704 4.5406295787543058 150.6813568752259
leaf_count=3208 11049 199 617 6242 2141 335542 4537 8959 5278 2065 59744 2934 2724 146 417 10207 178 750 117 58888 1478 3703 1356 157 99 211 259 24134 16852 48993 243 115 257 150676 73321 925 297 3651 7669 637 185 1430 14388 897 432 183 160 252 482 7218 880 210 8216 198 2503 1533 12146 3903 506 367 106 166 3517
internal_value=-0.000514606 0.0142403 0.0165323 -0.016982 -0.00322752 -0.0206351 0.0205017 0.00404617 0.000867078 -0.0130874 -0.0149702 0.0218198 0.0283073 0.0653886 0.107954 -0.0150345 0.0197385 0.0216776 0.0210879 -0.00276691 0.0321141 0.00677845 0.00898497 -0.0258135 0.0331057 0.141667 0.00941017 0.0155025 -0.00165683 -0.0171759 0.0186087 0.00110743 0.113635 -0.0160478 -0.0101031 0.0209416 0.025578 0.0287647 0.00182423 0.0597731 0.0156096 0.0413825 0.00602595 0.00831555 0.0428676 0.0848429 0.156335 0.020248 0.0254725 -0.0047431 0.0457796 0.0747593 0.0210103 0.0785584 0.0246741 0.0227813 0.023898 0.0313796 0.0380307 0.0669881 0.0968982 0.131096 0.0333804
internal_weight=7931.13 4183.07 3859.38 3748.06 786.547 2961.51 2928.43 930.951 823.095 323.689 361.869 2735.38 107.856 27.512 16.4728 1422.76 2275.36 1927.76 1901.48 734.567 460.024 424.679 347.6 1538.75 26.3197 2.78713 216.159 836.229 247.911 297.369 176.768 50.5909 2.50033 1380.94 556.692 40.6292 315.737 162.755 193.044 17.9633 80.3436 27.703 323.951 90.8674 17.9703 8.82606 4.32438 23.5326 1065.25 48.0906 8.22411 12.6061 120.276 7.13355 1038.11 903.716 871.605 315.135 201.53 27.8858 14.7386 8.76839 173.644
internal_count=910853 229272 177453 681581 95294 586287 89926 87527 81798 51819 62810 77720 5729 1390 773 242118 72737 56815 56065 76520 4983 32484 15922 344169 2627 310 17632 30719 20555 49192 11929 8627 372 235876 85200 3066 3505 6585 12206 880 4339 1615 15744 11879 1672 775 343 2317 25346 8255 1037 627 8673 457 24864 22361 20828 8682 4779 756 389 272 4023
is_linear=0
shrinkage=0.03


Tree=29
num_leaves=64
num_cat=0
split_feature=12 17 17 23 23 11 20 22 11 204 13 30 226 87 13 172 180 23 64 208 29 22 12 183 235 12 227 2 40 57 21 204 184 186 59 177 211 174 154 22 11 180 226 53 11 85 11 125 26 64 195 211 53 53 100 51 11 175 226 102 2 184 177
split_gain=1908.01 358.607 345.554 138.026 96.7604 90.4561 89.7135 82.2663 92.0508 89.6017 60.999 58.1072 57.2546 63.0428 54.0528 51.1879 46.4925 45.8266 43.8727 39.851 38.0899 37.7189 46.8328 35.0653 34.6384 34.3203 34.0217 43.0452 33.9271 42.5913 33.6424 32.6546 32.2441 31.7845 31.3415 31.3036 35.5712 31.1344 30.4576 48.5164 30.3467 29.9587 42.6007 29.7726 35.3045 32.6266 29.6651 39.2305 29.6268 28.8955 28.1478 29.6266 45.0262 27.5424 27.3899 31.1111 26.9009 26.8367 25.8846 35.003 25.8311 25.3905 25.1983
threshold=4170.8151308532697 6557.3601464071216 2449.0818015946602 1.0000000180025095e-35 1.0000000180025095e-35 -6903.7976614734098 1564.7037576023283 19406.361833905583 -8779.61602684641 -4423.2657334545684 1.0000000180025095e-35 1.0000000180025095e-35 -13.499999999999998 69.500000000000014 1.0000000180025095e-35 472.84549807272566 -1.0000000180025095e-35 1.0000000180025095e-35 7.5000000000000009 -82838.306088344048 1.0000000180025095e-35 54740.215929260601 84008.001188345719 307.89327371308457 48673.789135959087 20334.99599055044 -6.4999999999999991 1.5000000000000002 459.50000000000006 30.500000000000004 1.0000000180025095e-35 -3938.7212828580818 14501.541096296036 -1.0000000180025095e-35 -2821.9069827856852 -796.54275578213606 -6800.0389220980487 122.17435405860942 -1825.4999999999998 24590.555385330579 -201.9414979686255 -1.4999999999999998 -10.499999999999998 30297.331540159506 -4604.5044660697822 1.0000000180025095e-35 -8779.61602684641 12138.245217342328 1.5000000000000002 4.5000000000000009 406.29901614510351 -37.882766670100658 901.44314020797754 3264.3891796582416 -1185.4999999999998 2012.0180466331683 -612.00154333685589 -54.107930441574119 -33.499999999999993 131605.87335239523 1.5000000000000002 1.0000000180025095e-35 -3397.3189106996838
decision_type=2 10 8 2 2 2 10 2 2 8 2 10 8 10 2 10 8 2 10 8 2 2 2 10 8 2 8 8 8 10 2 8 8 8 8 8 10 8 10 2 2 10 10 10 2 8 2 10 2 8 10 10 10 10 10 8 2 10 8 8 10 8 10
left_child=1 6 3 16 18 32 7 9 20 -1 40 14 24 15 34 -14 -2 23 19 50 60 22 31 26 -12 53 27 62 -28 54 -17 38 -5 -10 -11 36 -35 -36 -18 -40 61 42 -20 -6 45 -45 47 -26 56 -24 51 52 -4 58 -30 -56 -13 -58 59 -21 -9 -3 -16
right_child=2 10 4 5 43 -7 -8 8 33 11 12 48 13 -15 17 30 21 -19 41 25 -22 -23 49 -25 46 -27 28 -29 29 -31 -32 -33 -34 35 37 -37 -38 -39 39 -41 -42 -43 -44 44 -46 -47 -48 -49 -50 -51 -52 -53 -54 -55 55 -57 57 -59 -60 -61 -62 -63 -64
leaf_value=0.045739003721490708 0.031988703963450438 0.049561639542421453 0.3470694978289347 0.039647393131505546 -0.026693003865864408 -0.017421382552439794 -0.0040767539765687267 0.035828896112372853 0.029337586676773438 0.060765353702013747 0.0077874024155708526 0.022437846803191674 -0.0062494988679658112 -0.018257414960224119 0.057897804268721681 0.022357546635837184 0.020929591738544681 -0.0079386163781148284 0.22228395525896991 0.18072399387157614 -0.004270424939950293 -0.014591962730947636 0.088375317321035304 0.0076955379156610311 0.18277681751265029 -0.016859416932179488 0.0062257587756044935 0.0012756482969063932 0.032972236251839933 0.01784317002285327 -0.018192604663361252 0.011395301673524715 0.16541848473778492 0.087783241173699303 0.020947338654693649 -0.0042554076943484721 0.011525642039401141 0.037926494365556868 0.17778743537625272 0.029811170233985235 0.01263230948339405 -0.020888947667154142 0.0050294361862622391 0.14165198616592106 -0.020152159547025001 0.017456155866709261 0.01750123348982744 0.051287581049540468 0.079783242762435883 -0.014930695745935536 -0.013132096561452247 0.036045820726604477 0.074091705228148244 -0.016817221823576999 0.13629309018448144 0.043413764214341642 0.030168260904233166 0.067719245339408887 0.0010459125110110605 0.01017676650515525 -0.020272313693661208 0.14617771386424769 0.029958931301918255
leaf_weight=137.74594016140327 69.502443579025567 10.26399010885507 0.87437556684017215 13.061460023745893 1492.211195725482 357.47535455785692 148.71803557686508 148.41138272127137 33.929448261391371 25.681102279108018 85.111075010616332 81.177347575780004 367.99128076992929 281.43570414511487 33.580324246082455 109.58467159792781 12.478549508377911 64.055008738767356 1.0689326236024497 1.7052878211252389 29.241628491785377 70.179620669223368 2.5154696479439727 252.44911497738212 2.8086006524972635 351.44714049994946 199.49498122837394 43.167044061236084 63.130444888491184 760.37043809005991 22.132905376609415 350.22169844899327 2.1343338014557949 6.4678219696506849 288.8776026875712 320.98270902782679 36.990324237849563 146.48235277505592 3.5951773929409665 4.4776950445957482 17.391435892321169 671.44639016641304 3.3835751274600616 2.2653442188166082 29.985696316231042 11.925074216444044 11.8153258129023 7.4831940345466137 13.987564078066496 77.923921545501798 3.5115312268026173 3.1661188350990397 1.4384794402867553 94.179552533198148 5.3454557033255679 8.2632636390626413 36.182657645083964 32.527245345059782 216.66444862121716 2.9683542745187879 7.7734328145161262 3.2147517167031756 215.51021270034835
leaf_count=1664 2133 377 105 928 347028 66231 9381 2692 311 199 10296 1608 37830 47477 912 7433 548 7173 144 245 1292 6352 142 8673 191 63650 7062 1944 1766 19311 2249 25901 145 245 3298 20759 1836 1677 201 350 1520 121976 448 214 6023 1772 1366 438 199 8224 548 431 244 15840 145 194 1139 717 31431 449 278 187 5311
internal_value=-0.000508586 0.0138417 -0.0156337 -7.68048e-05 -0.0208237 -0.0143741 0.0186655 0.019796 0.00969268 0.0222454 -0.00263875 0.02082 -0.00407935 -0.00690098 0.0194813 -0.000505038 0.00894034 0.0169374 -0.0149699 -0.00956567 0.0271534 0.00586795 0.0090502 0.0179451 0.0164778 -0.0104114 0.0198922 0.0289325 0.0173434 0.0199929 0.0155438 0.013552 0.0573126 0.00156538 0.0285599 -0.00102022 0.022875 0.0266602 0.0503047 0.095711 0.038818 -0.0203746 0.0571867 -0.0259745 -0.00170273 0.0372827 0.0499353 0.0871706 0.0380272 -0.0117001 0.0531739 0.0956701 0.177291 -0.00322908 0.0412936 0.0798964 0.0341305 0.0479449 0.00255269 0.0724049 0.0330367 0.0726051 0.0337254
internal_weight=7911.58 4059.78 3851.81 963.566 2888.24 372.671 3140.54 2991.82 583.797 2408.03 919.233 2270.28 888.363 781.145 2106.41 499.709 590.895 1645.37 1351.85 675.955 185.426 521.392 451.213 1581.31 107.218 666.965 1328.86 292.258 1036.6 837.11 131.718 370.773 15.1958 398.37 461.041 364.441 43.4581 435.36 20.5514 8.07287 30.8702 675.899 4.45251 1536.39 44.1761 14.1904 22.1071 10.2918 163.875 80.4394 8.99051 5.47897 2.31286 315.518 76.7392 13.6087 149.887 68.7099 221.338 4.67364 156.185 13.4787 249.091
internal_count=910853 209150 701703 111155 590548 67304 99786 90405 27413 62992 109364 61328 107280 94989 57665 47512 43851 52491 235511 112943 4262 41718 35366 45318 12291 111615 36645 8167 28478 21416 9682 27000 1073 23151 5174 22840 2081 4975 1099 551 2084 122568 592 355037 8009 1986 1995 629 3663 8366 1328 780 349 47965 2105 339 3464 1856 32125 694 2970 564 6223
is_linear=0
shrinkage=0.03


Tree=30
num_leaves=64
num_cat=0
split_feature=17 23 66 14 23 22 205 11 10 11 132 189 212 14 228 78 216 176 53 181 31 181 10 110 11 53 11 30 1 1 11 183 254 1 57 1 53 1 42 101 1 110 1 183 191 181 68 205 53 175 48 254 68 70 159 155 22 1 220 117 174 80 81
split_gain=1625.05 448.044 397.042 141.708 130.971 97.9805 93.7766 89.5956 78.6675 76.4223 75.7451 66.758 54.9444 54.1986 47.5403 46.1538 44.4722 52.9308 44.2914 42.6432 40.8169 40.1485 38.7606 37.4312 44.1673 42.4806 37.2505 35.7863 35.3159 80.608 51.2888 38.3345 34.7437 34.0274 41.7264 32.3528 31.8871 31.3019 36.9771 35.6836 31.2764 30.8196 30.7898 28.4105 28.2925 28.271 41.1768 27.6324 27.6109 27.5478 27.5045 28.5108 34.0339 26.4524 27.9612 25.9833 25.3593 28.7324 35.0978 25.7042 25.1472 32.9913 25.0661
threshold=3896.0369327628755 1.0000000180025095e-35 1890.9907851414503 34563.713557566378 1.0000000180025095e-35 19406.361833905583 -8756.2211634259129 -4604.5044660697822 7.5000000000000009 -8779.61602684641 38720.648446322892 -1.0000000180025095e-35 1.0000000180025095e-35 9849.7934359295177 6.5000000000000009 88460.76791632481 -2.4999999999999996 129.07599166484596 30297.331540159506 -1.0000000180025095e-35 1.0000000180025095e-35 -1.0000000180025095e-35 8.5000000000000018 1.0000000180025095e-35 -8779.61602684641 9646.1310955581012 -3163.7546841127573 1.5000000000000002 201956.50000000003 202010.50000000003 -12180.808918797093 -333.12397730432195 731.97263755878168 202002.50000000003 65.500000000000014 202001.50000000003 1051.9669374916143 202002.50000000003 2.5000000000000004 65149.587336070028 202105.50000000003 1.0000000180025095e-35 202002.50000000003 -16893.451492952878 -1.0000000180025095e-35 -1.0000000180025095e-35 53236.907602408588 1.0000000180025095e-35 616.98128401804809 1461.5378896500004 678559.95528723393 25895.069753057574 26676.832955812333 12.500000000000002 5236.5994418803411 7701.0791692125504 9923.1190859676972 202056.50000000003 1.5000000000000002 229.87283923138503 -200.32866637444428 1.5000000000000002 851.53657804893362
decision_type=8 2 8 10 2 2 8 2 2 2 10 10 10 10 10 10 8 8 10 8 10 8 2 8 2 8 2 10 2 2 2 8 8 2 8 2 8 2 10 8 2 10 2 10 8 8 10 10 8 10 10 10 8 8 8 8 2 2 8 10 10 10 10
left_child=1 3 11 5 8 6 -1 33 10 32 13 19 15 41 56 22 17 -12 -6 -2 -14 -5 27 -21 25 -25 42 28 30 31 -8 -30 -7 36 -35 -34 -3 38 39 -27 -37 49 50 -41 47 46 -18 -11 -29 -4 51 -20 -53 54 -51 -26 57 -13 -59 -60 -31 -62 -9
right_child=2 7 4 21 18 9 12 62 -10 44 16 14 20 -15 -16 -17 45 -19 26 23 -22 -23 -24 24 55 37 -28 48 29 60 -32 -33 35 34 -36 40 -38 -39 -40 43 -42 -43 -44 -45 -46 -47 -48 -49 -50 53 -52 52 -54 -55 -56 -57 -58 58 59 -61 61 -63 -64
leaf_value=0.042773990251284061 0.039988995125645778 -0.0015383162913221653 0.0075963664505212533 0.024851478308451865 -0.026512680203395155 -0.00055200593708098632 0.046384518882673254 -0.017916596859506726 -0.019959755887980789 0.032566777107189727 0.30441289614048744 -0.010130892231186798 0.023913904174546072 -0.015064410581236825 0.1438081245246908 0.088067154366280584 0.28135020981862569 0.02199352494542017 0.043758083789570447 0.017106796172896576 0.053341008234829443 -0.0041661549457818522 0.00022239689465346882 0.0013769796308719436 0.011470090667984019 0.18533701628707075 -0.022191310279717921 0.046011300326993583 0.016595944080805912 0.0063714336482791527 0.021019086239792692 0.00042189931612797579 0.046027009978836332 -0.010244529225030269 0.15389651326506526 -0.0017449222518581946 0.053585190581275838 0.0066614522299091906 -0.0073651220020674668 0.15472542763812566 0.041436129440687114 -0.00735083101291591 -0.021840742008754663 0.042937106548648067 -0.001825970510657921 0.021890194096035535 0.0018416162425192164 -0.023528552268449666 0.015325969216472543 0.030210580341307046 -0.021688863331719155 0.20537441296642006 0.01604170036857476 -0.0025601954100172371 0.14936530331458003 -0.011248768012223064 -0.021048461325061784 0.0061277140978411261 0.13577589889849725 0.0072427530104618113 0.023214265390960321 0.076880906502175939 0.028678573477884006
leaf_weight=179.7788267750293 39.266502997372299 14.011027154512702 137.57478248653933 49.485081649385393 1468.3491764315404 37.206095690838993 84.151674372144043 464.21437533712015 756.58465886628255 41.771605425979942 1.2545836977660654 164.34988708747551 99.186390962451696 418.70350299030542 1.8724024752154935 8.6528345653787238 0.96185430046170928 1.1399377086199822 8.8626871458254808 214.33617817796767 74.124300643336028 323.11119684763253 98.038440239150077 35.480628402438015 61.328304423950613 3.1866922578774419 26.323215330950916 77.721023143269122 222.85746288299561 81.151289734058082 486.54337826464325 323.08225965406746 71.240885690785944 35.15663549117744 1.4514052937738586 35.952199491206557 28.97876834962517 9.3481451715342683 3.8981428057886651 2.7367384638637331 26.02378760650754 171.17869474645704 7.1846098597161463 8.108067184686659 357.57912483485416 18.397333154454834 0.93592690536752343 9.7475335663184506 39.960492793936282 3.4342539682984325 3.4988980139605692 2.54162519192323 1.2872462472878399 4.3035176554694781 3.6629558256827295 173.4288421086967 94.06112949596718 80.250269613228738 3.3906558440066865 2.3854188323020935 664.78838805155829 10.471784303430466 10.628689106553791
leaf_count=2039 2127 1437 16411 2390 348317 1290 800 84995 136229 463 148 18977 1452 74927 80 289 113 130 1052 13845 1339 29295 4974 3235 4659 226 5396 1801 4098 1919 15632 12450 722 3480 98 966 1005 790 409 165 275 24777 1265 398 21543 2544 147 248 767 198 516 249 147 508 259 19909 13381 7297 228 248 14419 221 1139
internal_value=-0.000502257 0.0130717 -0.0141571 0.0171466 -0.0193389 0.0192934 0.0219169 -0.0119361 -0.0131083 0.00820013 -0.00630146 0.0033739 0.0202656 -0.00795946 -0.00694808 0.0189242 0.047689 0.169964 -0.0255699 0.00986 0.0364998 -0.000312279 0.0186377 0.00754866 0.00066279 0.0230186 0.00228373 0.0195446 0.0185364 0.0158095 0.0247593 0.00702429 0.0250791 0.0175191 -0.0037368 0.0322376 0.0356196 0.0511682 0.074373 0.097081 0.0163869 0.00133253 0.0298457 0.0711474 0.00116865 0.0332623 0.143505 0.0219534 0.0355916 0.01131 0.0527818 0.0733124 0.141722 0.0561237 0.0917078 -0.00531366 -0.00776761 -0.00277827 0.0112686 0.0826939 0.0221503 0.0240465 -0.0168736
internal_weight=7890.67 3957.07 3933.61 3402.63 3036.18 3030.03 2450.51 554.441 1518.13 579.521 761.547 897.428 2270.73 738.858 346.31 2097.42 22.6896 2.39452 1518.05 551.118 173.311 372.596 2088.77 511.852 297.516 62.7584 49.6983 1990.73 1873.05 1302.35 570.695 545.94 170.423 79.5978 36.608 133.217 42.9898 27.2778 17.9296 14.0315 61.976 320.154 23.3751 10.8448 409.098 20.2951 1.89778 51.5191 117.682 148.976 16.1905 12.6916 3.82887 11.4007 7.09721 234.757 344.437 250.376 86.0263 5.77607 756.411 675.26 474.843
internal_count=910853 211546 699307 119392 613333 87707 62200 92154 256391 25507 120162 85974 60161 117080 40211 57370 3082 278 356942 45763 2791 31685 57081 43636 29791 5223 8625 52107 49539 33107 16432 16548 3253 6020 3578 1963 2442 1988 1198 789 1241 42153 3229 563 22254 2804 260 711 2568 17376 1964 1448 396 965 457 24568 40131 26750 7773 476 16559 14640 86134
is_linear=0
shrinkage=0.03


Tree=31
num_leaves=64
num_cat=0
split_feature=33 12 12 13 226 1 23 193 16 1 16 16 1 22 29 215 68 203 32 55 43 46 58 266 1 261 161 31 214 68 23 114 20 79 89 114 161 83 163 48 215 1 57 58 204 29 1 172 25 107 22 205 0 101 87 12 68 50 34 48 135 22 114
split_gain=1842.14 264.969 210.854 100.843 97.4441 78.6274 78.4511 69.0241 64.9268 60.6049 58.5853 57.1936 56.9026 47.6585 45.0681 42.0989 41.1962 41.0312 40.4485 39.8268 37.8209 50.0608 83.024 35.2723 58.5834 36.0465 38.9684 50.7915 38.6553 35.8573 34.8117 47.2609 34.5127 36.0679 37.024 38.7607 36.3277 35.8833 32.4278 31.4024 29.5202 29.0897 31.7211 46.1859 28.8797 27.7565 27.2694 27.0269 36.0343 42.1188 26.8234 59.2723 32.6492 26.7417 26.5388 29.4234 26.2774 29.5053 26.0545 25.8333 57.8941 30.3321 27.7326
threshold=54.500000000000007 4170.8151308532697 8968.6620803894402 1.0000000180025095e-35 -33.499999999999993 202101.50000000003 1.0000000180025095e-35 1.0000000180025095e-35 7.5000000000000009 201956.50000000003 2.5000000000000004 3.5000000000000004 202001.50000000003 41637.467642368349 10520.939677752902 1.0000000180025095e-35 -3355.165012307652 1.0000000180025095e-35 5.5000000000000009 651.90162936955642 23953.163458331852 -699.49999999999989 54.500000000000007 3651.7758614363083 202002.50000000003 60.500000000000007 1540.8607983022562 1.0000000180025095e-35 1452.5005838547102 -6574.3556804093432 1.0000000180025095e-35 8656.1308636500016 810.37350388837365 2629.9558965718329 179857.89457022594 22888.733463855115 4638.2691399469759 7791.2651655468017 1242.7476241234574 68182.377072094809 1146.9811513591142 202104.50000000003 30.500000000000004 149.50000000000003 -33644.432996867174 3391.0205912516258 202102.50000000003 2055.747597391854 4000.0938408223687 1371.0526234307524 54740.215929260601 -8756.2211634259129 57769440.500000007 100217.52590907666 1.0000000180025095e-35 84008.001188345719 -3355.165012307652 768.50000000000011 1.0000000180025095e-35 466935.63274319191 2192.837694981979 54740.215929260601 1.0000000180025095e-35
decision_type=2 2 2 2 8 2 2 10 8 2 8 8 2 2 2 10 10 8 8 10 10 10 8 10 2 8 8 8 10 8 2 8 10 8 10 8 8 10 10 8 10 2 10 10 8 2 2 10 10 10 2 8 2 10 8 2 8 8 10 10 10 2 8
left_child=1 3 4 9 12 7 10 14 30 -1 38 19 45 18 23 58 -15 32 -11 -4 40 -22 -23 25 29 -5 27 56 59 -25 31 41 33 -7 -35 36 37 -36 50 -28 -10 -6 -43 -44 -33 -2 -12 -48 -49 -50 51 52 -3 -32 -53 -56 57 -27 -8 60 61 62 -29
right_child=2 6 11 5 8 17 15 -9 20 13 46 -13 -14 16 -16 -17 -18 -19 -20 -21 21 22 -24 24 -26 26 39 28 -30 -31 53 44 -34 34 35 -37 -38 -39 -40 -41 -42 42 43 -45 -46 -47 47 48 49 -51 -52 54 -54 -55 55 -57 -58 -59 -60 -61 -62 -63 -64
leaf_value=0.035220026056217942 0.059831282844923589 0.041308408277948294 -0.0034323365470910962 -0.0014999060500925664 0.015795726576116553 0.023359318485814969 -0.020342206045517102 -0.0075813826059986759 -0.01868537972492634 0.018937873405185626 -0.01137950077204221 -0.023780480804385568 0.0012610844083220743 0.021268189927106825 -0.0032059764491345968 0.063158998566913913 -0.014376093590415993 -0.015274776708901984 0.041555280455671181 -0.020029770857538477 0.0020480279806514173 0.31698041356426682 0.024726332100189551 0.1102812974969498 -0.0047677612505337827 0.0021802228533048204 0.032535663182947164 -0.010471701833291871 0.071189812887536966 0.021176237658650385 -0.015022678132761655 0.060469542600342159 0.00090286994245169692 0.032490337587166365 0.098021593740874782 -0.0019025299037641167 0.015629365560676758 0.21769394272334852 0.061029622729672772 0.0046992752149757188 0.0093346478117098414 0.1324870783008015 0.0027851668806439535 0.12289879473474752 -0.0022699700052887257 0.0055510364621896048 0.0044199098715771365 0.018369985908181036 0.30128648363819593 0.043971657645807502 -0.011004023712693593 0.059637355685304635 0.13514839958900074 0.041111362804425525 0.010922350406028351 -0.013679247583530056 0.0074203441320812953 0.029160554059025193 0.071117231080157564 0.0070653755960859554 0.091101551458994609 -0.013870658263788841 0.031171891608066587
leaf_weight=346.32727337162942 35.412367774639279 22.150728167034689 235.23810441605747 135.71271454589441 49.814635661896318 538.59737476892769 210.56523162219673 175.12589288828894 511.39349871734157 327.33347249636427 235.39041869249195 1911.2571862847544 52.413589172996581 54.596126177813858 153.47859819093719 5.7468151720240703 62.691928990185261 25.183282260783017 90.933165067341179 291.17684346670285 18.551951802801344 1.2915904051624227 2.7112270160578191 11.997797021642326 12.273561402689664 50.615566757973284 40.286555076949298 15.372355004772546 17.169661385472864 6.1470560478046599 144.06530574290082 6.7852516556158662 54.545539882034063 42.55577087868005 8.0604093023575789 3.7645984077826169 3.1123525705188522 3.1309239296242604 11.061531352344899 385.37473962781951 36.237397701945156 4.1989716445095864 9.7336484622210246 4.0925530963577321 246.08268825337291 11.147611479740588 43.182022367138416 4.3000149223953477 1.0852828840725126 1.2117531984113155 52.899864063598216 8.9330970509909076 3.9287015744484952 8.0655918922275287 294.32767844945192 51.392770539969206 331.74308556690812 130.61732793133706 2.8411105158738783 59.179336711764336 12.847262668889014 16.214985599275678 225.79762252699584
leaf_count=5087 1130 842 28105 5736 3215 12442 42111 14143 92514 3615 36174 432766 5091 704 10110 708 3572 1436 1388 61562 2625 97 366 269 596 1118 2132 597 411 301 24581 251 2728 1837 322 173 148 165 510 16780 4431 159 576 232 22865 616 5196 467 119 155 4386 396 119 399 20846 5010 11051 2858 107 2539 406 1179 8283
internal_value=-0.000495964 0.0127631 -0.0163853 0.0167369 -0.00574768 0.0136155 -0.00122594 0.0103023 -0.00844715 0.0254403 0.00350053 -0.0213688 0.0227005 0.019116 0.0122538 -0.0169669 0.00221588 0.0223016 0.023855 -0.0126129 -0.0152632 0.0228086 0.119028 0.0138887 0.0458534 0.0132044 0.0147571 0.0184332 0.0273052 0.0800946 -0.000227796 0.00537857 0.023749 0.0258286 0.0477667 0.0837467 0.106289 0.131502 0.0103069 0.00733384 -0.0168313 0.0276128 0.0602707 0.0383388 -0.000586469 0.0468352 -0.00711335 0.01306 0.0696152 0.165545 0.00901302 0.0117942 0.0554448 -0.0120466 0.00858438 0.00726522 0.0124389 0.0216254 -0.0191246 0.0250179 0.0289494 0.0258471 0.0285175
internal_weight=7869.47 4289.8 3579.67 3340.79 1142 2458.9 949.017 1779.95 1043.02 881.882 729.864 2437.67 98.9736 535.555 1604.83 219.153 117.288 678.95 418.267 526.415 570.186 22.5548 4.00282 1451.35 30.4184 1420.93 1285.22 859.557 346.581 18.1449 472.839 320.708 653.767 599.221 60.6241 18.0683 14.3037 11.1913 444.694 425.661 547.631 67.8398 18.0252 13.8262 252.868 46.56 285.169 49.7791 6.59705 2.29704 433.633 380.733 26.0794 152.131 354.654 345.72 512.976 181.233 213.406 329.412 270.232 257.385 241.17
internal_count=910853 229272 681581 112126 159148 97760 117146 78509 152311 14366 74220 522433 6837 9279 64366 42926 4276 19251 5003 89667 100033 3088 463 54256 1166 53090 47354 28442 13415 570 52278 27298 17815 15087 2645 808 635 487 32109 18912 96945 4182 967 808 23116 1746 42111 5937 741 274 31599 27213 961 24980 26252 25856 15027 3976 42218 13004 10465 10059 8880
is_linear=0
shrinkage=0.03


Tree=32
num_leaves=64
num_cat=0
split_feature=33 14 44 55 55 47 14 226 181 226 22 22 16 43 181 11 87 47 181 194 243 9 31 212 11 116 14 22 137 78 212 171 94 94 52 170 148 35 172 265 26 208 243 83 124 226 26 35 237 217 55 43 49 56 56 30 52 237 170 116 94 59 16
split_gain=1743.5 246.81 187.54 150.756 131.929 104.383 97.0778 77.5186 67.0988 61.858 63.169 52.7983 54.7254 46.9209 45.4355 42.6846 41.3415 44.6995 39.3882 41.895 45.1899 37.7417 41.5388 39.5631 38.8817 46.2923 37.6237 50.0034 35.4271 33.129 32.3741 31.5627 31.1922 31.0634 30.432 37.9665 29.74 29.3002 31.749 30.6923 29.0434 28.9479 28.1367 27.5513 27.2308 31.6064 26.8806 30.1911 26.3008 26.2926 26.1469 25.6792 26.6962 24.9533 24.7954 24.3224 31.846 31.4962 24.316 23.9726 25.7508 30.4555 23.4712
threshold=54.500000000000007 296.84451875952806 1.0000000180025095e-35 375.27837239478271 1.0000000180025095e-35 5010.419680461805 9849.7934359295177 -33.499999999999993 -1.0000000180025095e-35 -10.499999999999998 24590.555385330579 14593.376961572727 11.500000000000002 23953.163458331852 -1.0000000180025095e-35 -5608.8238504682349 12.500000000000002 22930.660971699312 -1.0000000180025095e-35 -1803.9151125690066 9101.1881097372407 166.06663809461301 1.0000000180025095e-35 1.0000000180025095e-35 -4604.5044660697822 33.098166359244011 34563.713557566378 48010.572834157887 1818.5041293099603 78715.951044694637 1.0000000180025095e-35 -368.89812654831229 215.50000000000003 606.50000000000011 9.5000000000000018 5247.7768407389331 1448.5000000000002 286159.39441335289 -1227.5986908708198 -1.4999999999999998 1.0000000180025095e-35 -59690.919862942246 inf 18260.758210370404 9.5000000000000018 -4.4999999999999991 1.5000000000000002 90163.938292510677 -1.0000000180025095e-35 -4.4999999999999991 651.90162936955642 1.0000000180025095e-35 1.5000000000000002 1.0000000180025095e-35 1.5000000000000002 3.5000000000000004 6.5000000000000009 -4130.2159306308085 1959.3196952953933 -251.04789828752996 3548.5000000000005 2188.9064192357764 3.5000000000000004
decision_type=2 8 8 10 8 10 8 8 8 8 2 2 10 10 8 2 10 10 8 8 8 10 10 10 2 10 10 2 10 10 10 10 8 8 10 8 10 8 8 8 2 8 8 10 10 10 2 10 8 10 10 10 10 8 10 10 8 8 8 8 10 10 8
left_child=1 8 3 6 5 14 7 34 54 49 21 12 18 -5 58 48 17 -12 19 20 -9 22 24 31 25 33 27 32 37 62 50 -24 -16 -11 35 -2 -22 38 -15 -40 -6 -23 -37 59 -33 -46 -28 -48 -4 -10 -17 52 -34 -7 -1 -20 -57 -58 -3 -31 61 -61 -8
right_child=2 4 15 13 40 53 29 11 9 10 16 -13 -14 28 26 30 -18 -19 55 -21 36 41 23 -25 -26 -27 46 -29 -30 43 -32 44 51 -35 -36 42 -38 -39 39 -41 -42 -43 -44 -45 45 -47 47 -49 -50 -51 -52 -53 -54 -55 -56 56 57 -59 -60 60 -62 -63 -64
leaf_value=0.02965105569465851 0.035539664703183746 0.018451152423705749 0.008219216676445245 -0.02532035163734794 -0.021659599856704556 0.0024764110524628409 -0.0092628417421508069 0.020173840986108395 0.055689417320448367 0.0044592274472104636 0.010368650179250294 -0.018452475449204499 -0.010233759754173125 0.23906552950528312 -0.010187277332930489 0.0084069105619378887 -0.0077066081359374317 0.086355890290451279 0.004639293350268814 0.022503600639848569 0.10545905199456269 0.11860382509555076 0.012008905191796518 0.04909294975348226 0.0099012197695900975 0.014192410854360869 -0.0033384475288796424 -0.0082028584095069114 -0.017906351670848506 0.0015409692307697649 0.068834845322285773 0.026095130759184525 0.027826074957795495 0.039745907792932487 -0.011409529641666874 0.053509036723464604 0.28366589725849695 0.0046782997295194027 0.16027000122880886 0.0026669984548965669 0.021667862772787792 0.0041541325745356288 0.17760205908434917 -0.010165497453504604 0.14533860052824599 0.043431093046910292 0.14372606110649658 0.00022568430720483956 0.043000814727612219 0.026529363929031876 -0.015166845264799512 -0.0022668235277517107 0.013509495339709111 -0.013292162040480105 0.0035199584264479799 0.018455903597616837 0.04590323321595529 0.22874788803350446 0.047349902725239659 0.15655613280767958 0.23657374216618673 -0.0046145932525509621 -0.020670403552888586
leaf_weight=453.11446307785809 21.011178486980498 68.020218763966113 36.37381119094789 1572.2870902218856 205.65000352356583 149.01072021573782 203.84728766186163 2.3699770444072783 40.446351427119225 26.782914877869189 113.07613445259631 188.0579553716816 210.16697196662426 1.2191632878966627 37.891456646844745 95.903372899629176 177.92171455081552 7.4247815757989875 183.5725496513769 12.32485420862213 1.7543526478111746 2.0061195623129606 171.42750289663672 55.07466786634177 634.55478107091039 292.44141441304237 211.2114168247208 88.251506918109953 11.884528130758552 3.7794485623016953 6.0098377903923383 268.29395557846874 219.718555316329 138.87661190563813 7.9382777689024797 3.1604665177874294 1.6221042475663123 5.1434470820240685 1.8771341252140699 2.728708205744625 14.935202500317244 232.83483275352046 3.4282205193303525 11.963251887354998 3.574709011707454 11.717452599667011 2.4014226738363496 2.9288344806991518 42.345170694869012 89.210576155688614 75.82522272830829 50.77727683307603 251.29050219012424 229.31602334743366 35.221540511585772 9.1644430723972583 1.9504833351820705 1.4998954846523713 42.626079123467207 1.9253655816428379 1.0120004438795147 2.3347993409261107 796.97476389026269
leaf_count=5371 1468 1980 791 382315 40494 16422 25272 261 1054 683 3918 28791 34249 113 2275 5128 12748 224 19847 942 132 126 7267 870 17372 3905 17205 6666 2099 651 193 7752 8247 2076 1030 166 149 787 168 403 1930 16152 130 1917 202 686 113 236 1353 3219 11580 3577 13036 31780 578 893 185 150 1108 222 163 308 159725
internal_value=-0.000489518 0.0122639 -0.0161641 -0.0181044 0.00278774 0.00629407 -0.0118039 -0.0027207 0.01768 0.015506 0.0142847 -0.00522006 0.00064306 -0.0247 0.0114835 0.00853845 0.00148262 0.0150507 0.0113122 0.0536936 0.120589 0.0163637 0.0180095 0.0250781 0.0147096 0.0213701 0.00916673 0.0127849 0.0179775 -0.0175642 0.000393319 0.0221714 0.0160943 0.034041 0.0403547 0.0552431 0.191072 0.0568584 0.102933 0.0668989 -0.018726 0.00513181 0.118077 0.0197136 0.0283145 0.0672531 -0.00165931 0.0648764 0.0269292 0.0356258 -0.00200187 0.0180028 0.020188 -0.00708143 0.0277663 0.00740831 0.0477034 0.125387 0.0295843 0.0592038 0.100541 0.0682259 -0.0183469
internal_weight=7849.49 4328.03 3521.46 3265 1574.03 1353.44 1669.86 648.022 2754 2265.66 2136.01 612.484 424.426 1595.14 975.117 256.457 298.423 120.501 214.259 18.0713 5.74643 1837.58 1602.74 510.088 1092.66 458.101 864.471 647.929 22.853 1021.84 177.738 455.014 559.678 165.66 35.5381 27.5999 3.37646 10.9685 5.82501 4.60584 220.585 234.841 6.58869 21.0149 283.586 15.2922 216.542 5.33026 78.719 129.657 171.729 521.786 471.009 378.327 488.336 196.187 12.6148 3.45038 110.646 9.05161 5.27217 4.26016 1000.82
internal_count=910853 229272 681581 662536 145069 102645 276651 88393 84203 78254 73981 85599 56808 385885 54443 19045 16890 4142 22559 1484 542 57091 40813 16777 24036 6664 51355 33801 3570 188258 16901 15907 27135 2759 2794 1764 281 1471 684 571 42424 16278 296 3261 8640 888 17554 349 2144 4273 16708 24860 21283 48202 5949 21075 1228 335 3088 1344 693 530 184997
is_linear=0
shrinkage=0.03


Tree=33
num_leaves=64
num_cat=0
split_feature=33 14 12 55 47 227 227 22 1 16 1 180 16 187 227 20 24 114 215 32 22 130 162 11 173 1 16 80 215 180 180 8 55 1 119 104 46 137 1 183 195 16 165 33 1 64 9 234 215 1 1 8 178 20 115 243 215 92 52 172 144 79 182
split_gain=1650.84 226.951 204.462 125.399 97.6001 84.6272 62.8794 63.1834 60.1731 57.0735 55.5437 54.2549 51.3777 46.7811 41.7276 41.1352 38.1914 47.897 37.5104 35.5627 34.4827 37.7103 34.3767 33.2763 37.8387 34.4031 41.8175 33.4414 33.1201 32.1899 31.6998 31.2495 30.131 29.9944 33.3289 29.628 29.4759 29.164 30.2045 29.005 28.876 36.239 28.1253 28.0346 38.4957 27.8528 27.7852 27.5884 27.4155 25.7343 25.6571 30.6937 25.2326 24.8352 24.6687 24.3278 23.8896 25.8587 23.3662 23.2078 23.1726 30.0447 24.9341
threshold=54.500000000000007 296.84451875952806 8968.6620803894402 1.0000000180025095e-35 929.50349566811519 -32.499999999999993 -11.499999999999998 24590.555385330579 201956.50000000003 3.5000000000000004 202001.50000000003 -1.0000000180025095e-35 7.5000000000000009 -1.0000000180025095e-35 -32.499999999999993 558.53175772979762 16554.288479542385 8656.1308636500016 452.24978133015799 9.5000000000000018 48010.572834157887 1.0000000180025095e-35 6.5000000000000009 -4604.5044660697822 -3297.8777951355846 202010.50000000003 2.5000000000000004 1.5000000000000002 158.51437690557952 -1.0000000180025095e-35 -1.0000000180025095e-35 245.25319833766454 885.67272871585385 202104.50000000003 -56.715061977873994 172.50000000000003 -272.49999999999994 14630.957032416291 202101.50000000003 678.19621506125009 -615.94851659797212 1.5000000000000002 -1.0000000180025095e-35 11.500000000000002 202105.50000000003 7.5000000000000009 112.77433091784003 1.0000000180025095e-35 1146.9811513591142 201956.50000000003 202104.50000000003 -550.26722547976794 -605.27897534529291 2021.0866590752103 1658.6116307687939 285.82779645932084 -1.0000000180025095e-35 77895.732196138517 4.5000000000000009 2055.747597391854 -715.49999999999989 2192.2178327054094 -13.430000828846
decision_type=2 8 2 8 10 8 8 2 2 8 2 8 8 10 8 10 2 8 10 10 2 10 10 2 10 2 10 10 10 8 10 10 10 2 10 8 10 10 2 10 10 10 10 2 2 10 8 10 10 2 2 10 10 10 8 10 10 8 8 10 10 10 10
left_child=1 6 5 4 20 10 8 11 39 14 42 -8 16 -9 52 19 17 33 29 23 21 35 46 24 36 26 -25 60 -5 -6 -19 37 -16 58 -35 -3 -13 56 -39 -1 -36 -42 -2 44 49 53 -23 50 -14 -15 51 -21 -4 -37 -48 -47 -10 -58 -7 -20 -27 62 -62
right_child=2 3 9 28 18 12 7 13 31 -11 -12 15 48 43 32 -17 -18 30 59 47 -22 22 -24 25 -26 27 -28 -29 -30 -31 -32 -33 -34 34 40 45 -38 38 -40 -41 41 -43 -44 -45 -46 55 54 -49 -50 -51 -52 -53 -54 -55 -56 -57 57 -59 -60 -61 61 -63 -64
leaf_value=0.045520777115348229 0.092724352992207965 -0.014227030257282822 0.048571843900813795 -0.020559857255373432 0.021681126624637934 -0.0034338952974353951 0.033630700125917616 0.022263515725435102 0.0028201788502727554 -0.023480564718977835 -0.0012902604419887163 0.028871042678110258 -0.017011229328753177 0.029336673233795792 -0.0065002486714716354 -0.00015740605787801371 -0.014890941603965415 0.023770528644767468 0.011485550751349747 -0.00065778947949353709 -0.0034593692862796037 0.024940423588185958 0.0090678345323696834 0.010162856738799048 0.015558614042854311 0.013609432201475003 -0.013509642839477866 0.091525325974123051 0.048601153421392422 -0.0078413014729255062 -0.0065273762445931423 0.0064555429625804241 -0.021651836296155358 0.021157408585979882 0.027112685838287374 0.019167522995530629 0.075415561770369621 0.026482915849449951 0.084090091268232137 0.011060318697727251 0.068832587931564632 0.21996471991665736 0.02786187491680555 -0.010786381083201175 0.054849451296013554 -0.0011294122762445216 0.051605147819809571 -0.004316792923981007 0.010349979473372087 -0.013810924552438767 0.053430320229163157 0.031946852799815628 -0.001379766046132293 -0.018047092534956351 0.11348140707479108 0.089143148796156729 0.066355917796113537 0.022289297224205373 0.038018093282226377 0.064165762474927029 0.0416868068207484 0.088431590586454528 0.0043468281813802308
leaf_weight=154.29649143572897 6.603605169337242 34.450951470993459 14.837886722991241 210.13800667016767 35.682834730483592 28.18078093463555 160.64418967673555 81.020683153066784 45.261806774418801 1826.7391258352436 91.495549593120813 159.27236805576831 489.70513715571724 18.545579262077808 221.26323206094094 140.3623083923012 129.24455380765721 36.797947132959962 51.025833981577307 31.696414366364479 99.796322343870997 23.835471487604082 30.76208785828203 485.37679862044752 387.30852409033105 269.76162725826725 77.945342574734241 5.6102345348335794 6.4222226575948289 485.49478705925867 199.99640614306554 115.95961346151307 253.4117680164054 9.765488578006627 3.0451932591386139 432.2872145390138 13.265255169011651 18.558814690914005 14.663702558726071 25.634348247200251 2.9710212880745512 2.749264873098582 67.687858826480806 168.19852181850001 14.739511904306708 109.68522301735356 21.066565938759595 22.134893015492707 35.33676102431491 37.791865944396704 37.413367956411093 144.227127967868 23.541046215919778 16.765153786633164 8.0013011335395294 2.7542608669027677 14.458342082332818 70.051785808987916 21.6347890435718 8.8284974824637157 38.360870226752013 7.7567228600382796 27.729042947757989
leaf_count=2724 107 2151 1196 41727 1842 2275 1691 2157 1031 432766 9536 2562 91494 668 28327 8263 22913 2112 4258 2226 6687 563 903 13618 5886 6642 6690 90 697 58495 20326 2621 57310 574 159 17924 219 809 434 665 102 171 3854 11973 282 6939 563 959 4347 1636 1156 5425 2834 1165 282 194 351 1742 1178 679 629 388 666
internal_value=-0.000482978 0.01179 -0.0159438 0.00269445 0.00606969 -0.00543517 0.0169346 0.0149349 0.0270848 -0.0209975 0.0143568 0.0169079 -0.00885518 0.00256054 -0.0121564 0.0154544 -0.00122277 0.00456648 -0.00323686 0.0167374 0.0130076 0.0154256 0.034286 0.0150062 0.0207642 0.0114737 0.00688736 0.0188718 -0.0185088 -0.00582003 -0.00181907 0.01836 -0.0145891 0.0266899 0.0592748 0.0127778 0.0324495 0.0268292 0.0519095 0.0406113 0.101741 0.141469 0.0336274 -0.00411105 0.0116856 0.0144347 0.0489498 0.0275626 -0.0151697 0.000392723 0.0308702 0.0260724 0.0179323 0.0177781 0.0686374 0.00108186 0.0204085 0.0298284 0.0145686 0.0192559 0.0176856 0.0325758 0.0260202
internal_weight=7830.05 4365.04 3465.01 1577 1360.44 1125.21 2788.05 2329.16 458.885 2339.79 165.787 2008.87 959.427 320.296 513.054 1848.22 434.385 305.141 581.032 1707.86 779.405 679.608 83.6654 1472.39 559.846 912.541 563.322 349.218 216.56 521.178 236.794 278.954 474.675 68.3465 18.531 595.943 172.538 162.994 33.2225 179.931 8.76548 5.72029 74.2915 239.275 71.077 561.492 52.9033 235.472 525.042 56.3374 213.337 175.924 38.3789 449.052 29.0679 112.439 129.772 84.5101 49.8156 59.8543 343.608 73.8466 66.0899
internal_count=910853 229272 681581 145069 102645 159148 84203 73826 10377 522433 13497 57110 145651 16716 89667 55419 49810 26897 65274 47156 37371 30684 2311 37390 8667 28723 20308 8415 42424 60337 22438 6988 85637 4459 1006 28373 2781 4367 1243 3389 432 273 3961 14559 2586 26222 1408 9766 95841 2304 8807 7651 4030 19089 845 7133 3124 2093 3453 4937 8325 1683 1295
is_linear=0
shrinkage=0.03


Tree=34
num_leaves=64
num_cat=0
split_feature=33 14 23 14 23 47 13 16 43 22 1 1 44 16 189 146 180 27 1 204 177 40 226 226 184 22 1 68 1 193 195 22 47 43 124 245 112 193 226 111 38 111 26 22 33 146 82 65 109 109 120 215 1 26 161 6 37 6 141 161 60 120 46
split_gain=1563.29 209.027 181.686 123.804 119.708 92.3701 81.7255 77.8918 70.5833 63.4109 52.9559 49.7896 48.3028 45.1813 42.9423 42.642 42.4974 40.6159 39.8639 39.2425 37.9716 36.5095 36.3364 36.0979 33.5459 34.2203 31.9076 31.676 31.6497 31.4652 30.9187 30.6432 40.205 36.6431 31.5461 33.6815 30.428 29.437 29.2565 52.3549 28.5392 34.9278 28.5808 28.2988 28.0064 27.8352 27.6618 26.9403 26.8291 33.1858 26.7234 28.3665 26.1178 26.0891 26.0129 29.9462 37.5019 35.5118 36.1872 25.548 25.4515 25.1373 24.9777
threshold=54.500000000000007 296.84451875952806 1.0000000180025095e-35 9849.7934359295177 1.0000000180025095e-35 5010.419680461805 1.0000000180025095e-35 8.5000000000000018 23953.163458331852 14593.376961572727 202001.50000000003 202010.50000000003 1.0000000180025095e-35 3.5000000000000004 -78179.242461200556 361051.26132000005 -1.0000000180025095e-35 844.54760156160467 201956.50000000003 -3438.9902841816979 -168.37302188413997 459.50000000000006 -6.4999999999999991 -4.4999999999999991 1069.0813733509815 41637.467642368349 202056.50000000003 156242.67592073951 202001.50000000003 -3.4999999999999996 -1242.7543274163497 14593.376961572727 78354.51403111234 293.40252101294703 12.500000000000002 -2.4999999999999996 259.50000000000006 -5.4999999999999991 -22.499999999999996 27.500000000000004 120709.61184863701 47.500000000000007 1.5000000000000002 5517.8821042235895 11.500000000000002 121170.26725799401 8.5000000000000018 -8328.4472043075566 2538.3518603971875 3877.781968776575 9582.0316121253909 1146.9811513591142 202101.50000000003 1.5000000000000002 4073.4769694662141 8538.2852466045515 -159.41729689427498 5164.4965812121854 86.500000000000014 1370.3949125520378 16943.979072733837 37950.381126619548 -272.49999999999994
decision_type=2 8 2 8 2 10 2 10 10 2 2 2 8 8 8 10 8 2 2 8 8 10 8 8 10 2 2 10 2 8 8 2 8 10 10 8 8 8 8 10 10 10 2 2 2 10 8 8 10 10 10 8 2 2 8 10 10 10 10 10 8 10 10
left_child=1 6 3 7 5 16 10 14 12 11 44 20 -4 29 27 -14 -3 -6 46 -13 62 -17 36 28 25 40 38 -2 37 -5 -19 33 -33 34 35 -16 -11 -22 39 -9 41 42 45 54 -1 -18 -10 -27 -31 -50 -43 -52 -15 -12 55 56 -28 -58 -59 -25 -47 -29 -8
right_child=2 4 8 13 17 -7 9 26 18 22 53 19 15 52 31 21 24 30 -20 -21 23 -23 -24 59 -26 47 43 61 -30 48 -32 32 -34 -35 -36 -37 -38 -39 -40 -41 -42 50 -44 -45 -46 60 -48 -49 49 -51 51 -53 -54 -55 -56 -57 57 58 -60 -61 -62 -63 -64
leaf_value=0.041626465934818842 0.032319025219991124 0.032128303147082322 -0.024927228132291462 0.031389867407285749 -0.021127606972803824 -0.0068359324156956648 -0.01027410737683819 0.16315671894829978 0.11819124291650647 0.014355818780548446 0.016444094394164128 0.062687628755559416 -0.0085255082537866438 -0.022357881997229812 0.14350216038347055 0.15511597810483643 0.024882435852587127 0.13843278755246427 -0.020609167448625683 0.019749418551638205 0.089308558473921051 0.0084941916018588786 -0.0067637614125830902 0.011849197059712787 -0.0015843678617382627 0.077490934216660562 0.20016577349080275 0.05717824508471734 0.010360379311962127 -0.0093917423900479451 0.011753376885382829 -0.019721886830283676 0.016521598409207878 -0.0078159405500169508 0.072547785300165521 0.016021936937938554 0.099445679264632381 0.032223680534449149 -0.018028195530772638 0.00332146225652035 0.0072181128609145311 0.0028648891470352648 0.11262437454185119 -0.023966850505525182 0.024358881136920734 0.11928952278945351 0.028542330060731883 -0.010324025382779482 0.17104666671180685 0.009289923024496478 0.02198360376996249 0.10303858255445104 -0.0088262617111556241 0.066866466619398865 -0.0039219477334379218 -0.00054493812749194627 0.022726196204405111 0.19829232134803143 0.03257942428503096 -0.0070971715842400836 0.020116406083280296 0.20749809543966738 0.047834290685170082
leaf_weight=178.55445513315499 27.281073196791116 76.542746223974973 1552.9879362620413 20.19271129462868 203.6379145050887 374.2533394289203 97.933350413572043 2.0129340263083604 3.7117344120051738 51.981956392060965 416.43964481959119 19.653506971430033 95.176561245229095 585.15178949292749 1.8887904323637483 2.715923319105058 159.74710594117641 2.2930397801101208 14.381556999636812 757.17752258013934 9.1254930510185641 3.4957794239744544 201.19196486612782 698.0723232133314 212.5678135198541 3.2813410838134587 1.431922997348013 2.3250616281293324 63.501430066302419 215.3360900497064 7.1126378378830832 69.024016396142542 45.840316607151181 52.577852716203779 10.027001439593731 149.98147601215169 4.0791413965634993 74.531485058832914 236.98004666017368 22.029093404766172 278.82030186895281 121.10573029890656 3.6572057162411502 24.065208214800805 160.54181793192402 5.5387857528403384 18.723435950931162 75.222787834238261 1.6371998200193036 3.7699982193298638 47.770544304978102 4.2299633189104489 164.45383397955447 9.4448606222867948 41.027163537684828 17.162535142619163 18.079879752360288 2.3580714953131965 2.3861000067554414 70.525356108788401 4.018871811684221 1.7584366989322004 7.1432028794661155
leaf_count=1608 1540 1959 394166 1728 41500 48169 5122 222 188 2328 6038 312 12950 123004 151 97 6457 193 2294 19059 263 214 13707 23009 16424 115 179 148 2338 24840 800 7774 2307 4937 565 10407 184 2554 41986 2716 16212 3816 104 3944 2543 180 1492 5582 124 302 3193 197 31722 71 6134 2632 2119 234 318 4701 168 147 366
internal_value=-0.000475941 0.0113406 -0.0157221 -0.00885312 0.00260427 0.00586468 0.0162349 0.000537178 -0.0227032 0.0131188 0.0246055 0.0151124 -0.0236174 -0.0157568 0.010441 -0.00355516 0.0106538 -0.0183125 0.0183806 0.0208357 0.010757 0.0726012 -0.000812111 0.012717 0.0088593 0.0120154 -0.00918264 0.0439832 0.0263292 -0.00445543 0.0426369 0.00724663 -0.00525776 0.0139435 0.0210101 0.0176074 0.0205472 0.0384506 -0.0148291 0.0167038 0.0143608 0.0201155 0.0296502 0.004655 0.0334513 0.0278578 0.0433741 -0.00665351 -0.00773442 0.0582669 0.0105887 0.028577 -0.0193892 0.0175623 0.0130095 0.0297809 0.0512383 0.0418949 0.114946 0.0101107 0.0775885 0.121909 -0.00632384
internal_weight=7809.67 4399.7 3409.97 1718.78 1579.8 1366.76 2819.9 728.237 1691.19 2054.92 764.981 1797.66 1654.38 990.542 360.704 101.388 992.503 213.044 36.8167 776.831 1020.83 6.2117 257.253 915.756 915.96 703.393 367.533 31.3646 147.158 240.936 9.40568 329.339 114.864 214.475 161.897 151.87 56.0611 83.657 261.022 24.042 624.889 346.068 172.962 106.511 339.096 169.305 22.4352 78.5041 220.743 5.4072 173.106 52.0005 749.606 425.885 82.4457 41.4185 24.256 22.8241 4.74417 768.598 9.55766 4.0835 105.077
internal_count=910853 229272 681581 270180 145069 102576 84203 88460 411401 73943 10260 57724 407427 181720 27976 13261 54407 42493 3974 19371 38353 311 16219 32865 52448 36024 60484 1835 5155 26994 993 26141 10081 16060 11123 10558 2512 2817 44924 2938 30327 14115 6909 15560 4151 6805 1680 5697 25266 426 7206 3390 154726 6109 11616 5482 2850 2671 552 27710 348 295 5488
is_linear=0
shrinkage=0.03


Tree=35
num_leaves=64
num_cat=0
split_feature=17 55 55 66 20 2 65 68 22 205 66 53 209 227 172 188 30 50 212 132 64 79 13 137 17 267 110 65 183 267 225 27 246 137 234 262 38 0 173 51 68 107 36 50 50 20 151 7 32 26 159 65 50 13 237 247 205 111 54 211 192 174 175
split_gain=1253.03 375.21 281.414 136.905 86.1241 79.5525 75.4093 66.5536 66.9162 76.4102 62.5531 58.1515 52.9377 49.6406 46.2478 43.2639 43.1857 39.4923 43.6247 36.9858 36.4545 35.4877 34.7826 34.6073 46.6573 42.6605 33.5424 32.551 40.97 47.1745 46.3743 30.6831 30.5964 30.2841 30.0231 34.9084 33.9477 45.8608 59.6161 34.1894 29.4923 31.6324 31.6189 39.2759 39.1655 28.9885 44.028 28.8891 28.3517 28.1544 27.6878 37.2835 61.1264 27.5058 47.6731 27.1409 26.3944 25.9306 25.5225 25.4533 25.2717 25.2576 29.2196
threshold=3896.0369327628755 1.0000000180025095e-35 375.27837239478271 5956.9975031217173 1564.7037576023283 1.0000000180025095e-35 -6591.0212204660356 43330.176932622569 29965.744327349475 -8756.2211634259129 1.0000000180025095e-35 30297.331540159506 -27724.145989640103 -32.499999999999993 136.41631739275792 -40539.366851090694 1.5000000000000002 172.50000000000003 1.0000000180025095e-35 1.0000000180025095e-35 8.5000000000000018 3076.2920233544496 1.0000000180025095e-35 1.0000000180025095e-35 18644.437876598942 4914.8629289712526 1.0000000180025095e-35 -6591.0212204660356 -498.5785472477524 10229.279889256264 -1.0000000180025095e-35 1634.8394517613297 1005.2258470744249 5706.3366060714752 -1289.4730372176166 1.0000000180025095e-35 499332.23300771666 28165705.500000004 -553.82235783656131 9386.9235168332325 9945.7423415423418 2374.7884727805936 -592.99999999999989 3270.5000000000005 1697.5000000000002 558.53175772979762 37.343784413685007 212.55626374687702 1.5000000000000002 1.0000000180025095e-35 17833.07099992047 -100.85638454777499 3270.5000000000005 1.0000000180025095e-35 -21923.523153553771 666.52045257182567 -9722.6180365310665 41.500000000000007 2.5000000000000004 -2705.2952807763645 -1.4999999999999998 -55.001124285976509 24.516466316252018
decision_type=10 8 10 8 10 10 8 10 2 8 10 10 8 8 8 8 10 8 8 10 10 10 2 10 10 10 10 10 10 10 10 2 10 10 10 8 10 2 10 8 10 10 8 8 10 10 8 8 8 2 10 10 10 2 8 8 10 10 2 8 8 10 8
left_child=1 4 3 5 7 13 55 8 9 58 22 -4 33 45 -15 19 17 -11 20 59 57 -16 -10 24 25 -13 53 28 29 -7 -31 -12 -26 34 -5 36 37 38 -36 -39 41 42 50 44 -44 46 -2 -43 -18 -8 -23 52 -52 54 -14 -3 -34 -19 -1 -9 -32 -21 -63
right_child=2 6 11 12 -6 27 49 15 10 16 31 23 26 14 21 -17 48 18 -20 61 -22 40 -24 -25 32 -27 -28 -29 -30 30 60 -33 56 -35 35 -37 -38 39 -40 -41 -42 47 43 -45 -46 -47 -48 -49 -50 -51 51 -53 -54 -55 -56 -57 -58 -59 -60 -61 -62 62 -64
leaf_value=0.0076662155471004618 0.044480423113671251 -0.0033889604606633875 -0.026225311483966569 -0.030225815879585213 -0.0066930260695016695 0.010010099201360379 -0.017608040009008768 0.094037584958896442 0.026372916931549171 -0.0022107339201464489 -0.0081507318105711584 0.013323298566530499 0.24278069394287663 -0.0013642306463606153 0.0073889277285198373 -0.0048103565014623838 0.016389751419215073 0.020339599838894825 0.028821962665230887 0.026019807628246308 -0.0021362324219488756 0.018724613675651681 0.0037916203250216349 -0.017028167655199471 -0.010587321914465054 0.23552698250342255 -0.020581720066092411 -0.011084294213032723 -0.013695241693049691 0.022392758276854503 0.19779199660685842 0.015142610109475065 0.097968600804754738 -0.00018913547176825342 0.10171016903652945 0.012024369083311209 -0.030192129741576614 0.043251329662372689 0.44836288072306157 0.2457556801823346 -0.012217267261194391 0.13743565809329933 0.061767678419368893 0.055503101570378209 0.22534423135237677 0.0142860441899498 0.16374715302450391 0.013752375286416558 0.043657472880339034 0.013487488810920106 0.043941905031955782 -0.0033003840905895918 0.29399117519126061 -0.010838404792456666 0.017058579058276339 0.035980287923447651 -0.03025008360854075 0.013116873836944256 0.038707738500604348 0.0081029434893739559 0.072492182959048843 0.17828721478726911 0.051724043829033998
leaf_weight=27.177613455802202 8.6106728888116777 28.23202169383876 1256.5716783208773 3.1932947048917404 177.47329751960933 50.801897153258324 491.16604121704586 3.2144865873269737 153.6546193594113 107.95306301070377 227.76435780711472 1.3679548599757281 0.98818029486574233 241.98549307254143 121.49799442058429 240.70406378572807 57.931424186099321 730.04115223279223 227.30167619744316 7.8675226578488946 106.38608472933993 18.131666817469526 102.24075594870374 27.013101141434163 13.632890249136837 1.8019229304045439 588.87174266809598 414.61115116858855 48.231937416829169 6.9794810637831688 2.9945320156402886 65.540826675947756 5.5790221961215138 29.950931714847684 0.90924989175982773 4.971201929030939 1.2000758273061363 3.2190988434012993 0.87730215257033595 0.97841408010572051 11.569242163095621 1.7841854433063433 2.2616896065883312 9.3386281356215477 3.155096881557256 9.7317916599567962 4.1178888785652825 35.864413902163506 84.194369295611978 27.682519202819094 1.9993604272603991 2.1873026015236965 1.571418175473809 494.20303124049678 5.6968645805027327 35.674230767879635 1.949980231001972 1155.3052302240394 194.02559522818774 88.688806166406721 2.8063418641686422 2.842465728055684 3.8864187309518456
leaf_count=366 639 2780 333737 522 12061 4868 99234 123 1594 5025 14257 182 144 24302 8586 22240 1095 16908 4803 282 5260 1188 4918 5284 2382 159 119700 54433 5605 367 128 3885 571 5147 148 848 213 381 120 170 1552 135 125 560 185 920 242 3613 1727 3511 145 170 153 89836 771 1838 306 30674 2517 6758 157 129 174
internal_value=-0.000469254 0.010239 -0.0139881 -0.00727578 0.013707 0.000816309 -0.0121616 0.0147164 0.0160542 0.0180023 0.00651127 -0.0249466 -0.0144067 0.00973427 0.0075681 0.00223373 0.016489 0.0155085 0.0163705 0.0181543 0.0149495 0.0178924 0.0173508 0.00634707 0.0322982 0.139635 -0.0157276 -0.00721026 0.00715478 0.0229711 0.0744911 -0.00294569 0.01622 0.0173703 0.0516354 0.073141 0.115432 0.144636 0.271937 0.0904538 0.0324166 0.0391849 0.0582514 0.0927798 0.157046 0.053264 0.0830651 0.0196138 0.032543 -0.015949 0.036925 0.0942362 0.153983 -0.0100208 0.0504247 0.018588 0.0647605 0.0159136 0.0348939 0.0111087 0.137175 0.0625159 0.105188
internal_weight=7790.16 4346.95 3443.21 2135.29 3764.19 1000.23 582.755 3586.72 3239.52 2690.32 549.201 1307.92 1135.06 473.807 451.346 347.204 2469.11 2326.99 2219.03 106.5 1991.73 209.361 255.895 51.3449 24.3318 3.16988 1089.76 526.425 111.814 63.5823 12.7804 293.305 21.1619 45.2996 15.3486 12.1553 7.18414 5.98406 1.78655 4.19751 87.863 76.2938 38.6452 14.7554 5.41679 22.4604 12.7286 37.6486 142.126 518.849 23.8897 5.75808 3.57078 500.888 6.68504 63.9063 7.529 1885.35 221.203 91.9033 5.80087 14.5964 6.72888
internal_count=910853 242159 668694 326073 134796 108073 107363 122735 93029 68375 24654 342621 218000 42515 40714 29706 65492 62670 57645 7466 52842 16412 6512 8884 3600 341 210451 65558 11125 5520 652 18142 3259 7549 2402 1880 1032 819 268 551 7826 6274 2526 870 310 1801 881 3748 2822 102745 1656 468 298 90751 915 4618 877 47582 2883 6881 285 585 303
is_linear=0
shrinkage=0.03


Tree=36
num_leaves=64
num_cat=0
split_feature=23 16 9 10 44 1 115 79 68 203 180 27 193 83 212 6 107 1 173 119 189 227 227 107 6 160 132 120 194 231 227 187 132 83 45 225 146 94 211 227 1 105 187 58 92 160 44 175 99 1 259 257 50 172 173 41 227 74 203 76 204 224 100
split_gain=1154.15 583.441 134.572 113.399 102.882 74.6333 54.3279 58.5776 50.3742 49.6399 46.4944 42.9037 42.0333 41.8328 41.5033 40.5899 39.4701 38.9929 35.8956 34.9463 34.797 33.0878 32.3645 46.6114 41.0728 30.0363 29.9533 31.6758 29.862 29.4358 27.7796 27.4282 27.2951 38.2379 39.066 27.2491 28.8276 38.3307 28.7703 27.1613 33.1475 28.1095 26.5808 26.2965 36.1135 55.5904 25.544 25.5074 25.0995 26.9733 24.7052 28.7858 34.7164 24.6972 24.1067 23.9335 23.7717 23.7324 25.0829 26.5451 29.9778 24.5099 23.8976
threshold=1.0000000180025095e-35 3.5000000000000004 538.40677546689017 6.5000000000000009 1.0000000180025095e-35 202011.50000000003 1126.4962081615902 2629.9558965718329 20167.749316033402 1.0000000180025095e-35 -1.0000000180025095e-35 1230.7864704631684 -6.4999999999999991 22594.884068606934 1.0000000180025095e-35 25467.389181806535 30091.112087186844 202001.50000000003 884.39105519061025 -19045.555271287842 1537.9578267962202 -18.499999999999996 -24.499999999999996 18044.906890000148 21152.446168384577 18.500000000000004 126850.02754296262 256.28467631364458 924.61622525926362 -31922.935533338412 -24.499999999999996 -1.0000000180025095e-35 77755.870897624278 10824.123648679857 263924.18187937315 -1.0000000180025095e-35 531757.40558010526 2958.5000000000005 -1.0000000180025095e-35 -14.499999999999998 202001.50000000003 844.67520219280254 -1.0000000180025095e-35 40.500000000000007 1186719.8932306536 22.500000000000004 1.0000000180025095e-35 1025.0075022252227 81518.044990948212 202003.50000000003 -1.0000000180025095e-35 -27170.693996615908 4717.5000000000009 679.85964283823262 5161.4402827875829 14079.594440676537 -8.4999999999999982 6422.5679771554869 -1.0000000180025095e-35 43748.576697119148 -9688.3689105330686 27.500000000000004 -1247.4999999999998
decision_type=2 10 8 2 8 2 10 8 10 10 8 2 8 10 10 8 10 2 10 8 8 10 10 10 10 10 10 8 10 8 8 8 10 10 10 10 8 8 8 8 2 10 8 10 10 10 10 10 10 2 8 10 10 10 8 8 10 10 8 10 8 10 10
left_child=1 3 5 9 11 22 7 25 28 10 -1 16 21 39 19 29 43 30 -8 54 56 -9 23 -3 -25 -7 27 -4 31 -13 32 -5 -18 34 -34 -28 37 38 -37 40 41 53 -29 44 -2 -46 55 -42 -21 -50 51 52 -14 -12 -6 -41 -10 58 -33 60 -60 62 -62
right_child=4 2 26 8 14 6 18 12 20 -11 13 15 50 -15 -16 -17 17 -19 -20 48 -22 -23 -24 24 -26 -27 35 42 -30 -31 -32 57 33 -35 -36 36 -38 -39 -40 46 47 -43 -44 -45 45 -47 -48 -49 49 -51 -52 -53 -54 -55 -56 -57 -58 -59 59 -61 61 -63 -64
leaf_value=0.027398156426345414 -0.017689236535240481 0.0021064243319161334 -0.001406277693956591 0.027028598961709682 0.0043910133283648093 0.0055123290765898524 -0.0096738910618352283 0.24618228536246559 0.023252780356640905 -0.011334427734423608 0.028380217708106552 0.16561701407849497 0.20027685834778974 0.0011158444042622994 0.10846916455915971 -0.024757404696339469 -0.032528706209033795 -0.026131595033407701 0.018144682075978448 -0.010138075320040938 -0.012347574048755128 0.073177596936041825 -0.010587180035989871 0.18720068239540399 0.038604027183377437 0.1165580801736831 -0.010338689139208119 0.15372654868183572 -0.013554708640224363 0.028442744083375038 0.0085380240322418255 0.030866257472435155 0.25793265370476209 -0.013274414499916273 0.072868537147118662 0.18538646355898897 -0.013656458031283019 0.2716755149434914 -0.030189931552304192 0.00048788951297717959 0.014180541876714924 0.085973668585194563 -0.01777582279633139 -0.026128576052611284 0.021526693737823191 0.3756027808395877 0.036919279061481056 0.06500256266363183 0.036795547972684119 -0.027402563078579818 0.0064751687103745559 0.040667655424580895 0.035423476063476053 0.090838317888127212 0.097355763293496059 0.016054699309032455 -0.00059595341609517923 -0.0090715769641532343 0.091861876523226804 -0.0020946831635059167 0.0065015329765811605 0.040597204966426673 0.016658773246330163
leaf_weight=366.25444695958868 351.53300854261033 71.985839516390115 123.5482160220854 82.528078534640372 4.6538355736993253 97.527418825309724 120.26715049613267 1.5166491116397081 52.1273313164711 54.572390050627291 49.270068090874702 1.5290631342213599 2.3323461068794122 161.52428819565102 3.2862330391071728 16.516053202562034 1.6127230939455328 22.358029143419117 63.940159750636667 107.18012493336573 183.17518588341773 2.8923237673006952 373.73638933477923 2.1836920981295389 7.1735906978137791 2.2426309054717413 5.9745496888644993 0.81408247724175453 49.050895775202662 17.768492036499087 19.279118375387046 50.174601032864302 1.8620531498454509 1.6928946264088152 2.2880359212867916 0.97129051154479384 1.8165534869767723 1.1921955887228248 1.306784939020871 95.038848669268191 108.91826763516292 12.144690454006193 887.42616459494457 1322.8619446028024 1.7426050321664655 0.51760559552349139 49.683020859025419 9.6777543551288527 23.180788516532633 7.8968171081505707 17.731023804284632 51.207975616678596 2.2673451164737344 6.442971925251185 5.4506284450180829 1373.7103616315871 135.12365560140461 61.050863249227405 4.1165055581368506 160.7911553895101 613.15772692486644 24.10278437891975 315.86348876357079
leaf_count=3622 82572 8980 15410 494 202 7263 14656 129 4385 2507 1123 213 166 10398 69 3516 119 5006 6054 15427 22281 281 48474 148 563 220 972 55 3657 2223 3190 1594 104 160 212 132 340 184 223 4103 2965 379 180267 348623 450 143 383 166 406 500 1479 4323 202 145 162 34065 12423 4025 141 11174 23972 1056 11977
internal_value=-0.000463109 0.00614351 -0.00784725 0.0125498 -0.0206936 0.00123137 0.0113988 0.0232322 0.00675729 0.0169343 0.0176253 -0.0227348 0.0427181 0.0157075 0.00301682 0.00976525 -0.0234093 0.00310499 -1.77921e-05 0.000681048 -0.00305106 0.13269 -0.00685477 0.0102941 0.0732818 0.00800842 -0.0150974 -0.015639 0.00942717 0.0393119 0.0275552 0.0102865 0.0767302 0.106887 0.155903 0.0335595 0.0831681 0.133852 0.0617242 0.01709 0.0278959 0.0446182 -0.0176186 -0.0241856 -0.0169207 0.102613 0.0157631 0.0183278 -0.0032551 0.0204828 0.0373239 0.0471251 0.119015 0.0356032 0.0545388 0.0150474 0.00604311 0.00916252 0.0101154 0.00918419 0.0110787 0.0107298 0.00995495
internal_weight=7771.76 5858.55 1840.05 4018.5 1913.21 817.005 361.925 177.718 1731.26 2287.24 2232.66 1761.56 77.9477 1866.41 151.648 35.8136 1725.75 49.0929 184.207 148.362 370.426 4.40897 455.08 81.3431 9.35728 99.77 1023.05 1011.79 1360.84 19.2976 26.7348 1311.79 7.45571 5.84298 4.15009 11.2614 5.28682 3.47027 2.27808 1704.89 186.454 67.8577 888.24 1676.66 353.793 2.26021 1518.43 118.596 138.258 31.0776 73.5387 55.8077 4.59969 55.713 10.1045 1468.75 187.251 1229.26 1168.21 1118.03 957.241 953.124 929.021
internal_count=910853 447556 290521 157035 463297 92938 34773 14063 97179 59856 57349 446531 6580 53727 16766 5952 440579 8791 20710 16697 39089 410 58165 9691 711 7483 197583 195732 58090 2436 3785 54433 595 476 316 1851 879 539 355 43329 4778 1647 180322 431788 83165 593 38551 3131 16333 906 6170 4691 368 1268 364 38168 16808 53939 49914 48320 37146 37005 35949
is_linear=0
shrinkage=0.03


Tree=37
num_leaves=64
num_cat=0
split_feature=23 16 14 53 14 29 1 203 227 1 1 115 22 20 189 16 14 68 150 32 22 115 227 155 250 180 71 13 266 38 1 119 27 141 271 9 1 46 14 22 22 58 68 22 182 255 141 30 1 30 118 16 173 27 58 89 68 1 68 210 20 210 32
split_gain=1103.58 545.284 160.551 121.914 114.55 64.8372 60.6462 58.7965 54.4094 54.8005 51.2368 51.1854 51.0334 50.7035 48.362 44.7353 44.0587 40.0405 37.2393 37.212 37.9574 35.546 34.8456 34.0286 49.1503 32.9621 41.8933 31.9863 32.1427 31.2927 31.0076 30.6616 29.5322 33.5374 29.4174 35.6934 29.2236 30.4561 28.5251 30.2977 33.0285 32.806 28.3913 28.9878 27.9233 27.2695 33.4751 26.669 26.5336 25.5653 35.9302 28.5637 25.465 23.5677 23.3148 35.7092 23.284 23.1333 26.4823 26.24 23.1081 30.7449 24.6439
threshold=1.0000000180025095e-35 3.5000000000000004 1379.1689462382842 30297.331540159506 3314.1526672337745 21605.10443393431 202002.50000000003 1.0000000180025095e-35 -24.499999999999996 202011.50000000003 202101.50000000003 1530.6653828964702 9923.1190859676972 3653.1454981587585 -53998.629445423314 1.0000000180025095e-35 -6559.2138171829274 -6574.3556804093432 36.500000000000007 11.500000000000002 19406.361833905583 671.97616311180809 -11.499999999999998 5054.8717376695404 -3227.214235466337 -1.0000000180025095e-35 1030.0403472846137 1.0000000180025095e-35 7594.7273437414669 223364.35883760123 202103.50000000003 -11025.800608741352 1322.2397681805032 80.500000000000014 -666.08733907307271 615.33111940000015 202103.50000000003 -1459.4999999999998 77169.95431701302 29965.744327349475 1.0000000180025095e-35 71.500000000000014 -3355.165012307652 29965.744327349475 -12301.586679373437 2430.8677352536338 74.500000000000014 1.5000000000000002 201956.50000000003 1.5000000000000002 6.5000000000000009 10.500000000000002 253.74102343473808 3147.7063748914593 81.500000000000014 109053.24053219461 1.0000000180025095e-35 202011.50000000003 6205.1487744787873 -8.4917236071889715 3653.1454981587585 -1471.6113580391709 14.500000000000002
decision_type=2 10 10 8 8 2 2 10 8 2 2 8 2 10 8 8 10 8 8 10 2 10 8 8 10 10 8 2 10 10 2 10 2 8 10 8 2 10 10 2 2 10 10 2 10 10 10 10 2 10 8 10 10 2 10 8 8 2 10 10 10 10 10
left_child=1 4 8 15 7 17 16 13 23 27 -4 49 21 14 -1 -2 44 -6 29 22 30 -11 48 24 -3 56 38 31 -29 54 47 -10 -17 36 35 -30 -34 -38 39 40 57 -42 -24 -44 -5 -25 -47 -21 -16 53 51 -51 -23 -12 55 -18 -19 -27 -59 -60 61 62 -54
right_child=3 2 10 6 5 -7 -8 -9 9 12 11 -13 -14 -15 19 32 18 25 -20 20 -22 52 42 45 -26 26 -28 28 34 -31 -32 -33 33 -35 -36 -37 37 -39 -40 -41 41 -43 43 -45 -46 46 -48 -49 -50 50 -52 -53 60 -55 -56 -57 -58 58 59 -61 -62 -63 -64
leaf_value=0.035047646134523117 -0.010805360117171094 0.0012030318625226627 -0.018994714063062391 0.12375510103661252 0.034912264081926922 -0.0084060514967488117 -0.015503556829420017 -0.010815212575938883 0.1061598876230842 0.031493882378107234 0.0044693144859133949 -0.016985456362782786 -0.021388304649130649 -0.0062828927772425481 0.031963767505542896 -0.025565201369124463 0.01482042836091709 0.066323378755410334 -0.012377276116659919 0.018771940587176555 0.002064632578209314 -0.0055485612180808039 0.016552978103678746 0.0055417525351944986 0.21191338439011789 0.0093190960089692427 -0.0062609052150795633 -0.0098328741345769192 0.22457860603172444 -0.006385103903098233 0.046071350252089742 0.010335999940578527 -0.002058719226354823 -0.027882191345344802 0.013202806184997633 0.021343837673738188 0.16457883374196072 0.031738129607941312 -0.0035234795210725292 -0.008100562660070287 0.10544977953120437 0.023664961118360726 0.011212841751111154 -0.0039894016359324769 0.038110393209635371 0.12056788574902799 0.030649219738513346 0.045623727175193522 0.01551068011109826 0.25453915685642747 0.024358647672650592 0.047853667915142721 0.037948223624639156 0.15168902527160699 0.030775442745791682 0.16207704374297643 0.017912105576488573 -0.0014943048961720633 0.12109334488629092 0.034370146144447361 -0.014201590033497651 0.022600034787088677 0.17142735333220388
leaf_weight=121.38956740126014 232.4544760636054 1.8939337707124653 800.55484783137217 3.958283323794606 47.352941703982651 289.94797544041649 86.953701159218326 76.614997901953757 4.135917007457464 87.746174350846559 118.16140647279099 129.65382516011596 36.935713438782841 90.543298337142915 160.65275930939242 1430.484291423345 2.4190983162261572 9.9988532322458905 40.817418944789097 188.32468196703121 56.178063137456775 69.726455472409725 924.78599366778508 39.952961271163076 2.102178986184299 177.4785491428338 229.2632396123372 398.33840282354504 1.4058486428111816 10.758574197068809 72.176883622538298 10.993910411372779 7.365741522517057 13.364634169498457 19.245985053479671 1.7407549447380009 2.6057201505172998 3.845841258764267 110.14449072768912 46.78196607157588 7.448137421160939 10.8364833695814 908.309082088992 128.90751095395535 25.48659623390995 4.2973772026598445 28.034117985516787 40.437025842722505 195.64422281598672 1.2627491955645358 8.2163808047771454 1.1496644495055077 2.6183465714566401 0.98682397278025646 9.7361322157084924 3.8263011004310101 84.550633907783777 18.94267045147717 3.3384469728916875 52.837436515837908 12.984105245210229 41.450281308498234 2.3731954041868448
leaf_count=1827 42406 163 163414 202 1234 31944 14747 3802 175 4896 17509 24846 4805 4845 2465 390485 146 195 6512 5943 2806 6794 15784 4241 145 8953 23560 51285 75 1571 1417 864 931 3427 2463 214 185 402 7887 3531 265 427 21469 7043 1298 138 2368 668 3130 132 1189 155 179 119 769 216 4830 653 156 2201 1508 2649 195
internal_value=-0.000456453 0.00593409 -0.00767794 -0.0205031 0.0120668 0.00374577 0.00268982 0.0151238 0.00278671 0.000127648 -0.01524 -0.00365363 0.0112088 0.0158121 0.0165274 -0.0230275 0.0189985 0.00815567 0.00565057 0.0156871 0.0247017 0.0167597 0.0142984 0.0268288 0.112048 0.00646997 0.00408682 -0.00632571 -0.00786686 0.0331692 0.0289275 0.0365306 -0.0249766 0.00600056 0.0271062 0.112146 0.0387733 0.0853911 0.00963218 0.0141937 0.018044 0.0569795 0.0127311 0.00932347 0.0496236 0.0221176 0.0426009 0.0235184 0.0229293 0.00966554 0.0542465 0.156041 0.00674934 0.00568864 0.0597966 0.105039 0.0230317 0.0152255 0.0291804 0.039524 0.0211789 0.0310705 0.10141
internal_weight=7752.92 5878.85 1825.96 1874.08 4052.89 1088.92 183.956 2963.96 765.976 689.695 1059.99 259.431 253.834 2887.35 2796.81 1690.12 97.0024 798.974 67.5575 2675.42 357.117 216.899 2318.3 76.2806 3.99611 751.621 657.071 435.861 420.731 26.7401 300.939 15.1298 1457.67 27.1819 22.3926 3.1466 13.8173 6.45156 427.808 317.664 270.882 18.2846 1962 1037.22 29.4449 72.2845 32.3315 228.762 356.297 129.777 10.6288 2.41241 129.152 119.148 15.9815 6.2454 94.5495 252.597 75.1186 56.1759 59.4259 46.4418 4.99154
internal_count=910853 447556 290521 463297 157035 85836 25461 71199 83157 76102 207364 43950 21026 67397 62552 437836 10714 53892 9214 60725 10834 16221 49891 7055 308 52658 47633 55076 54037 2702 8028 1039 395430 4945 2752 289 1518 587 24073 16186 12655 692 44296 28512 1500 6747 2506 6611 5595 19104 1476 287 11325 17628 1131 362 5025 11963 3010 2357 4531 3023 374
is_linear=0
shrinkage=0.03


Tree=38
num_leaves=64
num_cat=0
split_feature=33 24 12 17 227 11 22 221 172 17 189 215 209 120 21 171 17 52 75 24 209 11 212 197 11 227 47 37 48 210 7 3 120 212 111 8 179 227 7 7 182 54 112 46 210 234 224 58 22 212 81 248 170 40 54 37 94 261 48 92 254 216 144
split_gain=1293.82 193.947 159.731 118.057 74.0536 63.3308 75.6787 54.584 52.9866 47.4419 47.2147 46.9275 43.07 41.876 41.0809 39.1546 35.2082 31.398 29.6597 28.5843 28.1003 27.7888 27.7674 27.2571 27.1318 27.0058 26.871 25.8622 39.752 25.2434 27.4984 24.8263 24.5057 23.7901 23.8781 31.8603 23.6141 23.0107 22.7488 22.5103 22.4268 22.3805 21.8951 27.974 21.8604 21.6021 22.176 26.8934 21.4058 22.0579 20.9992 20.5149 20.2334 22.1731 32.1964 19.8656 31.5945 19.8372 19.4417 25.4076 30.6513 19.2333 44.0258
threshold=60.500000000000007 1.0000000180025095e-35 8968.6620803894402 6557.3601464071216 -24.499999999999996 -8779.61602684641 29965.744327349475 1.0000000180025095e-35 294.97303443926359 1036.6371997697422 -1711.0066099435355 1.0000000180025095e-35 -45564.139467710695 25111.975756155596 1.0000000180025095e-35 -156.75593940036839 5209.5194556716888 1.0000000180025095e-35 1.0000000180025095e-35 1.0000000180025095e-35 -45564.139467710695 -6903.7976614734098 1.0000000180025095e-35 -1.0000000180025095e-35 -6903.7976614734098 -4.4999999999999991 929.50349566811519 123867.8563518508 119755.30328457842 -2173.5195500515433 859.33633625678306 30.500000000000004 7730.4857828896083 1.0000000180025095e-35 39.500000000000007 -936.50086802381986 282.03401537052497 -11.499999999999998 5076.4039865061923 377.64949872974302 -98.949519656080028 6.5000000000000009 47.500000000000007 -971.49999999999989 -1.0000000180025095e-35 2.6608560428550025 1.5000000000000002 100.50000000000001 5517.8821042235895 1.0000000180025095e-35 493.55381627750802 8.0000000000000018 -719.31105992549999 773.50000000000011 7.5000000000000009 123867.8563518508 784.50000000000011 61.500000000000007 130370.01808264562 121170.26725799401 1.0000000180025095e-35 -3.4999999999999996 -1063.4999999999998
decision_type=2 2 2 10 10 2 2 10 10 8 8 10 10 10 2 10 8 8 10 2 8 2 10 8 2 10 8 10 8 8 8 2 8 10 8 10 8 10 8 8 10 2 8 10 10 8 8 10 2 10 10 10 10 8 2 8 8 10 8 8 8 8 8
left_child=1 3 4 5 17 15 7 10 21 24 12 23 -7 18 36 45 -6 38 22 20 61 37 31 -3 -4 40 57 48 -29 30 32 58 -19 -23 35 -35 -10 41 -2 -34 -13 -5 43 -30 -14 -1 -47 -48 49 -18 -25 -33 -52 -54 -55 -31 -57 -20 -12 60 -60 62 -11
right_child=2 11 9 8 16 6 -8 -9 14 19 13 25 44 -15 -16 -17 27 29 26 -21 -22 33 -24 50 -26 -27 -28 28 42 55 -32 51 39 34 -36 -37 -38 -39 -40 -41 -42 -43 -44 -45 -46 46 47 -49 -50 -51 52 -53 53 54 -56 56 -58 -59 59 -61 -62 -63 -64
leaf_value=0.017266620736222819 0.022019609639325775 0.036405769707012141 0.035935695058312733 0.016414388788573445 -0.00073113301559672467 0.071843990433347285 -0.0012603891434369054 0.029815147595821077 0.024419325081970734 0.20504729913150418 0.0062568775010248667 0.17347770911277025 0.026285252952414198 -0.012177339909861515 -0.020509190234915285 0.013117007176164217 -0.013483327760192676 0.034352694070788468 0.048219578301188865 -0.025514141117960888 -0.018979942428049894 -0.0094302428750719317 0.029861698403389592 -0.017918402730841995 -0.010716244400727881 0.012965936090769833 0.013608462139651301 0.22594415089162947 0.022568071868356562 -0.0053444608920131184 0.013278381147145977 0.0060320702187243178 0.24403544766516175 0.017492248058464017 0.0064251246953620483 0.18262384280934318 0.0010418640585020769 0.0002417515868728162 0.082943972346755171 0.071904692713562354 0.039827730276569065 0.08301777119796544 -0.0075766735197726649 0.21456837042026761 0.014308829831310321 0.026334167971374403 0.033795852350765286 0.071186784816761578 -0.024793802514322855 0.025039450656743189 -0.020123141187772833 0.041455331768096237 0.15287699868408289 -0.015753866108072168 0.15724966223875111 0.080037640566601995 0.0076016496025513459 -0.0071802290394392355 0.13719215560129211 0.025192114987536391 0.027493776362657624 0.0030656503097762668 -0.030296617040485772
leaf_weight=138.79249005904421 30.979570945957676 9.07081905961968 11.747054231353102 12.470472083892675 212.80107972119004 12.998579774983225 378.27894652797841 164.88341492088512 131.60008218884468 1.4022073433734474 34.968796574976295 2.0506785830948502 173.36627702973783 81.015644436934963 29.634564605308697 320.3729024133645 287.28275066940114 3.508167702704668 42.925746354740113 1038.6134919319302 712.06754843704402 423.55408430681564 52.718808771111071 303.13739273813553 249.93418715242296 10.926069393754004 97.688312380108982 0.81786532350815555 2.2723107121419166 156.6423529596068 17.01900746347383 1142.8038786714897 1.3083659335970876 2.485642799641937 13.768007511738686 1.8226110129617179 55.20015877019614 35.824984836392105 6.7108023066539308 1.4323004987090828 2.5168289500288656 7.1407013209536663 11.926270969444886 0.97642652899958093 656.90239375969395 204.28954326687381 59.699802079703659 24.383249174803495 178.73756584711373 14.030770272016523 5.7220068906899542 14.906059192493556 1.6299920883029679 3.9869307621847838 1.2786357356235383 6.0849693776108316 49.540942114777863 6.7289843177422872 4.4379605194553715 40.04376337537542 4.7416884819976985 26.113440675660971 1.4605506034567954
leaf_count=1999 1557 236 568 769 20703 387 21277 3801 9505 199 1132 116 6875 8390 3196 4244 54870 246 972 301866 155783 53798 1057 62318 40421 842 2262 97 343 22106 1414 42402 118 182 1224 127 6557 2344 208 151 265 274 2012 82 17670 1879 708 226 37767 1616 682 100 150 423 149 224 3965 155 156 1242 116 4119 211
internal_value=-0.000450008 0.00937998 -0.0157661 0.0110786 -0.00582457 0.0132565 0.0112554 0.0131259 -8.40204e-05 -0.0205489 0.0119629 -0.0124341 0.0176579 0.00880961 0.0123054 0.0210451 -0.0109391 0.0074444 0.00998875 -0.0223026 -0.0178015 -0.00547867 0.00853724 -0.0148671 -0.00862201 0.0385743 0.0227424 -0.0153183 0.0222113 0.00337624 0.0330403 0.00763201 0.0868629 -0.00799181 0.0257129 0.0873513 0.0175112 0.0145422 0.0328672 0.154078 0.0998327 0.0406656 0.011231 0.0802749 0.0168096 0.0269911 0.0316714 0.0446389 -0.0165686 -0.0116895 -0.01634 0.00648816 0.0215809 0.0561874 0.0262565 0.000124609 0.0155255 0.040712 0.0233609 0.0355117 0.0805282 0.0111583 0.0849772
internal_weight=7734.18 4710.77 3023.41 4370.45 982.072 3656.95 2909.41 2531.13 713.501 2041.34 2366.25 340.319 843.267 1522.98 216.435 747.538 708.845 273.226 1441.96 1779.66 741.044 497.067 1294.62 324.826 261.681 15.4936 147.343 496.044 15.9929 235.536 23.2678 1241.9 6.24883 441.63 18.0763 4.30825 186.8 55.4362 37.6904 2.74067 4.56751 19.6112 15.175 3.24874 830.269 427.165 288.373 84.0831 480.051 301.314 315.755 1157.71 12.6176 6.89556 5.26557 212.268 55.6259 49.6547 84.1922 49.2234 9.17965 28.9762 2.86276
internal_count=910853 260207 650646 195026 147479 117050 107994 86717 77976 503167 82916 65181 24932 57984 19258 9056 117490 29989 49594 462178 160312 58718 46205 63958 40989 1223 3389 96787 2534 28224 1929 45148 515 55331 1533 309 16062 3387 1765 269 381 1043 2437 425 24545 4812 2813 934 94253 56486 63722 42502 1404 722 572 26295 4189 1127 2646 1514 272 4529 410
is_linear=0
shrinkage=0.03


Tree=39
num_leaves=64
num_cat=0
split_feature=17 23 14 14 55 65 22 133 15 23 14 13 110 13 8 31 68 43 114 54 22 267 31 117 27 8 43 175 221 140 40 143 235 155 51 51 5 61 133 62 157 111 31 248 220 35 175 13 130 35 105 60 140 60 140 62 45 105 38 61 132 35 171
split_gain=1024.99 369.331 219.199 101.594 96.6336 63.2184 62.4999 55.4316 52.2144 51.7589 48.8861 45.0563 39.3215 38.4113 39.7324 51.9202 43.1262 36.066 36.0566 35.6754 35.1514 39.3111 50.5003 33.8827 33.7366 33.4471 35.2536 35.3689 30.9165 30.4899 30.1572 28.8653 28.1471 27.0005 26.5363 26.2489 30.8076 25.8033 25.7817 25.6946 25.5762 25.9476 25.6833 25.5004 24.9958 24.2801 23.6704 23.6122 22.6405 22.4153 21.9608 21.8766 32.679 21.4419 23.2898 30.9373 43.0795 21.2099 20.1676 20.1402 20.1207 20.5132 24.9529
threshold=6557.3601464071216 1.0000000180025095e-35 1379.1689462382842 26639.787155296806 375.27837239478271 -6591.0212204660356 14593.376961572727 2224.7547846135103 1.0000000180025095e-35 1.0000000180025095e-35 -11817.454010254747 1.0000000180025095e-35 1.0000000180025095e-35 1.0000000180025095e-35 -99.423837142526978 1.0000000180025095e-35 77430.279417570637 23953.163458331852 12068.354827217203 6.5000000000000009 9923.1190859676972 4914.8629289712526 1.0000000180025095e-35 68.485253861332026 844.54760156160467 -665.79861025929893 352.60684015500755 1025.0075022252227 1.0000000180025095e-35 1.0000000180025095e-35 459.50000000000006 203233.21544441811 1.0000000180025095e-35 5054.8717376695404 9386.9235168332325 8165.7209236602412 804.62690407359912 55.141928929498512 23999.519920583101 -252.51061907663896 1.0000000180025095e-35 69.500000000000014 1.0000000180025095e-35 1.0000000180025095e-35 1.0000000180025095e-35 146978.02051678946 -1.0000000180025095e-35 1.0000000180025095e-35 5932.5269479492281 100513.96147692057 15759.386432513516 26993.533717558395 29.500000000000004 11807.020687198788 5.5000000000000009 -1287.3749552189968 263924.18187937315 8232.9014044460109 179170.64753070244 860.6223605918982 72990.742277020152 316020.01300371747 1.0000000180025095e-35
decision_type=10 2 10 8 10 8 2 10 2 2 10 2 8 2 8 10 10 10 8 2 2 8 10 8 2 10 10 10 10 10 8 8 10 8 10 10 10 8 8 8 10 8 8 10 10 10 8 2 10 10 10 8 10 8 10 8 10 8 10 10 10 8 8
left_child=1 3 4 6 11 47 7 13 40 12 -8 38 28 19 -15 37 18 -6 -17 -1 25 -22 35 -10 43 -13 27 46 -4 50 -29 34 -9 59 -32 36 -23 -16 -2 -25 41 -5 -43 -7 49 -40 -27 57 -21 -20 -19 52 -26 54 -35 -56 -57 -3 -39 -30 -41 62 -62
right_child=2 5 9 8 17 24 10 32 23 -11 -12 20 -14 14 15 16 -18 29 44 48 21 22 -24 39 51 26 -28 30 33 -31 31 -33 -34 53 -36 -37 -38 58 45 60 -42 42 -44 -45 -46 -47 -48 -49 -50 -51 -52 -53 -54 -55 55 56 -58 -59 -60 -61 61 -63 -64
leaf_value=0.027733874681825456 0.027651374458244303 0.019575155978489283 -0.010216589437221698 0.0015784706825431533 -0.022941640502714522 -0.01859061009318844 0.020395646334735437 0.036184002460722918 0.012956293909386648 -0.025437431208080879 0.00079721357221873817 -0.0029567042017638046 -0.019884819670013001 0.00054564642330512728 0.0026731123737530698 0.027422744392883468 0.070224760379148488 0.038765179130178441 0.018265689427940723 0.0081981991635899278 -0.019647892402780757 0.1938294040231554 -0.0072468235696627002 -0.019982284267062597 0.028158352128086067 0.024222992457512246 -0.0088125202600326611 -0.018728235348735429 0.028375154017347845 -0.0081705061940300031 0.053182249338789157 0.030763563492164216 0.0056739593741494303 -0.030400393847199229 0.14612331514887261 0.01704230381206575 0.059381826887952523 0.015679562113360562 0.18683953988525404 -0.0041010418779132748 0.03759741026642964 0.10445764530301203 0.015628265679153697 0.019878139329628664 0.03472446917340162 0.039683348657186035 0.0029721925849862177 0.0027978859538094355 0.029940874151853859 0.0035007447947863822 0.18490612880589166 -0.016967465252059308 0.16856498773799755 -0.01037718996786117 0.015466791084730534 0.07262088318869353 0.29483085312527696 0.084619380777733788 0.0049580338805968157 0.21302124286558474 0.14231067111202284 -0.021418742523573311 0.022641596034760819
leaf_weight=320.43055198574439 24.753506952198226 13.57164068892598 319.57125769928098 70.53227617405355 208.24059071438387 546.16072801011615 147.07560809561983 158.48965744255111 95.199678509961814 924.20126720028929 517.92533697141334 261.94218095741235 672.00755156390369 230.05244920309633 327.93395042279735 276.94427559617907 15.140383145306258 2.0810116394422935 185.29453287832439 204.97204511752352 127.20760784088634 2.1202157982625049 38.085069868247956 102.04562626453117 8.5351776382885856 89.024111733771861 57.691382170422003 4.8200552193447974 1.0206980933435263 5.2720999305602163 5.6637867279350775 11.558521144557742 32.85540810925886 3.0218732180073848 5.4017265676520765 7.2866534071508795 5.5466956752352417 566.66269824141636 1.9155421471223224 340.90593668213114 41.075031631626189 4.6358844111673534 7.9582002577371878 15.961870317813007 44.352160342503339 2.1325004175305367 100.34637731430121 49.489132298855111 54.579708036966622 184.86130311433226 1.6665637055411933 6.6741458498872843 1.807896168436854 15.160977360792463 5.2554552764631808 3.4898445676080865 1.0131717748008666 6.7590044355019954 218.89623574260622 1.109617499168962 2.5998218455351862 3.3187898457981655 3.9520174497738481
leaf_count=3170 1330 221 57741 2831 55209 126073 2921 5465 4685 271538 26226 31070 143848 10960 7970 6594 723 175 5954 2270 19439 105 5159 14697 543 7627 6386 212 129 700 230 612 1343 389 252 809 369 11067 130 35987 512 168 319 393 983 148 9319 5100 422 7838 122 945 195 3068 963 454 122 168 5564 160 157 264 310
internal_value=-0.000442883 0.00806171 -0.0145002 0.0113464 -0.00279183 -0.0129873 0.0134053 0.0153554 0.000667804 -0.0202931 0.00513172 0.00233908 -0.0156395 0.0142212 0.0122929 0.0137777 0.0201383 -0.0203978 0.0190416 0.0210374 0.000860598 -0.0106013 0.011096 -0.00331257 -0.0162384 0.00471179 0.0120293 0.017575 -0.00748007 0.0383332 0.0494038 0.0639193 0.0309452 0.0216009 0.0985522 0.0578133 0.0965621 0.00974135 0.0391296 -0.00673288 0.0182307 0.00866103 0.0483264 -0.0174983 0.0134419 0.109318 0.0129623 0.0139799 0.0127703 0.0108919 0.103755 0.0253767 0.0527004 0.0137517 0.0423751 0.0649113 0.122618 0.0411994 0.012692 0.124552 -0.00287845 0.0393468 0.0701272
internal_weight=7716.26 4807.65 2908.61 4158.69 962.756 648.96 3486.47 2821.47 672.223 1945.85 665.001 745.496 1021.65 2630.12 2050.14 1820.09 706.593 217.26 691.452 579.982 716.694 180.246 53.0386 548.022 579.14 536.448 274.506 216.815 349.643 9.01968 27.4441 22.624 191.345 30.0716 11.0655 14.9536 7.66691 1113.49 28.8015 452.822 124.201 83.1264 12.5941 562.123 414.508 4.04804 189.37 69.8198 259.552 370.156 3.74758 17.0172 10.3431 27.9413 12.7803 9.75847 4.50302 20.3306 785.559 2.13032 350.777 9.87063 6.55184
internal_count=910853 293038 617815 159400 139403 133638 99470 70323 59930 478412 29147 83197 206874 63515 57653 46693 22092 56206 21369 5862 81589 25881 6442 56100 128149 55708 24638 18252 63026 997 1306 1094 6808 5285 482 1283 474 24601 1608 51415 3830 3318 487 126466 14775 278 16946 5489 2692 13792 297 1683 738 4996 1928 1539 576 389 16631 289 36718 731 467
is_linear=0
shrinkage=0.03


Tree=40
num_leaves=64
num_cat=0
split_feature=33 12 12 53 15 11 22 1 1 53 14 1 227 16 221 22 104 16 122 210 108 264 1 108 191 175 218 50 212 65 1 57 33 87 205 57 36 11 179 205 227 160 221 248 146 205 37 59 230 227 11 218 215 1 79 215 215 86 172 86 264 78 6
split_gain=1174.18 196.409 133.046 72.5844 70.3388 67.8359 87.5494 70.0188 68.1017 54.9034 44.9783 44.1395 43.8149 41.6786 37.5031 37.1648 35.2777 35.0192 33.4175 36.7189 32.719 34.1042 30.2076 30.5707 29.8171 29.474 29.4921 28.474 28.3937 28.0342 27.8465 30.5891 29.8594 26.9351 25.4206 24.5844 25.8225 24.0302 23.8722 23.6877 23.6317 23.4878 30.4965 30.1838 28.0723 22.9862 22.7591 22.7019 22.6147 21.9644 31.7197 34.9368 21.8852 35.7412 45.6237 21.6197 21.4951 22.8624 42.5327 21.2688 21.1749 21.1593 21.1589
threshold=66.500000000000014 5618.3372003956692 10882.677344779802 30297.331540159506 1.0000000180025095e-35 -8779.61602684641 19406.361833905583 202010.50000000003 202001.50000000003 616.98128401804809 20135.052876800179 201956.50000000003 -6.4999999999999991 8.5000000000000018 1.0000000180025095e-35 54740.215929260601 775.50000000000011 1.0000000180025095e-35 109677.6723988364 -107.03875975262893 6.5000000000000009 -1.4999999999999998 201911.50000000003 2.5000000000000004 -1.0000000180025095e-35 1025.0075022252227 -1.0000000180025095e-35 3491.5000000000005 1.0000000180025095e-35 -11389.260485638542 201907.50000000003 51.500000000000007 11.500000000000002 12.500000000000002 -4778.1943131463331 27.500000000000004 -1275.4999999999998 -140.78298362304147 19.644258684068522 -28501.584212058482 -24.499999999999996 12.500000000000002 1.5000000000000002 -1.0000000180025095e-35 247503.55747388044 -4778.1943131463331 55137.818045810352 16878.96168612775 -2828.7237346149554 -11.499999999999998 -1196.1254971110959 -15564.747808674476 2431.9251976395258 202011.50000000003 605.0570850436286 1146.9811513591142 1520.0213029120353 50.500000000000007 926.70734560360972 44.500000000000007 -1.0000000180025095e-35 1.0000000180025095e-35 47414.811221560369
decision_type=2 2 2 8 2 2 2 2 2 10 8 2 10 8 10 2 8 8 10 8 10 10 2 10 10 10 10 8 10 8 2 8 2 10 8 8 10 2 8 8 10 8 10 10 10 8 10 8 10 8 2 10 10 2 10 10 8 10 8 10 8 10 8
left_child=1 5 3 13 -3 8 7 9 12 22 15 16 24 40 25 18 46 41 29 -20 21 38 27 -24 -1 45 48 -7 34 -6 31 32 -8 -14 62 36 -11 -18 -10 -31 -2 43 -43 44 -4 -9 -5 -44 -27 50 -47 -52 61 -54 -55 -15 -41 -58 -59 -16 -26 -12 -25
right_child=2 4 17 11 10 6 30 14 20 35 52 -13 33 55 59 -17 37 -19 19 -21 -22 -23 23 28 60 26 -28 -29 -30 39 -32 -33 -34 -35 -36 -37 -38 -39 -40 56 -42 42 47 -45 -46 49 -48 -49 -50 -51 51 -53 53 54 -56 -57 57 58 -60 -61 -62 -63 -64
leaf_value=0.030593738305562106 0.0096975612705205941 0.019217828782137229 0.017970257240576271 0.026390083250678632 0.10543504862038612 0.0096247006638792119 0.054342857336349186 0.033269175977421746 0.016838582386018291 0.002784397547120157 -0.0080926685873026569 -0.0047978355676007957 0.026341177380950983 -0.019046071646498856 0.031907316579699842 -0.025000960066454379 0.023663982105364793 -0.022408494305100318 0.19706621476554134 0.035516506895846733 -0.0010930542850480245 -0.00093454107297437133 -0.0067251731477730309 0.019226007015025283 0.096516378774466186 0.036832139618451158 0.020908016489957531 0.023394880221619195 0.033191897426186168 0.077245966649339137 -0.0076939629360753053 -0.0086730504353450429 0.010347345864568066 -0.0026467235323755049 0.0052903506779140392 -0.0059102866876225325 0.10894752364680407 -0.021387789039732766 0.037719142357622561 -0.0013415018207083599 -0.0081181819327864925 -0.017309480697268675 0.018613336026798981 0.0015978230357211352 0.15488291907165191 0.0052870923397937168 0.099194966008459243 0.14773525432693085 0.091264872519663434 0.010033903578386605 0.10369553553878953 0.031112324615758951 -0.022729523168886812 0.21125167807856754 -0.010521718758218569 0.0081807291755596635 0.015311358689744108 0.0046573463166682417 0.23528687529148393 0.079694796358897146 0.048082271840031873 -0.020783865798521126 0.073292963150715415
leaf_weight=139.63490501604974 91.799756445921957 111.49255961552262 3.0732084312476209 7.1634382992051533 2.4227288961410522 328.19317550305277 18.493546520825475 49.029162696329877 259.58126139291562 5.1023790899198502 388.31969582266174 93.507494670106098 77.823415069840848 410.28931687399745 61.613936317153275 40.067389876581728 63.339074040297419 1606.4721290313173 1.4503543013706801 9.9755117911845428 126.61436011036858 81.480684831738472 137.5682116500102 34.130455119535327 9.6172099662944657 25.093824750510976 145.86142516252585 229.76548655773513 40.619602472521365 3.8180300693493336 320.17760321125388 52.125594812445343 55.69880393287167 45.842263368656859 498.10530688986182 282.04202706320211 3.4605116066522879 12.810726939700542 60.824416446732357 257.86684376001358 248.12491594068706 134.38384750299156 6.5297212251462025 30.972920073661953 2.4007029612548649 41.705775386886671 8.3907920690253359 1.5086028988007454 9.458509542513637 643.11325576179661 6.7647727709263554 50.693593484349549 3.7564732860773793 1.8613761509768667 1.5138472323305903 28.042198299663141 43.894865589216352 1.7133572322782118 1.2408944431226703 9.7020942573435587 52.317180413752794 169.9909998557996 8.051024134969337
leaf_count=1459 9529 5652 248 331 200 11318 528 932 3030 412 56465 9806 757 89855 1291 6302 4367 434644 210 1044 2677 2629 5056 580 287 500 2351 6085 665 179 21216 3217 3470 1793 16674 25153 241 1497 809 32978 37118 22646 775 3751 81 947 272 169 195 21821 254 1717 497 150 186 3915 5205 220 99 318 935 43020 125
internal_value=-0.000436216 0.00829487 -0.016158 -0.00717355 -0.00329637 0.0113759 0.00928762 0.0113876 0.0188525 0.0073788 -0.0060016 0.00970564 0.0296534 -0.0111905 0.0174103 0.00224821 0.0244943 -0.0210065 0.00563488 0.056023 0.0122056 0.0163954 0.0100582 0.00599116 0.0382782 0.0158692 0.0268115 0.0152952 0.0090026 0.0037834 -0.00298815 0.00893966 0.0213139 0.0155955 0.00718401 -0.00438991 0.045688 0.0160849 0.0208025 0.0029852 -0.00330688 -0.00841486 -0.0139143 0.013075 0.0780163 0.0133744 0.065665 0.0428465 0.0517328 0.0120603 0.0252024 0.0396578 -0.0112898 0.040931 0.111782 -0.0173042 0.00205472 0.0207482 0.10153 0.0384085 0.0556031 -0.0119568 0.0295456
internal_weight=7698.5 4949.69 2748.81 963.468 1039.38 3910.31 3056.57 2610.07 853.736 1567.04 927.892 185.212 325.235 778.256 1043.04 362.45 91.704 1785.34 322.383 11.4259 528.501 401.886 1276.43 718.475 201.569 971.72 180.414 557.959 580.906 310.957 446.496 126.318 74.1924 123.666 540.287 290.605 8.56289 76.1498 320.406 308.534 339.925 178.869 142.422 36.4468 5.47391 791.307 15.5542 8.03832 34.5523 742.277 99.1641 57.4584 565.442 7.1317 3.37522 438.332 304.716 46.8491 2.95425 71.316 61.9344 558.311 42.1815
internal_count=910853 291849 619004 156690 152407 139442 125066 96635 14376 66309 146755 16273 5231 140417 30326 46437 6467 462314 40135 1254 9145 6468 40503 23100 2681 28717 3046 17403 18044 38881 28431 7215 3998 2550 17379 25806 653 5864 3839 38681 46647 27670 23590 4080 329 25671 603 944 695 24739 2918 1971 100318 833 336 93770 38502 5524 319 1609 1222 99485 705
is_linear=0
shrinkage=0.03


Tree=41
num_leaves=64
num_cat=0
split_feature=12 17 17 23 203 13 24 10 132 23 12 183 213 66 189 155 181 53 210 60 220 234 189 53 210 22 181 195 183 112 71 0 70 115 177 140 203 22 205 114 137 132 144 199 25 211 177 32 47 10 30 3 159 35 76 61 44 119 16 17 46 140 67
split_gain=1030.01 233.988 177.426 92.3441 73.631 58.4217 55.8668 48.4402 48.8789 46.2177 41.9967 40.2788 39.1886 37.4331 35.4378 34.1058 33.2573 43.3405 65.1633 30.9664 29.906 28.9495 28.6811 27.1685 26.303 25.8676 24.9853 24.9815 24.9718 24.6911 24.5551 24.1494 23.4944 43.4678 22.8494 22.3769 30.6103 22.2715 44.0686 21.7058 21.3348 22.0394 33.7498 21.2103 22.2099 20.8245 20.6213 20.3779 20.2337 20.1995 20.1414 19.9618 19.8322 25.494 22.4012 20.2595 19.8016 19.7042 19.688 19.5988 19.3496 19.1562 18.8044
threshold=5618.3372003956692 1036.6371997697422 9259.2016452482439 1.0000000180025095e-35 1.0000000180025095e-35 1.0000000180025095e-35 37968.357407293661 7.5000000000000009 68279.924024812251 1.0000000180025095e-35 1.0000000180025095e-35 307.89327371308457 1.0000000180025095e-35 1.0000000180025095e-35 -124403.7722135173 43350.832208381726 -1.0000000180025095e-35 1051.9669374916143 -1471.6113580391709 5077.2320486948602 1.0000000180025095e-35 13435.821747604239 -1711.0066099435355 30297.331540159506 -2173.5195500515433 19406.361833905583 -1.0000000180025095e-35 -193.84641326151856 -62.875508536701993 285.50000000000006 64365.041478009509 28165705.500000004 10.500000000000002 763.30854212258998 463.42747903137905 11.500000000000002 -1.4999999999999998 19406.361833905583 -9722.6180365310665 13804.356828985774 11136.444698658383 77755.870897624278 -850.49999999999989 1.0000000180025095e-35 196.64183654888853 -163.94391322327348 742.80938764075529 1.0000000180025095e-35 11881.373561451344 6.5000000000000009 1.5000000000000002 51.500000000000007 4375.2087051620083 67790.116958139362 20192.419590105415 508.21684722730356 8.0000000000000018 -525.54998650829737 12.500000000000002 18644.437876598942 -2008.4999999999998 2.5000000000000004 1.0000000180025095e-35
decision_type=2 8 10 2 10 2 2 2 10 2 2 8 10 10 8 10 8 8 8 8 10 8 8 10 8 2 8 8 10 10 10 2 10 10 8 10 8 2 10 8 10 10 10 10 10 10 8 8 10 2 10 2 8 10 10 10 10 10 10 8 10 8 8
left_child=2 6 4 7 5 13 26 8 16 11 21 20 58 51 34 -8 17 18 -3 46 22 -4 43 -5 -13 52 39 31 30 -11 -23 -16 50 -34 -10 36 -25 38 -24 -2 41 49 -43 44 -7 -40 -18 -22 -49 -28 -20 -1 53 55 -54 -15 -26 -14 -12 62 -51 -32 -9
right_child=1 3 10 23 -6 9 15 59 14 29 12 24 57 25 27 -17 19 -19 32 -21 47 28 37 35 56 -27 40 -29 -30 -31 61 -33 33 -35 -36 -37 -38 -39 45 -41 -42 42 -44 -45 -46 -47 -48 48 -50 60 -52 -53 54 -55 -56 -57 -58 -59 -60 -61 -62 -63 -64
leaf_value=0.027158446075674674 0.048485359117797312 0.25557495046582229 0.00057374376889197324 -0.025441016362993858 -0.012477000834234548 0.014203140918417506 -0.015395489975362006 0.083574325846332578 0.19810230914633623 -0.0090037023581634578 -0.005556623916981555 0.045034623244774794 -0.011427685272603882 -0.0016048977568031474 0.14799770402625553 0.029133156881077062 0.01658778104383166 -0.0085945141867428843 0.011765804375952746 -0.013242191049429067 0.010237810708854711 0.025695466431323907 0.049231063479235407 0.18725665871248456 0.0022937676249518389 0.0014511763401462527 0.016078525889977106 -0.024864992670964405 -0.007304122237146821 0.10484457124468866 0.15488408076008248 0.024667764098593409 0.30222042924597187 0.0020057937123499469 0.037130615679837296 -0.024745459082027958 0.013949103064970379 -0.0077566478960178244 0.020892937419129801 0.012658391170511299 -0.0060622396168541872 0.017515220071412076 0.14836132628528598 -0.012897769688305211 0.02702145524515781 0.0063621975031482409 -0.013342960436027959 0.040172330481199392 -0.015484783221723737 -0.019714674540925629 0.13921583868103352 0.015131252642649803 0.009808625528308839 0.072664012512633006 0.039270730198842321 0.049415632183520457 0.035827075610831705 0.027116104892285955 -0.017190815482727152 -0.023123912615684725 0.0051981650178421377 0.052533956880767278 -0.012591786748574928
leaf_weight=385.20675291493535 19.568722967524081 1.3635077485814688 204.87840304384008 1127.0872187109198 113.9036153787747 737.69943896867335 202.59778745449148 1.8451595425140113 1.9666766361333428 131.06764647131786 282.03545124270022 13.808759818319229 17.169673447264358 15.937700786627831 2.0155182699672878 16.761496515711769 58.869887155247852 20.8480096810963 11.369831971358506 425.08431062963791 42.688640027772635 36.835295210126787 24.293930113315582 0.96402649325318635 604.80823119636625 149.89931425405666 114.41212276904844 5.5499890847131592 16.583752369275317 1.7371961944736529 2.4060941156931213 4.909856135956943 0.81199510861188062 0.93256493285298347 1.3305628737434747 16.713358874199912 18.891992889111865 73.989594454411417 101.73953399434686 68.476003661751747 149.91479264874943 6.1939147191587836 2.4863285166211408 22.94672757294029 145.67817407147959 696.04217728972435 31.965883246157318 75.186286119744182 6.3772593764588228 36.214336568024009 1.237426743376999 183.29511735960841 185.29737323522568 12.197839417960493 26.555301062762737 12.496880288934333 16.275012076832354 39.167453384725377 244.3066847124137 354.29273285344243 124.59262420213781 5.2083990583196282 223.23616267018951
leaf_count=2634 517 193 19059 348246 7690 14350 45923 307 194 18114 39672 581 1752 245 217 746 8784 4184 1473 82847 1080 3154 404 140 25422 7369 7868 816 1652 160 167 626 136 189 138 4229 3327 5070 4321 2195 14467 432 141 1261 5780 21593 5465 1685 251 3317 147 1330 3326 256 242 160 112 2705 46288 82975 11189 387 41153
internal_value=-0.000429301 -0.0139566 0.00849347 -0.0186602 0.011277 0.0120152 0.000710501 -0.012622 -0.00639855 0.00974162 -0.00390286 0.0106363 -0.00841138 0.0183248 0.0456751 -0.011993 -0.00788518 0.0197634 0.0573832 -0.00984464 0.0127958 0.00597642 0.0118144 -0.0246153 0.00408297 0.011323 0.00605032 0.022557 0.0241122 -0.00751447 0.0358333 0.0605609 0.0385538 0.141739 0.133144 0.000833129 0.0223633 0.00800846 0.00942737 0.0206213 0.00309308 0.0079276 0.0549942 0.0155773 0.016317 0.00821527 0.0060549 0.0270313 0.0358206 0.00644315 0.0242753 0.0232807 0.0171838 0.0363824 0.0135016 0.0208184 0.00317248 0.0153692 -0.0109567 -0.018726 -0.000412301 0.0848754 -0.0118034
internal_weight=7680.22 3052.5 4627.72 2311.29 3779.13 3665.22 741.218 1147.63 568.256 2694.34 848.591 2561.53 582.679 970.886 15.7726 219.359 552.483 36.5633 15.7153 515.92 1926.64 265.912 1802.39 1163.66 634.892 402.384 521.859 12.4754 61.0335 132.805 44.4498 6.92537 14.3518 1.74456 3.29724 36.5694 19.856 896.065 822.076 88.0447 433.814 283.899 8.68024 906.324 883.378 797.782 90.8358 124.252 81.5635 275.219 12.6073 568.502 252.485 40.6324 211.853 28.4346 621.083 56.3371 526.342 579.374 160.807 7.61449 225.081
internal_count=910853 672581 238272 585786 123436 115746 86795 229844 105409 100184 114836 81910 90417 15562 1991 46669 103418 6322 2138 97096 55795 24419 52779 355942 26115 11598 40126 1659 5360 18274 3708 843 1945 325 332 7696 3467 31388 26318 2712 37414 22947 573 21391 20130 25914 14249 3016 1936 22374 1620 3964 4229 661 3568 405 25534 4457 85960 124435 14506 554 41460
is_linear=0
shrinkage=0.03


Tree=42
num_leaves=64
num_cat=0
split_feature=33 24 12 14 226 187 47 81 11 22 213 176 205 209 132 265 137 163 225 45 244 64 30 112 270 208 47 117 109 14 227 195 190 40 170 160 70 163 112 2 148 217 24 180 14 85 176 14 208 89 227 93 257 36 67 9 112 259 99 34 116 220 81
split_gain=1073.18 215.08 103.467 99.6531 70.7333 63.4377 62.7606 46.8799 43.0962 69.2298 41.787 40.8229 39.1236 36.0612 35.735 34.6486 33.9174 33.7868 33.5214 32.8329 28.2535 27.0923 31.6435 26.0484 33.7413 31.517 26.1498 29.269 41.3106 26.0003 26.7755 25.2129 24.4941 24.4275 38.3309 41.9525 23.9309 23.8776 23.7972 23.4258 23.2318 34.2383 22.7758 23.0574 25.3695 22.3635 26.12 22.0052 21.9912 29.3557 21.9398 21.6812 28.0413 21.3634 21.3024 21.1433 20.9088 20.5827 20.4939 20.1179 20.0369 19.7987 19.794
threshold=72.500000000000014 1.0000000180025095e-35 10882.677344779802 296.84451875952806 -22.499999999999996 -1.0000000180025095e-35 6326.8046702368119 493.55381627750802 -8779.61602684641 19406.361833905583 1.0000000180025095e-35 -89.002424636918974 -62430.324708830121 -80264.859310576954 28789.552306591937 -4.4999999999999991 1818.5041293099603 8153.4145123134467 1.0000000180025095e-35 49583.105921212024 -1.4999999999999998 7.5000000000000009 1.5000000000000002 82.500000000000014 -3314.5327652820961 85564.269455493893 10398.667295353038 349.44386900820308 1254.612018203007 64534.740301042395 -11.499999999999998 1.0000000180025095e-35 -1.0000000180025095e-35 773.50000000000011 -409.23592009577453 3.5000000000000004 3.5000000000000004 3843.5409278192587 23.500000000000004 1.0000000180025095e-35 3147.5000000000005 -2.4999999999999996 28166.011974836005 -1.0000000180025095e-35 34563.713557566378 1.0000000180025095e-35 -388.78291199254539 64534.740301042395 -82838.306088344048 219172.88660433519 -47.499999999999993 20.500000000000004 -9964.6606652399769 -820.49999999999989 1.0000000180025095e-35 1.0000000180025095e-35 13.500000000000002 -3.4999999999999996 184828.04740841332 1.0000000180025095e-35 -98.048444750982 -3.4999999999999996 1577.1733433386262
decision_type=2 2 2 10 8 8 10 10 2 2 10 10 8 8 10 10 8 8 10 10 8 8 10 8 8 10 10 8 8 10 8 8 8 8 10 8 10 8 10 10 10 8 2 10 8 10 8 8 8 8 10 10 10 8 10 8 8 8 10 10 8 10 10
left_child=1 3 4 8 17 -3 10 12 11 14 13 54 -7 16 18 48 53 47 31 38 -19 22 42 24 -24 26 27 28 -26 30 40 45 -33 34 -9 -36 -34 -29 55 -20 -15 -42 43 44 -4 -10 -47 -2 49 -6 -40 61 -53 -5 -1 -11 -13 -12 -16 -14 -41 -48 -57
right_child=2 5 21 6 15 7 -8 33 9 19 57 56 59 29 58 -17 -18 20 39 -21 -22 -23 23 -25 25 -27 -28 37 -30 -31 -32 32 36 -35 35 -37 -38 -39 50 60 41 -43 -44 -45 -46 46 51 -49 -50 -51 -52 52 -54 -55 -56 62 -58 -59 -60 -61 -62 -63 -64
leaf_value=0.034252099624388598 0.013239964062188091 0.054065292656252539 0.10706302422381482 0.039586035164384727 0.16024805596043554 0.10578753307498263 -0.0072401523932147738 -0.0088077538613937998 0.0095764373233122591 0.07388266376395719 0.074718790457613954 -0.014134214643811852 -0.018479716214908518 0.012939614867754121 0.03348866969420726 -0.016667623787438739 -0.0060807605007819256 0.16897873824482343 0.027173883853878301 -0.01167655430628761 0.03783927515193259 -0.024423418657432402 0.21603276772808896 -0.0096697922080019524 0.31439132133083642 0.21646613803913176 -0.010721111549553571 0.00043720750754241066 0.010065307765846489 -0.0053586676775445232 0.0043307760049052678 0.062464515214108625 0.0080360139476405544 0.007956249403163286 0.03553947931495826 0.23773211984699327 -0.0065785736504742126 0.16978057859634746 0.041682771754739611 -0.0054885477337374396 0.11136252573310383 0.026850572423083908 -0.023565487892680093 -0.013736406981506194 -0.00095329767568879818 -0.0081910018544440518 0.05087094905528982 -0.020375011959831827 -0.0039740227589959605 -0.0040773411926000895 -0.0026069427521347561 0.010709846137949588 0.10318023908936948 0.14175228339856061 0.019916845732202041 0.0069104119079308511 0.013140225845940243 0.021433100303977118 0.099360003430887051 0.031304685592821291 0.018584543968899681 0.017556147231589346 0.073915629634136115
leaf_weight=139.1927121351473 110.511205220595 12.508184989215806 2.968395305098964 3.33764682803303 1.7255579072516414 2.32721979287453 405.74074095208198 2.7440059289801866 833.77966115623713 7.2489931583404541 7.025517194531858 27.106853516306728 399.21639587008394 85.143217597156763 18.449960405938331 476.71777002629824 4.8328363252803692 2.0311783195938915 195.84203266957775 169.73218385246582 5.4349359970074138 920.29810443450697 0.84903788566589355 45.336449292954057 0.8693531309254563 0.72998329787515004 12.311440324876456 4.5365806345362216 0.74586552334949374 206.48241264210083 648.70815286645666 6.406405539251864 318.02619485929608 17.796526596415788 1.8015639649238466 1.8950770955998448 147.65790729946457 0.89764740108512331 10.951060982421039 44.446117929182947 5.5829532882198691 18.987494328990582 366.83932687621564 269.5732283287216 5.7430766168981791 30.992096805479378 16.863644541241229 20.830408075591549 243.32863297872245 2.2597286819946021 124.59651928627864 5.4951434736140072 6.376001713331787 4.1107339053414735 282.9358585132286 26.395757686812434 378.7741807512939 91.420834014192224 5.5234268768690518 7.4414798305369905 103.76965861627832 334.7414013016969 4.6698795501142731
leaf_count=1106 8771 258 221 153 205 218 63549 286 15808 120 241 553 93418 3889 471 96311 270 84 5405 14348 401 253499 154 11730 91 213 3345 815 187 18221 36250 47 13092 1942 120 147 14132 177 173 3096 223 1060 113958 56314 818 1282 384 3491 35740 302 4869 213 238 133 5431 860 5998 3678 177 266 2685 9112 104
internal_value=-0.000422359 0.00737899 -0.0165817 0.00925961 -0.00817976 -0.0125413 0.00281388 -0.0144644 0.0122067 0.0101795 0.00660638 0.018112 -0.0168668 0.00472956 0.012251 -0.0119407 0.0558123 0.0114376 0.011824 -0.00229071 0.0735162 -0.0210247 -0.0166279 0.00311214 0.030786 0.0229575 0.0156614 0.0617369 0.173862 0.00407939 0.00664892 0.010096 0.00420355 0.0260745 0.0761381 0.139193 0.00340206 0.02841 0.00687218 0.0203639 0.0203555 0.0460536 -0.0186559 -0.0121841 0.0358528 0.0123608 0.0182461 0.00790872 -0.00282916 0.0670726 0.000971279 0.0205003 0.0603758 0.0959712 0.0246438 0.0277481 0.0113187 0.0252358 0.0486653 -0.0175687 0.0113656 0.019154 0.0169828
internal_weight=7661.61 5167.08 2494.54 4721.35 862.839 445.73 1481.37 433.222 3239.97 2411.96 1075.63 828.01 408.985 977.185 2068.37 724.032 12.2812 138.808 2044.4 343.594 7.46611 1631.7 711.4 66.2764 20.9399 20.0909 19.3609 7.04945 1.61522 964.904 758.422 1700.34 472.091 24.2372 6.44065 3.69664 465.684 5.43423 173.862 344.058 109.714 24.5704 645.124 278.285 8.71147 1228.25 394.468 131.342 247.314 3.98529 135.548 363.476 11.8711 7.44838 422.129 38.3146 405.881 98.4464 23.9734 406.658 148.216 351.605 31.0656
internal_count=910853 324026 586827 227371 145305 96655 127667 96397 99704 86616 64118 13088 93902 60199 66142 132558 556 12747 65494 20474 485 441522 188023 16712 4982 4828 4615 1270 278 59643 41422 54308 27271 2495 553 267 27224 992 6126 11186 5172 1283 171311 57353 1039 27037 11229 12262 36247 507 5042 9947 451 286 6537 1084 6551 3919 648 93684 5781 9496 964
is_linear=0
shrinkage=0.03


Tree=43
num_leaves=64
num_cat=0
split_feature=12 16 16 23 23 203 13 213 227 87 10 14 215 227 135 23 220 149 118 14 161 98 106 151 13 155 14 266 4 87 40 29 82 163 217 267 193 14 22 200 22 204 31 182 115 60 79 60 215 266 226 34 106 130 14 173 144 173 151 10 119 32 211
split_gain=927.885 219.309 139.117 74.0978 66.2399 59.4404 49.3706 47.8985 48.3145 50.9017 43.861 41.5979 38.1283 36.1103 34.8187 30.1639 30.7148 30.1407 29.685 47.7963 56.3489 29.6657 29.544 29.222 28.8841 30.7021 28.8295 28.1872 28.0511 25.7703 24.6506 23.394 23.3253 23.3239 25.1731 32.9482 23.3003 22.8667 34.9748 23.6383 22.4581 41.117 25.1363 34.6863 30.5729 27.3497 26.8606 22.3655 25.9713 22.3231 22.2335 29.1899 23.6668 21.7559 25.9037 25.1229 25.6181 21.7074 21.5199 21.3516 22.1365 27.2096 32.8078
threshold=5618.3372003956692 2.5000000000000004 3.5000000000000004 1.0000000180025095e-35 1.0000000180025095e-35 1.0000000180025095e-35 1.0000000180025095e-35 1.0000000180025095e-35 -24.499999999999996 69.500000000000014 7.5000000000000009 -1.0000000180025095e-35 1.0000000180025095e-35 12.500000000000002 490.61481966918251 1.0000000180025095e-35 1.0000000180025095e-35 9011.7473923899979 7.5000000000000009 64534.740301042395 896.64318800274611 8.0000000000000018 2.5000000000000004 571.5524631225436 1.0000000180025095e-35 25473.588800183508 296.84451875952806 7594.7273437414669 289.50000000000006 1.0000000180025095e-35 105.50000000000001 7640.6318749067332 8.5000000000000018 2516.5308962639324 -3.4999999999999996 -1452.602464353942 -6.4999999999999991 -1.0000000180025095e-35 19406.361833905583 -398.81362533817713 19406.361833905583 -4423.2657334545684 1.0000000180025095e-35 -414.63375372656645 1658.6116307687939 16943.979072733837 432.89151595269908 49341.771641684951 2431.9251976395258 1566.6733564267822 -2.4999999999999996 8.0000000000000018 1.5000000000000002 20369.011683425859 -6559.2138171829274 1285.2313717166483 -1063.4999999999998 1285.2313717166483 675.52700298903915 7.5000000000000009 -220.34107697024396 44.500000000000007 -37.882766670100658
decision_type=2 8 10 2 2 10 2 10 10 10 2 10 10 10 10 2 10 8 10 8 10 10 8 10 2 10 10 10 2 8 8 2 8 10 8 8 8 10 2 8 2 8 10 10 10 8 10 10 10 10 10 8 8 10 10 8 10 10 8 2 10 10 8
left_child=2 3 5 26 10 6 11 8 27 22 14 -1 -5 15 18 16 21 -14 33 20 -20 23 -10 30 25 -24 37 50 -17 -28 -8 -29 36 -3 -35 -36 57 39 -39 -2 41 -32 43 -43 59 46 -46 48 -31 -42 51 -4 -53 54 55 -26 -57 -9 -27 60 -44 -62 -63
right_child=1 4 7 12 -6 -7 13 32 9 -11 -12 -13 17 -15 -16 28 -18 -19 19 -21 -22 -23 24 -25 53 58 29 31 -30 47 40 -33 -34 34 35 -37 -38 38 -40 -41 49 42 44 -45 45 -47 -48 -49 -50 -51 -52 52 -54 -55 -56 56 -58 -59 -60 -61 61 62 -64
leaf_value=0.021255871545121808 0.071721641665233635 -0.0026591033974527139 0.0055322834625675735 -0.014710986623030756 -0.024437857587282272 -0.011550204691920122 -0.0072283743115141097 0.031121752529508828 -0.012560715118677053 -0.017419233297377032 -0.019719517211823717 0.0079129532181280385 0.17894325111660206 -0.0094675175436091316 -0.014469495639111608 -0.0082226797316640246 0.023623134944651961 0.024861357896703018 0.2787690430052438 -0.007625127089223846 0.050791046609030811 0.040476210555460003 0.0032513550449758907 -0.0049369675687449639 0.0033782306593239174 0.045880854105032634 0.052521677601696806 0.053053539048133126 0.12032552521400487 0.0035449609794526919 0.037105289913422115 -0.019535461323564457 -0.006708407040322998 0.16585937898619316 0.15044840671492038 -0.0084738985062356286 0.020767951379376582 0.070235197137620622 -0.016883807645104543 0.0048931934582852983 -0.0020669401739215653 0.013480389706238048 0.014807907004209801 0.0030934503150176406 0.011335620650078501 -0.0065012032979340946 0.077103213436641782 -0.010592190951624947 0.073022213245613268 0.047912789455480109 -0.018677503660763501 0.16233606791008917 0.037894783232881306 -0.01760029481955196 0.00093922217715019032 0.072937028998909609 0.0030738505239120864 0.14508424152600111 0.15114521052872518 0.0050146933695715259 0.025304364104403232 0.12921676128215548 0.040103455336796621
leaf_weight=671.35466692177579 5.272783282212913 200.4061377348844 107.73392547597177 323.16885621193796 1032.5891158953309 105.11089502554387 71.460219594184309 3.3810864260885864 145.0144345392473 279.67086577881128 505.95573587319814 306.19593637040816 1.4018355309963215 90.454588632564992 259.95149079500698 99.206842286977917 150.68339845491573 6.1785926404409111 1.4555610523093472 5.3120365997310728 2.9601204397622496 27.700102077797055 7.8911887758877111 123.56005828455091 21.185114776017144 4.2865828608628362 8.9407978374510986 20.868432458722967 1.5516722241882224 418.73222160479054 55.532150158192962 4.9421203217934808 27.271280502900481 1.3737495597451923 1.4921673061326144 5.5081122606061381 73.549163431860507 16.082319634966556 5.5885513843968502 49.329677416943014 164.52928734384477 580.01244529336691 196.89109155256301 577.39830718794838 25.766666306182742 87.138141221366823 7.1370954299345604 114.56040310906246 4.8989450163207939 8.4561959286220354 28.41637677513063 1.5491077995393396 12.271835368825123 44.857206076616421 226.51233764225617 14.118553016800435 7.099030941259115 2.7099605221301317 2.9513917835429311 79.633784781210124 187.20055840490386 4.9394745547324419 15.038541347719731
leaf_count=5741 204 38183 14700 77038 332428 6633 3308 248 12439 57676 116963 9576 107 6463 54726 12417 3066 685 183 1032 494 263 499 4912 1579 259 339 892 108 33699 749 448 2714 135 185 791 3684 539 329 2408 9673 9428 5010 16006 646 3195 238 11785 328 349 4060 109 1390 6079 23312 779 501 124 157 2947 5237 133 525
internal_value=-0.00041554 -0.0135237 0.00791841 -0.00167339 -0.0191296 0.0106814 0.011343 -0.0017785 -0.00396607 -0.00726966 -0.0135615 0.0170765 -0.013151 0.00914873 -0.00704969 0.00983219 0.0105176 0.0533555 0.0017774 0.053004 0.12594 0.00962501 -0.00128012 0.00923384 0.00369356 0.0441808 0.00441607 0.0101966 -0.00624305 0.0020073 0.0100834 0.0391544 0.0172378 -0.000609408 0.0484436 0.0254017 0.0254377 0.0216949 0.0477687 0.0113466 0.0107051 0.0116886 0.0108872 0.00829865 0.0158496 0.00229813 0.0256012 0.00116813 0.00434841 0.000376261 0.00521288 0.0107978 0.0518427 0.00174139 0.00496774 0.0264878 0.049562 0.0818247 0.088804 0.0192127 0.0220108 0.028856 0.0621363
internal_weight=7644.39 2971.16 4673.23 954.155 2017 3636.95 3531.84 1036.28 929.369 753.587 984.415 977.551 330.749 2554.29 478.459 2463.84 2363.08 7.58043 218.508 9.72772 4.41568 2212.39 473.916 2184.69 328.901 15.1292 623.406 175.782 100.759 547.132 2061.13 25.8106 106.911 208.78 8.37403 7.00028 79.6402 76.2733 21.6709 54.6025 1989.67 1816.69 1761.16 1157.41 603.745 120.042 32.9038 538.192 423.631 172.985 149.971 121.555 13.8209 313.772 268.915 42.4027 21.2176 6.09105 7.23797 483.703 404.07 207.179 19.978
internal_count=910853 672581 238272 127461 545120 106623 99990 131649 124879 103280 212692 15317 77830 84673 95729 78210 65685 792 41003 1709 677 62619 45604 62356 33165 915 49631 21599 12525 46151 57444 1340 6770 39294 1111 976 4056 3480 868 2612 54136 44114 43365 25434 17931 4079 884 45812 34027 10022 20259 16199 1499 32250 26171 2859 1280 372 416 13852 10905 5895 658
is_linear=0
shrinkage=0.03


Tree=44
num_leaves=64
num_cat=0
split_feature=12 17 17 23 20 203 24 180 110 227 23 114 213 14 179 12 57 53 70 257 65 47 53 14 205 68 213 14 132 113 137 50 254 257 100 264 19 53 180 263 117 114 50 53 180 218 223 144 158 35 211 258 255 180 255 57 189 178 236 185 14 12 19
split_gain=879.552 218.276 148.173 91.0598 66.3569 58.6627 47.5724 44.0545 43.7417 42.0457 44.8698 39.4717 35.9141 34.8854 34.5297 29.7774 29.7644 29.6473 36.3209 54.3159 28.9313 28.8273 27.9469 27.6425 45.9814 26.6937 25.9887 25.2975 31.4486 43.3121 32.4188 35.6343 25.2086 24.678 34.7641 24.7217 23.8261 23.772 31.5198 39.0631 25.9256 23.7288 29.1438 23.6703 23.602 23.4778 22.672 32.9409 22.482 23.8864 21.8758 25.7804 21.7378 20.8332 41.4832 26.275 33.3462 59.3951 50.7999 28.2995 20.5392 21.3842 20.5043
threshold=5618.3372003956692 1036.6371997697422 13624.350916669742 1.0000000180025095e-35 1564.7037576023283 1.0000000180025095e-35 37968.357407293661 -1.0000000180025095e-35 1.0000000180025095e-35 -32.499999999999993 1.0000000180025095e-35 12068.354827217203 1.0000000180025095e-35 34563.713557566378 -579.73545755326984 1.0000000180025095e-35 41.500000000000007 3264.3891796582416 31.500000000000004 -12222.69111030601 -19902.981437608851 48814.776323267601 30297.331540159506 -6559.2138171829274 -28501.584212058482 -1474.3587238062698 1.0000000180025095e-35 109229.86180543674 58626.468399183796 1595.2086348154774 5706.3366060714752 3723.5000000000005 18139.421748714503 -27170.693996615908 -608.49999999999989 1.0000000180025095e-35 1.5000000000000002 1207.9583193025771 -1.0000000180025095e-35 -11938.87641064216 1.0000000180025095e-35 13804.356828985774 172.50000000000003 7746.575082653947 -1.4999999999999998 -1.0000000180025095e-35 1.0000000180025095e-35 -1002.4999999999999 171.50000000000003 161253.5827776322 -693.59005087621324 -2.9999999999999996 901.0191465477991 -1.0000000180025095e-35 -1940.0341127428383 34.500000000000007 5499.4761547112821 14.948010129077007 -3143.0263717943958 -61092.927358893845 296.84451875952806 35041.921200261386 6.5000000000000009
decision_type=2 8 10 2 10 10 2 8 8 8 2 8 10 8 10 2 10 8 10 10 8 10 10 8 10 8 10 10 10 10 10 10 10 8 8 8 8 8 8 10 10 10 8 10 10 10 10 10 8 8 8 8 8 10 8 10 8 8 10 10 10 2 10
left_child=2 6 4 8 5 7 60 36 11 13 16 17 15 14 -9 -4 21 18 53 -20 -8 41 -5 24 32 -18 33 28 37 -30 31 -31 -24 34 -27 -36 -1 38 39 -10 -41 42 -11 -22 -13 -28 -25 -48 49 62 51 -44 -38 54 -3 56 -55 -58 -59 -57 61 -2 -6
right_child=1 3 12 22 48 -7 20 9 27 10 -12 44 -14 -15 -16 -17 25 -19 19 -21 43 -23 23 46 -26 26 45 -29 29 30 -32 -33 -34 -35 35 -37 52 -39 -40 40 -42 -43 50 -45 -46 -47 47 -49 -50 -51 -52 -53 -54 55 -56 59 57 58 -60 -61 -62 -63 -64
leaf_value=0.018866633971278714 0.013381450027449527 0.22234871290819463 0.0020206896315028869 -0.025098142924414278 0.042675790302929582 -0.01106606945644063 0.079265273920850934 0.050303211078142916 0.17834648286884239 -0.0040679075899420648 -0.0080670504550157448 0.14784781365132857 0.015700069683938257 -0.011057155441251626 0.019425433240799893 -0.012262577968731514 0.011549581402664055 -0.0084150508285303072 0.018244252725882301 0.33206034788473071 -0.014871357911752542 0.053582782752035631 0.066106457596733045 -0.016173750840068689 -0.020355149715100895 0.010763445425810904 0.046089130534357731 -0.024195618832209692 -0.021139865469812971 0.079162413561158246 0.011708550751987236 0.27461491518104536 0.24523964587900413 0.00072515242768476094 0.024116525462490664 0.11940798540451381 0.098242426269446598 -0.019264537479274774 -0.0081979438550152262 0.14523102385791856 -0.0087818505758129068 0.0065361699701519801 0.10447288657125448 0.032699208028724648 -0.011816831631064345 0.011064574346879465 -0.030222473274305845 0.2409130304411897 -0.0072087385449803084 -0.012257881297113965 0.016883872422205314 0.027450131522051845 0.022848574725614412 0.019002479215253505 0.009599721800347823 0.13838762566123794 -0.030281612823073116 0.30493308084929488 0.047364761562630378 0.0031234674628014014 0.0032836970160062084 0.057931424493625566 0.16765898142139996
leaf_weight=452.71593769523315 60.400110512040555 1.3047542863059787 192.91440473706461 1051.1919507060666 4.0931548341177377 107.31233538989909 3.1318136863410473 50.299946371233091 1.7244036833290008 59.671858832240105 127.04533973499201 0.83622971153817971 65.383511235704646 21.068424109369516 92.597994932439178 411.71987054357305 844.90496585029177 55.118558105779812 1.2391324189957234 0.82812507939524849 197.3880137396045 16.244898211676627 1.5474108643829825 27.643599948147315 2.9978987306822091 55.523321134736761 21.221794899553061 242.4220448138658 6.5598566920962167 2.4550531494896863 2.8567854496650398 1.275769911939278 1.3018726047594098 742.19475213368423 4.8714053980074805 4.9299824598710984 6.594188441988079 278.12827747850679 189.54536744160578 1.194517946569247 5.5733413640409708 328.29464045632631 5.4578940207138658 9.8853680044412595 233.56227248092182 91.454335437621921 0.84338144469074905 0.77281623077578732 235.1856781670358 4.7290439512580642 726.1210350508336 13.799867799971254 7.1996296839788556 9.1081910254433733 2.2426469800993796 1.4218878143001337 1.5457443695049722 1.7003538312856106 1.1588455869350585 66.342394046252593 454.68768398487009 11.551684145117177 1.6606662564445285
leaf_count=4962 2932 141 19456 348246 370 7376 138 1003 238 2501 19315 96 4856 2149 2233 71763 17882 10897 236 157 46199 534 209 6593 515 2632 478 58118 993 256 446 118 110 30327 221 162 134 65327 34350 154 791 10164 226 332 46533 1740 155 114 19212 244 17641 407 140 1068 240 202 225 239 169 8850 36808 386 144
internal_value=-0.000408877 -0.0133023 0.0076412 -0.0180465 0.00981555 0.0107976 0.000822967 0.0114365 -0.0119959 0.010183 0.00938531 -0.00368556 -0.00542135 0.024981 0.0302944 -0.00770536 0.010146 0.00879548 0.0197127 0.143956 -0.0112352 0.0139026 -0.0242188 0.00211165 0.0616608 0.00769944 0.00416432 -0.0162708 -0.0123445 0.033426 0.0877621 0.145998 0.147955 0.00228104 0.0199585 0.072047 0.0200501 -0.0136083 -0.0056646 0.050879 0.0184012 0.0133338 0.0161058 -0.0126026 -0.0112472 0.0176612 -0.00978846 0.0994262 -0.00529272 0.0376935 0.0177208 0.0492794 0.0588909 0.0166848 0.08785 0.0135787 0.0517758 0.119542 0.20054 0.0059617 0.00564049 0.0205338 0.0787484
internal_weight=7626.7 2931.49 4695.21 2194.44 4025.19 3779.52 737.045 3672.21 1108.14 3205.7 3041.74 376.409 670.018 163.966 142.898 604.634 2914.69 142.011 86.8921 2.06726 210.405 1149.59 1086.3 35.107 5.84718 1765.1 920.196 731.735 489.313 13.1475 6.58761 3.73082 2.84928 807.519 65.3247 9.80139 466.51 476.166 198.038 8.49226 6.76786 1133.35 805.051 207.273 234.399 112.676 29.2598 1.6162 245.669 10.4829 745.379 19.2578 13.7938 84.8248 3.5474 81.2774 13.5131 4.40494 2.8592 67.7643 526.639 71.9518 5.75382
internal_count=910853 672581 238272 585786 142197 122227 86795 114851 229844 109615 104230 69053 96075 5385 3236 91219 84915 22424 11527 393 46669 31473 355942 7696 834 53442 35560 160791 102673 1813 820 374 319 33342 3015 383 5236 100860 35533 1183 945 30939 20775 46531 46629 2218 6862 269 19970 758 18274 633 274 11134 381 10753 1701 633 408 9052 40126 3318 514
is_linear=0
shrinkage=0.03


Tree=45
num_leaves=64
num_cat=0
split_feature=33 24 53 14 55 11 8 181 213 11 1 181 1 115 209 1 213 183 40 22 137 115 68 1 47 84 227 210 32 204 1 53 1 15 99 133 97 81 100 31 35 262 141 1 204 99 270 119 6 26 172 133 125 266 99 133 1 104 49 210 183 58 55
split_gain=939.414 179.922 107.173 87.9798 84.927 59.2997 57.5521 44.1512 44.0025 43.8481 42.1263 41.9457 34.5553 40.2503 33.3188 31.3103 30.9452 30.5301 39.9785 37.9513 28.5856 29.5109 26.8917 26.1864 35.3731 31.2036 28.9846 25.4568 41.238 24.7023 24.5704 24.0415 23.6141 28.8941 23.5294 27.1846 23.5 23.1522 22.9989 22.4079 22.0973 24.8744 22.0819 22.7188 21.3911 21.3018 21.1559 23.9307 20.7562 20.4994 21.2788 30.7829 28.5739 26.1253 38.5593 24.0384 26.7358 48.5527 23.923 22.5232 23.0671 20.4113 41.3497
threshold=72.500000000000014 16554.288479542385 30297.331540159506 296.84451875952806 651.90162936955642 -5608.8238504682349 -344.14623100524994 -1.0000000180025095e-35 1.0000000180025095e-35 -4604.5044660697822 202002.50000000003 -1.0000000180025095e-35 202101.50000000003 1126.4962081615902 -80264.859310576954 202002.50000000003 1.0000000180025095e-35 -62.875508536701993 459.50000000000006 24590.555385330579 1818.5041293099603 382.70547756898105 77430.279417570637 202011.50000000003 11881.373561451344 1.0000000180025095e-35 -11.499999999999998 -444.59555997333877 39.500000000000007 1.0000000180025095e-35 202011.50000000003 30297.331540159506 202101.50000000003 1.0000000180025095e-35 734704.73187930859 3572.2743916903451 13080.950070491412 1686.4010043330452 -1309.4999999999998 1.0000000180025095e-35 368497.40015460755 -5902.6001729607615 139.50000000000003 202106.50000000003 -2378.5733951222251 100866.00485942011 -188.44611122033231 -8162.9545888726607 21152.446168384577 1.5000000000000002 926.70734560360972 4052.7700438946226 10681.212614382175 -465.50496218042241 328301.56137826084 206.72000445979606 202104.50000000003 2821.5000000000005 1.5000000000000002 -300.61803117537505 -2893.866659060132 40.500000000000007 8209.552078845174
decision_type=2 2 8 10 10 2 8 8 10 2 2 8 2 8 8 2 10 10 8 2 8 8 8 2 10 10 10 10 10 10 2 10 2 2 8 8 10 8 8 10 10 10 10 2 10 8 8 8 10 2 10 10 10 8 10 10 2 8 8 10 8 8 10
left_child=1 3 4 11 7 10 32 40 14 15 34 29 -9 -14 20 46 36 18 -13 23 21 -8 42 24 25 44 -25 28 -28 -1 -10 49 33 37 35 -4 -11 -5 -33 -37 41 -2 43 -16 48 -7 -3 -48 -19 50 52 -52 55 54 -53 -20 59 -58 -55 60 -57 62 -6
right_child=2 9 5 6 61 45 8 12 30 16 -12 17 13 -15 22 -17 -18 19 31 -21 -22 -23 -24 26 -26 -27 27 -29 -30 -31 -32 38 -34 -35 -36 39 -38 -39 -40 -41 -42 -43 -44 -45 -46 -47 47 -49 -50 -51 51 53 -54 58 -56 56 57 -59 -60 -61 -62 -63 -64
leaf_value=0.019489249309245185 0.041920322136744875 0.10513290558793525 0.01641587885258641 0.0011186004070877231 -0.016676554881440937 0.027798209100168329 0.042965213485733095 -0.017714871423745553 0.01041146754708192 -0.018811822172141505 -0.011192392113293339 0.00042165011823838233 0.0087228071826803977 -0.015267039939479567 0.0044014507357768478 -0.0078524947238272566 0.048705326020563482 0.016559971480946525 0.010231150021835275 -0.0087618742492003281 -0.0033500796170283548 0.16235599032515916 -0.0051369311439891444 0.040643079850354494 -0.013537257350830875 0.037024976395497289 0.025861336958320113 0.0093455982786730691 0.1547340122087956 -0.016291525234207661 0.038985976172484851 0.0040530290763245679 0.0041308213754207273 -0.017980941057663985 0.0087649847313901984 0.11045519247883233 0.081588937681870699 0.068905899566388373 0.05983640930092711 0.047930621026127093 -0.014323261365188899 0.0034226623135006273 0.092927627420114622 0.030020842893644453 0.0035211242079377703 -0.012063124098796138 0.08119606132343489 -0.0021619839641271489 0.077899242279776168 0.038753215056673306 0.016541630862331271 0.052956068124173271 -0.0040629322307533322 0.089286752699577268 0.20692701339711916 0.088892543356766607 0.13346457932228506 0.022725000341641263 0.009492160227215737 0.012026593166919234 0.025353063664208489 -0.02624590754169738 0.075446730469931375
leaf_weight=556.14388947142288 22.369261502753943 4.1983390881214291 19.044474796392024 27.641381938476115 122.48922633263282 13.040413535432888 5.1523536606691751 749.55310364533216 59.046030453639105 324.9170108481776 28.668821568368003 235.310044368729 110.31633609789424 146.58014568104409 757.18776248348877 21.035277167567983 6.34950211434625 22.045170289464298 802.08107712189667 146.40599461388774 5.3360970425419518 2.9188980595208696 275.56264002039097 34.539502606727183 88.286005654139444 29.457802257500589 12.008108232170342 262.58178584976122 2.7456642519682637 17.924923618324101 50.031220607226714 10.159149258630348 91.712472105864435 205.07822302519344 26.108015676261857 6.7491499304305789 2.1117906360886982 5.4244797592982641 19.267166227102283 21.891798670869321 31.759185672737658 46.515732766361907 2.6059787867125115 32.488973881816491 432.71501463884488 161.44044008292258 4.8548558233305812 8.5730266072787362 6.4081649510189882 27.691807892406359 364.24894810002297 4.6229957814794034 109.19466193299741 4.6989284697920084 2.1421374874189496 7.3829782474786043 5.4273721110075686 10.374602987896651 12.061045610345905 88.069600411690772 16.942578670801598 876.3131911533419 4.547875818796455
leaf_count=6596 2297 277 833 1016 37883 1533 225 161499 3177 83577 3192 8776 16712 29275 51936 2600 566 469 17376 10673 348 131 27415 930 9586 1218 596 6936 151 460 1718 383 10377 35623 1915 214 219 128 416 1257 5881 6813 98 1711 15007 26223 208 772 132 515 6246 260 9081 183 139 270 140 238 572 3713 842 289835 1465
internal_value=-0.000402591 0.00672326 -0.0159926 0.0082652 -0.0182952 0.00155406 0.00228486 -0.012566 0.00535764 -0.0133826 0.0196693 0.0109945 -0.0144605 -0.00496533 0.00352562 0.0168608 -0.0168899 0.00945831 0.0119101 0.00539321 0.0505242 0.0861419 0.00293553 0.00771968 0.00394434 0.00709008 0.0147276 0.0115001 0.0498444 0.018372 0.0235179 0.0137313 -0.00880369 -0.0137849 0.0316591 0.0441938 -0.0181635 0.0122392 0.0405777 0.0626643 0.0063793 0.0159241 0.0057432 0.00545549 0.00517794 -0.00908395 0.0463539 0.0279761 0.0303746 0.0131883 0.0126923 0.0186897 0.010455 0.0519496 0.10171 0.0121591 0.0242216 0.0607598 0.0318639 0.0190846 0.0446377 -0.0246167 -0.0133786
internal_weight=7610.55 5223.16 2387.39 4851.12 2110.44 276.943 1520.19 1107.09 1190.33 372.04 102.462 3330.94 1006.45 256.896 1081.25 38.6615 333.378 2756.87 1719.68 1037.19 13.4073 8.07125 1067.85 890.787 578.912 490.626 311.875 277.336 14.7538 574.069 109.077 1484.37 329.857 238.144 73.7934 47.6854 327.029 33.0659 29.4263 28.6409 100.644 68.885 792.283 789.677 461.168 174.481 17.6262 13.4279 28.4533 1454.94 1427.25 387.774 1039.47 23.5251 6.76513 930.278 128.197 15.802 16.76 112.395 24.3256 1003.35 127.037
internal_count=910853 324026 586827 235807 551660 35167 133903 222477 86759 88219 7411 101904 207486 45987 81864 3857 84362 94848 49150 45698 704 356 81160 35025 26412 16826 8613 7683 747 7056 4895 40374 47144 36767 4219 2304 83796 1144 799 1471 14991 9110 53745 53647 15608 27756 1257 980 601 39575 39060 7400 31660 1154 399 22579 5203 378 755 4825 1112 329183 39348
is_linear=0
shrinkage=0.03


Tree=46
num_leaves=64
num_cat=0
split_feature=33 10 16 183 47 37 44 213 33 211 99 6 66 185 163 105 221 142 182 90 265 211 47 230 1 38 13 189 66 215 4 4 90 5 257 1 1 47 39 257 31 28 209 37 220 248 81 3 1 22 39 81 116 1 40 81 209 1 0 263 61 151 155
split_gain=893.477 135.218 97.0115 70.768 50.086 43.4089 38.9029 38.2724 43.9667 44.5672 35.9279 35.4137 33.3497 32.6919 30.0338 29.0159 29.0979 28.4912 27.7453 27.5383 26.4114 26.4117 26.82 36.7606 25.4967 26.8219 28.843 24.7637 24.6026 36.4518 24.2393 24.1121 26.9102 48.6042 45.7954 24.0603 23.8497 22.7036 24.4579 35.5609 37.5027 27.7261 22.1836 21.6115 21.449 21.1761 21.0815 19.2698 19.1986 19.0663 19.9999 21.4656 30.4453 18.8351 23.2248 18.7214 19.6897 18.553 20.5333 18.4887 17.8949 17.9714 17.5914
threshold=72.500000000000014 6.5000000000000009 1.0000000180025095e-35 -62.875508536701993 5010.419680461805 123867.8563518508 1.0000000180025095e-35 1.0000000180025095e-35 11.500000000000002 -349.46022391347395 118445.28601715568 33924.726962024804 9455.9035758863884 -2373.5554792080698 1.0000000180025095e-35 1385.0919884404952 1.5000000000000002 1.0000000180025095e-35 -12301.586679373437 -334.49999999999994 -3.4999999999999996 -6800.0389220980487 11881.373561451344 12224.010527766894 201956.50000000003 42029.599347966607 1.0000000180025095e-35 -78179.242461200556 1.0000000180025095e-35 1520.0213029120353 121.50000000000001 53.500000000000007 -1155.4999999999998 6170.6217172663264 -18421.312011786151 202006.50000000003 202008.50000000003 13444.247404729222 3.5000000000000004 -9964.6606652399769 1.0000000180025095e-35 2.5000000000000004 1.0000000180025095e-35 75893.220090366347 1.0000000180025095e-35 6.5000000000000009 493.55381627750802 44.500000000000007 202011.50000000003 24590.555385330579 4.5000000000000009 2319.7363008180705 1.0000000180025095e-35 202010.50000000003 601.50000000000011 1727.1354339293548 -80264.859310576954 201907.50000000003 30375205.000000004 -1092.7337305402891 264.00233289518002 1681.9278752596938 147490.66178749842
decision_type=2 2 8 10 10 10 10 10 2 8 8 10 8 10 8 10 10 10 8 10 8 8 10 8 2 8 2 8 8 10 2 2 10 10 10 2 2 10 8 8 10 10 10 10 10 8 10 2 2 2 10 10 10 2 10 8 8 2 2 8 8 10 10
left_child=1 6 15 17 11 12 7 8 24 37 -7 14 20 53 44 16 -2 28 47 -18 21 22 -4 -24 25 -1 -27 -16 30 43 62 32 -12 34 -34 57 45 38 39 40 -10 -42 49 55 -5 -6 -44 -11 -39 50 51 -20 -53 -9 -55 56 -30 58 -31 -37 -50 -62 -3
right_child=2 3 5 4 36 10 -8 13 9 18 31 -13 -14 -15 27 -17 19 -19 42 -21 -22 -23 23 -25 -26 26 -28 -29 29 35 -32 -33 33 -35 -36 59 -38 48 -40 -41 41 -43 46 -45 -46 -47 -48 -49 60 -51 -52 52 -54 54 -56 -57 -58 -59 -60 -61 61 -63 -64
leaf_value=0.076156030711311301 -0.0077806658504443087 0.0056388785018422873 0.22741638608582621 0.0050463819713165202 -0.018451695361440906 0.098473151839373829 0.021153741414130615 0.023154668331883444 0.014986194055097428 0.014396970269290453 0.0018637867466202674 -0.012191605477587084 -0.021428793202671111 0.016526566720120896 0.048472625358885787 0.01790093966309611 0.018762657720375178 0.061951589690849754 0.0063442614835471376 0.1449791813023476 -0.01581681134777483 -0.0021074399862896762 -0.010726803664021052 0.21002069692557712 0.0097551907039425539 0.029633810206672499 0.01122925925882539 -0.016351735543937849 0.052721645578322172 0.096560833983516503 0.020708654353939347 -0.0088105839948952516 0.33527446012731538 -0.014691171428404121 0.073974306139989149 0.071777075274283175 -0.0034243421502871811 -0.016076746011701028 0.021308953545407027 0.034065586627704682 0.25517557186713735 0.094777169115747101 -0.020024994025517134 0.046378860846540297 0.029227927331188015 0.0276583140878227 0.056439518866149341 0.074571669462391882 0.10999497122933451 -0.0086239560522431563 -0.0043366232721973154 -0.014322912477072099 0.10305913133960691 0.041819821250129958 0.11011788852889101 0.0061945744979710199 -0.0059181422530440713 -0.014276186490195778 -0.0067992405631483524 0.025061051688890841 -0.00095616598042693813 0.11232273787132654 0.046291192148593563
leaf_weight=7.413439472205936 259.59177683573216 341.52874662610702 0.81153319845907379 548.51041917642578 264.82254472840577 3.6619687594939014 305.99458439461887 15.279293195344506 1.95319836307317 12.90574447787367 6.2670644249301404 147.77652978943661 1421.7849241453223 228.90409817453474 5.6648308299481869 60.326145823579282 19.310566969681535 8.3477986038196814 590.89623065060005 1.6921030194498587 431.13137949164957 94.015576598932967 3.0732029427308589 0.87147112237289581 766.33397418493405 125.99087892938405 195.63194518699311 83.201003311900422 5.2298139436170459 3.274533070856708 165.33556706551462 42.419459211174399 1.0640665031969545 1.9096738186199216 1.3950931690633281 9.2184742153622192 208.31556469504721 20.77998333494179 57.171731530688703 14.028022036654876 1.9689999646507206 1.9114908569026736 58.985570930410177 8.8431137232109887 35.126896045636386 9.277961314423008 3.4339925847016266 7.6158732501789919 2.1335574933327717 116.87538981181569 182.17885041679256 3.361172247445209 4.8700465145520866 11.733295995043592 7.249746592482551 211.50949540012516 352.91972268442623 22.058238639961928 3.6668295182753354 44.098892701091245 9.0972183952108008 1.4631820039357979 9.8566192551515979
leaf_count=170 33819 9268 58 27861 49197 364 2187 585 134 266 877 15315 426815 3913 845 2084 1617 123 37514 125 92509 18465 585 110 14828 1926 4669 16414 375 141 4797 8788 140 296 175 349 30226 3087 2650 954 91 190 13679 517 1462 86 284 224 215 7011 14463 231 136 276 201 18463 34992 1152 189 1161 918 105 186
internal_value=-0.000396119 0.00649096 -0.0157712 0.0014216 -0.00340525 -0.0182828 0.0110682 0.00980861 0.00850797 0.00424707 0.00758932 0.00110591 -0.0190347 0.0206174 0.00402792 -0.000974611 -0.00503274 0.00672389 0.00221272 0.0289314 -0.0126111 0.00138182 0.0703538 0.0380415 0.0127543 0.0197394 0.018439 -0.0122194 0.00633237 0.00249786 0.0112362 0.00131637 0.041706 0.0988593 0.187038 0.0211766 -0.0110758 0.0223087 0.0312724 0.059952 0.1222 0.176165 0.00147535 -0.000159999 0.00650178 -0.0168909 -0.0158183 0.0367287 0.0016806 0.00267718 0.00436771 0.00701447 0.0551268 0.0479476 0.0679033 -0.000882446 -0.00506187 -0.000815444 0.0419601 0.0331382 0.0307493 0.014739 0.00677921
internal_weight=7594.07 5244.75 2349.33 2488.58 1302.7 2008.41 2756.16 2450.17 2187 1091.63 56.7173 820.28 1951.69 263.166 672.503 340.921 280.594 1185.89 981.123 21.0027 529.903 98.7718 4.75621 3.94467 1095.37 329.036 321.623 88.8658 1177.54 660.819 516.721 53.0554 10.6359 4.36883 2.45916 82.317 482.416 110.507 77.0334 19.8617 5.83369 3.88049 960.601 578.502 583.637 274.101 62.4196 20.5216 33.4739 898.182 781.306 599.127 8.23122 34.2623 18.983 569.659 358.15 28.9996 6.94136 53.3174 12.694 10.5604 351.385
internal_count=910853 324026 586827 213119 141406 549182 110907 108720 103745 82152 10640 61897 538542 4975 46582 37645 35561 71713 73808 1742 111727 19218 753 695 21593 6765 6595 17259 71590 57339 14251 10276 1488 611 315 2992 79509 8344 4019 1369 415 281 73318 54347 29323 49283 13963 490 4325 59355 52344 37881 367 1062 477 53830 35367 1482 330 1510 1238 1023 9454
is_linear=0
shrinkage=0.03


Tree=47
num_leaves=64
num_cat=0
split_feature=33 29 16 13 8 22 56 215 107 109 204 140 109 220 226 188 182 209 27 225 180 204 262 203 110 60 116 63 88 256 161 193 216 107 221 256 161 140 4 247 110 155 267 146 60 116 225 225 35 215 20 226 111 116 243 35 203 102 30 135 188 43 110
split_gain=849.768 129.674 94.4666 90.7618 66.6746 69.1404 46.5108 45.391 44.9627 40.9302 39.457 39.3018 36.2608 35.2675 33.5964 42.7273 32.654 32.3151 34.3476 31.7324 31.3667 32.3855 47.0032 30.9869 29.8973 37.5763 30.5412 29.6123 29.6117 28.3881 33.8924 32.25 29.2723 28.1227 28.8856 27.1593 30.2773 36.3094 26.8526 26.7551 25.8856 25.8713 25.6314 24.8151 24.2336 28.6136 27.2992 23.7127 44.815 23.5047 23.4133 23.3956 22.9023 22.6691 22.2219 22.0108 21.8044 21.7837 21.6313 26.2896 24.3349 21.9162 30.0711
threshold=72.500000000000014 21605.10443393431 1.0000000180025095e-35 1.0000000180025095e-35 -344.14623100524994 19406.361833905583 1.0000000180025095e-35 452.24978133015799 30091.112087186844 376.15641957441682 -3938.7212828580818 11.500000000000002 1.0000000180025095e-35 1.0000000180025095e-35 -4.4999999999999991 -28900.191508256412 -5219.1501096220245 -80264.859310576954 1322.2397681805032 46.500000000000007 -1.0000000180025095e-35 -33644.432996867174 -3135.5205781799655 1.0000000180025095e-35 1.0000000180025095e-35 8423.8548362946967 -339.83826529489846 343.41874116975055 8.0000000000000018 -4843.7227518520367 1720.435594088334 -2.4999999999999996 1.0000000180025095e-35 479.68284358808256 1.5000000000000002 -3051.8547403463958 1206.6862176380598 21.500000000000004 114.50000000000001 666.52045257182567 1.0000000180025095e-35 147490.66178749842 4914.8629289712526 68389.872914988911 24663.529330090325 118.54409886738851 -4.4999999999999991 6.5000000000000009 117333.01627438105 1520.0213029120353 1564.7037576023283 -5.4999999999999991 30.500000000000004 255.514546084535 1.0000000180025095e-35 449366.40553139726 1.0000000180025095e-35 131605.87335239523 2.5000000000000004 2308.5618225694029 -336.74628246204196 141.42004820203354 1.0000000180025095e-35
decision_type=2 2 8 2 8 2 8 10 10 10 8 10 10 10 8 8 10 10 2 10 8 10 10 10 8 8 8 10 10 10 8 10 8 10 10 10 10 10 2 8 8 10 10 10 10 10 8 8 8 10 8 8 10 10 8 8 8 8 8 10 8 10 8
left_child=1 3 33 16 40 10 7 13 9 20 -6 39 14 -3 15 29 -1 -14 -19 27 21 22 -4 43 25 26 -22 58 42 30 31 -12 -33 34 41 -28 37 -37 -21 -10 49 -2 -7 -18 45 46 -15 -36 -49 -5 53 -51 -9 -17 -40 -41 -44 -56 60 61 -16 -60 -63
right_child=2 6 8 4 5 28 -8 52 11 -11 12 -13 17 44 19 50 23 18 -20 38 24 -23 -24 -25 -26 -27 35 -29 -30 -31 -32 32 -34 -35 47 36 -38 -39 54 55 -42 -43 56 -45 -46 -47 -48 48 -50 51 -52 -53 -54 -55 57 -57 -58 -59 59 -61 -62 62 -64
leaf_value=0.028602855062044977 -0.0095268287345917791 -0.0047274065421059408 0.33805202214622043 -0.00021294220893152327 0.030068410251036161 -0.0081264839865398206 -0.013102783921180285 0.1256029526691009 -0.0084158689605832449 -0.02374949306147936 0.21673853188032891 -0.017342291911082535 0.028186596806051446 0.15436583961708361 0.011322349285337163 0.020533347431683672 0.011783988782113224 -0.015693540278082053 0.058410576512347691 0.0089431564739067635 -0.0016391647793289473 0.0045640918716766243 0.0032549388646987572 -0.012635137965153309 -0.01979124078106928 -0.01615638276111769 0.015595984577129006 -0.003013239013157146 0.10663957854173906 0.015540184554699943 0.00089200266725001016 0.12430981051592913 0.0076300388257263194 0.01477761628335578 0.003462850224905147 0.22520224820005935 -0.0021758245631849573 0.050876949318907135 0.15140225975081023 0.055356050405041532 -0.010467422614445046 0.076916540673863984 0.042273064212233931 0.023467262279043534 -0.031027707607858359 0.16771591641743727 0.019485591993684395 0.17957783164011273 0.019890687264839599 0.094353105323055117 -0.00035511362839375516 0.01736337368815298 0.027525666561840266 0.0010434570358782763 0.11885464320054195 0.0064502502224436185 -0.030947673495220516 0.020275431459260775 0.014030947805074178 0.079412201633203464 0.0040062298190395185 0.15602455602755322 0.021310586239785774
leaf_weight=153.48371288622729 240.25906029064208 225.26364069920965 0.65149994194507599 210.89189398940653 78.047307326924056 317.23100752825849 376.24851194769144 2.277799360221251 20.516631613019854 902.58037125458941 2.0358847070019683 54.648879912681878 20.962696865200996 1.6193611919879911 806.32760775042698 327.3570195173379 631.09427306940779 116.71209338703193 5.9145643224474034 10.981777122244241 83.960145722143352 44.789487345842645 0.89705367945134529 38.697867694310844 622.01030673761852 188.20045952382497 13.649989964207636 229.19398943241686 2.1138389902189365 9.425532922614364 3.4276102946605542 5.5837113244924712 2.9614561742637289 78.668589165899903 11.13171983649954 2.1049503972753874 2.1286965520121157 2.1983840861357749 2.6082725040614587 19.849795601796359 276.79030829272233 3.1569419289007774 16.447517613414675 220.88370967749506 3.1373487825039765 1.9517249772325147 8.1343136434443277 2.3852560841478434 4.695145767647773 4.2815367036964744 81.311096880817786 20.856908799614761 36.158321817638353 64.252441533608362 2.984209805959833 14.212808341253547 4.7080713280010995 6.2275199317373344 92.282686603022739 6.6413229238241902 830.74470384209417 2.3777068736962965 4.0003115436993539
leaf_count=1337 33292 30271 115 19324 1766 28519 58306 95 3943 310963 130 12026 3165 185 18058 11038 12417 24758 286 469 15881 8887 189 1948 149745 40704 1707 20135 50 770 256 381 241 2594 1024 184 297 206 127 2111 37567 117 717 3573 381 146 869 157 461 181 6024 857 2218 1689 138 2224 291 309 2782 150 31756 77 269
internal_value=-0.000389322 0.00626936 -0.0155472 0.00804385 0.00576591 0.00744726 -0.00622331 0.00306931 -0.0180656 -0.0191623 0.00904689 0.000641596 0.00842408 -0.00177607 0.00926918 0.0162533 0.0158227 -0.00623504 -0.0121193 0.00753098 -0.0148522 0.0092275 0.144109 0.0136204 -0.0160727 -0.00815803 0.00631009 0.00712403 -0.00529506 0.0557942 0.0828786 0.109437 0.0838727 -0.000949981 -0.00567909 0.0395448 0.0903688 0.136147 0.0427187 0.0186484 -0.00424333 -0.00840572 -0.0059943 0.014813 0.0430154 0.0628608 0.0418792 0.0307639 0.0736863 0.0030556 0.014294 0.0304761 0.0333379 0.0173356 0.0740991 0.0349498 0.0259782 0.0522109 0.0084575 0.0216372 0.00760973 0.0177481 0.0715316
internal_weight=7577.33 5264.63 2312.7 4609.84 3565.68 3052.86 654.791 278.543 1972.4 1863.17 2712.36 109.228 2634.31 240.106 2490.72 496.355 1044.16 143.589 122.627 1994.37 960.591 46.338 1.54855 890.676 914.253 292.243 104.042 1971.57 340.5 23.4342 14.0087 10.5811 8.54517 340.297 261.628 20.082 6.43203 4.30333 22.8018 54.5792 512.821 243.416 338.387 851.978 14.8427 11.7054 9.75367 18.2121 7.0804 236.03 472.921 25.1384 38.4361 391.609 11.82 34.0626 21.1556 9.21173 1742.37 105.302 1637.07 98.6607 6.37802
internal_count=910853 324026 586827 231555 212280 154351 92471 34165 549182 528878 124774 20304 123008 31852 94799 20529 19275 28209 25044 74270 217915 9191 304 17938 208724 58979 18275 73227 29577 1778 1008 752 622 37645 35051 2394 687 390 1043 8278 57929 33409 29527 15990 1581 1200 1054 1642 618 20362 18751 1038 2313 12727 574 4335 1008 447 53092 3278 49814 3128 346
is_linear=0
shrinkage=0.03


Tree=48
num_leaves=64
num_cat=0
split_feature=33 23 53 23 13 8 22 26 14 31 14 43 16 44 57 14 56 152 227 209 189 35 223 205 227 14 7 56 60 136 218 8 145 35 205 12 119 132 93 50 236 119 204 213 22 212 130 9 208 185 44 88 7 153 14 133 14 44 124 116 262 56 29
split_gain=808.271 156.608 100.066 86.1652 75.7463 72.2174 77.2656 46.7203 44.3888 47.6512 43.7906 38.6385 37.9124 37.1432 34.1577 33.8635 31.1574 46.2572 46.083 30.2655 26.4146 37.156 26.4126 42.5138 26.0704 25.8777 24.4751 24.3814 25.5409 29.9214 25.7166 35.382 24.6104 24.341 23.9274 23.5506 23.3408 22.666 23.4075 29.9213 22.6606 22.3831 22.2798 22.0457 21.9714 25.8569 23.4081 21.3138 30.0226 24.3397 20.9572 20.8558 20.5835 20.2287 20.2226 19.948 19.9019 19.7865 19.7827 19.5794 19.7781 21.6625 19.1145
threshold=72.500000000000014 1.0000000180025095e-35 30297.331540159506 1.0000000180025095e-35 1.0000000180025095e-35 -344.14623100524994 29965.744327349475 1.0000000180025095e-35 77169.95431701302 1.0000000180025095e-35 -1490.3056703520892 293.40252101294703 3.5000000000000004 1.0000000180025095e-35 40.500000000000007 -1.0000000180025095e-35 1.0000000180025095e-35 8.0000000000000018 -24.499999999999996 -80264.859310576954 -27446.316847338854 37826.639413169949 1.0000000180025095e-35 -45499.191949402135 -47.499999999999993 296.84451875952806 663.9376030288837 1.0000000180025095e-35 8423.8548362946967 6.5000000000000009 -108468.4436838964 -2062.6080740823368 1754.0252021386475 83062.936979428327 -21293.03419913731 1775.5301203891197 -4312.809133957905 92616.98298713089 5.5000000000000009 5780.5000000000009 -1695.2628958991952 -56.715061977873994 -33644.432996867174 1.0000000180025095e-35 29965.744327349475 1.0000000180025095e-35 37709.662014668407 790.03372391770802 -11381.160881849928 -5691.0431696298519 1.0000000180025095e-35 8.0000000000000018 1644.1403695538509 119310.8899669212 -11817.454010254747 4570.3779924918217 -3361.5987963418106 8.0000000000000018 11.500000000000002 255.514546084535 -99.828101251447592 1.0000000180025095e-35 13858.698706286632
decision_type=2 2 8 2 2 8 2 2 10 10 8 10 8 10 8 10 8 10 8 8 8 8 10 10 8 10 10 8 10 8 8 10 8 10 10 2 10 8 8 10 10 8 8 10 2 8 10 8 8 8 8 10 8 8 10 8 10 10 10 10 10 10 2
left_child=1 4 3 12 15 16 8 13 9 57 34 14 -2 42 56 55 18 36 26 24 21 -16 -12 -24 -14 33 -6 28 29 30 31 -21 -32 41 53 59 -18 38 39 -23 -37 -22 -3 -20 45 46 -17 48 -9 -50 -29 54 -46 -4 -8 -1 -11 -7 -51 -35 61 -61 -55
right_child=2 7 10 -5 5 6 51 47 -10 11 22 -13 19 -15 20 44 17 -19 43 27 25 37 23 -25 -26 -27 -28 50 -30 -31 32 -33 -34 35 -36 40 -38 -39 -40 -41 -42 -43 -44 -45 52 -47 -48 -49 49 58 -52 -53 -54 62 -56 -57 -58 -59 -60 60 -62 -63 -64
leaf_value=0.0161372016638037 -0.00093612109898689913 0.091200756991878448 0.090357348606346172 -0.023895493792522197 0.088296346739594828 0.0060984191466287975 0.0071288248464913195 0.14354960310413525 -0.0043595961555326817 0.010135849701454629 -0.011520018853459133 -0.0037213692282281859 0.12090256471218042 0.02779779948251395 0.15183482639562801 0.0055645797102643838 0.002083574864135834 0.18355095951032413 -0.0040825433252012783 0.0086633395763138655 0.017085417683835227 0.032395363631235553 0.19672456256386464 0.014901759217876313 0.010246962477480515 0.0037989154455545932 0.013684150233736208 -0.019937481091178308 -0.015337111389928507 -0.0072090643791412525 0.0027872493910941452 0.30033085769579171 0.062059562381498935 0.0022866883448573118 0.0040106615442713029 0.025269617164099534 -0.016995096373916503 0.11954954738714624 -0.0011211856278636816 0.14885059845314921 0.10772895547585092 0.040240979076247796 -0.017259414997714155 0.017399787486315623 -0.0084394945073615647 0.045330444555774965 0.033051972948357773 -0.018061417268690688 0.10313470911523308 0.0055640630086826477 0.14899769910123967 0.092798544397170932 0.02427262894631203 0.037229342548346464 -0.011334648425259669 0.029307242368727712 0.028386481304890798 0.033972146815521985 0.10517156676174447 0.08345390549219911 0.0014064807321201977 0.010356201386216835 -0.0083731005017230863
leaf_weight=571.8139079620596 236.13299445062876 1.7126209358684719 4.8177223661914459 998.35412750206888 8.2542283630464208 1525.0068488379475 68.205109869595617 2.0642368386033922 210.69758540950716 68.505616009235382 151.97399022988975 94.849627470364794 2.1715743280947208 17.663229210302234 2.2824454000219694 189.95353189320303 79.458335584728047 1.095328329829498 228.39060864853673 0.77299554622732103 121.20991483936086 24.002151936758317 1.3137636098545034 9.722936883568762 16.295370109612126 265.00722076999955 7.6000848468393079 476.52948092855513 174.22642375645228 67.846589364344254 19.046045777620748 0.7257916883099822 9.4241758384741896 176.25445069745183 63.49526994000189 23.556108925724406 210.86340002156794 2.3161058411933473 19.932716495590281 2.1647440940141669 3.4370281049050382 54.447795178275555 362.23532119696029 52.963862858247012 103.71700235595927 19.85301050869748 32.680322260595858 9.7421194799244386 3.1353761763311923 21.080973213072877 0.66181799536570807 1.8836649628356088 20.780453720828518 32.346003414131701 245.77395729231648 126.38406905601732 250.08322606072761 23.270050814375281 1.961472896626218 8.6861859732307511 12.296959220431743 6.2916103648021808 11.114983936306087
leaf_count=5072 23936 193 257 347184 345 46826 3876 214 21267 1477 24984 6569 233 393 106 4851 7198 23 22255 168 2786 1545 111 1327 2843 18559 524 119291 40432 12951 2953 106 1530 5284 5668 1235 31225 55 1213 200 206 1536 91999 2301 5204 379 268 1874 290 1688 33 41 759 1871 22455 1076 9542 140 165 180 422 210 949
internal_value=-0.000383101 0.0060562 -0.0153251 -0.0176549 0.00757319 0.00559077 0.00736201 -0.0115289 0.00889955 0.00994057 0.0016512 0.0146089 -0.0114484 -0.0146871 0.0162799 0.0146432 -0.00406892 -0.0110393 0.00276561 -0.0146819 0.0126689 0.0335491 -0.00826574 0.0365452 0.0232592 0.0110917 0.0525295 -0.015617 -0.0084495 0.00381851 0.0287838 0.149904 0.0224075 0.0158498 0.016114 0.00943904 -0.0117734 0.0279728 0.0233719 0.0420295 0.0357691 0.0242628 -0.016749 -3.85798e-05 0.00726512 0.0125248 0.00959944 0.020201 0.0333996 0.0247138 -0.0197032 -0.00672678 -0.00297936 0.0320321 -0.00732386 0.0185212 0.0244621 0.00651735 0.0140431 0.005947 0.0296006 0.0527483 0.0255667
internal_weight=7560.54 5283.56 2276.97 2002.19 4863.97 3798.79 3210.16 419.595 2894.3 2683.6 274.785 1135.32 1003.83 381.611 1040.47 1065.18 588.626 291.417 297.209 767.7 721.885 50.6982 163.011 11.0367 18.4669 671.187 15.8543 749.233 272.042 97.8156 29.969 1.49879 28.4702 406.18 111.774 230.522 290.322 48.4157 46.0996 26.1669 26.9931 175.658 363.948 281.354 366.984 242.487 222.634 37.9842 28.2421 26.1778 477.191 315.863 124.497 48.2787 313.979 698.198 318.589 1548.28 23.0424 203.529 27.2748 14.9778 43.461
internal_count=910853 324026 586827 551660 227210 209601 145730 96816 119358 98091 35167 51125 204476 92585 44556 17609 63871 38446 25425 180540 33537 3119 26422 1438 3076 30418 869 177464 58140 17708 4757 274 4483 11859 8745 7537 38423 3013 2958 1745 1441 4322 92192 24556 11461 5498 5119 4231 2357 2143 119324 26372 5963 3077 26331 6148 11019 46966 1853 6096 812 390 2820
is_linear=0
shrinkage=0.03


Tree=49
num_leaves=64
num_cat=0
split_feature=55 17 53 10 1 29 1 1 17 203 114 34 189 148 115 193 37 34 146 203 183 266 132 84 6 3 27 40 213 256 63 188 267 120 106 257 159 54 188 119 40 149 172 141 29 157 225 19 183 209 118 188 7 63 141 213 266 9 1 139 1 177 267
split_gain=667.058 298.524 109.519 90.9769 67.8123 56.187 56.511 48.4937 43.115 41.1452 39.9392 39.914 40.4347 36.6395 35.3326 37.0788 45.6067 31.7598 31.4543 30.8506 29.9021 35.8574 26.8483 25.6595 24.2777 28.3208 24.0793 23.6095 23.1951 22.976 22.2857 21.7662 24.3572 21.7062 20.7903 34.5306 29.9953 21.112 21.1545 21.4614 28.0011 20.74 20.4544 23.2479 20.3328 20.1348 20.5986 20.1308 19.5169 21.4995 28.7049 19.5032 26.1962 24.2367 18.5162 18.2488 18.1171 23.2869 42.878 27.2294 21.6461 20.3837 18.0081
threshold=375.27837239478271 6557.3601464071216 30297.331540159506 7.5000000000000009 202101.50000000003 21605.10443393431 202101.50000000003 202002.50000000003 1036.6371997697422 1.0000000180025095e-35 12068.354827217203 1.0000000180025095e-35 -501.69340607237149 1956.5000000000002 1126.4962081615902 -5.4999999999999991 -1.0000000180025095e-35 8.0000000000000018 93897.350041518017 -1.0000000180025095e-35 -62.875508536701993 3651.7758614363083 63550.49445657897 1.0000000180025095e-35 33924.726962024804 41.500000000000007 1655.7151695881046 1609.5000000000002 1.0000000180025095e-35 -1.0000000180025095e-35 407.13036551056058 -91510.504746365114 -557.4038012791915 11585.300032040794 8.5000000000000018 -9374.7136367663898 5236.5994418803411 4.5000000000000009 367.34640307779688 -401.07748772750745 216.50000000000003 36541.388332555704 679.85964283823262 12.500000000000002 3391.0205912516258 1.5000000000000002 -7.4999999999999991 1.0000000180025095e-35 -2893.866659060132 137658.17987204014 6.5000000000000009 -14616.236338086826 438.64818960801557 626.02676558315568 86.500000000000014 1.0000000180025095e-35 7594.7273437414669 1133.7427029656192 202002.50000000003 1.0000000180025095e-35 202011.50000000003 3074.6071047447103 897.30494843874442
decision_type=8 10 8 2 2 2 2 2 8 10 8 8 8 8 8 10 10 10 10 10 10 10 10 8 10 2 2 8 10 8 10 10 8 10 10 10 10 2 8 10 10 8 10 8 2 8 10 8 8 10 10 8 10 8 10 10 10 8 2 10 2 10 10
left_child=1 5 8 4 17 9 47 13 48 11 23 12 22 41 15 16 -6 20 19 -13 21 -3 34 30 25 26 -14 -15 -9 -20 -8 32 -17 56 37 -36 -37 55 39 62 -41 51 -16 -44 -23 -18 -47 -7 -2 -50 -51 52 -4 -53 -34 -1 60 58 59 -58 -5 -61 -39
right_child=2 3 7 33 14 6 10 28 -10 -11 -12 18 24 27 42 31 45 -19 29 -21 -22 44 -24 -25 -26 -27 -28 -29 -30 -31 -32 -33 54 -35 35 36 -38 38 -40 40 -42 -43 43 -45 -46 46 -48 -49 49 50 -52 53 -54 -55 -56 -57 57 -59 -60 61 -62 -63 -64
leaf_value=0.0010156970417283971 0.023776797962238048 -0.0026466771822632714 0.037559514905777039 -0.016604984244543621 0.20909119420951144 -0.0036442660294874066 0.03705396042167939 -0.016811368140815717 -0.024514289986551169 -0.010802487446009656 0.00072379542796821475 0.019447890535576773 0.0089652513489175065 0.071699667935062217 -0.0067256927033938069 0.24000967805453077 -0.0022123298937211295 0.15131561929386714 0.014484754451099667 0.0090175957204764613 -0.011846147286451968 0.047859731411287257 0.046641585289301547 0.094565209850437357 -0.0098476512186529783 0.00085507657270235253 0.036478889190388435 -0.0012112542462913121 0.11395027426394695 0.032445401357216276 -0.013278619237214588 0.015562939889542722 0.12918274331884211 -0.020313009141400648 -0.0051653881899055313 0.016921401486897678 0.16960991829510771 0.0077564626657712831 -3.4183459248448591e-06 -0.017630343085725714 0.024165472516760343 0.0018368328373266944 0.094683947082992131 0.011511083655747722 -0.0049231594615201241 0.1608669448251806 0.042005936672593544 -0.019883156065671877 -0.013670176109100225 0.2324171033609905 0.020305108760762542 0.084395221726056804 0.16667280370735243 0.016684836195691079 -0.030156106102891867 0.016491370235594053 0.14901171928168752 -0.017807450716174376 -0.013126391046215234 -0.0015197118704554412 -0.00082645128008778225 0.11596937433788153 0.046929965276383906
leaf_weight=294.3003637844231 14.467639299342407 247.77386547555216 2.6968831701669842 259.58777179149911 1.8697186969220627 253.71499591693282 40.993182801175863 71.144572562072426 1032.5374087551609 90.743391975061968 75.325016367482021 327.47840413055383 305.75809935876168 4.303884421940892 97.627584091387689 0.77704949071630836 4.2110787923447779 1.1529349614866067 140.85031627700664 1156.6545459604822 371.94286108482629 21.381387262372304 18.895380663219839 5.6802024319767943 119.33120951545425 659.66383576649241 31.585294273449108 56.073939239606261 1.2422109029721458 117.64221219997853 9.8122820754069817 124.61478273500688 1.3011462115682659 338.33088051807135 4.4668236344587058 1.8933410472236554 2.9811534446198493 234.08490775176324 87.581092472886667 15.294756086543201 254.03781036497094 8.3940648904535902 3.2361709652468553 46.257052131928504 9.4807600246276689 2.0340437889099112 3.6976232412271202 94.220159611664712 201.99097792780958 0.68527280166745086 3.5428381643723696 7.6555692485999334 2.9738073097541928 12.569519174518065 1.3245603479444978 89.411037024809048 3.2933540614321846 13.450457268394532 8.674902788596226 3.6832673004828393 112.01782572874799 2.0792739200405777 11.060516582801936
leaf_count=11433 1785 37589 109 49160 137 19548 1631 13954 370493 4991 5763 4758 12280 380 14363 136 410 91 824 25011 70614 1739 665 249 9882 30437 1192 8062 88 997 789 11239 145 87721 313 167 179 4526 4199 704 10546 731 74 5684 1779 188 326 14028 46358 143 737 208 202 758 279 1534 175 1933 1169 290 14628 67 263
internal_value=-0.000376877 0.00391958 -0.0189002 -0.00685378 -0.000650206 0.00799233 -0.00170437 0.00391704 -0.0219418 0.00916597 0.0150241 0.00963383 0.00687935 0.018051 0.0115018 0.0222997 0.0731564 -0.00600059 0.0130012 0.0113191 -0.00627938 0.00115152 0.011216 0.0340939 0.00294026 0.00447084 0.0115413 0.00398602 -0.0145674 0.0226588 0.027333 0.0176071 0.0924667 -0.0147111 0.0105433 0.0550884 0.110303 0.0101212 0.0136261 0.0159463 0.021792 0.0428167 0.00123891 0.0169494 0.031645 0.0475941 0.0841871 -0.00804173 -0.00990568 -0.0122687 0.0546832 0.0561003 0.105269 0.0423145 0.0488029 0.00462178 -0.0100056 0.0119589 0.0345395 0.0802 -0.0118487 0.0408734 0.0095239
internal_weight=7543.54 6123.26 1420.28 1679.8 938.683 4443.46 479.746 167.054 1253.22 3963.71 131.811 3872.97 2130.35 94.6677 286.951 139.83 11.8125 651.732 1742.63 1484.13 650.579 278.636 1014.01 56.4857 1116.34 997.007 337.343 60.3778 72.3868 258.493 50.8055 128.018 3.40276 741.118 995.112 9.34132 4.87449 985.77 602.059 514.478 269.333 34.2898 147.121 49.4932 30.8621 9.94275 5.73167 347.935 220.687 206.219 4.22811 25.8958 5.67069 20.2251 2.62571 383.711 402.787 31.1813 17.7308 9.0559 371.606 5.76254 245.145
internal_count=910853 466845 444008 299936 144793 166909 42008 24492 419516 124901 8432 119910 88320 10450 32981 12860 1061 111812 31590 29769 111721 41107 34529 2669 53791 43909 13472 8442 14042 1821 2420 11799 560 155143 33864 659 346 33205 20238 16039 11250 2008 20121 5758 3518 924 514 33576 49023 47238 880 1277 311 966 424 12967 67422 3634 1701 532 63788 357 4789
is_linear=0
shrinkage=0.03


Tree=50
num_leaves=64
num_cat=0
split_feature=33 24 17 10 24 14 187 14 163 43 181 227 22 11 205 178 143 157 33 213 11 119 213 33 129 25 113 215 183 34 76 172 62 158 219 217 179 11 113 33 104 54 43 21 124 227 265 161 158 22 181 215 59 263 143 161 189 178 185 86 178 202 213
split_gain=738.586 139.337 87.5802 81.4855 60.6763 49.3596 41.644 41.436 42.9269 39.4818 29.3075 29.1282 27.5676 41.7205 29.5873 29.2626 28.9163 28.3345 26.5086 26.4042 26.3056 24.5856 23.7386 27.1315 23.44 25.0144 25.9018 23.2893 26.5399 22.983 22.6574 21.7479 24.7896 24.7443 23.2888 23.4963 21.6267 21.2728 21.2113 20.3305 20.177 22.207 19.7189 19.2953 18.9967 18.9422 24.3609 30.2565 19.8558 18.9253 18.9906 18.8518 19.2593 24.9345 24.8053 18.846 19.2748 17.8127 35.5312 16.9637 16.881 18.0531 17.4317
threshold=72.500000000000014 16554.288479542385 1.0000000180025095e-35 6.5000000000000009 1.0000000180025095e-35 20135.052876800179 -1.0000000180025095e-35 53485.908893037551 2516.5308962639324 23953.163458331852 -1.0000000180025095e-35 -14.499999999999998 19406.361833905583 -6903.7976614734098 -5784.3726887810326 -605.27897534529291 84507.615037366209 5.5000000000000009 34.500000000000007 1.0000000180025095e-35 -21271.289995626881 -11025.800608741352 1.0000000180025095e-35 11.500000000000002 1.0000000180025095e-35 1431.3998904021128 2461.0572925333045 158.51437690557952 -62.875508536701993 8.0000000000000018 131561.47140793758 294.97303443926359 -252.51061907663896 1702.5000000000002 -9601.0626004232399 -1.4999999999999998 282.03401537052497 -6903.7976614734098 7952.3816644192648 11.500000000000002 1341.5000000000002 9.5000000000000018 23953.163458331852 7.5000000000000009 31.500000000000004 -47.499999999999993 -4.4999999999999991 1540.8607983022562 5753.5000000000009 76724.26168428325 -1.0000000180025095e-35 -132.1047886994854 2427.8957682682926 2398.2230165024016 478512.25438961422 4638.2691399469759 -53998.629445423314 74.147489549505863 1.0000000180025095e-35 50.500000000000007 74.147489549505863 -1.0000000180025095e-35 1.0000000180025095e-35
decision_type=2 2 8 2 2 10 8 8 10 10 8 8 2 2 8 10 10 8 2 10 2 8 10 2 8 8 10 10 10 10 8 10 8 8 8 8 8 2 8 2 10 2 8 2 10 8 8 8 8 2 10 10 10 8 8 8 8 10 8 8 10 8 10
left_child=1 3 21 11 7 12 -3 8 29 -6 27 55 14 15 16 38 17 -5 -15 37 -13 36 23 -22 25 -10 -27 -7 -29 45 -11 32 -16 -33 35 -35 -2 57 39 -14 -24 -42 -40 -32 -12 46 47 -4 -48 50 -25 52 -36 54 -54 56 -1 -8 -59 -37 61 -34 -63
right_child=2 6 4 5 9 10 19 -9 24 30 44 20 13 18 31 -17 -18 -19 -20 -21 22 -23 40 49 -26 26 -28 28 -30 -31 43 33 60 34 51 59 -38 -39 42 -41 41 -43 -44 -45 -46 -47 48 -49 -50 -51 -52 -53 53 -55 -56 -57 -58 58 -60 -61 -62 62 -64
leaf_value=0.054416673459097342 0.0062571713705232247 0.042429312989544013 0.17277587501179864 0.053967036375923684 -0.023927093245262539 0.0077365163396224601 0.0017409358854446261 -0.019473710361328656 0.029918718904210419 -0.020793510329784874 -0.0097574058222757287 0.020828691609307962 0.077164824745126953 -0.0017687328606405589 -0.0059635351572657142 0.00094981758001675548 0.0029389394575889292 0.0094695847117924024 -0.022218922974962321 0.039237041402162165 0.010446901622062691 -0.0034150511863856748 0.010403370780577128 0.013325686284482469 -0.014907945779474694 0.075548775365054735 0.23872092863047914 0.17931304375126775 0.037261244326981038 0.14941294587723325 0.063167508159310645 0.003199517285635878 0.072483962260486548 0.091368864461964266 0.013183023915445987 0.014540848024819471 0.059147591143755868 -0.017687375828893924 0.018141268460567572 0.0054756869328522941 0.034984653713647833 -0.0012313450485722255 0.088954950794732257 -0.015409516686968609 0.12358948206313028 -0.0098562952106937655 -0.012982861345532644 0.028757428898813719 0.10736299251948567 -0.010806810704298632 0.0020143835486318225 0.010314429878305751 0.15357852121970764 0.026025729742074601 0.042394139324699188 0.011759616625912671 0.021720723230630779 -0.0026111571771597589 0.19978246969867108 0.090187275860480837 -0.012114003339742167 0.0050107313096354961 0.022525758282124698
leaf_weight=17.884152487386018 19.846776398364455 11.988038744777441 1.4729269875679136 33.776759749278426 900.04340386507101 24.569861194351692 16.91340175038204 402.34214759781025 4.9213000037707344 9.0166581454686838 353.63551253685728 163.3342704270035 4.1850971523672369 141.11269873799756 212.84817811916582 82.909157673362643 38.078026026953012 20.816607863176614 95.759632060769945 8.0468132121022773 1011.6391912237741 307.18231108225882 161.57215911149979 173.24009807757102 3.7329630167223522 2.5388467113953097 1.3364306669682262 1.565691329538822 4.8520069981459519 0.83253804268315335 9.7306858138181251 191.21198554546572 3.725295783020556 7.0186564733739942 18.526651576394215 15.941105808364233 10.714046349748971 312.40832943283021 5.8988963065203253 23.847299307817593 76.667314555495977 19.018100342247635 8.8468075408600271 3.9560316246934226 0.96413556719198723 501.71211762260646 21.912396711995829 12.082419945392758 1.3074855594895769 79.231264757923782 583.57558807265013 173.389231846435 3.7212322561535984 9.7051637049298751 3.5087223635055125 209.7100422962103 175.14635250088759 1.95016728225164 1.3017412887420508 3.2042988743633023 45.973980222130194 705.20796672184952 55.138483674498275
leaf_count=472 798 239 141 813 333397 2387 1856 103874 398 1994 49535 1404 70 9509 21459 3212 1527 389 12803 618 19043 36519 2334 6474 441 293 136 118 455 63 1010 5853 80 341 838 859 328 85117 292 1023 1562 423 166 568 147 102641 2728 1279 219 3952 35349 6849 160 459 140 3408 5862 210 179 214 3375 31116 1335
internal_value=-0.000370768 0.00569572 -0.0149258 0.00699088 -0.0174564 0.00283842 -0.0125263 -0.0121521 -0.00681412 -0.0229415 -0.00694987 0.0105509 0.00482033 -0.00262306 0.00657068 0.0113476 0.0230046 0.037 -0.0100361 -0.0144605 0.00923081 -0.000862042 0.00833087 0.00714209 0.0480807 0.0748109 0.13182 0.0210286 0.0719169 -0.00808944 0.0161304 0.00551973 0.00314736 0.0112131 0.0177331 0.0444148 0.0247996 -0.0157597 0.0314998 0.0161785 0.0168689 0.0277865 0.0606265 0.0404555 -0.00939484 -0.00833295 0.0124496 0.0444065 -0.00620632 0.00314319 0.00460362 0.0143906 0.0343207 0.0574448 0.0996204 0.0179858 0.02475 0.0141043 0.0784072 0.0272015 0.00554134 0.00660366 0.00628088
internal_weight=7528.25 5313.57 2214.68 4960.96 1876.94 2289.94 352.608 954.192 551.849 922.747 385.587 2671.02 1904.35 362.56 1541.79 125.687 92.6714 54.5934 236.872 340.62 2268.28 337.743 2104.94 1847.69 12.5295 8.79658 3.87528 30.9876 6.4177 539.32 22.7034 1449.12 1022.89 426.227 235.015 26.1641 30.5608 332.574 42.7781 28.0324 257.258 95.6854 14.7457 13.6867 354.6 538.487 36.7752 13.5553 23.2199 836.047 756.816 208.851 35.4618 16.9351 7.22995 402.741 193.031 20.1653 3.25191 19.1454 810.046 764.072 760.346
internal_count=910853 324026 586827 235807 549182 155524 88219 212213 108339 336969 52642 80283 102882 27075 75807 4763 2729 1202 22312 87980 70541 37645 69137 64818 1268 827 429 2960 573 107071 3572 73078 57365 15713 9860 1414 1126 87362 1551 1093 4319 1985 458 1578 49682 107008 4367 1420 2947 45775 41823 8446 1597 759 300 9742 6334 2245 389 1073 35906 32531 32451
is_linear=0
shrinkage=0.03


Tree=51
num_leaves=64
num_cat=0
split_feature=23 16 53 1 115 189 68 65 266 1 16 13 160 16 60 181 87 65 220 157 13 181 8 1 9 107 182 106 2 79 53 79 217 114 79 111 111 231 90 220 243 145 31 116 114 1 13 266 1 217 136 208 68 263 243 263 1 157 53 105 172 90 188
split_gain=617.725 236.117 100.629 90.6942 76.6908 55.3708 55.1364 46.5747 53.7945 43.3322 43.2803 37.4088 37.0751 38.0396 36.1065 34.1516 32.9959 31.914 29.42 26.4892 24.359 24.0005 22.8518 22.4659 27.3586 22.4014 38.9089 44.1504 22.267 21.634 29.4385 29.9247 31.7061 23.632 34.2005 31.828 39.7986 54.1629 28.2414 26.2663 23.2679 21.5544 21.2927 36.665 36.2716 33.5786 38.3695 34.2519 32.877 31.7338 27.5437 26.803 25.2965 22.7117 21.3783 23.6037 22.5877 20.5152 20.2502 23.9108 27.9743 20.1635 20.1371
threshold=1.0000000180025095e-35 4.5000000000000009 30297.331540159506 202056.50000000003 1126.4962081615902 -1.0000000180025095e-35 -1.0000000180025095e-35 -5329.5665141369236 7594.7273437414669 202002.50000000003 1.0000000180025095e-35 1.0000000180025095e-35 18.500000000000004 12.500000000000002 24663.529330090325 -1.4999999999999998 93.500000000000014 -2004.9282790707018 1.0000000180025095e-35 13.500000000000002 1.0000000180025095e-35 1.0000000180025095e-35 -665.79861025929893 202002.50000000003 1005.8518820181531 2634.2896202451157 1.0000000180025095e-35 4.5000000000000009 1.0000000180025095e-35 3076.2920233544496 1051.9669374916143 5067.2274879859842 1.5000000000000002 -1.0000000180025095e-35 7021.7561020846397 59.500000000000007 42.500000000000007 -12295.855187427731 -1094.4999999999998 -1.0000000180025095e-35 -1551.8756138908118 -1.0000000180025095e-35 1.0000000180025095e-35 -933.74951127269696 13804.356828985774 202001.50000000003 1.0000000180025095e-35 834.51656941531053 202004.50000000003 -1.4999999999999998 4.5000000000000009 -59690.919862942246 -11582.751588203266 -211.52584588919214 -68.949579502239985 -49.912800830390999 202104.50000000003 21.500000000000004 3264.3891796582416 9434.5062544826833 294.97303443926359 -545.49999999999989 -6539.6796800513412
decision_type=2 10 8 2 8 8 10 10 10 2 8 2 10 8 10 10 8 10 10 10 2 10 8 2 8 8 10 10 10 10 10 10 10 10 10 8 10 10 10 10 10 10 10 8 8 2 2 10 2 10 8 10 10 10 10 8 2 10 10 10 10 10 10
left_child=1 5 10 7 12 15 20 8 11 17 -2 -3 29 -14 18 -1 19 -4 -8 -6 28 42 -9 24 -10 26 -21 -28 -7 -5 31 32 -31 34 35 36 38 -38 -32 40 -35 -15 45 -44 58 46 -17 50 -47 51 -48 -46 -53 -49 55 62 -57 -33 59 -45 -61 -52 -54
right_child=2 3 9 4 16 6 14 22 23 -11 -12 -13 13 41 -16 21 -18 -19 -20 25 -22 -23 -24 -25 -26 -27 27 -29 -30 30 33 57 -34 39 -36 -37 37 -39 -40 -41 -42 -43 43 44 49 48 47 53 -50 -51 61 52 54 -55 -56 56 -58 -59 -60 60 -62 -63 -64
leaf_value=0.021213003127377401 -0.0080759898589946519 0.084475072591399428 0.028511764867021144 0.0054007014067382151 -0.0017967416555241718 0.021498032077175967 3.3028658303722985e-05 -0.020033903141525162 0.085446625623240596 -0.013552917499081473 -0.023171911418390933 -0.00716696362943498 0.1992359018863149 0.15506540404971478 -0.011355305117139969 0.028010133616045214 -0.018501785615383314 -0.0075213331752969374 0.025173478409887273 0.029679827119777607 0.0050682650874276621 -0.012613419564418442 -0.010022897982384369 -0.014273144313725908 0.018849301858661283 -0.00014602190170706132 0.050085315818605286 0.28866598268856503 0.0054139795230879724 0.0488787025326144 -0.02006603973253349 0.016841853498997826 0.16600874254407849 0.12450537434479376 0.0044681486840252574 -0.031282326545829714 0.050751334691293386 0.2719091505256202 0.11673819441442583 -0.0067277598105118675 -0.030398772881282374 0.031451053678770463 -0.0079308658117216938 0.022001640134208241 0.10808842144967097 -0.00972058859210162 -0.00010382420663837099 0.020880695708979036 0.0062615237988208937 0.0026923458659082375 0.013396099381075187 0.046470667388744877 0.067736406464414409 0.102701774114075 -0.014133167996810763 0.0067853200594009634 0.053076363571317071 0.11968866154027735 -0.022372161215746658 0.024990278451650683 0.12000954217932605 0.050643313953881976 0.021473755723448458
leaf_weight=227.86131320241839 202.99902105680667 4.1159828156232825 66.178520843153819 108.35963657055981 131.48372104158625 189.79506865749136 575.59923077211715 381.90851180860773 11.710905706509948 76.637978548184037 1081.9155548920389 154.11624105460942 1.6874519404955179 1.4499556114897121 265.55153438774869 125.76589479320683 115.95606757909991 33.229611499002203 45.181062036193907 6.9287546840496379 757.18098245351575 45.135777510236949 443.55161016085185 5.4117363863624623 10.555641349172223 7.9089950362686059 1.4861637835856529 1.3164452742785213 130.89054783969186 4.8904630558099615 2.8059469498693934 14.373105311999099 3.6191871392074972 2.6919304125476633 12.76291423360817 2.0528077376075098 1.8379332961048929 2.177325093653053 2.6319960092660049 37.611713045975193 1.2913760456722219 10.202048270730302 68.613476492231712 323.67629585484974 2.9529564739204934 134.35084148612805 201.66794337308966 6.7893702469300479 840.87308150739409 267.24053640360944 110.24884339352138 23.292502060998231 13.281969210598616 5.548438885714857 22.464521605521441 110.55411520251073 10.377321545733137 1.9868699028156687 8.8900445685721916 6.412998568499459 4.9339943949598819 14.841178050497545 23.363242323044688
leaf_count=1687 42406 167 4355 9965 15957 1654 33758 90476 363 14747 395430 25018 122 186 29100 1753 27245 6359 1985 747 30418 3030 85710 601 938 948 116 157 1627 432 260 1284 216 321 1352 146 164 163 217 5007 189 1662 4888 8346 120 3678 4802 187 17346 15313 4189 571 1304 190 1886 5956 437 160 352 394 208 592 1496
internal_value=-0.000364283 0.0038621 -0.0178726 -0.0065117 0.00426394 0.00724677 0.00344538 -0.0115994 0.00196618 0.00339836 -0.020787 -0.00478314 0.017694 0.0661125 -0.00209746 0.0101195 -0.00649879 0.0164668 0.00186278 0.00283452 0.00800327 0.00905353 -0.0146546 0.040551 0.0538756 0.037354 0.0678314 0.162152 0.0149332 0.0144499 0.0252571 0.053066 0.0986946 0.0147567 0.0382824 0.0757905 0.0990418 0.170677 0.046148 0.00103044 0.0742859 0.0468334 0.00947395 0.0131331 0.0149012 0.00722254 0.0138577 0.0086087 0.00405976 0.00951564 0.00675599 0.0183551 0.0170519 0.0576765 0.0132459 0.0171491 0.0107576 0.0293323 0.0223164 0.0235022 0.0663073 0.0178153 0.0382415
internal_weight=7513.18 6052.22 1460.96 1488.88 477.513 4563.34 1964.2 1011.37 185.911 176.046 1284.91 158.232 212.433 13.3395 886.332 2599.14 265.08 99.4081 620.78 149.124 1077.87 2371.28 825.46 27.6783 22.2665 17.6404 9.73136 2.80261 320.686 199.093 90.7336 24.8696 8.50965 65.8639 24.2689 11.506 9.4532 4.01526 5.43794 41.595 3.98331 11.652 2326.14 886.054 817.44 1440.09 464.862 339.096 975.224 473.527 326.758 206.287 203.334 12.3378 180.041 157.577 120.931 16.36 343.913 335.023 11.347 125.09 36.6452
internal_count=910853 447556 463297 270289 67016 177267 98542 203273 27087 25461 437836 25185 21846 1970 64843 78725 45170 10714 35743 17925 33699 77038 176186 1902 1301 1968 1020 273 3281 19876 9911 2092 648 7819 2302 950 804 327 477 5517 510 1848 74008 41271 36383 32737 11713 9960 21024 27083 9583 11770 11650 377 11079 9193 6393 1444 9300 8948 602 4781 2800
is_linear=0
shrinkage=0.03


Tree=52
num_leaves=64
num_cat=0
split_feature=55 17 17 41 10 181 56 29 107 60 226 213 205 40 37 140 87 115 227 119 132 267 39 187 104 210 172 256 136 56 174 213 83 211 172 170 140 62 7 25 29 17 257 48 231 189 38 48 59 257 58 155 231 103 100 170 205 189 97 10 222 107 81
split_gain=585.005 252.089 85.6425 71.3271 62.359 55.6693 46.7643 44.831 43.3092 40.2957 38.7209 33.7931 31.5068 29.4757 26.4671 26.393 26.0774 25.5461 26.0739 25.4313 25.006 24.8572 24.7901 23.0026 22.9921 22.9236 22.0525 42.6146 61.5844 21.3228 29.9073 20.9487 21.3479 21.3467 19.2542 23.898 18.9037 25.305 25.2837 18.8023 18.7733 18.6031 19.2611 18.4214 24.5286 17.8618 17.7943 17.6006 17.4074 17.342 18.4157 17.1265 16.8122 23.247 17.6732 16.7811 16.7447 16.7165 33.7467 16.6052 16.2462 20.2688 16.9781
threshold=375.27837239478271 13624.350916669742 1.0000000180025095e-35 558.53175772979762 7.5000000000000009 -1.0000000180025095e-35 1.0000000180025095e-35 21605.10443393431 30091.112087186844 8423.8548362946967 -4.4999999999999991 1.0000000180025095e-35 1.0000000180025095e-35 331.50000000000006 123867.8563518508 11.500000000000002 12.500000000000002 1966.2903120543876 -24.499999999999996 -8162.9545888726607 63550.49445657897 3089.0125534416197 23.500000000000004 -1.0000000180025095e-35 3725.5000000000005 -2173.5195500515433 -6268.320276159785 -17347.385623769744 8.5000000000000018 1.0000000180025095e-35 1281.4429316927399 1.0000000180025095e-35 1.0000000180025095e-35 -1902.6677550218935 136.41631739275792 1.0000000180025095e-35 29.500000000000004 -343.01497971949647 1519.2064920920668 5637.3393751645535 26050.871322414114 16864.343567090316 -9964.6606652399769 365225.72586199205 -24453.624596954349 12787.569506343963 197294.59086148083 68182.377072094809 1.0000000180025095e-35 -4369.1580442026052 285.50000000000006 100466.29035616996 -6957.703182180775 5.5000000000000009 -715.49999999999989 1469.5738821619418 -62430.324708830121 -53998.629445423314 99.076410772938019 6.5000000000000009 -1.0000000180025095e-35 1049.5658192632382 2819.6863112673905
decision_type=8 10 8 10 2 8 8 2 10 8 10 10 10 8 10 8 10 8 10 8 10 10 8 10 10 8 10 10 10 10 8 10 10 8 10 10 8 10 8 8 2 8 8 10 10 8 8 8 10 10 10 10 8 10 10 10 8 10 10 2 8 8 8
left_child=1 3 11 5 6 12 17 10 -4 48 20 19 29 -12 40 24 49 18 22 -2 21 25 57 -20 41 -7 27 -16 -29 34 -31 33 -33 36 35 46 -18 -38 -39 -32 -8 42 -10 55 -45 60 -1 -27 -9 50 59 -21 53 54 -43 -34 -42 58 -3 -15 -5 62 -62
right_child=2 4 8 45 -6 7 14 9 15 -11 13 -13 -14 16 26 -17 31 -19 23 51 -22 -23 -24 -25 -26 47 -28 28 -30 30 39 32 43 -35 -36 -37 37 38 -40 -41 56 52 -44 44 -46 -47 -48 -49 -50 -51 -52 -53 -54 -55 -56 -57 -58 -59 -60 -61 61 -63 -64
leaf_value=0.0087729326916704004 0.018246187709330425 0.23989775516822462 -0.023565352845017744 0.02394082314998627 -0.016235111447207518 0.049237477428187709 -0.0061012877618786153 -0.0063025626826348699 0.17337355880814659 -0.0086522733465597308 -0.0049456564634755657 0.060651833444317772 -0.014342234490543124 0.011969362362449304 -0.030272412087241154 -0.015146971510015539 0.012209875772200585 -0.0076351032377956936 0.13898743217765 -0.010674251938132973 0.043264574530189372 0.042635953420256965 0.15593007751836133 0.0083258766004746902 -0.03023968543745811 0.0226260428051809 0.0050594020562882832 0.38129105931303131 0.032676374205765406 0.0063951794236546686 0.021275761202991451 0.0037591511378481162 0.031405878782486865 0.00047310572723932294 0.032233100859102914 -0.00022449887069738168 -0.03074056349174014 0.053883931434071886 0.18952815490333833 0.067354471238775984 0.11254640660069239 -0.014639752627213251 0.035033025192771391 0.019313561643532828 0.12426603726776836 -0.017500505826862307 0.028622107012341809 0.0086240858447342531 0.019524790214048949 0.00064281170292054032 0.031928320942619021 0.026080016546644224 -0.012909924148343658 0.13811444064518436 0.094653585348026759 -0.01763466599587362 -0.021949511648460419 0.021828550697814746 -0.0033640215836033445 0.003790973783896175 0.0015553765797847135 -0.01466655007352715 0.071528386458337354
leaf_weight=60.548151877010241 35.419298738008365 0.99856193643063251 1006.8247472622897 19.513516589300707 550.86268949252553 13.921361358836291 231.08022446371615 32.93563937349245 1.8939178560394792 314.36659804102965 225.37739636562765 7.1131590167060486 31.86810464784503 842.84585599368438 1.2091566529124977 23.561865580035374 18.439807478105653 81.952048098435625 1.2204557214863587 238.24419257650152 23.799048793036491 23.188726749271154 1.7605390925891686 188.85757886827923 4.3591179074719539 92.37473948369734 4.9129188451915971 0.87359691341407575 0.95419722329825163 290.06152192782611 95.983388415770605 65.014709393726662 32.103248876519501 881.94058413035236 105.62987520569004 56.369025091873482 1.7166634593158958 3.5316737685352559 1.9032356606330716 8.69161523808725 0.83926908788271248 3.664480792591351 1.7360850216355239 4.019187738886103 3.997472840594126 97.196063042851165 123.67597952019423 644.62634907150641 81.862237699329853 187.90873579541221 34.881738829892129 11.984253382310269 4.9794565388001493 2.2883041116874665 2.0916491923853711 7.8070881755556902 113.52447899873368 11.285244765225796 1.0560332331806419 304.03223348665051 126.11328121228144 100.63900639070198 3.2000122321769586
leaf_count=892 1807 157 381454 1391 127606 929 41113 3063 143 37711 10391 296 844 13860 236 5870 1261 14396 37 51513 959 862 188 23751 863 3911 749 121 206 5458 2117 2141 955 52641 1607 1023 199 225 157 338 154 505 130 141 135 14055 1436 31030 5814 4311 666 339 724 238 126 257 28176 1389 144 7560 10894 8921 267
internal_value=-0.000358612 0.00355794 -0.0182883 0.00653325 -0.00883411 0.007519 -0.00246911 0.00604141 -0.0222842 -0.00309723 0.0071904 -0.00393781 0.0148657 0.00542559 -0.00977581 0.00665318 0.00640355 0.0065238 0.0121791 -0.00554621 0.0129754 0.0120442 0.050122 0.00916483 0.0310977 0.0110995 0.0443437 0.107895 0.199297 0.0161219 0.0113558 0.0027732 0.0149575 0.00125686 0.021556 0.0168683 0.0282671 0.0696694 0.101385 0.0251019 -0.0110213 0.0471526 0.107211 0.0301486 0.0716477 -0.00659084 0.0220984 0.0103791 0.0121149 0.00910834 0.0104544 -0.00891397 0.0304132 0.05723 0.025075 0.0218128 -0.0209625 0.0361579 0.114865 0.00980131 -0.00234025 -0.00457043 0.00328694
internal_weight=7497.63 6153.47 1344.16 4962.08 1191.39 4615.42 640.524 3842.59 1051.4 429.164 3413.43 292.761 772.828 2615.52 353.394 44.5749 2390.14 287.13 205.178 285.648 797.91 774.111 15.1004 190.078 21.013 750.922 7.94987 3.03695 1.82779 740.96 394.737 1020.47 112.942 907.532 346.223 240.593 25.5914 7.15157 5.43491 104.675 345.444 16.6539 3.63 47.927 8.01666 346.662 184.224 737.001 114.798 1369.67 1181.76 250.228 13.0239 8.04443 5.75613 39.9103 114.364 13.3398 2.0546 1146.88 249.466 229.952 129.313
internal_count=910853 466845 444008 228422 238423 192894 110817 179179 390053 46588 132591 53955 13715 94900 70755 8599 84509 40062 25666 53659 37691 36732 1878 23788 2729 35870 1312 563 327 12871 7913 58112 3629 54483 4958 3351 1842 581 382 2455 69443 1866 273 1488 276 35528 2328 34941 8877 26397 22086 51852 1593 869 631 1212 28330 1690 301 21420 21473 20082 11161
is_linear=0
shrinkage=0.03


Tree=53
num_leaves=64
num_cat=0
split_feature=33 24 17 13 1 62 266 24 140 1 5 187 1 135 64 27 261 14 17 271 197 264 203 261 62 227 212 140 209 11 271 180 5 60 26 170 195 50 29 32 185 60 11 148 173 17 209 253 3 174 29 7 187 14 266 20 222 112 112 11 63 32 36
split_gain=648.35 115.644 80.1035 63.829 77.7247 61.4368 58.645 55.0732 47.7122 43.4919 42.1474 37.0125 34.4006 35.2869 34.5043 31.0926 30.1858 29.3936 29.4585 30.7401 26.2252 25.9439 25.6226 25.2315 29.5222 25.113 25.0021 24.7759 24.3181 24.1176 23.7857 24.209 23.3614 23.303 23.2259 23.105 22.6481 26.1056 24.8237 26.2186 26.1326 32.9879 25.808 22.6244 22.0317 21.879 27.7038 21.3684 21.2754 23.1171 21.2443 20.6408 33.5559 20.6308 24.9453 20.302 20.1517 19.8859 32.817 29.4844 49.4736 25.5638 22.1596
threshold=72.500000000000014 16554.288479542385 1036.6371997697422 1.0000000180025095e-35 202101.50000000003 -252.51061907663896 7594.7273437414669 1.0000000180025095e-35 11.500000000000002 201956.50000000003 2666.0448373102608 -1.0000000180025095e-35 202101.50000000003 1.0000000180025095e-35 5.5000000000000009 492.34980799757005 60.500000000000007 -6559.2138171829274 24734.247923298019 677.74188154110709 -1.0000000180025095e-35 -2.4999999999999996 1.0000000180025095e-35 59.500000000000007 -660.99467088257836 -14.499999999999998 1.0000000180025095e-35 3.5000000000000004 -80264.859310576954 -3810.8095107638692 -1968.7542447819333 -1.0000000180025095e-35 1188.8826398826461 56605.750046755849 1.5000000000000002 5247.7768407389331 1005.6683781042674 768.50000000000011 36007.427794068157 56.500000000000007 -3862.6306352752204 35593.85693390805 -4604.5044660697822 1137.5000000000002 253.74102343473808 1036.6371997697422 137658.17987204014 60.500000000000007 40.500000000000007 -15.797040139682734 13858.698706286632 1270.3680021800253 -1.0000000180025095e-35 -11817.454010254747 92.257229163490379 558.53175772979762 -1.0000000180025095e-35 173.50000000000003 133.50000000000003 -476.46528004369389 169.17686932276402 192.50000000000003 -592.99999999999989
decision_type=2 2 8 2 2 8 10 2 10 2 10 8 2 8 10 2 8 8 8 8 8 10 8 8 10 10 10 10 8 2 8 8 8 8 2 8 10 10 2 10 8 8 2 8 10 8 10 10 2 10 2 8 8 10 10 10 10 10 10 2 10 10 8
left_child=1 3 26 9 5 21 7 12 17 29 16 -3 20 14 -14 45 -7 50 19 33 -4 23 25 24 -5 27 35 -6 -12 32 31 -22 -1 -19 51 -2 37 -18 39 42 41 -41 -39 -42 -27 46 -13 -29 -48 -50 -8 -11 -53 54 56 -44 -30 58 62 -60 -61 -62 -16
right_child=2 11 6 4 22 10 8 -9 -10 34 28 15 13 -15 57 -17 36 18 -20 -21 30 -23 -24 -25 -26 44 -28 47 53 -31 -32 -33 -34 -35 -36 -37 -38 38 -40 40 43 -43 55 -45 -46 -47 48 -49 49 -51 -52 52 -54 -55 -56 -57 -58 -59 59 60 61 -63 -64
leaf_value=0.040881577570692301 -0.0081113052782100046 0.038997296467551359 0.083168670931000055 -0.0064124505867062384 0.0090189889843881633 -0.0063988144611376785 0.069615194337863021 -0.024028335684822405 -0.016006011091562695 0.003287722543847162 0.066513255981853134 -0.0091451552073528366 0.16955852345098324 -0.014539508804871436 -0.0057052599180368469 0.027068710795734523 0.0027375525738403232 -0.019351107168434471 -0.0083939080083921952 0.21002405318942527 0.1229551177967886 -0.011930876538599491 -0.015388107632317238 0.0028785946438447188 0.19722532991655059 0.0056883894832032269 0.03539778723071741 0.016319442062396883 0.03608976543009107 0.013569494466035567 -0.018066212881837514 0.0056092946899524371 0.01975587585718129 0.12834228780464182 0.044422480476714946 0.0087248362649582131 -0.0062172268673803795 0.019638695348725362 -0.010250337506307506 0.14767658570577816 0.092161873478680795 0.0059801650765825259 0.0092901095164102544 0.013649460873482417 0.014986526368095186 -0.023439987418086013 -0.03062684954544987 0.04780045541491288 0.2721211484996669 0.044039594815728979 -0.00096148536797923919 0.036577615036676774 0.0084203884715025254 -0.0087417117475863653 0.041819757077825218 -0.010807043616954812 -0.010893624126987602 -0.011825354488454736 -0.015181586417209032 0.22649218925514422 0.037744310365898613 0.20677775474467466 0.035529244338858006
leaf_weight=76.666702531278133 272.08868507971056 12.445377033669502 2.3586552499327809 1.2473476659506562 56.856198800029233 169.70623468514532 16.159624188207093 806.61388175212778 47.27018514694646 428.72016418259591 4.2404716040473431 144.85759702697396 1.1983738497365255 113.24972706753761 41.425034462939948 15.993118194164706 610.68119390797801 2.7240035245195062 23.203939507016912 1.1135769393295047 1.7584598078392444 355.49447213532403 31.209847675869241 98.432552877580747 1.3174888859502969 452.21392174717039 15.430912904208524 32.869457959197462 10.414961347822098 225.58483042218722 598.57014186587185 15.792825248325245 122.20298208389431 1.4859345485456281 15.399085582699625 100.44162997184321 112.22872784011997 222.11372295417823 49.550363175803795 3.835088943131268 3.8561335948761579 2.4066207529976964 731.22881106869318 23.039206837071106 465.37636050372384 161.91832119389437 0.82523885718546752 47.372199255274609 0.79176754225045454 0.80816598748788204 5.0343523256015024 48.612424477003515 176.00923366495408 332.83161581750028 16.31329925567843 48.22224391088821 38.915973800700158 32.578382429433987 3.9751813353504977 1.7494659565854807 8.8204104918986523 0.88613220187835473 16.362734583904967
leaf_count=382 35162 239 209 173 1398 7593 1001 321793 11801 7740 234 30789 119 24983 6446 1778 18857 530 5638 204 238 46802 1985 8490 148 20805 653 923 364 5473 152253 2430 668 225 158 10740 11963 5069 5344 234 230 214 32220 1602 14191 54987 139 1911 125 162 625 284 3249 31336 592 3968 1207 6543 621 173 1655 179 2606
internal_value=-0.000352422 0.00521833 -0.0143501 0.00636246 0.00457563 0.00196236 -0.0170952 -0.0184315 0.00557378 0.0127729 0.0038963 -0.0117761 -0.013049 -0.00286768 0.00948638 -0.0137193 0.00569835 0.0260897 0.00620812 0.0698549 -0.0166746 -0.00811881 0.0114008 0.00529906 0.0981909 0.0121935 -0.00202195 0.0241697 -0.00494967 0.0202838 -0.0170569 0.0173661 0.0279001 0.0327786 0.00800575 -0.00357194 0.00683436 0.00769856 0.0104927 0.0114861 0.0377404 0.0930426 0.0106175 0.0249062 0.0104041 -0.015829 -0.00746164 0.0349049 0.0930959 0.156912 0.0528506 0.00714742 0.0145142 -0.00571016 0.00966049 0.00804676 -0.000974287 0.00767323 0.016349 0.0552157 0.0796432 0.0531758 0.00597038
internal_weight=7483.1 5352.81 2130.29 5015.17 3921.97 2836.08 1742.33 1645.34 96.9916 1093.2 2379.58 337.64 838.726 220.245 106.996 325.194 1976.87 49.7214 28.5275 5.32352 618.48 456.492 1085.9 100.997 2.56484 1054.69 387.961 137.098 402.716 424.455 616.121 17.5513 198.87 4.20994 668.741 372.53 1807.16 1694.93 1084.25 1034.7 33.1371 6.24171 1001.56 26.8953 917.59 309.201 147.283 80.2417 2.42517 1.59993 21.194 653.342 224.622 398.476 65.6442 779.451 49.3309 105.797 73.219 15.4312 11.456 9.70654 57.7878
internal_count=910853 324026 586827 235807 217853 176640 540272 520248 20024 17954 121027 88219 198455 43325 18342 87980 87294 8223 6597 959 155130 55613 41213 8811 321 39228 46555 4232 33733 6523 154921 2668 1050 755 11431 45902 79701 67738 48881 43537 2280 448 41257 1832 34996 86202 31215 2834 426 287 1626 11273 3533 33499 2163 36188 1571 18223 11680 2628 2007 1834 9052
is_linear=0
shrinkage=0.03


Tree=54
num_leaves=64
num_cat=0
split_feature=12 17 17 55 203 181 10 180 55 10 201 213 11 40 12 111 189 109 264 125 26 55 40 205 6 47 120 259 40 114 37 31 22 230 172 35 115 205 177 12 35 190 160 189 213 178 56 59 251 30 45 221 56 10 227 12 251 115 111 259 158 61 60
split_gain=559.108 154.471 103.753 57.4724 51.1545 39.4343 38.7866 36.154 35.6304 30.352 29.1471 28.5031 27.3232 31.4233 27.1694 26.4534 28.9459 24.3144 23.7729 32.5565 23.7352 23.4515 25.5213 23.306 23.2459 22.1056 21.5716 27.1943 20.6823 24.5686 22.8952 20.616 41.2186 20.3547 20.0744 19.9875 19.8439 19.8361 19.6989 21.3531 19.6832 19.6268 19.4843 19.0791 23.9911 20.3972 18.938 18.8217 18.197 44.0517 20.282 17.7172 40.2777 26.2934 31.7421 17.5645 18.4078 20.0297 19.5304 25.8992 17.0965 16.7532 26.315
threshold=8968.6620803894402 1036.6371997697422 13624.350916669742 375.27837239478271 1.0000000180025095e-35 -1.0000000180025095e-35 7.5000000000000009 -1.4999999999999998 1.0000000180025095e-35 7.5000000000000009 589.41365017224655 1.0000000180025095e-35 -6903.7976614734098 601.50000000000011 1.0000000180025095e-35 41.500000000000007 -501.69340607237149 886.04796666232539 -6.4999999999999991 24855.372101598372 1.5000000000000002 885.67272871585385 459.50000000000006 -32233.324441828543 41876.455830975312 65176.502215005508 25111.975756155596 4.5000000000000009 105.50000000000001 13804.356828985774 4352.6069208816798 1.0000000180025095e-35 24590.555385330579 -4598.370133655465 2055.747597391854 50433.002429710054 382.70547756898105 12339.719447132555 -3397.3189106996838 23362.188443415882 1.0000000180025095e-35 -1.0000000180025095e-35 10.500000000000002 3147.6977846440827 1.0000000180025095e-35 -70.278061851391953 1.5000000000000002 3033.1368463378108 -14847.141545928009 1.0000000180025095e-35 236890.57203431136 3.5000000000000004 1.0000000180025095e-35 6.5000000000000009 4.5000000000000009 35041.921200261386 -4983.5304126856781 163.43428670322803 43.500000000000007 4.5000000000000009 3272.5000000000005 1795.8323137011266 20590.879966906319
decision_type=2 8 10 10 10 8 2 8 8 2 10 10 2 10 2 10 8 10 8 10 2 10 8 10 8 10 10 10 8 10 10 10 2 8 8 10 10 10 8 2 8 8 10 8 10 8 10 10 10 10 8 10 10 2 10 2 10 10 8 8 10 8 8
left_child=2 9 4 6 5 37 7 -3 10 12 15 14 13 24 -4 25 26 51 19 -10 -18 22 -14 -6 -2 28 -17 -28 -7 30 31 34 42 -27 -30 -31 -29 46 39 -23 -5 -20 -33 44 55 -46 -1 60 49 50 -19 -9 53 54 -53 61 57 58 59 -57 -36 -24 -63
right_child=1 3 11 40 23 8 -8 17 18 -11 -12 -13 21 -15 -16 16 20 48 41 -21 -22 38 43 -25 -26 33 27 36 29 35 -32 32 -34 -35 47 -37 -38 -39 -40 -41 -42 -43 -44 -45 45 -47 -48 -49 -50 -51 -52 52 -54 -55 -56 56 -58 -59 -60 -61 -62 62 -64
leaf_value=0.015706503812502319 0.14729998113966861 0.11273065514583502 0.0024496358239684134 0.18097130523342203 0.047229475150974129 -0.0060451084730594653 -0.018483871240515152 -0.0091136560264712969 0.011018905738132106 -0.010464633778711244 -0.01022105988714723 0.012205426948972468 -0.012101369890932835 0.0004462362939176878 -0.010945973865905628 0.007678701645468306 0.00029548209382057383 0.15402309771183603 0.09641615064411424 0.22430353361439717 0.028236818759032899 -0.0048161347815038587 -0.0025316001242043323 -0.014992406313212296 0.039798659812910989 -0.016554705915276989 0.019783025671595397 0.14355937679841482 0.006920532996405656 0.010950244663655406 -0.010034067450023066 0.023057509200078558 -0.0075085578009226233 0.054768245952286888 0.015118211099134273 -0.0029774926328973422 0.033119960694986128 -0.014900418529152777 -0.010405982697796176 0.18553784264984627 -0.023474617127365576 -0.0093102980459939273 0.08812667515751077 0.00183768842751072 0.098269687188649604 0.025280038942995971 -0.0047661387443996162 0.067218738471077552 0.010638601551036695 0.29139382741026892 -0.0067524416295812939 0.072545950581256985 -0.015462748047478115 0.036893544830266127 0.31155841696970649 0.19499420277949572 -0.0040689920428338758 0.02193993065682999 0.043818176671033465 0.046815894066782389 0.062644467848040036 0.12380733858286185 0.016885931519298118
leaf_weight=681.01271857204847 3.3379439136479032 2.2963721111882478 189.36818133876659 0.42405095114372571 5.677076819818466 69.938076269580051 447.26979287457652 415.69890191499144 2.1018920717760925 166.75383575516753 88.695089345332235 75.852962797274813 49.761855508899316 7.1350478930398822 485.98019173019566 930.55796157708392 907.3738193535246 0.97555045178160371 1.594587535597384 0.92871004110202182 28.212280841078609 1.1695115743204954 58.672488843556494 118.62994443508796 3.9557759850285947 4.5321515095420182 28.710005284287035 3.0570931560359886 390.8239050868433 190.2183718548622 36.464760420843959 294.56812332593836 42.793115412583575 17.532041544560347 159.25079178554006 180.94905224628747 2.8103616121225059 21.283511786023155 108.24914881959558 0.97048399923369277 781.04394356533885 175.683775766287 4.2007477688603094 107.57084312522784 5.8885633344762027 8.3064923239871842 43.248348053079098 7.0436495763715348 13.148736458970232 0.7456784292589872 2.5574559103697538 1.1624778150580799 8.1604086498264223 3.1240414283238351 0.87761119194328774 2.118239291943607 11.962855017976834 24.102917193202302 9.8951302503701299 2.1281705647706985 7.1165595999918869 2.3204675829038024 19.320558969629932
leaf_count=10227 180 220 19456 51 203 3594 117927 90441 390 24630 6695 5906 4841 174 101154 24918 36253 151 25 144 767 185 3574 9964 123 155 1412 122 7802 4834 2283 8937 2294 519 3545 8356 194 530 28026 136 323165 35092 230 9131 224 288 553 152 2149 106 481 156 2014 597 148 151 1073 1596 663 110 248 115 1073
internal_value=-0.000346579 -0.0127634 0.00508045 -0.0174177 0.00682314 0.00736902 -0.0122319 -0.00600042 0.00606023 0.000388842 0.00675044 -0.00523139 0.00462871 0.0452081 -0.00718984 0.00720574 0.00489821 -0.00661113 -0.00693505 0.0763787 0.00113804 0.00320908 0.00753374 -0.0121507 0.0889962 0.0103265 0.00854326 0.0318104 0.00985129 0.0106978 0.0132729 0.0142112 0.0200283 0.040118 0.0106898 0.00416029 0.0906617 0.0136452 -0.00862413 0.081509 -0.0233637 -0.00835931 0.0239724 0.0114066 0.0185195 0.0555585 0.014484 0.0191849 0.0281257 0.081865 0.0376417 -0.00802218 0.0260298 0.0915967 0.175365 0.0144912 0.0284103 0.0385698 0.0669137 0.120732 0.0171512 0.00578983 0.0283506
internal_weight=7467.32 2271.11 5196.21 1677.49 4445.01 4320.7 896.017 448.747 3575.16 593.62 3394.85 751.201 426.866 14.4288 675.348 3306.15 1900.72 446.451 180.309 3.0306 935.586 412.438 302.049 124.307 7.29372 1405.43 965.135 34.5775 1383.37 1313.43 942.262 905.797 341.562 22.0642 564.235 371.167 5.86745 745.545 110.389 2.14 781.468 177.278 298.769 252.287 144.716 14.1951 724.261 173.411 17.4274 4.27868 3.53301 429.023 13.3245 5.16413 2.04009 130.521 50.2073 38.2445 14.1415 4.24641 166.367 80.3135 21.641
internal_count=910853 613899 296954 537606 170438 160271 214390 96463 148961 76293 113310 126516 51663 477 120610 106615 63666 96243 35651 534 37020 51186 22839 10167 303 42949 26646 1728 42275 38681 25491 23208 11461 674 11747 13190 316 11310 28347 321 323216 35117 9167 17998 8867 512 10780 3945 2887 738 632 93356 2915 901 304 8355 3593 2520 924 261 3793 4762 1188
is_linear=0
shrinkage=0.03


Tree=55
num_leaves=64
num_cat=0
split_feature=23 17 53 10 17 2 74 11 180 220 50 66 184 226 136 271 180 21 226 195 81 145 149 112 119 11 57 114 265 60 109 91 175 118 223 162 226 204 60 121 173 52 231 40 230 214 52 71 68 245 9 4 7 160 161 17 220 108 188 54 68 175 203
split_gain=518.307 203.44 93.7702 82.0056 46.8956 44.0823 44.0661 44.0011 36.3698 35.7096 33.4777 32.4013 27.7154 28.5763 26.6992 33.4769 29.83 25.9924 25.0243 24.6961 21.9233 21.7663 22.5487 31.4293 27.2059 21.4227 21.3926 23.09 25.8554 22.159 20.8524 20.7681 30.5124 33.0611 22.9011 19.9793 19.8256 18.6525 18.4274 27.1361 18.1274 27.9184 58.9648 17.8714 21.4495 17.7436 22.6654 23.7096 30.5305 18.5214 22.9146 21.4177 30.3132 24.9184 22.1695 33.0306 16.9062 18.2166 18.2365 16.7279 17.2541 17.5924 16.1879
threshold=1.0000000180025095e-35 6557.3601464071216 30297.331540159506 7.5000000000000009 1036.6371997697422 1.0000000180025095e-35 1573.8218282208102 -2617.8446820397457 -1.0000000180025095e-35 1.5000000000000002 172.50000000000003 1.0000000180025095e-35 1069.0813733509815 11.500000000000002 6.5000000000000009 -1968.7542447819333 -1.4999999999999998 1.0000000180025095e-35 -4.4999999999999991 -1.0000000180025095e-35 1245.8856048321252 407.8245048324136 1.0000000180025095e-35 63.500000000000007 -2961.798362226265 -6903.7976614734098 41.500000000000007 13804.356828985774 -5.4999999999999991 1672.1772146273954 1399.5979948304459 7028.8995099037011 -489.86183518539997 6.5000000000000009 1.0000000180025095e-35 4.5000000000000009 -5.4999999999999991 -33644.432996867174 10092.780607762683 1.0000000180025095e-35 1.0000000180025095e-35 25.500000000000004 -5259.2159719162873 2764.5000000000005 -1218.6521275723205 -1.0000000180025095e-35 3.5000000000000004 7895.3802043110727 1368.1890109460157 -1.4999999999999998 467.04152503879556 69.500000000000014 212.55626374687702 5.5000000000000009 1540.8607983022562 18644.437876598942 5.5000000000000009 6.5000000000000009 4481.4110418108057 1.5000000000000002 -11582.751588203266 -214.65015010809086 -1.0000000180025095e-35
decision_type=2 10 8 2 8 10 10 2 8 10 8 8 10 10 8 8 8 2 10 8 10 8 8 8 8 2 10 10 8 8 10 8 8 10 10 10 8 8 8 8 10 8 8 8 10 10 10 10 10 8 8 2 8 10 8 10 8 10 10 2 8 10 8
left_child=1 6 4 5 -2 9 8 38 17 14 30 18 13 26 40 36 -17 -1 -5 -8 -6 22 -22 24 -24 43 27 28 -12 -28 -10 32 33 -11 56 -29 -16 62 -4 -40 45 -42 -43 -7 59 -3 -47 48 -48 -49 51 -51 53 -53 55 -54 57 58 -34 -45 61 -61 -27
right_child=2 3 7 11 20 25 19 -9 10 31 12 -13 -14 -15 15 16 -18 -19 -20 -21 21 -23 23 -25 -26 37 29 35 -30 -31 -32 -33 34 -35 -36 -37 -38 -39 39 -41 41 42 -44 44 -46 46 47 49 -50 50 -52 52 54 -55 -56 -57 -58 -59 -60 60 -62 -63 -64
leaf_value=0.019240551931294196 -0.0081092618897172387 -0.012140098502742816 -0.01694055174075574 0.022640309804426394 -0.023735577744799174 -0.001836160602974224 0.0036239140467911736 -0.011707845430805238 -0.0095421071931998842 0.022155102153384995 0.071098095327419814 -0.016359781272666039 -0.00073533171268619607 -0.012004292060870572 0.16037260670695663 0.16287489453473902 -0.0076274951500666542 0.0027722524961662875 -0.0094027744364599108 -0.013093381128687008 0.18344121592252838 -0.024775926272125021 0.22083630008584615 -0.014103461079542384 0.042883264299439422 0.18413267828253971 -0.0020673700360738707 0.012312431637540805 0.013759675055748228 0.0075999218019114842 0.060540237462122955 0.0029105575029881297 0.04452854727996175 0.2319635036466707 0.13339018528386745 -0.0011279780377739725 0.010486327262713627 -0.0093853689985789156 0.1437259716562575 0.021103884064176209 0.016923898299144848 -0.0082950322143041516 0.29314549065156353 0.10642777225312959 0.13086724539116742 -0.005935958172961134 0.031686245045965247 0.11646067866122195 0.1845201036379148 -0.0051603215037099937 -0.015034839980833957 0.023045657210124252 -0.0032803667753264413 0.16710484001610568 -0.0060940295477955771 0.16184413292477232 -0.030783866239073625 -0.019116712025237723 0.15627564106611927 0.086187065410740088 -0.016270398514056005 -0.0062179459718059108 0.0021411939977591336
leaf_weight=360.60400549205951 237.00968033401296 45.861623472301289 11.515772948274387 35.190968946320936 931.03119935980067 34.677217367803678 172.75332603720017 86.349081143504009 141.23296656808816 1.1157400547526779 7.1386466617695987 584.47781742899679 368.86001083557494 63.316779743414372 1.7250981135293839 0.92877595219761133 162.46116138622165 113.37573128775693 58.230861616786569 147.38271028385498 0.84066318534314632 10.963958350243047 1.0603356598876414 7.3702856816817084 2.8553590993396916 0.83600112423300743 245.02760496083647 195.66791447554715 831.2930527839344 1652.932596598519 3.9272824525833121 8.9450193520169723 5.1577696325257403 1.7148629899602381 2.1180388617794952 202.61240855557844 1.471866896376014 396.91713747917674 1.6603052741847932 74.795260469662026 121.13117784704082 1.3664631638675926 1.0199548965319984 1.9637766920495838 1.8610789002850641 39.671817518072203 3.3444668299052855 1.6344343551900236 1.814605049556121 9.4268590274732578 15.736771831754593 1.6781208927277456 2.1802661672700205 3.0351567878387868 7.3470076057128617 2.1808310216292739 3.3728273515589562 2.6799014825373888 1.763830673182383 4.3046360313892365 8.2958006244152767 3.2574898917227983 0.92833694373257458
leaf_count=4652 52996 5624 984 2988 379201 3040 9478 18542 6982 98 188 139297 30254 4643 143 73 28450 1704 6646 11592 169 3250 67 1699 454 99 5746 6335 19336 52279 177 1194 398 231 138 6034 202 78135 76 5859 9336 238 167 197 255 3208 217 224 216 796 2706 132 179 235 696 183 349 413 180 272 829 172 200
internal_value=-0.000340542 0.00340608 -0.0170451 -0.00584997 -0.0200526 6.53742e-05 0.00665532 0.00350535 0.00747574 0.00670622 0.00647651 -0.0137376 0.00705125 0.00794937 0.00458098 -0.00477711 -0.00665829 0.0153013 0.0026675 -0.00407232 -0.0230194 0.00585655 0.033552 0.0223872 0.0910714 -0.00654385 0.00835241 0.0114226 0.0142479 0.00635187 -0.00764604 0.0402456 0.0588788 0.149263 0.041927 0.00547505 0.0913657 -0.00895274 0.018438 0.0237667 0.0106368 0.0189258 0.120541 0.0111232 0.0339549 0.0029911 0.0108723 0.0246556 0.0854426 0.0173994 0.013506 0.0308821 0.0515725 0.115814 0.0257112 0.0792926 0.0269958 0.0472927 0.073005 0.0238346 0.0136066 0.0463823 0.0883747
internal_weight=7453.4 6087.95 1365.45 1581.83 1191.13 903.926 4506.13 174.32 4185.99 450.884 3712.01 677.9 3566.85 3197.99 424.016 166.587 163.39 473.98 93.4218 320.136 954.122 23.0906 12.1266 11.286 3.91569 453.041 3134.67 1236.71 838.432 1897.96 145.16 26.868 17.923 2.8306 15.0924 398.28 3.19697 398.681 87.9713 76.4556 257.43 123.518 2.38642 54.36 19.6828 133.912 88.0503 48.3785 5.15907 43.2194 41.585 25.8482 16.4214 4.71328 11.7081 4.3611 12.9743 9.6015 6.9216 17.8217 15.8579 7.56213 1.76434
internal_count=910853 447556 463297 288156 437836 139225 159400 25461 138330 56026 131974 148931 124815 94561 53025 28868 28523 6356 9634 21070 384840 5639 2389 2220 521 83199 89918 31893 19524 58025 7159 3001 1807 329 1478 12369 345 78434 6919 5935 24157 9741 405 4765 1725 14416 8792 5584 433 5151 4927 2221 1425 367 1058 362 1340 991 578 1470 1273 444 299
is_linear=0
shrinkage=0.03


Tree=56
num_leaves=64
num_cat=0
split_feature=33 23 12 265 14 22 11 11 189 12 17 213 225 39 105 38 17 37 30 130 32 11 173 214 5 48 23 78 267 194 173 115 135 106 63 148 265 265 235 3 19 57 4 98 35 135 201 203 7 9 48 3 179 5 134 225 189 149 42 244 218 4 51
split_gain=569.136 95.3687 86.9597 51.3602 48.1532 44.9897 48.0446 40.4831 40.1068 38.2431 36.9805 31.7504 37.4742 30.0862 29.6712 35.4295 29.1215 25.6516 27.145 31.2102 25.3923 25.2158 26.9066 23.8008 22.9563 22.712 20.5916 22.9445 20.4645 20.0127 19.9498 33.8983 19.9527 21.2989 24.592 24.1212 36.3712 18.938 29.8789 18.788 23.9729 49.8101 18.9555 18.0776 17.6325 17.5126 17.5078 17.3308 17.2944 21.7065 17.2449 24.0633 24.9858 30.5057 29.2717 16.9309 22.0911 22.4752 16.9077 17.1345 16.7832 18.8883 20.9299
threshold=72.500000000000014 1.0000000180025095e-35 10882.677344779802 -3.4999999999999996 91955.667768905914 14593.376961572727 -8779.61602684641 -4604.5044660697822 -78179.242461200556 7232.1132772621049 2449.0818015946602 1.0000000180025095e-35 37.500000000000007 5.5000000000000009 6129.5734560634801 223364.35883760123 1036.6371997697422 2319.4776690328904 1.0000000180025095e-35 10443.519169532372 11.500000000000002 -4604.5044660697822 3846.3658017763796 -1.0000000180025095e-35 1.0000000180025095e-35 157779.65827557721 1.0000000180025095e-35 108994.01042367045 1577.5163318930927 -2624.3409474090017 1285.2313717166483 1405.3682761816924 1463.8622231537313 1.5000000000000002 474.08896985198504 2957.5000000000005 -1.0000000180025095e-35 -6.4999999999999991 -136.57090482697228 55.500000000000007 8.5000000000000018 59.500000000000007 129.50000000000003 1.0000000180025095e-35 37826.639413169949 2067.6166880726519 -112.30182792555787 1.0000000180025095e-35 5076.4039865061923 1645.8103641826779 68182.377072094809 65.500000000000014 -48.405052425502454 6170.6217172663264 1.0000000180025095e-35 1.0000000180025095e-35 -27446.316847338854 2580.2166617388816 1.5000000000000002 -1.0000000180025095e-35 -1.0000000180025095e-35 121.50000000000001 1.0000000180025095e-35
decision_type=2 2 2 10 10 2 2 2 8 2 8 10 10 10 8 8 8 10 10 10 10 2 8 8 10 8 2 10 10 8 10 10 10 10 8 8 10 8 8 2 10 10 2 10 10 10 8 10 10 8 10 2 10 8 10 10 8 8 10 8 10 2 8
left_child=1 4 3 29 5 8 -7 9 -1 -3 47 13 60 17 -11 -16 43 18 19 21 -20 22 -10 28 -22 -14 27 -18 -9 58 31 -23 -32 -34 35 36 -35 38 -25 -19 -41 -42 -43 -4 -15 -37 -26 -8 -5 55 51 -6 53 54 -53 56 -50 -58 59 -2 -13 -62 -63
right_child=2 7 16 48 50 6 10 23 11 14 -12 12 25 44 15 -17 26 39 20 -21 24 30 -24 37 46 -27 -28 -29 -30 -31 32 -33 33 34 -36 45 -38 -39 -40 40 41 42 -44 -45 -46 -47 -48 -49 49 -51 -52 52 -54 -55 -56 -57 57 -59 -60 -61 61 62 -64
leaf_value=0.024671173601894726 0.050157827336486584 0.0055618479774292009 -0.0090653363473043903 -0.013540874606713028 -0.0033190635269485865 0.012036990208243501 0.0018891482884070242 0.010739329179499249 0.0073124505436799664 0.0089248889558899563 -0.018013817292644545 0.024525599906621974 0.10039691023099252 0.017439418843268054 0.20993788849622813 0.015275157704346627 -0.016748680936367871 -0.0094019676419851636 0.011252835116378646 0.020817332988646853 -0.0038299778620070387 0.0058795680335505364 0.019885386099803535 0.20517879015134588 0.10620490643485785 0.031436930208549839 -0.023970982007583515 0.025624738805323719 0.13650145401106853 -0.0017285403951241549 0.0035630994630865731 -0.0054080957885406051 0.014004539486521632 0.16313821759258904 0.001630645681378149 0.0068707705583792534 0.047875892797478066 -0.016225916352509178 0.002899783990508999 0.0049890113626193259 0.22455013021162218 -0.030609680370330065 0.11083074296608793 0.044422914523878747 -0.0012123730196920031 0.098594790596143539 0.038433070540379269 -0.017778850793025196 0.17005353597844103 -0.015807828357143047 -0.0095929737133835288 0.19871324716429584 -0.0062611533982087006 -0.0005789614476898275 0.048652580462101726 -0.0051373887760701679 0.16343481646489941 -0.012986455224280109 -0.0037114526484761396 0.014575697783147261 0.0055655535570119236 -0.013914986208953596 0.024261020384990038
leaf_weight=124.12648772518151 15.795298272510989 42.167954172706231 172.012242623372 430.54463175777346 28.865172794321552 215.89107671985403 379.18017643876374 18.146491175750274 471.49449580535293 2.6915920891333363 139.36907214741223 89.207945660222322 6.6845687285531339 49.624459688784555 2.3471325829159473 1.3117602593265472 468.91381729417481 130.05912194261327 114.3519014804624 150.28821468027309 11.367477049352599 981.96205011382699 226.9136173396837 0.8808594886213541 3.6885967303533107 12.041191102704031 623.96399719989859 11.790137396194039 1.2443632700014848 222.96049179066904 99.322675089817494 316.66722279088572 76.319680757820606 4.1521374373696762 8.5729066475760209 7.6334515474736673 6.0599298533052206 308.89048909605481 2.588502316270024 56.403124783653766 1.4093348844908167 2.5806775528471921 1.2736344349104909 5.881201568292453 564.69906891742721 2.4826753647066653 49.057083054445684 45.120008777827024 1.8372790652792899 8.1553644917439652 230.38694204716012 2.4725408786907792 4.7631696048192662 2.5881542409770191 2.2206582743674517 2.7651890341658145 0.92130668531171822 2.2060946042183787 31.827144868904725 53.215570554835722 264.45712774456479 14.655761800240725 109.4402526721824
leaf_count=4656 1323 3529 31298 97084 1817 4855 16391 2760 6379 334 18808 2330 197 1977 261 211 133352 9854 3712 2437 590 41686 3268 136 129 316 274591 1986 181 30860 4184 19484 1824 222 1104 411 353 88760 644 4777 132 234 158 295 31916 131 1780 2683 151 1677 30277 162 307 195 136 477 124 324 5500 7785 4581 274 2483
internal_value=-0.000334901 0.00478628 -0.0137769 -0.00580909 0.0058861 0.00659015 2.89324e-06 -0.00969763 0.00788789 0.0158979 -0.00460629 0.00734437 0.0144225 0.00629107 0.0845308 0.140149 -0.0185618 0.00764444 0.00844609 0.00759014 0.019726 0.0066872 0.0113974 -0.013441 0.0348388 0.0560537 -0.0203759 -0.0157094 0.0188098 0.0032872 0.00449873 0.0031271 0.0132071 0.0223105 0.0442441 0.0622152 0.0947405 -0.0154431 0.0542578 -0.00293536 0.0107031 0.0719331 0.0161285 -0.007297 0.000294301 0.0293815 0.0431725 -0.000202343 -0.0124067 0.0183337 -0.00640574 0.0115435 0.0471622 0.0821096 0.12771 0.0543546 0.08749 0.0389858 0.0143774 0.0227198 0.0127908 0.0100966 0.0197524
internal_weight=7440.91 5388.12 2052.79 770.228 5007.85 4736.56 779.56 380.269 3957 48.5184 563.669 3832.87 496.487 3336.38 6.35048 3.65889 1282.56 2722.06 2530.33 2351.87 178.465 2201.58 698.408 331.751 64.1132 18.7258 1104.67 480.704 19.3909 323.799 1503.17 1298.63 204.543 105.221 28.9011 20.3282 10.2121 312.36 3.46936 191.726 61.6668 5.26365 3.85431 177.893 614.324 10.1161 52.7457 424.3 446.43 15.8852 271.297 40.9097 12.0445 7.28135 4.6932 7.72987 4.96468 3.1274 100.838 69.0109 477.761 388.553 124.096
internal_count=910853 324026 586827 145305 227210 194316 42737 96816 151579 4335 37882 146923 10181 136742 806 472 441522 102849 87694 81483 6211 79046 9647 92481 2499 513 409929 135338 2941 45468 69399 61170 8229 4045 2221 1117 575 89540 780 15155 5301 524 392 31593 33893 542 1909 19074 99837 2753 32894 2617 800 493 298 1076 599 448 14608 9108 9668 7338 2757
is_linear=0
shrinkage=0.03


Tree=57
num_leaves=64
num_cat=0
split_feature=33 55 12 10 226 11 10 221 0 226 59 5 12 194 266 12 64 265 55 163 79 243 226 2 172 32 172 189 154 265 110 22 110 218 174 11 225 35 47 107 189 68 29 225 52 7 265 120 144 0 225 227 114 2 221 40 62 62 171 82 250 29 227
split_gain=540.907 90.8936 84.9602 57.7844 49.0804 38.4894 38.458 41.8158 77.7312 44.9355 59.4349 50.8656 32.1004 31.4233 29.5154 27.9307 27.1958 24.8144 24.2431 23.7517 42.2033 23.3524 23.303 21.9494 21.0912 20.1784 20.0004 19.8289 19.5981 18.8453 18.6422 18.2369 21.0387 21.7817 43.8344 18.0686 21.4272 78.3517 17.8156 17.6975 17.6919 18.9393 17.4737 20.6712 16.7241 20.8946 18.5206 16.6675 16.3764 21.9347 16.7718 16.0772 31.9007 25.9342 23.4615 18.7026 18.9254 17.81 19.8436 16.5809 22.9099 16.4774 21.6129
threshold=72.500000000000014 375.27837239478271 10882.677344779802 6.5000000000000009 -22.499999999999996 -4604.5044660697822 7.5000000000000009 1.5000000000000002 52313940.500000007 5.5000000000000009 1200.4988035320478 2398.5193900000004 7232.1132772621049 924.61622525926362 7594.7273437414669 20334.99599055044 6.5000000000000009 -6.4999999999999991 651.90162936955642 8153.4145123134467 7021.7561020846397 -68.949579502239985 -8.4999999999999982 1.0000000180025095e-35 679.85964283823262 11.500000000000002 -2994.6960137175261 -27446.316847338854 -1063.4999999999998 -2.4999999999999996 1.0000000180025095e-35 5517.8821042235895 1.0000000180025095e-35 -200347.09717736236 358.0896875795371 -3810.8095107638692 -26.499999999999996 100513.96147692057 78354.51403111234 30091.112087186844 -53998.629445423314 9945.7423415423418 26050.871322414114 76.500000000000014 9.5000000000000018 5076.4039865061923 -3.4999999999999996 50492.820976778276 -349.99999999999994 13855956.000000002 16.500000000000004 -8.4999999999999982 32830.38720731678 1.0000000180025095e-35 1.0000000180025095e-35 459.50000000000006 -252.51061907663896 115.743745251824 -4331.3566277272776 7.5000000000000009 -12900.80881375991 7640.6318749067332 -24.499999999999996
decision_type=2 8 2 2 8 2 2 10 2 10 8 10 2 10 8 2 8 8 10 8 8 8 8 10 8 10 10 8 8 8 10 2 8 10 8 2 8 10 8 10 8 10 2 10 10 10 8 8 10 2 10 8 10 8 10 8 8 10 10 10 8 2 8
left_child=1 3 4 22 19 12 7 18 30 29 -11 -12 28 15 31 51 -14 21 -4 44 -21 -7 40 24 26 -26 -24 -17 -3 -10 48 32 33 34 -6 36 37 -20 -18 -16 41 -1 43 -25 45 46 -2 -27 49 -9 -50 53 54 57 55 -53 -57 58 -5 -56 -61 -60 -63
right_child=2 5 6 13 14 17 -8 8 9 10 11 -13 16 -15 39 27 38 -19 35 20 -22 -23 23 42 25 47 -28 -29 -30 -31 -32 -33 -34 -35 -36 -37 -38 -39 -40 -41 -42 -43 -44 -45 -46 -47 -48 -49 50 -51 -52 52 -54 -55 59 56 -58 -59 61 60 -62 62 -64
leaf_value=0.019379582982230328 0.025984546410393477 -0.018609441472075362 -0.0084377314578214669 0.059580689143299483 -0.0083281500486141972 0.19634189334913563 -0.023308646704955843 0.18186916342514992 0.17414641943327394 0.034904235000511354 0.50307727431417393 0.12950170043242357 0.18232011177679078 -0.0073668525104041618 -0.0010451294709557797 0.0093344331593283921 -0.0014140105764984417 -0.015794341107420666 0.46510600044322703 0.0099550525660882985 0.15068533520699298 0.017971943567755218 0.017722992788341465 0.0043100459279462313 0.011868884408772961 0.034325866348230087 0.004721606431400501 -0.011469150631620264 0.026909202603160109 0.015748490385189395 -0.013826329006957126 -0.020257656041255678 -0.014802874001689387 -0.00078544808284805318 0.27317320257623373 -0.022762032209664919 -0.0015835024578090202 -0.0072459952089531949 0.12616717113898776 0.0303476267752113 0.01325160803697638 0.062925237846677209 -0.012186548113343455 0.074694986277151959 -0.01444835026388961 0.065590994689462889 -0.00095279835288331559 -0.024891236016252167 0.028490881088263947 0.0079725471736284605 0.27389750061806811 -0.0042892300979738198 -0.0089602447892092197 0.0031412980196093752 0.013756242542654186 -0.0047495146672359261 0.0072663776736912791 0.0056175492804464147 0.01468138617893841 0.14163735455377999 0.034819738903283055 0.098773355067057825 0.027604489976400325
leaf_weight=26.029218918411061 37.054530994500965 16.275449657347053 262.76520312577486 13.662987791234626 1.3461884991265822 0.90781817748211324 664.051454591332 0.70667913812212546 0.87742693931795657 0.92178204213269055 0.78725746949203335 0.5623362825717777 1.6865507937036444 276.70864733168855 109.94788422202691 54.127466283505782 2.9742623148486023 276.75476147793233 0.42348647373728443 5.4602786230389002 2.9561570375226447 2.4256298188120131 123.36890810774639 739.77563232975081 614.52911576186307 56.971606787294149 778.26028214558028 173.11671291780658 17.848764776717871 2.9446974850725378 26.879773794673383 177.35160886752419 186.62435177271254 132.94888803223148 0.79000950208865139 274.44489982654341 13.012740349164231 1.2458269416820256 1.4728970038704567 18.947243987349793 334.90800213534385 13.731060672318561 59.817784857470542 3.7744910353794685 25.398243945324793 6.315811622189357 60.440687820315361 4.6250511873513451 0.51108664413913973 8.565421784995122 0.49184337630867958 209.79871334601194 171.93835474317893 219.76532390294597 51.820577931124717 137.21013880264945 841.34322346933186 61.43591835279949 78.442518917843699 2.0779091413132846 13.865439312532542 5.03291458892636 16.207971730269495
leaf_count=221 1998 1732 61321 330 233 66 246496 167 204 287 200 120 180 35136 15495 7148 538 83173 107 346 139 652 2797 26945 11278 1774 21321 25754 1365 578 8112 46981 43653 24504 111 117425 3585 452 47 1581 9356 467 5541 199 4427 220 5617 422 152 2206 110 9814 11321 12976 2061 12038 32970 1688 2410 148 887 227 1044
internal_value=-0.000329059 0.0046271 -0.0135536 0.00560403 -0.00567238 -0.0108719 -0.0183453 -0.0128072 0.0155998 0.114913 0.220593 0.347419 0.0165567 0.00212257 -0.00922841 0.00340355 0.0797426 -0.0148143 -0.0150332 0.010553 0.0593846 0.0665485 0.00854322 0.00744892 0.00950424 0.0135097 0.00650057 -0.00651393 0.00519921 0.0521112 -0.000687966 -0.0125338 -0.0082758 0.00074156 0.0957768 -0.0210274 0.0113971 0.112585 0.0408408 0.00356952 0.0154978 0.0344179 0.00341242 0.00466734 0.00737219 0.0127108 0.00928515 0.0298795 0.0336824 0.0212262 0.14884 0.00464007 0.00315906 0.0100006 0.00481796 0.0038389 0.00558154 0.0186251 0.0256755 0.0219875 0.0487414 0.0210283 0.0444676
internal_weight=7427.47 5402.69 2024.77 5082.35 765.582 320.346 1259.19 595.14 43.2483 6.0935 2.27138 1.34959 40.2579 2326.55 627.956 2049.85 6.13371 280.088 551.892 137.626 8.41644 3.33345 2755.79 2381.12 1577.75 676.126 901.629 227.244 34.1242 3.82212 37.1548 499.061 321.709 135.085 2.1362 289.127 14.6821 1.66931 4.44716 128.895 374.668 39.7603 803.368 743.55 129.209 103.811 97.4952 61.5967 10.275 9.2721 1.00293 1822.6 1428.05 394.548 1256.12 1188.35 978.553 174.782 113.346 67.7639 15.9433 99.6834 21.2409
internal_count=910853 324026 586827 236273 145305 87753 441522 195026 12136 1389 607 320 3862 155952 132558 120816 765 83891 182890 12747 485 718 80321 70277 37592 13474 24118 32902 3097 782 10747 115482 68501 24848 344 121569 4144 559 585 17076 10044 688 32685 27144 12262 7835 7615 2196 2635 2373 262 87914 69239 18675 57918 54822 45008 5699 4011 3096 1035 3681 1271
is_linear=0
shrinkage=0.03


Tree=58
num_leaves=64
num_cat=0
split_feature=33 24 12 10 227 192 10 187 27 55 264 183 1 1 77 154 114 1 1 227 210 41 82 24 0 225 159 192 49 154 203 16 270 188 214 238 13 45 231 217 107 183 18 270 111 155 181 148 263 231 0 50 107 224 1 181 25 179 258 113 117 24 199
split_gain=514.348 86.6092 82.9094 54.4948 43.5138 38.3402 38.1735 30.8766 28.6163 25.4302 24.937 23.583 26.8662 24.437 23.9299 29.3662 22.851 22.7162 54.6244 31.831 28.4843 23.4152 21.9522 21.6413 83.7415 59.7238 45.9486 19.8849 19.5917 19.5646 18.8555 18.7797 20.1863 21.6396 18.7553 19.9714 19.9675 27.3324 18.3187 21.5544 21.9162 17.8419 17.2107 17.0305 16.876 18.5185 16.7252 26.4352 37.045 16.5944 16.5036 37.9891 16.4551 21.7131 16.339 16.578 29.4221 32.2204 16.5116 16.0914 15.9887 15.9838 15.9551
threshold=72.500000000000014 16554.288479542385 10882.677344779802 6.5000000000000009 -47.499999999999993 1.0000000180025095e-35 7.5000000000000009 -1.0000000180025095e-35 492.34980799757005 651.90162936955642 -4.4999999999999991 -62.875508536701993 202008.50000000003 201911.50000000003 1.5000000000000002 -1153.4999999999998 25045.617850325194 201956.50000000003 202101.50000000003 -11.499999999999998 -209.84941685101964 342.82944899665807 2.5000000000000004 346569.59114208916 47742975.000000007 -2.4999999999999996 25836.241042855607 -3.4999999999999996 8.5000000000000018 1.0000000180025095e-35 1.0000000180025095e-35 1.0000000180025095e-35 3285.4021478614563 2515.7366148737942 1452.5005838547102 -2.9999999999999996 1.0000000180025095e-35 202223.38716889816 -31922.935533338412 -1.4999999999999998 350.97049317457203 -2893.866659060132 1.5000000000000002 -2035.5687860908999 59.500000000000007 147490.66178749842 -1.0000000180025095e-35 4376.5000000000009 inf -31922.935533338412 16058900.000000002 6821.5000000000009 1049.5658192632382 11.500000000000002 202008.50000000003 -1.0000000180025095e-35 4510.8255897205836 52.907394326065976 -4.4999999999999991 306.02321213174707 24.03311074326 251414.6599051576 -10.499999999999998
decision_type=2 2 2 2 10 10 2 8 2 10 10 10 2 2 10 8 8 2 2 8 8 8 8 2 2 8 10 8 10 10 8 8 10 8 10 8 2 10 8 8 8 8 2 8 10 10 8 10 8 8 2 8 10 8 2 10 10 8 8 8 10 2 8
left_child=1 3 4 17 27 11 9 -3 31 42 61 14 13 -13 22 -16 34 19 30 59 -20 -21 -5 62 -25 -26 -27 -2 -23 44 52 32 41 -34 36 -36 37 -14 39 40 -38 -9 43 -4 45 -24 47 -45 50 -10 51 -49 53 -19 -7 56 58 -58 -56 -1 -15 -6 -11
right_child=2 7 6 5 10 54 -8 8 49 23 -12 12 16 60 15 -17 -18 18 20 21 -22 28 29 24 25 26 -28 -29 -30 -31 -32 -33 33 -35 35 -37 38 -39 -40 -41 -42 -43 -44 46 -46 -47 -48 48 -50 -51 -52 -53 -54 -55 55 -57 57 -59 -60 -61 -62 -63 -64
leaf_value=0.0032440364529121146 0.025428896061745757 0.03434867115271651 0.024926936298798549 -0.0010727373571790609 -0.00030367801414322494 -0.014578930044966106 -0.023146492279920952 0.043148955505343756 0.11727082408897521 0.037627501230547526 -0.01303899085196996 0.0028252577061312605 0.013008295003895087 -0.0019516556116165951 0.017404100386703945 0.15968923897065163 -0.0063145552524270388 0.0021253492610268372 0.033414757950624277 -0.012005919126280124 0.010970876404798015 0.012598055376645309 0.0054218705974739944 -0.010248371114316262 0.59651269472904633 -0.030093707763162818 0.40559636125342236 0.0017541131302724396 -0.0037147114920612562 0.083733061144311588 -0.014944983999264373 -0.021593242225618755 0.17088671091776758 -0.0070587038758468399 0.086099345075226444 0.019675075836064683 0.12229815852399094 0.092669587913961599 0.0035460301707826818 0.014645629390575085 0.0065935708256420174 -0.010397096039965994 0.14334230002789294 0.00025032493459675574 0.017228001500375772 0.037359098213312986 -0.010945589134051302 0.2557893281208487 0.25876797034711235 0.016000655382909013 -0.0080509355919313342 -0.030756961336610354 -0.0056600119540220119 0.013242294905099747 0.08065897406664492 -0.0032867870548811281 0.23445306007301855 0.017457806680229764 -0.024422813930016215 0.02775914352907027 -0.015875891886592115 0.12049620394537802 -0.020853011294895071
leaf_weight=28.875627501867712 45.159762232331559 13.121202897513285 14.711376892169937 265.08951609884389 174.34099786425941 156.98293313477188 648.8725712581072 5.8788511015009135 1.6170837492682038 4.2602643896825612 431.20095417182893 246.74789909273386 11.988380187423902 130.13653175416403 3.6691619718912989 2.0265100246760985 105.56988441990688 694.28727269708179 54.828744130209088 43.170196586521342 708.84678325499408 596.96898641972803 583.10768942115828 7.5618244756478799 0.33514415007084608 0.59320807806216158 0.34428855637088418 108.98799734795466 74.534253380261362 3.1351892962120465 55.053202811162919 162.12162336031906 1.1894109807908524 1.2737238379195335 5.5300533706322312 15.469615699723365 3.884365560952574 5.7287365344818673 261.11110670841299 20.077521214261655 2.3736983595881611 118.28972174413502 0.69154614675789972 26.267033203272153 162.03395623411052 16.811190473148599 237.18229765235446 0.83551711216568825 0.82662260718643654 14.643002268159764 2.5915860228706151 0.83010572846978914 164.60111780022271 204.75478349346668 1.8821611376479266 144.82180108595639 1.2437154175713656 1.2199007123708727 4.7224481191951764 145.62312882789411 172.72778147668578 0.9914092521648844 290.81418934604153
leaf_count=505 2732 239 1688 6446 25519 22080 246496 641 153 725 101616 19395 389 7806 197 183 9179 17099 1816 1954 14877 18106 29655 3242 131 215 135 15261 3437 80 3187 58974 176 219 187 508 130 175 14760 1100 222 26192 155 3840 7557 407 59290 130 28 1625 482 153 9824 6525 164 14027 111 148 424 2953 20194 177 124812
internal_value=-0.000323552 0.00447391 -0.0133362 0.0054213 -0.00554288 0.00203761 -0.0181298 -0.0107126 -0.012651 -0.0125923 -0.0091601 0.00354896 0.000216331 -0.00418306 0.00670615 0.0680289 0.00581692 0.00826359 0.00639691 0.0122153 0.0125823 0.00941056 0.00636711 -0.0186235 0.0276431 0.252788 0.12991 0.00868998 0.0107874 0.00894489 0.00217451 -0.0148316 -0.00617491 0.0788685 0.00974354 0.0371672 0.00785639 0.0387664 0.00595122 0.0297981 0.0784111 -0.00786192 -0.00613682 -0.00650177 0.00863716 0.00631683 -0.00822357 0.0123696 0.0749875 0.0260721 0.0393028 0.112982 0.0030606 0.00465721 -0.00776933 -0.000822867 0.0385265 0.127004 0.00552307 0.0237024 -0.00989284 0.00037938 -0.0200087
internal_weight=7415.17 5417.77 1997.4 5099.64 760.681 2328.09 1236.72 318.135 305.013 587.845 606.533 2017.22 981.346 549.612 1035.87 5.69567 431.733 2771.54 1882.37 889.172 763.676 714.673 1030.18 303.909 8.83447 1.27264 0.937497 154.148 671.503 765.088 1118.7 288.753 126.632 2.46313 326.163 20.9997 305.164 17.7171 287.447 26.3356 6.25806 124.169 283.936 283.245 761.953 599.919 268.533 31.3509 5.08383 16.2601 4.25721 1.66562 1063.64 899.042 310.873 153.89 9.06823 2.46362 6.60461 174.499 302.864 175.332 295.074
internal_count=910853 324026 586827 235807 145305 155524 441522 88219 87980 195026 127312 118570 74045 47395 44525 380 26650 80283 53328 26955 16693 23497 44145 129260 3723 481 350 17993 21543 37699 36635 86202 27228 395 17471 695 16776 564 16212 1452 352 26833 65766 65611 37619 30062 63923 4633 793 1778 765 283 33448 23624 36954 14874 847 259 588 3458 28000 25696 125537
is_linear=0
shrinkage=0.03


Tree=59
num_leaves=64
num_cat=0
split_feature=33 29 266 65 13 10 8 22 56 204 215 221 11 32 77 181 266 30 181 189 81 135 56 30 208 60 123 51 25 33 256 253 224 60 181 68 43 221 224 176 171 215 8 29 56 11 88 208 106 70 36 45 116 185 60 265 4 157 158 114 93 81 97
split_gain=488.891 75.3524 69.5199 55.837 52.5656 48.5421 41.9501 45.0681 38.4441 35.7567 31.795 31.0432 30.4231 28.6109 27.776 29.9912 27.1136 25.6372 25.0799 24.0435 22.9603 22.7924 29.1374 22.7028 22.9854 37.638 22.4586 22.3406 22.2411 22.0164 21.7655 21.3954 21.271 20.986 20.7919 19.824 19.8217 19.7273 19.4201 19.3284 21.0776 18.8965 18.8043 18.1442 18.0939 22.4682 18.0712 17.8768 17.723 29.524 48.1568 17.6205 17.6583 20.8 24.7419 24.9998 22.0211 21.6476 22.6412 30.6924 18.8709 17.7009 17.3129
threshold=72.500000000000014 21605.10443393431 7594.7273437414669 -5329.5665141369236 1.0000000180025095e-35 7.5000000000000009 -665.79861025929893 9923.1190859676972 1.0000000180025095e-35 -3438.9902841816979 452.24978133015799 1.5000000000000002 -20.142182545590995 56.500000000000007 1.0000000180025095e-35 -1.0000000180025095e-35 1566.6733564267822 1.0000000180025095e-35 -1.0000000180025095e-35 -1.0000000180025095e-35 1483.7838719004742 1.0000000180025095e-35 1.0000000180025095e-35 25.500000000000004 136385.05482324873 29611.750814505864 1.0000000180025095e-35 -1.0000000180025095e-35 2180.9154933122195 27.500000000000004 -4375.6326434010398 1.0000000180025095e-35 18.500000000000004 24663.529330090325 -2.4999999999999996 -1474.3587238062698 2359.5282793682704 1.0000000180025095e-35 1.0000000180025095e-35 -47.289215355204504 1730.2028547906468 -43.840564689759553 1.0000000180025095e-35 7640.6318749067332 1.0000000180025095e-35 -1196.1254971110959 8.0000000000000018 -82838.306088344048 25.500000000000004 38.500000000000007 -1215.4999999999998 1.0000000180025095e-35 -1.0000000180025095e-35 -20311.021253248004 11807.020687198788 -7.4999999999999991 53.500000000000007 8.5000000000000018 5753.5000000000009 32830.38720731678 13.500000000000002 2147.8209150784446 580.63181700585017
decision_type=2 2 8 8 2 2 8 2 8 8 10 10 2 10 10 8 10 10 8 8 10 10 8 8 8 8 8 8 8 2 10 10 8 10 10 8 10 10 8 8 10 8 10 2 8 2 10 10 10 10 10 8 10 10 10 8 2 8 8 10 10 10 10
left_child=1 4 5 43 12 11 26 9 10 18 17 14 28 19 15 -2 29 -3 -8 34 -14 22 27 24 44 -26 -6 -17 42 41 -22 -18 -12 -19 -11 -21 38 -37 -30 -34 -41 -9 -1 -4 45 -13 -31 -16 -29 50 -50 -36 53 57 55 -55 -56 -53 60 -60 -59 -57 -15
right_child=2 8 3 -5 6 -7 7 16 -10 13 32 23 20 62 47 21 31 33 -20 35 30 -23 -24 -25 25 -27 -28 48 36 46 -32 -33 39 -35 51 37 -38 -39 -40 40 -42 -43 -44 -45 -46 -47 -48 -49 49 -51 -52 52 -54 54 56 61 -58 58 59 -61 -62 -63 -64
leaf_value=0.018392106046412702 0.017123491635796538 -0.004343259000787714 0.030527696426534856 -0.0079000418732272804 0.027755156142261643 -0.020566219757718031 0.012185366615715719 0.010978653356200975 -0.012026524954788585 0.041903936410375833 0.01593545227299625 -0.021934078481231235 0.00041051068918392439 0.026053449596288501 0.0038585064526594315 0.15700622084820995 0.08536026518209576 0.047554679208949686 0.050365860576206754 0.0078257965917737475 0.019391108333816642 -0.016142627303444568 -0.013333425612787948 0.17584300016687515 -0.030177221554499492 0.40008086957175398 -0.0076763188324683908 0.0072632005076575246 0.029886273752049591 -0.01582771523622439 0.10134268562121256 0.012201048006804579 0.001310035867776828 -0.031131371051492631 0.06806931475608527 -0.0019101695698772623 0.0028211711973391762 0.020663560299490367 0.073589740606468584 0.15445465195765831 0.043100629644733386 -0.0077111866071463151 0.0087133872144883363 0.0014667977792955232 -0.0057606713720057597 0.045446057274218965 0.079625751398657157 -0.020457353036500613 0.0064366089742321055 0.010989416721407725 0.33081857516163099 0.017556417303614683 0.0046401681246150094 0.078980754479718501 0.020629924614447577 0.015061566916226503 -0.0033948908703723981 0.014349484206513378 0.03153114770845198 0.18061940741261609 0.12488461881261628 -0.018454811392489241 -0.011770234286125678
leaf_weight=312.80245692958124 42.618186501320451 216.37501301942393 55.930178146576509 230.94000836275518 16.916390780126676 852.24748515710235 36.148092468967661 81.811641559703276 351.52772706770338 15.617848150432108 33.564381483243778 6.099302428308877 258.97934637917206 88.720306507544592 29.81320662307553 0.95886186673305929 4.0547146501485249 15.321796253090726 27.086715339915827 339.44713179278187 17.777435149066154 200.49666600697674 78.115907956846058 0.72711327276192506 0.38503231829963525 0.34869920462369919 333.93979547405615 65.954134623520076 41.320109025575221 167.49057144462131 3.4892072083894154 31.918972473358735 2.6919958493672311 3.8088907341007134 4.2588233947753897 745.79602199769579 17.593561404384673 36.549641511868685 11.75390490493737 3.0051038891542685 3.11636988283135 120.24831783981062 427.6567219432909 29.552590569248423 43.920050529995933 16.510890530655161 1.8042571579571802 311.83024548692629 0.8173595960251987 2.9112785630859435 0.83032448939047643 47.031755629694089 1054.5803449344821 5.3293141513131559 42.833607577485964 294.46698535443284 173.10034573636949 8.2985127633437461 2.3278341104742148 2.666101599810645 1.6697589445393539 14.899092097301034 12.415550607955081
leaf_count=2798 5371 29920 2636 49805 335 296717 590 3870 58306 130 1878 1071 10633 7170 8638 106 200 1454 654 10263 641 45334 17402 158 137 136 40244 9993 537 20654 173 1949 176 478 24 59150 181 2112 196 137 122 6398 4116 2859 11053 3520 32 131031 134 573 153 4649 26504 168 1970 11310 11167 834 141 202 114 494 952
internal_value=-0.000318007 0.00432578 -0.0131166 -0.000232817 0.00560488 -0.0155805 0.00390295 0.00493351 -0.00543448 0.00622376 0.00290458 -0.0102845 0.0113926 0.00573547 -0.0120801 -0.00663809 -0.00442112 -0.00140007 0.02854 0.00516704 0.0028712 -0.00953075 -0.000668679 0.00910869 0.00730632 0.174299 -0.005968 0.0131734 0.0143368 -0.00683013 0.0328369 0.0204471 0.0268267 0.0318884 0.00745202 0.00177135 0.0304171 -0.00085557 0.039565 0.0683041 0.0977656 -0.000143896 0.0128021 0.0204809 0.00546463 0.0272697 -0.0148104 -0.0183355 0.0112175 0.0684237 0.169904 0.00712621 0.00696865 0.0111122 0.00919113 0.0145572 0.00137078 0.0275553 0.0589857 0.111125 0.0328649 0.0134474 0.0214102
internal_weight=7403.22 5432.21 1971.01 316.423 4802.8 1654.58 3711.43 3360.57 629.411 2953.24 277.884 802.337 1091.37 2890.01 734.346 392.703 407.328 235.506 63.2348 2788.87 280.246 350.085 149.588 67.9911 67.264 0.733732 350.856 71.472 811.127 371.355 21.2666 35.9737 42.3779 19.1307 1667.08 1121.79 70.6676 782.346 53.074 8.81347 6.12147 202.06 740.459 85.4828 66.5302 22.6102 169.295 341.643 70.5131 4.55896 1.64768 1651.46 1647.2 592.623 530.629 314.695 215.934 61.994 14.9622 4.99394 9.96827 309.366 101.136
internal_count=910853 324026 586827 55300 231555 531527 212280 171701 92471 138598 34165 234810 19275 137354 218735 79066 33103 31852 1244 129232 11447 73695 28361 16075 15917 273 40579 10959 7828 30954 814 2149 2313 1932 57707 71525 914 61262 733 435 259 10268 6914 5495 15644 4591 20686 139669 10853 860 287 57577 57553 31049 25109 11972 13137 5940 1291 343 948 11804 8122
is_linear=0
shrinkage=0.03


Tree=60
num_leaves=64
num_cat=0
split_feature=33 12 24 10 266 10 221 192 65 208 60 27 24 58 114 28 219 51 24 24 98 262 61 60 24 26 110 71 225 266 27 92 2 44 28 208 28 63 4 35 89 160 6 156 2 43 144 225 16 32 172 57 225 180 97 37 10 251 39 9 51 47 101
split_gain=464.701 80.712 79.5284 48.7886 37.8628 37.629 38.2206 35.5551 32.7328 31.9931 54.8515 27.5226 26.9449 24.0209 23.7401 26.1044 24.8312 23.059 23.1004 22.6842 21.5728 21.15 52.3303 20.5925 20.3157 19.8799 19.1096 19.0931 26.2939 23.1489 19.0627 20.7653 18.6084 20.3498 17.8717 23.4971 22.0233 23.8211 33.7554 21.0003 17.855 17.7268 23.1718 20.0235 24.2351 17.3484 21.2193 21.1328 18.1578 17.1009 19.0892 19.239 19.2769 17.0753 16.7634 16.5967 16.5184 45.7006 16.4973 16.4152 20.5218 24.5558 20.5804
threshold=72.500000000000014 10882.677344779802 16554.288479542385 6.5000000000000009 7594.7273437414669 7.5000000000000009 1.5000000000000002 1.0000000180025095e-35 -6591.0212204660356 136385.05482324873 43779.470752218927 492.34980799757005 1.0000000180025095e-35 71.500000000000014 8656.1308636500016 7.5000000000000009 75186.750431343346 29176.53653935271 129917.44335096471 146373.31344108321 8.0000000000000018 -22688.229300946339 508.21684722730356 35593.85693390805 1.0000000180025095e-35 1.5000000000000002 1.0000000180025095e-35 13626.244407719807 12.500000000000002 -69.682494648199523 1634.8394517613297 1416586.8566115035 1.0000000180025095e-35 1.0000000180025095e-35 9.5000000000000018 -5211.9869447533019 7.5000000000000009 1678.3711199102484 194.50000000000003 90163.938292510677 83476.196129342905 6.5000000000000009 10268.948816004309 56453.670956782807 1.0000000180025095e-35 293.40252101294703 -1612.4999999999998 76.500000000000014 7.5000000000000009 9.5000000000000018 472.84549807272566 53.500000000000007 -59.499999999999993 -1.0000000180025095e-35 13080.950070491412 123867.8563518508 6.5000000000000009 -9162.6261348963726 11.500000000000002 220.87666042806606 8165.7209236602412 16864.888064054099 148495.48936692768
decision_type=2 2 2 2 8 2 10 10 8 8 8 2 2 10 8 8 8 8 2 2 10 8 10 10 2 2 10 8 8 10 2 10 10 10 10 8 10 10 2 10 8 10 10 10 10 10 10 10 10 10 10 8 8 10 10 10 2 8 10 8 8 8 8
left_child=2 4 3 25 12 6 20 23 59 13 -11 54 14 21 15 16 -2 18 -6 -20 24 22 -8 30 -3 32 56 28 40 -30 34 -32 33 49 36 -36 -5 39 -39 41 -23 43 -43 44 -38 46 -34 48 -48 58 51 52 -51 -16 -10 -25 57 -15 -1 -4 -61 -62 -63
right_child=1 5 8 7 17 -7 9 -9 11 10 -12 -13 -14 26 53 -17 -18 -19 19 -21 -22 27 -24 55 -26 -27 -28 -29 29 -31 31 -33 45 -35 35 -37 37 38 -40 -41 -42 42 -44 -45 -46 -47 47 -49 -50 50 -52 -53 -54 -55 -56 -57 -58 -59 -60 60 61 62 -64
leaf_value=0.0076507496605621016 0.022006530274417867 -0.0084772432644616719 -0.0010232616184763623 0.0022131858341334124 0.013919947356985167 -0.022843164253185069 0.32589238605594706 -0.0076056149003742284 -0.01663931992009679 -0.030105942326175038 0.41920176650860258 0.02551148330160817 -0.019085623104702524 0.26596531837449117 0.01475065077829109 -0.0051356871718015243 0.15577895543030224 -0.0024860607748133671 0.16154418269762985 0.038756167765616939 0.064560197245298656 0.14670467433260762 -0.030154338555121039 -0.0045743523367591304 -0.020296670850381959 0.024449608878526683 -0.02039915401680141 -0.006684359688169805 0.2688578526536945 0.068051819656803861 0.010579753606052639 -0.020884488842085679 0.0015397277132085387 0.019407592851591344 0.069339685533276699 -0.010355269559301673 0.074592617839732311 0.029270660916423795 0.22520992838719447 -0.0010318214282663018 -0.0075922723953177115 0.14789116632257884 0.023277337626360833 0.0069090610860085572 0.01313850240406529 -0.0094227723776180421 0.01209774121125164 0.087574101072822708 -0.015729124706859863 0.090531820651375702 0.02803202440897077 -0.0058592964961911359 0.014989054063181425 -0.011130044046935626 0.054905304792200446 0.041596025349555678 -0.001082550958241934 0.017740094279571458 -0.0088800707047877979 0.011893679137236782 0.19177137618091361 -0.0051963560023918134 0.12702172938649731
leaf_weight=1326.0610372452065 40.065179702593014 241.18778225919232 16.191063119797036 924.55122907366604 71.082876231987029 622.15540765179321 0.75201888266019501 308.59157974948175 265.70027830218896 0.51293545798398454 0.4673311214428395 15.307164736092089 167.99966632481664 0.91178263467736542 25.042077929480001 56.979747058823705 1.2890174577478308 105.26372622232884 1.8390543367713679 5.1351626804098487 3.0937616049777708 0.84633067646063587 0.73427200992591679 320.23054511402734 286.18012235430069 62.758708271896467 20.600977159338072 6.2799338344484577 0.89925680146552656 1.214457389200106 505.42374984826893 19.610000980552286 545.99055028171279 160.27609286084771 3.4231171663850546 121.91360804368742 10.868211659835652 2.5124925863929088 1.1550982892513273 51.909395481226966 3.333714704727754 2.3239257181994608 3.1816232509445399 40.06024363078177 12.325121372938156 79.048714016797021 324.75430760974996 3.2137504692655048 22.571434210520238 3.1526863179169595 77.057396101998165 48.324033970711753 85.162905260920525 273.77451876038685 2.9805407123640171 7.1638542169239363 5.1065263657364994 2.4918959096539788 56.654666509246454 7.8267873425502348 1.4805473429150877 2.5232884988654409 1.8264734430704259
leaf_count=29615 4078 55708 1305 47404 6998 246496 106 36954 83875 178 114 1683 58304 235 2213 8492 175 11389 173 354 216 166 207 27617 126966 1102 6513 1832 120 253 22820 1102 18798 985 275 10433 397 367 104 4376 490 169 315 2162 748 4099 10594 162 3417 147 2757 2776 3940 53129 224 281 1421 501 1891 628 167 266 71
internal_value=-0.000312386 -0.0128982 0.00418467 0.00508148 -0.00517102 -0.0177309 -0.0121956 0.00188083 -0.0104755 0.0146231 0.184096 -0.0136165 -0.00901397 0.0107749 -0.00475353 0.0080325 0.0261762 0.0066762 0.0190319 0.0711345 -0.0144278 0.0429749 0.149995 0.00332531 -0.0148911 0.00775561 -0.00477691 0.0303245 0.0672521 0.153483 0.00465268 0.00940456 0.00737216 0.00921717 0.00252795 -0.00817869 0.00380734 0.0156613 0.0909812 0.0133721 0.0236481 0.0242462 0.0758776 0.0197523 0.0419354 0.00404993 0.00523784 0.0109979 0.0102894 0.00819407 0.0160922 0.00935882 0.0176858 -0.00896113 -0.0158457 -0.00356408 0.0330404 0.084235 0.00697342 0.0194095 0.0436334 0.0862418 0.0503223
internal_weight=7389.35 1945.24 5444.11 5130.27 748.471 1196.77 574.613 2335.24 313.836 44.1514 0.980267 283.988 565.15 43.1712 397.151 98.3339 41.3542 183.321 78.0571 6.97422 530.462 14.06 1.48629 2026.65 527.368 2795.03 29.1112 12.5737 6.29376 2.11371 1699.26 525.034 2732.27 1756.69 1174.22 125.337 1048.89 124.336 3.66759 120.669 4.18005 68.7591 5.50555 63.2536 23.1933 975.579 896.53 350.539 347.326 1596.41 213.697 136.64 88.3156 298.817 268.681 327.394 8.5102 3.40368 1382.72 29.8482 13.6571 5.83031 4.34976
internal_count=910853 586827 324026 235807 145305 441522 195026 155524 88219 12136 292 85782 126391 11844 68087 12745 4253 18914 7525 527 182890 3174 313 118570 182674 80283 8670 2861 1029 373 90672 23922 79181 42111 66750 10708 56042 8638 471 8167 656 3791 484 3307 1145 37070 32971 14173 14011 41126 9620 6863 4087 55342 84099 27898 2157 736 31506 2437 1132 504 337
is_linear=0
shrinkage=0.03


Tree=61
num_leaves=64
num_cat=0
split_feature=24 16 53 66 11 189 122 16 22 8 133 192 265 11 53 187 181 22 78 205 10 151 48 58 60 174 8 53 210 94 7 227 68 60 60 233 58 113 250 100 7 122 247 10 270 208 133 270 5 53 36 10 13 211 60 132 49 11 214 156 173 7 11
split_gain=402.617 142.321 86.4155 64.7163 42.8091 39.7544 59.111 37.5109 31.0772 32.8083 30.7065 30.5796 51.4912 30.1439 23.8307 23.0662 22.9651 22.959 23.5826 22.645 21.4475 21.1611 21.8276 28.5152 20.6877 35.1383 41.2624 25.8463 34.077 33.8346 20.3296 21.1408 21.6319 20.1763 19.5182 28.2276 27.1131 23.3661 25.0357 26.966 19.8175 19.471 18.3621 18.3151 27.8464 36.0957 32.7853 20.6305 18.2673 17.9546 17.9518 17.7088 17.5386 24.4154 17.5435 17.4992 17.1998 17.1377 27.8572 25.9946 20.7525 19.6374 20.0495
threshold=16554.288479542385 4.5000000000000009 18006.387843212568 7611.033530455461 -2617.8446820397457 -1.0000000180025095e-35 299.48581105471652 1.0000000180025095e-35 9923.1190859676972 -665.79861025929893 206.72000445979606 12.500000000000002 2.5000000000000004 -4604.5044660697822 9646.1310955581012 -1.0000000180025095e-35 -1.0000000180025095e-35 29965.744327349475 83511.940270230101 -4778.1943131463331 8.5000000000000018 790.45349405696413 551212.96924950497 117.50000000000001 49341.771641684951 2163.3435664237063 -1499.9196454670148 1051.9669374916143 -2173.5195500515433 784.50000000000011 1396.9008638552896 -8.4999999999999982 20167.749316033402 10092.780607762683 26993.533717558395 59.500000000000007 133.50000000000003 1595.2086348154774 -3592.5364972582315 -1642.4999999999998 1789.7702361866777 34799.918112550942 666.52045257182567 6.5000000000000009 -688.83389113302155 -28523.111810456776 1126.1852662232388 3285.4021478614563 1378.5133897219066 102.30533664521852 -1549.4999999999998 4.5000000000000009 1.0000000180025095e-35 -163.94391322327348 6720.2426582295093 28789.552306591937 5.5000000000000009 -4604.5044660697822 -84.57044964590726 102058.17027569101 1748.3755110100099 1396.9008638552896 -771.20601152140785
decision_type=2 10 8 10 2 8 10 8 2 10 10 10 8 2 10 10 8 2 10 8 2 8 10 10 8 10 10 10 8 8 8 10 10 8 8 8 10 8 10 10 8 10 8 2 8 8 8 10 10 10 10 2 2 10 8 10 8 2 10 10 10 10 2
left_child=1 5 7 8 33 10 17 43 9 -3 51 52 -13 14 -10 -8 24 18 19 -7 21 22 23 -12 25 27 -27 28 -5 -30 31 32 -25 -4 35 -32 -37 -38 56 -40 -36 -16 -35 44 45 46 -2 -46 -34 -17 -42 -1 53 -11 -54 -18 -39 58 -21 -59 -61 -62 -63
right_child=2 3 4 16 -6 6 15 -9 13 11 20 12 -14 -15 41 49 55 -19 -20 57 -22 -23 -24 30 -26 26 -28 -29 29 -31 34 -33 48 42 40 36 37 38 39 -41 50 -43 -44 -45 47 -47 -48 -49 -50 -51 -52 -53 54 -55 -56 -57 -58 59 -60 60 61 62 -64
leaf_value=0.012793447859077149 0.002569641328497799 -0.0043229797838187627 -0.020627779630902482 0.26063257238382981 -0.012657274008474413 0.019184163112728584 0.057686133454797298 -0.022707512862353868 -0.015800034246367004 0.081614002543803826 0.013806194968323665 0.26393910606280274 0.026856469301031471 -0.022470048901052864 0.013967843814866118 -0.0034176814998222727 -0.015780113278302095 -0.0027836283613348342 0.06325200879483267 0.027530490760338262 -0.00075297608826338394 0.0078145508590413502 0.00029967122824123597 0.029183075597784346 -0.016201823273175639 0.0086437957310982316 0.31892237623694153 -0.0025194856364071862 0.19768429788146347 0.010841555684341139 0.0031690808350077998 0.0085174932375000241 0.14148049709672933 -0.0028223645965112865 -0.016250127021734954 0.12873101019573027 0.030632220492530601 -0.007202920453750216 0.1919093964592021 0.077951391502875167 0.12025999938859261 0.13231705530975613 0.02921699680159141 -0.015323279784737251 -0.0043975592193615754 0.23773358528873326 0.16742129060649952 0.12301753809976732 0.033263982705223578 -0.015569800646787505 0.026996923629358328 0.0049348694041279981 0.016916985302528557 0.0059610969254398063 0.0020775143014220877 0.0082501469185541181 0.076727917588356759 -0.0023078567068308387 0.0062604113059237729 0.0059932509553744361 0.0020703242883785837 0.019886406670567479 0.073359054560920803
leaf_weight=298.92677370272577 5.4853040799498558 302.59410151303746 11.88058820099104 0.72182298428378999 90.886226853821427 112.12665149592794 4.8814981877803794 813.89498978224583 35.052203650586307 6.8595567974261931 123.15026128315367 1.1173120522871602 3.1457171312067658 96.951529222773388 41.808196010766551 299.11359614389949 538.86153486510739 287.16736203315668 6.5804141170810899 70.926811028970405 76.408334827050567 166.43055520392954 39.263203293085098 23.523673285730187 19.379887618124485 0.77310025063343346 0.76986221224069484 18.438818615395576 1.0519725172780514 5.1062397598288953 7.6508548276033252 41.071633920772001 3.2188852396793655 21.556174010504037 7.9295765107963234 5.3781873134430489 16.552207843866199 3.3631069096736619 2.92387923784554 5.1791073498316109 2.298446323489773 1.2897205722983915 63.591563909081742 96.106990974396467 57.900859921006486 0.89568664948455978 1.353719762759283 1.1667400579899538 2.4897693791426718 172.54647238366306 9.6826727380976063 1888.3456766700838 104.20549440034665 8.7199323149397951 229.85831030714326 28.727662694174796 6.3401653056498608 432.89360674656928 253.42155352095142 357.2121282289736 15.616691370727493 13.52660719398409 11.830051376949998
leaf_count=4047 1389 45543 1605 119 24380 2182 57 370542 5449 334 4916 94 453 20461 4542 21369 152024 14031 315 1001 5679 4991 2140 446 5551 199 102 4506 165 949 267 2103 216 3763 574 146 524 199 100 258 114 226 5236 24524 12567 214 161 147 182 26681 823 53782 6754 407 27310 5926 223 18216 4028 14255 516 330 500
internal_value=-0.000306868 0.00272731 -0.0164932 -0.00551898 0.00213753 0.00522721 0.00205652 -0.0200773 -6.52226e-05 0.00292988 0.00759389 0.00913117 0.0889943 -0.0112946 0.00256937 -0.00719181 -0.0129076 0.0048793 0.00660639 0.00631232 0.0139803 0.0163937 0.0211529 0.0242929 0.00742212 0.024466 0.163458 0.0159957 0.0656172 0.0427588 0.0336783 0.0223963 0.0418962 0.0159958 0.0454641 0.0559367 0.0660965 0.0562922 0.080145 0.119072 0.0205396 0.0175095 0.0211058 -0.00693696 0.00512824 0.058654 0.0352005 -0.00188078 0.094283 -0.00786327 0.0448884 0.00600887 0.00815744 0.0392706 0.00670643 -0.0145639 0.0476379 0.00506319 0.0109116 0.00278069 0.00831279 0.0285349 0.0448339
internal_weight=7378.12 6213.4 1164.72 1445.43 187.915 4767.97 2037.84 976.804 831.602 656.5 2730.13 353.906 4.26303 175.102 78.1501 476.542 613.831 1561.3 1274.13 1267.55 542.855 466.446 300.016 260.752 46.2417 26.8618 1.54296 25.3189 6.88004 6.15821 137.602 70.304 29.2323 97.0283 67.2982 47.3875 39.7367 34.3585 17.8063 8.10299 19.9107 43.0979 85.1477 162.909 66.8023 7.73471 6.83902 59.0676 5.70865 471.66 11.9811 2187.27 349.643 15.5795 334.064 567.589 9.70327 1155.43 324.348 831.079 398.185 40.9733 25.3567
internal_count=910853 466325 444528 281114 34984 185211 103481 409544 111573 80895 81730 35352 547 30678 10217 48107 169541 55374 41343 41028 23901 18222 13231 11091 11591 6040 301 5739 1233 1114 6175 2947 844 10604 3228 1717 1450 1304 780 358 1511 4768 8999 39002 14478 1764 1550 12714 398 48050 937 57829 34805 741 34064 157950 422 38846 5029 33817 15601 1346 830
is_linear=0
shrinkage=0.03


Tree=62
num_leaves=64
num_cat=0
split_feature=23 14 266 20 37 11 181 10 27 8 1 11 31 76 58 24 263 36 234 208 178 1 108 60 31 62 3 266 141 31 228 94 107 212 187 237 1 259 265 68 27 20 58 121 194 60 32 102 12 122 193 208 237 110 1 270 42 242 63 3 58 11 122
split_gain=387.39 151.987 70.4319 59.0922 51.6084 45.4001 40.3415 37.8149 36.8231 36.2084 31.5203 39.1863 37.8185 33.4762 30.4108 53.11 67.2291 87.4432 29.2428 28.1148 30.5666 30.3707 31.9926 27.6241 25.8259 25.9827 24.0035 27.1394 23.6168 23.0832 36.8628 23.0674 22.7758 22.0929 21.6682 21.644 21.2551 33.3476 21.2081 27.1095 21.1065 43.8764 27.2628 20.8792 19.9237 30.8818 19.9054 22.7914 19.5481 19.4055 19.0667 22.1721 32.7759 18.9153 18.469 19.2371 18.3778 18.234 60.5211 18.0331 19.5205 19.2437 18.2433
threshold=1.0000000180025095e-35 20135.052876800179 7594.7273437414669 2021.0866590752103 558.38052365514966 -3810.8095107638692 -1.0000000180025095e-35 8.5000000000000018 1.0000000180025095e-35 -254.12233546346695 202101.50000000003 -21271.289995626881 1.0000000180025095e-35 25797.180673893261 40.500000000000007 251414.6599051576 -24420.92467965672 -1275.4999999999998 61.843584044825668 -82838.306088344048 14.948010129077007 201956.50000000003 3.5000000000000004 24663.529330090325 1.0000000180025095e-35 1925.7344546511199 47.500000000000007 1566.6733564267822 56.500000000000007 1.0000000180025095e-35 1.0000000180025095e-35 4999.5000000000009 5389.8440227522487 1.0000000180025095e-35 -1.0000000180025095e-35 -75084.920524178408 202001.50000000003 5.5000000000000009 -12.499999999999998 53236.907602408588 3147.7063748914593 6393.3041511775182 47.500000000000007 1.0000000180025095e-35 -41759.654525293925 39254.885423024192 87.500000000000014 205364.49712045924 4170.8151308532697 109677.6723988364 1.5000000000000002 -11381.160881849928 -8821.0227174947922 1.0000000180025095e-35 202003.50000000003 37.047096446224678 20.500000000000004 -567.6109047498411 4771.3520713916178 30.500000000000004 47.500000000000007 -1196.1254971110959 92453.893748497096
decision_type=2 10 8 10 10 2 8 2 2 8 2 2 10 10 10 2 8 10 8 8 10 2 10 8 10 10 2 8 10 10 8 10 10 10 8 8 2 10 8 8 2 10 10 8 10 8 10 8 2 8 8 8 10 10 2 10 10 8 10 2 10 2 8
left_child=1 3 8 7 6 43 -3 10 14 -8 11 18 -12 28 15 36 17 -17 -1 49 21 26 34 50 -24 33 27 31 35 30 -29 -21 59 48 -23 -14 37 44 39 -11 -5 -42 -43 -4 45 -2 -28 -48 -26 -13 51 52 -10 -9 55 -45 -38 58 -46 60 -30 -61 -63
right_child=2 4 5 40 -6 -7 9 53 23 38 12 19 13 -15 -16 16 -18 -19 -20 20 -22 22 24 -25 25 -27 46 29 32 -31 -32 -33 -34 -35 -36 -37 56 -39 -40 -41 41 42 -44 54 57 -47 47 -49 -50 -51 -52 -53 -54 -55 -56 -57 -58 -59 -60 61 -62 62 -64
leaf_value=0.0028829971103483099 -0.0070408418203704052 0.015653428685818305 0.098077448525160427 -0.0061225584268751925 -0.017962617570066512 -0.010553153377877583 -0.015094335979109077 0.0034454980945051012 0.22849531624242897 0.22853222785103397 0.006245334063859841 0.024478658568763939 0.067514643407958472 -0.0066960884335049075 -0.022681877209347948 0.036703459250349887 0.037649284663949269 0.64720816793171554 0.025895896432483821 0.0065186179891248332 -0.0045961192099277419 0.022355704492053735 0.0011264013057401508 -0.021428693591653933 0.013155444703360174 -0.021826600528263122 0.0033752133182048142 0.086795650564365376 0.031517392981158153 0.0083293956013945469 0.023293487810100828 0.082047331755577518 0.0045391610192692311 0.034530704430507625 -0.0085500492902117285 0.015087642140783133 -0.01962571296473354 0.28230870185158319 -0.0012715764847574639 0.019273252307783234 0.17832911055895673 0.16504437215421938 -0.03028110283399384 0.009647935484292226 0.020602507044544593 0.24864760300351865 -0.034168060752792682 0.1255485550239889 -0.0064917234888604916 0.10072122440196347 -0.019799362496055756 0.032147737448359207 -0.030381577288332094 -0.011112910421662557 -0.0085389643871831324 0.045975766951437937 0.17473563633128653 -0.0073352192380311534 0.39983212664365891 0.0074411442491701353 0.11958415633276653 0.039140500371115015 0.10654285664810478
leaf_weight=78.092880862299353 1.0010712052462611 89.156360789434984 2.8356085144914687 447.96721312892623 300.40097137005068 134.63864455290604 244.25805447692983 158.53802856453694 1.2727523955982176 0.81128776189871132 662.29833604907617 11.408390821889041 7.2331885383464396 47.868937815073878 791.34543766803108 0.44895500631537288 5.754716543829999 0.39863162848632783 136.66369362012483 356.79218720132485 327.71174540440552 21.986277285031974 705.69215484033339 16.389694855897687 290.94386556814425 21.018085548188537 496.45348923886195 8.6627429742366076 4.118299473077057 99.355691948672757 163.64981142734177 3.6768015404231837 20.088153884047642 36.799984691431746 286.0106528128963 350.98760868958198 125.33549764147028 0.38409017061348905 453.8212424244266 1.7789175461512061 1.7192035901825864 0.76755601377226401 3.9670937289483845 32.232351719285361 4.0121030299924314 0.73894071555696417 1.1920625327620649 2.4707377089653164 54.043110769009218 4.0786436377093187 5.6343576969811719 17.292181299766529 0.67285705404356111 162.80226237606257 21.27184114838019 22.123893399722874 0.43937531381379713 45.806722525390796 0.4182232831371947 16.93764856737107 5.0342342376243323 45.495684308698401 3.9259365866892031
leaf_count=1484 217 8659 98 58437 77587 38450 61505 11867 209 163 12368 437 187 2762 346027 164 2113 138 1172 14282 24143 130 24514 5099 10465 980 20395 292 144 3813 2654 258 2087 719 12421 8374 43514 137 54254 314 189 110 738 2761 1272 176 133 257 6135 150 1293 1818 166 18461 2621 942 174 15791 117 1019 205 3087 205
internal_value=-0.0003017 0.00277873 -0.0156649 0.00497317 -0.0073789 1.75789e-05 -0.00335351 0.00599439 -0.0189499 -0.00577204 0.00674115 0.00516357 0.0109517 0.0171648 -0.0201234 -0.00916373 0.0743887 0.323832 0.0175276 0.00424542 0.00402837 0.00513729 0.00220943 0.00880992 0.00458597 0.0106469 0.00880015 0.0126854 0.0196817 0.0198457 0.026486 0.00728901 0.0329293 0.0124347 -0.00634385 0.0161462 -0.0122605 0.00380044 -0.000783016 0.084816 -0.00534651 0.0485194 0.00138402 0.0181563 0.00174238 0.101544 0.0038893 0.0735686 0.0100777 0.0445578 0.0287359 0.0429509 0.138967 -0.0039303 0.0151597 0.024434 -0.0189467 -0.00171435 0.0564018 0.0404818 0.0799574 0.0350372 0.0444948
internal_weight=7367.13 6136.68 1230.45 5046.45 1090.23 213.102 789.826 4592.03 1017.35 700.67 4270.69 3106.7 1163.99 501.69 976.084 184.738 6.6023 0.847587 214.757 2891.95 2876.46 2548.75 1416.49 41.2618 1108.5 402.805 1132.25 632.137 453.821 271.668 172.313 360.469 95.6 381.787 307.997 358.221 178.136 52.3612 456.411 2.59021 454.421 6.45385 4.73465 78.4637 51.9771 1.74001 500.116 3.6628 344.987 15.487 24.8721 19.2378 1.94561 321.34 75.6281 54.3562 125.775 50.237 4.43033 75.5118 9.15253 66.3593 49.4216
internal_count=910853 447556 463297 245074 202482 44872 124895 185600 418425 116236 155272 124834 30438 18070 409840 63813 2415 302 2656 122178 121591 97448 55364 8585 42813 18299 42084 21299 15308 6759 2946 14540 6747 17319 12551 8561 61398 17710 54731 477 59474 1037 848 6422 17573 393 20785 390 16600 587 3486 2193 375 30328 6324 3703 43688 17180 1389 4660 349 4311 3292
is_linear=0
shrinkage=0.03


Tree=63
num_leaves=64
num_cat=0
split_feature=23 14 17 16 20 266 1 11 17 1 226 11 234 161 1 79 122 60 223 161 194 122 219 27 223 6 1 112 125 1 140 226 147 27 20 112 140 3 208 140 157 89 183 201 163 214 6 211 30 115 160 90 221 13 1 157 225 83 115 171 231 11 200
split_gain=369.859 143.157 77.1435 59.2468 55.4219 37.647 34.9205 46.4823 37.4391 37.5508 42.0546 32.1206 28.8521 28.3947 30.72 26.009 32.4165 27.2654 25.0596 24.9309 29.6394 32.6052 26.1923 24.2594 23.9679 23.3138 21.9469 21.4892 20.3868 20.2356 19.6944 19.3893 18.9999 18.9954 33.1708 27.1696 18.618 18.384 17.8408 19.1959 17.6304 22.9844 17.4257 17.3494 17.2586 17.2574 20.2992 17.2548 17.1145 17.1068 18.7858 19.6576 24.3408 17.8908 17.1028 17.0826 16.8011 16.097 16.0891 24.5317 32.0017 20.0949 18.5857
threshold=1.0000000180025095e-35 20135.052876800179 1036.6371997697422 1.5000000000000002 2021.0866590752103 7594.7273437414669 202101.50000000003 -21271.289995626881 15208.033951771204 201956.50000000003 -4.4999999999999991 -140.78298362304147 61.843584044825668 226.1793662100045 202003.50000000003 2629.9558965718329 130650.37266656123 10092.780607762683 1.0000000180025095e-35 5376.3244256379012 2382.2589921487865 -1.0000000180025095e-35 1.0000000180025095e-35 492.34980799757005 1.0000000180025095e-35 25467.389181806535 202101.50000000003 285.50000000000006 22637.39808960614 201956.50000000003 11.500000000000002 -4.4999999999999991 21.500000000000004 3147.7063748914593 6393.3041511775182 40.500000000000007 7.5000000000000009 61.500000000000007 136385.05482324873 29.500000000000004 13.500000000000002 91852.353248121915 97.19033440990502 37912.047543878391 649.77398904489553 2067.6399278396025 23230.798608357007 -6800.0389220980487 29.500000000000004 1530.6653828964702 16.500000000000004 -545.49999999999989 1.0000000180025095e-35 1.0000000180025095e-35 202002.50000000003 3.5000000000000004 4.5000000000000009 5574.7360696158858 163.43428670322803 853.99261086853755 -6042.1615854830952 -20.142182545590995 -1.0000000180025095e-35
decision_type=2 10 8 10 10 10 2 2 10 2 8 2 8 8 2 10 10 10 10 8 10 8 10 2 10 8 2 10 10 2 10 10 8 2 10 10 10 2 10 10 10 8 10 10 10 8 10 8 10 8 8 10 10 2 2 10 10 10 10 8 10 2 10
left_child=1 4 11 31 6 23 7 12 9 10 42 27 29 14 -11 -8 17 19 36 20 24 28 -23 48 32 -25 -5 54 -22 -1 43 -3 -17 -6 -35 -36 -16 58 -13 -40 -19 -42 -9 -7 -10 -33 -47 -15 -4 50 -28 52 -52 -51 -2 -24 -46 -12 59 61 -61 -38 -63
right_child=2 3 5 26 33 30 15 8 44 13 57 38 -14 47 18 16 -18 40 -20 -21 21 22 55 25 -26 -27 49 -29 -30 -31 -32 45 -34 34 35 -37 37 -39 39 -41 41 -43 -44 -45 56 46 -48 -49 -50 53 51 -53 -54 -55 -56 -57 -58 -59 -60 60 -62 62 -64
leaf_value=0.020775966332603344 0.015224353311419995 0.011667557827941277 -0.022565023987334482 -0.015899864635747222 -0.0059742536376386881 0.020114704543604849 0.0084078329871619395 0.021468874313829323 -0.0086678414558071914 -0.0070180070144785318 0.006165432629535228 -0.012853910660388079 0.025322531201457693 0.022810783805159506 0.0028593421207333148 0.014542567087625548 0.11911725022539763 -0.00021661564042202254 0.025575118197762939 0.0016090422956709387 0.081773909642534601 0.011107883594831667 0.048000302210483493 0.028616899520343912 0.085586713020945629 -0.027452228335656557 0.00066953899721977433 0.094840725945376708 0.20753750826233325 -0.0087359508207075307 -0.017137030087564425 -0.0036002792168400091 0.067876479318071004 0.1461507108810291 0.16439853438968646 -0.030282444280751004 -0.0094827907224547519 -0.0059025138687905749 0.012072065360716493 0.15384622347312524 0.1155974327460009 0.011291072176753287 0.0047264951893161676 0.13497081918075265 0.016982862981490494 0.092980611781191588 -0.01890760482438008 -0.0035634639997031868 0.15591369988364545 0.13375700140557456 0.049548070779090979 -0.019872878151326611 0.21068081233156596 -0.015288163224849827 -0.0054693879472892133 0.19095356215935397 0.14782769919125432 -0.0076100782501931008 0.010715531120325738 0.02250632715044994 0.10909448666689636 0.092072585562799597 0.023677433518146631
leaf_weight=35.574016128201038 78.436658571241423 123.74390232306905 805.66862399654929 498.88064171373844 445.35510543035343 21.852006461587738 1075.8550669520628 242.14563534688205 256.87341150990687 151.16477874596603 872.14062261325307 186.46374520193785 145.50970963970758 22.984302440425381 434.99447579006664 41.87384035717696 2.9916384995449326 61.43342796806246 65.602119008544832 20.797833569115028 2.3807727596722543 6.3248406869824958 1.5228768473025414 16.594588130130433 6.0309099243022493 11.164834087598139 84.071238604607061 2.4778826031833878 2.2625029198825359 50.729108128231019 15.78773406613618 282.58766331896186 7.0192629634402683 2.0292651618365189 0.76991379470564414 3.9822385529987514 13.641209754161535 30.315013105981052 3.5434766376856706 1.13477690028958 2.8340196299832288 5.7771664913743743 72.761966982157901 1.2514214165275905 3.6459627386648199 3.5976376680191597 2.4552727451082319 778.40504798386246 0.48383056034799565 0.7317511229775836 5.5967917847447097 2.901502351742236 0.99351895810104895 76.661681306548417 66.350357811432332 1.4868789955507962 1.1655679547693578 83.667365147033706 69.793413843493909 7.9088486549444497 7.4696135392878187 4.3690059222281006 19.694759830832481
leaf_count=578 7574 8387 377926 137274 58437 4029 24363 6062 44016 4547 27827 49516 1384 943 11146 1848 238 4940 1319 1629 115 413 133 2808 221 4170 13838 172 166 1448 5522 20802 256 189 98 750 325 1451 801 235 201 503 2422 163 499 139 200 37106 190 133 1068 641 147 19853 10191 127 161 4803 3127 248 271 153 611
internal_value=-0.000297029 0.00269013 -0.0154485 -0.00721344 0.00480774 -0.0201629 0.00579098 0.00420804 0.00325061 0.00423876 0.00809222 -0.00328946 0.0171716 0.00119043 0.0051702 0.0100986 0.0212764 0.019444 0.00798827 0.0303964 0.0390857 0.078089 0.0457737 -0.0215084 0.0291596 0.00606591 -0.012721 0.00724039 0.143054 0.00342882 0.00868828 0.00173256 0.0221994 -0.00521547 0.0446159 0.00125854 0.00602676 0.0150208 -0.0114022 0.0464614 0.00541838 0.0456192 0.0176004 0.026336 -0.00761341 -0.0025267 0.0475948 -0.00280704 -0.0224579 -0.00344465 0.00518638 0.0451931 0.0738396 -0.0138789 0.0057412 0.118622 0.0486793 0.00495958 0.0201828 0.0326302 0.0645639 0.0196056 0.0360952
internal_weight=7354.72 6143.51 1211.21 1082.22 5061.28 872.803 4609.15 3370.56 3138.74 2877.06 1270.72 338.407 231.813 1606.34 804.953 1238.59 162.736 159.744 653.788 89.6997 68.9019 13.9779 9.3346 833.912 54.924 27.7594 669.837 147.265 4.64328 86.3031 38.8912 412.384 48.8931 452.137 6.78142 4.75215 588.186 153.192 191.142 4.67825 70.0446 8.61119 314.908 23.1034 261.685 288.641 6.05291 801.389 806.152 170.956 93.5631 9.49181 6.59031 77.3934 144.787 3.00976 4.81153 955.808 122.877 53.0834 15.3785 37.705 24.0638
internal_count=910853 447556 463297 202482 245074 394808 185600 150447 147037 102361 41114 68489 3410 61247 23198 35153 10790 10552 18651 4908 3279 954 673 385094 2325 6978 172954 17937 281 2026 9714 29528 2104 59474 1037 848 17332 6186 50552 1036 5644 704 8484 4192 44676 21141 339 38049 378116 35680 15694 1856 1215 19986 17765 260 660 32630 4735 1608 519 1089 764
is_linear=0
shrinkage=0.03


Tree=64
num_leaves=64
num_cat=0
split_feature=12 16 16 55 53 211 183 12 14 26 36 56 227 208 183 185 143 58 78 146 8 185 55 65 63 188 105 77 13 55 12 122 225 111 174 185 114 14 87 14 170 225 164 187 159 42 65 200 50 79 218 90 93 199 140 130 89 159 8 136 40 65 110
split_gain=352.637 92.8614 84.3047 47.2319 35.4108 33.4971 37.4618 31.062 29.817 29.0637 27.8121 26.4858 30.0315 25.3375 27.4257 25.9165 48.757 23.3264 37.2928 40.2389 31.2753 50.4149 25.9789 23.1054 23.8765 22.7711 28.7013 35.7862 22.0856 21.876 21.2756 20.2084 21.2043 26.6858 22.9046 24.0348 28.6824 19.9008 19.5982 19.5729 19.5626 25.2428 21.3994 19.453 19.054 18.5004 18.4162 19.4157 18.4353 28.6413 42.2775 23.9136 21.7977 18.1349 17.8292 17.7826 17.1941 29.0967 18.5832 20.8135 17.1325 23.4754 16.9982
threshold=17647.089055796354 11.500000000000002 3.5000000000000004 1.0000000180025095e-35 18006.387843212568 -2705.2952807763645 307.89327371308457 226.79217649367203 3314.1526672337745 1.0000000180025095e-35 -1370.4999999999998 1.0000000180025095e-35 -8.4999999999999982 -15975.932733902386 -498.5785472477524 -5691.0431696298519 61550.885623490023 40.500000000000007 250215.4718419858 1180687.4559066235 -254.12233546346695 7721.5462503561757 885.67272871585385 -19902.981437608851 546.71394872923111 -91510.504746365114 17812.05218372896 1.5000000000000002 1.0000000180025095e-35 1083.4054532134596 30642.125348987342 -1467.6254435979179 4.5000000000000009 30.500000000000004 -55.001124285976509 3737.6822980547295 8656.1308636500016 3314.1526672337745 1.0000000180025095e-35 9849.7934359295177 572.51827180774455 -15.499999999999998 -1.0000000180025095e-35 -1.0000000180025095e-35 33626.880465858187 29.500000000000004 -674.05255383314739 -16.859029771045019 3270.5000000000005 11024.282404407326 -4008.0684317781215 -1370.4999999999998 1.0000000180025095e-35 1.0000000180025095e-35 50.500000000000007 194219.82592258212 885623.92522233783 5236.5994418803411 -37.327544365184991 4.5000000000000009 601.50000000000011 -11389.260485638542 1.0000000180025095e-35
decision_type=2 10 8 8 10 8 10 2 10 2 8 10 8 8 10 8 10 8 10 10 10 10 10 10 8 8 8 8 2 10 2 10 10 10 10 8 10 10 8 8 8 8 10 8 8 10 10 10 10 8 10 8 10 10 8 8 10 8 8 10 8 8 8
left_child=1 3 8 5 9 46 10 -3 30 25 56 12 -12 14 -11 16 -15 18 45 20 -20 -22 43 24 -13 26 -5 -28 -8 38 -2 39 -33 -34 -35 37 -37 -36 -10 60 41 -32 -43 -19 -44 -4 -1 -48 -49 51 -51 -50 -52 -25 -53 -6 58 -58 -7 -60 61 -14 -45
right_child=2 7 17 4 55 6 28 -9 29 13 11 23 31 15 -16 -17 -18 22 19 -21 21 -23 -24 53 -26 -27 27 -29 -30 -31 40 32 33 34 35 36 -38 -39 -40 -41 -42 42 44 62 -46 -47 47 48 49 50 52 54 -54 -55 -56 -57 57 -59 59 -61 -62 -63 -64
leaf_value=0.01063673707296835 -0.0020271232272414579 0.0021736965306091197 -0.0096159633549380945 -0.010836165884389144 0.0005523852328062289 -0.0077845527900977313 0.0080387165641721877 -0.012964862703703723 0.055269793361791913 0.21035310527552395 0.018361576264634374 0.011808102125762828 0.028202360009703276 0.22181057081348229 0.01423428148640726 -0.00077212939688990005 -0.0033315588136379262 0.1449763995357323 -0.003705139316551804 0.27067351399025558 0.47156306123326447 0.020670722196088967 -0.025726778405110139 0.0031865776104552782 0.055560748665596293 -0.013357883003748986 0.28948446247208448 0.024550989934762724 -0.0037383222970380136 -0.016245419745997098 0.18135678732304278 0.0027203219518948172 0.06966833551716603 -0.0056817320975392268 0.027742714087191062 0.17092324434233497 0.018928511069255013 -0.0067001642190521729 -0.0034564117082472013 0.033476008104132489 0.010791892242567543 0.14775066037781043 -0.02358329422544608 -0.0076928054929228306 0.059199403598992895 0.19500915111484693 0.00091780208808386052 0.021547677407720959 0.11496310677135869 0.23066018742434463 0.15425874538885817 0.001156964388317569 0.0200638608861144 -0.018327064809477479 0.072720310043547107 0.039328427193901991 0.099863078123937341 -0.0021272934697399142 7.3877511837701885e-05 0.014277404190498902 0.01177571869383574 -0.015110852135755672 -0.019674326822313286
leaf_weight=125.46044244943187 29.973098839749582 175.59125833073631 77.57271445763763 2.4736116020940244 21.547509027412161 192.56943290680647 183.99928849446587 399.56084525864571 5.1841426598839453 1.2321662020403894 283.70596871105954 67.979437114438042 14.803800677414982 1.4236081227427351 1.3392742933938278 25.381689228583134 2.2089780274545774 0.68061900069005787 3.3930883754510432 0.79789136070758093 0.35879675718024273 0.5904603332746774 394.43380363495089 1050.9302318484988 13.445804860908536 288.80820992414374 0.8436935358913612 1.0060081776464358 648.07931410125457 147.69965244049672 1.3758924487046895 740.05852895206772 7.8194890888407818 41.080734175629914 52.705762057565153 2.0816362341865888 2.4122011694125831 21.158884894568473 380.19265595707111 34.489674707641825 15.881677926983686 1.6292473768116895 3.7676300135208289 163.04419401893392 7.4513746451120815 0.39970262127462675 15.671229520579798 26.259361308533698 3.0094282391946763 1.8875941245350984 1.6165634766221035 10.593981989659373 3.3405504440888762 36.488249280257151 4.4490674834232786 21.035147163551301 4.2180081030819547 6.244446769123897 450.63010549265891 116.95079701766372 646.66115933889523 47.07226363173686 307.64359290746506
leaf_count=3361 4292 21240 29686 642 2028 13367 2531 115249 199 98 7570 885 176 147 198 2745 357 43 1295 245 138 203 206430 50527 228 81652 211 133 37005 54486 133 23159 240 2146 1374 139 212 1311 48830 1824 1344 91 568 45516 718 126 1430 1234 163 174 138 581 343 4332 272 884 167 326 13746 5869 11812 1061 103223
internal_value=-0.000291868 0.00309807 -0.0130428 0.00435745 -0.00601548 0.00514173 0.004636 -0.00834313 -0.0041707 -0.00938869 0.00588841 0.00717012 0.00936164 0.0179533 0.108209 0.0099542 0.0849015 -0.0185886 -0.00340735 0.0748597 0.0388796 0.191097 -0.0200459 0.00361889 0.019033 -0.0123349 0.0560057 0.145394 -0.00113404 -0.00642876 0.0158649 0.00777606 0.00466548 0.0159773 0.0124623 0.0219745 0.0893355 0.0178764 -0.00266642 0.011407 0.0336781 0.0592312 0.0461531 -0.0152922 0.0313988 -0.00856701 0.0174127 0.0301337 0.0390836 0.057579 0.109835 0.0377659 0.0638261 0.00246469 0.0223222 0.0197071 0.000794067 0.0389908 0.000268339 0.00300053 0.0103327 -0.0047482 -0.015524
internal_weight=7342.4 5800.33 1542.07 5225.17 367.3 4857.87 4665.59 575.152 593.155 324.717 3833.51 3062.89 1894.05 31.5857 2.57144 29.0143 3.63259 948.915 83.1127 5.14024 4.34235 0.949257 865.802 1168.84 81.4252 293.132 4.32331 1.8497 832.079 533.076 60.0789 1610.34 867.317 127.259 119.439 78.3585 4.49384 73.8646 385.377 743.027 30.1058 14.2241 12.8483 471.368 11.219 77.9724 192.288 66.8278 51.1565 24.8972 6.84471 18.0525 4.95711 1087.42 15.043 42.5827 770.613 10.4625 760.15 567.581 708.537 61.8761 470.688
internal_count=910853 413287 497566 276798 89095 187703 180007 136489 110661 86183 140471 106996 51024 3545 296 3249 504 386905 31693 1881 1636 341 355212 55972 1113 82638 986 344 39536 103515 7146 43454 28581 5422 5182 3036 351 2685 49029 14873 2854 1510 1377 148782 1286 29812 7696 4335 2905 1671 655 1016 481 54859 853 2912 33475 493 32982 19615 13049 1237 148739
is_linear=0
shrinkage=0.03


Tree=65
num_leaves=64
num_cat=0
split_feature=23 20 53 10 62 16 189 122 1 68 1 1 11 108 195 7 46 3 8 11 68 81 226 153 53 51 236 36 184 32 53 105 60 266 49 16 253 62 263 30 188 8 0 188 20 3 116 223 100 185 60 100 262 161 226 203 52 94 187 26 60 50 86
split_gain=337.945 125.611 79.0495 62.9081 44.0945 39.4691 34.992 35.6553 32.8189 32.6322 30.5607 33.9589 38.1204 33.8827 30.0704 28.7363 27.4579 32.8407 26.1495 26.0225 25.7975 23.8575 23.3204 22.9513 31.2583 23.6893 29.0248 21.0089 20.7021 23.1809 22.5855 25.0134 24.9687 30.9932 20.6529 34.2796 19.6454 21.5527 42.5681 19.1642 19.163 19.1192 19.0749 29.0889 18.7558 18.662 18.4051 19.3848 18.3887 18.0263 23.9631 24.8324 18.8146 21.0932 18.012 17.8496 17.7284 42.7435 17.7043 17.6529 17.4724 17.2789 24.071
threshold=1.0000000180025095e-35 558.53175772979762 30297.331540159506 7.5000000000000009 -343.01497971949647 1.0000000180025095e-35 -53998.629445423314 92453.893748497096 202002.50000000003 43330.176932622569 202101.50000000003 201956.50000000003 -6903.7976614734098 3.5000000000000004 1.0000000180025095e-35 5076.4039865061923 -1459.4999999999998 69.500000000000014 245.25319833766454 -2175.1077642964378 1.0000000180025095e-35 1245.8856048321252 -3.4999999999999996 119310.8899669212 3642.8709562654908 6077.2438490176673 -9835.9898659920127 1.0000000180025095e-35 11086.572966024871 29.500000000000004 3264.3891796582416 452.25449742177597 22562.962342263938 -465.50496218042241 11.500000000000002 6.5000000000000009 60.500000000000007 -36.109283906043991 -1092.7337305402891 1.0000000180025095e-35 4481.4110418108057 -172.31696330904498 22098425.500000004 2515.7366148737942 558.53175772979762 67.500000000000014 -545.6181881840879 1.0000000180025095e-35 -1309.4999999999998 24402.442256346458 10092.780607762683 -1763.4999999999998 -10773.729844676436 3243.6593062432398 -1.4999999999999998 -1.0000000180025095e-35 25.500000000000004 1450.5000000000002 -1.0000000180025095e-35 1.5000000000000002 24663.529330090325 4471.5000000000009 1.0000000180025095e-35
decision_type=2 10 8 2 8 8 8 10 2 8 2 2 2 10 10 8 10 2 10 2 10 10 8 10 10 10 10 10 10 10 10 10 8 10 10 8 10 10 8 10 10 8 2 10 8 2 10 8 10 10 8 8 8 8 8 8 8 10 8 2 8 10 10
left_child=1 3 5 6 -5 -2 -1 10 19 40 11 12 41 15 22 58 49 23 39 -4 27 -7 28 34 25 61 42 54 29 -14 31 -31 -33 -34 -18 -36 -30 38 -38 46 -3 -8 -27 -44 55 -20 -15 -48 -28 52 51 -51 53 -12 -6 -23 -26 -58 -13 -10 -22 -25 -63
right_child=2 9 8 4 20 21 7 -9 59 -11 16 13 14 18 -16 -17 17 -19 45 -21 60 44 -24 24 56 26 48 -29 36 30 -32 32 33 -35 35 -37 37 -39 -40 -41 -42 -43 43 -45 -46 -47 47 -49 -50 50 -52 -53 -54 -55 -56 -57 57 -59 -60 -61 -62 62 -64
leaf_value=0.017466811757629777 -0.0055612817527158883 -0.0013846989849391582 0.02569489337965998 -0.013756231767945255 0.013335614852447103 -0.021900807722698767 0.034941937462864052 -0.0094620004652121968 -0.013431523481424618 -0.016974649060152846 0.083766535893872035 0.015125034688381153 0.011145368118737889 -0.0034975807295387715 -0.012032194282930755 0.084638871211017763 0.006801213953922536 -0.0086504648735258108 -0.0080360534270993711 -0.0069261096064894331 0.0024209544204675465 0.16975234942138268 0.0037068589991096895 0.021933112323153325 -0.0061264755874687344 0.1671920383642938 0.11481133522821149 0.095988100574427651 0.012328333019183129 0.021898199922403425 -0.033849628541975839 0.041916461605952617 0.063208846689584985 0.26783294070134711 0.018413903669978908 0.11540262917964557 0.046948226538097507 0.024426979774516567 0.31106808664774072 0.020403283472781947 -0.014518224624534641 0.013966012196160832 0.0407326464497288 0.17701263314640989 -0.030199949285204229 0.019471649955044225 0.0039850575504678971 0.01558992946517977 0.010083513493575934 0.025858495065757544 0.001004787705730663 0.16915087939200107 0.0056661788549197756 -0.0075929214589782919 0.00067964200648710008 0.019263252221399726 0.27708349108865793 -0.030201771109995668 -0.010175752911567134 0.1364304896042389 -0.010158390353013351 0.019333852127972485 0.073839336805019917
leaf_weight=222.21760165900923 181.79052768880501 458.31865431158803 66.960951950633898 234.80057085934095 165.59052188764326 799.9688800747972 46.425155646866187 143.21965806069784 68.714468339458108 262.64869020110928 5.8178292284719619 27.107423298060894 194.94013113481924 202.45190650201403 85.82548347231932 3.034124706638976 122.48770405631512 40.003257758449763 220.76823630183935 32.784411204513162 180.78136830055155 0.74204528937116265 629.00876743881963 91.246034329757094 27.930189794627953 2.7100119346287119 1.8228498077951361 2.3269869915675363 3.2148061960469922 3.8989989762194437 2.0060323858633629 1.9216588954441256 1.1386906919069577 1.6054487996734681 14.174636265030133 4.2670132648199788 1.1487304382026193 1.4555526538752017 1.0522680045105524 73.541340069845319 127.88681175722741 248.14122917759232 5.698508890112862 1.8729359991848467 7.8723867430817327 24.678130076965317 543.53881591744721 170.08249230100773 8.761937815230338 2.1194199323654175 4.5486114947125316 2.2376533397473377 714.86948331305757 3.7344182874076077 260.30418707896024 16.100413606036462 0.68330843094736238 1.0090070141013709 304.51328457263298 0.71477698255330224 220.68559236917645 13.668371124658735 15.631859524874015
leaf_count=14448 42406 52743 3633 48049 7028 389624 955 19267 14686 67888 285 169 6672 16918 11051 231 4005 1553 7232 7081 13323 120 25839 1901 2298 217 113 89 307 174 225 118 117 200 360 279 202 111 112 3098 26580 3391 350 186 2783 714 18017 5923 766 189 434 153 15064 227 18159 2903 111 212 15376 61 33343 262 522
internal_value=-0.000286895 0.00252799 -0.0150253 0.00424197 -0.00227864 -0.0182147 0.00587816 0.00523757 0.00394896 -0.00818715 0.00578061 0.00411979 0.00787032 0.00120058 0.00488354 -0.00726673 0.0100524 0.0169402 0.0034949 0.014973 0.000969498 -0.0210039 0.00660901 0.0202217 0.027608 0.0334779 0.0629905 0.00609154 0.0152043 0.0134916 0.0567594 0.0779817 0.124848 0.182923 0.0112574 0.0408551 0.0664273 0.113991 0.17322 0.00566887 -0.00424991 0.0172719 0.0988908 0.074444 0.00802613 -0.00527032 0.00448601 0.00675093 0.0281191 0.00674656 0.0491682 0.0994489 0.00622505 0.0480499 0.00560036 0.0258935 -0.00041367 0.0938712 -0.00810761 -0.0118887 -0.00449389 0.0283693 0.0484129
internal_weight=7331.22 6155.57 1175.65 5306.72 1064.49 1006.47 4242.23 4020.01 169.175 848.854 3876.79 2791.5 1221.78 1569.72 927.217 334.655 1085.3 351.968 1235.06 99.7454 829.689 824.684 841.391 311.964 171.035 141.413 20.8662 428.222 212.382 205.511 10.5708 8.5648 4.6658 2.74414 140.929 18.4416 6.87136 3.65655 2.201 989.615 586.205 294.566 10.2815 7.57144 24.7148 245.446 916.073 713.621 10.5848 733.327 8.90568 4.35707 724.422 9.55225 425.895 16.8425 29.6225 1.69232 331.621 69.4292 401.467 120.546 29.3002
internal_count=910853 447556 463297 300345 119991 437836 180354 165906 25461 147211 146639 117152 49474 67678 45128 15776 29487 13135 51902 10714 71942 395430 34077 11582 6938 4317 1632 25276 8238 7506 834 609 435 317 4644 639 732 425 314 43956 79323 4346 753 536 5806 7946 40858 23940 879 16352 776 342 15576 512 25187 3023 2621 323 15545 14747 46666 2685 784
is_linear=0
shrinkage=0.03


Tree=66
num_leaves=64
num_cat=0
split_feature=23 14 53 53 14 17 22 180 266 1 208 1 1 1 185 140 17 122 5 17 220 22 27 140 11 110 11 174 58 37 266 58 226 154 26 17 3 154 211 245 65 205 212 122 6 128 62 137 114 118 122 62 82 25 224 103 58 128 251 148 1 244 118
split_gain=322.332 124.226 76.4745 66.6638 51.9822 45.2733 45.0984 51.1017 36.6068 30.7761 29.4117 29.1668 42.6157 36.7525 28.9464 34.5511 28.3814 35.6857 28.5199 27.7886 26.9058 26.6612 26.3263 25.1868 23.9029 23.8085 23.3478 27.4815 25.5272 26.1597 23.1533 23.9077 22.6633 22.3862 25.4491 30.6555 50.2218 22.1876 24.637 22.9101 29.5643 21.7615 26.3279 21.5368 21.4977 21.4352 21.1531 20.2604 20.1528 19.9019 19.3278 33.1076 22.724 21.6062 26.081 19.0206 18.8971 37.7578 60.5065 19.5219 19.1867 26.9199 58.8436
threshold=1.0000000180025095e-35 91955.667768905914 30297.331540159506 1051.9669374916143 296.84451875952806 1036.6371997697422 29965.744327349475 -1.0000000180025095e-35 7594.7273437414669 202002.50000000003 -82838.306088344048 202101.50000000003 201956.50000000003 202003.50000000003 -39865.33598072797 34.500000000000007 2449.0818015946602 157406.92949629118 1378.5133897219066 1036.6371997697422 1.5000000000000002 14593.376961572727 492.34980799757005 14.500000000000002 -2175.1077642964378 1.0000000180025095e-35 -6903.7976614734098 -2264.7224286922333 91.500000000000014 -1.0000000180025095e-35 2276.6648865915845 23.500000000000004 -13.499999999999998 -2008.4999999999998 1.0000000180025095e-35 2449.0818015946602 47.500000000000007 -393.49999999999994 -163.94391322327348 -1.0000000180025095e-35 -525.36199235603283 -4778.1943131463331 1.0000000180025095e-35 109677.6723988364 25467.389181806535 5552.1160592580754 -3900.7478745769977 27469.742679304374 -1.0000000180025095e-35 6.5000000000000009 130650.37266656123 -1505.6019605772583 6.5000000000000009 1102.0639162492441 1.5000000000000002 1.5000000000000002 54.500000000000007 53813.961230344961 29536.70662313393 1137.5000000000002 202001.50000000003 -1.4999999999999998 6.5000000000000009
decision_type=2 10 8 10 8 8 2 8 8 2 8 2 2 2 8 10 8 8 10 10 10 2 2 8 2 10 2 10 10 10 10 10 8 10 2 10 2 10 8 8 8 8 10 8 8 10 8 10 8 8 10 10 8 10 8 8 8 10 10 10 2 8 8
left_child=1 3 5 6 8 -2 7 16 21 24 43 12 14 49 15 33 55 -18 -19 -3 -13 48 56 -22 -4 32 27 28 -8 -30 -23 -32 45 -12 35 -35 -37 38 39 40 -16 47 -43 -9 -24 50 -40 -15 -5 -14 52 -52 53 -6 -55 -1 57 60 59 -59 61 62 -7
right_child=2 19 9 4 25 22 26 10 -10 -11 11 20 13 41 37 -17 17 18 -20 -21 23 30 44 -25 -26 -27 -28 -29 29 -31 31 -33 -34 34 -36 36 -38 -39 46 -41 -42 42 -44 -45 -46 -47 -48 -49 -50 -51 51 -53 -54 54 -56 -57 -58 58 -60 -61 -62 -63 -64
leaf_value=0.028738104247375506 -0.005791035432847938 -0.0019149405344234477 0.024480425299579094 0.014875770619333937 0.016353673768321447 0.34553891016556315 0.014259602532214101 0.02414637341233606 0.01367621779615644 -0.011671481605200132 -0.031605820345923498 0.00891018225716593 -0.0017916529034936357 0.022485038408434101 0.21110606057925027 0.1688392882607794 0.034408621646339205 0.056956124385326663 0.23864323248500874 -0.016207796060263732 0.017043023067419474 -0.018393468216865386 0.027802050157606756 0.067561310162223373 -0.0067639401925548258 -0.015362578930851637 -0.0061617641256298868 -2.6387018102860177e-05 0.10604209578255265 0.011762379615776915 0.072592353131654352 -0.00072192647278884964 -0.006011646124674171 0.049723790294996163 0.0036494966443329311 0.062061006629888532 0.35910623282166265 0.021751890708356057 0.053239301635695173 0.021368659919793951 0.032295056569931486 0.00034038018353121203 0.018832207283450409 0.097857904070270119 -0.027165756161141641 -0.020475726687291022 0.0046034062763252535 -0.029018903151403604 -0.0006146410281132992 -0.01833087929511712 -0.0063283982606723802 0.22400216410388929 0.0012982398354476684 0.17798761450553227 0.02747377432518297 0.010865237508739408 -0.024911414855958599 -0.008996767507216643 0.4654653346794686 0.25043294122636123 -0.021530655471690495 -0.0040951493545167686 0.014766184535383324
leaf_weight=70.590641271322966 214.21811252483167 186.95535127096809 68.155617620097473 94.26507945288904 4.1091240698006093 0.63818226556759361 29.327507704962045 13.562404261203481 205.89144926937297 68.631338934181258 4.0415270787198141 907.76697631273419 136.99944311357103 73.819471159717068 1.3500311924144623 1.7954767406918097 30.016029269434512 1.6833725844044232 1.4450738506857304 354.68691232451238 26.220319034764543 113.19561610533856 17.309606126742437 13.432389811612664 32.566673035966232 278.5085486092139 401.68311665044166 111.52224426576868 6.5409911435563117 4.451247562421484 4.8797232117503908 22.285344938980415 227.07040921691805 6.9425429238472116 6.8164279065094897 1.2953259546775373 0.8473649180959909 92.517122263321653 8.1284770884085429 44.425115145975724 2.1695348629727964 1011.8251607108396 74.388961722841486 4.8406704927329001 10.163297797786074 8.175318510970099 815.50681729242206 7.5798361417837432 381.49459162796848 125.42971557378769 1.0299128473270687 1.235317495651542 12.431125947739927 2.3990673453081399 1.8238146489020435 222.50672651827335 588.36182745674159 1.4006006716517725 0.36319699091836799 0.32085290469694872 112.08211630699225 41.573679104330949 2.0040442236931995
leaf_count=625 52996 14014 3633 5651 300 249 617 544 8090 14747 230 21971 4023 1466 113 147 1536 148 149 98853 444 16315 2829 419 7081 66842 27762 2999 109 214 239 2733 41695 256 680 184 143 3301 262 3397 317 42041 1520 186 4114 1567 30733 539 31945 7546 143 150 2024 255 214 1905 306092 539 128 155 50422 19439 873
internal_value=-0.000282107 0.00244677 -0.0148055 0.00376912 -0.00201704 -0.017997 0.00561407 0.00680648 0.00272463 0.00382141 0.00571259 0.00550563 0.00375612 0.000447886 0.00855501 0.0427892 0.0181454 0.0444583 0.14088 -0.0112744 0.00996681 -0.0009351 -0.0213742 0.0341561 0.0143781 -0.00927829 -0.00237359 0.00764764 0.0288736 0.067864 -0.0124245 0.0124477 -0.00271734 0.031441 0.0474648 0.0803384 0.179533 0.00778309 0.00630032 0.0272057 0.100883 0.00272795 0.00160679 0.0435352 0.00746732 0.0212555 0.0050834 0.017689 0.00245457 -0.00969668 0.0360705 0.11928 0.0269925 0.0653277 0.112982 0.0151698 -0.0224353 -0.0132372 0.113595 0.039357 -0.0149288 0.0018061 0.0946584
internal_weight=7319.69 6161.9 1157.79 5620.26 1358.79 988.436 4261.47 3707.94 822.012 169.354 3381.7 3363.3 2415.88 1430.04 985.836 21.7387 326.242 33.1445 3.12845 541.642 947.42 616.12 774.217 39.6527 100.722 536.783 553.525 151.842 40.3197 10.9922 140.361 27.1651 258.274 19.9432 15.9017 9.08523 2.14269 964.097 871.58 47.9447 3.51957 1167.61 1086.21 18.4031 27.4729 31.2037 823.635 81.3993 475.76 262.429 23.0284 2.26523 20.7631 8.33201 4.22288 293.097 746.744 158.383 2.08465 1.72145 156.298 44.2159 2.64223
internal_count=910853 447556 463297 334689 178163 437836 156526 124825 64973 25461 120462 119732 96898 57135 39763 1640 4363 1833 297 112867 22834 56883 384840 863 10714 113190 31701 3939 940 323 19287 2972 46348 1493 1263 583 327 38123 34822 3827 430 45566 43561 730 6943 4653 30995 2005 37596 11569 3086 293 2793 769 469 2530 377897 71805 822 694 70983 20561 1122
is_linear=0
shrinkage=0.03


Tree=67
num_leaves=64
num_cat=0
split_feature=23 9 53 37 180 1 4 1 1 11 254 261 193 122 132 267 173 158 78 128 3 35 35 115 110 11 53 102 263 87 11 25 163 107 9 50 30 188 138 124 86 11 234 176 59 116 3 76 31 3 87 158 85 44 180 262 136 11 40 132 178 1 270
split_gain=307.48 107.085 74.2401 65.2898 45.9053 38.0052 34.5583 31.6888 48.9444 39.5173 45.0903 34.24 31.0638 30.621 27.7959 26.9847 29.0855 28.4162 26.948 59.2288 27.3117 31.32 48.8796 26.481 27.5313 25.2994 25.2177 24.8667 24.7709 23.7742 22.7827 22.2698 26.9478 23.2987 22.49 25.9542 21.3739 22.3403 21.2062 20.9619 20.8037 20.0671 35.1178 19.5202 19.0796 18.851 18.706 18.6442 18.69 26.4935 19.8335 33.155 37.9409 18.528 26.6846 19.9919 18.6739 18.0942 25.6498 44.7095 17.3872 17.3691 25.2367
threshold=1.0000000180025095e-35 1876.6277853063164 18006.387843212568 558.38052365514966 -1.0000000180025095e-35 202002.50000000003 61.500000000000007 202101.50000000003 201956.50000000003 -4604.5044660697822 1.0000000180025095e-35 60.500000000000007 -6.4999999999999991 299.48581105471652 1.0000000180025095e-35 -24.757534551985511 1285.2313717166483 3723.5000000000005 250215.4718419858 41281.12856610959 65.500000000000014 218106.48106438923 161253.5827776322 866.97801252284023 1.0000000180025095e-35 -2175.1077642964378 1051.9669374916143 90575.605545498009 41303.094468728887 69.500000000000014 -4604.5044660697822 1794.14034140737 2010.8166543243294 2923.5501771794793 891.74477411941064 1509.5000000000002 1.5000000000000002 -28900.191508256412 9.5000000000000018 1.5000000000000002 44.500000000000007 -8779.61602684641 -181.91697563391878 739.20054983325019 2188.9064192357764 -1.0000000180025095e-35 55.500000000000007 159323.31013714906 1.0000000180025095e-35 40.500000000000007 12.500000000000002 2350.5000000000005 1.0000000180025095e-35 1.0000000180025095e-35 -1.4999999999999998 -99.828101251447592 2.5000000000000004 -1791.7966583475084 331.50000000000006 1.0000000180025095e-35 -38.597336374025069 202001.50000000003 3285.4021478614563
decision_type=2 10 8 10 8 2 2 2 2 2 8 8 8 10 10 8 10 10 10 10 2 8 8 8 10 2 10 10 10 8 2 8 8 10 10 8 10 10 10 10 10 2 8 8 8 8 2 10 8 2 10 10 8 8 8 8 8 2 10 10 8 2 10
left_child=1 3 6 4 31 25 18 8 9 10 27 -10 15 40 53 16 -9 -18 20 28 61 22 30 24 -15 -4 38 -6 -20 47 -22 33 -33 34 -1 -36 43 39 -11 -38 41 42 -5 -14 -44 -40 -8 48 -13 50 51 -50 -53 54 55 -3 -55 58 59 -48 -37 62 -2
right_child=2 14 5 13 7 -7 46 12 11 26 -12 29 36 23 -16 -17 17 -19 19 -21 21 -23 -24 -25 -26 -27 -28 -29 -30 -31 -32 32 -34 -35 35 60 37 -39 45 -41 -42 -43 44 -45 -46 -47 57 -49 49 -51 -52 52 -54 56 -56 -57 -58 -59 -60 -61 -62 -63 -64
leaf_value=0.013418697374957761 -0.0039214909781838817 0.19700206074808502 0.023288436155472193 -0.017061954996305313 0.030498307880242485 -0.013354540487885104 -0.024240385222152751 0.032387199814445211 -0.013924285887589913 0.0049289353765617867 0.024858413987071244 -0.0009555651693714379 0.007183000431034643 0.013763913817410229 0.016799794638394792 0.0046032945017489809 0.06724829922436508 0.19869768548776032 0.0060261770676026585 0.30346624409595202 0.18913248666361443 -0.012397336755173452 0.36151814921558767 -0.016005107352917297 -0.013627198683652475 -0.0067627990639522245 -0.0092179396523240937 -0.0012258411931841482 0.23431051546931222 -0.0098391903530204092 -0.0099973013728212063 0.025147747902657999 0.1126669411528482 -0.0024886641762233729 -0.012088385706329741 0.031567207873670011 0.028027983321139725 0.019917702933229624 -0.0058482904190172618 0.1700683406835149 -0.012289881156310347 -0.00076091876224659101 0.0032324857712154004 -0.010817765297333345 0.030977537586330164 0.10232664710129201 0.34194591280156089 -0.015103219409412231 0.017122671767194203 0.0019303409511017297 0.0076983711554169301 0.014962048775282781 0.10961435755625609 0.040504725021520686 -0.015935781724092629 0.0010707929807976296 -0.005684090357535445 -0.01535138046395631 0.0012383531542343659 0.041038897729982093 0.12600093480151672 -0.01751089563007327 0.094741325977500207
leaf_weight=292.63385414378718 81.986080274218693 0.92293712263926864 76.57920612138696 26.423839262453839 26.341676045674831 82.242588672903366 538.94606254971586 11.986557359574364 165.49374691303819 838.10817216546275 196.13743499061093 729.85971510317177 1085.364753541071 68.399061564588919 29.394216784741729 13.393978986656291 4.5107998477760693 2.2029363641049713 7.4496470683952776 0.71938363381195802 0.79421262990217734 3.2401470503536984 0.61184950487222511 254.9217792339623 63.858824770897627 37.589297070051543 122.72917487681843 142.71514563378878 0.45385439274832595 181.59651034441777 1.4820285632740695 68.473643925273791 3.319874075241386 88.856634848285466 3.3061094109434608 2.8812552241142839 1.9672988129314029 56.400809411192313 2.3495187375228852 1.7821614425629375 87.0735938786529 266.78668518178165 33.342159226536751 57.06897642929107 67.399451034609228 3.7863272791728368 0.56401931052096133 57.268545549595729 63.104003661312163 456.24027319694869 132.05688407807611 7.0302525097504258 8.324560968205331 10.296188941225408 392.02373319864273 0.95229997835122027 33.539311389438808 105.25255566672422 11.227290528244337 2.0954842756036669 4.4881874399725357 186.92156066629104 2.4016380446264511
leaf_count=3748 31165 135 5940 1598 704 20876 266604 976 13457 39335 4999 21295 39035 6621 3686 614 236 175 3053 223 42 771 146 52377 9964 9586 23029 3932 187 31577 419 3219 150 1095 182 129 94 2000 174 186 11278 24872 1145 3785 2138 178 103 3577 1342 28288 7835 105 180 174 96621 130 972 48433 3646 560 214 70699 844
internal_value=-0.000277777 0.00236864 -0.0145872 0.00350032 0.00486134 0.00219381 -0.0180782 0.00390831 0.00230423 0.00666393 0.0150717 -0.000920614 0.00797888 -0.00407409 -0.0114404 0.0371072 0.060388 0.11038 -0.00937275 0.0428562 -0.010996 0.0516332 0.123469 -0.0103539 0.000538508 0.0133942 0.00348859 0.00371727 0.0191353 0.000395223 0.0594819 0.0138334 0.0291948 0.0110212 0.014979 0.0577491 0.00720151 0.0246317 0.00533576 0.0955414 0.000980566 0.00391368 0.0137207 0.00628379 0.0217948 0.0609046 -0.0218623 0.00167355 0.00236148 0.00599246 0.0147961 0.0267425 0.0662775 -0.0133368 -0.0153957 0.0975025 0.00516485 -0.0111047 0.0210822 0.104854 0.0890799 -0.0124107 -0.00111359
internal_weight=7307.67 6167.11 1140.56 5699.99 4831.78 196.411 944.146 4367.82 3133.14 1332.17 365.194 1800.97 1234.68 868.205 467.129 32.0943 18.7003 6.71374 286.06 8.62289 277.438 6.12824 2.88809 387.18 132.258 114.169 966.973 169.057 7.9035 1635.48 2.27624 463.96 71.7935 392.166 303.309 10.6756 1202.58 60.1503 844.244 3.74946 481.026 393.952 127.165 1142.43 100.742 6.13585 658.085 1453.88 1396.62 666.756 210.516 78.4588 15.3548 437.734 393.899 1.87524 43.8355 119.139 13.8868 2.6595 7.36944 271.309 84.3877
internal_count=910853 447556 463297 345838 235845 36402 426895 227108 180007 72351 9635 107656 47101 109993 101718 2001 1387 411 107549 3463 104086 1378 607 68962 16585 15526 62716 4636 3240 94199 461 8737 3369 5368 4273 525 45100 2280 39687 280 41031 29753 4881 42820 3283 352 319346 62622 59045 37750 9462 1627 285 98032 96886 265 1146 52742 4309 663 343 102708 32009
is_linear=0
shrinkage=0.03


Tree=68
num_leaves=64
num_cat=0
split_feature=33 12 183 226 47 1 10 13 1 1 30 1 27 1 58 270 63 97 63 15 181 246 183 140 65 270 30 192 247 187 5 265 63 255 11 250 137 154 32 208 94 246 68 27 100 192 265 84 215 11 3 63 182 254 3 27 119 133 11 6 1 247 39
split_gain=332.969 66.7432 51.7105 40.5291 39.8843 45.1584 38.445 31.714 32.3822 28.9764 26.2408 25.1993 24.0965 22.3366 24.9133 25.0897 22.6304 31.1569 40.0708 20.7832 20.6786 19.329 22.7358 19.882 32.4335 18.9739 18.4199 17.9732 20.3532 17.5625 17.3751 17.0775 21.6866 23.2294 32.7818 47.4598 27.9128 25.8639 16.9798 16.9231 16.8022 16.7563 15.8406 15.8122 26.6037 15.6885 20.3253 15.5273 24.8885 15.4087 20.3582 22.0912 23.16 17.3915 15.3138 15.2751 16.9876 15.2508 19.5399 26.182 18.9899 22.3293 18.9887
threshold=72.500000000000014 10882.677344779802 -62.875508536701993 -6.4999999999999991 2320.4157401438283 202011.50000000003 7.5000000000000009 1.0000000180025095e-35 202001.50000000003 202103.50000000003 1.5000000000000002 201956.50000000003 1230.7864704631684 202103.50000000003 71.500000000000014 3285.4021478614563 908.37925182183119 140.098664493222 1915.806048621663 1.0000000180025095e-35 -1.4999999999999998 2615.8619140599571 -16893.451492952878 137.50000000000003 -525.36199235603283 -3314.5327652820961 1.0000000180025095e-35 11.500000000000002 152.79209023473604 -1.0000000180025095e-35 -1418.0193821660257 -4.4999999999999991 474.08896985198504 -2826.3293498637927 -3163.7546841127573 -2367.4928630471909 22895.189871056806 -1550.4999999999998 2.5000000000000004 -46465.175154102129 784.50000000000011 -94.593034785296979 -1.0000000180025095e-35 1389.6475150850404 -1520.4999999999998 10.500000000000002 8.5000000000000018 5.5000000000000009 -43.840564689759553 -2617.8446820397457 69.500000000000014 116.65615192966801 -853.80636367642171 -1.0000000180025095e-35 32.500000000000007 2069.9889072075157 -2456.6175416153437 206.72000445979606 -6903.7976614734098 12001.799808626112 202002.50000000003 3548.6060540075696 1.5000000000000002
decision_type=2 2 10 10 10 2 2 2 2 2 10 2 2 2 8 8 10 10 8 2 8 10 8 10 10 10 10 10 8 10 8 8 8 8 2 8 10 8 8 8 10 10 8 2 10 8 8 8 8 2 2 8 8 8 2 2 10 8 2 8 2 10 8
left_child=2 3 7 11 26 19 10 8 30 12 20 21 27 14 15 25 -15 18 -18 -6 41 22 43 39 -25 -12 29 49 -29 -4 -1 32 33 34 -13 36 -36 -38 -10 -24 -23 -3 -40 -2 -45 -7 -47 -27 -49 50 53 -52 -53 -9 -42 56 -28 -14 60 62 61 -59 -60
right_child=1 6 4 -5 5 45 -8 9 38 -11 13 31 57 16 -16 -17 17 -19 -20 -21 -22 40 23 24 -26 47 55 28 -30 -31 -32 -33 -34 -35 35 -37 37 -39 42 -41 54 -43 -44 44 -46 46 -48 48 -50 -51 51 52 -54 -55 -56 -57 -58 58 59 -61 -62 -63 -64
leaf_value=0.041196686766704578 0.0043869082198703833 0.058747492385307611 0.020387835034964791 -0.010713354229081495 0.010400942036803274 0.003445521085352047 -0.021834246956140689 -0.011668906541428978 0.0022804921734818303 0.011507239801804871 0.15300009977267082 0.00028001690423228894 0.0027600002013599577 0.011395066530319119 -0.012716370160655905 0.22477233046577721 0.30172715206090822 -0.0071207025635828406 0.036000668802765839 -0.011808035213505938 -0.013926753740398914 0.064787408476839711 0.065896930791059322 -0.0099765803432248119 0.20576128369738877 0.0006269782605695355 -0.0061926043390108472 0.1878110204979862 -0.0023400402465923527 0.0014842129535319825 0.016871031548357906 -0.0091298384095156986 -0.007625478388016073 -0.00094456423733469547 0.073069022341571893 -0.0303207979754921 0.34468384606634739 0.14961628576760172 0.026384485853592685 -0.00061870836917808549 0.073968200704171802 -0.0090591876488792401 -0.0023468457499703911 0.031100982259315131 0.16135527739814354 0.16726286809064628 -0.0059731026606626636 0.24002995170735675 0.030826904211689592 -0.005638685448248526 0.0013535339017821976 0.028076613669426979 0.12844931694216813 0.0057918091113956403 0.0014837954811303155 0.045806957879330187 0.016877163832976307 0.02517517850293401 0.042087868058521806 0.00076517415384752888 0.0039334901559987031 0.093903223837614708 0.010311587528426909
leaf_weight=29.290760416770354 3.8992845466127619 6.451734930393286 45.494913866743445 407.35433795745485 40.99407127359882 318.88818836980499 546.19419054221362 68.434017617721111 274.19134168257006 423.48019151482731 0.97740397148299862 3.6822420600801715 658.19807578553446 4.2957505717640734 35.331271006143652 0.58805763884447415 1.1738819566089662 1.1759849439840762 0.9041067541111264 506.13995064678602 450.80741257756017 10.769316811813043 3.562678735004738 1.4006994077935817 1.1356658433796827 11.444802332436662 40.466559407301247 0.960365690290927 1.0722555893007668 1593.5495780685451 270.25801463262178 134.25485774758272 19.215951278456487 7.3496203994145644 1.728514908114448 1.4982972373254568 1.0357758258469401 1.4942677372600885 57.843694640090689 102.06395609979518 3.3009407698409658 6.6720405945088697 24.621744362986647 3.5979257267899811 2.3220137383323163 1.207746946136466 1.230636702035554 0.66095864516682923 2.2680204048519967 402.69172013108619 8.6887028366327268 5.0402879526372999 3.5095549473771843 205.53093811229337 12.777172163594512 11.745979468105359 99.020764894434251 72.527180442586541 25.895559604512528 219.70752670732327 40.993687489069998 4.5196400985587379 48.858626443659887
leaf_count=216 197 345 449 97522 297 34865 246496 3912 2268 11851 137 556 15141 1089 12045 115 240 298 181 92611 176099 239 375 184 167 3041 834 106 159 81099 2978 24160 3252 865 209 302 110 210 591 15810 108 730 570 223 165 118 166 99 607 38331 195 228 146 7678 651 323 3733 2283 843 18616 1326 77 2016
internal_value=-0.000273319 -0.0115078 0.00338248 -0.00446403 0.00037409 -0.00490148 -0.0162683 0.0061926 0.0119778 0.00445923 -0.0104528 0.00361524 0.00276974 0.00842389 0.00132977 0.0324648 0.0566003 0.116278 0.186113 -0.010144 -0.0128461 0.0128139 0.00758587 0.00361791 0.0866208 0.025098 0.00293326 -0.00157613 0.0875019 0.00200892 0.0192497 -0.00420954 0.0141374 0.0390466 0.0701851 0.114898 0.165991 0.229475 0.0058703 0.0016248 0.0357889 0.024275 0.0178062 0.0512947 0.0821914 0.00402518 0.0798318 0.0164008 0.078036 -0.00183707 0.00342002 0.0350421 0.0692778 0.00143028 0.0163653 0.0129511 0.0101844 0.00559445 0.0101172 0.00598317 0.0204298 0.0292068 0.0213192
internal_weight=7296.44 1791.39 5505.05 722.444 2658.74 868.461 1068.95 2846.31 656.206 2190.11 522.751 315.089 1766.63 58.8202 51.2705 15.9392 7.54972 3.25397 2.07799 547.134 463.931 144.83 117.982 108.163 2.53637 15.3512 1790.28 695.928 2.03262 1639.04 299.549 170.26 36.0047 16.7887 9.4391 5.75686 4.25856 2.53004 356.657 105.627 26.8474 13.1238 82.4654 9.81922 5.91994 321.327 2.43838 14.3738 2.92898 693.895 291.204 17.2385 8.54984 273.965 16.0781 151.233 139.487 1070.7 412.502 294.462 118.041 77.0468 74.7542
internal_count=910853 586827 324026 145305 214495 128057 441522 109531 6623 102908 195026 47783 91057 17852 16044 3999 1808 719 421 92908 177174 18119 17121 16536 351 3884 86438 50755 265 81548 3194 29664 5504 2252 1387 831 529 320 3429 16185 998 1075 1161 585 388 35149 284 3747 706 50490 12159 569 374 11590 759 4890 4567 40302 25161 21475 3686 2360 2859
is_linear=0
shrinkage=0.03


Tree=69
num_leaves=64
num_cat=0
split_feature=55 20 107 181 63 132 4 68 65 35 200 219 236 175 265 65 203 115 158 149 143 42 40 246 26 107 192 63 254 224 175 46 34 158 45 115 262 40 50 178 52 76 145 243 145 192 211 219 178 258 162 58 270 63 137 140 219 184 262 270 6 271 35
split_gain=285.817 111.196 65.5953 44.1965 43.997 40.611 33.0733 30.3486 30.3427 29.8171 49.3405 28.4973 32.4795 30.1406 25.071 25.5201 24.3421 22.6822 26.7444 20.0457 52.3058 21.4081 19.8503 19.7378 19.3017 18.9343 19.991 37.8919 19.2283 24.1851 23.4442 21.0804 20.6035 19.1211 25.6724 20.659 18.2277 17.7099 17.5834 17.3796 17.131 16.7688 16.493 33.1502 15.8429 15.6769 27.2026 21.3452 23.7546 15.3919 15.3788 15.3658 15.3321 20.75 28.3046 32.9459 33.6303 54.9196 33.1715 15.2975 15.2963 15.217 33.2923
threshold=375.27837239478271 558.53175772979762 18044.906890000148 -1.0000000180025095e-35 343.41874116975055 77755.870897624278 39.500000000000007 43330.176932622569 -2964.8526181794127 1072129.7446929358 653.60909081359671 3286.4763041012357 -1960.7945600987985 24.516466316252018 -7.4999999999999991 -6591.0212204660356 1.0000000180025095e-35 2366.0887816265572 5427.5000000000009 36541.388332555704 118445.28601715568 24.500000000000004 459.50000000000006 5868.5479749416108 1.5000000000000002 3253.7365886507614 3.5000000000000004 169.17686932276402 -1255.4490538193033 -17.499999999999996 2341.0149722478714 -515.49999999999989 1.0000000180025095e-35 4465.5000000000009 202223.38716889816 763.30854212258998 -1.0000000180025095e-35 773.50000000000011 3962.5000000000005 -605.27897534529291 16.500000000000004 5841.6358433476116 -154.24532100451196 -31.356121701435992 -1.0000000180025095e-35 -1.0000000180025095e-35 -1902.6677550218935 -9601.0626004232399 -13.584657661058499 1.5000000000000002 11.500000000000002 165.50000000000003 1573.8981471929285 407.13036551056058 1.0000000180025095e-35 34.500000000000007 1389.1194301266589 -1004.6000412327073 -2149.2972670969352 978.36878222847815 63854.460193895058 3379.8451787962526 146978.02051678946
decision_type=8 10 8 8 10 8 2 8 8 10 8 10 8 10 10 10 10 8 8 10 8 10 8 10 2 10 10 8 8 10 10 8 10 10 10 10 8 8 10 10 8 10 8 10 8 8 8 8 8 8 10 10 10 8 10 10 8 8 10 8 10 10 8
left_child=1 3 6 25 16 14 9 23 38 19 59 50 13 36 15 17 22 -6 -19 21 -21 52 44 41 42 26 28 -28 29 31 -30 32 33 35 -35 -1 -13 -26 -4 40 -25 -3 43 -24 -5 46 47 48 -44 -27 -7 -48 -2 -54 55 56 -55 58 -58 -11 -16 -8 -63
right_child=2 7 8 4 5 11 61 -9 -10 10 -12 12 -14 -15 60 -17 -18 18 -20 20 -22 -23 24 39 37 49 27 -29 30 -31 -32 -33 -34 34 -36 -37 -38 -39 -40 -41 -42 -43 45 -45 -46 -47 51 -49 -50 -51 -52 -53 53 54 -56 -57 57 -59 -60 -61 -62 62 -64
leaf_value=0.11887071591353122 -0.012708433458495589 -0.0027819600683418257 0.016861583215313974 0.06677386536436751 0.010623741411248467 0.0086837038650824285 -0.022594770373204082 -0.016529673569281127 -0.0098691184235438281 -0.030131203145561898 0.39939664904987726 0.2544340438175326 -0.03052704432933126 0.0090772061030651059 -0.0070759970012137423 -0.00078325123669237761 -0.012715037025569994 0.019666719599930601 0.12507425545962741 0.32080318671440977 -0.030103212703123428 0.22424900914852272 -0.019185877758436529 0.059595676658854693 -0.017878475767535679 -0.0075295910028187552 0.19182804063188502 0.020269340677395376 0.0096659736320319368 0.015370109418659995 0.065102317835463816 -0.023843502559679264 0.027345345847998616 0.24239250839119805 0.072802015122059402 0.019474629718369472 0.10762877168711056 0.027101155566456377 -0.026561897283686738 -0.00040176795282698856 -0.021011800847337114 -0.015365656133071471 0.14016341206952271 0.080940457768169105 -0.0017674850581668176 0.0044175516934951515 0.01255480734732748 0.025593946737916838 0.022412226341630946 0.0082329658175804305 0.08314116807928254 -0.0029451239171604522 -0.025526842066697277 -0.015731469673150009 -0.0047608699459340377 0.30031360293229697 0.52812990619351152 0.023499957659586415 0.13731124605062142 0.18370438714609827 -0.021871800104740671 0.086053262404409886 -0.013648148172498008
leaf_weight=3.5514647325035202 130.01873829343822 431.46496200026013 84.121135113760829 3.0547873759642243 16.929229408735409 84.804790627560578 637.86082751885988 258.54217840812635 130.38425972289406 1.0594145257491607 0.41902174951974291 1.3666362834628669 1.8304019616916765 1.5097162557067347 498.95430380071048 222.74311659357045 76.496213694335893 4.5124162728898236 4.1668102552648643 0.59679409407544759 1.0637231387663633 0.35384853393770654 44.799716967274435 11.466444846009832 9.0956599761266244 83.088534897542559 1.6132345972582687 4.1122005978832021 529.61253559205215 46.853817720082588 6.9559503927594042 2.7130265596788403 7.4251903267577282 1.5325748261529955 1.6883718729950485 4.0034786588512361 1.718169743428007 58.857028300524689 9.3227086690021661 19.687760711531155 2.9920459687709817 122.32938550994731 3.4674814180471003 3.187753594480454 470.94940558227245 2629.2921526784776 225.91678781958763 24.217969251563776 2.776599173201248 169.48213935515378 2.5723196936305603 77.24369547504466 5.7741666012443584 2.0818128155078721 4.7356792531209067 0.63488223473541427 0.42989581252913922 1.1185742451343688 0.35842257086187601 0.42064546991605301 71.954619008931331 3.6150671950308633 18.137661932734773
leaf_count=242 50504 55368 7529 140 431 9451 323689 71116 42438 350 113 149 246 215 94874 20227 5651 256 82 163 411 133 2039 815 225 2273 132 845 10685 1958 282 107 40 111 181 324 169 1826 2020 2201 458 22933 158 168 22477 94427 13065 1487 259 3701 238 6189 1522 770 2071 228 143 399 149 116 18624 1741 9519
internal_value=-0.000268389 0.0021467 -0.014891 0.00373006 0.00254788 -0.00333857 -0.0188692 -0.00796358 -0.000518215 -0.0061069 0.112006 0.0153595 0.0763387 0.118913 -0.00547943 0.00247751 0.00402878 0.0308397 0.0702718 -0.00763107 0.0960134 -0.00881386 0.00438929 -0.00419671 0.00526915 0.00995515 0.012815 0.0686088 0.0122864 0.0273439 0.0103846 0.0541687 0.065797 0.0922924 0.153496 0.0661992 0.172667 0.0210805 0.0125293 0.0179397 0.0429147 -0.00556161 0.0049123 -0.0125346 -0.00132576 0.00519487 0.011321 0.0383453 0.0878022 0.00304754 0.0108757 0.00860551 -0.00938202 0.0191969 0.046789 0.0995886 0.0676392 0.158657 0.350437 0.0306427 -0.00894079 -0.0217533 0.00292114
internal_weight=7284.04 6251.53 1032.51 5405.05 4542.42 913.063 808.679 846.483 223.828 149.066 1.89908 93.802 6.42492 4.59452 819.26 248.352 3629.36 25.6085 8.67923 147.167 1.66052 145.506 3552.86 587.941 3078.85 862.633 610.062 5.72544 604.336 67.7679 536.568 20.9141 18.2011 10.7759 3.22095 7.55494 3.08481 67.9527 93.4438 34.1463 14.4585 553.794 3010.9 47.9875 474.004 2962.91 333.623 30.462 6.24408 252.571 87.3771 303.16 145.152 15.1334 9.35927 4.62359 3.98871 1.90689 0.788318 1.48006 570.909 659.614 21.7527
internal_count=910853 466845 444008 313954 293073 144962 392021 152891 51987 57072 579 10468 779 533 134494 20996 148111 769 338 56493 574 55919 142460 81775 119843 20881 14907 977 13930 2963 10967 1005 898 858 292 566 318 2051 9549 3474 1273 78301 117792 2207 22617 115585 21158 1904 417 5974 9689 19254 55786 5282 3760 1689 1461 691 292 466 113498 334949 11260
is_linear=0
shrinkage=0.03


Tree=70
num_leaves=64
num_cat=0
split_feature=55 10 53 66 16 16 2 29 181 221 11 11 208 120 116 193 133 22 141 10 183 183 161 132 205 16 37 224 271 35 188 174 265 16 24 171 141 208 265 140 66 144 227 205 10 188 226 99 219 219 74 16 172 11 120 212 184 262 161 127 180 251 172
split_gain=272.769 100.058 74.534 61.541 38.4515 38.0448 38.0211 40.2942 30.544 31.7024 26.7227 25.1958 24.8588 26.6262 22.11 21.5534 20.3316 21.8413 20.2235 19.6982 19.5828 19.3892 19.3567 23.0313 23.0847 18.9417 18.3796 29.7058 18.3074 24.1159 44.8806 69.9176 24.9594 26.8465 58.6247 18.7763 41.1538 18.3014 25.6439 24.2261 19.3742 18.0576 17.278 17.1899 16.7996 24.0664 16.7698 16.6594 17.2783 16.5709 16.5016 22.7192 16.4456 16.015 15.9117 15.7759 15.5291 25.5331 15.3528 22.5789 15.9704 15.0153 16.0322
threshold=375.27837239478271 7.5000000000000009 30297.331540159506 918.91302927061304 1.0000000180025095e-35 8.5000000000000018 1.0000000180025095e-35 13858.698706286632 -1.0000000180025095e-35 1.0000000180025095e-35 -2617.8446820397457 2736.9759487604001 -15975.932733902386 21836.013393749523 1950.5311256341872 1.0000000180025095e-35 2224.7547846135103 5517.8821042235895 29.500000000000004 4.5000000000000009 -2893.866659060132 307.89327371308457 1540.8607983022562 38720.648446322892 -23297.468028127547 16.500000000000004 123867.8563518508 -1.0000000180025095e-35 3379.8451787962526 316020.01300371747 -91510.504746365114 22.71667810119553 1.0000000180025095e-35 8.5000000000000018 346569.59114208916 1363.8441471621425 158.50000000000003 -7724.6351689504072 -1.4999999999999998 14.500000000000002 7611.033530455461 1.0000000180025095e-35 -32.499999999999993 1.0000000180025095e-35 6.5000000000000009 -183469.69099187816 -1.4999999999999998 50433.002429710054 3286.4763041012357 5645.1739586844342 41533.010783355603 5.5000000000000009 136.41631739275792 -12180.808918797093 43607.489032649675 1.0000000180025095e-35 -85288.879212394866 -2149.2972670969352 4638.2691399469759 26.500000000000004 -1.0000000180025095e-35 -11162.393225726379 -1.0000000180025095e-35
decision_type=8 2 8 10 8 8 10 2 8 10 2 2 8 8 10 10 10 2 8 2 8 10 8 8 8 10 10 10 10 8 8 10 10 8 2 8 10 10 8 10 8 10 8 10 2 8 8 8 10 10 10 10 8 2 8 10 10 10 10 10 8 8 10
left_child=1 6 4 21 20 37 8 12 43 11 -4 14 13 -8 42 16 17 55 19 -12 -2 25 23 24 -18 50 56 -28 -6 30 31 -30 -32 34 -34 -35 -37 38 39 -5 46 -39 47 52 45 -22 -40 -10 -49 -11 -3 -52 -1 -19 -51 -14 57 -17 60 -60 -44 62 -62
right_child=2 3 10 5 28 -7 7 -9 9 49 18 -13 15 -15 -16 26 22 53 -20 -21 44 -23 -24 -25 -26 -27 27 -29 29 -31 32 -33 33 35 -36 36 -38 41 40 -41 -42 -43 58 -45 -46 -47 -48 48 -50 54 51 -53 -54 -55 -56 -57 -58 -59 59 -61 61 -63 -64
leaf_value=0.0087518580843541482 0.031373824012413183 0.0062245496476589527 0.01504473052567583 0.16122653698269981 -0.022046920000770822 -0.018381809228134101 0.00094054260191094822 -0.0084452797742666195 0.074112136354195945 0.014632700106389399 0.13762702075727193 -0.017334795171289417 0.0033397432716804616 0.061330104640231954 0.018804384413559885 0.25329721928393079 0.14457150204833277 0.0072358016018931595 -0.01346228771285125 -0.0020014995468606456 0.17779184145192309 -0.0073867722266152168 0.0049947159475123622 0.13356868420773682 0.01999240257733325 -0.015231195906376992 -0.030261058394049006 0.21389287539995194 0.66232620549195231 -0.018354923019167045 -0.013188557249220814 -0.030062908815989536 0.036136801436753435 -0.030062050539356226 0.57936233736571818 0.011194853082033735 0.41103060965059734 -0.0065223022847773109 0.13104039418743663 -0.0068515122796210959 -0.011936951043832866 0.10406483404997031 0.035981622644763983 -0.020266899771218056 -0.016461280519484988 0.0024558472835729461 0.00065186210285096756 0.021875960939629728 -0.01821070570288812 0.050985429019376902 0.0055730034265170144 0.11508154092820649 0.020889268313923601 -0.0095877907266651956 -0.030322979564230274 0.019766323408935513 -0.011293904000411062 -0.0018872488332181063 -0.0087108079290894366 0.12396340915090996 0.0036682948724134556 0.0026717626389247112 0.014638210648901978
leaf_weight=198.53088239184581 12.543927607825024 432.06766234175302 89.291079547139816 2.1105245192302395 680.46480276132934 315.97690806153696 12.852140043280086 347.24085053917952 4.5642879952210924 85.88059790385887 1.6061268995981657 47.418994282954372 812.82288759830408 13.445049706380816 96.663156360038556 0.52890736563131202 1.3656810531392691 68.031462118728086 66.691752697457559 2.0960121257230639 0.71331335324794054 142.8829051614739 108.60279653756879 1.7207350955577556 67.712083449936472 37.572952200658619 0.9388305963948369 0.8587141956668336 0.25995783414691687 15.342411709134465 5.257129872799851 0.26512853323947638 0.45316868182271752 1.3391791341127823 0.29531439556740224 0.72692003764677837 0.34006383398082107 491.07886524370406 1.8504219343885777 1.2167563507100565 11.138433161191644 1.3325055928435166 14.186308828182517 12.915966670261694 82.353822726057842 57.349557009059936 1.7064206175273287 55.473791453405283 11.721890304936094 21.593609383446164 3.9521322504151604 2.9988550487905741 203.4106549823191 202.53008470742498 2.4076757063157883 56.260974823962897 133.95750700857025 1.0603767535649229 107.76567693217658 1.1669433449860651 261.82887914590538 1635.0821952980477 221.20011072570924
leaf_count=4010 1424 22223 6648 185 367844 101559 680 52096 163 3898 217 6108 34005 941 3768 127 117 981 17346 281 157 11556 9061 62 6314 7094 164 135 119 8309 2475 137 229 703 123 362 177 64336 146 184 1587 108 480 296 23560 13897 157 2965 1520 1409 132 247 3282 9801 436 981 19511 271 12830 254 14199 57873 8593
internal_value=-0.000264056 0.00207823 -0.0146707 -0.0048421 -0.0181743 -0.0102007 0.00415773 0.000753602 0.00624683 0.0050262 0.00414809 0.00432116 0.00290795 0.0318161 0.00474733 0.00238597 0.00356362 0.00208586 -0.00967374 0.0585746 -0.00453996 0.00230654 0.0129511 0.0251559 0.0224554 0.0052126 -0.00892407 0.0863749 -0.0211336 0.00446429 0.0436393 0.312723 0.0268424 0.0935528 0.250467 0.0447417 0.138629 -0.00513627 0.0245564 0.0997619 0.0075285 -0.00622304 0.00415986 0.0137996 -0.00774827 0.00460988 0.0684856 0.0186503 0.0148831 0.0207916 0.00696227 0.0528181 0.0148942 -0.00535758 0.042829 0.00440313 -0.0101879 0.0830371 0.0036959 -0.00728953 0.00425712 0.00404464 0.0086919
internal_weight=7275.02 6257.63 1017.39 1445.89 857.705 826.411 4811.74 1829.93 2981.81 2566.95 159.685 2457.07 1482.69 26.2972 2409.65 1456.39 1319.05 1139.65 70.3939 3.70214 152.961 619.475 179.401 70.7985 69.0778 476.592 137.344 1.79754 704.744 24.2793 8.93686 0.525086 8.41178 3.15465 0.748483 2.40616 1.06698 510.434 18.0226 3.32728 14.6953 492.411 2312.99 414.858 140.417 58.0629 3.55684 71.76 67.1957 109.882 439.019 6.95099 401.942 270.562 24.0013 869.084 135.547 1.58928 2241.23 108.933 2132.3 2118.11 483.029
internal_count=910853 466845 444008 209514 419516 168262 257331 135247 122084 114496 24492 108753 83151 1621 102645 81530 61322 45768 17844 498 39038 41252 15554 6493 6431 29696 20208 299 380478 12634 4325 256 4069 1594 352 1242 539 66703 2259 369 1890 64444 98877 7588 37614 14054 303 4648 4485 5743 22602 379 7292 10782 1845 34986 19909 398 94229 13084 81145 80665 22792
is_linear=0
shrinkage=0.03


Tree=71
num_leaves=64
num_cat=0
split_feature=33 12 10 55 265 10 192 30 0 115 97 192 8 203 211 83 91 263 239 226 55 91 92 194 11 174 212 86 174 112 104 111 46 247 46 11 173 180 66 215 40 14 211 195 5 265 7 9 132 58 50 125 2 227 161 45 194 184 117 161 211 89 132
split_gain=292.617 62.3447 44.6917 39.6406 38.4014 37.6296 26.8567 24.7929 37.5522 29.5734 42.3694 25.732 75.3459 22.3692 21.4952 25.5024 19.3297 26.6016 23.7286 18.2276 17.6309 17.1099 16.7416 16.5645 16.5169 30.4148 20.9865 22.6465 18.72 17.3857 16.5241 31.4846 20.701 16.1367 25.9647 15.8499 16.2285 15.6842 16.8121 16.4736 18.3497 16.3009 16.9908 15.5741 17.7213 23.6543 15.2105 17.9336 15.1946 17.0549 15.7307 16.4638 21.5391 22.1921 19.2393 18.4827 16.7199 45.0278 20.2739 19.4422 15.0214 14.8383 14.589
threshold=72.500000000000014 10882.677344779802 6.5000000000000009 375.27837239478271 -3.4999999999999996 7.5000000000000009 1.0000000180025095e-35 1.5000000000000002 52313940.500000007 1126.4962081615902 185.33183018108102 2.5000000000000004 -550.26722547976794 1.0000000180025095e-35 -163.94391322327348 22594.884068606934 124318.70883170464 -43040.931529307731 4.5000000000000009 -3.4999999999999996 651.90162936955642 -1.0000000180025095e-35 1416586.8566115035 -236.59260500557181 -4604.5044660697822 -79.061350371968999 1.0000000180025095e-35 2.5000000000000004 -340.7812357614535 82.500000000000014 4711.5000000000009 53.500000000000007 -1581.4999999999998 1385.9154008108806 -608.49999999999989 -12180.808918797093 5161.4402827875829 -1.0000000180025095e-35 4416.3944920773274 -174.21435760901483 5011.5000000000009 26639.787155296806 -66.199022810450842 -1242.7543274163497 1749.5776799792106 -2.4999999999999996 5076.4039865061923 1645.8103641826779 77755.870897624278 32.500000000000007 552.50000000000011 3838.2767252503368 1.0000000180025095e-35 -18.499999999999996 480.31087615098608 328301.56137826084 -15933.148268068382 -3147.3733989922989 120.07071979882501 1720.435594088334 -2705.2952807763645 149642.22140396535 17079.355354142088
decision_type=2 2 2 8 10 2 10 10 2 10 10 10 10 10 8 10 10 10 8 8 10 8 10 8 2 10 10 10 8 8 10 8 8 10 8 2 8 8 8 8 8 10 8 10 8 10 10 10 10 8 10 10 8 10 8 10 8 8 8 10 8 8 10
left_child=2 4 13 6 19 7 22 16 -9 11 -11 -10 -13 14 -1 21 20 18 -18 23 37 -16 24 -2 25 29 28 43 -26 -4 -27 -32 -33 -5 -35 36 -23 38 -3 40 -40 42 -41 44 -28 -46 -6 -48 50 -50 -30 60 53 54 -53 -55 57 -57 59 -58 -52 -34 -39
right_child=1 5 3 33 46 -7 -8 8 9 10 -12 12 -14 -15 15 -17 17 -19 -20 -21 -22 35 -24 -25 26 30 27 -29 48 -31 31 32 61 34 -36 -37 -38 62 39 41 -42 -43 -44 -45 45 -47 47 -49 49 -51 51 52 -54 55 -56 56 58 -59 -60 -61 -62 -63 -64
leaf_value=0.013839659795442542 0.020198508503991866 0.13220167983823097 0.0062511336807845059 -0.016037884734946113 -0.011544522249955719 -0.021399961742352418 -0.0071758934581710697 -0.0023691804444391667 0.0061830611996168744 0.24126481109034179 -0.0030121412416659063 -0.030122664991230581 0.48847237487752693 -0.012951115334715917 -0.0086599828073224069 -0.0049612652145143432 0.016736774866183482 -0.00088606224361528155 0.21213198068486247 -0.0037564895156198103 -0.019317860913163259 0.0075971832228443354 -0.015741814471670137 0.00099738126574793677 -0.011863821998768643 -0.00257886639759699 -0.0089559125364004812 0.029066945554379536 -0.0062313465726892611 0.021492680602360884 -0.01169518732581201 0.099681912546112611 0.071881207318067838 -0.0093414870051467674 0.13325262642622826 0.0053718421433949382 0.020948229115603074 -0.01266436943646417 0.0015605508426122386 0.10865450486963175 0.18891770922140558 -0.017312537811849233 -0.0018105740376796902 -0.0048107157277096045 -0.00041551313703180821 0.10085565575980483 0.050841707391908228 -0.014456170099561346 0.086473190118708854 0.011796441723288639 0.076629956626055054 0.099731984058072543 -0.010471564442543936 -0.0053461500978989789 0.020533041611241941 0.23892277871214657 0.017500752767646819 0.0074535544386844493 -0.0023929849140872372 0.10048738574437656 0.0048307349038180288 0.0056855488738980263 0.011959408978302305
leaf_weight=281.83109440281987 81.533945014583878 1.0990020178724078 126.2481240844354 154.40852467156947 381.94175802369136 519.03585391875822 303.45489835122135 48.886864736909047 6.108898467035031 1.6485337995691227 1.0435789865441618 0.66859636467415839 0.40480160166043766 57.380431984202005 69.770522169070318 207.90736614156049 1.0425439300015567 5.5006416905671349 1.2068749652244153 153.49442160059698 214.05428687925451 238.82649073703215 44.878125182236545 80.220648131915368 108.64826747344341 239.84874898660928 6.1226597260683757 48.25299727381207 234.13865695078857 144.39335912233219 15.638555479934437 4.8043440575711429 4.5350027645472446 3.4838717721868306 1.7150282630464051 2013.6368880060036 124.73336055059917 183.45979827514384 0.93675883032847163 2.2444373150356114 0.94515333836898219 11.77169814892113 2.8373859425773942 55.92798204254359 3.5997607694007439 4.9031420117244124 7.7877940695034322 7.3655786660965532 3.8078867734875503 9.9305384063627571 2.6328311010729522 3.6022632664535168 171.02920794556849 106.16586456657387 11.813954571960494 1.1118722970131782 7.3831387113314104 2.365666502155364 25.106914815958589 3.8739809843245894 667.50708601495717 9.2925668803509325 24.553216505330056
leaf_count=12027 9400 94 3149 56378 97084 246496 37059 15675 1399 213 191 248 126 3136 2216 21752 210 1150 114 27502 117426 1900 3140 8566 10142 5893 212 1720 11661 4218 421 122 127 676 113 68905 971 50296 187 165 77 1969 258 1408 138 195 1076 1677 154 500 152 193 25358 9595 833 146 381 259 3009 258 35228 281 5228
internal_value=-0.000259755 -0.0109891 0.00311904 0.000184111 -0.00416876 -0.0157178 0.00115828 -0.00991687 0.00840918 0.0617714 0.146573 0.0299857 0.165451 0.00559967 0.00596214 0.00512589 -0.0123117 0.0346567 0.121572 0.00364878 -0.0131355 0.00598295 0.00238149 0.0106759 0.00278359 0.00724884 0.00113771 0.013229 8.07594e-05 0.0143828 0.000205339 0.0196912 0.046035 -0.0142875 0.0376979 0.00641272 0.0121778 -0.00732736 0.0181624 0.011473 0.095657 0.00207274 0.0469774 0.00239713 0.0299599 0.0579818 -0.010375 0.0191025 0.00111858 0.0324946 0.00077003 0.00240508 -0.00305302 0.00480697 0.0390392 0.00119255 0.0186162 0.0814611 0.0126063 0.0460594 0.00511282 0.0273956 -0.00975785
internal_weight=7264.51 1739.79 5524.71 2530.63 712.344 1027.45 2371.02 508.413 58.7613 9.87441 2.69211 7.1823 1.0734 2994.09 2936.71 2654.87 449.652 7.75006 2.24942 315.249 441.902 2446.97 2067.56 161.755 2022.69 544.761 1477.92 118.807 1359.12 270.641 274.119 34.2705 18.6319 159.607 5.1989 2377.2 363.56 227.847 19.8344 18.7354 1.88191 16.8535 5.08182 70.5535 14.6256 8.5029 397.095 15.1534 1250.47 13.7384 1236.73 1002.59 332.453 161.424 15.4162 146.007 39.8416 3.47754 36.364 11.2571 670.14 13.8276 208.013
internal_count=910853 586827 324026 213119 145305 441522 155952 195026 17852 2177 404 1773 374 110907 107771 95744 177174 1474 324 45468 175700 73992 118893 17966 115753 14211 101542 3673 97869 7367 6844 951 530 57167 789 71776 2871 58274 2750 2656 264 2392 423 1953 545 333 99837 2753 87727 654 87073 75412 40032 14674 1026 13648 4053 405 3648 639 35380 408 55524
is_linear=0
shrinkage=0.03


Tree=72
num_leaves=64
num_cat=0
split_feature=12 17 17 203 211 212 23 23 192 53 17 160 110 247 130 271 11 205 137 132 234 223 28 60 13 153 11 171 137 237 29 12 82 209 77 58 24 40 107 82 195 30 35 35 160 119 57 209 102 189 113 240 74 265 5 135 82 29 0 226 157 188 110
split_gain=253.062 75.9869 68.7684 38.5544 34.0285 30.9594 27.641 27.597 27.5774 26.857 26.0759 26.4484 25.0913 27.3353 25.5978 25.0634 24.5424 22.4315 22.3128 21.3813 20.3573 19.8851 18.9403 18.8151 18.546 44.6827 18.114 17.8375 17.6352 20.0725 25.4503 17.3926 25.5266 17.2681 19.0244 17.1873 36.7187 28.5387 21.9369 52.2377 29.9928 18.047 17.0778 16.7062 16.1585 15.8325 18.3424 15.7362 20.4911 15.6609 19.86 26.6759 15.6596 15.321 15.21 15.0241 14.4744 17.657 50.7569 14.3942 23.1585 14.9229 13.9485
threshold=17647.089055796354 3896.0369327628755 13624.350916669742 1.0000000180025095e-35 -1902.6677550218935 1.0000000180025095e-35 1.0000000180025095e-35 1.0000000180025095e-35 1.0000000180025095e-35 30297.331540159506 1.0000000180025095e-35 16.500000000000004 1.0000000180025095e-35 8120.1544532976159 20369.011683425859 -862.486279461869 -21271.289995626881 -32233.324441828543 1.0000000180025095e-35 87533.170424379132 2.6608560428550025 1.0000000180025095e-35 4.5000000000000009 35593.85693390805 1.0000000180025095e-35 189380.99459997975 -4604.5044660697822 -508.56817602638489 5706.3366060714752 -8821.0227174947922 5441.6900286425316 12965.865417466501 11.500000000000002 -27724.145989640103 3.5000000000000004 40.500000000000007 251414.6599051576 1129.5000000000002 2923.5501771794793 10.500000000000002 -2967.9091156449863 11.500000000000002 177565.13177533273 1.0000000180025095e-35 18.500000000000004 -525.54998650829737 42.500000000000007 137658.17987204014 816338.58659224666 -3429.0303458015792 7952.3816644192648 30.500000000000004 3644.8184099942591 -7.4999999999999991 6170.6217172663264 1641.3735916737041 7.5000000000000009 108638.64643358918 37840050.000000007 -22.499999999999996 11.500000000000002 -1263.5252208461995 1.0000000180025095e-35
decision_type=2 8 10 10 8 10 2 2 10 10 10 8 10 10 10 8 2 10 8 8 8 10 10 10 2 8 2 10 8 8 2 2 8 8 8 8 2 10 8 8 10 10 10 8 10 10 10 10 8 10 10 10 10 8 8 10 8 2 2 8 8 8 8
left_child=2 22 3 4 10 8 12 15 16 24 -1 19 14 -14 27 28 20 -5 -7 31 -6 -11 26 44 25 -8 54 59 29 30 42 -12 -33 34 -28 36 41 38 39 -38 -41 -9 -3 -37 -18 -46 -47 53 -49 50 51 -15 -20 -35 -2 -19 57 -29 -59 60 -4 -62 -17
right_child=1 7 6 17 5 18 9 35 -10 21 11 -13 13 49 -16 62 23 55 52 -21 -22 -23 -24 -25 -26 -27 33 56 -30 -31 -32 32 -34 47 -36 43 37 -39 -40 40 -42 -43 -44 -45 45 46 -48 48 -50 -51 -52 -53 -54 -55 -56 -57 -58 58 -60 -61 61 -63 -64
leaf_value=0.0085698269452927946 0.10139341572489978 0.13046948386691898 -0.013339414740994739 0.043237914617827694 0.0012761362207874224 0.0074949224116040037 -0.0304629092093394 -0.016926465024577824 -0.0068920789669107653 0.0038923490964299528 0.020750303946880291 0.12833260432480334 -0.010300457115870224 0.1988292143346477 -0.021630545023000238 -0.0062530952228601611 0.0035999757535747712 -0.020509280778047926 0.028072854149804136 0.1151622089737528 0.017705870087324525 0.10162977981053033 -0.0078643192964191946 -0.0033763597847804904 -0.022580547222271506 0.3028812236636827 0.019866039080673917 0.015962252908236201 -0.0021046596745557273 0.013672410204207794 0.20523037128290142 0.044487069643701402 0.24370118795018827 0.1030253689165115 0.14141001415214816 0.23215274582497011 0.019618388012973841 0.2873525097571607 -0.01038008863611879 0.49452668014471601 0.12440697452167845 0.17766271906943928 -0.030297602616611258 -0.02442700410780059 0.0080796914661288004 0.11738775266430758 -0.00067814155907300615 0.025447463050325882 0.23546385312092777 0.002310384814917073 -0.010602039412858765 0.049222609637483837 -0.018860905041030308 -0.0018090549338504985 0.0077955852355640273 0.0050723624007110247 0.00088057299848881717 -0.030355007619366371 0.21707725046728835 -0.0049476098657551789 0.15883724632348456 0.028406566780028113 -0.017173044374471789
leaf_weight=146.0741745182313 3.105087017058394 1.1080103933345533 3.4643745175562799 6.2382721088360986 104.39485233195592 217.57677998568397 1.103877138230017 45.666132689104415 235.05730302492157 25.104738751659173 64.703428157954477 2.4076533397892481 328.27107081143185 1.5610109954141069 34.82084293407388 163.12869380018674 3374.3899314289447 97.172330303117633 90.678928769892082 2.402613792452029 194.01416192553006 2.0245641283690921 252.28396208793856 372.87067431153264 139.68408595817164 0.53843052405864011 25.002352377749052 115.46096765412949 14.88397248694673 5.4208695641718823 1.4002201692201195 2.3750419706339012 0.7654607290169223 1.2623438327573238 1.2153466178569932 0.22852317430078883 1.8096723558846854 0.47173039673361916 3.032278364058584 0.40004189615137875 0.38833017495926458 0.4330211152555411 1.2835880427155641 389.10453024343587 6.7959904186427593 3.4896567965624836 1.792620818596333 1.6121960490709164 0.56452934932894994 8.3909514227416349 2.2952381419017911 3.4287192632909864 6.8838330439757547 205.84402900910936 3.1454464731505141 26.241907453746535 73.539118404500186 1.5360237858258181 1.4509867939632384 132.16148155089468 1.7150761717930434 1.4628241430036726 296.84546981169842
leaf_count=2696 170 96 484 257 1939 3126 365 24284 27515 3492 4102 150 67450 167 6812 43613 144150 10480 2036 354 1848 164 49745 20341 69285 138 3712 7938 2898 820 235 376 178 104 241 33 725 103 924 108 149 166 222 236130 486 247 236 369 128 1057 196 304 353 30403 89 1629 11052 222 142 21240 135 145 102099
internal_value=-0.000255133 -0.0116145 0.00250888 0.00387973 0.00431339 0.00376458 -0.00522948 -0.0166852 0.00309832 -0.0161539 0.015875 0.0305624 -0.00263592 -0.0084523 0.00283581 -0.0117379 0.00367705 -0.0122643 0.0128404 0.0272114 0.0119581 0.0111861 -0.00211423 0.00301971 -0.0214022 0.078824 0.00388638 0.00541127 0.0180867 0.0507079 0.103655 0.0240967 0.0930432 0.00254854 0.0255003 -0.0221091 -0.00594453 0.063212 0.0444326 0.108407 0.312216 -0.0150986 0.0441846 -0.0242764 0.00372396 0.0383612 0.0773203 -0.000326721 0.0799148 0.03025 0.0624314 0.0960263 0.0247613 -0.00117007 0.0542923 -0.0150698 0.0113347 0.0178253 0.0898391 -0.0027818 0.0403113 0.0987985 -0.0133003
internal_weight=7253.98 1419.64 5834.34 4956.33 4826.67 4607.94 878.014 925.605 4292.81 168.456 218.728 72.6542 709.559 343.947 365.612 484.071 4057.75 129.653 315.14 70.2465 298.409 27.1293 494.035 3759.34 141.326 1.64231 241.751 330.791 24.0967 9.21269 3.79182 67.8439 3.1405 235.501 26.2177 441.534 52.2012 6.10205 5.63032 2.59804 0.788372 46.0992 2.3916 389.333 3386.47 12.0783 5.28228 209.283 2.17673 15.6759 7.28497 4.98973 97.5628 207.106 6.25053 123.414 191.987 118.448 2.98701 138.804 6.64227 3.1779 459.974
internal_count=910853 497566 413287 222499 210133 202277 190788 412605 196762 73444 7856 5160 117344 69174 48170 149983 169247 12366 5515 5010 3787 3656 84961 165460 69788 503 35216 41358 4271 1373 553 4656 554 34957 3953 262622 26459 2009 1906 982 257 24450 318 236163 145119 969 483 31004 497 1724 667 471 2389 30507 259 12109 19354 8302 364 22004 764 280 145712
is_linear=0
shrinkage=0.03


Tree=73
num_leaves=64
num_cat=0
split_feature=55 20 53 9 189 17 56 221 83 11 17 227 122 11 117 92 209 203 218 141 0 55 0 193 176 8 155 214 82 114 122 182 155 64 209 9 36 122 92 89 219 233 9 32 172 160 83 65 148 176 117 0 0 185 51 214 77 121 3 11 9 119 83
split_gain=240.738 96.6101 70.5585 54.9584 39.6362 37.7112 34.2758 32.2002 30.3511 29.7021 28.8047 24.8277 23.5936 23.5312 20.9502 19.4952 19.4308 18.4862 19.5482 18.4087 20.8042 18.3223 34.8654 43.9282 22.2225 40.1113 25.4945 18.3184 18.1514 17.8812 18.6755 34.5063 24.7569 17.8517 22.9416 26.097 17.8395 17.8112 17.6945 17.48 40.8679 17.4451 34.3886 16.894 16.7654 22.3037 24.0249 30.7398 38.885 38.4441 17.167 16.7589 28.1886 60.7931 51.2904 16.4981 16.3638 16.0363 15.8135 15.7542 21.8831 37.7476 15.6227
threshold=375.27837239478271 2021.0866590752103 18006.387843212568 2171.3401334907885 -78179.242461200556 1036.6371997697422 1.0000000180025095e-35 1.0000000180025095e-35 32065.869452703209 -2617.8446820397457 13624.350916669742 -8.4999999999999982 20462.123675098872 -8779.61602684641 24.03311074326 225268.97563126803 -1.0000000180025095e-35 1.0000000180025095e-35 38646.291612154062 29.500000000000004 37840050.000000007 8209.552078845174 49947140.500000007 -12.499999999999998 -205.45501183155099 -550.26722547976794 65509.373013479817 -17.988467879911607 9.5000000000000018 29965.487925280595 43578.018530300906 -13.430000828846 5054.8717376695404 7.5000000000000009 137658.17987204014 1876.6277853063164 -1275.4999999999998 -6541.2341498060341 42058.108361073602 149642.22140396535 -3288.0908577449613 -1.0000000180025095e-35 538.40677546689017 1.0000000180025095e-35 294.97303443926359 8.5000000000000018 14335.66963888662 -153.17256383447497 1956.5000000000002 223.65857796022851 229.87283923138503 23170630.500000004 16058900.000000002 -20311.021253248004 8165.7209236602412 333.13909890516521 1.0000000180025095e-35 1.0000000180025095e-35 44.500000000000007 -2175.1077642964378 220.87666042806606 -674.67905590142186 56226.870295070075
decision_type=8 10 8 10 8 8 10 10 10 2 10 10 8 2 10 8 8 10 10 8 2 10 2 8 10 10 10 10 8 8 10 8 10 10 10 8 8 10 8 8 8 8 8 10 8 10 10 10 8 10 10 2 2 10 8 10 10 8 2 2 8 10 10
left_child=1 3 5 4 15 33 7 11 43 57 17 13 36 -6 -10 51 -5 18 -8 20 -11 -7 39 -24 25 26 -25 38 -3 30 -16 -32 -33 34 41 -36 -13 -29 58 40 -23 42 -2 -9 50 -46 47 48 -47 -50 -38 52 -1 54 -54 -14 -53 -4 -15 60 -43 -62 -59
right_child=2 28 9 16 6 21 10 8 14 19 -12 12 55 27 29 -17 -18 -19 -20 -21 -22 22 23 24 -26 -27 -28 37 -30 -31 31 32 -34 -35 35 -37 44 -39 -40 -41 -42 59 -44 -45 45 46 -48 -49 49 -51 -52 56 53 -55 -56 -57 -58 62 -60 -61 61 -63 -64
leaf_value=0.025033580949793438 0.28001239394464739 -0.0035917416042029315 0.086159446376101512 0.015785209266736749 0.020348622104928677 -0.022466944256559145 0.0028139280494455941 5.6796872639085107e-05 0.14171871592312188 0.13372579678753693 -0.0092845980626184831 -0.0008254236396384603 -0.0075219450242648284 0.10013097401077509 0.037478454160892266 0.0094819893062392923 -0.011983337878796555 -0.015580796678410273 -0.015215949505558031 -0.014147481608449053 -0.0052682377241684451 0.42071908538167668 0.35227544493761936 -0.030263119527555178 -0.030103273340186639 0.32009979133246902 0.2277594393449684 -0.0042478579833429069 -0.013493762810626692 -0.019176394002452718 0.2485837011188162 0.18662783815874712 -0.012881269505535836 -0.020263443972724036 0.010471225046820761 0.20919807144637881 0.004255015611263061 0.015806952423325842 0.00022850655115193741 -0.021870645553136975 0.014165872216738533 -0.0025751524675931559 -0.03012566941093521 0.021002948512335477 0.0082277144628129083 0.20370146762146737 -0.0067515800074338175 0.01133903928490008 -0.0035215213360671586 0.17717129847917643 -0.010469546889983651 0.017712720545426226 0.39536324545974633 0.029405578781926952 0.10015724110566532 0.016909784589557473 0.073406549932428358 0.01760068243134099 0.016435644254905873 -0.0073714678041638592 0.032683510437032014 0.21484902314309418 -0.011689413344713379
leaf_weight=8.658144010929389 0.58000825787894428 313.0320023377426 2.6593320574611425 24.824796392698772 142.91115140286274 596.08984406362288 1612.9789088299731 55.846621181350201 2.054833386908288 1.6449311295291398 248.10004974389449 480.2608271924546 252.02288654108997 2.8963309996761364 13.210044274106624 124.7754555126885 262.39605459920131 54.281137990532443 55.999767525470816 76.849939186358824 2.3591662725666538 0.26620303222443908 0.46978280250914395 1.3310741460882125 1.893461980158462 0.5986309380969036 0.46506106085143972 48.295687264064327 356.19995434803423 3.6290055108256665 1.1685859649442134 0.8282343498431145 1.7269898582017047 52.598477236344479 1.4635971405077715 1.0018147451337429 683.59231542632915 228.09119660663418 287.51513394585345 18.315628833370283 1.3564210591139332 12.539453362580387 0.72270625946111977 91.327195902005769 706.45579231251031 2.41900580143556 6.2881688901688895 5.4696844987338427 3.2089975003618747 1.582223242963664 79.554086197633296 59.88054250262212 0.98599821049720049 3.1588018401525906 1.1446003669407221 27.599490702850744 5.1569315183442077 78.848070784239098 6.8062714007683098 98.439828832866624 6.3674056387972087 1.2198996150400514 20.689632273511961
leaf_count=786 141 41288 123 3262 2316 346598 73708 1555 123 213 54749 16825 25462 136 1016 9178 52990 3755 6802 23846 304 135 82 529 783 189 119 2151 89317 476 125 77 356 15449 243 218 17302 10625 16919 11056 681 1884 242 3025 15830 164 1098 428 312 121 7291 3835 133 261 142 2187 354 7366 365 29780 705 216 3106
internal_value=-0.000250796 0.00191045 -0.0140877 0.0031985 0.00388989 -0.017951 0.00337212 0.00532129 0.018027 0.00270616 0.000272636 0.00459369 0.00304398 0.00945673 0.0503821 0.016865 -0.00958327 0.0016486 0.00220897 -0.01088 0.0518322 -0.0214179 0.00390309 0.0768714 0.0467004 0.107426 0.0365449 0.00674306 -0.00886211 0.0412549 0.0542056 0.113544 0.0517864 -0.00564798 0.000636019 0.0912234 0.00420211 0.0123026 0.00157318 -0.0135099 0.0808638 -0.00122714 0.107957 0.0130547 0.00582415 0.00908967 0.0411926 0.0649689 0.105653 0.0561494 0.00272006 0.0285282 0.0583686 0.112934 0.236773 -0.00511047 0.0221288 0.013455 0.0414196 -0.00242677 0.0217577 0.0619724 0.0115125
internal_weight=7245.1 6266.33 978.77 5597.1 5309.88 795.719 5106.12 3134.76 169.792 183.051 1971.36 2964.97 2248.45 716.516 22.6177 203.76 287.221 1723.26 1668.98 80.854 4.0041 620.786 24.6963 4.75801 4.28823 2.39477 1.79614 573.605 669.232 20.5629 16.9339 3.72381 2.55522 174.933 122.335 2.46541 1968.83 276.387 297.218 19.9383 1.62262 119.869 1.30271 147.174 1488.57 725.424 18.9681 12.6799 7.21023 4.79122 763.146 78.985 13.9475 5.2894 2.1306 279.622 65.0375 102.197 9.7026 118.567 20.1268 7.58731 99.5377
internal_count=910853 466845 444008 336240 279988 409050 265299 126285 6753 34958 139014 119532 87020 32512 2173 14689 56252 84265 80510 24363 517 360172 13574 1702 1620 837 648 30196 130605 2050 1574 558 433 48878 33429 461 59371 12776 17420 11872 816 32968 383 4580 42546 17953 2123 1025 597 433 24593 5511 1322 536 275 27649 4189 10595 501 32585 2805 921 10472
is_linear=0
shrinkage=0.03


Tree=74
num_leaves=64
num_cat=0
split_feature=33 226 13 8 22 10 14 122 6 144 224 14 142 11 110 11 23 53 140 204 55 109 6 214 143 9 89 6 82 70 246 33 220 32 174 257 158 7 53 217 36 144 210 40 205 82 108 5 7 40 48 226 2 116 57 182 158 14 14 107 61 220 177
split_gain=256.514 57.1439 40.6993 42.2815 44.3526 36.4032 29.9163 28.1732 37.4641 42.2435 27.9667 24.7616 25.952 24.6258 23.9875 26.664 22.9115 22.7367 24.7438 21.637 21.5585 30.6345 24.9941 20.5823 19.7073 18.9941 19.6935 18.9498 21.1815 27.5103 18.9496 18.8008 18.61 20.659 30.1447 30.0297 25.2372 18.2562 30.6277 18.169 37.5077 22.2054 18.0531 18.0242 18.013 26.2404 17.8734 17.1541 17.0896 25.3221 19.4735 17.0876 27.4766 17.5621 17.1971 18.2783 22.1518 17.7075 16.787 24.931 16.7442 16.661 16.3819
threshold=72.500000000000014 -22.499999999999996 1.0000000180025095e-35 -344.14623100524994 19406.361833905583 6.5000000000000009 77169.95431701302 92453.893748497096 155390.86507785 -1278.4999999999998 11.500000000000002 91955.667768905914 1.0000000180025095e-35 -92.475003049929498 1.0000000180025095e-35 -4604.5044660697822 1.0000000180025095e-35 30297.331540159506 44.500000000000007 -4423.2657334545684 375.27837239478271 2683.3259988441232 1713.1667969755724 1452.5005838547102 84507.615037366209 10693.36334274725 478512.25438961422 10268.948816004309 4.5000000000000009 4.5000000000000009 5868.5479749416108 34.500000000000007 1.5000000000000002 7.5000000000000009 1281.4429316927399 -12222.69111030601 988.50000000000011 1396.9008638552896 1545.0260021958363 -1.4999999999999998 -759.49999999999989 -547.49999999999989 -2173.5195500515433 2957.5000000000005 -62430.324708830121 6.5000000000000009 5.5000000000000009 3800.9788603934062 580.77987059682857 773.50000000000011 68182.377072094809 -4.4999999999999991 1.5000000000000002 118.54409886738851 30.500000000000004 824.48598877139204 355.50000000000006 20135.052876800179 77169.95431701302 613.19388453095712 1956.5903734974752 -8.4999999999999982 -3397.3189106996838
decision_type=2 8 2 8 2 2 8 8 8 10 10 8 10 2 8 2 2 10 10 8 10 10 10 10 10 10 8 8 10 10 10 2 10 10 8 8 10 10 8 8 8 10 8 10 8 8 10 8 10 10 8 8 8 10 8 10 8 10 10 8 10 8 10
left_child=2 6 13 14 10 32 7 -2 61 -10 16 12 17 -1 23 62 19 20 25 -5 21 -7 -23 -4 37 26 39 28 -26 -30 31 -6 44 -34 -35 -36 -37 -15 -39 40 -19 -42 46 -24 45 -3 -12 -44 -18 50 -50 52 53 -21 55 56 -53 -56 -29 -60 -40 -9 -16
right_child=1 5 3 4 30 11 -8 8 9 -11 42 -13 -14 24 15 -17 48 18 -20 51 -22 22 43 -25 27 -27 -28 58 29 -31 -32 -33 33 34 35 36 -38 38 60 -41 41 -43 47 -45 -46 -47 -48 -49 49 -51 -52 54 -54 -55 57 -57 -58 -59 59 -61 -62 -63 -64
leaf_value=0.010645344214555222 0.004861124105481349 0.13660594780223054 -0.002104308188336854 0.019256590765018147 -0.0025155179576837597 -0.01066873795075711 -0.013555220742453763 0.1453758807294338 0.035828408995395265 0.25346545058272607 0.02190006542478861 -0.021274583303527671 0.11528623559458046 -0.0035018540004324653 0.027222920658005238 -0.01564920401619296 -0.011426211390656162 0.014186124395312598 -0.025570486718982266 0.013397783144873618 -0.020459195594377984 0.14385835706656586 -0.012411243392833006 0.024567162845621725 0.025839960099697138 0.13302542431036507 -0.011153376724052646 -0.0078316979344469854 0.17532992460804836 0.017817471779567811 0.033613497167846305 -0.016159468843033455 -0.012424355003088423 0.022892958832925379 0.29540142796629937 0.19508035153589265 -0.03031961128219025 0.091951807709010527 -0.008096439168776285 0.016683241477989906 0.26910983270532784 0.078058351740340357 0.014548736412021075 0.09943153619914831 -0.0071139043334637921 -0.0065633259398924695 0.10091516816636992 -0.010005630984571997 0.15022133774044877 -0.012139377685006185 0.035007504336447753 -0.010757767285029893 -0.0072859296374095271 -0.00025154747085988745 0.0024246541014484591 -0.025002090978238287 0.022246045691146209 -0.0060586320339597148 -0.0070369919267156992 0.20003975740012275 0.063749131930413566 0.020203209418232337 -0.0046090984482639111
leaf_weight=827.48650669585913 133.24572421307676 1.9406816643895579 291.06387396319769 78.355336975539103 231.92963122366928 393.30621520872228 65.20134429296013 0.99860192858614028 1.7779553392902019 1.4632713325554529 7.0536494712578115 394.44866415264551 1.4396987707586948 288.30673228402156 21.442450030124746 258.71708076598588 143.93826798035298 3.3504595489939675 17.828693098388612 400.15848288335837 267.69429486291483 1.8798871859908084 4.5623568441951647 28.598666167934425 17.658155593555424 1.2128941870760162 18.629715834278613 20.244104402256202 2.1494472052436313 1.8628161398228256 10.178480378584934 149.47430697153322 11.96501401148271 16.09978324349504 0.7367257772712037 0.79500045208260717 1.0215275879018006 4.7734340890310731 14.374620495946148 22.638057601405311 1.0979600661667066 1.0921330844284964 219.00277911487501 1.8118312180740757 299.65227697475348 2.8356568089220673 4.0592130039585754 28.997166295303032 1.6142049017362303 11.007869714871047 7.2518605680670598 22.569342321483418 92.346940582385287 107.6657041029539 1841.849292882951 10.654515185626222 96.826697846641764 251.71177932503633 1.2387619538931169 0.90593838971108187 3.6635509666521093 22.986013556364927 45.270164311979897
leaf_count=7543 15850 136 31541 1388 14180 98699 25096 62 110 202 468 189365 234 12220 1155 53368 46175 522 4698 15065 148017 217 605 1149 872 169 3701 1040 119 204 335 24110 2273 3280 185 95 247 221 522 3240 127 131 12204 240 86057 196 223 2990 135 2683 1152 611 7604 3364 51457 343 2363 24167 205 125 141 3073 2584
internal_value=-0.000246967 -0.0104726 0.00287307 0.00153467 0.00276523 -0.0126358 0.00358067 0.0105432 0.0383516 0.134082 0.00388987 -0.0152088 -0.0119604 0.0078092 -0.00555509 -0.0112886 0.00309003 -0.0122096 0.0046105 0.00370617 -0.0138646 -0.00946835 0.0477299 0.00028186 0.0012016 0.0158157 0.0127786 0.0199799 0.039978 0.1022 -0.00678456 -0.00786266 -0.00395031 0.0183441 0.0380806 0.133847 0.0683263 -0.0014577 0.0243775 0.0286007 0.0772941 0.173838 0.013354 0.0193795 -0.00619259 0.051608 0.050762 0.0116777 -0.00782567 0.0182515 0.055984 0.00327467 0.00776665 0.0105039 0.00206225 0.0126476 0.0160074 0.0014047 0.000623563 0.0804339 0.00649539 0.0254148 0.0056222
internal_weight=7236.11 1691.71 5544.4 4361.74 3716.65 1466.04 225.673 160.472 27.2258 3.24123 3325.06 1130.99 736.544 1182.66 645.092 325.43 3065.95 735.104 65.8499 2902.14 669.255 401.56 8.25408 319.663 355.178 48.0212 46.8083 44.0592 21.6704 4.01226 391.582 381.404 335.047 30.6181 18.653 2.55325 1.81653 311.118 22.8116 28.1786 5.54055 2.19009 259.113 6.37419 304.429 4.77634 11.1129 248 163.812 19.8739 8.86607 2823.78 600.171 507.824 2223.61 130.051 119.396 2093.56 22.3888 2.1447 18.0382 23.9846 66.7126
internal_count=910853 586827 324026 300814 211017 542434 44393 19297 3447 312 172392 449965 260600 23212 89797 57107 156507 260366 12588 106362 247778 99761 1062 32690 15669 7890 7721 2565 1195 323 38625 38290 92469 6080 3807 527 342 13104 884 4020 780 258 15885 845 86389 332 691 15194 50145 3970 1287 104974 26033 18429 78941 3317 2974 75624 1370 330 663 3135 3739
is_linear=0
shrinkage=0.03


Tree=75
num_leaves=64
num_cat=0
split_feature=12 47 193 20 22 55 31 130 12 212 211 77 60 8 181 2 175 226 191 183 220 51 251 254 51 247 226 129 62 8 64 81 141 247 4 24 115 113 113 263 260 60 250 175 227 79 99 214 39 70 183 250 49 49 22 62 60 62 6 192 87 183 29
split_gain=221.619 61.9934 60.0564 37.4071 37.4625 34.9611 33.0326 35.5269 31.725 26.4829 28.6014 25.7614 40.2752 25.1384 23.8167 23.1669 21.254 23.6506 21.2496 20.7613 23.4932 42.5249 19.9704 19.7211 22.4157 19.4913 28.3715 19.1084 18.767 18.6876 18.4122 18.2174 20.3894 18.1713 18.089 25.6069 23.1034 18.2241 27.3354 19.732 17.7342 17.7058 27.1457 20.8356 17.4507 17.0188 19.2028 17.0278 28.2905 19.2207 16.9548 16.5915 23.7712 34.2016 16.5876 34.7583 22.606 16.2234 18.0171 16.213 57.5925 15.9917 24.0602
threshold=17647.089055796354 929.50349566811519 1.0000000180025095e-35 4900.9846787910101 14593.376961572727 1246.344837188288 1.0000000180025095e-35 25969.28070467414 1.0000000180025095e-35 1.0000000180025095e-35 -2705.2952807763645 1.0000000180025095e-35 10092.780607762683 -99.423837142526978 -1.0000000180025095e-35 1.0000000180025095e-35 -655.46423009772093 -17.499999999999996 -1.0000000180025095e-35 -723.07407177944572 -1.4999999999999998 12172.04026742056 -5581.1966128631893 25895.069753057574 7057.6341430930934 3548.6060540075696 -6.4999999999999991 1.0000000180025095e-35 -1765.0606646239557 -1286.3337175485767 4.5000000000000009 1634.8394517613297 29.500000000000004 -3.1109687224904969 46.500000000000007 251414.6599051576 5171.8831755580632 1995.2932554871961 3065.6769514228363 -24420.92467965672 30.500000000000004 24663.529330090325 -3227.214235466337 -1.0000000180025095e-35 -32.499999999999993 2192.2178327054094 50433.002429710054 1.0000000180025095e-35 3.5000000000000004 2.5000000000000004 -2893.866659060132 -4367.2378082472123 5.5000000000000009 11.500000000000002 1.0000000180025095e-35 115.743745251824 39254.885423024192 -3050.8104016466896 -11747.554581868555 7.5000000000000009 118.50000000000001 -6891.1172420003504 66626.043987771613
decision_type=2 10 10 10 2 10 10 10 2 10 8 10 8 10 8 10 10 10 8 10 8 8 10 10 8 8 8 10 10 10 8 10 10 8 2 2 10 10 10 8 10 8 10 8 8 10 8 10 10 10 10 10 10 8 2 10 10 10 8 10 8 10 2
left_child=2 30 3 4 6 14 7 22 13 10 19 12 29 -6 28 16 -12 -18 33 -8 21 -21 57 -13 -25 -5 -27 -24 -3 -4 54 -20 41 -10 35 36 -7 -37 -39 -40 -22 42 43 -33 51 46 -31 49 -49 -47 -15 52 -32 -54 55 56 -2 58 -1 61 -61 62 -30
right_child=1 5 11 25 8 34 9 -9 18 -11 15 23 -14 50 -16 -17 17 -19 31 20 40 -23 27 24 -26 26 -28 -29 59 45 44 32 -34 -35 -36 37 -38 38 39 -41 -42 -43 -44 -45 -46 47 -48 48 -50 -51 -52 -53 53 -55 -56 -57 -58 -59 -60 60 -62 -63 -64
leaf_value=0.053516799866607859 0.0078794116862150737 -0.016667402868864804 -0.0062765569317300013 -0.011665235437925071 0.016378381996515007 -0.016254293278055922 0.0025228584642918365 0.020784706877130261 -0.028762701416428702 0.020860000184890974 -0.0054072788436581934 -0.023892256582224197 -0.01030895117353303 0.0074147031158480117 -0.012576693765368852 0.0032607119772390183 0.04079738573369391 0.01159725141500375 -0.010695119298324144 0.16292266434531047 0.0071795611542577352 0.0004697831428635137 -0.0039938754775019477 0.22119539997852986 0.010398642035438636 0.028595036546981159 -0.0083154864528098421 0.020947102509573927 0.25117590805608958 0.067636926032024716 0.02578823560410377 0.069420368106976812 -0.011102168529023225 0.014911634154875763 -0.024898823564406439 -0.01084203961179963 0.22969747693115006 0.27348366035644156 0.14767549425224397 0.0053843613090311365 0.044059040381580282 0.0036011729915634114 0.11105467303328034 -0.0088137017599130302 -0.0041244537945520432 0.10641542882760284 0.0024754293458964759 0.023477013284275438 0.11153305076855807 0.0098359044308845706 -0.0083115727207468196 -0.011313532113047951 0.23622907171717547 -0.0051518222734856026 -0.023353535550391612 0.1689056661490122 0.11829674756006822 0.0026366033817802033 0.0094710527306525634 0.42017176355151387 -0.03009376030397937 0.012127774873639637 0.0045744903181558208
leaf_weight=8.66928183240816 9.9928630668437126 19.67450699431356 75.420643615885638 215.28030491957907 125.31655195774511 47.52445461449679 25.379311356577091 96.724951662472449 9.8894112380221468 143.70395462180022 62.659825975773856 95.940490338951349 331.36385908781085 128.85589684173465 542.91920394473709 850.0223293985473 26.329927413491532 481.2310899469303 408.82741226849612 3.3193569714203477 20.304726259317249 2.5753804178675637 529.60388669976965 0.47692536155227394 9.4497010769555327 30.233440247131512 49.312073924927972 29.169251751853153 0.63963486941065528 4.239747531944885 13.500230764038863 5.021522369235754 38.400106129935011 64.451704306411557 325.75915183103643 3.1136511659715316 0.34623511508107085 0.59249566367361683 1.3421204130863769 2.5316056706942622 27.804590345360339 26.468203106895089 4.011928215622901 7.8583703762851673 351.68393819092307 1.9619589480571438 101.82917197374627 9.6124967001378518 4.9874688014388076 33.879120608791709 118.38595930975862 8.5912887373706308 1.2354519625660021 0.92299123015254769 4.2246197308413675 1.7650357866659749 2.0032875020988277 1405.0267727448372 233.0426977861207 0.39973784110043076 0.70935432449914526 37.726425291621126 0.80324645445216447
leaf_count=321 898 4886 9903 38494 2997 26820 1179 824 190 3017 5037 45334 53487 3149 181151 60557 1511 24051 52745 173 1377 235 20754 120 3068 2763 8983 1255 145 229 1082 196 5605 929 209424 1220 150 179 198 845 2239 1709 231 334 59842 120 6300 453 266 3604 4553 1445 188 114 784 60 129 37030 7965 125 259 7478 144
internal_value=-0.0002428 -0.0110658 0.00230791 0.00340092 0.00402747 -0.0150917 0.00530833 0.0029892 -0.00136324 0.00855734 0.00737842 -0.00614961 -0.00359777 0.00543254 -0.0105952 0.00639891 0.011077 0.013112 -0.0058449 0.0249027 0.0354201 0.0919478 0.00220876 -0.0197273 0.0205264 -0.0069764 0.00571336 -0.0026919 0.00734846 0.00599062 -0.00100852 -0.00810984 0.00481739 0.00910175 -0.0222026 -0.00636311 -0.0144754 0.04487 0.08371 0.0546836 0.0284939 0.0189159 0.042913 0.0216876 -0.00242718 0.011902 0.00508004 0.0262476 0.0535577 0.0151227 -0.000115455 0.0221874 0.040568 0.13301 0.028644 0.044607 0.0263185 0.00387166 0.0110508 0.0190793 0.13219 0.0158765 0.113894
internal_weight=7225.04 1378 5847.04 5177.88 4883.05 984.082 3945.57 2302.24 937.487 1643.33 1499.63 669.162 563.294 372.558 602.872 1420.24 570.221 507.561 564.929 79.3834 54.0041 5.89474 2205.51 105.867 9.92663 294.826 79.5455 558.773 59.9529 231.931 393.92 490.588 81.7601 74.3411 381.21 55.4506 47.8707 7.57987 4.46622 3.87373 48.1093 43.36 16.8918 12.8799 375.934 156.51 106.069 50.441 14.6 35.8411 247.242 24.25 15.6587 2.15844 17.9858 13.7612 11.9962 1646.74 241.712 40.2784 1.10909 39.1693 1.44288
internal_count=910853 497566 413287 290403 240163 433024 167525 68149 72638 99376 96359 122884 74362 10699 194188 91156 30599 25562 61939 5203 4024 408 67325 48522 3188 50240 11746 22009 13037 20875 64542 60820 8075 1119 238836 29412 26970 2442 1222 1043 3616 2470 761 530 62671 10972 6529 4443 719 3724 7702 2829 1384 302 1871 1087 1027 45316 8286 8151 384 7767 289
is_linear=0
shrinkage=0.03


Tree=76
num_leaves=64
num_cat=0
split_feature=55 14 16 20 189 247 1 1 226 63 31 76 1 8 1 31 212 47 213 16 177 220 68 14 47 174 65 31 177 155 27 43 16 139 21 25 134 61 135 1 94 246 1 153 226 86 65 112 143 49 8 189 204 39 68 258 184 61 143 185 267 1 61
split_gain=211.827 90.7562 59.5992 54.342 42.1585 40.4292 31.1031 38.3874 41.973 28.4959 26.3223 28.7939 25.8199 24.6561 29.3088 23.7954 27.3338 23.268 23.2238 21.3693 21.2706 20.7226 23.0387 20.6095 20.6394 20.6032 19.5494 20.5549 19.4234 21.3228 19.0312 38.0597 18.2495 18.0612 18.0238 18.2572 21.9335 18.807 17.5922 20.1248 17.8014 17.4367 22.3882 23.5335 17.3751 18.0275 17.1947 17.1767 17.7168 18.5348 17.4001 16.889 17.234 16.8844 35.8842 27.0758 26.4402 47.2286 16.6766 28.3733 16.6154 16.5383 21.7343
threshold=375.27837239478271 91955.667768905914 1.0000000180025095e-35 2021.0866590752103 -78179.242461200556 3548.6060540075696 202101.50000000003 201956.50000000003 -1.4999999999999998 343.41874116975055 1.0000000180025095e-35 25797.180673893261 201911.50000000003 245.25319833766454 202003.50000000003 1.0000000180025095e-35 1.0000000180025095e-35 6326.8046702368119 1.0000000180025095e-35 2.5000000000000004 3074.6071047447103 1.5000000000000002 34475.543381197196 3314.1526672337745 1.0000000180025095e-35 -1.0000000180025095e-35 -6591.0212204660356 1.0000000180025095e-35 -605.69647353973994 9037.4642962204034 3147.7063748914593 240.19338272523302 13.500000000000002 1.0000000180025095e-35 1.0000000180025095e-35 2180.9154933122195 1.0000000180025095e-35 757.83138427123765 2192.837694981979 202011.50000000003 2148.5000000000005 5868.5479749416108 201911.50000000003 387691.59669867769 3.5000000000000004 14.500000000000002 -6591.0212204660356 285.50000000000006 289171.06312852469 4.5000000000000009 -2468.0022686400948 -53998.629445423314 -5442.4095152851387 1.0000000180025095e-35 64576.458785602568 1.5000000000000002 -12007.050521931627 860.6223605918982 109053.24053219461 2346.2159345146197 1.0000000180025095e-35 202102.50000000003 1522.2582649513658
decision_type=8 10 8 10 8 10 2 2 10 10 10 8 2 10 2 8 10 10 10 10 10 10 8 10 8 10 8 10 8 8 2 8 10 10 2 10 8 8 10 2 10 10 2 8 10 8 8 8 8 10 10 10 10 8 10 8 10 8 8 8 8 2 8
left_child=1 3 18 4 53 -4 7 8 26 13 -8 21 33 14 -9 38 23 20 46 -3 28 47 -23 24 -17 -24 27 -6 29 -10 41 -32 -28 -7 35 -30 37 -37 39 -16 -41 61 43 -43 45 -18 -2 48 51 -50 -51 60 -53 54 -1 -55 57 -56 59 -35 -12 -5 -63
right_child=2 19 5 30 6 12 10 9 17 -11 11 -13 -14 -15 15 16 44 -19 -20 -21 -22 22 25 -25 -26 -27 32 -29 34 -31 31 -33 -34 58 -36 36 -38 -39 -40 40 -42 42 -44 -45 -46 -47 -48 -49 49 50 -52 52 -54 55 56 -57 -58 -59 -60 -61 -62 62 -64
leaf_value=0.0032801503280014085 0.012281034364859968 -0.0035943832521006538 -0.019644850164659396 -0.011594811711765449 0.026732122480134537 0.1113230416495682 0.0032379827674854041 -0.0071752679000121593 -0.0018103444293297779 -0.0096295565603187073 0.096801755186546684 -0.0073646248122445079 -0.013922589907052547 -0.006283203759591835 -0.0053337540405136294 0.017646700183023823 0.02627240132128952 -0.010816574167439216 0.049552574347453908 -0.015775485065574846 0.068542438578855003 0.025151500006751964 0.034261331460884982 -0.005586464287129886 0.0044747565503693593 0.15714122841548506 0.0085967307838392022 0.0064759378712324874 0.0028256541076292609 0.050449420886450672 0.19460148421727969 0.012777789205482929 -0.017292030305658807 0.036082895100179195 -0.0086566018093870364 0.042305314669225803 0.011267543626092899 0.16519992067793482 0.022741192434416965 0.0029258979134060932 0.030592804561882184 0.086583946588158295 -0.0072084019997599603 0.0099249331916786976 -0.00014906202676817629 0.073835582063199817 -0.0069089124842507017 -0.011937748634775765 0.014361787803063986 -0.020399398150109577 0.040082045567798305 0.077707759387329614 0.0067864181063156167 -0.005620741114695336 0.24956234792929127 0.021544354468366639 0.040911237779212649 0.025201292436558307 0.0079961133541199027 0.2503953896720188 -0.015191712261651728 0.012000542842923387 -0.012677394330770938
leaf_weight=7.7452979520894569 53.400302564026788 238.37775256379973 655.98093257960863 368.76147147803567 112.10913031105883 2.885850924765692 751.91515030700248 237.66279992519412 12.93165183882229 292.02280412300024 3.7049032211070871 65.449012927012518 12.948125537252052 377.06935394811444 356.12877891107928 171.60820534720551 20.196356233675036 138.13892691140063 7.859013235429301 284.08667256135959 4.3905220057349643 48.565986467292532 2.5568657591938972 100.36532289395109 284.65123441431206 2.3629675963893524 587.6687832333846 75.415040389169008 475.75514844956342 15.388304774649441 1.1994868890615151 7.6071416161721581 25.572225458454341 2.2164094570325679 132.01717580005061 2.8750535225262839 9.6650209343060851 1.8366677702870218 28.225302004721016 106.74187186476775 26.035478501580656 6.1201231976738173 19.888141549192369 8.7671432638308033 11.359819762059486 11.121145298238842 197.24634054047056 26.036307925125584 143.05197310924996 4.6821810331894076 49.970044389599934 3.1164050066145128 293.97266644390766 43.633327311021276 2.0224545957753435 135.7816200836096 3.7379462930839509 1.4496708887163552 9.2319089171942323 0.74214255379047278 1.7579707672121001 71.149768521543592 58.552461126586422
leaf_count=649 2510 22898 381910 68927 1431 264 17236 9349 432 45305 275 4983 5604 14850 10730 4119 250 23855 296 95542 131 1094 157 10825 15364 170 26947 2075 11681 333 195 1481 6619 348 6466 241 774 137 819 2432 701 470 2769 887 396 259 51149 2166 5227 603 2304 105 13884 3246 165 7816 289 253 1772 155 173 6867 9493
internal_value=-0.00023875 0.00175369 -0.0134996 0.00284136 0.00378216 -0.0181373 0.00325076 0.00178225 0.00526442 -0.000960827 0.00705246 0.0114977 0.0171498 0.000501463 0.00239076 0.00442715 0.00849559 0.000372151 -0.00122826 -0.0102178 0.00273235 0.0136269 0.0314182 0.00672154 0.00942899 0.0932798 0.0101092 0.0185859 0.00228815 0.0265862 -0.00619873 0.0375427 0.00751717 0.043836 0.00118211 0.00383217 0.0371397 0.0902106 -0.000287765 -0.00161726 0.00835093 -0.00692114 0.0136176 0.0414393 0.0316339 0.0431625 -0.00282049 0.0118189 0.0130553 0.0200394 0.0349005 0.00849152 0.00753037 0.0174907 0.048116 0.0149379 0.0962801 0.155888 0.0278597 0.0898424 0.0607619 -0.00835402 0.000859995
internal_weight=7215.49 6272.98 942.511 5750.51 5208.46 684.005 5014.09 3616.95 1593.76 2023.19 1397.14 645.227 28.0244 1731.17 1354.1 1116.43 599.302 792.998 258.506 522.464 654.86 579.778 53.4858 556.625 456.259 4.91983 800.765 187.524 650.469 28.32 542.046 8.80663 613.241 15.0763 622.149 490.132 14.3767 4.71172 517.131 488.906 132.777 533.239 34.7754 14.8873 42.6773 31.3175 250.647 526.292 500.256 197.704 54.6522 302.552 297.089 194.37 14.9554 179.415 7.21007 3.47213 12.1905 2.95855 5.46287 498.464 129.702
internal_count=910853 466845 444008 348405 257316 390053 244898 196521 81122 115399 48377 31141 8143 70094 55244 45895 31213 44050 53955 118440 20195 26158 1421 30308 19483 327 37072 3506 20064 765 91089 1676 33566 2539 19299 12833 1152 378 14682 13863 3133 89413 4126 1357 905 509 53659 24737 22571 8134 2907 14437 13989 12418 1356 11062 707 418 2275 503 448 85287 16360
is_linear=0
shrinkage=0.03


Tree=77
num_leaves=64
num_cat=0
split_feature=55 14 53 20 10 203 55 127 106 192 180 227 212 83 209 6 11 3 57 11 209 137 171 10 165 122 133 172 60 89 11 57 193 67 254 194 104 111 225 82 60 40 40 220 2 209 14 135 59 14 99 252 108 246 264 28 219 141 40 185 113 2 254
split_gain=201.871 85.9061 64.8489 51.1866 40.1713 32.6132 28.3942 75.5201 113.135 37.2717 27.3073 29.7291 28.5676 28.2469 36.7906 29.8661 26.2197 25.1985 21.8895 60.5575 25.0517 21.2796 21.2351 21.1247 19.7553 19.7056 28.5672 43.1048 46.0065 26.955 18.9575 20.8839 20.6812 18.9722 19.5666 18.6278 21.1897 27.2534 18.4604 19.8189 18.2233 20.4653 17.7783 17.5852 17.4354 17.4005 17.2682 18.3798 31.1319 16.8986 25.03 16.8608 16.8404 16.7354 19.4791 16.622 28.2089 16.5039 16.3346 16.3264 16.1857 16.5505 17.0499
threshold=375.27837239478271 91955.667768905914 18006.387843212568 2021.0866590752103 6.5000000000000009 1.0000000180025095e-35 4616.8497519676184 3.5000000000000004 18.500000000000004 1.5000000000000002 -1.0000000180025095e-35 -24.499999999999996 1.0000000180025095e-35 22594.884068606934 -80264.859310576954 10268.948816004309 -2617.8446820397457 57.500000000000007 65.500000000000014 -2617.8446820397457 65530.768092009508 1.0000000180025095e-35 1363.8441471621425 7.5000000000000009 -1.4999999999999998 92453.893748497096 3572.2743916903451 -1008.8260299098218 20590.879966906319 118445.28601715568 -4604.5044660697822 30.500000000000004 1.0000000180025095e-35 1.0000000180025095e-35 1.0000000180025095e-35 1589.631231396402 5439.5000000000009 61.500000000000007 58.500000000000007 11.500000000000002 1672.1772146273954 1609.5000000000002 773.50000000000011 11.500000000000002 1.0000000180025095e-35 87120.090293897403 1379.1689462382842 3140.8408423371056 4451.607110696038 43312.789298726995 169916.58677527131 -1.0000000180025095e-35 7.5000000000000009 5868.5479749416108 1.5000000000000002 2.5000000000000004 46195.853106871531 29.500000000000004 1292.5000000000002 -1.0000000180025095e-35 -1.0000000180025095e-35 1.0000000180025095e-35 -14460.713338872207
decision_type=8 10 8 10 2 10 10 10 10 10 8 8 10 10 8 8 2 2 10 2 8 10 10 2 10 10 10 10 10 8 2 8 8 10 10 8 10 8 10 8 10 10 10 10 10 10 10 10 8 8 8 8 10 10 8 8 8 8 8 10 10 10 8
left_child=1 3 4 5 6 10 18 17 9 -9 38 24 13 14 40 60 -4 55 43 -20 -21 22 -14 -3 -12 -26 -27 29 -29 -28 33 42 59 52 -35 36 -36 -38 44 -40 -13 -42 -32 -2 -1 -6 47 53 -49 -44 -51 -47 -16 -5 -55 56 -8 -18 -53 -33 -15 62 -62
right_child=2 23 16 46 45 -7 7 8 -10 -11 11 12 21 15 30 -17 57 -19 19 20 -22 -23 -24 -25 25 26 27 28 -30 -31 31 32 -34 34 35 -37 37 -39 39 -41 41 -43 49 -45 -46 51 -48 48 -50 50 -52 58 -54 54 -56 -57 -58 -59 -60 -61 61 -63 -64
leaf_value=0.014613647596285138 -0.01062542955334011 -0.0047548720829212942 0.012744700373381527 -0.0045372840461254333 -0.022545466897766989 -0.012131788114044308 -0.030348536294887925 0.0010872837555445031 0.7474749838241953 0.3516121253975753 -0.0084327558534463311 0.098869927474720634 0.014210626576155343 -0.0070053739804146935 0.01835855170365025 -0.011668718853056318 0.047338590931380424 0.29196368053906135 0.40821852595223279 -0.011433889870121415 0.2247893857951393 0.023473378995321259 -0.0045996676551697804 -0.017003266896084893 0.012269476695921237 0.019286444320262792 0.15511076779402408 0.074252860111922156 0.33036383594885049 -0.021200072601909883 0.0047496034067124699 0.004838721687344027 -0.0044505969945113737 0.0014990047065649762 0.01628104069527387 -0.0029590489888185801 0.013456117421246548 0.11893813196846675 0.018660581965297983 0.097427704149862668 0.0063101871239150016 0.088664331390258713 0.021487431630014046 0.096065868169627491 0.0039069916312849647 0.18844326357403393 -0.012617537347262512 0.18765887215075466 0.0039389951324762711 0.14131755864377593 -0.011479152483174869 0.025388712964699016 -0.001307777789398455 0.037127326013391825 -0.017640429614244956 -0.0087788702094143585 0.28887568944196651 -0.013566463606402497 -0.016169101493794167 -0.0010415215359304191 0.08962302999400977 -0.0093924439349024839 0.016397615292132045
leaf_weight=282.89629229262937 159.77762007527053 295.19343748257961 103.13774048397318 291.60601999727078 528.23409701336641 115.12263494019862 0.53000861173495184 0.89551420439965912 0.30859325197525311 0.39275113353505731 38.663071254966781 4.3514653376769301 127.6863406766206 64.375324913533404 168.62219063355587 263.76082603586838 4.2329357287380835 0.27928444452118206 0.40871833753772113 2.8966776875313358 0.4695455329492696 91.205843098345213 93.614592899335548 222.0605710062664 281.91372598067392 14.350462923292072 1.1101140663959088 1.3818042005877935 1.1621772783109916 2.6276491803582758 99.471477983286604 901.81889638805296 589.4654085082002 632.57751577103045 97.855349316960201 43.699270118610002 4.5270694140344832 4.296854255022482 8.2664006369886884 4.4080160327721396 10.094517760793677 3.7152819066541261 44.484096579253674 1.402581080328672 265.2270485511981 0.41180842590983957 216.0786069938913 1.2356840737629671 2.5291519740130757 2.6107372591504818 1.5305500953691078 11.853333100094458 51.05181098729372 18.745994039811194 8.4925337643362599 9.6473573809489608 0.4701231608632952 74.122140414081514 30.199802572606131 803.65313376008999 2.9815574799431488 23.839555264334194 71.253509435104206
leaf_count=3866 72126 51719 10595 34512 306024 9599 144 365 127 186 6490 198 2692 8841 1918 39831 517 95 37 1011 138 3736 1682 66721 12528 1017 104 100 197 478 3464 37045 53427 11576 2989 3232 178 109 177 222 417 254 1849 245 4802 203 53919 146 358 215 140 4783 274 1328 826 4681 125 23846 18760 34886 366 2843 5574
internal_value=-0.000234673 0.00169805 -0.0132812 0.00275003 -0.0171837 0.00365868 -0.00471823 0.038831 0.231539 0.107951 0.0040148 0.00324393 0.00255249 0.00185143 0.00274816 -0.00543635 0.00280598 0.0106683 -0.00802455 0.0633851 0.0215163 0.0112792 0.00625351 -0.0100132 0.0117602 0.0143407 0.042642 0.095997 0.191253 0.0311642 0.0025237 0.00109815 0.000393543 0.00599721 0.00381131 0.0135382 0.020296 0.0648211 0.0102606 0.0460549 0.045335 0.0284661 0.012017 -0.00969701 0.00943289 -0.0210602 -0.00605444 -0.00165858 0.064239 0.0268835 0.0848465 -0.00258473 0.0137881 -0.00243668 0.0200516 0.00328991 0.119706 -0.0102762 -0.00445538 0.00206783 0.00468279 0.0123548 0.0193386
internal_weight=7205.29 6275.61 929.671 5758.36 748.178 5219.67 177.479 12.5236 1.59686 1.28827 5104.55 4543.75 4202.54 3890.04 3463.83 426.211 181.493 10.9268 164.955 3.77494 3.36622 312.507 221.301 517.254 341.209 302.546 20.6322 6.28174 2.54398 3.73776 3445.66 2443.03 2294.94 1002.63 782.956 150.379 106.679 8.82392 560.798 12.6744 18.1613 13.8098 148.097 161.18 548.123 570.699 538.688 322.609 3.76484 48.6254 4.14129 42.4649 219.674 318.845 27.2385 10.6475 1.00013 78.3551 42.0531 1705.47 162.45 98.0746 74.2351
internal_count=910853 466845 444008 348405 409050 257316 79280 5723 678 551 247717 238650 217736 209626 152171 57455 34958 5045 73557 1186 1149 8110 4374 118440 20914 14424 1896 879 297 582 151302 131026 125358 20276 18084 6508 3276 287 9067 399 869 671 5668 72371 8668 329770 91089 37170 504 2204 355 23746 2192 36666 2154 4950 269 24363 23543 71931 17624 8783 5940
is_linear=0
shrinkage=0.03


Tree=78
num_leaves=64
num_cat=0
split_feature=33 265 183 10 23 226 247 221 194 115 26 120 221 160 59 216 98 130 122 115 160 178 176 104 204 173 215 184 87 254 90 133 209 77 111 147 60 209 100 266 148 221 262 111 79 2 17 224 209 45 111 178 146 148 192 192 177 170 5 140 136 68 183
split_gain=216.834 53.1923 37.0121 28.1265 26.2357 26.0764 23.544 23.0779 21.7029 21.1162 19.5248 17.0755 17.3943 21.3003 41.2336 19.6131 17.8807 17.0312 16.9065 19.1975 15.6933 15.6648 15.278 15.0854 15.0751 18.2499 16.6659 19.899 34.4751 16.9882 17.2468 14.9399 14.7599 15.9869 15.532 25.015 18.6322 14.7742 19.9031 14.8746 14.3773 14.3493 39.9433 14.3268 16.2088 16.6106 15.0798 17.3917 14.1925 15.8779 49.0663 16.3176 47.7926 14.8811 27.2184 14.0613 13.8396 13.809 13.7861 21.5193 21.6745 22.2289 20.8411
threshold=72.500000000000014 -3.4999999999999996 -62.875508536701993 7.5000000000000009 1.0000000180025095e-35 -22.499999999999996 3548.6060540075696 1.0000000180025095e-35 924.61622525926362 1405.3682761816924 1.5000000000000002 7730.4857828896083 2.5000000000000004 inf 16878.96168612775 1.5000000000000002 8.0000000000000018 482522.71880852157 -11531.444497900753 3655.8852486566084 10.500000000000002 -70.278061851391953 -16.499160093410975 4711.5000000000009 -33644.432996867174 -1531.6464008826254 276.13482433479766 3144.9040332168447 99.500000000000014 4879.1616756518906 -698.49999999999989 2224.7547846135103 -27724.145989640103 1.0000000180025095e-35 59.500000000000007 5.5000000000000009 5077.2320486948602 137658.17987204014 -1384.4999999999998 2276.6648865915845 971.50000000000011 15.500000000000002 -7954.6813984073115 30.500000000000004 6316.3881785843751 1.0000000180025095e-35 29725.425462874558 -1.4999999999999998 87120.090293897403 107779.77295612058 55.500000000000007 74.147489549505863 102058.17027569101 1299.5000000000002 -11.499999999999998 1.0000000180025095e-35 -106.42786497252614 -719.31105992549999 804.62690407359912 11.500000000000002 6.5000000000000009 -1.0000000180025095e-35 36.885377759928012
decision_type=2 10 10 2 2 8 10 10 10 8 2 8 10 8 8 10 10 8 8 8 8 10 10 10 10 10 10 8 10 10 10 10 10 10 8 8 10 8 10 10 10 10 10 10 8 8 10 8 10 10 8 8 8 8 10 8 10 8 10 10 8 10 10
left_child=2 5 10 7 9 20 41 8 32 -3 18 24 16 -14 15 -15 -13 -8 19 22 -2 43 57 -12 56 -26 58 29 -29 30 -28 -20 34 -34 -4 36 -36 39 -39 -35 -38 48 -43 44 45 -22 -46 -48 -6 50 51 52 -50 54 -51 -5 -7 -1 59 -27 61 -61 -63
right_child=1 4 3 55 6 11 17 -9 -10 -11 23 12 13 14 -16 -17 -18 -19 31 -21 21 -23 -24 -25 25 26 27 28 -30 -31 -32 -33 33 37 35 -37 40 38 -40 -41 -42 42 -44 -45 46 -47 47 -49 49 53 -52 -53 -54 -55 -56 -57 -58 -59 -60 60 -62 62 -64
leaf_value=0.0051892546200339746 0.028321138913635514 -0.0025958021271155012 0.010733223619411402 -0.0033182800258109223 -0.023366266613851928 0.08522205510270188 0.00072018020772374527 0.012247193522081666 -0.009707401299785548 -0.01440648199117062 0.016017616431594425 -0.011606849695123773 -0.0025282943931301694 -0.0048232942730380866 0.24597868952129087 0.14521334378183284 0.059880604405172962 0.084406449810305373 0.0027959751612390096 0.033085327167217703 0.09489845328301616 -0.01595379552546965 0.0009032210801777059 0.061352382445190763 -0.010981800210247018 -0.0040257749072099697 -0.019899585841325371 0.26697513859461353 0.0035145477194186135 0.11357961996160103 0.088776684408836889 0.0099069458092732512 0.0019246688971185455 -0.012720554533072631 0.021182635726749673 -0.0109769912833537 0.23159274716636899 -0.0063149569487713775 0.1831931727562611 0.058787849683312056 0.093265625647227152 0.39145910934844153 -0.0046934662121748891 0.0035670240762725597 0.038797095220834833 -0.011411259874535618 0.23821494103805463 0.069097092961288048 -0.030062730052705728 0.22484624628112615 0.39313134218057477 -0.030107704273024338 0.40456285398455455 -0.021710619975459349 0.010718519000100233 -0.014587105479922634 -0.0090211387223496468 0.021108795301800275 -0.0039697236065052632 0.0074558939929025977 0.010221917288410038 0.1927487507520888 0.029620486342928729
leaf_weight=90.122493892908096 30.147043802193366 219.55907110625412 46.443323244806379 404.63922518480103 373.89210926170927 3.6944847590057179 21.369827486574653 168.41229809680954 165.88160075235646 359.02468177047558 56.861193467746489 339.11545469670091 11.746450247592295 3.346749553224071 0.97623057803139079 1.0240854051662607 3.1784848743118337 2.4384098044829434 2156.8574367699912 31.172124869888648 1.6483619657810731 26.715586018864997 140.14911179605406 7.4743144983658558 64.650305756484158 10.098815548582936 5.3369317359756669 0.90563263068906852 0.88270100858062506 1.6566448874073101 1.7436534294392902 303.30016403074842 1625.4447585851885 111.38811148982495 1.6033512206049625 2.875962866935879 1.1379950005793946 1.2432707039406525 0.83293735631741483 2.6810412656050167 1.66664643806871 0.28446562017779786 1.1762225392740209 48.746103523415513 4.177615413442255 6.696556434733794 0.89082267135381699 1.4190893056802454 0.66940824897028761 0.58790571126155544 0.35444112017285068 1.9860638433601712 0.34509021183475863 21.533498521195725 5.8558542134705958 132.22183143522125 2.2603919220855451 107.57494495343417 45.456149618374184 1.5350865363143382 4.3205531806452209 2.4066612569149561 0.99681121809408058
leaf_count=829 2113 48420 5537 44980 237518 221 6011 7691 26577 108540 1511 120735 4218 477 140 186 194 175 81898 363 138 4838 1876 191 12331 1785 464 83 177 196 157 21270 69331 32077 117 322 108 286 147 393 214 109 551 7606 219 926 164 183 375 244 194 1052 168 14027 2786 26715 161 1593 7367 230 879 280 189
internal_value=-0.000231334 -0.00983578 0.00259275 4.29802e-05 -0.0140972 -0.00296414 -0.0197052 0.00158998 0.000674826 -0.0099246 0.00494244 -0.0059539 -0.00946814 0.0200662 0.0697019 0.0303302 -0.010943 0.00929122 0.00457083 0.0105587 0.0095799 0.00332265 0.00848028 0.0212845 0.00269988 0.000711294 0.0107453 0.0457589 0.136934 0.0270972 0.00686286 0.00367265 0.00163411 0.00115634 0.0171211 0.0578513 0.102758 -0.00959633 0.0697123 -0.0110398 0.149392 -0.0214027 0.0724563 0.0114226 0.0372395 0.00958797 0.0728076 0.134318 -0.021741 -0.00234642 0.0593241 0.0198931 0.117779 -0.00974188 0.0302548 -0.00609364 0.0494486 0.0138517 0.00505928 0.0262611 0.0592948 0.102227 0.144972
internal_weight=7194.83 1634.85 5559.98 2666.47 1009.08 625.773 430.493 2129.61 1961.2 578.584 2893.51 505.332 359.387 17.0935 5.34707 4.37083 342.294 23.8082 2829.18 369.019 120.441 90.2941 337.847 64.3355 145.945 139.99 75.3396 10.5256 1.78833 8.73723 7.08059 2460.16 1795.32 1741.59 53.7273 7.28396 4.40799 116.145 2.07621 114.069 2.80464 406.685 1.46069 63.5785 14.8324 8.34492 6.48753 2.30991 405.224 31.3323 3.355 3.00056 1.0145 27.9773 6.44376 536.861 5.95488 197.697 64.8141 19.3579 9.25911 4.93856 3.40347
internal_count=910853 586827 324026 214495 420170 166657 263210 142800 135109 156960 109531 150470 125950 5021 803 663 120929 6186 107829 4661 16187 14074 4298 1702 24520 24138 11807 1077 260 817 621 103168 108532 102234 6298 761 439 32903 433 32470 322 257024 660 9236 1630 1064 566 347 256364 18846 1789 1595 543 17057 3030 71695 382 2422 10730 3363 1578 699 469
is_linear=0
shrinkage=0.03


Tree=79
num_leaves=64
num_cat=0
split_feature=33 12 265 29 56 10 13 8 22 204 32 220 221 181 213 210 56 154 62 119 22 12 50 143 24 154 255 155 244 203 244 105 41 102 39 265 133 96 151 140 271 6 29 115 217 217 54 62 102 117 221 47 107 22 8 77 210 157 56 242 264 8 218
split_gain=205.873 51.8914 39.0509 36.154 29.5704 26.5344 26.3281 24.9078 29.7971 25.4875 25.2764 24.5947 24.3755 22.7869 21.8247 20.3368 19.9499 19.6371 28.6658 17.2055 17.6578 17.0345 19.3662 16.9663 16.6973 18.6609 16.5193 16.7457 20.3123 17.1739 16.7275 25.5984 29.9342 20.151 16.469 16.908 18.0107 19.3458 16.6807 16.4291 16.4049 16.3184 16.1918 15.6425 15.6333 15.5888 15.5103 21.8627 20.8907 15.2734 15.4114 14.5378 14.4506 21.973 21.6833 20.8579 19.5196 31.5456 18.8996 30.4889 37.3009 47.2169 18.42
threshold=72.500000000000014 20334.99599055044 -3.4999999999999996 21605.10443393431 1.0000000180025095e-35 7.5000000000000009 1.0000000180025095e-35 -665.79861025929893 9923.1190859676972 -3438.9902841816979 56.500000000000007 1.0000000180025095e-35 1.5000000000000002 -1.0000000180025095e-35 1.0000000180025095e-35 -5828.1414021843193 1.0000000180025095e-35 -2159.4999999999995 1.0000000180025095e-35 -3572.5844636120951 35474.031780573212 1.0000000180025095e-35 6821.5000000000009 164711.4457382705 16554.288479542385 -1947.4999999999998 53089.093200046489 3679.6200274257253 -4.4999999999999991 -1.4999999999999998 -1.0000000180025095e-35 29246.966999858367 12117.508031857695 161919.85864801682 5.5000000000000009 -3.4999999999999996 7902.5809257361971 3.5000000000000004 571.5524631225436 7.5000000000000009 -862.486279461869 25467.389181806535 10520.939677752902 3655.8852486566084 -5.4999999999999991 5.5000000000000009 6.5000000000000009 -1100.2308795716565 332005.02050249878 229.87283923138503 1.0000000180025095e-35 7639.6472564333808 18044.906890000148 14593.376961572727 -1499.9196454670148 5.5000000000000009 -3342.6976940793306 1.5000000000000002 1.0000000180025095e-35 -238.93465396107101 -4.4999999999999991 -550.26722547976794 -29162.955516118811
decision_type=2 2 10 2 8 2 2 8 2 8 10 10 10 8 10 10 8 8 8 10 2 2 10 10 2 10 10 10 8 10 10 10 10 10 10 8 8 8 10 10 8 8 2 10 8 10 2 10 10 8 8 10 10 2 8 10 8 8 10 8 8 8 10
left_child=3 2 52 6 11 12 15 21 9 13 34 14 -3 -9 -5 -1 -14 18 -18 46 39 22 -8 -24 25 -16 27 28 -4 -30 31 32 33 -28 35 36 -11 -38 44 -21 -33 -13 -41 -31 -37 -12 48 -48 -17 -49 -51 -39 53 54 -2 -55 57 -56 59 60 61 -58 -62
right_child=1 5 26 4 -6 -7 7 8 -10 10 45 41 16 -15 24 19 17 -19 -20 20 -22 -23 23 -25 -26 -27 30 -29 29 43 -32 40 -34 -35 -36 38 37 51 -40 42 -42 -43 -44 -45 -46 -47 47 49 -50 50 -52 -53 -54 55 56 -57 58 -59 -60 -61 62 -63 -64
leaf_value=0.017906770307286209 -0.015721117574554837 -0.012114196675815272 0.15179779707224464 -0.0034013337442463233 -0.010614067367785024 -0.02115814363733599 0.001305247422580761 0.0068897576932702284 -0.0047068747109382239 0.011322217543482681 0.016237455688653254 0.044590312978156792 0.049586228170413568 0.041726188621572513 -0.02795907733317456 0.019191117832259713 -0.030222242327049727 -0.0091786257399627241 0.25857232763664229 0.0026862614887579535 -0.0072248180592840872 -0.010455924996875145 0.0087755234356104751 0.12988277850217114 0.090795257163647947 0.02760718306091595 0.13030430418444128 -0.013775796207447288 0.13058528218762244 -0.0036529266842729286 -0.014899012797355867 0.13767374613019778 0.20300552535076008 0.012573046708478542 -0.0015456217114605745 0.024780342295276325 0.11429386514341748 0.069625004755552014 -0.0095370148824663794 0.014121149958583873 -0.01153960425519129 -0.026428530633024454 0.063895468803679842 0.086392825353357364 0.0038793807995413545 0.099482935127666677 0.021324686202521429 -0.0071931279082015492 -0.0085883220642303682 0.023350100415195814 -0.011298877718137087 -0.0048840981700619653 0.013940004000154674 -0.012630639547334571 0.19360473737986431 0.16073633728418718 0.39000500185685555 0.027067435607878214 -0.0022466920454505472 0.013008577061720561 0.14058071631334512 0.04894349861906 0.0043261721770771182
leaf_weight=144.20402456400916 36.247492246795446 331.12371470860671 0.82351411576382816 218.93994259694591 322.96895008673891 372.5987639343366 114.37366388854571 39.016981229069643 407.14119517907966 48.410157222533599 104.80869062955026 18.356281110434793 10.423734296346085 29.81046036852058 6.9050234535243353 196.87590548908338 0.61856958852149546 18.831679874798287 0.61876942403614521 338.58588844619226 133.45380996295717 222.77560097258538 2.1608332805335513 2.0090603190474212 2.9120977849233887 25.627014219062403 1.791811439441523 412.90521400654688 0.91406730364542355 50.817282075062394 13.406107471440917 0.71107815066352487 1.275546009535901 4.8503058884525672 577.64925047755241 32.693913303432055 3.2720418025273803 4.3967508825007826 82.665296012186445 59.669608413008973 9.835237279767167 3.4608904315391582 6.5252722143195561 1.7977109351195384 2165.9491171239642 2.0644553663441902 52.727830421179533 111.34485486708581 27.80491206003353 36.348498429870233 16.936401795828715 5.0796767970314249 78.155973997316323 104.91708714643028 1.3005865631857885 0.62830925092566658 0.71258060971740633 4.8077739356085658 81.285381028661504 72.118878321605735 1.2211652309633789 0.74964088713750221 3.3223947832593694
leaf_count=2209 9912 147201 164 30805 58306 204359 5678 590 33103 2599 7943 1329 2570 654 232 1658 218 6534 95 5381 6872 34628 129 144 212 1186 180 139182 140 11172 2599 124 172 851 30605 965 250 122 4463 1308 2165 401 174 254 89714 179 389 660 195 268 161 514 7240 23174 174 171 137 721 15091 11408 140 127 552
internal_value=-0.000227214 -0.00964403 -0.00475064 0.00251062 -0.00445086 -0.0155397 0.00335009 0.00216902 0.0029228 0.0039262 0.00351574 0.00275594 -0.00975058 0.0219781 0.00013424 0.00738784 0.0159161 -0.00157192 0.114198 0.00584044 0.0022386 -0.00556703 0.00362053 0.0671252 0.0219736 0.0158131 -0.0102899 -0.0117153 0.00393816 0.00166342 0.0106078 0.0291275 0.0698952 0.0443328 0.00299128 0.00411008 0.0196767 0.0514013 0.00369276 0.00535863 -0.001479 0.0333245 0.0190277 -0.000576309 0.00419018 0.0178455 0.0102261 0.00451268 0.0157533 -0.00087189 0.0123371 0.0296857 0.00242196 -0.000507331 0.0052946 -0.0115986 0.00989691 0.0625264 0.00788022 0.0184168 0.0833606 0.215152 0.0409471
internal_weight=7186.73 1618.81 884.595 5567.92 599.17 734.215 4968.75 3844.28 3502.96 3095.82 3026.99 276.201 361.616 68.8274 254.384 1124.48 30.4928 20.069 1.23734 980.273 538.235 341.319 118.544 4.16989 35.4441 32.532 499.128 467.258 54.3526 53.5291 31.8701 18.464 7.91766 6.64212 2920.12 2342.47 61.1586 12.7485 2281.31 404.781 10.5463 21.8172 66.1949 52.615 2198.64 106.873 442.038 217.358 224.681 164.63 53.2849 9.47643 385.467 307.311 201.766 105.545 165.518 6.10836 159.41 78.1247 6.00578 1.46222 4.54356
internal_count=910853 586827 225850 324026 92471 360977 231555 212280 171701 138598 137354 34165 156618 1244 32435 19275 9417 6847 313 17066 13735 40579 5951 273 1630 1418 157003 150912 11730 11566 6091 3492 1203 1031 129232 98627 3485 886 95142 6863 2289 1730 1482 11426 90679 8122 3331 1478 1853 1089 429 636 68847 61607 38262 23345 28350 895 27455 12364 956 264 692
is_linear=0
shrinkage=0.03


Tree=80
num_leaves=64
num_cat=0
split_feature=55 14 50 22 66 189 1 1 1 117 227 31 135 173 31 1 226 1 129 1 189 226 119 5 188 133 185 227 206 17 9 10 27 227 155 155 13 46 17 27 65 254 35 99 31 11 211 146 111 173 177 124 162 62 62 255 255 246 104 255 182 186 83
split_gain=179.629 76.5368 56.73 49.7466 41.0123 38.6782 39.9723 53.6148 38.2767 34.6396 33.6982 27.807 26.4911 27.9466 26.3276 24.4688 26.3538 24.7935 24.3921 23.7316 22.8722 22.7115 23.4539 34.2262 22.9082 28.354 43.151 23.2773 21.9162 20.717 20.4918 20.4689 21.491 25.3649 47.1086 20.2565 20.2066 23.2727 20.183 20.8054 20.1219 26.3532 32.0214 25.0246 19.8266 19.7704 18.9537 32.2779 24.3937 18.6966 25.2885 18.6408 19.1096 23.9674 20.0735 29.7577 21.0585 17.4328 16.6738 16.5962 16.5526 16.0152 15.9514
threshold=375.27837239478271 91955.667768905914 1165.5000000000002 14593.376961572727 237.30412444720503 -78179.242461200556 202011.50000000003 201956.50000000003 202001.50000000003 229.87283923138503 -4.4999999999999991 1.0000000180025095e-35 490.61481966918251 1285.2313717166483 1.0000000180025095e-35 202002.50000000003 -4.4999999999999991 202105.50000000003 16.500000000000004 202003.50000000003 -1.0000000180025095e-35 -5.4999999999999991 -220.34107697024396 136.84875639488052 -91510.504746365114 8826.545389108167 -27872.978794905543 -8.4999999999999982 -1.0000000180025095e-35 1036.6371997697422 63.890643511900002 5.5000000000000009 492.34980799757005 16.500000000000004 2311.8052433477183 34664.994615720316 1.0000000180025095e-35 -272.49999999999994 2449.0818015946602 1634.8394517613297 -302.33862972053845 -1255.4490538193033 146978.02051678946 495983.3877848456 1.0000000180025095e-35 -6903.7976614734098 -693.59005087621324 225814.68382713123 38.500000000000007 12803.121746833656 -3397.3189106996838 28.500000000000004 3.5000000000000004 -2479.7165175876507 -1505.6019605772583 2430.8677352536338 -9459.4469801539726 1527.6998684354628 5184.5000000000009 53089.093200046489 -3256.3431138011015 -1.0000000180025095e-35 1.0000000180025095e-35
decision_type=8 10 10 2 10 8 2 2 2 10 10 8 8 10 10 2 8 2 10 2 8 10 10 8 8 10 10 8 10 10 10 2 2 10 10 10 2 10 8 2 8 8 8 8 10 2 10 10 10 10 10 10 10 10 10 10 8 10 10 8 10 10 10
left_child=1 3 8 5 14 21 7 10 18 11 45 -9 51 -14 15 16 61 -17 35 -13 -16 22 -1 -24 25 27 -27 -25 -23 -3 -21 32 33 -4 -35 -2 -12 -38 39 -6 -37 42 -42 -44 58 -7 47 48 -26 -10 -51 60 -53 59 55 -55 -56 -33 -15 -54 -8 -5 -59
right_child=2 29 31 4 38 6 12 9 49 -11 36 19 13 44 20 17 -18 -19 -20 30 -22 28 23 24 46 26 -28 -29 -30 -31 -32 57 -34 34 -36 40 37 -39 -40 -41 41 -43 43 -45 -46 -47 -48 -49 -50 50 -52 52 53 54 56 -57 -58 62 -60 -61 -62 -63 -64
leaf_value=0.0090477287525596826 -5.9560764638945726e-05 -0.0016608602089151308 -0.0043089653803438273 0.01338543863319447 -0.0094112633407593595 0.020039599543319981 -0.0093680836098003692 -0.0048574864409063117 -0.013290675811076624 -0.011116589589308085 0.012973300366651973 -0.0094320632997551904 -0.0011126635144842426 0.0018193589613902238 0.0056303427550305138 -0.010102004060836802 0.0048575057668094812 0.01649787503509231 0.16431813743581566 0.010679237470552759 -0.014034395686881392 0.061196060099684466 0.0004072754700316505 0.050144066959017276 0.059243474028409002 0.35726641296398753 0.047505151886093978 0.16604360722928194 0.0052163354459978115 -0.014234041762669796 -0.0031863912456669093 -0.020772319761159952 0.16008346010714597 0.46590252847500674 0.014729651112990802 0.016615752880033377 -0.0028764413794328701 0.01842133733956848 -0.017633877112437191 0.0099952285761103835 0.32315159430755297 0.016787071436193596 -0.0052295009530253607 0.20563132286540348 0.01808761524124641 0.0075739019575890151 0.023579073744130468 0.0088870485986388813 0.20892219152033875 0.17973964778920304 0.013496637124381133 0.0068204786831707678 -0.016129803913204024 0.30860317718852653 0.13985929948295892 0.06561726737546493 0.020022747710572025 0.026094298393599745 0.040798994997828693 0.14582528802871647 0.01086517553213295 0.040902080520821886 -0.017793722531153643
leaf_weight=29.921589996432886 94.337166196084581 186.73284917837009 11.974987124325702 34.985913675278425 214.15588763949927 153.58473868097644 38.140646875370294 596.14090224355459 189.44191595551092 343.6941920670215 108.93267886445392 94.384861564845778 532.54217154858634 198.28935757721774 91.04900966223795 97.537573142675683 97.528463315567933 46.606279637198895 0.90294025873299588 360.74290750198998 128.16281450539827 6.6937593112234017 12.3939425596036 7.5239856897387654 1.8297871570102864 0.85056874644942582 0.77218925929628202 1.9674072489142398 105.47246480430476 320.17682428937405 130.67705220624339 519.42522434249986 0.88966680003795851 0.30229181447066444 0.66976085270289332 39.974773303838447 546.52640685043298 50.437943137716502 187.50290063035209 64.752526503289118 0.67633731069508973 3.1496632997877887 1.1792529505910354 0.88797256920952339 149.01187527913135 450.01286006753799 16.028339813696224 3.0069709008093923 2.1098976396024227 0.97559476608876128 5.2833686784142619 9.4779338032240066 3.7093688517343253 0.88423851807601728 2.2264292716281489 0.93141286703757942 3.2407533171353844 14.026427641627381 10.394198019988833 0.6727339815115555 792.59957276808564 41.757037223083898 15.904772589798084
leaf_count=1077 31905 14724 2990 171 12425 3058 1495 15526 72966 51934 1528 4533 29148 3243 4698 4257 3686 660 58 10975 9568 414 865 496 92 186 207 203 9975 103716 14313 317987 65 95 429 3553 37667 2550 46080 3561 239 1182 525 204 7477 31511 1534 337 201 81 1086 1057 736 134 154 134 397 3442 426 95 28697 924 7201
internal_value=-0.000223109 0.0015741 -0.0127572 0.00255601 -0.00351295 0.00383458 0.00328603 0.00108841 -0.00301752 -0.00273369 0.0055414 -0.000296054 0.00686243 0.00324359 0.00213443 0.00764277 0.0152061 -0.00150142 0.00889263 0.00434586 -0.0058667 0.0171499 0.0297646 0.0431003 0.0586223 0.0939812 0.209867 0.0741681 0.00855705 -0.0096024 0.00699213 -0.0185818 0.0174554 0.00765457 0.155037 0.00789167 0.00109124 -0.00107698 -0.0100226 -0.00490577 0.0242451 0.0759959 0.143969 0.0853453 0.00972923 0.0107458 0.0415175 0.0829076 0.139404 -0.0116052 0.0394092 0.0106442 0.0384615 0.0641702 0.0975268 0.183954 0.0688244 -0.0194895 0.00376087 0.0087333 0.00993623 0.0283577 0.00277318
internal_weight=7176.78 6276.77 900.002 5769.86 1004.04 4765.83 4577.26 2835.13 336.809 1525.64 1309.49 1181.95 1742.12 890.238 537.627 318.415 174.271 144.144 141.108 585.805 219.212 188.571 76.4047 46.4831 34.0891 11.1142 1.62276 9.49139 112.166 506.91 491.42 563.193 13.8367 12.947 0.972053 140.205 705.897 596.964 466.411 278.908 45.868 5.89323 2.74356 2.06723 357.695 603.598 22.975 6.94666 3.93968 195.701 6.25896 851.883 21.1429 11.6649 7.28283 1.81565 5.46718 549.356 208.684 4.3821 830.74 76.743 29.9312
internal_count=910853 466845 444008 348405 86030 262375 246788 173595 111799 97281 76314 45347 73193 40294 23964 9698 4781 4917 37666 29821 14266 15587 5198 4121 3256 1092 393 699 10389 118440 25288 332209 3579 3514 524 37608 41745 40217 62066 15986 5703 2150 968 729 11146 34569 2164 630 293 74133 1167 32899 2707 1650 819 268 551 328630 3669 831 30192 1095 10643
is_linear=0
shrinkage=0.03


Tree=81
num_leaves=64
num_cat=0
split_feature=33 14 227 13 68 55 22 266 24 25 227 225 134 227 116 65 30 32 16 0 209 59 147 9 45 102 140 61 214 267 24 204 265 154 116 265 189 45 65 63 189 59 225 22 265 54 63 256 22 110 144 245 128 109 71 117 109 218 40 44 133 61 59
split_gain=188.309 49.6128 39.6278 31.3304 30.2496 29.5554 28.6018 26.0093 24.9893 23.2476 23.0842 21.439 21.3353 20.9348 32.3936 20.8701 18.8312 34.0247 18.472 18.364 33.6589 34.8299 18.2896 19.822 17.9907 17.9679 22.3186 18.484 17.6558 20.7032 20.226 38.2706 18.8617 18.6114 17.6542 17.4992 29.8102 56.256 17.3264 19.4509 17.207 39.9085 31.4458 17.1937 17.1425 16.7929 20.8257 18.2334 17.853 16.297 25.5715 24.6073 50.8252 19.299 18.3477 17.6922 15.7707 18.227 16.0888 16.5945 15.0672 18.8008 20.3519
threshold=72.500000000000014 77169.95431701302 -47.499999999999993 1.0000000180025095e-35 193196.93649968677 1.0000000180025095e-35 29965.744327349475 7594.7273437414669 52798.941961070253 2180.9154933122195 -32.499999999999993 37.500000000000007 1.0000000180025095e-35 -18.499999999999996 -251.04789828752996 -3605.7317148459315 2.5000000000000004 160.50000000000003 1.0000000180025095e-35 57769440.500000007 87120.090293897403 2427.8957682682926 5.5000000000000009 467.04152503879556 49583.105921212024 682717.14635446959 3.5000000000000004 5071.5993234286698 -1.0000000180025095e-35 3089.0125534416197 251414.6599051576 -33644.432996867174 -6.4999999999999991 -911.49999999999989 -1.0000000180025095e-35 -4.4999999999999991 32949.945677494543 100079.18829778377 -4363.231182952798 1155.7513250783538 -78179.242461200556 2427.8957682682926 -2.4999999999999996 29965.744327349475 -7.4999999999999991 6.5000000000000009 225.20874504960003 -4843.7227518520367 76724.26168428325 1.0000000180025095e-35 -715.49999999999989 -1.0000000180025095e-35 4860.5069842937273 2538.3518603971875 3860.5063581120326 120.07071979882501 1254.612018203007 1.0000000180025095e-35 105.50000000000001 8.0000000000000018 4052.7700438946226 757.83138427123765 3033.1368463378108
decision_type=2 8 8 2 10 8 2 8 2 8 8 10 8 8 8 10 8 8 8 2 10 8 10 10 8 8 10 10 8 10 2 10 8 10 10 10 8 8 8 8 8 10 10 2 10 2 8 8 2 8 8 8 10 10 8 8 10 8 8 10 10 8 8
left_child=3 2 60 9 7 6 11 8 12 15 -8 13 49 24 -15 45 -6 -18 38 -20 35 -22 56 -24 -5 26 27 -9 29 -7 32 -32 33 -30 40 36 37 -21 39 -3 41 -26 -43 -17 -39 47 -47 -1 -49 50 -4 52 -52 -51 -55 -54 58 -58 -16 -60 -2 -62 -63
right_child=1 18 4 5 16 28 10 25 -10 -11 -12 -13 -14 14 22 43 17 -19 19 20 21 -23 23 -25 34 -27 -28 -29 30 -31 31 -33 -34 -35 -36 -37 -38 44 -40 -41 -42 42 -44 -45 -46 46 -48 48 -50 53 51 -53 55 54 -56 -57 57 -59 59 -61 61 62 -64
leaf_value=-0.0063472981840951492 0.0019628653157958897 0.0037770304761667556 -0.0035150844501010332 0.038505038521410379 0.017768523231338339 0.0096826867758263418 0.015690080761900052 0.024946825724011006 -0.019385534411777986 0.020545479951608082 -0.0090028439842019144 0.015703174901601752 -0.012863025445288077 -0.0054199361902980163 -0.0081996732261041191 0.0048362060191852402 0.048503721925401894 0.32580062561607098 -0.019936916388364631 0.49950820759068737 -0.030142498282321333 0.23690281200178467 -0.00021644235935042787 -0.018584276296977457 0.0090127034690070211 -0.0048991705172196504 -0.0057436998756948531 0.11591391717385682 0.024135157176553609 0.13428472617786116 0.31719193063726059 0.022889776456421426 -0.013243099358133829 0.20454401636014047 -0.00042785313230693468 -0.020485853911891009 -0.0075707763565190257 -0.030124888374561485 -0.0062753648474985213 0.12069079018010685 0.010614299623990839 0.052931530134339565 0.1918089315758004 -0.0065173176642837633 0.22685124622043532 -0.002088730334721932 0.01817935914846423 0.022425809422314733 0.0041422113071969448 -0.011090785275882515 0.23783434480773097 0.017394780024506222 0.18850073550416566 0.10838765527477488 0.008561164158298995 0.0049277086630150754 0.014954371337912662 0.089633357923865453 0.0039002610227737902 0.024451273909904089 0.060363829974786891 -0.017151754022927606 0.030481203024805181
leaf_weight=32.392577555030584 61.681521181715652 3.2297842632979155 68.327881620381959 17.899699785280973 19.060960395960141 21.876839675009254 38.206090632360429 33.310094871441834 217.97925898840185 99.92381316178944 314.98311675095465 109.0724222632125 281.08920409914572 517.92180169862695 97.769959334982559 420.31005809933413 1.8840471548028284 0.50498329498805095 456.89550659747329 0.33956321713049376 0.72303830028977134 1.1211868611862881 460.51495882729068 59.737110565649346 12.205308812670411 125.95300593052525 27.056206929846667 2.1394647822016841 2.6713926808442925 1.2697958333883423 0.43172601156402368 5.0408836513524866 232.71949946531095 0.6374449684517457 140.53965481417254 12.492445717565715 2.6622694234829396 0.70193796127568919 58.022058851085603 2.1222523881588131 170.06900931382552 4.2253546884749085 2.2480913179460904 168.04254188749474 0.35018600162584346 157.97109781648032 64.156638128915802 181.7420944890473 65.347740331781097 118.03973353048787 1.4511744723422451 36.438672898570076 0.54836576711386464 2.2976677229162279 5.9430853105150172 3.4155435714637861 11.426931481808422 3.9610746153630307 2124.2737638778053 35.960873289033771 10.290924510685725 12.18894708401058 23.907009732211005
leaf_count=183 5235 252 14413 415 6665 2947 1476 3289 133233 2586 29776 7242 73667 50941 5905 7576 545 136 247177 102 297 243 15422 7377 378 23932 5619 127 624 132 132 1868 85194 166 4176 6139 1172 273 11996 106 10051 189 178 9584 158 924 467 1067 825 36918 241 7381 103 240 1755 889 441 205 75382 197 1046 1731 1747
internal_value=-0.00021974 -0.00931919 -0.00553248 0.00237872 -0.00749962 0.00120735 0.00183145 -0.00831723 -0.010865 0.00669615 -0.0063317 0.00259665 -0.00727636 0.00220592 0.00147115 0.0054265 0.0277199 0.107118 -0.0167252 -0.0187538 0.0106387 0.132206 0.00274871 -0.0023255 0.00921441 0.00162639 0.0147758 0.0304369 -0.00851095 0.0165182 -0.0109099 0.0461068 -0.0122319 0.0588908 0.0076222 -0.0029109 0.0512471 0.163764 -0.00151125 0.050137 0.0136162 0.0409482 0.101161 0.00159347 0.0554063 0.00992237 0.00376525 0.0148159 0.0175904 -0.000635337 0.00779623 0.0262624 0.0859335 -0.00799201 0.0363946 0.0303231 0.00390991 0.0341777 0.00370364 0.00424237 0.0116771 0.0245943 0.0143964
internal_weight=7167.72 1592.17 1053.51 5575.55 945.439 4385.66 4121.02 923.989 735.531 1189.89 353.189 3767.83 517.551 3658.75 3311.57 1089.96 21.45 2.38903 538.66 475.286 18.3906 1.84423 2793.64 520.252 347.187 188.459 62.5058 35.4496 264.648 23.1466 241.501 5.47261 236.028 3.30884 329.287 16.5464 4.05396 1.39169 63.3741 5.35204 188.748 18.6788 6.47345 588.353 1.05212 501.61 222.128 279.482 247.09 236.462 110.182 41.8538 5.41508 126.28 8.24075 3.96391 2273.39 15.388 2258 2160.23 108.068 46.3869 36.096
internal_count=910853 586827 318912 324026 309153 300814 209751 301807 268840 23212 31252 178499 135607 171257 155870 20626 7346 681 267915 255561 8384 540 104929 22799 15387 32967 9035 3416 91063 3079 87984 2000 85984 790 14972 7844 1705 533 12354 358 10796 745 367 17160 431 3466 1391 2075 1892 61940 23027 8614 1233 38913 1995 992 82130 646 81484 75579 9759 4524 3478
is_linear=0
shrinkage=0.03


Tree=82
num_leaves=64
num_cat=0
split_feature=33 265 183 53 14 68 227 211 214 211 67 255 6 30 26 4 11 28 14 94 14 66 223 28 219 136 176 1 20 224 14 215 159 16 1 11 1 8 31 53 37 211 159 246 112 124 255 66 37 159 255 101 170 133 3 153 122 94 170 141 227 1 71
split_gain=178.75 48.3984 32.1633 29.6801 27.4393 23.727 23.2542 20.9443 20.3154 20.6394 19.2636 18.806 18.7826 18.6353 17.7913 18.5851 17.6041 27.107 33.924 53.2665 18.6085 28.6933 17.6001 17.3691 18.1193 24.1778 20.7002 17.2392 17.2208 16.9608 16.8466 16.6054 21.203 16.6028 16.5441 42.808 27.3921 17.806 17.5958 17.5117 16.7106 16.2454 16.0778 16.0163 22.8028 15.9155 28.8805 26.3127 20.333 18.9245 15.9135 16.0571 15.7533 15.6377 31.9139 15.5623 18.0405 29.8357 28.5771 18.154 15.3273 22.1519 15.2862
threshold=72.500000000000014 -3.4999999999999996 -62.875508536701993 754.57384174192657 53485.908893037551 193196.93649968677 -47.499999999999993 -349.46022391347395 1.0000000180025095e-35 -66.199022810450842 1.0000000180025095e-35 53089.093200046489 33924.726962024804 29.500000000000004 1.5000000000000002 194.50000000000003 -20.142182545590995 2.5000000000000004 14586.51605032824 459.50000000000006 296.84451875952806 68172.810559585385 1.0000000180025095e-35 22.500000000000004 5645.1739586844342 6.5000000000000009 -1.0000000180025095e-35 202011.50000000003 10499.027636349265 11.500000000000002 64534.740301042395 1146.9811513591142 2795.3427303073563 1.0000000180025095e-35 202001.50000000003 -4604.5044660697822 202004.50000000003 -172.31696330904498 1.0000000180025095e-35 5403.1847346886361 4352.6069208816798 -6800.0389220980487 841.39153293746415 2615.8619140599571 82.500000000000014 12.500000000000002 901.0191465477991 1.0000000180025095e-35 -1.0000000180025095e-35 12292.09296982585 326.60711496574919 38610.163654425378 1.0000000180025095e-35 14406.083885831284 51.500000000000007 74228.535156459067 65149.6138332958 3150.5000000000005 261.32861123363028 36.500000000000007 -24.499999999999996 201956.50000000003 24837.6329710666
decision_type=2 10 10 10 8 10 8 10 8 8 10 10 10 8 2 2 2 8 8 10 8 10 10 8 10 8 10 2 8 10 10 10 8 10 2 2 2 8 8 10 10 10 8 8 8 10 10 10 8 10 8 8 8 10 2 10 10 8 8 10 10 2 10
left_child=2 6 14 7 5 11 28 -4 -7 -10 41 13 22 -3 30 -16 17 18 43 -20 21 23 29 24 -18 26 -26 -12 33 42 34 -31 -33 -2 35 37 -36 -1 53 40 45 -5 -9 -8 -45 48 -47 -48 -40 -49 51 -50 -17 -38 -55 56 -14 -58 59 -59 61 -57 -35
right_child=1 4 3 10 -6 8 16 12 9 -11 27 -13 55 -15 15 52 20 -19 19 -21 -22 -23 -24 -25 25 -27 -28 -29 -30 31 -32 32 -34 62 36 -37 38 -39 39 -41 -42 -43 -44 44 -46 46 47 49 50 -51 -52 -53 -54 54 -56 60 57 58 -60 -61 -62 -63 -64
leaf_value=0.027875929752240909 0.0077519514053588662 -0.011497417409755118 0.0092566078551173693 0.086844984250199084 -0.019065990926044326 0.018591360482910116 -0.020316804192904655 0.0059902149413520872 0.2767017417511507 0.04281632852279664 -0.011922377200314225 0.0119789373331606 -0.0039554784735700618 0.14601981630145194 0.012980777661392185 0.097613508913326846 -0.015606073861114537 -0.0015708495332412283 0.2765094989412929 -0.030384306283261164 -0.012781851158318243 0.15529402038555273 0.011078232911441867 0.11765199024920199 0.21650560385645873 -0.030378400057556494 0.027664015925034181 -0.00092276434032667219 -0.017664316771983962 0.0082921352452764649 -0.0076769947033915684 0.00063440149038251382 0.086988954268069157 0.068034199225242037 -0.0068422843065475874 0.0017911263682764593 0.001033591700188137 0.011687165202400185 -0.016204732800641625 -0.007617601374147044 -0.0096618691968312319 0.010124365489425359 -0.002057795780127008 0.13056071723576759 0.0050991733747054657 0.013409194339401393 0.13621207031427501 -0.020393711567244854 0.014857579873882993 0.090757757781733506 0.0048201166907943941 0.066391736988724373 0.023534508384354089 -0.025479985664668355 0.079098884135463524 0.076505007293575109 -0.030341324666490307 0.13897826265859653 -0.011096258047537671 0.028520243982239887 -0.017815941341209875 -0.012242326512854933 0.018906155108486845
leaf_weight=71.85635778051801 43.209785603219643 494.35682366054971 276.67277481372003 2.7267312662443173 421.99283092434052 10.780536689562721 4.5438571355771264 282.05155418266077 0.58165957580786198 0.81588606000877806 319.70588539971504 33.391265014302917 75.675206243991852 0.67688948195427556 54.873559640836902 4.6695585960987938 13.592137123807342 263.5912784159882 1.2689016560325392 0.84994893590919662 238.14431987470016 1.2731009828858066 156.39113549829926 1.2152858534827817 1.0922769628232347 1.5412187224719671 1.0013650052715086 214.11762976564933 14.122932804631999 87.777972811716609 104.75710442708805 4.6206471971236152 5.7352937285322696 9.6640929335262644 230.31252047570888 538.10291191656142 851.04463254637085 410.31625874503516 25.800647356663831 57.961815587128513 37.517916509415954 27.901339616975747 1074.411440481781 2.1968517348868764 3.207255077897571 23.121273557306267 3.8373249045107496 2.8212329128291458 264.75216272671241 2.6959750992245972 204.16132145433221 5.5556884555844581 5.7834863022435457 4.3857041124720109 6.5462690984131768 3.9139480896992591 4.392173808650111 4.0482268512714654 2.977205335511826 2.0010526978876442 116.52746422693599 7.1654560189926997 13.896749707637353
leaf_count=1920 1186 181570 17784 116 227534 3753 552 17100 110 196 61751 6875 3024 132 1415 129 2349 65490 195 185 88217 146 7028 204 153 301 130 25108 3256 6618 15351 128 191 1042 9110 30036 17154 6968 858 3815 2798 1757 56475 151 227 1483 168 338 7918 287 8929 204 158 247 245 277 751 182 263 226 15080 636 2873
internal_value=-0.000216126 -0.00913429 0.00230445 -7.43031e-05 -0.0133331 -0.00885805 -0.00255602 0.0015642 0.0325424 0.14016 -0.0061829 -0.00981217 0.000399737 -0.011282 0.00448539 0.0199647 -0.00482862 0.000441983 0.0444109 0.153403 -0.010463 0.0175463 0.00151514 0.00803735 0.000304534 0.0598004 0.126185 -0.00751041 0.0124325 0.000486963 0.00413002 0.0125309 0.048459 0.0187984 0.00458131 0.00760805 0.00278643 0.0140997 0.00427456 0.00809306 0.0096899 0.0169546 -0.00038436 0.0211963 0.0561012 0.0110527 0.0314041 0.0758814 0.00973158 0.0339203 0.0111419 0.0159168 0.0566269 0.00149156 0.0371438 -0.00789235 0.00172912 0.0337877 0.0649921 0.10244 -0.01461 0.0191089 0.0390573
internal_weight=7156.69 1577.01 5579.69 2668.81 962.596 540.603 614.411 2104.36 12.1781 1.39755 564.452 528.425 1827.69 495.034 2910.87 65.3266 533.518 275.658 12.0668 2.11885 257.86 19.7154 1610.99 18.4423 17.227 3.63486 2.09364 533.824 80.8936 1454.6 2845.55 98.1339 10.3559 66.7706 2740.79 1020.28 1720.51 482.173 1490.2 628.225 570.264 30.6281 1356.46 9.94796 5.40411 532.746 32.4758 9.35453 500.27 5.51721 474.469 270.308 10.453 861.977 10.932 216.701 89.0939 13.4187 9.02648 6.04928 127.607 11.0794 23.5608
internal_count=910853 586827 324026 214495 420170 192636 166657 125763 4059 306 88732 188577 107979 181702 109531 1702 158300 66800 1310 380 91500 3283 87540 3137 2933 584 283 86859 8357 80512 107829 6937 319 5101 92478 38924 53554 8888 44444 26798 22983 1873 73575 930 378 20185 2276 793 17909 625 17051 8122 287 17646 492 20439 4446 1422 671 408 15993 913 3915
is_linear=0
shrinkage=0.03


Tree=83
num_leaves=64
num_cat=0
split_feature=24 29 60 53 4 116 91 24 193 1 59 265 1 189 1 143 27 1 86 6 122 1 0 64 194 224 1 270 8 52 113 113 251 202 193 201 94 26 270 141 270 235 27 80 181 30 178 111 271 40 29 106 40 26 84 230 65 210 37 119 90 70 75
split_gain=159.399 60.1392 61.9332 55.3717 36.5716 33.6453 34.5862 32.8333 31.1128 30.3906 27.6845 33.8124 27.2661 24.995 24.1277 23.6987 23.3201 22.7354 60.2706 22.0736 21.1137 20.0756 19.9657 19.852 30.1818 69.9091 24.4823 24.1232 47.4571 46.0464 32.9893 23.6858 19.3848 18.7912 18.6613 18.6379 30.8122 18.253 17.7707 19.7221 17.7359 32.0688 17.7118 17.073 16.844 16.808 16.5963 30.827 16.5006 20.2048 26.6268 34.5364 15.6239 16.0762 16.2155 16.9272 15.6088 16.4397 15.9345 15.6041 15.8524 28.6171 15.4788
threshold=16554.288479542385 26050.871322414114 11807.020687198788 18006.387843212568 39.500000000000007 -1278.4930992617562 -1.0000000180025095e-35 251414.6599051576 1.0000000180025095e-35 202002.50000000003 1388.4605602526674 -2.4999999999999996 202056.50000000003 -27446.316847338854 202010.50000000003 324946.136688 492.34980799757005 201911.50000000003 21.500000000000004 25467.389181806535 43578.018530300906 201908.50000000003 62620180.000000007 6.5000000000000009 -15933.148268068382 33.500000000000007 201906.50000000003 -688.83389113302155 1.0000000180025095e-35 1.0000000180025095e-35 1410.2568472298462 3921.0955679669664 -6816.5722538217005 1.0000000180025095e-35 -5.4999999999999991 9467.3303050741215 2766.5000000000005 1.5000000000000002 -126.84625356880723 62.500000000000007 -891.63081886901534 -1747.4951910715165 2316.9213514955786 1.5000000000000002 -1.0000000180025095e-35 1.0000000180025095e-35 2436.4746485615815 45.500000000000007 3379.8451787962526 1449.5000000000002 7640.6318749067332 11.500000000000002 105.50000000000001 1.5000000000000002 1.0000000180025095e-35 -4209.6542273146179 2854.5154763889705 -985.7084434861157 -1.0000000180025095e-35 -1.0000000180025095e-35 -334.49999999999994 1.5000000000000002 1.5000000000000002
decision_type=2 2 8 8 2 10 8 2 10 2 10 10 2 8 2 8 2 2 8 8 10 2 2 10 8 8 2 8 8 10 8 10 10 10 8 8 8 2 8 10 10 10 2 8 8 10 8 10 10 8 2 8 8 2 8 10 10 8 8 8 10 10 8
left_child=1 8 5 4 7 40 10 23 13 22 11 -7 -10 15 -8 43 48 18 34 32 33 -17 62 24 25 26 -2 28 31 30 -30 -26 38 52 -9 42 -37 -11 39 -18 41 -3 -16 -1 -4 -46 -19 -48 -6 50 51 -50 -15 56 -55 -56 57 -54 -59 -47 -61 -62 -5
right_child=3 2 44 9 16 6 14 17 12 37 -12 -13 -14 20 35 21 19 46 -20 -21 -22 -23 -24 -25 27 -27 -28 -29 29 -31 -32 -33 -34 -35 -36 36 -38 -39 -40 -41 -42 -43 -44 -45 45 59 47 -49 49 -51 -52 -53 53 54 55 -57 -58 58 -60 60 61 -63 -64
leaf_value=0.01692709278545225 0.2819236834334734 0.12495525836607667 0.0010985162745720139 -0.0028551057492710542 -0.021701965171258511 0.15403714537138269 -0.0050391233384586738 0.18240247603149742 -0.0095345527530842078 -0.014498647279932339 0.21792018501757576 -0.030503601346605395 0.0045189852274888937 -0.0077190891154714242 0.014900954837198619 0.01924778475869527 0.30729128885901674 -0.021620643643499308 0.29745452629212049 -0.026295642460742497 -0.0070039927544697763 -0.0038241035909129875 0.12309417372703997 -0.016857273595403646 -0.001247216288739624 0.52971541651890597 -0.030095077606416908 -0.0040269705091003491 0.14549255172553874 -0.030060497554630243 0.48394120553317516 0.27533251641192835 -0.021494450245421765 -0.012329614989591084 -0.014514152324226263 0.02411682802330626 0.24454821064970433 0.13881725467082229 0.0461344157610672 0.061380305384440219 -0.0096876666633495482 -0.020693827591663622 0.066779195975261427 0.081183427169576064 -0.01547190727593167 0.017851214745051712 -0.030164810726671622 0.25623972444662785 0.030756273607463948 -0.0094013021160140771 -0.0029823223761244596 0.29427235421882297 0.012506737567051564 0.0097426720240557842 0.0254605588074742 0.093443322798868869 -0.013821244498413177 -0.0059642937368099098 0.0036553359450171765 -0.017902999952804526 0.22226873218990323 -0.0097516832320171613 0.020308494453452997
leaf_weight=188.14770584448706 0.28842067811638106 2.4979245255235583 83.590249348198995 43.327470527030528 515.08834213146474 1.6148415376665068 51.680753787630238 0.56039475277066231 331.32439076865558 68.139221746241674 1.2057442478835581 2.0006574661238123 198.8020310967695 109.53552810510155 102.73211638792418 47.433738578576595 0.53284403774887301 3.5185919635696337 1.0971468181814996 7.6737345817964551 190.03819129453041 119.33844432025217 1.4499224997125555 72.002539187553339 5.1944011019077152 0.3214650461450218 1.0512415767880154 53.812496265745722 0.5124464896507559 0.51632041635457415 0.52448041050229222 0.29446704278234381 3.3227859793696544 68.894149306928739 1.9072579250205297 1.6495639260392629 0.87262117478530843 0.70612244924995948 6.89979604561813 0.65351398568600416 106.55152787384577 2.9880025943275532 6.2852827322203657 3.7966088064713395 444.6430451074848 27.886430837330408 0.73443133884575196 0.62697700411081314 0.96984827041160548 14.36001793539617 2.2124396004946902 0.8312773812795059 180.75522501324303 81.319749853922985 15.052575715584682 4.2205720121273762 46.470531492377631 161.83269062638283 3657.8922917019809 31.501599103910848 0.70926030015107189 1.4700139666674656 64.787390492158011
leaf_count=12930 125 244 9211 8433 331524 108 6816 68 57705 19729 145 332 18484 6914 8686 4308 59 1223 238 3586 25557 7988 99 34344 2400 132 515 20671 167 290 110 117 732 4878 507 240 166 91 1200 227 22189 542 330 244 107754 6358 231 137 421 9151 1124 245 10880 2010 616 224 4685 6621 129236 9398 80 446 6632
internal_value=-0.000212282 0.00145954 -0.00586137 -0.012216 -0.0160406 0.00575488 0.0142451 -0.00251632 0.0026378 0.00269381 0.0934353 0.0519204 -0.00426435 0.00338841 0.0119059 0.0110105 -0.0195398 0.0548639 0.112457 0.0130465 0.00278297 0.00273806 0.0125086 -0.00611854 0.0062498 0.132416 0.0370806 0.00280588 0.0550192 0.201419 0.316681 0.0135907 0.0395083 0.0032129 0.0302049 0.0197572 0.100381 -0.0129261 0.0645757 0.171829 -0.00697927 0.045625 0.0178919 0.0181981 -0.0113776 -0.0134378 0.0127927 0.101735 -0.0207055 0.00723048 0.0667368 0.152377 0.00346443 0.00375979 0.0156065 0.0403479 0.00346532 0.00366613 0.00324778 0.00125302 -0.0124896 0.065761 0.0110256
internal_weight=7148.65 6274.73 869.88 873.918 695.508 280.079 168.042 142.963 5404.85 178.41 4.82124 3.6155 530.126 4874.73 163.22 358.716 552.545 8.4448 3.5648 19.0827 4516.01 166.772 109.565 134.518 62.5157 1.66113 1.33966 60.8546 7.04212 1.55325 1.03693 5.48887 11.4089 4325.97 2.46765 111.54 2.52219 68.8453 8.08615 1.18636 112.037 5.48593 109.017 191.944 589.801 506.21 4.88 1.36141 533.462 18.3736 4.01357 1.80113 4257.08 4147.54 100.593 19.2731 4046.95 4000.48 3819.72 61.5673 33.6809 2.17927 108.115
internal_count=910853 466325 173045 444528 409544 39798 16823 61275 293280 34984 585 440 76189 217091 16238 25470 348269 2404 813 5804 191621 12296 15164 58871 24527 772 640 23755 3084 567 277 2517 2218 166064 575 9422 406 19820 1486 286 22975 786 9016 13174 133247 124036 1591 368 342465 10941 1790 666 161186 154272 2850 840 151422 146737 135857 16282 9924 526 15065
is_linear=0
shrinkage=0.03


Tree=84
num_leaves=64
num_cat=0
split_feature=33 12 265 29 64 221 193 60 5 204 220 211 213 184 117 210 86 9 111 92 237 159 26 32 106 60 111 2 98 18 242 142 90 33 227 111 193 161 264 219 189 124 30 189 214 142 264 176 59 99 27 132 96 195 226 101 224 45 150 247 205 79 28
split_gain=163.318 46.5305 33.7607 29.5505 23.3775 26.3362 22.2975 21.5201 22.1756 20.4462 20.201 19.7835 18.8815 19.115 18.2789 22.692 36.7111 23.471 32.1458 17.2084 19.4772 20.6721 18.4608 21.7242 17.0244 18.0051 16.9942 16.9174 16.5688 16.7084 33.4153 16.7477 16.5517 30.0256 27.1317 17.414 20.7434 26.5344 16.4507 46.4075 15.9689 15.7219 17.2878 15.5107 14.6144 14.1196 13.7903 21.5997 13.4676 19.4754 14.1651 19.2636 13.5305 18.915 18.4424 22.8687 13.1754 13.0737 15.0692 12.967 18.1142 17.2817 15.4943
threshold=72.500000000000014 20334.99599055044 -3.4999999999999996 21605.10443393431 7.5000000000000009 1.5000000000000002 1.0000000180025095e-35 24663.529330090325 -735.57748297348292 -33644.432996867174 1.0000000180025095e-35 -2705.2952807763645 1.0000000180025095e-35 -4636.9164358578291 349.44386900820308 -985.7084434861157 21.500000000000004 166.06663809461301 47.500000000000007 1416586.8566115035 -46590.692628622164 1.0000000180025095e-35 1.5000000000000002 50.500000000000007 21.500000000000004 10092.780607762683 42.500000000000007 1.5000000000000002 8.0000000000000018 1.5000000000000002 11975.301443092225 8.0000000000000018 -334.49999999999994 121.50000000000001 6.5000000000000009 32.500000000000007 -2.4999999999999996 2129.0263685161444 1.5000000000000002 -1323.8280106104887 12787.569506343963 4.5000000000000009 18.500000000000004 -1.0000000180025095e-35 1.0000000180025095e-35 8.0000000000000018 1.5000000000000002 -89.002424636918974 -2821.9069827856852 169916.58677527131 1389.6475150850404 1.0000000180025095e-35 4.5000000000000009 -193.84641326151856 -8.4999999999999982 6327.5401681799176 1.0000000180025095e-35 127980.03405606282 2.5000000000000004 3548.6060540075696 -21293.03419913731 1110.0068924586003 11.500000000000002
decision_type=2 2 10 2 8 10 10 8 10 8 10 8 10 10 10 10 10 10 10 10 8 8 2 10 10 8 8 10 10 2 8 10 10 2 10 10 10 10 10 10 8 8 10 10 10 10 10 8 8 10 2 10 10 10 10 10 10 10 10 10 10 10 10
left_child=3 2 -2 6 5 28 9 8 -5 40 12 57 14 56 15 16 -10 -18 -19 20 21 26 27 -24 25 44 -13 43 29 31 -31 -3 35 34 -34 36 37 -7 -12 -40 -1 42 -4 48 -8 59 -38 -48 49 -22 52 -52 -50 54 -54 -56 -14 58 -11 -43 61 -61 -63
right_child=1 4 41 7 -6 32 24 -9 10 11 38 19 13 -15 -16 -17 17 18 -20 -21 22 -23 23 -25 -26 -27 -28 -29 -30 30 -32 -33 33 -35 -36 -37 46 -39 39 -41 -42 45 -44 -45 -46 -47 47 -49 50 -51 51 -53 53 -55 55 -57 -58 -59 -60 60 -62 62 -64
leaf_value=0.011659116647730354 0.0024666117644323916 -0.012841779864685066 -0.00023959232990868878 -0.01497084093436472 -0.019798741326860353 0.24899744016743408 -0.001671471855613568 -0.011275234979885492 -0.012030641060539506 0.0017588917726570484 0.021838935012345257 0.095717904407520704 0.026404844376752935 0.011674887144814778 -0.015113891809914817 0.0010612502874404385 0.035090417989376725 0.28312236078805503 0.056556911141430341 -0.017416604471927003 0.034000610206307097 0.010340875863750465 0.011727221209356891 0.06867630731676741 0.10290140148532005 -0.0097491288385558508 0.026961320849796903 -0.012568679281181529 0.061767100048026873 0.37958779770441065 -0.030107574736906933 0.1293757375808233 0.05376214156340952 -0.030127224389161225 0.31955327302986503 -0.0012634304387270064 -0.023683045369973652 0.037910195563868966 0.30280332769257379 -0.0043184891122946727 0.044811992801235705 -0.014405452493937272 0.15650145116219111 -0.00045529987256443774 0.018633067830462598 0.14856317467059788 0.23272911791277928 -0.030328122047442882 0.0012450006323170724 -0.01697119504021544 0.0054727345935487214 0.060716168374786605 0.017101880808857675 -0.022844581265131999 0.1858508792310547 0.035101504898225791 0.11433528294954239 0.023533738385803048 0.039342475366810306 -0.016128489927672487 -0.010220001177395023 0.10136446958903995 0.015576955701509141
leaf_weight=102.25172718788963 383.14893558621407 289.64212744880933 105.59361983044073 68.06921565067023 367.38409855077043 0.95742452761624042 141.83467614953406 232.30356998788193 3.9814073785673809 81.310403845622204 27.276009321678433 4.7083372409688282 3.1099328794516614 30.12935860210564 65.879517315304838 151.55132772028446 1.7979154132772235 1.2400523686083036 1.0332141707185654 37.48024538171012 28.072838105610572 85.438337755273096 94.460281016887166 6.4395163083681828 1.3424408690771077 227.14372464769986 10.341097647557035 67.088205000851303 2.7581223205197594 0.29279605345800419 0.46169319236651063 0.74715531524270673 0.69995714211836391 1.010426780558191 0.68286290427204221 20.528682498144917 2.6025371383875675 1.2174937932286409 0.71952591638546448 1.1513528181239949 14.993319336441344 336.99076817347668 0.63713125546928395 1077.4400464331266 41.162164379144087 0.48993113858159532 0.56558197911363095 0.55816543824039377 1482.2123098360607 8.8804777548648399 1389.3666264477652 5.7042298651067531 4.1168600025121123 3.5807372624985856 1.7978280935203659 1.8250893927179275 3.0258641086984426 68.035149086965248 10.887057503801769 3.8519759388873336 23.791749795665964 4.1115166078088805 3.5144656710326672
leaf_count=873 68847 140977 23753 13931 209851 138 13733 39950 462 1935 2092 159 185 1331 15216 18374 117 175 143 2019 627 3999 2083 224 170 31865 417 1373 149 121 205 144 193 391 97 7345 783 237 110 241 232 126945 69 55743 1660 70 137 209 70836 728 37837 227 251 232 136 250 144 3741 205 407 4897 379 483
internal_value=-0.000209417 -0.00881817 -0.00417106 0.00218143 -0.0146237 -0.00873243 0.00293171 -0.00416065 0.000443543 0.00353191 0.00405049 0.00320748 0.00141238 0.0215038 -0.00181898 0.00366875 0.0527424 0.116087 0.180147 0.00282258 0.00300017 0.0160516 0.00268573 0.0153618 -0.00375814 -0.00410725 0.0484724 0.00237148 -0.0114162 -0.0121095 0.128884 -0.0124759 0.0186336 0.0941821 0.185015 0.0117927 0.0572112 0.130833 0.0277416 0.113798 0.0158987 -0.0094807 0.00070048 0.00262187 0.0028957 -0.0123823 0.0142403 0.102069 0.00375515 0.0217513 0.00352493 0.00569862 0.00149455 0.0341678 0.060544 0.109909 0.0697677 0.0135582 0.00619692 -0.0125941 0.00471306 0.0356666 0.0618289
internal_weight=7141.42 1552.24 862.13 5589.18 690.109 322.725 4997.91 591.268 358.965 4586.43 290.895 4469.19 261.749 36.2652 225.483 159.604 8.05259 4.07118 2.27327 4308.95 4271.47 100.488 4170.99 100.9 411.483 410.141 15.0494 4070.09 293.902 291.144 0.754489 290.389 28.8231 2.39325 1.38282 26.4299 5.9012 2.17492 29.1469 1.87088 117.245 478.981 106.231 4003 182.997 372.75 3.72628 1.12375 2925.56 36.9533 2888.6 1395.07 1493.53 11.3205 7.73978 3.62292 6.1358 160.233 92.1975 372.26 35.2697 11.478 7.62598
internal_count=910853 586827 225850 324026 360977 151126 231555 92471 52521 184127 38590 183022 36147 1660 34487 19271 897 435 318 177141 175122 4575 170547 2307 47428 47258 576 168240 141596 141447 326 141121 9530 681 290 8849 1504 375 2443 351 1105 157003 23822 166867 15393 133181 1129 346 111124 1355 109769 38064 71705 869 637 386 329 5881 2140 133111 6166 1269 862
is_linear=0
shrinkage=0.03


Tree=85
num_leaves=64
num_cat=0
split_feature=33 14 193 10 55 180 246 0 217 211 118 230 179 254 53 140 51 90 116 99 210 37 90 102 179 0 209 1 83 22 75 92 30 1 1 161 14 171 209 218 18 114 213 210 175 22 117 53 11 222 171 57 154 90 131 37 62 106 53 83 208 270 157
split_gain=154.853 45.4866 29.17 28.9412 25.1952 24.3522 20.5196 20.1741 27.5629 18.3083 21.5582 20.0142 27.2389 17.8045 24.0511 23.6347 30.697 24.9776 22.1006 19.9669 18.0993 18.7343 18.3416 17.5264 17.1275 16.7221 23.2116 18.219 25.0689 16.4201 24.2517 16.3674 16.3028 16.2249 31.4765 24.2225 22.3815 22.0443 20.8547 24.5462 20.1539 19.7495 18.4312 18.8484 22.312 18.3908 15.45 15.4037 29.1141 25.5367 22.0316 20.8067 36.7471 20.2077 15.9259 59.4129 15.2617 15.0205 45.1726 42.6058 17.5689 14.9557 15.6324
threshold=72.500000000000014 77169.95431701302 -6.4999999999999991 6.5000000000000009 885.67272871585385 -1.0000000180025095e-35 1527.6998684354628 14960765.000000002 -2.4999999999999996 -6800.0389220980487 5.5000000000000009 12224.010527766894 -192.49325963479404 25895.069753057574 1051.9669374916143 2.5000000000000004 12172.04026742056 -698.49999999999989 -5648.1108116118594 378746.23567465442 -5828.1414021843193 385.40071160177462 -1155.4999999999998 99921.052539014418 282.03401537052497 57769440.500000007 87120.090293897403 201909.50000000003 319131.75874564814 68860.972920110638 13.500000000000002 1416586.8566115035 23.500000000000004 202001.50000000003 202056.50000000003 1050.7399836991651 14586.51605032824 -670.28719888234684 -27724.145989640103 1.0000000180025095e-35 1.0000000180025095e-35 5191.0339702621795 1.0000000180025095e-35 -209.84941685101964 -655.46423009772093 148957.82918491869 349.44386900820308 227.54839088860354 -1.0000000180025095e-35 1.0000000180025095e-35 -670.28719888234684 65.500000000000014 -1215.4999999999998 -151.49999999999997 4.5000000000000009 28871.726300840866 -5629.7826473267096 19.500000000000004 3642.8709562654908 7791.2651655468017 -135477.12298696549 -188.44611122033231 3.5000000000000004
decision_type=2 8 8 2 8 8 10 2 8 10 10 10 8 10 10 10 8 8 8 10 8 10 8 8 10 2 10 2 10 2 10 10 8 2 2 8 10 8 10 10 2 10 10 10 10 2 10 10 2 10 10 10 8 10 8 8 8 10 8 10 8 10 10
left_child=3 2 9 33 24 7 -6 8 -4 11 -11 -2 -13 14 20 16 17 19 -18 -15 21 22 -7 -10 31 47 57 -28 -29 30 32 -5 -22 37 35 36 38 61 39 -35 45 -40 43 -36 -45 56 -24 48 49 51 -51 53 -53 54 -3 -56 -37 60 59 -59 -27 62 -1
right_child=1 25 5 4 6 13 -8 -9 23 10 -12 12 -14 15 -16 -17 18 -19 -20 -21 29 -23 46 -25 -26 26 27 28 -30 -31 -32 -33 -34 34 42 40 -38 -39 41 -41 -42 -43 -44 44 -46 -47 -48 -49 -50 50 -52 52 -54 -55 55 -57 -58 58 -60 -61 -62 -63 -64
leaf_value=0.11861662155081917 0.019535480322568018 -0.0097141883253819145 0.20242327120429629 0.0014521497913306384 -0.016518343892156468 0.25629729143733898 0.050219044490397963 0.0059545902779971219 0.15563219466284764 0.11901507959576442 0.00022072649391127898 0.19764875962560988 0.0097030343102743263 0.28243311737605331 -0.014505533940081319 -0.0084745966487500372 0.13008311346587187 0.010322694444922904 0.0084678240278714505 0.089693667404041236 -0.0019155426875328378 -0.030199685340715089 0.16619505541631518 -0.0024822175879929131 -0.0089358273571333788 0.13580994394467424 0.22764680955518071 -0.030190953987865116 0.23299571677630354 -0.017905331336077562 0.16987227385235196 -0.016250785182669047 0.14585634190998142 0.025693473665512685 0.020257377006119518 0.037972752011078192 -0.013159121112208747 0.0053331180914328417 -0.0020977407470809941 0.15186329425858883 -0.017048540353896208 0.010795816019356332 0.015730122998598422 -0.012088987011529655 0.0049347307484536359 -0.023652024032018156 -0.030387991963913771 -0.019936956428650933 -0.0152396613917307 0.012184615361670821 0.23834714464108289 0.23094639203002554 -0.030591010007911073 0.18333413989774242 -0.030232430340792194 0.33761946945261906 -0.0016510885454729912 0.52218359911132206 -0.030128202011914042 0.05129906423475486 -0.015105908826099985 0.016287079702623143 -0.015720550899918279
leaf_weight=2.5519419667543839 30.838641765760258 16.615496505401108 1.0908446210669351 2213.3934087516973 110.17256428219844 0.62789502076338977 4.3085661432705811 57.344928078586236 0.80154033435974215 1.3903364447178308 123.64974128990434 1.3874213123926891 1.3886234188685187 0.95777538849506505 422.52464732236695 32.945269856834784 1.4514527264982462 1.187772724661045 18.308428784017458 0.97738078446127474 260.45083179394715 1.1466927120927719 0.67939923470839925 2.9644748494029045 164.99659970181528 0.72222057462204248 0.69569521420635227 1.1566447187215088 0.45340910495724518 64.878498026053421 0.74501800630241533 48.023474217043258 0.67366377008147438 6.2399720364483056 63.133785956655629 8.972827301826328 63.964817108819261 922.25545702315867 195.7959725712426 1.7846738701919092 112.86208743928 235.53993948514108 157.10378571529873 77.184233183274046 677.50818788958713 34.304529408691451 0.76492882973980159 382.01325802737847 82.048196465359069 0.68753473157994449 0.88878973911050596 1.0290463020792229 0.91201595950405945 0.55488507798873143 1.28412824589759 0.57082322123460461 349.9066920770565 0.32583970844279853 1.2359806813765317 0.36852326546795666 17.928865602239977 144.20853168994654 1.1225346684223039
leaf_count=276 3217 4576 102 139306 47811 148 482 10241 106 243 25002 148 197 169 179588 11437 212 139 5004 105 64960 364 61 583 21795 228 94 420 63 16508 75 3725 89 401 2815 81 8961 33982 6687 179 11461 6757 1917 1822 20352 2233 214 224880 27911 142 159 149 152 126 430 119 8072 100 498 173 7695 4744 167
internal_value=-0.0002057 -0.00863429 -0.00500506 0.00211209 -0.0002535 -0.00716122 -0.0140066 0.0109268 0.0696333 0.00682556 0.00154162 0.0264808 0.103635 -0.00855313 -0.00976588 0.00779317 0.0312145 0.118617 0.017401 0.185087 -0.00369671 0.0670928 0.120931 0.0311701 0.00039539 -0.0159654 0.00909518 0.0993582 0.0439253 -0.00439409 -0.00104666 0.00107621 -0.00153431 0.00407995 0.00247425 -0.00123915 0.00342075 0.0070573 0.00583455 0.0537535 -0.00587399 0.00494305 0.00631884 0.00451094 0.00319367 -0.00266637 0.0620829 -0.0171441 -0.00694316 0.0232534 0.139703 0.0144983 0.108062 0.00495245 -0.000406452 0.0829664 -0.0006604 -0.00101703 0.0786467 0.272268 -0.00926204 0.01781 0.0775773
internal_weight=7134 1538.67 1029.18 5595.33 2540.89 870.521 114.481 62.2018 4.85686 158.655 125.04 33.6147 2.77604 808.32 752.492 55.8281 22.8828 3.12293 19.7599 1.93516 329.967 3.21892 2.07222 3.76602 2426.41 509.491 22.8872 2.30575 1.61005 326.748 261.87 2261.42 261.124 3054.44 1984.3 1009.37 503.325 1070.14 439.361 8.02465 506.046 431.336 974.93 817.826 754.692 393.184 1.44433 486.604 104.591 22.5427 1.57632 20.9664 1.94106 19.0253 18.4704 1.85495 358.88 20.5814 1.93034 0.694363 18.6511 147.883 3.67448
internal_count=910853 586827 318912 324026 213119 290105 48293 11032 791 28807 25245 3562 345 279073 262007 17066 5629 413 5216 274 82419 787 423 689 164826 267915 9271 577 483 81632 65124 143031 65049 110907 71738 44832 22985 39169 14024 580 21847 13444 26906 24989 22174 10386 275 258644 33764 5853 301 5552 301 5251 5125 549 8153 8694 771 273 7923 5187 443
is_linear=0
shrinkage=0.03


Tree=86
num_leaves=64
num_cat=0
split_feature=33 12 265 183 53 64 22 30 1 132 30 56 122 1 67 116 211 187 40 1 106 9 1 40 45 24 209 209 9 14 178 1 1 1 31 57 116 173 140 183 82 227 252 254 114 219 64 125 219 203 27 255 140 242 17 211 205 201 30 5 75 53 184
split_gain=146.963 44.1488 31.3783 28.0132 26.7638 23.0212 21.3724 20.4937 26.2982 23.8134 20.1783 18.0086 18.635 24.3856 17.8604 16.6398 16.578 17.3004 16.1315 16.8083 18.9528 18.3155 15.9164 15.5309 35.0141 15.4842 16.571 16.2926 16.5539 21.1841 18.7217 16.0088 25.1191 18.2168 18.864 18.4407 18.6397 16.1832 33.5755 21.5313 17.1097 15.4196 32.2431 15.8064 27.7536 16.9844 15.6551 15.2716 18.1964 18.2698 18.5852 16.108 15.2801 21.7505 22.7415 21.0013 21.6291 15.2549 15.0597 14.7727 20.9874 14.761 30.0446
threshold=72.500000000000014 20334.99599055044 -3.4999999999999996 -62.875508536701993 754.57384174192657 7.5000000000000009 102821.84005285862 1.5000000000000002 202103.50000000003 126850.02754296262 1.5000000000000002 1.5000000000000002 -11531.444497900753 202001.50000000003 1.0000000180025095e-35 -5648.1108116118594 -2705.2952807763645 -1.0000000180025095e-35 601.50000000000011 202103.50000000003 8.5000000000000018 1645.8103641826779 202011.50000000003 3793.5000000000005 378746.23567465442 37968.357407293661 137658.17987204014 -27724.145989640103 337.67269301478012 3314.1526672337745 -605.27897534529291 202010.50000000003 201956.50000000003 202003.50000000003 1.0000000180025095e-35 40.500000000000007 1.0000000180025095e-35 -1903.1688623936477 5.5000000000000009 1.0000000180025095e-35 1.0000000180025095e-35 -11.499999999999998 29.500000000000004 -1.0000000180025095e-35 8656.1308636500016 -28078.79114134442 7.5000000000000009 5229.5314700760264 -190097.31063028492 -3.4999999999999996 3147.7063748914593 53089.093200046489 25.500000000000004 -6490.7429787877245 75863.773129618334 -349.46022391347395 -21293.03419913731 20571.643761835068 29.500000000000004 -2799.5726313964046 3.5000000000000004 18006.387843212568 1982.1459086925734
decision_type=2 2 10 10 10 8 2 10 2 10 10 10 8 2 10 8 8 10 8 2 10 10 2 8 10 2 10 8 10 8 8 2 2 2 8 10 8 10 10 10 10 10 10 10 10 10 10 8 10 10 2 10 10 10 8 8 10 10 10 8 8 10 8
left_child=3 2 -2 11 6 7 10 -3 -9 -10 15 12 13 -1 -6 -5 -17 -18 -14 21 -21 59 -16 24 -22 27 -27 28 30 -30 -19 32 -29 -34 -35 36 -36 38 40 -40 -38 42 -33 44 -44 -45 -46 48 -4 -50 -51 58 53 54 55 -53 -57 -56 -49 60 -20 -61 -63
right_child=1 5 47 4 14 -7 -8 8 9 -11 -12 -13 18 -15 22 16 17 25 19 20 23 -23 -24 -25 -26 26 -28 31 29 -31 -32 41 33 34 35 -37 37 -39 39 -41 -42 -43 43 45 46 -47 -48 51 49 50 -52 52 -54 -55 57 56 -58 -59 -60 61 -62 62 -64
leaf_value=0.022641898365046088 0.0024469021990784893 -0.011100130231555113 0.0959598173719034 0.037999723243277904 0.016128959996140987 -0.019449374512523095 -0.0089113849544393726 0.0017049388863317806 0.049389827152043854 0.24023703928533172 0.013689954464542936 -0.0094245183428003209 -0.0016941059676249279 0.0055964451121079057 -0.011607766547202136 0.019605533358910923 0.023008427349719696 0.065792150032934454 0.013101198804039649 0.009316973224141786 0.029003703632997636 -0.013066642535291032 -0.0010068673739273481 0.0065736241679875988 0.15992258225735331 -0.016098692680541683 0.054229671352014945 0.003326937166441773 0.10834700414479465 0.025399736914297907 -0.0082890276393830509 -0.011564770620627555 -0.016528643988229161 -0.010779982856109602 -0.0011275772776583996 -0.003514968937313628 0.060186169674974005 0.0016092012868389059 0.14715240272760197 0.052322071689988536 -0.0035179765713000419 0.0023906169344139641 0.01461276700270504 0.069638437114093135 0.056622012150102201 0.0077429080273807823 0.13137604787732254 -0.013484716692190118 0.13644270166532266 -0.0021507542994360414 0.16350553181566932 0.17922035156071664 -0.018279311023676234 -0.0064178915404848377 -0.014905393436024749 0.16668631076178056 0.0025767774000704648 0.13792712584595032 0.15254838799289056 0.0030013352643026023 0.07447848392197258 0.0091678433623973953 0.065874409440440776
leaf_weight=110.23563605721574 382.93363908620086 279.48018496239092 1.8570449257967983 11.134769473341294 30.983207781799138 355.47408037236892 167.54891700402368 31.09904639958404 5.1780651774024582 0.66386764775961626 129.63382541586179 86.355854149209335 432.7329474639846 239.97423332987819 314.14767776802182 43.053456819150597 30.913359469734132 3.6062663247575983 35.534972667810507 321.716590195545 5.8101244476856628 58.165687127388082 214.50498033908661 5.7441096066031614 2.689713028841652 70.52056364051532 3.1499832060653707 446.01400673436001 3.3693718484137207 15.605414877063597 20.655734552070502 25.597822685609572 121.49464799149428 174.96779501705896 36.08491992612835 161.42101069213822 5.6778002297505799 13.185203538276253 3.5113563786726427 5.577954922337085 11.439302759128621 552.28945873538032 10.945692178211177 4.6184285896597421 7.5496461503207666 29.323573091067374 3.7855980844469741 363.09135877725203 0.88406144338659842 72.506293194717728 0.61469742190092702 1.8976266477257011 11.450003503938204 9.7496366767445597 3.9061010975856343 1.0554540818557141 2.293240980128759 0.69190410943701852 0.49233314848970522 1554.5318027032772 5.8377191037870935 60.253683905932121 9.7728429231792671
leaf_count=1281 68847 138235 206 274 1873 209851 12927 11602 1079 210 5174 1263 24970 3068 61751 2271 245 87 1104 7352 284 9131 25108 276 122 27814 593 21466 85 1400 984 594 6921 7257 2386 11431 148 547 182 230 641 20051 313 170 339 999 234 134994 65 15644 72 132 2591 1638 1049 107 321 67 117 58866 69 1390 355
internal_value=-0.000202395 -0.00845802 -0.00392937 0.00204559 -0.000175606 -0.0142102 0.0013696 -0.0083244 0.0126757 0.0710774 0.00225519 0.00407188 0.00448183 0.0109618 -0.00600891 0.0014387 0.00121308 0.00076349 0.00357146 0.00467754 0.0108163 0.00348133 -0.00730637 0.0446801 0.0704321 0.000366085 -0.0130916 0.000964518 0.0191384 0.0401288 0.00272228 0.00047751 -0.001927 -0.00632053 -0.00330927 0.00220845 0.0144491 0.0287181 0.0423574 0.0889567 0.0176129 0.00419124 0.0163454 0.0290527 0.0486856 0.0161649 0.0815874 -0.00911905 0.0032083 0.000880844 -0.000758152 -0.0114888 0.00925372 0.025343 0.0567985 0.0994854 0.0543014 0.00809272 -0.0132599 0.0040591 0.0217616 0.00360827 0.0170818
internal_weight=7126.99 1525.32 853.423 5601.67 2672.31 671.895 2112.68 316.421 36.941 5.84193 1945.13 2929.36 2843 350.21 559.636 1815.49 1804.36 1761.3 2492.79 2060.06 335.961 1724.1 528.653 14.2439 8.49984 1730.39 73.6705 1656.72 43.2368 18.9748 24.262 1613.48 979.374 533.36 411.865 236.898 75.4765 39.3916 26.2064 9.08931 17.1171 634.11 81.8208 56.2229 22.2809 33.942 11.3352 470.49 75.8621 74.0051 73.121 394.628 31.044 19.594 9.84433 5.24632 3.3487 4.59801 363.584 1665.93 41.3727 1624.56 70.0265
internal_count=910853 586827 225850 324026 214495 360977 125763 151126 12891 1289 112836 109531 108268 4349 88732 107662 107388 105117 103919 78949 8034 70915 86859 682 406 104872 28407 76465 2556 1485 1071 73909 51209 29743 22822 15565 4134 1748 1201 412 789 22700 2649 2055 886 1169 573 157003 15987 15781 15716 141016 5905 3314 1676 560 428 1116 135111 61784 1173 60611 1745
is_linear=0
shrinkage=0.03


Tree=87
num_leaves=64
num_cat=0
split_feature=33 226 10 28 30 10 266 66 147 108 53 142 21 32 50 78 188 9 87 266 183 189 172 140 47 205 35 130 20 99 112 189 33 32 137 33 7 99 27 3 158 68 211 53 217 28 64 106 96 5 237 183 48 37 106 237 224 172 143 50 159 237 211
split_gain=139.295 43.1601 30.9097 28.5347 27.9718 26.8345 23.3652 22.3964 25.9576 31.512 20.2846 21.5758 19.7038 19.6297 20.6036 22.2961 30.7606 26.4158 21.1082 33.0875 19.125 18.7153 17.986 17.9686 17.8469 19.8286 16.9563 16.8563 23.9212 16.6042 24.7067 18.8557 65.3233 17.5709 25.7612 43.7628 22.0463 18.9651 16.4643 25.7417 23.7272 31.3097 22.3243 22.1222 19.8198 19.1366 18.3956 21.7429 39.1813 17.0162 16.8857 27.2659 16.4646 15.971 15.9685 15.7702 20.132 24.3912 15.7652 19.5111 18.2087 20.4514 15.4367
threshold=72.500000000000014 -22.499999999999996 6.5000000000000009 2.5000000000000004 1.5000000000000002 6.5000000000000009 7594.7273437414669 1890.9907851414503 11.500000000000002 6.5000000000000009 1051.9669374916143 1.0000000180025095e-35 47.500000000000007 7.5000000000000009 2110.5000000000005 83511.940270230101 -9998.3057307164581 401.00843971793 105.50000000000001 -342.92566272989683 -62.875508536701993 -27446.316847338854 926.70734560360972 5.5000000000000009 6326.8046702368119 -62430.324708830121 286159.39441335289 175799.62592011096 41335.56986130523 145727.87278321513 309.50000000000006 239919.87897600373 102.50000000000001 70.500000000000014 77673.852304198197 108.50000000000001 212.55626374687702 73286.258110126757 1798.5964928569003 55.500000000000007 4707.5000000000009 -3355.165012307652 -107.65766456019297 7746.575082653947 2.5000000000000004 9.5000000000000018 7.5000000000000009 2.5000000000000004 1.0000000180025095e-35 2985.2973063064705 -19152.649732089598 -1447.8473679443912 241419.22369727402 123867.8563518508 14.500000000000002 30950.59402212856 -22.499999999999996 -455.97564995473016 84507.615037366209 552.50000000000011 5236.5994418803411 -1.0000000180025095e-35 -163.94391322327348
decision_type=2 8 2 8 10 2 10 10 8 8 10 10 2 10 8 10 8 10 8 8 10 8 8 10 8 10 10 8 10 8 10 10 2 8 10 2 8 8 2 2 10 8 8 8 8 10 10 10 10 8 8 10 8 10 8 10 8 8 8 8 8 8 8
left_child=5 21 3 7 -5 62 10 8 -3 -10 11 12 22 -6 15 18 -17 -18 19 -15 38 55 -4 -23 -22 -26 27 -8 -29 30 31 33 -33 -24 36 -36 -35 -37 39 43 58 42 -42 -7 -45 53 47 -47 -49 52 51 -43 -46 -40 -48 -2 57 -57 59 -41 61 -61 -1
right_child=1 2 6 4 13 20 26 -9 9 -11 -12 -13 -14 14 -16 16 17 -19 -20 -21 24 23 29 -25 25 -27 -28 28 -30 -31 -32 32 -34 34 35 37 -38 -39 45 40 41 50 -44 44 49 46 54 48 -50 -51 -52 -53 -54 -55 -56 56 -58 -59 -60 60 -62 -63 -64
leaf_value=0.010373549517595481 0.012357075935039012 -0.0058839492300537645 -0.014865483166976279 -0.0082202110264417497 -0.007794082050927716 -0.0063005119984038379 0.0021408178797708804 0.0086590223928662575 0.19373089247464381 0.040104301609814957 -0.017452989776141549 0.10280303325297478 0.21043578738148913 0.24066416796082543 0.012287170067542008 0.32245213452843335 0.26884107793718937 -0.030178140113750935 0.0092655205804161936 0.038019513944928127 -0.00038583567841814226 0.010895668120696462 -0.0037579191334635321 -0.0096017584541276887 0.044243378827086149 -0.008761019882612138 -0.01175989183492478 0.032512929000004735 0.1654822696071766 -0.006985559973926303 0.19992614922995344 0.40220589517537009 -0.030156725887803396 0.17527277963514631 0.34539299972838167 0.23048136301387634 0.0013218030803773611 -0.030155712683761399 0.0043395768584143478 0.069742726983561265 0.10466048423167566 0.14578866448422489 0.034479694437642011 -0.0012115731627276149 0.081104687356911773 0.0348484186670205 0.0084302719084861227 0.25902280315820986 0.028864352454628525 0.0083608463421670914 0.00028372075260922857 0.0084561949604312348 0.022351988311195958 0.059869704963551887 0.078924991842372047 0.055359688116657362 0.024496107854518247 0.24477331287262194 -0.0014235612909854257 0.019222300697003068 -0.0083791504884498519 0.10584010633326899 0.0031746124151574486
leaf_weight=296.84076142706908 50.825461250147782 2.391977644525471 189.91625476151239 252.0511754801264 15.52984844369348 486.74280781066045 19.082539231632836 12.707758879172614 2.3461838132934645 2.4633510519051924 595.52743063960224 1.5699921050108958 0.36893902230076392 1.0997032956220207 14.596851819544097 0.67951108945999295 0.39918940188363083 0.79629382037092 5.1684627918293709 2.1291827190434574 835.93180622218642 64.829454663442448 25.421407385380007 94.741688741836697 6.4505084878765038 415.95062963489909 28.463673691847362 11.577446844894437 1.3607668703189109 97.315516623668373 0.65071849687956174 0.48566980054601916 0.89231071027461439 0.7293387374375 0.63853938353713591 0.34533076500520077 6.4971030517481267 0.92238997772801679 371.91640817129519 5.7787842139368868 5.8974480828037485 1.99566022248473 13.231739446753638 68.643877257360145 7.5072769257240024 6.9416993887862173 28.706003178143877 1.2402429857756945 1.4369448025245217 23.235766718862578 31.518680059118196 3.7385232186643407 10.025477687944656 4.720575211569666 3.2159622483886769 1.6427561327582223 5.387521261465734 0.97501942911185357 164.12452858779579 18.704585520667024 21.653219411731698 2.8236475845333215 2766.5794441066682
leaf_count=12246 8524 220 72147 80839 3206 35351 5383 2587 141 210 314303 152 60 124 3176 183 71 320 1057 335 65785 8688 8474 25918 340 75281 9256 1444 124 34960 171 157 308 213 226 125 2098 364 12253 188 195 131 377 2490 299 594 2156 132 146 949 2208 286 343 161 141 202 900 161 11294 840 1045 134 98661
internal_value=-0.000198629 -0.00827778 -0.0103596 -0.00213992 -0.00450574 0.00198134 -0.0129748 0.032612 0.0748794 0.115046 -0.0141607 -0.00814181 -0.00867911 0.018669 0.0351941 0.0677446 0.161279 0.0696688 0.0468598 0.107037 -0.000297235 0.00405812 -0.00892875 -0.00127421 -0.00292553 -0.00795159 0.00508762 0.0200636 0.0464979 -0.000508327 0.016722 0.0134043 0.12223 0.00906444 0.0447562 0.142858 0.018878 0.0408426 0.00227892 -8.24287e-05 0.00761247 0.0249185 0.0561161 -0.00356058 0.00862853 0.00716689 0.0264909 0.0628591 0.135488 0.0251968 0.00889867 0.0562518 0.0475091 0.00503556 0.0155322 0.0185214 0.0576586 0.125909 0.00303331 0.0179736 0.0110456 0.0305831 0.00387218
internal_weight=7118.08 1512.53 1294.12 312.359 292.45 5605.55 981.765 19.9093 7.20151 4.80953 921.281 325.754 324.184 40.399 24.8692 10.2723 1.87499 1.19548 8.39735 3.22889 2542.13 218.402 323.815 159.571 1258.33 422.401 60.4844 32.0208 12.9382 133.898 36.5828 35.9321 1.37798 34.5541 9.1327 1.90626 7.22644 1.26772 1283.8 865.622 269.467 56.3821 19.1292 596.155 109.412 418.178 41.5409 9.61889 2.67719 40.7685 37.2529 5.73418 17.5328 376.637 31.922 58.8308 8.0053 2.61778 213.085 48.9602 43.1815 21.5282 3063.42
internal_count=910853 586827 542434 92469 89311 324026 449965 3158 571 351 433758 119455 119303 8472 5266 2090 574 391 1516 459 213119 44393 119243 34606 141406 75621 16207 6951 1568 47096 12136 11965 465 11500 3026 715 2311 489 71713 56130 16698 3197 572 39432 4081 15583 3169 872 278 1591 2625 417 642 12414 2297 9787 1263 363 13501 2207 2019 974 110907
is_linear=0
shrinkage=0.03


Tree=88
num_leaves=64
num_cat=0
split_feature=23 10 17 66 37 17 78 31 43 94 226 1 1 188 230 12 113 22 204 30 81 122 1 60 227 40 137 66 188 31 1 176 37 1 17 87 120 52 119 7 193 179 17 182 177 59 135 188 40 80 78 162 3 119 30 19 20 219 12 53 175 263 111
split_gain=134.177 54.5141 50.5809 39.77 35.6197 28.4416 24.0028 24.4535 23.4411 23.1542 22.2898 26.5494 33.1551 28.1434 30.117 24.806 23.9074 21.7679 23.6599 26.3444 21.3774 19.426 18.9695 17.9628 17.3833 16.5565 20.533 16.3559 36.8752 39.6841 32.0331 44.8367 16.0653 16.5333 20.4525 47.9377 15.691 15.6739 15.6382 15.6121 15.547 15.4153 15.4081 25.9085 15.2673 15.2401 19.5347 27.4052 15.2267 15.2777 20.4745 31.9233 19.8239 15.166 14.851 23.8356 14.8037 14.5983 19.1887 40.8071 14.2584 14.2225 14.1446
threshold=1.0000000180025095e-35 7.5000000000000009 1036.6371997697422 1.0000000180025095e-35 43306.28290889979 24734.247923298019 88460.76791632481 1.0000000180025095e-35 293.40252101294703 3340.5000000000005 -4.4999999999999991 201956.50000000003 202056.50000000003 -40539.366851090694 -7020.2721623826938 45816.340682454917 650.77445305307265 24590.555385330579 -4423.2657334545684 1.0000000180025095e-35 493.55381627750802 -6541.2341498060341 201911.50000000003 22562.962342263938 -18.499999999999996 601.50000000000011 94738.934038340798 80782.406203311024 -20607.629900560449 1.0000000180025095e-35 202009.50000000003 11.644473707005501 123867.8563518508 201908.50000000003 13624.350916669742 140.50000000000003 16199.651944177771 3.5000000000000004 -11025.800608741352 580.77987059682857 -17.499999999999996 495.57844282903199 9259.2016452482439 -98.949519656080028 -3397.3189106996838 2188.9064192357764 2251.5021694683032 -336.74628246204196 958.50000000000011 1.0000000180025095e-35 16987.317768723846 5.5000000000000009 47.500000000000007 -301.21454434391745 5.5000000000000009 9.5000000000000018 558.53175772979762 16923.664365951128 8968.6620803894402 2647.9245212782653 24.516466316252018 11363.208141814857 67.500000000000014
decision_type=2 2 8 10 10 8 10 10 10 10 8 2 2 8 8 2 8 2 8 8 10 10 2 10 8 8 10 8 10 10 2 10 10 2 10 8 8 8 10 8 8 10 10 10 8 10 10 10 10 8 8 10 2 10 10 8 8 10 2 8 10 10 8
left_child=1 6 39 -3 20 23 8 -8 10 22 11 -1 -13 14 15 -14 21 18 36 25 -4 -15 42 40 27 -20 -27 -25 29 -29 -31 -32 -10 34 -34 -36 -12 -23 -9 44 -5 45 43 -6 -2 61 -47 -48 49 -41 -51 52 -52 -40 -24 -56 -22 -39 -59 -60 -55 -42 -38
right_child=2 3 4 5 9 -7 7 38 32 -11 17 12 13 16 -16 -17 -18 -19 19 -21 56 37 54 24 -26 26 -28 28 -30 30 31 -33 33 -35 35 -37 62 57 53 48 41 -43 -44 -45 -46 46 47 -49 -50 50 51 -53 -54 60 55 -57 -58 58 59 -61 -62 -63 -64
leaf_value=0.014247442257648766 0.035884315091551218 0.0041490956413776361 -0.019424616855177265 0.069654750122705791 0.19739052521330291 -0.016021576281627054 -0.01280283135533475 0.10805475185349805 -0.0060718356291269713 -0.027763995476257106 0.011800870566417284 -0.0021499116926991853 0.201002901192711 -0.014032163632956219 0.028449550610405203 0.039177251047690057 0.0010221820799884509 -0.0048116843536467457 -0.0036255400255604843 0.010931562325440774 0.024044039865076423 0.0093378404841634073 -0.017084917719289518 -0.00038699759491907156 -0.012287942851640738 0.0030745602990624433 -0.014671557459272205 0.28794512424378271 -0.030361679055407043 -0.0052360451723420798 0.013894545585563755 0.37018579084710224 0.02121981582696187 0.001047454421926384 0.23134598761789091 -0.011026222453929238 0.018688869997065889 0.028129948298103408 -0.007167006813333621 0.012274112420594148 -0.0016784758726084517 -0.024014038006252729 0.026886577357072769 -0.0030212128418326462 -0.0063157472204474511 0.010456483858986201 0.012224315359939402 0.15626532202738644 -0.0065313067088830206 0.0030528736471027306 0.0077517645854855363 0.21599363873329647 0.13765519142363367 0.06536317679332293 0.23586758952701603 -0.030195519997592814 -0.030172759883726023 0.038582557314279738 0.30315415430573533 0.027267149362924441 0.0061852013140764623 0.091863038219098386 0.086901113965437843
leaf_weight=330.13120695296675 7.9945632357848808 390.8261110674357 531.16625487734564 2.8681249491637573 1.2949528748868036 245.06767793674953 10.047891630791126 2.8871360449120393 374.89039547019638 12.7575233009411 142.7890048166737 367.75830514775589 1.9112139835488053 14.263491306686772 12.221371085848658 1.5390156272333113 147.16739597148262 357.9997249400476 475.00022032274865 292.68084360996727 17.307528119417842 44.043716583400965 13.781433384167029 37.98852823371999 276.86475480534136 2063.8679581566248 60.397060703602619 0.84718387399334449 3.1923620484303674 2.3701172975124796 0.67701433168258496 0.5992510550422594 9.7178780150134099 28.783560403622687 1.4858878285158419 1.4522441861918194 6.1894921798957485 60.036660430021584 5.9885673345997956 36.627891557756811 324.73093066411093 23.493794691632502 23.206416270812042 1.0523244161158825 221.24005230376497 41.972420464153402 2.7704330885317177 2.0822894623270249 28.15617918013595 4.2555476373527181 3.1218458091607317 1.3752948007313532 1.5987273682840166 12.531708178110426 0.56088075006846216 0.65920267894398432 6.1407536123879245 3.7097885315306476 0.89855396724306014 1.0421520592644811 5.1785616506822398 1.4695026359986503 4.9034179281443366
leaf_count=15033 662 23843 367701 238 198 87286 461 118 47798 7527 1641 22935 142 275 906 229 5726 19823 21358 12681 4068 1424 6658 4907 45682 79779 9567 133 858 569 138 137 142 1770 205 297 274 1741 313 5783 28575 4502 5003 248 55217 3880 204 160 5763 166 561 95 242 625 153 255 2997 163 96 197 375 262 88
internal_value=-0.000195532 0.00138525 -0.0109374 -0.00392693 -0.0159357 -0.00719099 0.00287507 0.0270665 0.00269062 0.00748615 0.00333602 0.00731105 0.00381281 0.0114578 0.0505466 0.128819 0.0091987 0.00218605 0.00300855 0.00239862 -0.0181871 0.0189033 0.0185749 -0.00419333 -0.00945917 0.0014378 0.00257 0.00768803 0.0475997 0.102986 0.0600132 0.181186 -0.00411253 0.0136127 0.0421897 0.111548 0.014471 0.0231845 0.0421347 -0.000954164 5.92853e-05 -0.000444116 0.0342954 0.107543 -0.00484402 0.00104036 0.0170451 0.0740319 0.0109136 0.0213689 0.0535501 0.0888024 0.0517465 0.0341039 -0.00820357 0.0921155 0.00984547 0.0324687 0.0785683 0.155004 0.0480593 -0.00125708 0.0488408
internal_weight=7111.63 6199.33 912.297 1357.82 607.927 966.994 4841.51 36.6339 4804.88 53.3127 4388.55 984.723 654.592 286.833 15.6716 3.45023 271.162 3403.83 3045.83 2891.95 554.615 123.994 40.5552 721.927 322.539 2599.27 2124.27 45.6745 7.68593 4.49357 3.64638 1.27627 416.33 41.4396 12.656 2.93813 153.882 109.731 26.586 304.37 399.387 396.519 25.5537 2.34728 229.235 373.026 46.8251 4.85272 75.1355 46.9793 10.3514 6.09587 4.72057 23.6988 15.0015 1.22008 23.4483 65.6872 5.65049 1.94071 17.7103 326.2 11.0929
internal_count=910853 447556 463297 201374 394808 177531 246182 1892 244290 20042 194078 48867 33834 10899 1277 371 9622 145211 125388 123385 374766 3896 12515 90245 52424 110704 89346 6742 1835 977 844 275 50212 2414 644 502 2003 3621 1431 68489 37821 37583 5449 446 55879 33081 4244 364 12610 6847 1064 898 803 1313 7066 408 7065 2197 456 293 1000 28837 362
is_linear=0
shrinkage=0.03


Tree=89
num_leaves=64
num_cat=0
split_feature=17 120 29 187 203 114 220 221 227 87 8 22 53 56 37 76 53 22 32 177 76 176 210 130 161 86 49 120 143 10 137 178 189 87 94 49 29 90 260 36 100 160 174 223 60 93 25 3 67 117 81 25 59 49 248 83 153 145 36 17 10 61 11
split_gain=110.853 50.4421 32.0143 31.0913 23.8321 21.7544 32.0398 23.0083 20.2806 21.4499 19.696 19.8971 24.4839 21.0984 18.7549 18.6184 18.4354 18.4213 21.9129 19.8382 18.3886 18.3401 26.0615 17.8996 27.7968 23.3201 17.6593 19.4757 18.3372 22.2236 26.3663 17.5906 17.2872 17.12 32.0308 40.5785 27.0828 22.2231 16.3545 17.6529 16.273 25.836 33.1861 16.1821 15.7815 15.7465 15.685 21.824 15.4954 15.4906 15.2294 20.9929 14.9843 14.9057 14.8921 14.8044 14.4815 14.243 14.1456 13.9728 18.6908 34.0076 13.9231
threshold=13624.350916669742 7730.4857828896083 41676.011540200001 -1.0000000180025095e-35 1.0000000180025095e-35 13804.356828985774 -1.0000000180025095e-35 1.0000000180025095e-35 -32.499999999999993 69.500000000000014 -3908.3872083155388 5517.8821042235895 9646.1310955581012 1.0000000180025095e-35 123867.8563518508 37339.523206669393 18006.387843212568 35474.031780573212 56.500000000000007 -339.83678497603097 37339.523206669393 129.07599166484596 -209.84941685101964 90882.638551559314 1720.435594088334 1.0000000180025095e-35 6.5000000000000009 25111.975756155596 417233.86322694487 6.5000000000000009 1818.5041293099603 14.948010129077007 -78179.242461200556 57.500000000000007 4381.5000000000009 3.5000000000000004 10520.939677752902 -1612.4999999999998 29.500000000000004 -1033.4999999999998 -1763.4999999999998 3.5000000000000004 22.71667810119553 1.0000000180025095e-35 43779.470752218927 24.500000000000004 1794.14034140737 38.500000000000007 1.0000000180025095e-35 288.18130930465503 -1.0000000180025095e-35 7005.0692148684184 1571.6055405225004 8.5000000000000018 -7.9999999999999991 1.0000000180025095e-35 743577.75399846688 -154.24532100451196 -927.49999999999989 1036.6371997697422 6.5000000000000009 860.6223605918982 -1.0000000180025095e-35
decision_type=10 10 2 10 10 8 8 10 8 10 10 2 10 8 10 10 10 2 10 8 10 8 10 10 8 10 8 10 8 2 10 10 8 10 10 10 2 10 10 10 8 8 8 10 10 10 10 2 10 8 10 10 8 10 8 10 8 8 8 10 2 10 2
left_child=2 10 4 -3 8 6 21 -8 23 16 -2 13 -13 50 54 -15 17 18 20 55 31 22 -4 24 26 -25 59 -28 29 -29 44 43 56 -20 36 -36 -35 -38 39 -18 -24 42 -42 57 -31 -21 -45 -48 -43 -33 51 -12 -22 -49 -5 -19 -11 -10 -55 -1 61 -61 -34
right_child=1 3 5 14 -6 -7 7 -9 9 32 11 12 -14 15 -16 -17 38 19 33 45 52 -23 40 25 -26 -27 27 28 -30 30 -32 49 62 34 35 -37 37 -39 -40 -41 41 48 -44 46 -46 -47 47 53 -50 -51 -52 -53 -54 58 -56 -57 -58 -59 -60 60 -62 -63 -64
leaf_value=0.00064612945220436375 -0.015633928044346129 0.12167382772307198 0.24046922981270935 0.14773051620937455 -0.011095446989242086 -0.010136856895939546 -0.0046686356170476447 0.031719781979497222 -0.013970802537126341 0.02193635255771675 -0.0010176409790342933 -0.021022974495518373 0.0042057639997542459 -0.0041467268954197929 0.013664374977060991 0.1325766660534605 0.054032805709021851 0.013073767605409348 0.011270883326501096 -0.0074729749819669837 0.0020014208063597774 4.538784690864287e-05 -0.006842700076839482 0.030028535648255954 -0.0036293881546129937 0.0025404576660796158 0.0182930508099927 0.044939644068487355 -0.002997412944201772 0.12762553272586799 0.045247874595424904 0.0010477164703212175 -0.0015891046090245513 -0.013766848304735253 -0.0024598898411455354 0.23781371109582111 0.18819273411086238 0.042332964948360398 0.0063674878847276963 0.0043654515081971105 0.30735174938881582 0.13192887115813506 0.071553884817164792 0.0080903829471699069 0.28678427943079349 0.071699251843580017 0.10741991329859958 0.0028815052764644042 -0.0161808977619303 -0.010655299782374381 0.0082486754693768694 0.11001858923534504 0.030656268256895009 0.11778207277799214 -0.015075305903821988 -0.016099479731641959 -0.027008421805055097 0.0027408865552809828 0.015501098755983624 0.023692243690266703 0.006889134494765272 0.14747284678503605 -0.013925746046539582
leaf_weight=61.118739681085572 84.35890612588264 1.5225744801573444 0.77419112250208755 0.50605266075581312 116.8037529977737 329.91410074115265 142.76766898029018 17.562493896461092 46.635052344878204 33.127763161319308 2.9745586247881866 78.800806106184609 61.749624244053848 217.08949831337668 21.289037647773512 0.90011184511240472 17.540176928392615 87.975442824768834 115.67545643215999 335.52824859390967 28.982880989438854 4.5877788979560128 2.4022279401542619 69.732686490984634 150.21017692191526 46.166663133539259 23.730092676356435 4.8164529240457306 2.629638636833989 1.1166985103627673 1.505838928860612 274.91557795240078 185.73571576119866 6.9481530139455554 1.0626847919775166 1.5630466315196825 1.2290460638469083 3.9988218034850433 43.939028950291686 10.17746168724261 0.88452792924363077 0.91940975131001268 1.3679266945691781 260.38303873583209 1.1261343604419378 2.2762311348924404 3.2182068685069707 11.254520474118182 2.06047047674656 161.64312953012995 213.99201335024554 3.1608762651449069 37.903504961053841 2.3901906905230135 652.22965199919418 19.044402324710973 6.509639117284677 2908.307662816369 2.4792713432107112 6.8013701078016329 15.590562744648194 2.8283221302554011 147.89669208985288
leaf_count=3455 19312 101 161 217 11625 78932 35566 2401 1617 8005 280 28319 13025 55905 6566 88 236 2968 7999 23872 394 956 555 1010 5933 1719 728 168 224 146 173 13158 35049 1230 143 222 125 500 952 125 162 99 191 5872 116 211 206 724 373 18320 25681 237 541 140 339355 1465 1427 98095 154 498 1829 162 50835
internal_value=-0.0001925 -0.00796999 0.00161312 -0.0137394 0.0023044 -0.00561581 0.00298965 -0.000682665 0.00260857 0.00207119 -0.00209159 -0.000117375 -0.00993894 0.00303344 -0.0140453 -0.00358218 0.00265886 0.00240814 0.00307294 -0.00337352 0.00265111 0.0482927 0.0746162 0.00920945 0.00499584 0.0190791 0.01568 0.0336802 0.0662971 0.0875717 0.142347 0.0023671 -0.00483253 0.0151581 0.0455369 0.14057 0.0250431 0.0766239 0.0177507 0.0357958 0.0577977 0.0874749 0.164151 0.00312999 0.20754 -0.00693949 0.0100266 0.0360912 0.0295168 -0.00328552 0.00958481 0.0561864 0.0182397 0.0218546 -0.0149491 0.00788233 0.0138982 0.00247714 0.065706 0.00839871 0.0271863 0.0600477 -0.00705784
internal_weight=7104.33 1338.57 5765.76 675.547 5262.52 503.241 173.327 160.33 5145.71 4758.34 663.026 578.667 140.55 438.117 674.025 217.99 4385.07 4313.41 3868.59 444.824 3738.11 12.9965 8.40875 387.373 271.474 115.899 121.264 34.9249 11.1948 8.56512 3.74867 3671.23 373.27 130.477 14.8018 2.62573 12.176 5.22787 71.6567 27.7176 7.63456 5.23233 2.25245 3234.67 2.24283 337.804 279.725 19.3422 2.97988 436.559 220.127 6.13543 66.8864 16.124 652.736 107.02 39.6374 2954.94 4.86946 86.339 25.2203 9.62969 333.632
internal_count=910853 489086 421767 346239 302371 119396 40464 37967 290746 274585 142847 123535 41344 82191 346138 55993 179269 177956 149440 28516 139221 2497 1541 16161 13432 2729 7499 1555 827 603 435 138286 95316 10219 2220 365 1855 625 1313 361 1380 825 353 106808 262 24083 7096 1224 472 31478 26198 517 935 1018 339572 4433 9432 99712 294 5944 2489 660 85884
is_linear=0
shrinkage=0.03


Tree=90
num_leaves=64
num_cat=0
split_feature=55 9 50 37 226 189 1 14 1 1 60 208 68 68 201 254 1 17 224 156 266 1 9 178 253 140 79 1 64 57 222 150 33 155 161 37 79 113 33 7 211 105 62 138 151 37 1 61 145 189 33 134 267 61 57 143 45 46 94 46 47 62 253
split_gain=124.368 55.7904 55.2615 34.2494 31.6026 32.1508 28.7596 28.5164 24.9869 25.4098 25.5752 22.7587 22.3778 30.9526 84.5113 48.1611 21.9826 26.4873 21.791 37.6209 21.4861 20.7144 34.3359 40.0574 20.4031 20.4008 21.0196 23.3633 19.6825 35.1362 19.4604 19.2088 19.1796 18.5935 18.5693 35.2672 46.6526 18.5092 17.9541 21.9289 24.4437 17.8759 17.7408 17.0764 17.0394 19.842 39.3189 16.7538 17.3914 16.6827 21.189 16.6029 21.5103 28.6973 25.4344 16.4931 20.0799 31.8027 16.4421 18.9322 16.1337 16.0773 36.0531
threshold=885.67272871585385 2171.3401334907885 1165.5000000000002 558.38052365514966 -4.4999999999999991 -27446.316847338854 202001.50000000003 14586.51605032824 201956.50000000003 202011.50000000003 11807.020687198788 -46465.175154102129 242362.28779589341 314608.63984225673 20571.643761835068 -2868.2860599343853 202011.50000000003 5209.5194556716888 -50.499999999999993 175099.69762542003 7594.7273437414669 201906.50000000003 699.81762485370211 -70.278061851391953 -1.0000000180025095e-35 50.500000000000007 4531.5287301371282 202106.50000000003 6.5000000000000009 65.500000000000014 1.0000000180025095e-35 17.500000000000004 19.500000000000004 38740.189779124463 4073.4769694662141 2319.4776690328904 1799.6861356429661 1791.0325507611901 72.500000000000014 1396.9008638552896 205.14416151899255 25774.028224978829 -5629.7826473267096 12.500000000000002 181.71592214855553 1.0000000180025095e-35 202101.50000000003 860.6223605918982 6992.7933531900972 -78179.242461200556 84.500000000000014 1.5000000000000002 -295.6395022674364 2354.5281799247882 47.500000000000007 109053.24053219461 166952.39225868581 -1308.4999999999998 4381.5000000000009 -1520.4999999999998 7639.6472564333808 -99.064891935855471 -1.0000000180025095e-35
decision_type=8 10 10 10 10 8 2 8 2 2 10 8 10 10 8 8 2 10 10 8 10 2 10 8 8 10 10 2 10 10 10 10 2 10 10 8 8 10 2 8 10 8 8 10 8 10 2 10 10 10 2 10 8 10 10 8 10 8 8 8 8 8 8
left_child=1 3 6 4 5 21 12 51 24 -10 25 30 33 14 15 -14 17 42 19 -15 -4 22 -1 -24 32 26 -11 38 29 31 49 61 -7 43 35 36 -35 -34 -28 40 -40 55 -6 -2 45 58 -47 48 -9 50 -3 -5 -53 -54 -55 -27 57 -57 -23 -60 -58 -8 -63
right_child=2 11 20 7 16 8 28 47 9 10 -12 -13 13 18 -16 -17 -18 -19 -20 -21 -22 44 23 -25 -26 41 27 -29 -30 -31 -32 -33 37 34 -36 -37 -38 -39 39 -41 -42 -43 -44 -45 -46 46 -48 -49 -50 -51 -52 52 53 54 -56 56 60 -59 59 -61 -62 62 -64
leaf_value=0.024639684950351345 -0.0045985245605502023 0.1187425830391643 -0.020047026519557545 -0.0011711065975707846 0.031837135376932592 -0.0061572820506361316 -0.02456834418920514 0.0079428250041031229 -0.0037206142307950945 0.0065638954683412314 -0.0026038167968569581 -0.011826310563363333 0.37740886945703878 0.40176359207271467 0.58965945097543737 -0.0087396725651544011 0.0042809768264241745 -0.0079151385400524077 -0.0025467819940292974 0.035120128724158643 0.0064776424263992506 0.014087343311786635 0.18769729169467947 0.027314170733625277 0.0095028121464739452 0.023424221776367719 0.0085040267553701011 0.12204716739939334 -0.020161023848026118 0.15795195542267557 0.11350494912679768 0.21483739529422441 0.045846347415425627 0.43422260538621121 0.017361330946225207 -0.030087498770299773 0.028283204722015221 0.15646177964434457 0.063958926476760408 0.0011206481744886231 0.25969899367787352 -0.0025803520371508334 0.00068292532924766366 0.12361195473147352 0.00034393661364036441 0.0075458467452936013 0.19997232095167936 -0.019563515453609081 -0.020514153693524363 -0.010362495701101277 -0.00040266931047057013 -0.032245496822357139 0.017988198724115577 0.03850817009855164 0.20536370923175806 0.055327587109340721 0.088509093169410191 0.20492508314789556 0.12711496017391671 0.03360771758543895 -0.0062905481968309942 0.25283206691841331 0.003819078532737353
leaf_weight=16.83307318366133 77.533354099141434 2.5025833778781825 424.77006140421145 638.17726340366062 16.59147821739316 2.9847988868132234 21.397686706972308 52.90075040445663 386.88154235656839 147.63033776555676 131.65359341038857 351.12526941555552 0.36769634415395558 0.34717873611953076 0.33877666725311462 1.3880138720851372 1451.3523103644839 359.29807125369553 5.411597017548047 0.91753450653050106 29.386792669538409 73.84887653531041 2.9050622095819563 2.7080385120352721 468.32127208786551 10.284577458282003 12.508029008400632 2.6771216291235751 83.121286061941646 1.2632190551375959 1.9124763280851773 0.36709617602173139 3.6219774557976052 0.51368537894450006 40.499344847397879 0.83516169851645816 0.505570708657615 2.1813796632923186 1.5012413022341164 1.8200036280322853 0.92980762268416572 7.4716353422263664 1937.9219132579165 0.94636760698631306 47.094352195272222 2.2688755135750394 1.6511881073238326 134.83837326534558 30.456684542354196 10.246806134586221 2.90020119282417 3.3126460714265704 6.0780750861158577 1.5360569275217133 1.7692286664387209 2.9938258779002354 3.1680516245542067 2.2328297221101803 2.3761373648885638 10.834096633363513 3.2973907140549299 0.52873270807322115 50.826070634531789
leaf_count=703 27316 179 302831 64068 214 46 10366 12618 31934 4935 7257 94211 148 139 126 573 58551 72055 2365 402 7072 6420 219 248 22216 562 533 153 39655 193 196 94 214 185 3455 432 230 143 183 267 156 542 61516 231 2038 325 98 41569 8832 2119 626 456 439 132 160 182 127 140 245 1056 486 151 15520
internal_value=-0.000189169 0.00116712 -0.0118179 0.00186463 0.00279967 0.00673276 -0.00151585 -0.00364171 0.00503562 0.00148789 0.00762825 -0.0101594 0.00895125 0.0552207 0.15584 0.072131 0.00138666 -0.000428822 0.0236546 0.135768 -0.0183307 0.0193372 0.0460658 0.110321 0.0103527 0.0144831 0.010425 0.0397522 -0.0101288 0.00108194 0.0231686 -0.00162816 0.0556407 0.00559275 0.021612 0.114443 0.232869 0.0874247 0.0266062 0.079869 0.138824 0.0375061 0.000947387 -0.00305247 0.014992 0.0225744 0.0885987 -0.0130274 -0.00245463 0.0121289 0.0547857 -0.000495291 0.0334752 0.0566769 0.127821 0.0511347 0.0755094 0.119236 0.0196015 0.050427 0.0401611 -0.00272041 0.00638284
internal_weight=7096.86 6355.6 741.265 5986.91 5117.84 1352.68 287.108 869.069 1192.16 715.05 328.168 368.687 129.604 8.7708 2.09449 1.75571 3765.16 2313.81 6.67631 1.26471 454.157 160.52 22.4462 5.6131 477.109 196.515 167.067 19.4362 157.504 74.3828 17.5621 73.1196 8.78816 120.833 42.3538 1.85442 1.01926 5.80336 16.7591 4.25105 2.43105 29.4483 1954.51 78.4797 138.074 90.9792 3.92006 218.196 83.3574 15.6496 5.40278 650.873 12.696 9.38336 3.30529 21.9767 11.6921 5.22666 87.0591 13.2102 6.46544 72.7525 51.3548
internal_count=910853 499369 411484 402038 273764 81428 101581 128274 70076 47457 15523 97331 35602 3753 847 721 192336 133785 2906 541 309903 11352 1170 467 22619 8266 6227 1292 65979 26324 3120 26131 403 31849 4302 847 415 357 1139 606 339 2039 61730 27547 10182 8144 423 63019 21450 2924 805 65255 1187 731 292 1497 935 322 7721 1301 613 26037 15671
is_linear=0
shrinkage=0.03


Tree=91
num_leaves=64
num_cat=0
split_feature=24 14 50 203 41 189 1 1 1 226 8 12 26 174 255 108 105 94 225 189 14 112 94 246 75 49 82 257 82 68 208 68 161 114 255 68 12 44 182 235 8 114 221 83 194 118 178 1 128 112 45 138 94 138 66 68 93 208 1 185 171 70 225
split_gain=118.62 53.0872 46.9803 34.6929 29.8566 33.3256 28.4441 26.3124 44.2039 36.459 27.9224 32.5968 21.9663 25.0803 21.4854 20.4583 19.5393 23.3235 20.5318 35.6235 40.6835 19.3567 19.3071 19.2903 19.1663 18.8317 18.4447 18.2535 24.0797 17.5779 24.7811 54.8052 17.5093 19.561 17.2557 23.8386 16.7564 16.6823 16.5825 16.1765 15.9721 15.8611 19.0675 27.3899 25.8862 17.5889 15.7721 17.4202 20.0701 15.7714 15.1383 20.2002 31.4711 15.076 14.846 14.5542 21.1289 17.5597 17.4384 15.1 18.8219 23.7552 20.4747
threshold=37968.357407293661 91955.667768905914 1165.5000000000002 1.0000000180025095e-35 4394.0195740557165 -78179.242461200556 202001.50000000003 202011.50000000003 201956.50000000003 -4.4999999999999991 -442.74617653284992 1.0000000180025095e-35 1.5000000000000002 -592.29142843934403 901.0191465477991 3.5000000000000004 9434.5062544826833 784.50000000000011 1.0000000180025095e-35 -38489.17840744905 77169.95431701302 141.50000000000003 3340.5000000000005 1527.6998684354628 16.500000000000004 2.5000000000000004 9.5000000000000018 -18421.312011786151 17.500000000000004 242362.28779589341 49973.064699808478 437095.06804030959 613.73380922932358 107200.51056247107 7370.181218193492 -6574.3556804093432 851.77520742401066 1.0000000180025095e-35 1.0000000180025095e-35 48673.789135959087 1916.8123413966521 22888.733463855115 1.0000000180025095e-35 43855.399907237836 3292.3619378962267 4.5000000000000009 14.948010129077007 202102.50000000003 11863.509287723851 109.50000000000001 183704.70649624383 3.5000000000000004 967.50000000000011 1.5000000000000002 1.0000000180025095e-35 92046.748656842028 8.5000000000000018 -82838.306088344048 202104.50000000003 -1249.7774849079258 666.60095369481928 7.5000000000000009 -11.499999999999998
decision_type=2 10 10 10 10 8 2 2 2 8 8 2 2 8 10 10 10 8 10 10 10 10 8 10 10 10 10 8 8 10 10 10 8 10 10 8 2 10 8 10 10 8 10 10 8 8 10 2 10 10 10 10 10 10 10 10 8 10 2 10 8 10 10
left_child=1 3 6 4 5 55 16 8 9 54 11 25 13 -9 37 34 24 18 -18 20 -20 -14 -23 -4 29 -10 -3 28 -21 -2 38 -32 33 46 53 -36 -24 -11 -31 -34 -17 42 50 -44 -45 -43 -6 -48 49 -49 -15 -52 -53 -12 -7 -1 57 -57 59 60 -59 62 -62
right_child=2 26 23 -5 32 7 -8 12 10 14 15 -13 21 41 -16 40 17 -19 19 27 -22 22 36 -25 -26 -27 -28 -29 -30 30 31 -33 39 -35 35 -37 -38 -39 -40 -41 -42 45 43 44 -46 -47 47 48 -50 -51 51 52 -54 -55 -56 56 -58 58 -60 -61 61 -63 -64
leaf_value=0.010071541254880819 -0.0030460034588757918 -0.0044887140397939325 -0.01921193577420803 -0.013304890102600732 -0.0073129905023566373 0.017760847878769886 -0.010768282972529403 -0.0072802658912317682 0.017735721712475633 0.001911392238493328 -0.01044218800546186 -0.020477545031394054 0.014008765042910371 0.0042548669125597365 -0.010475555821307419 0.0016943561343354323 0.030326511856915428 -0.0032683609482588609 0.41726471337562371 0.31371516667529264 0.037763748005652416 0.0079350663298399481 0.050268090168216574 0.0062545033304343941 0.12543925659573618 -0.013325974585689137 -0.017142421766547254 0.021561859505346399 0.042949803358210845 0.00053874864381175903 0.3803525879699875 -0.030186253290438097 -0.014465525756986968 0.11212537817526357 0.058312623824597933 -0.013224855259203862 0.14237043591303791 0.018106373691749708 0.20911285849799999 0.013180868538441243 -0.014616802708058221 0.029829258919031744 0.013844636428379917 0.043591484136804713 0.16635127441167338 -0.0024395958788803575 0.0082891727812779894 0.051895159670548315 -0.0028334151924299684 0.17913390240369895 0.010584282137864092 0.13076243382613531 0.010544426012739269 0.015317610488316024 0.0066752948199126196 0.10424454335409312 -0.0032695055841290401 0.02128129705929566 0.089603491167126487 -0.0033488517537075112 0.054404547844895686 -0.015430865644171808 0.18891052023776025
leaf_weight=158.47812992683612 90.5426299511455 335.06188382604159 423.2327808359405 131.65958602551837 39.569610070902854 192.62527725438122 153.42460018675774 146.46793019934557 40.001838179887272 1074.1205342789181 326.02433539112099 152.40576363762375 28.918694455176592 1011.6650705637876 121.98331050551496 1018.7091173396911 14.762933877762409 12.851317633292636 0.60003888816572704 0.51890563149936464 0.44114842801354825 4.068992160726336 4.1681811227463195 28.577363317366689 1.110711607383563 31.320229272940196 150.12929282011464 3.0453360730316481 0.68690998200327169 3.8886414194712406 0.58440500823780872 0.58621801983099431 186.65416841162369 1.5392739116214205 8.3347756832372379 8.4351866984507087 3.0999965176451951 60.46753586968407 0.37625404004938889 21.212764168041758 57.05624080169946 16.079987386008725 85.299876880948432 10.081298811128361 1.8259701348142687 278.56707334483508 15.309541679685937 1.7949254886480042 2.1218223061878234 1.7139396471902726 299.38326208922081 3.2542843478731793 4.9269471199950203 21.81592114106752 249.63044910936151 3.5229739006608716 13.576776500558479 12.321872068103403 4.3622595001943401 10.515074684284629 1.9394841876346616 1.4746496914885936 2.1450032901484528
leaf_count=9348 24399 67229 302680 14943 5443 3370 64893 7809 1017 53283 16956 33130 874 34579 19204 52838 3673 3818 135 152 171 165 73 10093 52 2338 57697 779 142 1694 163 215 43382 255 326 1177 260 393 175 3542 3581 240 2456 634 243 16689 2349 119 218 172 14974 174 362 1327 18478 160 1610 1845 339 1351 149 382 136
internal_value=-0.000186643 0.00113304 -0.0115949 0.00192125 0.00227056 0.00275127 -0.00202009 0.00228524 0.000691395 0.00409554 -0.00278378 -0.012644 0.00510954 0.0046344 0.00148823 -0.00125224 0.0083048 0.0282829 0.0485008 0.0991979 0.256471 0.027034 0.0602586 -0.0176012 0.00153357 0.00409535 -0.00840406 0.0606787 0.15947 9.96646e-05 0.0524989 0.174765 -0.0074696 0.00651554 -0.00739357 0.0223297 0.0895512 0.0027745 0.0189394 -0.0116442 0.000829248 0.00565429 0.00697165 0.0197944 0.0624166 -0.000678564 0.003829 0.0248834 0.0700022 0.114046 0.00602681 0.0118552 0.0583641 -0.00882658 0.0115036 0.014519 0.0286558 0.0406025 0.0337581 0.0251791 0.0419552 0.087779 0.125042
internal_weight=7091.07 6355.84 735.23 5870.65 5738.99 5469.07 283.42 5260.74 3362.93 1698.83 1664.1 223.728 1897.81 1857.55 1256.57 1440.38 129.995 32.9066 20.0553 5.29234 1.04119 40.2559 11.3372 451.81 97.0889 71.3221 485.191 4.25115 1.20582 95.9781 5.43552 1.17062 269.916 62.0491 364.61 16.77 7.26818 1134.59 4.2649 207.867 1075.77 1711.08 1416.44 97.2071 11.9073 294.647 60.5098 20.9402 5.63069 3.50887 1319.23 307.564 8.18123 347.84 442.256 208.336 49.8581 36.2813 32.7583 28.3961 17.881 5.55914 4.08449
internal_count=910853 497619 413234 372693 357750 302270 100461 286950 207418 94728 112690 36485 79532 78160 72880 76205 35568 8870 5052 1379 306 1372 498 312773 26698 3355 124926 1073 294 26646 2247 378 55480 8556 19786 1503 333 53676 1869 46924 56419 70351 53422 3333 877 16929 8301 2858 509 291 50089 15510 536 18283 21848 15320 5972 4362 4202 3863 2512 667 285
is_linear=0
shrinkage=0.03


Tree=92
num_leaves=64
num_cat=0
split_feature=33 12 226 203 83 1 192 176 152 65 1 192 1 1 80 31 226 101 36 65 143 6 171 19 1 266 77 89 221 0 1 184 106 160 2 236 119 86 106 6 238 1 77 219 112 179 6 41 133 182 86 245 0 93 119 93 61 87 19 108 204 143 91
split_gain=112.503 38.7663 26.2537 22.0494 21.6408 25.1832 24.3999 31.479 19.2718 27.7878 18.459 18.4321 20.7243 39.0438 25.8256 26.8116 24.9618 21.0417 18.7884 17.7284 18.8011 17.413 16.8692 16.8585 16.7366 16.6954 17.0749 16.4914 16.4602 30.5887 26.5116 17.6467 24.6589 37.6067 16.2584 16.2334 16.1139 16.1077 23.4854 16.7251 16.6066 15.8531 19.3512 36.7766 16.0427 28.6403 47.278 15.6144 21.6176 17.5204 21.7623 15.6091 23.2772 15.5972 15.5488 15.4704 15.2017 28.1909 15.1055 14.7509 14.7153 14.5261 14.3164
threshold=72.500000000000014 20334.99599055044 -5.4999999999999991 1.0000000180025095e-35 22594.884068606934 202102.50000000003 12.500000000000002 33.942659336990509 8.0000000000000018 -57.119950446931988 201956.50000000003 1.0000000180025095e-35 201956.50000000003 202004.50000000003 1.5000000000000002 1.0000000180025095e-35 -4.4999999999999991 925.26751191627625 -257.99999999999994 -153.17256383447497 180327.87658502135 25467.389181806535 -156.75593940036839 1.0000000180025095e-35 202010.50000000003 7594.7273437414669 5.5000000000000009 289171.06312852469 1.5000000000000002 52313940.500000007 202103.50000000003 -309.7112205640002 10.500000000000002 6.5000000000000009 1.0000000180025095e-35 -5037.5575784430102 -8162.9545888726607 136.50000000000003 18.500000000000004 54341.156496338393 1.0000000180025095e-35 202103.50000000003 4.5000000000000009 -9601.0626004232399 285.50000000000006 -192.49325963479404 33924.726962024804 1.0000000180025095e-35 30003.882702907398 33.040163258185004 136.50000000000003 1.0000000180025095e-35 31570345.500000004 4.5000000000000009 -2961.798362226265 4.5000000000000009 160.35928588860654 118.50000000000001 1.0000000180025095e-35 11.500000000000002 -33644.432996867174 324946.136688 5155.5686356523147
decision_type=2 2 10 10 10 2 10 10 10 10 2 10 2 2 10 8 8 8 8 8 10 10 10 8 2 8 8 10 10 2 2 10 8 8 10 8 8 10 10 8 8 2 10 8 10 10 10 10 10 8 10 10 2 10 8 10 10 8 10 10 8 8 10
left_child=3 2 10 4 6 23 11 54 28 -10 37 12 16 19 15 24 34 18 -17 20 59 -20 36 -6 -15 -4 -27 -24 -3 30 -30 32 33 53 58 -7 -19 39 -39 -2 -41 44 47 -44 -12 -46 -47 48 49 -43 56 -26 -53 -31 -8 -16 57 -51 -1 -14 -18 -36 -32
right_child=1 8 25 -5 5 35 7 -9 9 -11 41 -13 13 14 55 17 60 22 21 -21 -22 -23 27 -25 51 26 -28 -29 29 31 62 -33 -34 -35 61 -37 -38 38 -40 40 -42 42 43 -45 45 46 -48 -49 -50 50 -52 52 -54 -55 -56 -57 -58 -59 -60 -61 -62 -63 -64
leaf_value=0.01756730786151563 6.4806079556566619e-05 -0.014964616165731436 -0.010909129119651782 -0.011659059388190713 -0.0041808305588653932 0.018103325013544787 0.12129405454761567 0.15784950768190853 0.2382330711965169 -0.030231171124564211 -0.011082964852664964 -0.0036888284837302641 -0.0015021365432775929 -0.005807171518513508 0.017780266306725395 0.0078753862772994523 0.022700582291564721 0.013554611859214217 0.02753067581747462 -0.013308926148482975 -0.014818170381451968 -0.0080898154124709239 0.0047108565732631976 -0.018741437253585808 0.0015171319830636913 0.0027954125099079086 0.13401245330376563 0.022685866491658869 -0.016430391170686967 -0.030155019560662119 0.070988224623003263 0.023754205853503078 0.015076123922054496 0.38831900109375689 0.015219729678140262 -0.0013574622525401154 -0.0048639703379045416 0.032611865217354312 0.19501501644097496 0.041572361904879368 0.0094343383619477188 -0.0014731774101038742 0.32553481046083971 -0.030401049883955367 -0.011781166999430366 0.016908610974357995 0.31353609658631326 -0.017822926472126726 0.15783904170470131 0.18811865033442521 0.14672639819060379 0.099844385680447623 0.0017909344507661422 0.20332809516957431 -0.013487459469923727 0.065228529656039702 0.0087417579873956194 0.01202102287132515 0.054684652707223919 0.016820696243339827 0.0030998208207459309 0.0008227621041650686 -0.030129734465962892
leaf_weight=137.65676441579126 102.48914452281315 573.64680210221559 371.2560240465682 108.32107309880666 318.98728702426888 65.208582734689116 0.98681604082230479 2.0529228046070784 0.66602434683591127 0.72440708964131661 138.68030592252035 389.94171053578611 166.15708387480117 345.08265314344317 26.036690277280286 331.08247632184066 35.534651677007787 50.560136383981444 88.455538592068478 190.6135381704662 72.046138978446834 14.355969792581162 312.50098095275462 92.265020050690509 958.84727007849142 77.828059298102744 0.90287991822697122 53.853138704784214 40.860979362507351 0.52183526172302663 5.2989392708986989 5.5381010305136424 1.2363290016073731 0.57256650156341504 121.00458598486148 94.458640436874703 276.72754612425342 5.8091101109748697 0.92965843481943 20.814424075186253 47.478096231585369 26.208235791651532 0.4932610671967268 0.55546292394865193 3.4290797119028866 1.2689288938418024 0.78137575276195992 16.431446863571182 0.95377995120361347 1.3552047281991684 1.5197221281705413 3.6335689306724799 5.4429009354207665 0.50834345875773579 3.5114964520325875 8.1111277298768965 10.229176628519779 2.0646501258015633 10.629899252206085 51.893686461262405 1152.6862275527092 131.74804134562146 1.6533145934808997
leaf_count=2638 20142 335659 136256 9281 44573 7432 85 144 80 248 35933 46435 4436 11824 620 12162 398 955 1931 14818 2379 613 13339 22143 21269 11802 108 3490 21032 194 1485 1118 211 120 5973 8594 21572 736 223 2844 5416 4018 101 176 788 334 168 4089 167 135 238 205 302 81 549 240 1786 390 425 1201 57422 6578 749
internal_value=-0.000183776 -0.00759511 -0.00333974 0.00174502 0.00200843 -0.00352159 0.00264739 0.0605056 -0.0132005 0.0983647 0.00244986 0.00257058 0.00310765 0.00162206 0.0031418 0.00277929 0.00587027 0.00617248 0.0113542 -0.00620156 -0.00153154 0.0225568 0.00293117 -0.00744752 -0.00013459 -0.00824806 0.0043002 0.00735314 -0.0134467 0.00204914 -0.00721586 0.0549296 0.115743 0.193395 0.0123419 0.00659038 -0.00201863 0.00952349 0.0550165 0.00772841 0.0192295 -0.00370649 0.00927803 0.137011 -0.00909368 0.041254 0.129954 0.00699839 0.0166332 0.0133783 0.0390383 0.00188779 0.0410445 0.0850576 0.0160802 0.0290506 0.027048 0.0818042 0.0202281 0.0028585 0.003686 0.00771527 0.0469414
internal_weight=7083.1 1462.71 831.478 5620.39 5512.07 570.92 4941.15 6.55124 631.228 1.39043 381.491 4934.6 4544.66 2955.4 2474.69 2440.54 1589.26 1127.54 433.894 480.71 290.097 102.812 693.642 411.252 1313.01 449.987 78.7309 366.354 629.837 56.1904 47.8132 8.37718 2.83907 1.60275 401.039 159.667 327.288 177.52 6.73877 170.782 68.2925 203.971 59.8109 1.04872 144.16 5.47938 2.0503 58.7622 42.3308 41.377 15.1688 967.924 9.07647 1.03018 4.49831 34.1478 13.649 3.41985 148.287 218.051 1188.22 252.753 6.95225
internal_count=910853 586827 225850 324026 314745 82742 232003 778 360977 328 77684 231225 184790 111356 88522 87662 73434 54062 14706 22834 8016 2544 39356 66716 33600 148166 11910 16829 360649 24990 23266 1724 606 395 15614 16026 22527 29361 959 28402 8260 48323 11100 277 37223 1290 502 10823 6734 6567 2549 21776 507 275 634 860 2311 525 3063 5637 57820 12551 2234
is_linear=0
shrinkage=0.03


Tree=93
num_leaves=64
num_cat=0
split_feature=23 9 16 22 33 266 205 212 8 78 266 86 68 162 31 91 172 214 242 9 36 115 219 100 30 114 45 210 226 46 86 148 205 171 236 46 68 266 46 30 215 108 211 214 6 133 0 25 6 115 30 119 162 263 150 214 231 119 64 112 150 262 25
split_gain=110.041 46.1535 41.3887 32.0288 36.4782 38.8713 27.8104 26.6921 28.4953 25.5335 25.2837 23.7455 20.9673 24.2469 20.0425 27.9606 28.1468 32.1108 22.8595 18.5184 22.2472 20.5538 18.0052 17.7537 16.6649 16.6051 19.503 16.4527 24.4998 17.8221 27.4497 22.6277 16.3365 16.2201 21.5337 40.7455 15.8523 17.3699 16.9378 15.6972 15.5944 18.0958 15.4759 15.3358 22.4498 37.8931 34.8766 16.0975 16.0488 15.3133 17.4856 15.1129 14.998 24.3319 20.9949 14.9013 14.8374 14.5743 14.4496 14.4344 22.1157 25.8882 31.9923
threshold=1.0000000180025095e-35 2171.3401334907885 1.0000000180025095e-35 14593.376961572727 27.500000000000004 1566.6733564267822 -6806.4521660241471 1.0000000180025095e-35 -665.79861025929893 1.0000000180025095e-35 7594.7273437414669 34.500000000000007 1.0000000180025095e-35 4.5000000000000009 1.0000000180025095e-35 11027.415326613516 472.84549807272566 -1.0000000180025095e-35 -238.93465396107101 166.06663809461301 -1370.4999999999998 269.12003255235106 5645.1739586844342 -2008.4999999999998 1.5000000000000002 -1.0000000180025095e-35 1.0000000180025095e-35 -300.61803117537505 -6.4999999999999991 -1308.4999999999998 29.500000000000004 2566.5000000000005 1.0000000180025095e-35 1.0000000180025095e-35 -3685.4858001131938 -1123.4999999999998 -3355.165012307652 462.26210999115307 -608.49999999999989 29.500000000000004 1.0000000180025095e-35 9.5000000000000018 -2705.2952807763645 -70.29906047772009 23230.798608357007 5699.2563592365195 28165705.500000004 601.85225246096263 19225.953093019911 1275.2123197016087 2.5000000000000004 -674.67905590142186 4.5000000000000009 -49.912800830390999 1.0000000180025095e-35 301.00411154901911 -1881.4213534826756 -6475.9913044351133 8.5000000000000018 63.500000000000007 11.500000000000002 -2149.2972670969352 3058.6027966520983
decision_type=2 10 8 2 2 8 8 8 8 10 10 10 8 8 10 10 10 10 8 10 8 10 10 10 10 8 10 10 10 10 8 8 10 10 8 10 8 10 10 10 10 10 8 10 10 10 2 8 10 8 10 8 10 10 8 10 10 10 10 10 10 8 10
left_child=1 3 40 6 19 -6 -1 8 25 -3 39 12 13 -7 36 16 17 27 52 21 -21 -5 -9 -20 42 -8 -27 28 29 30 -16 -32 -15 34 35 -11 37 -10 51 59 -2 -42 55 44 47 57 -47 -25 49 -45 -51 -39 53 -18 -54 -19 -31 -46 -44 60 -4 62 -62
right_child=2 9 10 4 5 11 7 22 14 33 -12 -13 -14 32 15 -17 18 24 23 20 -22 -23 -24 43 -26 26 -28 -29 -30 56 31 -33 -34 -35 -36 -37 -38 38 -40 -41 41 -43 58 48 45 46 -48 -49 -50 50 -52 -53 54 -55 -56 -57 -58 -59 -60 -61 61 -63 -64
leaf_value=0.011948990866066277 -0.0020343948139722816 -0.011324427986370926 -0.01122576967804975 -0.0064222612421913306 -0.017393376483706438 -0.00519737115216153 0.0039845706910932623 0.006997753713645396 0.0024572487522120014 0.039320037540125703 0.0095478097826710503 -0.021838218546155329 -0.0069225358145179926 0.031901869851136952 0.024760025897595805 -0.0097349050552238379 0.039756287435840733 0.022497991434958536 -0.001092850173773341 -0.029825149567966905 0.021579673399929306 0.0066862802242715069 0.027131536099399573 0.034401175421650623 0.022028436034748477 0.011191481038953108 -0.010817666319972575 -0.0046783083609178043 0.00080100939368456497 -0.012946841151472613 0.053800090408633927 0.18297629676616606 -0.022653468556369585 -3.985263051433778e-05 0.008770691101342409 0.24333363721294779 -0.001748697998401307 0.0065571929926961691 0.056642317137912193 0.15367002945408254 0.014316117831499452 0.10493801299573431 0.0068713458498566235 0.0084937434752112642 0.10512383530522029 0.052422207377018422 0.28642079529264847 -0.018081250592112352 -0.001268075061986035 0.02149816147999721 0.067105326528247744 0.059980072795613737 0.1174419548872655 0.16396891967082278 -0.0085730356379585954 0.10445970612063982 0.091668639345689987 0.018970504296867811 -0.010846369075708129 -0.019788677538120251 0.21223580413660487 -0.016536920839351869 -0.030229547788385141
leaf_weight=283.73384048661683 260.82422929338645 329.16857930237893 192.33045933191897 223.32201749505475 246.84303655242547 34.236386810196564 130.97945755918045 472.75016236922238 738.18687372037675 2.685688014258631 36.780742779257707 35.354255460086279 71.216482942225412 51.886077282135375 7.3991095855599278 109.1065089131007 3.7185790250077844 21.617723893490624 75.825954634812661 8.5220653903670591 68.34408515621908 207.844589040149 43.667602902860381 15.898812886443922 69.281873141299002 40.652309543453157 333.54173020843882 402.91926544322632 67.006358090671711 7.1435102425748482 2.5191348027437934 2.3673565640347078 5.4598128425423047 10.362321841414085 4.1651243473170343 1.3112076958641408 1213.1052663088776 43.354564383509569 9.2850116065237653 0.48960098251700301 9.9751592844258976 2.4752414101967579 480.10338233690709 95.959379986627027 2.3730624315794531 1.077541216509416 1.2249255338683722 7.8603118985192841 57.446196738281287 82.87392805411946 8.3259425709256885 5.3543834782904005 1.5634845237946136 2.295510806492528 4.9799531239550561 2.1995115521131074 1.4714637300930897 6.9218357751378798 45.339182188734412 366.63701706856955 1.4442205509403723 2.1544839785201466 0.74108265968970943
leaf_count=6495 57217 87103 113837 8143 46928 1637 14445 16512 9258 408 9753 4640 7719 2348 631 13544 258 1565 2514 451 2720 6426 2969 406 3325 405 68380 25829 7871 725 159 220 333 1429 578 235 50603 1019 222 195 549 113 27350 3868 127 187 133 466 5684 3770 235 211 136 168 500 204 212 537 5315 280047 340 960 286
internal_value=-0.000180759 0.00122352 -0.0101476 0.00185419 -0.00317799 -0.00944922 0.00283265 0.00227249 0.00146314 -0.00939584 -0.0145517 0.000446965 0.00528653 0.0147806 0.00240038 0.0049206 0.00600268 0.0036169 0.0131881 0.0023151 0.0158805 -0.000103267 0.00870024 0.011784 0.00816352 -0.00520868 -0.0084266 -0.00211277 0.00964629 0.0380039 0.0612019 0.116382 0.0267077 0.0248743 0.0565048 0.106248 0.000410056 0.00369925 0.0195083 -0.0161239 -0.000468638 0.0323325 0.00641464 0.0152717 0.0337398 0.0679557 0.176911 0.0170382 0.0126022 0.0168595 0.0256618 0.0124298 0.0529686 0.0871669 0.0215369 0.0300671 0.0049218 0.0409661 0.00534253 -0.0162715 -0.0097146 0.0572572 0.130011
internal_weight=7076 6202.15 873.852 5854.46 953.029 444.996 4901.43 4617.7 4101.28 347.693 600.578 198.153 162.799 91.5823 3596.11 1586.82 1477.71 1109.37 368.345 508.033 76.8662 431.167 516.418 355.788 618.542 505.173 374.194 490.826 87.9069 20.9006 12.2856 4.88649 57.3459 18.5243 8.16202 3.9969 2009.29 796.181 57.994 563.797 273.275 12.4504 549.26 279.962 35.3565 11.5974 2.30247 23.7591 244.605 187.159 91.1999 48.7089 12.5575 6.01409 6.54344 23.8172 8.61497 9.2949 525.443 563.307 196.67 4.33979 2.1853
internal_count=910853 447556 463297 357803 81345 63605 276458 269963 250482 89753 405418 16677 12037 4318 167252 105939 92395 73406 18989 17740 3171 14569 19481 17927 37759 83230 68785 35647 9818 1947 1010 379 2681 2650 1221 643 61313 10710 1452 395665 57879 662 34434 15413 1856 984 320 872 13557 7873 4005 1230 1062 426 636 1769 937 664 32665 395470 115423 1586 626
is_linear=0
shrinkage=0.03


Tree=94
num_leaves=64
num_cat=0
split_feature=24 20 50 9 189 59 14 29 97 203 143 84 107 211 224 48 172 26 224 156 50 107 47 8 172 79 217 224 211 57 230 189 215 84 107 50 47 71 125 61 10 271 210 30 210 206 48 84 70 100 131 255 16 47 179 258 8 221 61 40 237 33 79
split_gain=105.024 50.1029 45.048 30.1774 29.1386 27.3407 25.2462 22.2965 21.7081 21.2326 20.1535 18.0876 20.2247 38.455 49.9347 27.8194 17.1703 23.7034 21.4793 18.5475 18.1881 18.0926 31.862 67.5686 17.2968 21.0398 26.8829 28.4031 18.8343 17.8699 19.101 19.6805 17.2639 17.6412 17.0585 17.0419 16.1178 25.597 20.1928 26.3672 17.0841 18.5486 31.0466 15.0393 19.0521 14.7153 14.5107 14.3718 14.3509 17.8417 14.1616 24.6097 13.9739 17.3518 33.8474 13.9668 13.6012 13.3433 13.2648 18.8164 16.3566 17.6808 15.4239
threshold=37968.357407293661 2533.1773772679089 2110.5000000000005 3016.0252451399374 -53998.629445423314 1571.6055405225004 1379.1689462382842 47691.569918709494 24264.652258003578 1.0000000180025095e-35 203233.21544441811 1.0000000180025095e-35 2634.2896202451157 -242.03411820440962 -17.499999999999996 119755.30328457842 472.84549807272566 1.5000000000000002 8.5000000000000018 338510.08994418365 4213.5000000000009 6321.5352090207134 11881.373561451344 -99.423837142526978 2767.7966726425843 3541.8884261602502 -1.4999999999999998 27.500000000000004 -494.32176175170383 38.500000000000007 -2828.7237346149554 -501.69340607237149 276.13482433479766 2.5000000000000004 1.0000000180025095e-35 552.50000000000011 38427.10745718798 75839.29204902843 29785.42419398843 1393.9458534316034 7.5000000000000009 3379.8451787962526 -661.19504819163728 14.500000000000002 -8.4917236071889715 -1.0000000180025095e-35 293249.09097708127 1.0000000180025095e-35 15.500000000000002 -1459.4999999999998 4.5000000000000009 53089.093200046489 3.5000000000000004 929.50349566811519 -87.982925433697446 1.5000000000000002 -5642.3192705544689 15.500000000000002 439.11966423555151 2347.5000000000005 -9668.3826943008007 27.500000000000004 29841.031892233343
decision_type=2 10 10 10 8 8 10 2 10 10 8 10 8 8 8 8 8 2 10 10 8 10 10 8 8 10 10 10 10 10 8 8 10 8 8 8 8 10 10 8 2 10 10 10 8 8 8 10 10 8 10 8 10 10 10 8 8 10 10 10 8 2 8
left_child=1 3 5 4 10 43 -3 9 -4 16 47 57 13 14 -13 -16 17 58 35 24 21 22 34 -24 25 29 27 28 -27 30 31 -20 33 -19 -21 -18 37 40 -39 -40 41 -7 -43 -2 -45 -5 -10 -1 -28 -50 -38 -52 53 -15 -55 -12 -37 -9 59 -6 -60 -62 -63
right_child=2 6 8 45 7 36 -8 11 46 -11 55 12 -14 52 15 -17 18 32 19 20 -22 -23 23 -25 -26 26 48 -29 -30 -31 -32 -33 -34 -35 -36 56 50 38 39 -41 -42 42 -44 44 -46 -47 -48 -49 49 -51 51 -53 -54 54 -56 -57 -58 -59 60 -61 61 62 -64
leaf_value=0.016761695977807273 -0.013460884388048122 -0.001277117722922569 -0.020746530990155783 0.020590041922853401 0.00089226368463772153 -0.00073780892597430684 -0.013730129482258418 -0.0084990719101006966 0.054846616511066523 -0.011379583701004779 -0.0086782461701812603 0.25956878732625704 -0.0088594966956622133 -0.00060453361758173139 0.19314943138941512 -0.01564828468640727 -0.0026414766551588363 0.0079373579043725637 0.024830374141781766 0.084373789088885265 0.0057769413473509204 -0.010840833420987597 0.036382199686968791 0.29456247329699409 -0.017403506449199829 0.25895425441220282 0.0081058498226596835 0.028812226098681868 0.092089997104239069 -0.0016557031455773745 0.0090846197951177463 0.11102947689227337 0.063936091984455254 0.057335841083611831 0.012204378178065366 0.039912050772018134 0.010142481810487042 -0.030102413082032913 0.36165588355423212 0.062975979109023472 -0.021988642746278354 0.2688511227029981 0.027926513516978051 0.22065200230354448 -0.030183073685067299 -0.012111938706024854 -0.012344968624945381 0.047195972061961682 0.16063577057279085 0.014422773010078807 -0.014085515914122609 0.17114243092638479 -0.024719049970974655 0.00050803577160986671 0.18714106062667868 0.010388531909108014 0.0046521038915021511 0.11433090158942241 -0.0079942470974040513 0.010602570882644732 0.0030168809885822061 -0.0063778774476352645 0.043443237809373307
leaf_weight=108.44369125564117 177.19042764807818 302.73156055307481 316.0436651459313 13.312485990463754 1022.703732255206 64.616730272653513 283.94057490228442 294.71679817722179 5.7577951785642627 100.12585272011347 49.305175200104713 1.4347701240330932 16.967227427638136 4.7088929623132589 0.79660461284220252 2.0579294975614175 322.51847498572897 64.597023956361227 5.5501620465656742 5.2385307180229619 10.867403029114937 3.1753606027923515 2.1900912902783602 1.5636741500347846 17.408081169240177 1.2335643405094745 11.734542435267938 2.2529033916071057 1.2019966922234768 54.100134887150489 16.895193424075845 4.1785157290287298 6.5090748528018585 7.2351800743490449 6.7403869240079084 9.9002227645833045 96.356039193400647 0.58989767916500468 0.45663866598624714 0.6372004259028472 40.248854905541521 0.59701294498518143 2.4855588153004637 0.55861042393371463 0.53213729476556071 177.57001168769784 5.8132317764684567 16.028680730378255 1.3856799450004471 1.6401889352127903 1.2535820085322473 1.3309753410285341 5.5034309445181853 1.8765965189086276 1.637873057159595 115.75155416491907 1794.6118304325501 0.7981266308343028 292.10322703153361 217.86312755465042 639.46515742049087 325.61015837523155 5.6902725364780045
leaf_count=8938 86354 37381 245448 2240 39691 30651 94660 57498 760 8581 5962 221 3527 344 147 623 12383 1846 150 122 690 249 242 127 895 130 626 216 129 2163 537 199 220 243 249 223 21829 329 133 178 24684 107 579 108 204 41599 1334 1153 104 177 356 180 1777 377 184 9633 75781 65 22861 11499 13928 35697 1332
internal_value=-0.000177908 0.00104834 -0.0110831 0.00189801 0.00229951 -0.00415087 -0.00730419 0.00179202 -0.0192689 0.00229511 0.0115664 -0.00575261 0.0146453 0.0367817 0.115189 0.0426201 0.00257706 0.000902753 0.00447766 0.0155541 0.0367045 0.0544802 0.067664 0.14393 0.0101981 0.0149948 0.0430053 0.105587 0.176604 0.00824617 0.0283669 0.0618533 0.0171523 0.0129129 0.043765 0.00371031 0.00322269 -0.00469986 0.11137 0.187664 -0.00651027 0.00269199 0.0745873 -0.0127772 0.0982784 -0.00983124 0.0210899 0.0206808 0.023127 0.0813802 0.0120013 0.0813017 0.0122811 0.0370432 0.0874859 0.00469297 0.00484555 -0.00816733 0.000394249 0.00259755 -0.00177014 0.000102695 -0.00552217
internal_weight=7068.34 6353.87 714.468 5767.2 5576.32 386.854 586.672 5286.79 327.615 4956.29 289.529 330.498 34.9833 18.0161 4.2893 2.85453 4856.16 2581.78 2274.39 147.356 29.7754 18.908 15.7327 3.75377 117.581 100.173 19.4489 4.68846 2.43556 80.724 26.6239 9.72868 78.3413 71.8322 11.9789 2127.03 208.572 109.632 1.68374 1.09384 107.948 67.6993 3.08257 178.281 1.09075 190.882 11.571 124.472 14.7604 3.02587 98.9406 2.58456 13.7268 8.22336 3.51447 165.057 1804.51 295.515 2503.44 1240.57 1262.87 970.766 331.3
internal_count=910853 497619 413234 365578 321739 165692 132041 296053 247542 231290 25686 64763 7200 3673 991 770 222709 127317 95392 7005 1679 989 740 369 5326 4431 1382 475 259 3049 886 349 2309 2089 371 88387 79026 56661 640 311 56021 31337 686 86666 312 43839 2094 10091 907 281 22365 536 2682 905 561 15595 76004 57563 125008 51190 73818 50957 37029
is_linear=0
shrinkage=0.03


Tree=95
num_leaves=64
num_cat=0
split_feature=55 50 20 62 211 37 248 115 148 28 28 118 24 109 57 173 46 122 106 28 185 114 219 59 113 99 189 7 226 143 81 0 0 57 254 143 122 3 65 114 216 117 184 105 246 153 154 115 185 33 68 41 185 91 0 7 50 109 114 47 97 227 0
split_gain=100.186 49.5798 46.9381 24.4756 23.1977 21.0229 19.9672 19.872 19.1444 18.8463 18.2402 17.5478 22.4518 26.528 37.6419 17.4198 16.497 25.6545 56.8217 25.8502 16.3173 19.4 20.6138 22.8564 19.8053 21.974 18.6246 17.9854 15.818 15.7108 15.3688 20.8246 20.2056 30.6792 16.164 15.1144 14.6725 14.5467 14.5177 23.4008 14.0795 14.0225 15.6478 13.7082 19.9159 15.7239 14.2491 13.8747 19.9975 25.7424 19.261 20.8555 42.4204 14.4062 13.6519 52.531 13.5654 20.0281 13.557 18.548 21.135 19.7424 16.1502
threshold=885.67272871585385 1165.5000000000002 2021.0866590752103 -660.99467088257836 -2705.2952807763645 35084.255549029542 8.0000000000000018 763.30854212258998 3337.5000000000005 9.5000000000000018 2.5000000000000004 6.5000000000000009 137616.6622688871 3009.8785766404503 43.500000000000007 -1531.6464008826254 -1123.4999999999998 193511.16066128926 18.500000000000004 1.0000000180025095e-35 1.0000000180025095e-35 10339.808802325062 16923.664365951128 1388.4605602526674 1.0000000180025095e-35 420242.07138631307 -53998.629445423314 1519.2064920920668 18.500000000000004 324946.136688 1459.8334299158103 30375205.000000004 14960765.000000002 65.500000000000014 -85.20698430212768 1080465.0133333136 299.48581105471652 34.500000000000007 2854.5154763889705 107200.51056247107 -2.4999999999999996 413.77236233044056 4548.9444955558984 33490.185504378751 5868.5479749416108 74228.535156459067 -715.49999999999989 514.55503295458254 -39865.33598072797 66.500000000000014 -3355.165012307652 29019.899563195358 -1.0000000180025095e-35 55838.079513771416 13855956.000000002 977.1512605381921 172.50000000000003 1399.5979948304459 12068.354827217203 20726.820229626992 20.493102534517504 -18.499999999999996 28165705.500000004
decision_type=8 10 10 8 8 10 8 10 10 10 8 10 2 8 8 10 8 8 10 10 10 8 10 8 10 8 8 10 10 8 10 2 2 10 8 10 8 2 8 8 8 8 10 8 10 10 10 8 10 2 10 10 10 8 2 10 8 10 10 10 8 10 2
left_child=2 7 3 6 41 -3 15 10 54 43 11 12 -2 14 -14 -1 -9 -18 19 -19 26 22 27 24 -24 28 29 35 37 30 38 32 -32 34 -34 -22 -23 -26 -6 -40 -21 -5 -43 44 47 -46 -47 48 49 -4 -50 53 -53 58 55 -7 57 -28 59 62 -61 -62 -52
right_child=1 5 9 4 20 8 -8 16 -10 -11 -12 -13 13 -15 -16 -17 17 18 -20 40 21 36 23 -25 25 -27 56 -29 -30 -31 31 -33 33 -35 -36 -37 -38 -39 39 -41 -42 42 -44 -45 45 46 -48 -49 50 -51 51 52 -54 -55 -56 -57 -58 -59 -60 60 61 -63 -64
leaf_value=-0.010444228885164228 0.015271434137288301 -0.019751192768882805 0.16441737882615481 0.0047211069906409261 0.0097544518013787055 0.38102098757342995 0.0057420071942487381 -0.003848061602640456 -0.026838673216304107 -0.013011500441377647 -0.0090410426709077868 -0.01951921119318591 0.34840263033962549 0.024072416173613029 0.061324953586810831 0.0010575659565455555 0.020418079492569439 0.2957018519568117 0.46503594650868085 0.17703777039528812 -0.0020254992825290696 0.00049402387861561419 -0.0057291261538993474 -0.007698482729833294 0.07346287090546251 0.10988573800688294 -0.0085775273469108401 0.019206812918506285 0.11707379772887261 0.0031074114448570939 0.0088966554885127214 0.015375314928410246 0.11488493821174266 0.18457246644776998 0.019631921589964598 0.053030034099345064 -0.0080309218396441215 0.010573351901922875 0.02315934375182728 0.17166352712441976 -0.015096241486472092 0.02555639884503523 -0.013283760216959135 -0.01155415717138736 0.10289220844911928 0.0047840096445931762 0.091140641041249817 -0.0054828234627698818 -0.024494346792109312 -0.0092010505344121956 0.041609502107330276 0.28162682667310046 -0.03031468007585866 0.10026106346171883 0.010574657088505173 -0.0068228077802273152 0.0029793611634147343 0.06013829325310048 -0.018416788634605104 0.15536208578911126 0.1613445068926446 0.012417022221929546 -0.0052835947846974892
leaf_weight=333.77428971510381 24.13730840745848 376.35983097029384 1.6748032553587102 93.023564305622131 73.058237809571438 0.43632724584313365 160.81729058281053 24.578840493573807 14.269443151773883 258.90837022103369 187.49856761732372 10.458565845969131 0.71152558783069131 2.1812404263764624 0.97347235237248253 183.75390022189822 29.376388089498505 0.36825294257141639 0.3633066311595029 0.42968052614014596 260.20903757389169 354.48416613077279 7.0369544557761428 14.193621341255492 4.5433664220618182 4.6707769099157295 133.89487382804509 46.214181176503189 1.9918310083448876 94.336719643208198 3.760032375110316 15.289372973260468 2.715622994932346 2.3612823403673247 3.9147336292080563 4.56654729170259 372.78937450842932 12.195270874304695 3.5191693117376408 1.3106463992735369 1.7066246080794374 82.829919414129108 10.521223121089859 104.2965979395085 2.5949476658133781 9.1635168574284744 2.1169095296645528 166.16755735361949 14.151080212788655 1.4204879996832458 9.0415021388907899 0.7687116889283061 0.80135896941646823 1.6003300589509297 29.358846499002539 1.1238279134267939 3454.0264672570047 3.9294316881569094 12.541996570304034 1.6051048346562282 0.935561800491996 5.5743969324976215 24.579539493774064
leaf_count=68691 5941 290399 197 3132 5151 174 2902 10897 8482 82330 74844 3055 103 488 203 29242 4987 157 129 84 14580 19560 658 1799 358 329 7675 1801 190 7466 370 1115 256 228 396 223 53544 1323 398 112 693 5232 2124 16637 151 900 125 28887 1501 386 910 113 159 192 10429 419 131846 260 2520 183 116 848 2253
internal_value=-0.00017516 -0.0109106 0.00101417 0.00185996 0.00257715 -0.0174298 -0.00349124 -0.00119255 0.00190467 -0.00684192 -0.0051806 0.0136387 0.0260222 0.0931405 0.18255 -0.00636039 0.0146662 0.0287791 0.114423 0.0635638 0.00218003 -0.00106789 0.00467438 0.0237403 0.0384005 0.0516706 0.00310752 0.00193813 0.0371536 0.0120114 0.019941 0.0389856 0.0672945 0.0917147 0.0586451 -0.00107596 -0.00387573 0.0276434 0.0130846 0.0634583 0.0235482 0.0129645 0.0211789 -0.00239289 0.00135798 0.0363071 0.0209899 -0.000655337 0.010084 0.0847406 0.00685653 0.0145791 0.122413 0.0115492 0.01517 0.101645 0.00261108 -0.00661841 0.00893359 0.0171526 0.05786 0.0338197 0.00732708
internal_weight=7062.01 704.332 6357.67 5739.73 5061.39 421.548 678.345 282.784 45.1884 617.943 225.961 38.4621 28.0035 3.86624 1.685 517.528 56.8231 32.2443 2.86786 2.50456 4875.01 1082.9 355.622 44.6318 30.4382 23.4012 3792.12 310.99 18.7305 200.266 105.929 28.041 12.7517 8.99164 6.63036 264.776 727.274 16.7386 77.8881 4.82982 2.13631 186.375 93.3511 359.034 254.738 13.8754 11.2804 240.862 74.6949 3.09529 71.5996 57.4485 1.57007 55.8784 30.919 1.56016 3591.85 137.824 54.2781 41.7361 8.11506 6.50996 33.621
internal_count=910853 411484 499369 360961 260126 309903 100835 101581 19504 138408 84634 9790 6735 794 306 97933 16947 6050 1063 934 249638 94365 21261 4657 2858 2200 155273 16604 1871 15492 8026 2365 1250 880 652 14803 73104 1681 5661 510 777 10488 7356 56078 39441 1176 1025 38265 9378 583 8795 7294 272 7022 11022 593 139781 7935 6830 4310 1147 964 3163
is_linear=0
shrinkage=0.03


Tree=96
num_leaves=64
num_cat=0
split_feature=55 50 14 22 33 266 205 209 14 212 8 266 6 31 110 263 205 136 103 259 231 81 145 176 31 20 30 57 189 10 144 192 211 174 25 51 22 156 243 36 213 189 122 36 31 104 68 68 67 14 156 192 5 136 7 143 100 25 2 193 256 230 189
split_gain=95.3481 47.9918 44.8953 37.8918 35.5806 35.599 29.8359 34.5629 24.3482 22.8358 22.8607 21.3698 20.3471 19.8237 19.5804 18.2367 18.1937 18.0574 17.8855 23.5574 19.7717 19.6352 17.8764 24.4505 17.6964 24.8336 19.0061 22.4104 21.3489 17.6147 21.8798 17.3084 28.2379 17.9794 21.1045 41.5766 17.2307 18.0642 29.023 23.1425 17.8334 17.1201 16.9571 16.8466 16.173 16.0972 15.9719 17.8589 15.7799 15.7436 25.7978 30.2944 49.9463 15.7412 21.4792 15.4576 16.5903 16.1671 15.2492 21.9792 17.5913 17.0763 15.1634
threshold=885.67272871585385 1165.5000000000002 91955.667768905914 14593.376961572727 27.500000000000004 1566.6733564267822 -6806.4521660241471 -80264.859310576954 -1.0000000180025095e-35 1.0000000180025095e-35 -665.79861025929893 2276.6648865915845 28043.297284175023 1.0000000180025095e-35 1.0000000180025095e-35 -4933.895696758228 -4778.1943131463331 9.5000000000000018 5.5000000000000009 5.5000000000000009 65477.880685785785 851.53657804893362 9458.3911022336415 -1.0000000180025095e-35 1.0000000180025095e-35 7236.3880423498758 1.5000000000000002 30.500000000000004 -53998.629445423314 7.5000000000000009 1.0000000180025095e-35 -1.4999999999999998 -6800.0389220980487 -15.797040139682734 4510.8255897205836 13800.239466565361 179154.69218296095 102058.17027569101 1.0000000180025095e-35 -1612.4999999999998 1.0000000180025095e-35 32949.945677494543 1358603.0357320879 -1549.4999999999998 1.0000000180025095e-35 1702.5000000000002 6205.1487744787873 -1.0000000180025095e-35 1.0000000180025095e-35 9849.7934359295177 112907.34191356561 -1.4999999999999998 1749.5776799792106 2.5000000000000004 2992.9169590816514 623329.94121202955 -151.49999999999997 23872.367369590535 1.0000000180025095e-35 -1.4999999999999998 -10380.897567772814 -5677.6372348035648 525.85557350565807
decision_type=8 10 10 2 2 8 8 8 8 10 8 8 8 10 10 10 10 10 10 10 10 8 8 8 10 10 10 8 8 2 10 8 10 8 10 10 2 10 8 8 10 10 8 8 10 8 8 10 8 8 8 10 8 8 8 8 10 8 10 8 8 8 10
left_child=2 12 3 6 41 -6 49 17 13 10 14 -3 15 16 -9 18 -7 -8 -2 20 21 -20 23 -19 -12 26 27 -26 31 46 -31 32 -29 -34 -35 -36 40 38 -38 -40 48 43 -16 -5 45 -11 47 -4 -13 -1 51 -51 -53 -49 -55 -45 57 -57 59 60 61 -30 -60
right_child=1 11 29 4 5 8 7 9 -10 44 24 36 -14 -15 42 -17 -18 22 19 -21 -22 -23 -24 -25 25 -27 -28 28 58 30 -32 -33 33 34 35 -37 37 -39 39 -41 -42 -43 -44 55 -46 -47 -48 53 -50 50 -52 52 -54 54 -56 56 -58 -59 62 -61 -62 -63 -64
leaf_value=0.0095921697421242139 -0.0047296520856064794 -0.020305095495554964 -0.0091067325694774541 -0.022408234773805005 -0.017107630862412886 0.028098575444201739 0.01575386972447413 0.00027185382199149593 -0.014199263535378592 -0.0071914321188006553 0.00031617369343058205 0.12056137212133619 0.0091067927900006802 -0.0019828677590483261 -0.01191143595331441 -0.021260698563657573 -0.02191979467537733 0.1454962656946969 0.009157550885569259 0.25310038864548423 0.21178966439875896 0.19765792643153665 -0.011715859837199468 0.045611592093283089 0.01850457744788294 -0.012051883170550299 0.014571757184621115 0.17023952185583605 0.0371849417103082 -0.015305250558086394 0.21830298614582314 0.012520244601506306 -0.0044207958313502507 0.038582124881970853 0.35662455635661272 0.014954589853551274 0.21533072426679076 0.00031416499736337653 0.16738641786687217 0.0094312086581530511 0.12082838417272398 0.061011421048364024 0.13424306997741037 0.011730374337702373 0.015102913241060069 0.011258354270695587 -0.0045704739805969025 0.14344912406521035 -0.015586013166007596 0.034242409745765867 0.01901666481190304 0.04044210181664263 0.31662920871344363 -0.0033778428061723743 0.14626792363732058 -0.0030733675779308152 0.03555863124330249 0.02745376387148481 0.0018855484618034673 0.0034146093919639716 0.013645858019416122 0.13039641097639393 -0.0083952809395352376
leaf_weight=256.16746434173547 104.68405975785572 343.39148099574959 5.2070703940698877 25.600045089493506 257.41297084401594 46.14818568888586 38.904156443546526 314.53844668675447 78.321143808308989 81.764790807501413 2069.7943718929309 0.77803286240668967 107.4155804780894 90.724827973870561 217.06717274052789 57.85512534173904 7.626551598776131 3.0151222830172628 11.088320591778027 0.42363525996916074 0.49194069299846965 0.52069492114241711 2.8487469929386853 8.2153458693064731 91.091664330218919 77.244397950998973 178.74139269639272 1.5893944626441214 13.393981331028042 192.61301998171257 0.36151285632513364 54.553569962852634 5.2413502557901666 3.650997859076595 0.62006803997792281 0.66355335037223995 0.94753326615318922 12.196521602105348 1.006981356476899 4.8823948827921413 0.90512193361064319 4.3604468561243257 0.71680743189062823 123.59320396208204 192.28459936997388 88.766062038834207 271.95938175788615 1.71921003970783 50.263193684862927 3.7659778315573931 27.48028998967493 1.2441382532706473 1.1196319664595651 3.2425629675854002 1.1764336013002314 338.97547072451562 11.111691744765265 16.367523659602739 482.37261088757077 426.53960322076455 61.074821302783675 2.0380352839129037 176.31024125090335
leaf_count=4594 34332 273865 723 1234 53016 1832 1784 42986 11366 1329 67394 112 28721 7104 47610 34378 427 236 3830 158 117 45 313 458 3960 13072 7703 140 867 70073 71 5027 557 376 113 173 110 2550 140 1471 143 142 146 4276 7027 1515 54686 126 31512 182 2017 149 131 574 182 11629 409 471 30595 20492 3659 139 16284
internal_value=-0.000172531 -0.0107074 0.000981868 0.00169908 -0.00362047 -0.00950828 0.00278878 0.00219975 -0.000729161 0.00191862 0.00129157 -0.0172077 -0.00117204 0.00657186 -0.00451577 -0.00747892 0.0210048 0.0262897 -0.000676124 0.0332044 0.0255062 0.0176123 0.0554028 0.0724283 0.00213971 0.00453592 0.00539134 0.00414741 0.00308245 -0.00787717 -0.0148676 0.0196377 0.0526397 0.0342716 0.0753691 0.180002 -0.00222276 0.022196 0.0612316 0.0364388 -0.0111699 0.00181699 -0.0114304 0.00131643 0.00913801 0.0024122 -0.00311559 0.0317596 -0.0135107 0.012125 0.03143 0.0870802 0.171262 0.0664267 0.0364611 0.0025558 -0.000538483 -0.00166725 0.00213738 0.0060704 0.0208769 0.049495 -0.000866331
internal_weight=7056.19 696.851 6359.34 5883.06 1000.24 480.234 4882.82 4593.04 222.821 4540.06 4177.24 414.371 282.479 144.5 532.322 175.064 53.7747 52.9834 117.209 12.5246 12.101 11.609 14.0792 11.2305 3644.92 1575.13 1497.88 1319.14 1228.05 476.279 192.975 66.3189 11.7654 10.176 4.93462 1.28362 70.9798 19.0334 6.83691 5.88938 51.9463 520.008 217.784 515.648 362.815 170.531 283.305 11.3453 51.0412 289.778 33.61 6.12975 2.36377 6.13821 4.419 490.048 366.455 355.343 1161.73 503.046 76.5068 15.432 658.683
internal_count=910853 411484 499369 372934 91906 73745 281028 273955 20729 271164 261293 309903 101581 9363 90742 72860 2259 2791 38482 4150 3992 3875 1007 694 170551 103157 90085 82382 78422 126435 70144 6386 1359 1219 662 286 36038 4271 1721 1611 31767 18161 47756 18019 9871 2844 56291 1605 31624 7073 2479 462 280 882 756 16785 12509 12100 72036 25157 4665 1006 46879
is_linear=0
shrinkage=0.03


Tree=97
num_leaves=64
num_cat=0
split_feature=55 10 1 62 0 246 170 25 10 66 78 136 189 122 114 22 161 22 176 26 111 271 46 173 183 116 178 188 98 58 32 143 1 128 121 133 48 225 112 175 220 182 227 119 52 63 46 243 172 116 173 46 58 184 140 184 133 111 211 119 257 132 136
split_gain=90.7107 42.1415 39.9402 35.2632 35.0036 37.5489 29.764 32.4778 25.5978 23.8095 23.5336 23.3025 21.3761 21.5212 20.4343 19.6364 18.0473 20.7575 23.4814 17.6492 17.2496 21.1994 29.3659 36.7577 25.2894 18.7197 41.5453 18.15 17.1494 16.96 17.1922 25.7456 16.9501 30.4758 28.6894 26.9326 25.3741 18.4656 16.2222 15.9309 15.8457 16.2499 15.5471 30.4447 34.3239 30.3946 26.5103 21.7461 19.049 14.7027 14.2729 20.1298 19.2895 17.7928 22.8932 22.192 16.6757 14.2654 14.8407 15.1229 19.2405 14.6973 18.1328
threshold=885.67272871585385 7.5000000000000009 202001.50000000003 -343.01497971949647 57769440.500000007 1527.6998684354628 -3189.5593328444074 601.85225246096263 6.5000000000000009 1.0000000180025095e-35 88460.76791632481 15.500000000000002 -1.0000000180025095e-35 3310.3123714663284 36053.391612384599 24590.555385330579 30229.075441042201 5517.8821042235895 2555.3108803152222 1.5000000000000002 53.500000000000007 536.66420353453782 -790.49999999999989 -857.73916460321459 467.232786746415 -5648.1108116118594 163.78668699433587 -28900.191508256412 8.0000000000000018 71.500000000000014 1.0000000180025095e-35 39130.596087382182 201904.50000000003 8188.1068239230381 1.0000000180025095e-35 2224.7547846135103 224692.65240988682 1.0000000180025095e-35 157.50000000000003 1.0000000180025095e-35 -1.4999999999999998 5167.3296825198076 -14.499999999999998 -3572.5844636120951 3.5000000000000004 2216.9300013365387 -1702.4999999999998 20726.939749509373 -142.66437381172565 -933.74951127269696 1748.3755110100099 -1702.4999999999998 40.500000000000007 4548.9444955558984 39.500000000000007 11086.572966024871 844.03738534335264 69.500000000000014 -2705.2952807763645 -3572.5844636120951 -11003.086993743678 87533.170424379132 14.500000000000002
decision_type=8 2 2 8 2 10 8 10 2 8 10 10 10 10 10 2 10 2 8 2 10 8 10 8 10 8 8 8 10 8 10 8 2 8 8 10 8 8 8 10 8 8 10 10 8 10 10 8 8 8 10 10 10 8 10 8 8 10 8 10 8 10 10
left_child=1 10 4 -3 5 16 7 -6 19 -5 12 -8 28 15 49 50 29 18 -18 20 25 40 24 -24 27 26 -4 -23 32 30 -2 -32 34 37 39 -36 -37 -34 -12 -1 -22 -42 43 -38 -45 -46 47 -44 -49 -11 52 -52 -14 -53 56 -56 -55 61 -59 60 -60 -51 -63
right_child=2 3 8 9 6 -7 11 -9 -10 14 38 -13 13 -15 -16 -17 17 -19 -20 -21 21 22 23 -25 -26 -27 -28 -29 -30 -31 31 -33 33 -35 35 36 42 -39 -40 -41 41 -43 46 44 45 -47 -48 48 -50 57 51 53 -54 54 55 -57 -58 58 59 -61 -62 62 -64
leaf_value=0.018767490334924027 -0.016766121477347892 -0.011854820755246322 -0.030303733805317323 0.0064870266504027715 0.34738126674647929 0.022106608967532453 0.0188056420640152 0.022342599054719952 -0.02183138538475585 -0.028821570452988179 0.013177761946713686 0.16546224151753874 0.0088916562466028141 -0.0081565020007000714 -0.011854888468269025 -0.0082974259114866854 -0.0010707718933968924 0.0031890156452623101 0.15074593422225141 0.12259573270409006 0.17883851541819448 0.17114755561127371 0.04485699200343448 0.47147745344845976 0.26974133840354064 -0.011715899686246244 0.36758054569456144 -0.018883751221869461 0.021276512664615825 -0.017189349108196837 0.24496735503915967 0.012767169721465412 0.0017620702178446598 -0.0061986137648769807 0.0043281688373413615 0.0045414331003063415 0.024779765210362199 0.0072475318009194616 0.054720865409987142 0.062841670659698604 -0.016609620230797598 0.17008020040680968 -0.030592484623592438 0.074633610336841433 0.3695634984645752 0.11627493850520708 -0.016638153546097042 0.067621661632130625 0.25053638630109276 -0.0019415778495287307 -0.00016079893596714152 0.016543036431098855 -0.0017074774477047465 0.074482605502953297 0.22721231390395777 0.034424501117426058 -0.030662410318761879 0.10157016663109289 0.15751045910057712 0.0079051776989331243 0.006405813542665088 0.02037952559781701 0.14746370268851253
leaf_weight=18.112065014895055 25.928968563792296 353.83503661112627 0.63308184238849208 285.57069245586172 0.55562414589803644 38.95248290913878 20.085790402721621 0.55106629687361419 274.60426943650236 16.187309264671057 31.638005401124246 1.02483657572884 205.41399258701131 300.0863590791123 201.70659312896896 178.87941162940115 1.6889143816661114 17.740503849810921 2.005929432169069 0.97105314681539212 0.43020141846500337 0.55356423789635301 0.36834955133963376 0.35883091029245306 0.39975991658866394 95.016967844450846 0.37673190166242421 2.4737925883382568 47.258305506082252 162.10054932755884 0.43543568305903946 32.942276094516274 1885.3688157725846 337.56628590298351 357.96293954376597 13.050382764893586 3.3563900425797328 781.1334522832185 11.547324977233073 12.457710066810249 8.6089083843398821 0.44111710321157893 0.81040348880924284 2.4738393254810944 0.89895478484686442 0.81112031196244061 4.3098047431558353 1.0995885964948682 0.95956922566983927 474.13130590849323 78.57885379565414 74.154574330430478 623.87881402054336 3.3606887424830338 1.2761663395212961 0.9282567786285657 2.2775215381989256 1.8009937115712089 1.4341891917865721 35.22168439743109 1.6095533918123686 7.9138613801333104 1.1583806957933118
leaf_count=308 11656 102400 238 11672 154 5278 6698 103 205550 4495 2535 166 7747 54541 44288 10832 353 1932 228 138 158 87 89 168 113 44857 111 951 463 111445 185 16736 63614 33561 18591 1204 60 44778 1255 203 4060 30 190 56 127 180 878 133 140 53513 2368 3244 29583 244 133 211 411 241 143 3860 141 892 134
internal_value=-0.000169947 0.000950327 -0.0105076 -0.00368746 -0.0023782 -0.00523652 0.0338755 0.185531 -0.0169229 -0.000872806 0.00223612 0.0259252 0.00204322 -0.000990024 -0.00370855 0.000850032 -0.00962241 0.0166618 0.0813505 -0.00473943 -0.00586699 0.0257092 0.082219 0.255375 0.045478 -0.0103504 0.118135 0.0158642 0.00332806 -0.0121671 0.00156001 0.0157964 0.00308007 0.00229389 0.00875318 0.0065361 0.0349969 0.003369 0.024286 0.0367285 0.000946303 -0.00750997 0.0619986 0.0920833 0.146075 0.249424 0.0304015 0.101051 0.15286 -0.000662583 0.00250307 0.0106896 0.000917905 0.0210877 0.0640594 0.146032 0.0320099 0.000208512 0.0174104 0.0134493 0.0776052 -0.00121784 0.0366061
internal_weight=7049.47 6360.22 689.249 1380.57 304.012 281.795 22.2173 1.10669 385.237 1026.73 4979.65 21.1106 4936.46 1468.83 741.164 1168.75 242.843 21.4353 3.69484 110.632 109.661 13.6345 4.1543 0.72718 3.42712 96.0268 1.00981 3.02736 3467.63 221.407 59.3067 33.3777 3420.37 3004.07 416.303 385.733 27.7701 2666.5 43.1853 30.5698 9.48023 9.05003 14.7197 7.5403 4.18391 1.71008 7.17937 2.86956 2.05916 539.457 989.869 160.576 829.293 81.9972 7.84263 2.20442 5.63821 523.27 40.0664 38.2654 3.04374 483.204 9.07224
internal_count=910853 499369 411484 221779 154934 147813 7121 257 256550 119379 277590 6864 273800 109314 107707 54773 142535 2513 581 51000 50862 5656 1408 257 1151 45206 349 1038 164486 140022 28577 16921 164023 141953 22070 21559 2968 108392 3790 511 4248 4090 1764 423 363 307 1341 463 273 63419 43941 6611 37330 4243 999 344 655 58924 4385 4144 284 54539 1026
is_linear=0
shrinkage=0.03


Tree=98
num_leaves=64
num_cat=0
split_feature=14 55 1 17 43 246 209 6 109 235 1 1 108 11 209 17 225 104 114 175 224 89 202 47 61 21 248 158 122 145 50 57 194 118 103 29 5 33 14 103 104 224 159 195 227 94 60 111 114 265 102 111 122 103 36 114 47 87 87 159 118 29 225
split_gain=87.3829 40.3444 35.6843 31.8262 26.5086 25.0231 23.5971 22.0119 40.9409 20.083 19.1813 34.852 34.1682 29.4998 22.4935 23.1884 20.3421 19.577 24.1412 22.1804 19.1094 23.0354 18.6493 18.5073 18.4391 17.4494 18.8544 17.3524 17.2771 29.7222 16.751 18.5938 26.3934 16.5968 17.729 40.8202 16.4719 16.2525 16.1707 21.3009 16.4869 17.7212 20.9829 19.0156 23.7798 27.5184 48.6128 17.5432 20.6214 18.2682 15.9355 15.9278 16.711 15.8663 19.0862 18.4847 15.8087 15.7682 18.4255 20.8613 15.6521 16.1137 31.2306
threshold=91955.667768905914 885.67272871585385 202001.50000000003 1036.6371997697422 293.40252101294703 1527.6998684354628 137658.17987204014 63854.460193895058 3877.781968776575 48673.789135959087 202101.50000000003 201956.50000000003 2.5000000000000004 -12180.808918797093 -7302.2289103438225 24734.247923298019 46.500000000000007 3962.5000000000005 13804.356828985774 -214.65015010809086 4.5000000000000009 289171.06312852469 -2.4999999999999996 148586.19010535398 107.52795806351601 7.5000000000000009 2.5000000000000004 2121.5000000000005 65149.6138332958 -1.0000000180025095e-35 552.50000000000011 34.500000000000007 -15933.148268068382 6.5000000000000009 5.5000000000000009 7640.6318749067332 6170.6217172663264 185.50000000000003 26639.787155296806 5.5000000000000009 555.50000000000011 -37.499999999999993 -1.0000000180025095e-35 15243.874128790194 -11.499999999999998 459.50000000000006 3383.8990183109481 61.500000000000007 32830.38720731678 -1.0000000180025095e-35 466935.63274319191 63.500000000000007 26943.430765418172 22.500000000000004 -545.49999999999989 22888.733463855115 48814.776323267601 51.500000000000007 105.50000000000001 15744.065747373881 6.5000000000000009 133724.36434359039 -26.499999999999996
decision_type=10 8 2 10 10 10 10 8 10 10 2 2 10 2 8 10 10 8 8 10 10 10 8 10 10 2 8 8 10 8 8 8 10 10 10 2 10 2 10 8 10 8 10 10 10 10 8 8 10 8 10 8 8 10 10 8 8 10 8 10 10 2 8
left_child=1 4 5 51 10 6 23 37 -9 -6 11 13 -13 -1 17 16 28 -15 -19 -20 53 -22 -5 25 27 30 36 -23 -16 -30 31 32 -3 34 -34 -36 -27 -8 39 40 -14 -42 47 -44 -45 46 -46 49 -49 -43 -41 52 -2 -12 55 -55 57 -26 59 -59 61 -4 -63
right_child=3 2 60 22 9 -7 7 8 -10 -11 20 12 38 14 15 -17 -18 18 19 -21 21 24 -24 -25 56 26 -28 -29 29 -31 -32 -33 33 -35 35 -37 -38 -39 -40 50 41 42 43 44 45 -47 -48 48 -50 -51 -52 -53 -54 54 -56 -57 -58 58 -60 -61 -62 62 -64
leaf_value=0.014952167641204349 0.022261244343149817 0.22420138965077499 -0.0084498612418731894 0.18572712287526369 -0.0059813678688705098 0.024670287831581365 -0.017898107443740534 0.33811383133518497 -0.030422687439857078 0.013369346835247454 0.002918752332578536 -0.010988051916230588 -0.0039456985434016901 0.012173712588393337 0.0021814523398104558 -0.012725534689609396 0.044603366413773944 -0.021753274896463608 0.049533761617524208 0.15260020226610574 0.0081317336674156561 0.017409439022574542 -0.015127466802568742 0.033582553794290489 0.015520921858659751 -0.031561950860219519 0.09161162322771195 0.098697094215858525 0.11974816955284971 0.014576191856631761 -0.013952815501521547 -0.0056939599232122716 0.044812067329070948 -0.011977759328399572 0.40787844213710994 -0.030126366222239246 0.15641890251898635 0.15554089925746262 -0.010176804425194422 -0.0010164240923930387 0.033110963898554981 0.070393853018409447 2.6795533203175348e-05 0.16750513832361516 0.29755585188863543 -0.0097520005092964612 0.010082235722360921 -0.011432741458977732 0.05158930324226494 0.014729648269238635 -0.014582359983946795 0.010263897882528059 -0.0099816395936146527 0.0029477930782965608 0.065880784658030433 0.080685830066419384 -0.022073972629264853 0.054502396575565167 0.0062606516648973341 0.16572486190368016 -0.020278568402050823 0.26610858750931932 0.021348139127835463
leaf_weight=207.68576045392547 16.127479247516021 0.70162792166229238 81.086437210498843 0.41642629425041378 558.84196222724859 35.396133811911568 2.0021870137425135 0.64552793843904532 0.46796203049598262 52.833554072538391 1175.369262699387 290.02133101038635 168.55434524838347 31.441991869243793 1280.2214703657082 87.532498661137652 10.600843269145114 2.6075232203584147 5.89769950538175 2.7580260594841093 235.65670686331578 3.87617891852278 454.69482411257923 10.666543345141688 24.076470992062241 3.2311575902276668 3.2726810540771112 6.0562433749437341 2.538209798745811 51.222801559604704 125.18051978555741 17.372480275691487 3.5177371095633152 3.9348820132436231 0.41095671837683756 0.35859128355514258 0.48212315328419197 0.64223529235459853 127.9687585979118 788.00390244543087 21.91805657860823 5.4537815299117938 359.57441001338884 1.2090781688457344 0.82303022884297938 5.835627680644393 1.4840101179433989 40.990695171989501 5.2740075142355627 196.11312361224554 86.483712210203521 73.527408667257987 140.50694434018806 24.112362868501805 7.4972789954626924 3.1076769268838715 6.3539051862899205 5.3385293686296764 3.9912417277228096 2.1206399127840996 171.04035202093655 0.50639046513242647 6.385247294267173
leaf_count=3239 1858 142 37032 167 85705 3212 650 150 178 4814 39845 20542 7971 2041 56723 24425 989 193 359 238 11833 164 261567 1563 785 1682 260 201 267 4947 69512 5830 1151 1427 157 141 175 217 25736 31788 2043 241 28729 234 102 1311 296 1252 219 4801 6825 8853 22523 862 432 274 1103 471 698 236 116044 309 3119
internal_value=-0.000167632 0.000929276 -0.00755548 -0.010346 0.00160228 0.00168935 -0.00301566 0.0713385 0.18323 -0.00430995 0.00228722 0.00114941 -0.00142846 0.0043665 0.00287581 0.00223603 0.00321003 0.0243308 0.0582681 0.0823744 0.00516087 0.0121138 -0.0149437 -0.00466775 0.0302248 -0.00724247 0.0391137 0.0669742 0.00288109 0.0195417 -0.00938038 0.0123862 0.0475839 0.0325125 0.0733458 0.203778 -0.00715498 0.024224 0.000103563 0.000885838 0.0044 0.00660253 0.00566049 0.00112519 0.0433585 0.0249243 0.112638 0.0124118 -0.00424846 0.0162358 -0.00235805 -0.00125474 -0.00666183 0.00350914 0.0234969 0.011823 0.0215093 0.0293041 0.0582855 0.0861229 -0.0149895 -0.00470687 0.0393329
internal_weight=7044.02 6358.75 467.302 685.273 5891.45 208.283 172.887 3.75791 1.11349 611.676 5279.77 3782.21 2099.71 1682.51 1474.82 1432.12 1344.58 42.7052 11.2632 8.65573 1497.56 287.47 455.111 169.129 51.8132 158.463 6.98596 9.93242 1333.98 53.761 151.477 26.2963 8.9238 8.22217 4.28729 0.769548 3.71328 2.64442 1809.69 1681.72 807.23 638.676 616.758 368.926 9.35175 8.14267 2.30704 247.832 46.2647 201.567 874.488 230.162 156.634 1210.09 34.7173 27.22 41.8808 35.5269 11.4504 7.45917 259.018 87.9781 6.89164
internal_count=910853 615885 242951 294968 372934 86447 83235 1195 328 90519 282415 225511 132090 93421 90182 87351 62926 2831 790 597 56904 15491 261734 82040 3658 80477 2117 365 61937 5214 78360 8848 3018 2876 1449 298 1857 867 111548 85812 47199 39228 37185 30672 1943 1709 398 6513 1471 5042 38613 33234 24381 41413 1568 1136 3293 2190 1405 707 156504 40460 3428
is_linear=0
shrinkage=0.03


Tree=99
num_leaves=64
num_cat=0
split_feature=23 17 10 37 2 43 223 116 37 193 180 14 116 40 87 224 39 155 79 179 189 65 51 109 111 175 111 256 266 6 103 214 0 114 210 224 185 185 46 267 63 210 60 14 62 52 104 115 40 267 38 111 78 17 103 46 90 127 210 231 0 50 90
split_gain=83.1213 41.0464 38.3784 30.3297 24.8876 26.9385 22.6814 21.8536 21.8045 20.2892 20.1462 20.0953 22.8673 18.9982 18.8874 19.2005 17.8598 19.9387 23.3016 25.6229 31.0727 19.636 28.4225 16.6574 16.6563 17.3076 16.2688 18.4318 17.0557 16.1372 17.6489 16.0722 29.7902 73.5349 15.3195 17.4177 15.3854 15.3042 18.5377 20.7637 45.6798 14.7971 17.4786 14.7905 14.7581 27.3616 27.5073 42.3696 16.3299 14.7427 14.614 14.6173 14.2665 21.1327 28.0987 34.4168 17.1937 19.7792 19.3342 14.2284 14.1341 13.9091 20.8389
threshold=1.0000000180025095e-35 1036.6371997697422 8.5000000000000018 43306.28290889979 1.0000000180025095e-35 293.40252101294703 1.0000000180025095e-35 -1093.7418279011379 75893.220090366347 -1.0000000180025095e-35 -1.0000000180025095e-35 -3361.5987963418106 -169.864154561162 3343.5000000000005 181.50000000000003 22.500000000000004 1.5000000000000002 23072.290838113604 6316.3881785843751 -260.76237659166446 -27446.316847338854 -1.0000000180025095e-35 8165.7209236602412 2272.8317661315332 30.500000000000004 -1.0000000180025095e-35 42.500000000000007 -6289.1244557968448 -9.9759490383642895 15554.673118135675 20.500000000000004 -17.988467879911607 12765325.500000002 25045.617850325194 -74.166401627479885 8.5000000000000018 -2373.5554792080698 1277.4360186821616 -1702.4999999999998 684.53965395051739 474.08896985198504 1072.6382194740756 11807.020687198788 -6559.2138171829274 -2479.7165175876507 23.500000000000004 4213.5000000000009 1530.6653828964702 958.50000000000011 1.0000000180025095e-35 223364.35883760123 40.500000000000007 73865.051059279169 16864.343567090316 10.500000000000002 -1033.4999999999998 -1094.4999999999998 10.500000000000002 -209.84941685101964 130955.76137157157 24266816.000000004 357.50000000000006 -1947.4999999999998
decision_type=2 8 2 10 10 10 10 8 10 8 10 8 10 10 10 10 8 10 10 8 10 10 8 8 8 10 8 10 8 8 8 8 2 8 10 10 8 10 10 8 8 10 10 10 8 10 10 8 8 8 8 10 8 10 8 8 10 8 8 10 2 10 8
left_child=2 -2 4 31 6 7 9 43 -7 44 -11 -4 -13 52 15 26 17 18 61 20 -20 22 -21 29 25 -17 27 -12 -28 30 -14 32 33 -3 35 36 49 -26 -39 60 -41 42 -24 -6 -1 59 48 -48 -47 -8 51 -37 -5 54 56 -56 -54 58 -58 -46 -40 -9 -63
right_child=1 3 11 13 5 8 34 16 -10 10 14 12 23 -15 -16 24 -18 -19 19 21 -22 -23 41 -25 37 -27 28 -29 -30 -31 -32 -33 -34 -35 -36 50 -38 38 39 40 -42 -43 -44 -45 45 46 47 -49 -50 -51 -52 -53 53 -55 55 -57 57 -59 -60 -61 -62 62 -64
leaf_value=-0.0086507050173333603 -7.8053835658126118e-05 0.55061920569863776 0.0027500118783067252 -0.014040306669967684 0.0054376344672778651 -0.013778130222071939 0.022472592318532814 -0.0075016431526219278 0.0060394539504697586 0.0094466981940852686 0.0081163777234928985 -0.016897924605204735 0.0079393356829220371 -0.02562746997191646 -0.021697955321003552 -0.0028045950431940785 0.00015017931653990693 -0.014736807013415258 0.30949246721457013 0.1803732429840863 0.038748454984804677 -0.0059513656285368408 0.11845784933353384 0.080692075772350935 0.003299297767098371 0.10824066021602348 -0.010210276660484562 -0.00087195610146060783 -0.00014755696428278865 -0.0083571121675146826 0.097306907622724065 -0.01763745108437809 0.0013616270503787587 -0.030085124433689363 0.0098748290326765367 0.095795499833445416 0.0013715065831034752 -0.010296770955080444 -0.020873137602071976 0.23492379920439321 0.0074388490597917549 0.15653224908337254 -0.011955779310254332 -0.015630133320361329 0.0081450967780950564 0.14734669703674472 0.39452458313922972 0.065633783403405449 -0.03022931295360046 0.14432078850256266 0.11015328760795458 -0.014930951703979307 -0.007854220144166672 0.014973529131181591 0.063354793138629503 0.52235594334101521 0.29614335521309071 0.010457366321027887 0.095799785406344262 0.06627897140392193 0.055380807800971495 0.11324401857378807 0.011004270899647322
leaf_weight=45.625381126534194 293.10481373313814 0.30986028793268161 154.04978556232527 9.8052540813223477 40.441679055686109 222.27817843982484 2.2692884139250964 39.666196299484 64.457361226552166 265.7466684456449 442.18090262333862 208.59531911788508 43.808384003583342 11.931821826903613 33.287100147455931 2.0176286313217133 1434.5857913581422 30.244031952344812 0.70599023741669953 1.5602933285990728 0.83006444515194722 6.1276559182442707 1.2028409555787218 2.1355742528103283 50.611414734623395 3.3784370557405046 171.49017915676814 383.33366343285888 1306.5798338084714 148.5039701545611 2.0834288162877774 458.57547867001267 22.289156636281405 0.53530510945711285 188.06674865575042 1.8510229925159336 12.891321408562368 5.8469015415757921 3.0774083891883457 1.5824627645779408 1.5953513733111324 0.80302358872722823 4.0030179895693436 116.05627192708198 539.46367710083723 0.66592157573904831 0.5649412111379204 0.93759236286859959 1.553058208315633 1.4742695838212969 4.1325302574550742 2.552909336052835 2.2542989051435143 24.414010689069983 0.32113984093302861 0.27116866823052976 0.63301826996030286 1.3502374024246817 1.3756720303790642 3.8159289450850329 7.5668993757572025 1.8102373592555523 202.83200618776027
leaf_count=7324 68489 85 12735 3287 1576 40476 201 1752 6493 7001 11146 64125 2748 7895 8634 138 90565 4135 146 136 158 1553 122 253 4317 212 15730 15106 44853 25022 146 364959 9402 320 5906 115 929 680 585 252 518 174 664 24060 29567 74 121 254 388 167 269 190 738 7125 190 95 73 277 362 216 954 54 14616
internal_value=-0.000165219 -0.0090989 0.00102457 -0.0140497 0.00176633 -0.000757612 0.00333656 0.000548197 -0.00932319 0.00271854 0.00160711 -0.00647271 -0.00997966 0.00763557 0.000743568 0.00105754 0.00152238 0.0083155 0.0110018 0.0470006 0.163186 0.0339709 0.06629 -0.00263672 0.0159264 0.06672 0.00056907 0.00394258 -0.00131506 -0.00355215 0.0119965 -0.0164066 0.00799072 0.182817 0.0128166 0.0347959 0.016919 0.0120265 0.034483 0.0534253 0.12072 0.0366667 0.018177 -0.0101859 0.00774147 0.00910875 0.0901769 0.189294 0.0230617 0.0704582 0.0696324 0.0316086 0.0174535 0.0275387 0.0769732 0.273493 0.0562364 0.0992499 0.158936 0.00855342 0.0333348 0.00875719 0.0119087
internal_weight=7038.11 827.171 6210.94 534.066 5651.76 2167.6 3484.16 1880.87 286.736 3270.92 2678.29 559.176 405.127 52.3566 2412.55 2379.26 1724.37 289.785 259.541 15.2329 1.53605 13.6968 7.56918 196.531 75.6765 5.39607 2303.58 825.515 1478.07 194.396 45.8918 481.71 23.1343 0.845165 213.238 25.1713 16.6349 70.2804 19.669 13.8221 3.17781 6.00888 5.20586 156.498 592.627 547.001 3.72151 1.50253 2.21898 3.74356 8.53646 4.40393 40.4248 30.6195 6.20554 0.592309 5.61323 3.35893 2.00869 543.28 10.6443 244.308 204.642
internal_count=910853 463297 447556 394808 342527 186680 155847 139711 46969 148070 110126 105029 92294 20042 103125 94491 114075 23510 19375 2953 304 2649 1096 28169 7656 350 86835 26252 60583 27916 2894 374766 9807 405 7777 1871 1297 7306 2989 2309 770 960 786 25636 37944 30620 837 375 462 368 574 305 12147 8860 1735 285 1450 712 435 29783 1539 16422 14670
is_linear=0
shrinkage=0.03


Tree=100
num_leaves=64
num_cat=0
split_feature=14 22 267 14 141 24 17 209 188 205 112 8 110 132 120 7 141 171 247 36 22 205 104 120 100 233 89 92 205 32 218 17 188 100 208 250 111 20 9 205 91 4 7 89 32 167 151 199 61 17 158 35 112 7 93 82 230 115 243 267 8 104 4
split_gain=80.6617 41.9771 39.0482 33.5517 32.1628 30.5419 30.0206 28.6861 28.1926 23.0476 22.9589 21.5429 24.9547 21.6073 21.3938 23.7068 42.0348 32.9095 20.1313 19.1961 18.7458 24.2038 19.7735 25.3604 17.6184 20.3139 17.15 17.4659 16.6214 15.58 15.5181 15.4165 15.18 30.1571 15.0503 26.4768 14.9701 14.8406 14.4584 16.796 16.1663 14.2353 17.0999 22.2854 50.2303 30.9797 14.1501 26.8919 28.6566 18.8308 46.4617 14.6447 19.927 17.0061 21.4784 18.4218 16.5836 14.0381 35.5976 24.8212 28.2344 22.8464 14.0017
threshold=91955.667768905914 14593.376961572727 4914.8629289712526 -6559.2138171829274 43.500000000000007 52798.941961070253 1036.6371997697422 87120.090293897403 -28900.191508256412 -6806.4521660241471 63.500000000000007 -665.79861025929893 1.0000000180025095e-35 77755.870897624278 58431.539795710989 5076.4039865061923 214.50000000000003 -7414.7335079801805 3548.6060540075696 -1370.4999999999998 93832.748538531479 -23297.468028127547 1902.5000000000002 950.63575168132456 -820.49999999999989 61.500000000000007 478512.25438961422 112346.32620494341 -3651.7191282993585 11.500000000000002 -29162.955516118811 3896.0369327628755 2515.7366148737942 -972.49999999999989 -7724.6351689504072 -7703.4784631468638 63.500000000000007 9314.3549626001168 1133.7427029656192 -7786.4444464913349 124318.70883170464 22.500000000000004 -1.0000000180025095e-35 109053.24053219461 11.500000000000002 1.0000000180025095e-35 1681.9278752596938 -3.4999999999999996 508.21684722730356 94062.424546567199 3272.5000000000005 368497.40015460755 219.50000000000003 1396.9008638552896 11.500000000000002 4.5000000000000009 -16063.721295556052 1405.3682761816924 9101.1881097372407 -206.65620468597311 -1286.3337175485767 1512.5000000000002 39.500000000000007
decision_type=10 2 8 8 10 2 10 10 8 8 8 8 10 10 8 10 10 10 10 8 2 10 10 10 8 10 8 10 10 10 10 10 10 8 8 10 8 10 8 10 10 2 10 8 10 8 10 8 10 8 10 8 10 10 10 8 10 8 10 8 10 8 2
left_child=1 5 4 28 19 8 36 41 14 -10 -5 12 57 29 37 26 -17 -18 -6 -3 21 22 23 -21 -9 -26 27 -16 31 -13 -29 -4 -15 -34 35 -20 -2 -1 39 -33 -40 42 43 44 45 -7 47 48 -31 51 -51 -49 53 55 -55 -53 -56 58 61 -60 -61 -11 -8
right_child=6 2 3 10 18 7 62 24 9 11 -12 13 -14 32 15 16 17 -19 34 20 -22 -23 -24 -25 25 -27 -28 30 -30 46 -32 38 33 -35 -36 -37 -38 -39 40 -41 -42 -43 -44 -45 -46 -47 -48 49 -50 50 -52 52 -54 54 56 -57 -58 -59 59 60 -62 -63 -64
leaf_value=0.0095103735924583176 -0.0065124547211909186 -0.023018787859233236 0.007534061672174245 0.0051841963553537285 -0.018883548447209148 -0.014516176259533903 0.0011375209609443969 0.0074720267197307243 0.010802895761637234 -0.0096863344055139293 -0.010044767302669524 0.0011265173703126974 -0.012266884140921886 0.016585074283137803 0.0075341224464663637 0.034071212842967588 0.48391934930204322 0.10826240984978884 0.21941239868615578 0.025965878426235992 -0.0080987182494627642 0.0059660218865680986 -0.017951925877312078 0.14374078654995406 0.058474019981596716 0.28638949829144378 -0.00081824034633820153 0.0071696146804883518 -0.0098148809189124823 0.12898321913854585 0.059052137846191871 0.029937169988010607 0.011077842766231827 0.14428482938090259 0.0017316463673105111 0.020450654106281139 0.0098610967547814853 -0.021990083484186629 -0.01093205790353508 0.095328177631179484 0.053350414705509136 -0.015147339172509138 -0.0063732119913156113 0.007295556557381325 0.37883388627473352 0.21889810123638301 -0.0089368170464390034 0.0031186557856939224 0.012611769966035798 -0.030358986493714664 0.22759143018800157 0.019743991032698732 -0.0096447831750989602 0.022136740784721071 0.023900748810692107 -0.0050891153756432916 0.13802229279097639 -0.005263405506006168 0.19314908058842853 -0.030450319327832553 0.18040563939724136 0.013319732331322175 -0.016384026532328622
leaf_weight=179.00846828508656 155.6837690230459 33.315288650337607 182.77121315768454 134.01415169978281 275.45852816681145 1.7723943700548235 45.756940911989659 10.277913463592993 253.97345678211423 61.465217360353563 265.80885853531072 3075.6955791926011 207.38948704907671 28.072653150593396 15.415691845235413 1.8426891253329807 0.40677761670667678 0.43361976405140001 0.83504458056995678 3.3266236027702671 93.923880865098909 94.445900840684772 2.3004213506355882 3.2560605145990849 4.9634114490472703 0.37881793547421683 18.789813241106458 6.7546676044003098 37.626004995836411 3.3333787075825967 22.376424922025766 29.828470213979017 3.5601761988946237 2.681826503307092 13.737608013558203 2.1565969099174254 74.210644498933107 14.554898202070033 14.25426369928755 4.0104961887118398 4.6760778161697081 174.9308373935055 25.108508500270545 5.6098377637099484 0.51310918596573163 0.71950941323302742 53.835238181927707 477.52947678149212 4.4427842067088932 1.3685632039559998 1.1620580173330379 56.300787711283192 31.913815749692731 84.64565156941535 2.0312503461027518 51.457611784222536 2.6295883777784175 165.66860699019162 1.4712257187929934 1.7389825795544309 0.85135324927978162 105.57928646059008 398.737446314306
leaf_count=18049 24381 3273 3050 8660 104563 688 19640 5726 6587 5358 30352 113748 43992 1831 2522 460 94 173 171 135 7156 6195 215 223 1757 149 3176 1414 1632 253 3284 3111 566 249 2908 565 8853 4607 2216 243 315 119648 11269 2250 211 211 5770 35527 423 299 255 2238 2781 4428 135 4085 243 25725 250 305 100 10066 242094
internal_value=-0.000162989 0.000883349 -0.00418155 0.00059647 -0.0103327 0.00205645 -0.0100283 -0.00877123 0.00254819 0.00201428 -0.00494027 0.00150983 -0.00408018 0.00229369 0.0121715 0.0269185 0.114262 0.290092 -0.0169429 -0.00195588 0.00160157 0.0104189 0.0577625 0.0842221 0.0304425 0.0746355 0.0232184 0.033357 0.00870037 0.00208225 0.0470221 0.0116581 0.0259939 0.0683092 0.0150103 0.075986 -0.00122702 0.00714171 0.0259419 0.0376871 0.00494668 -0.0117068 0.00613993 0.0426102 0.108537 0.0528796 0.00589663 0.00701067 0.0624963 0.00640215 0.0880915 0.00610955 0.012347 0.0159085 0.0255891 0.0078855 0.0882867 0.000961285 0.00698817 0.0947424 0.0388507 0.00485449 -0.0145803
internal_weight=7032.79 6358.4 1195.75 672.99 522.756 5162.66 674.389 224.274 4938.38 4678.8 399.823 4424.82 544.164 3880.66 259.583 66.0197 2.68309 0.840397 292.188 230.568 197.253 103.329 8.88311 6.58268 15.6201 5.34223 63.3366 44.5468 273.167 3846.35 29.1311 235.541 34.3147 6.242 16.7292 2.99164 229.894 193.563 52.7693 33.839 18.9303 208.654 33.7234 8.61485 3.00501 2.4919 770.65 716.815 7.77616 709.039 2.53062 706.508 228.979 197.065 89.3065 107.758 4.66084 336.775 171.106 4.06156 2.59034 167.045 444.494
internal_count=910853 615885 174983 49579 125404 440902 294968 141909 298993 265214 39012 258627 85796 172831 33779 11123 727 267 108207 17197 13924 6768 573 358 7632 1906 10396 7220 10567 170185 4698 8935 2646 815 3644 736 33234 22656 5885 3354 2531 134277 14629 3360 1110 899 56437 50667 676 49991 554 49437 13910 11129 4806 6323 378 41804 16079 655 405 15424 261734
is_linear=0
shrinkage=0.03


Tree=101
num_leaves=64
num_cat=0
split_feature=12 10 14 203 193 249 10 201 92 87 270 86 96 111 51 215 57 175 172 12 114 78 65 202 86 133 5 14 10 189 65 56 172 212 155 159 87 111 122 148 11 78 133 205 87 57 133 165 62 11 159 88 89 29 219 173 59 193 189 115 217 263 133
split_gain=76.6511 43.1233 34.7571 31.1754 24.0087 23.8114 21.6362 18.5522 19.0234 18.5345 19.976 19.6844 17.5663 17.4525 21.82 23.4003 19.9366 21.5736 31.3414 34.6124 16.7916 35.194 18.8066 20.3195 20.2894 21.1205 18.599 17.0055 25.9819 16.6144 16.1259 15.6795 17.524 19.9515 15.5158 17.2915 15.3737 14.8954 14.6438 17.5645 14.4598 14.1069 14.7921 14.0635 14.0583 18.4745 14.0452 20.2238 13.4754 15.8892 15.3033 13.3563 13.1107 13.0899 14.9946 20.1576 12.9529 12.9383 22.3927 21.0954 18.6638 13.1208 25.6558
threshold=20334.99599055044 7.5000000000000009 3314.1526672337745 1.0000000180025095e-35 1.0000000180025095e-35 -7.9999999999999991 4.5000000000000009 1816.9245126976082 1416586.8566115035 87.500000000000014 978.36878222847815 1.5000000000000002 1.0000000180025095e-35 63.500000000000007 1363.2599395502448 1520.0213029120353 67.500000000000014 -161.99194998039991 -142.66437381172565 101057.73990567644 10339.808802325062 1.0000000180025095e-35 -6591.0212204660356 -2.4999999999999996 1.0000000180025095e-35 1.0000000180025095e-35 136.84875639488052 129946.36933064873 6.5000000000000009 -27446.316847338854 2854.5154763889705 1.5000000000000002 294.97303443926359 1.0000000180025095e-35 100466.29035616996 20129.142565677743 1.0000000180025095e-35 76.500000000000014 157406.92949629118 2355.5000000000005 -5608.8238504682349 98409.312513709563 41210.630048673658 -32233.324441828543 57.500000000000007 45.500000000000007 3572.2743916903451 1.0000000180025095e-35 -439.81613124864197 -6903.7976614734098 100240.77150239688 1.0000000180025095e-35 83476.196129342905 149651.97031526078 36128.20176671783 -5632.7636171355407 7829.0205585544982 -5.4999999999999991 -78179.242461200556 3027.5959597719302 1.0000000180025095e-35 3409.3358104482027 14406.083885831284
decision_type=2 2 8 10 10 8 2 10 10 8 8 8 8 10 8 8 8 10 8 2 8 10 10 10 10 10 10 8 2 8 10 10 8 10 10 8 8 8 10 8 2 10 8 10 10 10 10 8 8 2 8 10 10 2 8 8 10 8 8 8 10 10 8
left_child=3 2 9 4 7 -3 44 8 29 10 11 -2 -13 -7 15 16 17 -15 19 -19 21 26 24 -24 25 -22 -6 -28 -29 41 31 32 33 -31 -27 -36 -8 43 -11 -40 -16 -1 -43 -5 45 -4 51 -48 -38 50 -50 -34 -53 54 55 -14 -20 58 59 60 -51 -60 -63
right_child=1 5 6 37 20 13 36 -9 -10 38 -12 12 53 14 40 -17 -18 18 56 -21 22 -23 23 -25 -26 34 27 28 -30 30 -32 -33 46 -35 35 -37 48 -39 39 -41 -42 42 -44 -45 -46 -47 47 -49 49 57 -52 52 -54 -55 -56 -57 -58 -59 61 -61 -62 62 -64
leaf_value=0.0075950140204586883 0.0015757347714473282 0.23738748550751179 0.096156796791265903 0.025726985750656198 -0.0036289605493941661 -0.018044791202667672 0.058092524281348319 -0.0097373284191848517 -0.016468259454685722 -0.0078411915365331816 0.16058489852569385 0.16915200734328556 0.13538082083143432 -0.0048568666172527468 0.151502304862207 0.18422094537968023 -0.0085563054112662486 0.33062470009346073 -0.030332381423930188 0.026163787306547573 -0.004950452445691228 -0.024384911217109975 0.15894902264616162 -0.012035397812075459 -0.012859329127069627 0.032976448021051173 0.011664974457079841 0.23284807680653102 0.023910599957263579 0.00012559682864079911 -0.012431317808105833 -0.0095553043782190643 0.0033195987641505102 0.013672598326985152 0.18788778536144765 0.042805006284451393 -0.012791009818855788 0.11618331735935319 0.14608028746921098 -0.014114894581428634 -0.011142671486495561 0.029431106013736247 0.1675788810737982 -0.015280242175407157 -0.008707317786974339 0.017815110098480684 0.015899546512179813 -0.0068268845967652527 0.012148988506086044 0.0084371304876425541 0.13491772825506368 0.0045865681839476575 0.036417114385648354 -0.031723325839088642 0.10844459028276893 0.021624922755749974 0.13200521836989235 -0.0047909900172047118 -0.0041175005873998818 0.24505727381414549 0.19159635567715252 0.0074573198495542052 0.32013812060562646
leaf_weight=320.82137924269773 12.742993243795356 0.33636802440742031 4.3521997984498757 7.9529685576562761 107.38631981285289 348.56784379458986 3.3611390308942637 115.22282024036394 47.461307637335267 21.786275028833192 1.0959063597256307 1.0506689918693179 1.6142660347395574 2.3604994919733144 0.49563097982900117 0.83878658013418217 8.2957906526280567 0.91406912996899314 1.1419062733184522 0.53143710881704465 12.666908811661417 40.991356275801081 0.62690492696128686 283.7712297415128 23.824530873447657 13.925203590304593 131.85056109784637 0.79155541840009336 1.6568424057331865 2151.0547475038911 67.266329503094312 97.251420188636985 2011.106345266453 102.50592012936249 1.3485566597664718 1.6365933961933481 187.06208783376496 0.80663587362505396 1.2845778348273591 1.183551696478389 66.291047753475141 16.966006580449179 0.72747575404355203 140.48114738235017 6.173368413350544 7.1759699345566332 183.87418325303588 43.596073590626474 2.4975002806750117 1.9843851572950373 1.4410674519604074 24.791717065847479 21.963666546274908 1.8893610280356359 3.3206417854526107 10.659213637001811 0.72207327821524803 337.55115485819988 12.105099314881956 0.65242534311255473 0.6696884927805512 0.76708270370727283 0.34122839104384195
leaf_count=21955 1480 177 253 724 11893 213664 168 21490 3615 7359 255 222 185 627 227 146 1862 220 291 151 1169 24035 121 69255 5780 2076 9531 92 321 120719 8143 1565 87153 2187 130 250 97133 82 214 208 29405 3265 109 24257 999 257 15517 5962 308 415 144 360 219 217 335 1410 89 105955 3740 208 136 311 107
internal_value=-0.000160858 -0.00762285 -0.00257585 0.00115467 0.00150155 -0.0149239 -0.00481734 0.00216655 0.00243605 0.0198335 0.0346894 0.0302782 0.0500124 -0.0151212 -0.00263135 0.03032 0.0210767 0.064433 0.113854 0.21869 -0.00407655 0.00131843 -0.00859116 -0.0116585 0.00774433 0.0243406 0.00567788 0.0131197 0.0914591 0.002614 0.002152 0.00236359 0.00261897 0.000741799 0.0462814 0.108347 -0.00587098 -0.0123844 4.75941e-06 0.0692613 -0.00993567 0.00903322 0.0351111 -0.0130831 0.027827 0.0473912 0.00447004 0.0115439 -0.00626541 -0.00285575 0.0570684 0.00368811 0.0195392 0.0428527 0.0518882 0.0365866 0.0325544 -0.00352232 0.0224004 0.0922226 0.0546527 0.00492816 0.103726
internal_weight=7027.58 1053.26 622.762 5974.33 5825.09 430.495 566.134 5204.61 5089.39 56.6275 32.3731 31.2771 18.5342 430.159 81.5912 14.8046 13.9658 5.66999 3.30949 1.44551 620.477 282.677 337.8 284.398 53.4018 29.5773 241.685 134.299 2.4484 5041.93 4703.41 4636.14 4538.89 2253.56 16.9104 2.98515 548.433 149.241 24.2544 2.46813 66.7867 338.515 17.6935 148.434 17.7015 11.5282 2285.33 227.47 545.072 358.01 3.93857 2057.86 46.7554 17.4835 15.5941 12.2735 1.86398 354.071 16.5199 3.3065 2.65407 13.2134 1.10831
internal_count=910853 468878 222019 441975 416912 246859 210134 292259 270769 11885 4104 3849 2369 246682 33018 3386 3240 1378 751 371 124653 45872 78781 69376 9405 3625 21837 9944 413 267154 241825 233682 232117 122906 2456 380 208625 25063 7781 422 29632 25329 3374 24981 1509 510 109211 21479 208457 111324 452 87732 579 2147 1930 1595 380 110872 4917 759 551 4158 418
is_linear=0
shrinkage=0.03


end of trees

feature_importances:
foto_mes=288
mcuentas_saldo=130
mcuenta_corriente=129
mprestamos_personales=123
ctrx_quarter_delta2=97
mtarjeta_visa_consumo=89
mcaja_ahorro=83
ctrx_quarter=82
cproductos=77
ctarjeta_visa_transacciones=77
Visa_mpagominimo=74
ctrx_quarter_delta1=74
mcuentas_saldo_delta2=73
cpayroll_trx=71
mpasivos_margen=60
mrentabilidad_annual_lag1=60
mactivos_margen=59
mprestamos_personales_delta2=57
cproductos_delta2=55
mcuentas_saldo_lag1=54
mpayroll_sobre_edad=53
mrentabilidad_annual_lag2=52
cdescubierto_preacordado=50
mpayroll=49
mprestamos_personales_delta1=49
mttarjeta_visa_debitos_automaticos_delta2=49
Visa_msaldototal=48
mcuenta_corriente_delta2=47
ccallcenter_transacciones=46
mcuenta_corriente_lag1=46
ctrx_quarter_lag1=46
mrentabilidad_annual_delta1=46
Visa_mpagominimo_delta1=46
Master_fechaalta=45
mcomisiones_lag2=45
ccomisiones_mantenimiento_delta2=45
mrentabilidad_annual=44
cliente_edad_lag2=43
mcuenta_corriente_lag2=43
cproductos_delta1=43
mtransferencias_recibidas=42
mcomisiones_mantenimiento=40
cprestamos_personales_delta2=40
thomebanking=39
mpayroll_delta2=39
mcomisiones_mantenimiento_delta2=39
mcomisiones=38
mtarjeta_master_consumo=38
Visa_cconsumos_delta2=38
Visa_fechaalta=37
chomebanking_transacciones_lag2=37
ccomisiones_mantenimiento_delta1=37
chomebanking_transacciones=36
mcaja_ahorro_lag1=36
mcuentas_saldo_lag2=36
Master_msaldototal=35
Visa_status=35
mactivos_margen_lag1=34
chomebanking_transacciones_delta2=34
numero_de_cliente=32
Master_mfinanciacion_limite=32
Visa_mpagominimo_lag1=32
mactivos_margen_lag2=32
mcuentas_saldo_delta1=32
mttarjeta_visa_debitos_automaticos_delta1=32
internet=31
ccomisiones_mantenimiento=31
mrentabilidad_annual_delta2=31
ccallcenter_transacciones_delta2=31
mrentabilidad=30
ccallcenter_transacciones_delta1=30
cliente_edad=29
internet_lag1=29
mprestamos_personales_lag1=29
internet_lag2=29
mttarjeta_visa_debitos_automaticos_lag2=29
ctrx_quarter_lag2=29
mcaja_ahorro_delta2=29
cliente_edad_lag1=28
Master_fechaalta_lag1=28
mpayroll_lag2=28
Visa_msaldototal_lag2=28
Visa_mpagominimo_lag2=28
ctarjeta_visa_transacciones_delta2=28
Master_Fvencimiento=27
cliente_antiguedad_lag2=27
chomebanking_transacciones_delta1=27
Visa_mpagominimo_delta2=27
mcuenta_corriente_delta1=26
mpayroll_delta1=26
cliente_antiguedad_lag1=25
mcomisiones_lag1=25
mcomisiones_mantenimiento_delta1=25
Visa_cconsumos=24
mpasivos_margen_lag1=24
chomebanking_transacciones_lag1=24
mcaja_ahorro_lag2=24
mprestamos_personales_lag2=24
Master_mfinanciacion_limite_lag2=24
mrentabilidad_delta2=24
cdescubierto_preacordado_delta2=24
Visa_Fvencimiento=23
mpayroll_lag1=23
mttarjeta_visa_debitos_automaticos_lag1=23
Visa_Fvencimiento_lag1=22
mtransferencias_recibidas_delta2=22
Visa_mconsumototal=21
cproductos_lag1=21
mtransferencias_recibidas_lag2=21
Visa_mconsumototal_lag2=21
ctarjeta_visa_transacciones_delta1=21
Visa_msaldototal_delta1=21
mrentabilidad_lag1=20
ccomisiones_otras_lag1=20
mtransferencias_recibidas_lag1=20
Visa_fechaalta_lag2=20
mcomisiones_delta2=20
mpasivos_margen_delta1=20
mtarjeta_visa_consumo_delta2=20
Master_mpagominimo=19
Visa_mlimitecompra=19
mcomisiones_mantenimiento_lag1=19
Master_mfinanciacion_limite_lag1=19
Master_Fvencimiento_lag1=19
mcomisiones_mantenimiento_lag2=19
Visa_cconsumos_lag2=19
mcomisiones_delta1=19
cliente_antiguedad=18
mttarjeta_visa_debitos_automaticos=18
Visa_mfinanciacion_limite_lag1=18
mpayroll_sobre_edad_lag1=18
mactivos_margen_delta1=18
Master_mpagominimo_delta1=18
mpayroll_sobre_edad_delta1=18
Visa_mfinanciacion_limite=17
Visa_fechaalta_lag1=17
Visa_cconsumos_lag1=17
mpasivos_margen_lag2=17
mactivos_margen_delta2=17
mcaja_ahorro_delta1=17
ccomisiones_otras_delta2=17
Visa_msaldototal_delta2=17
cprestamos_personales=16
ccomisiones_otras=16
Master_Fvencimiento_lag2=16
Master_fechaalta_lag2=16
Visa_Fvencimiento_lag2=16
Visa_fultimo_cierre_lag2=16
mrentabilidad_delta1=16
mpayroll_sobre_edad_delta2=16
Master_status=15
mpayroll_sobre_edad_lag2=15
mpasivos_margen_delta2=15
thomebanking_delta2=15
Master_mpagominimo_delta2=15
Visa_mlimitecompra_delta2=15
Visa_mconsumototal_delta2=15
cpayroll_trx_lag1=14
Visa_mlimitecompra_lag1=14
Visa_mconsumototal_lag1=14
kmes_lag1=14
mrentabilidad_lag2=14
cproductos_lag2=14
ctarjeta_master_transacciones=13
Master_fultimo_cierre=13
Visa_fultimo_cierre=13
cdescubierto_preacordado_lag1=13
ctarjeta_visa_transacciones_lag1=13
Master_mlimitecompra_lag1=13
Master_mlimitecompra_lag2=13
ctarjeta_visa_delta2=13
mtarjeta_visa_consumo_delta1=13
mtransferencias_recibidas_delta1=13
Visa_mconsumototal_delta1=13
ctarjeta_visa=12
mtarjeta_visa_consumo_lag1=12
ctarjeta_visa_transacciones_lag2=12
ccomisiones_otras_lag2=12
Master_msaldototal_lag2=12
Master_mfinanciacion_limite_delta2=12
Master_mlimitecompra_delta2=12
Master_mconsumototal_delta2=12
Visa_status_delta1=12
kmes=11
Master_fultimo_cierre_lag1=11
Master_mfinanciacion_limite_delta1=11
Visa_cconsumos_delta1=11
Master_mlimitecompra=10
Master_mpagominimo_lag1=10
Visa_mfinanciacion_limite_lag2=10
cprestamos_personales_delta1=10
Master_mconsumototal=9
Master_msaldototal_lag1=9
Visa_fultimo_cierre_lag1=9
Visa_mlimitecompra_lag2=9
Master_msaldototal_delta1=9
Master_mlimitecompra_delta1=9
Visa_mfinanciacion_limite_delta1=9
Visa_mfinanciacion_limite_delta2=9
Visa_mlimitecompra_delta1=9
Visa_msaldototal_lag1=8
mtarjeta_visa_consumo_lag2=8
Master_mpagominimo_lag2=8
kmes_lag2=8
ccomisiones_otras_delta1=8
Visa_fechaalta_delta2=8
cprestamos_personales_lag1=7
ccallcenter_transacciones_lag1=7
Visa_status_lag1=7
mtarjeta_master_consumo_delta2=7
Master_msaldototal_delta2=7
Visa_fultimo_cierre_delta1=7
Visa_fultimo_cierre_delta2=7
Master_cconsumos=6
mtarjeta_master_consumo_lag1=6
ccomisiones_mantenimiento_lag1=6
Master_status_lag1=6
mtarjeta_master_consumo_lag2=6
ctarjeta_master_delta2=6
Master_mconsumototal_delta1=6
Master_cconsumos_delta1=6
Visa_Fvencimiento_delta2=6
cdescubierto_preacordado_lag2=5
cprestamos_personales_lag2=5
Master_status_lag2=5
Master_mconsumototal_lag2=5
Master_cconsumos_lag2=5
mtarjeta_master_consumo_delta1=5
Master_Fvencimiento_delta2=5
Master_cconsumos_delta2=5
ctarjeta_master=4
thomebanking_lag1=4
Master_cconsumos_lag1=4
ccomisiones_mantenimiento_lag2=4
ccallcenter_transacciones_lag2=4
thomebanking_lag2=4
Master_fultimo_cierre_lag2=4
internet_delta2=4
cdescubierto_preacordado_delta1=4
ctarjeta_master_transacciones_delta2=4
thomebanking_delta1=4
ctarjeta_master_transacciones_lag2=3
cpayroll_trx_lag2=3
Visa_status_lag2=3
ctarjeta_visa_delta1=3
Master_status_delta1=3
ctarjeta_visa_lag2=2
cpayroll_trx_delta1=2
Master_fultimo_cierre_delta1=2
Master_fechaalta_delta1=2
Visa_status_delta2=2
Visa_Fvencimiento_delta1=2
Visa_fechaalta_delta1=2
internet_delta1=1
cliente_edad_delta2=1
cpayroll_trx_delta2=1
Master_fultimo_cierre_delta2=1
Master_fechaalta_delta2=1

parameters:
[boosting: gbdt]
[objective: binary]
[metric: auc]
[tree_learner: serial]
[device_type: cpu]
[data_sample_strategy: bagging]
[data: ]
[valid: ]
[num_iterations: 102]
[learning_rate: 0.03]
[num_leaves: 64]
[num_threads: 0]
[seed: 906839]
[deterministic: 0]
[force_col_wise: 0]
[force_row_wise: 1]
[histogram_pool_size: -1]
[max_depth: -1]
[min_data_in_leaf: 128]
[min_sum_hessian_in_leaf: 0.001]
[bagging_fraction: 1]
[pos_bagging_fraction: 1]
[neg_bagging_fraction: 1]
[bagging_freq: 0]
[bagging_seed: 10843]
[bagging_by_query: 0]
[feature_fraction: 0.5]
[feature_fraction_bynode: 1]
[feature_fraction_seed: 31882]
[extra_trees: 0]
[extra_seed: 25029]
[early_stopping_round: 0]
[early_stopping_min_delta: 0]
[first_metric_only: 1]
[max_delta_step: 0]
[lambda_l1: 0]
[lambda_l2: 0]
[linear_lambda: 0]
[min_gain_to_split: 0]
[drop_rate: 0.1]
[max_drop: 50]
[skip_drop: 0.5]
[xgboost_dart_mode: 0]
[uniform_drop: 0]
[drop_seed: 6479]
[top_rate: 0.2]
[other_rate: 0.1]
[min_data_per_group: 100]
[max_cat_threshold: 32]
[cat_l2: 10]
[cat_smooth: 10]
[max_cat_to_onehot: 4]
[top_k: 20]
[monotone_constraints: ]
[monotone_constraints_method: basic]
[monotone_penalty: 0]
[feature_contri: ]
[forcedsplits_filename: ]
[refit_decay_rate: 0.9]
[cegb_tradeoff: 1]
[cegb_penalty_split: 0]
[cegb_penalty_feature_lazy: ]
[cegb_penalty_feature_coupled: ]
[path_smooth: 0]
[interaction_constraints: ]
[verbosity: -100]
[saved_feature_importance_type: 0]
[use_quantized_grad: 0]
[num_grad_quant_bins: 4]
[quant_train_renew_leaf: 0]
[stochastic_rounding: 1]
[linear_tree: 0]
[max_bin: 31]
[max_bin_by_feature: ]
[min_data_in_bin: 3]
[bin_construct_sample_cnt: 200000]
[data_random_seed: 12273]
[is_enable_sparse: 1]
[enable_bundle: 1]
[use_missing: 1]
[zero_as_missing: 0]
[feature_pre_filter: 0]
[pre_partition: 0]
[two_round: 0]
[header: 0]
[label_column: ]
[weight_column: ]
[group_column: ]
[ignore_column: ]
[categorical_feature: ]
[forcedbins_filename: ]
[precise_float_parser: 0]
[parser_config_file: ]
[objective_seed: 8837]
[num_class: 1]
[is_unbalance: 0]
[scale_pos_weight: 1]
[sigmoid: 1]
[boost_from_average: 1]
[reg_sqrt: 0]
[alpha: 0.9]
[fair_c: 1]
[poisson_max_delta_step: 0.7]
[tweedie_variance_power: 1.5]
[lambdarank_truncation_level: 30]
[lambdarank_norm: 1]
[label_gain: ]
[lambdarank_position_bias_regularization: 0]
[eval_at: ]
[multi_error_top_k: 1]
[auc_mu_weights: ]
[num_machines: 1]
[local_listen_port: 12400]
[time_out: 120]
[machine_list_filename: ]
[machines: ]
[gpu_platform_id: -1]
[gpu_device_id: -1]
[gpu_device_id_list: ]
[gpu_use_dp: 0]
[num_gpu: 1]

end of parameters
