numero_de_cliente	prob
11675570	0.00118860132055704
11675731	0.000976746671978204
11677630	0.00501449775559695
11678491	0.00112885333569703
11678621	0.00113927900708961
11679331	0.00129639014506006
11680281	0.000956880096229917
11682860	0.000581031995700515
11683331	0.0111876340390804
11685801	0.000715369193133419
11687440	0.00101097102121081
11687720	0.000647963713039048
11688421	0.00239343026773375
11689401	0.0267082478019798
11690330	0.00149357224741201
11690740	0.00473042642910392
11691191	0.00429282713569932
11691850	0.00257887162779378
11695140	0.0519166221360574
11695321	0.00151000297852652
11697261	0.00297788805171846
11697490	0.0231044083427606
11698501	0.000675312405601552
11698641	0.00213493098631111
11700691	0.00051792750518922
11700790	0.0043035661178038
11701350	0.000778502171300811
11701770	0.0035122010436382
11702170	0.000544584613480334
11702430	0.000592151675624451
11702710	0.00194670062308594
11703280	0.00075058706672054
11704161	0.000811117804465209
11704260	0.00184570821308292
11704650	0.00201873173911078
11705610	0.584387838980868
11708130	0.000518784535382408
11709131	0.0012445717161381
11713251	0.00118496812752402
11716360	0.00182849681229944
11717880	0.000734832445244918
11720520	0.0103634645787862
11723611	0.000700065093596088
11724141	0.000777232257733544
11724520	0.00208191645897901
11725200	0.0624902179729911
11725651	0.00182288859770551
11729620	0.00424949604737848
11731950	0.000909748177478563
11732421	0.00121126886690028
11734201	0.00165657099365279
11738921	0.00054063000803548
11739140	0.000734394786918585
11740680	0.000839933328152985
11742460	0.00262993483331635
11744100	0.00108274457748192
11745200	0.00128961341461755
11746710	0.000709868455972503
11746730	0.00640093747552104
11747710	0.000708600177603817
11748120	0.0191174283814414
11748810	0.000751066004899693
11749090	0.00209064716539635
11750710	0.00469926237858045
11753050	0.0023808327963444
11753261	0.01443011227359
11753910	0.000672446905057159
11758720	0.00282590793430253
11759960	0.00206030671527599
11760001	0.000690851265435712
11760370	0.0304296823093534
11760780	0.00138945713327548
11763160	0.000805062608720564
11763191	0.000548476838925115
11763301	0.00252144554224044
11763540	0.00686179099381851
11764540	0.0092629801006983
11764971	0.00459343110010177
11765330	0.00123627287270308
11765340	0.00108711860472806
11766751	0.00450055385932121
11770150	0.00170277509986563
11772500	0.000894436581016904
11774481	0.00628421731973873
11776961	0.000582220362690485
11777661	0.00098654054712259
11777951	0.000740417414439885
11778631	0.000608317657372666
11778761	0.00271277066407129
11779270	0.00137526620271815
11779810	0.00063491072129532
11779820	0.00354180676350507
11781360	0.00182507277198201
11783010	0.00300799487885337
11783150	0.00153347769502401
11783410	0.000911310193026906
11784561	0.000897316795982123
11786491	0.000617796422328781
11787140	0.00257566897786955
11791581	0.0138007411694839
11791601	0.000665851253124646
11792120	0.00567017146011083
11796240	0.00439565321724923
11796660	0.00385008134287145
11796800	0.00102048981322895
11797200	0.00154515354400591
11797600	0.000667774121895857
11798331	0.00262274640294091
11799690	0.0215746584954409
11799940	0.0123748727548717
11800250	0.00176354079004682
11803021	0.00296976361697165
11803461	0.0930448314068394
11804131	0.000517395048959377
11806990	0.00119731389826586
11807871	0.000847380844747433
11808110	0.0183822176642773
11808561	0.0056551534761111
11809921	0.0171419583043179
11810460	0.000935433104346301
11810471	0.000805126688973796
11812131	0.0605512271830719
11813501	0.00177331712653766
11813740	0.000663656172868152
11814221	0.00303169173257078
11814850	0.000637334244008506
11815150	0.0141401173445593
11817641	0.000676521812350491
11817661	0.00105546179045191
11818221	0.00345150990285758
11818280	0.100856157039057
11819171	0.0298084277695483
11819851	0.000675430998764816
11823130	0.0019596205446984
11823820	0.0332486149423562
11825210	0.000852752707886098
11825791	0.000544892806641846
11827140	0.0212465947204245
11829801	0.00122092314135249
11830211	0.000771430624261894
11831940	0.00199489727106708
11832070	0.000678007822200816
11836770	0.000616524266018023
11837590	0.00242448892717729
11839680	0.000560208854408076
11840920	0.00113208083499083
11840961	0.00616622901579897
11843021	0.000773549522157594
11843700	0.000545646667027436
11846280	0.00294644979971449
11847140	0.00474074538737601
11847950	0.00165245204757705
11847991	0.000584154145435871
11849630	0.00602107487145719
11849921	0.000661499829973518
11850850	0.038687048546485
11851110	0.00244893693296684
11851550	0.00159814325173207
11854590	0.00232685285985441
11856821	0.0124831738092494
11856971	0.00199379176738246
11858970	0.000694614344717552
11859000	0.00113115771758281
11859041	0.0241361567448958
11859380	0.0145055068778251
11860070	0.00826562279757302
11860421	0.00069261836604167
11862570	0.00270408159605012
11863861	0.00320755594666943
11865070	0.00121900802658162
11867800	0.00525356538314653
11867991	0.00432961129286531
11868131	0.00106646904934631
11868360	0.00176493545672933
11871930	0.00265149660802747
11872780	0.00248243481409908
11873330	0.0013920916699873
11875810	0.00261351790774101
11876421	0.00182444045215374
11876900	0.000633394547279602
11877221	0.00296811917771537
11879861	0.00107846654112651
11880961	0.00109377484911966
11881091	0.00243742637346546
11881200	0.00748153770599602
11881490	0.00625995872250696
11881590	0.00216264764917169
11881921	0.00544711171096627
11882290	0.00147105051701057
11882310	0.00166448677481589
11882430	0.00384710915239286
11882751	0.00322250713206155
11883520	0.00197281890903288
11884770	0.000605296407492811
11884780	0.00239213879612912
11884920	0.000683441880764484
11886341	0.0287842151085444
11886430	0.0201419394915196
11887940	0.00105358498915497
11888510	0.000514586897843837
11888941	0.000603952136448161
11890270	0.00390149241513294
11891800	0.00187045415372389
11893180	0.00123815323745232
11893521	0.000719886585894978
11893651	0.748858211171041
11897180	0.00386164789095452
11897730	0.00323426386201286
11900121	0.00210925835277881
11903100	0.000627246087748242
11905890	0.00233546727471875
11905921	0.00106759287298849
11906300	0.00123636206877293
11906310	0.0154672188706141
11907110	0.00235622583345351
11907291	0.0195075017053298
11908240	0.00250367055650588
11908401	0.00432784477370857
11908500	0.00107700520821394
11908650	0.00525213480211887
11909491	0.00275638303335283
11911100	0.00283217307879892
11911970	0.000806281040870944
11914290	0.0012775498416401
11914590	0.00227958834249999
11915981	0.00886766683413465
11917470	0.00217437281682192
11918461	0.000681176872305014
11920080	0.00176929317376287
11921880	0.000968688831090505
11922840	0.0146594723397887
11924200	0.000658600239606384
11926181	0.000526403423837921
11926280	0.000536764417535874
11926440	0.00108396993328787
11926891	0.000739448595902957
11928920	0.00154418510301127
11929620	0.00199504629948935
11930420	0.00058006291796603
11930860	0.000740524159108307
11932821	0.00128962579083326
11933620	0.00165026243407797
11934840	0.000758302671595919
11935561	0.00101385709854043
11935650	0.00116952912443926
11935711	0.0008140793979571
11935960	0.00144318959821538
11936500	0.00485250884633801
11937070	0.00516978525000529
11939011	0.0178650131657651
11939390	0.000564065145331861
11941720	0.00888190052653364
11942471	0.000641804887423456
11944760	0.000550819396847313
11947581	0.011553938776919
11948401	0.00266188599538932
11949310	0.0194861531528643
11952350	0.000729383097328221
11954191	0.00638195723110329
11956080	0.00709436615576042
11957081	0.000582839714071292
11957091	0.00644017563003332
11957221	0.00414732628452182
11957491	0.00108809104085755
11958310	0.000550016657104646
11960360	0.00100478083700499
11961791	0.000523599141959399
11963581	0.00491631513777169
11963660	0.00541079336170669
11964790	0.000608373182109244
11965870	0.002691570845398
11966820	0.0104352248158304
11968500	0.00075992889265032
11969501	0.000889610468538187
11970311	0.00275661466521408
11971390	0.00408304616165615
11971561	0.0102585263634252
11973890	0.00143271733214268
11975691	0.0248747907174161
11975711	0.000696460354572819
11976350	0.0100761078240368
11976920	0.00054364094608564
11977781	0.000757624937451288
11978970	0.00133113691294666
11979151	0.0035119862493941
11979421	0.000638098188389317
11979851	0.00121543475125411
11980100	0.000861246979277936
11981740	0.00107023827314287
11981850	0.000541259094230326
11984220	0.00336862129896637
11984490	0.00581252167539604
11985231	0.00454370391068169
11986891	0.0011965837794393
11987530	0.0119021699715887
11988890	0.000698356470377103
11990000	0.00298467573695994
11991520	0.00190539729244898
11993450	0.00213810371547128
11995831	0.000593804701548214
11995960	0.000728990442332744
11997300	0.00693311068716983
11998700	0.000798568542829097
11999161	0.00109468257993006
12001590	0.00195352860710359
12002950	0.00189051902299494
12003650	0.236275948956509
12004230	0.00231112898315182
12004381	0.0175910349890977
12004480	0.00101763805614707
12004900	0.00257520487342485
12007561	0.00108484429717065
12008060	0.00097476748267339
12009740	0.000829534736298374
12011230	0.00168036274186511
12011291	0.0025698276812615
12011431	0.00341961976421392
12016760	0.00130929361347375
12017221	0.00114880823964379
12017290	0.00257809477625931
12018260	0.000729613463664432
12020060	0.00475685632009062
12020620	0.00307267246066868
12021081	0.00112927310247554
12022191	0.0104012926880123
12022280	0.00479655794556555
12022840	0.00100317722643718
12024511	0.00769575217632467
12025060	0.000736743692415751
12030000	0.00210047716278607
12030171	0.000657024823796116
12030820	0.00206908909772468
12034260	0.000540318771517074
12034850	0.0250867951942954
12036350	0.170463553363326
12036490	0.00136012506693481
12036951	0.00553151211120876
12038010	0.00185720103083691
12038700	0.00054239565960243
12040251	0.00120843981772248
12041600	0.000711357578514576
12041610	0.000655139095652844
12045481	0.000798697733684475
12045730	0.000812713298736166
12046710	0.000603573991952184
12049081	0.00537330457399057
12050540	0.0409225563680645
12051691	0.0030059639381561
12051981	0.000744754593992158
12055431	0.00243486059149763
12055650	0.00227126630136494
12055831	0.000656965014458584
12056050	0.0189827765331489
12056121	0.00317514697635183
12056460	0.0028336010027052
12056511	0.0127061470378971
12056521	0.0018302348002338
12056951	0.00166217510632401
12058000	0.00131979695356463
12059120	0.00417972921379712
12063930	0.00302392571955523
12064261	0.00960980628820146
12064780	0.0590825656985007
12064890	0.00330674370108146
12065880	0.00108530834220828
12066851	0.00493620475063998
12067151	0.00181772500820002
12067370	0.00885416517098766
12069481	0.00628040354640227
12070670	0.00109399472872996
12073330	0.00140883868774619
12076320	0.00290558933989061
12078830	0.000559286961929365
12078871	0.0451530745463682
12083541	0.000604087094397945
12084900	0.00182959290707343
12086800	0.000889736695112361
12089300	0.00112966217303904
12092200	0.001663375121678
12094991	0.00430798687369207
12096210	0.00165378453899145
12097700	0.0112021821893066
12097891	0.000959976347958099
12101471	0.00924920237714379
12101870	0.000544811703426873
12104091	0.00108075602931945
12106171	0.000735160668203817
12106810	0.0112447835085488
12107530	0.0018004703317693
12108781	0.0014837595108344
12110290	0.141821401108863
12111080	0.000659201433750096
12111230	0.00347522086103618
12113331	0.00111995288203473
12115271	0.000592628706496549
12115971	0.000519581410061196
12117160	0.00159513264923445
12117201	0.0032086196716209
12117560	0.00196142126092875
12117860	0.00121462566681672
12118021	0.000698478616585911
12118800	0.000834800398711069
12119660	0.00123965610543498
12119790	0.00307455864201852
12120251	0.00281484475583522
12120590	0.0050034892682819
12120730	0.00169743956614976
12121460	0.00297712094955171
12123110	0.000918736518866174
12127151	0.00118337642092475
12127640	0.000609412335426202
12127920	0.0015400254566145
12128050	0.00209973773946299
12128760	0.0159972403769684
12129040	0.0208267725086797
12130721	0.000678465537467172
12130991	0.00456627224309295
12132340	0.00275728966053658
12134530	0.00153438220153181
12134670	0.0011956019039865
12134840	0.000518776487835409
12136450	0.00182137287320966
12137300	0.00476212775392383
12137690	0.000582175585945089
12140941	0.00115426688164545
12142031	0.00364326805131302
12143121	0.000606201103078356
12143360	0.000955937822648944
12143900	0.00635802203408135
12144921	0.00140143426504867
12145150	0.00160193148189784
12145160	0.0247551430755196
12148200	0.0192751536681452
12149020	0.000537280732147031
12150591	0.000722838608001477
12151620	0.00173503331205078
12152050	0.000707128369256405
12154260	0.000526814087774003
12154270	0.00449332329199039
12155940	0.00120850357837968
12156361	0.0391697533258598
12157351	0.0135879153188209
12157690	0.00232406091192365
12157990	0.0014551492172339
12159681	0.000564144686732282
12163920	0.00051697190620286
12164050	0.00246241380923456
12166380	0.000593647346475134
12166660	0.000550335784375206
12167250	0.00357426018978002
12169321	0.0686888871563934
12169870	0.00259868525549709
12175240	0.00160694816866792
12175551	0.00608801273976257
12175971	0.0702822418265138
12176231	0.00119395327157795
12176730	0.00744419548583109
12177040	0.000537620470015893
12178250	0.00288195614221632
12178581	0.0180400461817537
12179281	0.000598096397753225
12179541	0.00382170707456172
12180030	0.000776942693791286
12180340	0.00258347842267652
12180620	0.0081817749423934
12180921	0.00183724532689573
12181550	0.000642845960448106
12182410	0.00148250767314815
12182680	0.00188060918205465
12183551	0.018048412334163
12184050	0.013634998918564
12184661	0.00297815806090918
12185010	0.00184120559351872
12185840	0.00247392188686949
12188371	0.00105440603172999
12189410	0.00502773707404327
12190721	0.00186381742641187
12193830	0.00652256778191649
12194000	0.000825470648867801
12194130	0.00279010864560761
12195640	0.00948485758407971
12195760	0.00176208983719764
12198690	0.000801748101029466
12200361	0.00524688350178155
12201321	0.000628959208027388
12201590	0.00222482057494169
12202650	0.00562402500583623
12202800	0.000982409748791253
12202810	0.00875501119372835
12202950	0.00148646342851003
12206260	0.001838763486046
12206431	0.00100448554073633
12207141	0.001954684080771
12209751	0.00118555708287584
12210820	0.00054531494709068
12211070	0.00054350256519754
12211100	0.00102555335428048
12211220	0.000579734151138869
12211681	0.00203332475091757
12211811	0.00328202933270975
12213061	0.00264207457368446
12213130	0.000642714868304284
12213160	0.00226054651735594
12216580	0.0077833518376933
12218940	0.00140110635277163
12219541	0.000733037622941091
12219770	0.0034322527452584
12219920	0.000551997083267017
12220590	0.0123629387395648
12220600	0.00828409437353199
12221570	0.00112740914210261
12224760	0.0049193525315129
12225201	0.00559912241574958
12226680	0.00390340719354161
12226950	0.00421244410818622
12227510	0.000719190383533912
12228440	0.00745265170399307
12229191	0.000813288678537705
12229990	0.000748647958250284
12230250	0.000544410941691498
12231480	0.0012705691131587
12233980	0.00467243288288427
12234230	0.00125820947993973
12234680	0.00303103983977121
12235541	0.00703944065720749
12238530	0.011582603019642
12239620	0.00118784364090467
12239930	0.0017722259214075
12240921	0.00730236336570668
12243780	0.0257741105263273
12245051	0.0160892590541231
12245860	0.00409119056566687
12245960	0.000755450461700367
12247080	0.00211393357112302
12248491	0.0246345834929564
12249830	0.00194789650553574
12250250	0.000990361242517099
12251060	0.00152877980024562
12251630	0.00923743867255164
12252850	0.0305301355710985
12253980	0.000519039813449375
12255900	0.00358671822430069
12257871	0.00245340484896683
12258721	0.000524638673803097
12259251	0.00320733277351181
12259360	0.0065410450938293
12259510	0.00115334882333392
12259941	0.00156014394050279
12260101	0.00182977739393643
12260740	0.00904648320587018
12261400	0.000585749668726276
12262991	0.00156156729238435
12263271	0.000779988575689559
12263381	0.00907961688753016
12263941	0.000668907305936224
12264491	0.0117911910513466
12267330	0.000997479010544814
12276020	0.0101738593464645
12279111	0.00128897277774789
12279131	0.00217687398420332
12279241	0.00242820953468289
12280030	0.00184096392843225
12280641	0.000516420738270242
12281420	0.00408082065095184
12281861	0.00083436847453764
12282421	0.00156568159913812
12282810	0.00341605597320105
12282831	0.00346544260486338
12282841	0.000887727602383789
12283470	0.00145659359126159
12284511	0.00064707457258104
12288020	0.00163174475370158
12288621	0.000689096543570903
12289591	0.00052682201019343
12290540	0.0191041835147295
12291070	0.0029181125621917
12291620	0.00516212419617573
12292501	0.000545613719070245
12293540	0.00610838765624194
12295791	0.00445948624855992
12296341	0.000615606944467431
12297400	0.00134184421478165
12298380	0.00106234754245321
12299931	0.00657258356895246
12301410	0.000763336161832801
12302090	0.00108342045564058
12302141	0.000541400061490768
12302230	0.00178695797776331
12305581	0.0018720404832784
12305850	0.00255299053084387
12306500	0.000551424860915594
12306841	0.199024119435199
12307241	0.0337720406256734
12307401	0.000547123285366163
12314670	0.00119915363641939
12318431	0.311584269718626
12320020	0.0340958636430227
12320231	0.000509342520031485
12321530	0.00160989298071815
12322110	0.00300509185574512
12323521	0.000561794831195719
12323620	0.00124505627474418
12324901	0.000542516909734813
12325130	0.00064669449203796
12325321	0.000633692593545311
12325810	0.000831228665350191
12326011	0.0021551138161786
12326390	0.0243252750406874
12327251	0.0135628953449542
12327920	0.000682346323795125
12330021	0.000892227390565648
12331500	0.033343636900616
12332491	0.00125080751030746
12332580	0.00136325518087929
12332980	0.00112439628892788
12333031	0.0116430000495517
12333130	0.000605645495037297
12333461	0.000508856531273399
12335230	0.00101683894879116
12335521	0.00480944221802114
12337530	0.00174849553118318
12338660	0.00139977746642008
12339090	0.000743759475060351
12340010	0.000540288340072087
12341130	0.0278155266913896
12341830	0.000636197647880835
12343371	0.00719588200860844
12344730	0.00118360865014786
12350001	0.00413260663747529
12350541	0.000686130419495371
12351900	0.00153342957306755
12352300	0.0114079978568961
12355360	0.0126468387404539
12356980	0.0406392836877552
12357000	0.00102547474869066
12361181	0.00103807601100872
12362380	0.0010845982661657
12364860	0.000640739532951657
12365301	0.00376037573331678
12366411	0.00170923894209951
12367360	0.00154928421725357
12368160	0.00495745317463677
12368850	0.000798479939942717
12372850	0.000746494542534607
12373260	0.00218599191057863
12373980	0.00181355858470541
12378250	0.000663401819675044
12379360	0.000559617231931789
12379890	0.00114659080741358
12380320	0.00380936028971905
12381861	0.00192161298700172
12383060	0.0010406804988604
12384611	0.00128772532147731
12385970	0.00262161419285918
12386831	0.00410812336947461
12387880	0.00314493627166134
12389150	0.000706916805444216
12390421	0.00530046311721415
12390500	0.0032539951815462
12391801	0.000617835815486035
12392611	0.00082109631778341
12392700	0.00108320456716131
12393861	0.00598402951823319
12394810	0.00202576299114675
12395050	0.00106219930022934
12395630	0.000544389872766425
12397940	0.00204963619350585
12400050	0.000568447057826525
12403651	0.0079644206454815
12404331	0.000581338369592255
12404611	0.00219521712856552
12405130	0.0958291572502313
12406541	0.000626766686644063
12408300	0.00143544420281011
12408560	0.00858660895243058
12408730	0.00834284196686597
12409290	0.00225489351945703
12410281	0.00166923424650487
12411781	0.00615562979239587
12415070	0.00108296433007944
12416300	0.00229866593726553
12419330	0.00661936750709829
12421940	0.00661729510790236
12424160	0.00154807333480163
12427641	0.00211475814425405
12431190	0.00118012886414681
12435040	0.00192676811147655
12436481	0.000705506491245154
12439730	0.00222294946197226
12441161	0.00413370388392076
12442800	0.00052288560563328
12443600	0.000709982486659465
12444720	0.00071278737029182
12444990	0.00662703183346625
12446660	0.0123622188717322
12447221	0.0141505148027775
12448170	0.00241610560201029
12448191	0.00360890815840701
12448341	0.00559549067822679
12448461	0.000706625838602114
12448830	0.0013571078612837
12448881	0.00292295648893913
12449151	0.000544249715224594
12452570	0.00293535367998332
12452700	0.00337891255929323
12453021	0.211469454411633
12453100	0.00182088493182951
12455880	0.000520762273709659
12458391	0.00125319240559065
12459760	0.000668921984222099
12460051	0.00362883884069226
12460321	0.00139298702074382
12462411	0.00160638622700026
12466520	0.0125383883481285
12468850	0.00470221237407451
12469110	0.00871756479548447
12471771	0.00153862347958575
12472741	0.000864604406655596
12472830	0.00555831195164289
12473311	0.00320703678460325
12473670	0.00171642922937627
12473940	0.0102134924126345
12474370	0.000939183777507243
12474380	0.0173163683216285
12477031	0.000758871488593887
12478760	0.00802821036363075
12479210	0.00474694681951359
12480590	0.000732802260205654
12480751	0.000845470655534758
12481240	0.00143946861313966
12481680	0.00078506820998649
12482200	0.000879565039006929
12483170	0.00104922198335864
12483921	0.00165995766472013
12486110	0.0011100545828478
12490380	0.000608242234121223
12490900	0.00132918299485956
12491091	0.000620203743554652
12491361	0.000545654216848649
12493660	0.0510792013191689
12494681	0.000634430840444302
12496560	0.000747281330807059
12497410	0.000602528428702328
12497940	0.000592380633999428
12500560	0.000548446138270805
12502520	0.00189912119021381
12504570	0.0739583243448051
12505390	0.00971586790602134
12508020	0.00420692879960792
12508170	0.00172347136838521
12508270	0.00240840007919821
12509100	0.00199044176443142
12509981	0.00057627117523419
12510681	0.00231156294543448
12511511	0.000552554519790096
12511580	0.00157523127600119
12513441	0.00198640824333753
12513721	0.00122216077757781
12515610	0.00453155516181653
12516881	0.00311007113781483
12518100	0.018398524085891
12521120	0.00111552905050176
12522661	0.0038046027779177
12524170	0.00183624309897116
12524300	0.00357088892943933
12524570	0.138856338715797
12524720	0.00125888972508416
12525800	0.000574282414019434
12526630	0.00389567534432307
12529270	0.019077284901412
12530220	0.00168719793834883
12531320	0.000688222278397044
12531890	0.00290797074132481
12532020	0.00718012272544276
12532840	0.00450266314409241
12536830	0.0015331071346627
12537250	0.000658067991209365
12538490	0.00191067939638609
12540041	0.00407622706933751
12540290	0.00136095001253798
12541810	0.00778989796801882
12542381	0.000903334826541952
12542811	0.00107754673649998
12543160	0.00112456408818954
12544170	0.0857249681608806
12545011	0.0103202791754113
12547620	0.000574099820750832
12548140	0.00515224899308462
12551211	0.00239713786971998
12553421	0.00300381766673355
12553550	0.00103511607652062
12557230	0.00322040317468019
12557680	0.00364703348288522
12558090	0.00116007181769397
12559060	0.00143571677887481
12561841	0.0123663215658875
12562941	0.0739008988282736
12563771	0.00288061082409609
12564041	0.00230231141854884
12564871	0.00090634380646926
12565680	0.00437670721354551
12567340	0.00218670338088518
12568191	0.00070863105505645
12568611	0.00310514084951956
12569100	0.0039764651371301
12570541	0.00175763270049908
12571481	0.00108173042307154
12571501	0.00073013853336445
12572580	0.00245371406484551
12573660	0.00719752931183691
12575761	0.000637946862013158
12576260	0.000661437661187262
12576400	0.00932206295333448
12576591	0.00880340840262791
12577250	0.00515049581582765
12577831	0.0006844257097722
12578070	0.000608193826684454
12578640	0.000568156872678536
12579310	0.000761898938341227
12579730	0.00424206045311483
12581011	0.00107211711170298
12582220	0.00252988145188518
12582671	0.000530498942595331
12583621	0.00127053042226683
12584451	0.00106897285791346
12585431	0.00210710514130852
12586251	0.00155974889359562
12586370	0.000700784805452979
12586801	0.000835419032360674
12589380	0.00125348384695507
12591040	0.00104870467362749
12591071	0.00328153919124574
12591870	0.00130481600885757
12593271	0.00416583388218624
12594220	0.00721724089416057
12597520	0.00313192509921679
12597670	0.000669676279318177
12600171	0.000725418687667599
12602370	0.00222620256396638
12602791	0.00119588805645943
12602801	0.000640769116675815
12603610	0.00502422088056212
12604120	0.00114574900486813
12604400	0.000817910707699528
12606200	0.0010964936239777
12606480	0.000568005564620693
12607160	0.000587253342271637
12607901	0.0605497084927648
12608280	0.000833290659462649
12608840	0.000516524656783247
12612451	0.00990870895798349
12612601	0.00553623581125407
12612871	0.00167145194294268
12613800	0.0017232421721751
12614050	0.0170075249767918
12614121	0.000791194394460247
12616591	0.0024210349229433
12618920	0.00135889029191529
12619081	0.00342568247092263
12619880	0.00137078727866762
12621161	0.00169309734912402
12621640	0.0024335032508769
12621800	0.000796714277110427
12622401	0.00646987386914979
12624051	0.377013480274073
12625161	0.00427400390038411
12627050	0.0110019955119626
12628311	0.000559211639202798
12633400	0.00138121282886871
12633950	0.000656043094657353
12636591	0.0213170544211757
12637930	0.00129054463111032
12639020	0.00417258229639557
12640140	0.000660374038127118
12640850	0.00181716719088508
12641230	0.00559189900452834
12641650	0.000613652692107261
12643580	0.00155303447650102
12644150	0.0185427739713102
12645510	0.00073428099317329
12647300	0.0189260643997914
12650261	0.00106459677255518
12651560	0.0233792930861308
12654480	0.00145286734761902
12655330	0.000795142231776808
12657841	0.00384560151271686
12659771	0.000511372584130115
12662460	0.000590082322666858
12662671	0.0187460011127686
12663170	0.000876217212286615
12664390	0.00103473793357152
12666060	0.00115841764238256
12666220	0.00304922363415431
12666320	0.00053154701030915
12666500	0.0027152265250584
12668120	0.00129963614582735
12670350	0.000680148526136055
12673230	0.000618236929472159
12674661	0.000585789466664662
12675621	0.0803353778114181
12675710	0.000818283964615116
12676570	0.00128051073753683
12678330	0.00732515139736328
12679840	0.00833014090956736
12680441	0.00450136562552186
12682111	0.00211514819665684
12682880	0.000605438822154442
12684451	0.00180031507186692
12684581	0.0023190526286823
12685930	0.0147899402092622
12685981	0.18619339605416
12686360	0.00107553809577339
12686500	0.000672468102331816
12688010	0.00448572495465274
12689681	0.0016170826823012
12689971	0.00161496220952709
12691290	0.000675297405521492
12694501	0.00153484807505763
12694521	0.00113210238338647
12694740	0.00162881681548083
12697271	0.00052528827951064
12699160	0.000982686473890248
12700390	0.000570297045011577
12702340	0.00730057432340818
12703980	0.00104130475042269
12704140	0.00296569043648599
12704851	0.00110383590423415
12705971	0.00120917080089797
12706450	0.000849706188621275
12706501	0.00121622118652592
12706610	0.00134284613905311
12707970	0.000544527934086221
12709350	0.00118920400937608
12709930	0.00115360443795274
12712540	0.0654494287353222
12712581	0.00400111357959928
12712670	0.000640170686804872
12715051	0.00122072636398244
12716311	0.0127953327299593
12716431	0.000589467671768346
12717760	0.00064215911566355
12718381	0.00106971755357485
12723440	0.00409184058639974
12723970	0.00213082864537802
12725920	0.0022832128520072
12727730	0.0359932188852791
12728250	0.00688998481805631
12728680	0.00420353127050248
12729090	0.00470686348091072
12731211	0.000560343309634742
12732240	0.0012787223008259
12733811	0.000533167175214705
12734241	0.00223680956453169
12735481	0.00377633245496054
12736041	0.00115491757551384
12736940	0.00157582026830738
12738651	0.00150034848661593
12741090	0.00110913023768064
12742330	0.00334750519216667
12742781	0.00283814891610279
12744930	0.039313298034371
12745821	0.0277275753676891
12746470	0.000649072599716328
12746501	0.00595768580485304
12747071	0.0225590759325101
12748250	0.00371826622599446
12748940	0.00066949922005056
12749070	0.00217780308488126
12749620	0.00184679408716252
12751491	0.00157432502746264
12752810	0.00195495183171315
12753640	0.00315831823131059
12753691	0.00314690693767656
12754231	0.00145429829757662
12755430	0.00122982936835848
12756380	0.00170911273784182
12758791	0.00108339084807687
12758890	0.0151052774233381
12759290	0.000590861612651227
12759870	0.0023835522312171
12760991	0.00511193807363791
12762371	0.00227470307178367
12762460	0.00127304972783578
12763860	0.00482090304457583
12766791	0.00193643239030506
12768400	0.00403898872147256
12769800	0.000818943013857446
12770521	0.00103220746048176
12771331	0.00117290767129434
12772110	0.00695751043698341
12776161	0.00145994832031713
12776571	0.00163900858331241
12779341	0.000886077601766841
12780120	0.0018349563854443
12780571	0.00252728057694023
12780810	0.00143289896883404
12781210	0.000747657797539306
12784021	0.00070011086332059
12784110	0.00509368930920668
12785100	0.00194060358562968
12786241	0.00141160045843902
12786880	0.0661873352751716
12786931	0.000979947792277611
12788031	0.013498207118961
12789671	0.0013736897975664
12789831	0.000579099020827647
12790610	0.0565878169645034
12790740	0.000543177104150715
12791030	0.0056348162175953
12792970	0.00145946104643679
12793060	0.000636734338612232
12793141	0.000573144985082549
12796550	0.00110798686978507
12796711	0.0862671113201587
12800981	0.00105456273572691
12801890	0.0034486257226146
12802590	0.000629250876020718
12804021	0.313763380402883
12805230	0.00251859676854119
12807850	0.00452267927744809
12809350	0.00324333904578279
12809640	0.00195882094922137
12810511	0.00116895318029861
12811061	0.000763312455614712
12811410	0.00377559770426117
12813220	0.00108461195004437
12813360	0.0015018871272451
12814620	0.00101460714123509
12815280	0.00102426408946235
12817220	0.0188732033201302
12817890	0.000557246775166104
12820561	0.000557416813752617
12820581	0.00265223475602103
12821640	0.00159018466389798
12823471	0.000763025569058021
12823820	0.000581321039416731
12824390	0.00208304496767278
12826200	0.00158000816188976
12826211	0.00245448198167554
12826320	0.00182340261118421
12826921	0.000512382440311545
12828861	0.000518373505283011
12829370	0.000520158837077875
12831830	0.00185166134644125
12833541	0.00273411313964747
12833610	0.0021027550212138
12834750	0.00186083354523753
12835481	0.00240259796671128
12836810	0.00640786716813427
12838781	0.0186237685619856
12839341	0.125665234685121
12840831	0.000555375934649557
12840960	0.00506754069598358
12844151	0.00224348961249294
12844410	0.0031500186088695
12845770	0.00370052271411587
12846231	0.000637957333504199
12848561	0.0045953543353124
12848841	0.0023385112963641
12849330	0.000814246349510565
12849510	0.000683473304773784
12850170	0.00256845840048133
12851020	0.00284515429208683
12854020	0.0018280721977061
12854170	0.000934325656292419
12855051	0.00159318187295222
12858730	0.0032052839120732
12859461	0.000542499335040282
12859550	0.0101114339872052
12862200	0.390317037320958
12862440	0.000610356909452638
12862481	0.000659877031315456
12863970	0.00186182192692329
12864920	0.000682745190187575
12864991	0.00123317775017618
12865941	0.00052863678309549
12867020	0.00459296359235866
12868520	0.00230667140294457
12869220	0.0171455088785968
12871410	0.0526707897935952
12873880	0.00228106031256455
12874491	0.00245634161536199
12874860	0.0015896658889691
12876520	0.000526280015221274
12878570	0.000596640722057268
12880411	0.00371696263074115
12881111	0.000543412262338864
12882730	0.000909626645454921
12882761	0.0141331503187223
12882921	0.000922641790015724
12885241	0.00332118414156473
12885480	0.00283349968788124
12885500	0.00318710746386662
12886300	0.00274915926545938
12886771	0.00636238782120015
12889801	0.028310036000439
12891000	0.00169344048088332
12891550	0.00138708138223165
12892390	0.000745157562073025
12900021	0.00103571780880779
12901920	0.00917958624161455
12905070	0.0014327756186731
12906730	0.00224138880760749
12909251	0.000696286265107912
12910590	0.000590197055312273
12912001	0.000523250239206961
12915881	0.00265403288067125
12915990	0.00149529983997066
12916851	0.00611919382951445
12918201	0.00241797218008215
12920691	0.000519568327223677
12921371	0.0363582882570581
12921640	0.00161297011135685
12923430	0.000902612648815353
12924271	0.000789523927877354
12924421	0.00328809327972221
12924530	0.0012973610078354
12924961	0.0054401548298053
12926020	0.000669676388766151
12927120	0.00252506164075175
12927741	0.000519401877840866
12927820	0.00421184549496586
12929350	0.000555621560348545
12929671	0.00211800343049975
12929750	0.00218830362693717
12930050	0.00132694772143721
12930460	0.000836924261961947
12931741	0.0832388171364008
12932551	0.000515633693437292
12932961	0.00370855051078697
12933511	0.00351597978461292
12934050	0.00487411017513344
12934631	0.00147131994932977
12935031	0.00531965206621353
12937200	0.0326673388043275
12937811	0.0254796565911233
12938771	0.000686501211003119
12939820	0.000676613739351294
12942481	0.000597317643779433
12942710	0.00128401969058795
12942730	0.157650302534657
12943321	0.00274680118397882
12947591	0.000776540200955623
12948370	0.00052174709453654
12948810	0.00709821578119443
12952950	0.00291516819676618
12954751	0.00074953048121086
12956110	0.000564571682403672
12956541	0.00622795209328526
12957811	0.00103175713108142
12958611	0.00184747790222205
12960790	0.00108151718488649
12961330	0.000673535083118858
12964630	0.00081630452525348
12966450	0.00875875579245212
12967540	0.000770958190618134
12968510	0.000743910929358367
12968691	0.00120104701673705
12968831	0.000683635066005295
12970081	0.00135945182374432
12970160	0.00662655828973434
12971731	0.00104307425173449
12972151	0.0006763280085561
12977210	0.00308199350182666
12979270	0.000532247036121938
12980281	0.0020023269915522
12980810	0.000541249788083078
12981080	0.00162866948630496
12981490	0.00224920492860559
12981531	0.0154718900142896
12982180	0.000623676118916838
12983110	0.00308933859336321
12983161	0.0111586753027634
12983461	0.0327413038788783
12984951	0.000630374056963019
12985231	0.000547652822129454
12987110	0.000803357299278674
12987301	0.00065653686409249
12987321	0.0105071307473787
12987550	0.00130528172116729
12992080	0.000552153300598222
12994310	0.000826382885597568
12994580	0.00156742756970334
12997801	0.000811137594565809
12998310	0.000679805830860101
12998450	0.00805756984443556
12999181	0.000632668516838354
12999581	0.00168941360735308
12999660	0.000609004106819552
13000900	0.00100369746547416
13001661	0.00143747342860767
13001770	0.00190325098552583
13002590	0.00899060281046543
13002611	0.00183252780653316
13003520	0.000954732272695053
13004421	0.000675406089414899
13004971	0.00190108524400259
13005450	0.0488568882860371
13007530	0.00188057290228655
13008350	0.00144722114139415
13008500	0.00707056389345445
13010881	0.0013034970120977
13011400	0.226481444760638
13014331	0.00159546992344518
13014560	0.0023639414818797
13015520	0.00505297933916755
13015670	0.146265182581436
13015991	0.00193866260898321
13019991	0.00685289449427813
13020421	0.00989028878724208
13021600	0.00163093163006864
13022020	0.000590023657669352
13022170	0.00229382618284759
13023031	0.00136797973108094
13024510	0.00142341741028108
13026331	0.000575611112535219
13026860	0.000752368512713215
13027120	0.000556487751667077
13027420	0.000607355719838408
13029661	0.00920771344360236
13031260	0.000514469970080568
13031930	0.000673539342351581
13033200	0.00127636833764625
13035700	0.00114756705676583
13036561	0.00840409837661966
13036800	0.000558842365059815
13039530	0.00297691008358748
13039731	0.000958531924007274
13041210	0.0016827521096938
13042491	0.000993700586246807
13042980	0.000693225736765706
13043690	0.00806766625666484
13045231	0.00299428834182793
13046980	0.000778286779335743
13047810	0.0226727817668355
13053610	0.00090708138689489
13053750	0.0018339980773968
13054061	0.000884018141821658
13054321	0.0746743558412832
13054761	0.0802242703112132
13055270	0.0399783640887908
13056070	0.0212651412658542
13056220	0.000616788627372391
13056230	0.00138416226352155
13056281	0.00198877419695522
13056900	0.000869411309065005
13056961	0.000524788230646998
13058010	0.000720687769605644
13058040	0.00237651769266343
13058140	0.00216684677808585
13058191	0.00756644698113833
13059680	0.000516581284965318
13060281	0.0212323307293546
13061340	0.000697436497044205
13062310	0.000821185809326457
13063800	0.000522313176893748
13064230	0.0724661477931199
13064920	0.00389896198854894
13064930	0.00052527699025386
13065641	0.0484265578441897
13068541	0.000603486907016626
13069101	0.000638322652100023
13069190	0.000736161240866525
13069511	0.0316136776997799
13072070	0.0059938507591436
13072490	0.0072494685509421
13072941	0.00259745109809828
13075561	0.000933099098590491
13075830	0.000615858059583435
13075930	0.000580083961134118
13075950	0.0116109396744251
13077091	0.00307333220534579
13077860	0.00595193384649081
13078191	0.00216015612674994
13079930	0.00322463485972096
13080111	0.0249432251992875
13081450	0.00126429358512171
13082560	0.00100886202075186
13082731	0.00069772044289103
13082881	0.00389781535754918
13083280	0.00362863344609245
13084131	0.0182159758111867
13085590	0.00100887831799435
13086321	0.000686863605140149
13087140	0.0956257442512562
13087650	0.00106284031338629
13088801	0.00592638193162816
13088951	0.00167706936106527
13090321	0.0410937170267778
13090680	0.000557950202115565
13091000	0.00807919135495576
13091510	0.00186807039589299
13092121	0.0164069585351312
13092240	0.000774445058676533
13092821	0.0020735891653121
13094430	0.0016210526261447
13094471	0.00117160190267921
13095721	0.00451580666863968
13095841	0.000562346426764134
13097590	0.0013476990828302
13099021	0.00500489648019458
13100360	0.000525267183528096
13100661	0.00250745384256719
13101040	0.000785303514737825
13101351	0.000659776070939515
13101781	0.00379998338557622
13102000	0.000580681467828767
13102560	0.00199625360668855
13102741	0.00206006806978923
13107110	0.00250610478672936
13109221	0.0020310980559778
13109911	0.00122119402789562
13110280	0.00201668054036023
13110960	0.000582698115670003
13112380	0.000861859240856125
13112650	0.00193323743066725
13113060	0.0128060136495889
13115680	0.00198302272557765
13115690	0.00604833461506003
13116210	0.0166599109834924
13116681	0.0318320797533043
13118440	0.00188355580519211
13119110	0.00316347801190822
13119130	0.00134355065776053
13119370	0.000634462205062284
13119981	0.00714199013324776
13120500	0.00199449988957572
13122030	0.00244761778855434
13125440	0.0014045963583038
13126481	0.000530257354524876
13131380	0.0017380081630661
13131680	0.000585040869538061
13132681	0.0166949586780978
13133621	0.00051085169828126
13133720	0.0039870477421866
13133850	0.00392929297290194
13138191	0.00142824181467111
13138270	0.000860743179750447
13138871	0.000923498797101403
13139250	0.00215522549885421
13143431	0.00102629105022829
13143930	0.0687179763758035
13145170	0.00110679815642144
13147571	0.000798565937171771
13148261	0.000648508245560834
13148620	0.00635381565768473
13149730	0.0242265099691543
13150000	0.00631889377615947
13150300	0.000637804185590297
13150410	0.00303439762058505
13153361	0.0169671909710366
13153450	0.00160910810035999
13154260	0.000640478034755097
13154420	0.000738183234707842
13155240	0.00136398133301426
13156381	0.000735210884701819
13158751	0.00613674663294777
13159800	0.00458799492450842
13160090	0.000684355520341109
13162700	0.00130584987498268
13165211	0.00163346347338808
13165430	0.000588041108974127
13166830	0.00287088992394593
13167841	0.00109656652688152
13169631	0.000582528270605192
13170440	0.00307633477935164
13173570	0.00360665766835899
13173610	0.00747891012415937
13176330	0.00211377325966584
13177170	0.000640884842684014
13177610	0.000749295333965928
13178181	0.00505865618518932
13178810	0.0035349466239645
13178820	0.000552027597159348
13179711	0.0023622618325761
13180121	0.00101758522442325
13182850	0.0492403234227538
13183530	0.00216307785344839
13184910	0.000578581176550049
13185351	0.00116692532556042
13185361	0.00123876422496457
13186570	0.016675223265476
13186721	0.00437123554902052
13187540	0.00497706490389065
13187961	0.00122921064824797
13188630	0.00540750046466874
13188740	0.000572611570026211
13190051	0.00284961962223774
13190331	0.0035176154951774
13191701	0.000805702902818035
13192080	0.00355140723023328
13192190	0.000538437285994463
13192890	0.00138528997771915
13193761	0.00196408764405593
13194970	0.0290455799479947
13195250	0.000817636671683595
13196531	0.00276039057276618
13198960	0.0122205414872116
13199421	0.0011529750377184
13200381	0.0086520661402671
13200391	0.00997986946333361
13201160	0.00216632245429216
13202560	0.000558343598967085
13202670	0.000866784251037105
13202960	0.0797489953067249
13203271	0.000812868703069294
13203510	0.00484189527094905
13204920	0.0161772717452876
13205840	0.00503625948361426
13205990	0.00054085416293089
13209320	0.000564581471263549
13209361	0.00214023438231318
13211021	0.00118546651471692
13212671	0.00415401484389691
13214540	0.00153291256034515
13214710	0.275104054296451
13216630	0.00341995730316331
13219240	0.00272272001032446
13219640	0.00438472554735909
13220661	0.00181347913247814
13220880	0.0262038836038919
13222181	0.00062701006507988
13222710	0.00255779904431061
13223691	0.0119796927638831
13223961	0.00240244909619518
13225631	0.000669775252932638
13225850	0.0158449215946547
13225911	0.00153306521796402
13227090	0.00219212544351376
13227961	0.00259397818046179
13232941	0.00416789795421009
13234570	0.00112089934281317
13235271	0.00107146136352686
13237611	0.000727592068571947
13242000	0.00130711947257173
13242290	0.00492768378303028
13242721	0.011419093146411
13242960	0.000674925865958044
13244241	0.00195736934752382
13245170	0.0264513999181666
13247431	0.000599658697286871
13251291	0.00176039721731359
13252730	0.00105799814996338
13253331	0.00255056215847947
13253860	0.0114772444219929
13256080	0.0010974155540242
13256391	0.0278662929932633
13256610	0.00490395331739468
13258181	0.000742276273039782
13258461	0.0221807655109083
13259240	0.00211869225513989
13259821	0.000516581284965318
13260111	0.00725397765642269
13261331	0.00165942170798762
13261341	0.00148375869228854
13261840	0.00181344281441181
13262270	0.00123086334331967
13262581	0.00574872259227964
13262800	0.00221331555106775
13264671	0.00771458568070156
13264941	0.000549423833088322
13265450	0.0434845670853837
13266940	0.000580876716048566
13267001	0.00126710001041086
13267401	0.000672044688639197
13267670	0.00285816910859359
13268620	0.000730614936875839
13268870	0.001130880263469
13269331	0.000627411566806148
13270451	0.00131610556882917
13270660	0.000950881120904076
13271370	0.00231682184422663
13271510	0.00162324259635753
13272040	0.00127714674600957
13274840	0.00224981161595453
13275811	0.00495998362430236
13278430	0.000634715922756879
13278690	0.000688055481681651
13279390	0.0183617027737115
13279971	0.000565886626554318
13281771	0.00171227266892944
13281980	0.00210545698611918
13282410	0.000892926863693819
13282530	0.00440654887406676
13282991	0.000636247580037069
13288651	0.000521868567249518
13289621	0.000761562803364273
13292050	0.00322701841470216
13292391	0.000872413755825701
13292490	0.00064382395266123
13292750	0.00536528787857633
13294960	0.000601750060401631
13294970	0.00506773101901265
13297901	0.00104915785010521
13298520	0.00133827070210955
13300941	0.00195964198671298
13304521	0.000624427706283759
13307070	0.00108674204078287
13308511	0.0153800425886813
13314861	0.0045729711787215
13315561	0.000686453111422636
13315940	0.00340345718204757
13318041	0.364845329880804
13318680	0.00390029204794303
13318851	0.0018056611691885
13323281	0.0015752423012941
13327370	0.0012706439942953
13327660	0.00916881677790346
13328050	0.00151485236050651
13328091	0.001914964821966
13330380	0.0119772744393609
13330930	0.00303041787569518
13332361	0.0146990650154395
13333300	0.00367014486689694
13333840	0.0029609730325572
13333980	0.0150440557472109
13338680	0.00103834257060418
13339490	0.000752736933361869
13339650	0.000716241324470458
13340890	0.00053213450574803
13342021	0.000605347169781437
13342800	0.00117341966224205
13348081	0.00866369351644213
13348310	0.00183842389419909
13348730	0.00477353148691936
13353051	0.00793421420679297
13353461	0.000526504251929916
13355811	0.00185886608443119
13356371	0.00211442177703703
13357030	0.0342723424250565
13357051	0.0012163612724488
13358171	0.00177466306836514
13359070	0.0281236179024789
13359360	0.0018400392709572
13359490	0.00531504230975069
13361461	0.00146351204316374
13361550	0.0147658955909619
13362011	0.00211800252060345
13363121	0.00386830972134747
13363650	0.000525602667082128
13364450	0.00227740762080965
13365580	0.00135352991886208
13368190	0.000650518216105426
13369010	0.000829372767703311
13369550	0.0015488229273825
13370130	0.00993680232861687
13373280	0.00261948301386053
13374240	0.00878565038771067
13375401	0.030491173145092
13378940	0.000598061411609246
13379261	0.012770151838691
13379620	0.00751754606531575
13380040	0.0214732648168709
13381430	0.00202947501861854
13381731	0.00116308509802816
13381820	0.0117071639511356
13382930	0.000524277126692402
13383240	0.000625771157589309
13385450	0.00575107669094072
13386390	0.00298791646300269
13390130	0.0010073292816356
13390540	0.0032870687849441
13393881	0.000980084111065556
13395951	0.00138947735310183
13397601	0.00185409419186074
13399080	0.0142497101799692
13402000	0.00163023772946669
13402110	0.00517035574383772
13402431	0.000893064380795516
13403080	0.0162290207250436
13403131	0.00400450742094593
13404890	0.00118206772054159
13405481	0.00109594561395972
13407941	0.00200115840775153
13409960	0.00289141614648698
13410151	0.000631755096422027
13411531	0.000774621301723267
13412351	0.0030373579775844
13412600	0.00495409152384657
13412890	0.000526640536905403
13413331	0.000991057951563881
13413820	0.000914272600033517
13413970	0.000630499462883888
13414851	0.00436745164493139
13415951	0.000564590435103024
13416050	0.00188535880134833
13416371	0.000525144672418859
13419121	0.000772822640174768
13420040	0.00186336136137327
13420590	0.0045864984219601
13423121	0.00249830594963186
13423200	0.0015413625355371
13423470	0.000618597263541715
13423510	0.000586876894892522
13427100	0.000962353047100402
13427111	0.000579230889177143
13427200	0.00287754297998859
13428081	0.000516119901900311
13430920	0.0021666007710769
13431411	0.000732372278820316
13431951	0.000552167205391791
13432470	0.0184797344071745
13434520	0.030650541434514
13435890	0.000653832015541927
13437191	0.143212278457559
13437950	0.000600855008805275
13438691	0.00217822557693936
13439340	0.000530887994252901
13440050	0.00494457179414117
13440310	0.00657260938258781
13440781	0.00348261378972941
13441950	0.00312654290570178
13443111	0.000607225195226298
13444901	0.000523055560501854
13445601	0.000675585575672475
13447381	0.00240154901694781
13448610	0.000549133421746797
13451490	0.00721402844195766
13453560	0.000546867037163846
13454790	0.00409109559026735
13455780	0.000757956454660377
13459951	0.00173796671276627
13460200	0.00283763293868784
13461140	0.00440517957113312
13461611	0.00171860142443401
13461840	0.00108642680586958
13462640	0.0021002861550569
13465420	0.00200817914911533
13466161	0.00136260237456006
13466250	0.00188119153033584
13467510	0.00103194574486177
13467521	0.00839995821875855
13468440	0.00329122025072461
13468870	0.00173026188924152
13469061	0.0221190431336987
13469150	0.00643376473848573
13470370	0.00361566213532185
13470800	0.00264654126835203
13472330	0.000987543088290361
13472440	0.00125613590847934
13473881	0.00262761423532736
13473970	0.00100322955559692
13474250	0.000532284889773155
13474680	0.00227406453427122
13474991	0.00505837198494647
13476231	0.000728540337259583
13476740	0.000587926431227037
13477430	0.00066140590077849
13478281	0.000620881973925729
13478790	0.000636151199255375
13480341	0.000653589445301551
13481950	0.00195983993390382
13481980	0.00150562899546689
13483760	0.000607159254503222
13484570	0.0123788300822533
13485430	0.0151094286617175
13486141	0.00123270899798323
13486961	0.000760901132319173
13491101	0.0199675257879683
13491770	0.00276313429930695
13492211	0.00103040611249653
13492870	0.00296683329093366
13496160	0.01031535565559
13499811	0.00082986776778751
13501430	0.0139296297110264
13501581	0.0017584616958402
13502421	0.0138303170567254
13504020	0.00638540188730118
13504330	0.0076221605995128
13506530	0.000646553206902875
13506681	0.00240199267733197
13507600	0.000537008214218324
13507770	0.00540230415529244
13508901	0.000602948550826411
13509710	0.000539370068355173
13511371	0.000563740415785607
13517160	0.0246388753865588
13517461	0.00151952763796428
13517690	0.00930707341913661
13517710	0.00112644249427967
13517861	0.000669691631191269
13519320	0.000954637437143726
13519511	0.000706571875618209
13519801	0.0125846545344432
13520870	0.0165484982752601
13523780	0.0139152989942629
13525130	0.010860083098696
13525311	0.00249596738527863
13525810	0.000587913112032314
13525960	0.0789724123219041
13528840	0.00381127141750385
13529020	0.00250311778517718
13529550	0.0117304646596746
13529570	0.0147428474512194
13530271	0.000677452285204702
13530910	0.00380080577255193
13531521	0.000748605257745325
13533400	0.00127505464131521
13535190	0.511310106764338
13535521	0.00848885951508493
13536860	0.0126562110230415
13538821	0.00220305567654103
13539121	0.00104297966050715
13539620	0.00115062469994167
13541731	0.000674378954316896
13542011	0.0140861768301271
13544341	0.000583998075263575
13545280	0.00152582788176443
13548840	0.0019690991419629
13549270	0.00260227493678432
13550001	0.000655195880167928
13551480	0.000727211660128104
13557601	0.000594892663606346
13558080	0.00221918450725233
13558390	0.515842615105447
13558981	0.00188568366754393
13561390	0.000560357691747133
13561410	0.000787295275663108
13561530	0.00241956610076693
13562770	0.0031897787256256
13566120	0.00861272184460115
13566551	0.00247281088603131
13567060	0.000660148480016825
13568430	0.0117760296962038
13571880	0.0119065599880227
13574350	0.00448988817868689
13576331	0.0177092055726519
13578821	0.000547464813798409
13579531	0.00103656221036317
13580700	0.00721046654606505
13581711	0.00195476367772307
13582250	0.000935462279848527
13583060	0.0122298519379914
13585451	0.00108825509711624
13586220	0.00187537815995803
13588450	0.00207704565139507
13591091	0.0013654480437301
13591220	0.0213277192383372
13591641	0.000943712132254354
13592710	0.0049403078094741
13594900	0.000694071099011498
13596191	0.0016404368143703
13596560	0.000560135262941307
13597321	0.00317513287770308
13597721	0.00103024480713962
13598790	0.00360067235026384
13599050	0.00113114738463648
13600071	0.00432882950079586
13603091	0.00279448296007616
13606350	0.000940923518821479
13608550	0.00199854104107127
13608761	0.000606435470364564
13610121	0.00056858875693331
13611190	0.000826735493044744
13611350	0.000560661323228142
13612191	0.00171018612990101
13613400	0.108953589844909
13614640	0.00156522718420588
13616560	0.000557766423684975
13619060	0.0228797800129357
13619750	0.00100635267259811
13619781	0.00327429962060361
13620560	0.000536138295612351
13621161	0.000869550205752639
13623480	0.00128120907370905
13623661	0.00254303030597716
13624170	0.00145099855232299
13624211	0.000854673014352689
13626271	0.00635257207450975
13627310	0.000938598258502742
13627590	0.000866327830498534
13630780	0.00230641953015376
13632590	0.00137963871069633
13632751	0.00405020314070135
13633420	0.0011025300159903
13633851	0.00369842709798708
13634640	0.00351271300137286
13635460	0.00196314319166339
13638551	0.00949880641676746
13639720	0.00191967552316651
13640621	0.00104395743972154
13641021	0.00150843397561185
13642110	0.00136202631719057
13643641	0.00114985575966266
13648481	0.000582360016950574
13648860	0.00265667647418924
13648990	0.00752687429148841
13649250	0.00185331275803948
13649550	0.00273091240969501
13651641	0.000728194705104576
13653581	0.00139682484212893
13653680	0.000532709848356505
13654100	0.000738017011829005
13654251	0.00361466020449353
13655750	0.000590533322177746
13655921	0.0031211774062346
13657451	0.00379706395457631
13657561	0.000708412347344747
13658100	0.000557381742948879
13659241	0.00385154262659883
13659760	0.00991195988920332
13660730	0.00239982094618141
13660970	0.00136020926276217
13662480	0.00291196091643035
13662510	0.00576935782233531
13663760	0.00634074144058654
13664270	0.000831119708664346
13666210	0.00103958031003884
13669140	0.00115268102096328
13671460	0.00259514514184172
13671470	0.00159428742521161
13672601	0.0009733713409037
13672710	0.00114274124786563
13673301	0.000615378106748285
13673960	0.00181963174453437
13675070	0.00149736798879958
13675101	0.00149728793371909
13678920	0.00614199932585823
13680331	0.00306840312313321
13681520	0.00692534187675051
13681960	0.0173773398371056
13682520	0.00141224428100859
13682920	0.000762961997994213
13683330	0.00192826676386151
13683600	0.00276885814003595
13684580	0.00109084090941364
13685550	0.00182214048370141
13688300	0.0200675199558251
13689510	0.00238158020864311
13689830	0.000988626737992661
13690380	0.000547880628351948
13690490	0.00203909173794488
13690750	0.00189510493691613
13691180	0.00142705376039344
13691470	0.000605602566436203
13693421	0.00116730489064848
13696331	0.000583866023149919
13697260	0.000638050164502697
13697380	0.00292366986545057
13698131	0.000653371617489303
13698251	0.00186202120580935
13698610	0.00390608702328594
13699491	0.00468786609119952
13701120	0.00538899346288365
13701711	0.000571949883625492
13704150	0.000630475178581882
13705400	0.00511271315116742
13705680	0.00124367994396414
13706490	0.00390980575706726
13709000	0.00123133276228262
13709940	0.000851763661967896
13710340	0.0031352418721158
13714350	0.000976200031088761
13716201	0.0283577598202118
13716300	0.00180518220091267
13717660	0.00372875573020588
13718381	0.000666471339729627
13719060	0.000646594031717604
13719081	0.0010057204987818
13719190	0.00249648862005804
13719880	0.0154786269891155
13720010	0.00276677439948839
13723761	0.0466835939344369
13723911	0.00253179693357477
13724020	0.00143572742314743
13726090	0.00182678282053665
13727730	0.00154826923122731
13732171	0.00208934320307258
13732270	0.000550283798518589
13732430	0.0115250925150522
13732540	0.00166207985923617
13736690	0.00932193097316219
13741851	0.000542585968232765
13741940	0.00100885401929595
13742080	0.38345980470563
13742401	0.00155161096709463
13748030	0.000880094861414448
13748061	0.000898978540430047
13748150	0.00593054858732114
13750111	0.000647512413861181
13750121	0.00785191267638607
13751481	0.00120988087155439
13754090	0.000810643317007243
13755190	0.0214237558155762
13761390	0.00143210667448703
13761841	0.00211239300414394
13765520	0.00277190626896126
13765660	0.000639938790289911
13766050	0.000642184541516387
13767730	0.000994114639566568
13768721	0.000533015566043493
13772270	0.00114652023578836
13772410	0.00059965305410906
13772420	0.00100965138987981
13772670	0.00143705072549295
13776150	0.0140246355679325
13776430	0.000576165925235545
13778080	0.00335604471363529
13778210	0.000550308260025559
13780120	0.00969907757603383
13780160	0.00127345931094555
13781250	0.0236686337126691
13782101	0.00225115289840733
13783201	0.0035987438684942
13783641	0.00106622490841873
13783730	0.00152550934030208
13785370	0.0608075510944635
13785711	0.00124886303433068
13788861	0.00169349655628413
13789780	0.000602701903713567
13790381	0.000646750555076002
13791730	0.00199226149813005
13793161	0.000572937505402148
13794640	0.00403351221577599
13796461	0.00185336906825027
13796550	0.000615620747993849
13796741	0.00119841007657174
13799020	0.0153725998380877
13800311	0.271223711101631
13803481	0.0753448247160677
13803641	0.000581262109104398
13804451	0.00124943379458324
13807071	0.00165080787689829
13808430	0.00222966651678877
13808680	0.00869765840370767
13810791	0.000591989855544951
13814050	0.00066119603628776
13814941	0.000515621460771596
13816260	0.00112195778349831
13816550	0.000609215440538284
13818880	0.00362887250434064
13819850	0.00525337548691877
13819860	0.00193069519170558
13820690	0.00382408831511276
13822620	0.00152510322451756
13824410	0.00298538078126773
13825230	0.00165031855596872
13829510	0.082228591054561
13830870	0.00210296712062721
13832041	0.0020927557943267
13832120	0.00210641405433029
13832321	0.00209961547049879
13833780	0.00394118176588285
13834121	0.000935236364515698
13834360	0.00176931071294402
13835611	0.000532180107058071
13835880	0.00230550259646646
13837520	0.00218649716912682
13837630	0.000534114632797272
13837650	0.00529970088540774
13837940	0.160463588503279
13840010	0.00255092089626316
13840410	0.00629961931191953
13840540	0.00190509170912999
13840950	0.000655223581551806
13843850	0.00990854504183891
13845401	0.00339271590525617
13846040	0.00108043021601497
13847160	0.000608200286086049
13848451	0.0227364689561617
13849141	0.000551709666713174
13851980	0.00123470947331986
13851990	0.000758250168953803
13852031	0.00164333606505089
13859881	0.00238905302157311
13859990	0.0028403342963062
13860021	0.00366351685802782
13861370	0.0011954147316392
13862801	0.00911609116552064
13864181	0.00254340280312122
13864461	0.00931235025854143
13865951	0.0064961680550339
13867980	0.000518373505283011
13869360	0.000525617130654305
13869421	0.00135971535078984
13871560	0.00167520029677825
13872711	0.00751030156280838
13873141	0.0015107308973513
13875590	0.000573869060844193
13877370	0.00238125292599854
13877770	0.0125628682576005
13877821	0.00367486471750135
13880380	0.00307914548626068
13880441	0.00345378523363574
13882910	0.000523410100844165
13883341	0.000665639952065221
13884680	0.00068040486524662
13885250	0.00063200144855846
13887140	0.0322670342042017
13887570	0.000762914143908376
13888270	0.004077694654219
13889220	0.00299816782257687
13889811	0.000889032275726409
13890750	0.0192154822191907
13891180	0.000528063494907431
13892150	0.000792848934887515
13894931	0.00152007062812094
13895061	0.000981215720536789
13896560	0.00134007364105873
13899000	0.00496683527367891
13904550	0.00278776791976959
13905001	0.0192586054197037
13905421	0.0155647340779016
13906210	0.00693531541537378
13906870	0.000844247939216599
13908560	0.0042545060153615
13909100	0.00281883512706697
13909220	0.00193460387708549
13909281	0.000684640722979575
13909500	0.00174601338074351
13913551	0.00466230443208629
13913971	0.00409830942102427
13916280	0.00113442976105616
13916410	0.00235763469319556
13916721	0.00066071267953023
13917261	0.00479286225899729
13918750	0.00275192068019119
13921070	0.00106516272632209
13921520	0.00103487977498002
13922040	0.00134211598817811
13924161	0.00547152192369995
13924571	0.000877796489548617
13926750	0.00131147196522783
13927850	0.011013208291083
13928031	0.000524452612238369
13928560	0.00585577892366748
13929510	0.0322876999461142
13929541	0.00175955157980794
13929681	0.00354983186798106
13931051	0.00443123978101508
13931481	0.00286748011618589
13933001	0.00221929925763885
13934460	0.00452131121940622
13934600	0.00116497204285051
13936680	0.00308410410620753
13936851	0.00200872577643958
13938730	0.00414730471185604
13939450	0.00176918919577039
13940800	0.0316212856438393
13941821	0.00136546211133652
13942890	0.000901501629904337
13943160	0.00285546746282755
13950350	0.000989045568886486
13951170	0.00390535019771879
13951440	0.00882568539654019
13952301	0.000691879149875233
13954750	0.000645077809278741
13956650	0.000679413729230073
13959840	0.00395109516620443
13960311	0.000629135958396691
13961671	0.000553060040597813
13962190	0.00122402750464628
13962381	0.00067662209969853
13962470	0.0081172059592357
13966340	0.000583041077438759
13966381	0.00188018332998466
13966600	0.16877591622075
13966720	0.0111294283349222
13966911	0.000995390941134791
13967201	0.00227816228974991
13967310	0.000992879587251151
13967580	0.0010650923770138
13967830	0.000665666078023202
13968451	0.0612982532148435
13971700	0.00120899698965179
13972130	0.00109208833251938
13976161	0.00214447375166042
13976370	0.00843427029933724
13979201	0.000512841452975932
13980950	0.00146560241320913
13985630	0.00151928804478938
13987321	0.000525712392154188
13987960	0.000524496690161284
13988110	0.000549705064331509
13988270	0.0183824680591609
13989610	0.000586824254116933
13989750	0.0007237952310387
13989760	0.00189372535579644
13991720	0.000682676477566382
13992410	0.00354635647709514
13992540	0.0113310869321308
13992940	0.000558629276330283
13993490	0.00245535058078953
13995010	0.0145045426745162
13995720	0.000535759697182407
13997350	0.00327632664465359
14001230	0.00401750185009884
14002580	0.00991681241101453
14002791	0.15660895911593
14004291	0.00119830286531268
14005671	0.00108040243929813
14006231	0.00209767868331793
14006710	0.0110446739448709
14006720	0.000846973817421691
14007741	0.000578117681515797
14010491	0.00361015663432022
14010890	0.000875504535793854
14011311	0.00269896100105012
14012520	0.00187152434980645
14013100	0.00521555327327618
14015061	0.00361958167737081
14015160	0.00557570635338791
14018030	0.030240169412212
14018200	0.0079757235469683
14021931	0.00280818669953668
14022460	0.000590543166833261
14023201	0.0020601840676829
14024930	0.00218446054189067
14025931	0.00140822431794689
14028571	0.00122812946241259
14031191	0.00080366637443245
14032120	0.00102105558674715
14032260	0.0021864751135219
14032400	0.000666899631561265
14032780	0.000540678123419757
14033200	0.00679476984811129
14033261	0.00828964985351726
14035850	0.000791604901760214
14036530	0.00100037420819372
14036711	0.00106474134635599
14036780	0.00246376714243759
14041230	0.0040803503642977
14041350	0.00869534011326055
14042300	0.00251175078174218
14048940	0.00123573341279504
14048950	0.000529310046782989
14049801	0.000578389103282545
14051120	0.0129116656219379
14051871	0.0017043424998424
14053490	0.00409452699804376
14054710	0.00127653814604235
14055061	0.00268257662740211
14055400	0.0011308214815903
14055820	0.0493759674794097
14056920	0.000659132749058654
14056971	0.0025777556970455
14059181	0.00254995886477001
14060971	0.00108562464608717
14061801	0.0258278186928444
14062610	0.00263719419760435
14062921	0.00287998689908816
14063321	0.0095697765815095
14064370	0.000977612057079816
14065740	0.015372983089758
14067591	0.00208143412057457
14068001	0.00138040685500701
14069251	0.000986056681130599
14069480	0.000841640605890581
14071601	0.0209448288081085
14072110	0.00158023215436429
14072711	0.000779435646373741
14073391	0.0106703958908251
14073480	0.000554392544796156
14076090	0.000821767027863862
14077470	0.00191726383622117
14077811	0.0013140874908466
14078300	0.00145166550807495
14078641	0.00115897300745194
14079570	0.000579087632536887
14081070	0.00138932747077555
14082891	0.000555593570503984
14083540	0.00119654423033134
14084110	0.00589428956157679
14087191	0.000524724007362136
14087280	0.0185087467515029
14087741	0.00284182313768138
14087960	0.00480686552596212
14088151	0.00176638146579729
14088271	0.00370996891754427
14089230	0.000611417842036989
14089401	0.0329679951480315
14089521	0.100059495306193
14090310	0.00599756001874688
14090911	0.00123120325094196
14091710	0.000658459229233918
14092790	0.000712790445766037
14093780	0.00153144239401849
14093910	0.00215458747838793
14094351	0.0123250310877479
14094440	0.000529429758787261
14095000	0.000697523446733845
14095670	0.00713771138118655
14098290	0.00227425629075449
14098481	0.00435186515833675
14099051	0.00114119097270438
14102190	0.001048188863571
14102850	0.000955847685724282
14103451	0.000512723910380699
14103570	0.0314179032183924
14103591	0.00555451926512263
14106470	0.000692771596308656
14107270	0.00121752495335159
14107280	0.00216367565924875
14107741	0.00440515347217864
14108841	0.000554120318799051
14109330	0.00277106273468726
14109750	0.00266362925515444
14110481	0.00259184221721509
14112701	0.0041105165337485
14113371	0.00400108365530598
14113760	0.00353264847656657
14116100	0.00103692125700467
14116701	0.00316263123278578
14117931	0.000517395048959377
14118990	0.00505551382279499
14119270	0.000781799140885414
14119530	0.0745519751815399
14119700	0.0031358551080097
14119830	0.000641094746943217
14119980	0.000883272584794175
14120691	0.0012370341345975
14122330	0.00109958677101628
14124650	0.00227942395392443
14126361	0.000821292497039734
14128421	0.00565581169056771
14128920	0.0204613472948045
14128950	0.00863969105162544
14130870	0.00591046378155502
14131041	0.00169751791785643
14131731	0.00109091248118277
14131851	0.00125433197426275
14132411	0.00118626767087099
14133121	0.00484845716581125
14134010	0.000760165415146772
14134560	0.00196776004853957
14135810	0.00259627381602569
14136370	0.00192607898517959
14136431	0.0166561008220412
14138160	0.00614313296843204
14138471	0.00111752338562015
14138570	0.00390895839633779
14138700	0.000577795215470188
14139150	0.000808998084916172
14139530	0.000974315014381021
14139550	0.00222746922913252
14139711	0.0029144422188929
14141241	0.000621771621913207
14141781	0.00471169942408683
14141941	0.000785569763502207
14142361	0.001189326219739
14143120	0.00150133637229297
14143410	0.00309635390396971
14145890	0.0031181724116093
14147010	0.000620736585917684
14147851	0.0017926935853209
14148530	0.0385320386522943
14150710	0.00405935837828483
14150990	0.00130039397380978
14153111	0.00115149665873434
14153190	0.020941374945174
14154430	0.000598036591257523
14155420	0.000610284346033109
14155991	0.00991135135645021
14156230	0.00116295440188875
14156910	0.00377449667804572
14157251	0.0318441879899105
14158061	0.00132782617579672
14158860	0.0171501439320368
14159940	0.000747869350499772
14160261	0.00108469368226061
14161040	0.274721586912116
14162221	0.00117943325101868
14163171	0.0024862576666992
14164271	0.000955328538513519
14168790	0.000834391454043832
14172370	0.00105329642811856
14173801	0.00178515104911242
14176640	0.000602713672870045
14179451	0.0320812655891497
14181180	0.000557622381654758
14181340	0.00346108670933165
14181391	0.000682268093507435
14182331	0.000907925678730665
14182741	0.000577990783614537
14183270	0.000580444109978269
14185251	0.00548792574640882
14186280	0.00056399355882768
14187810	0.00451545557359856
14188080	0.00239672258605984
14192001	0.00053574155163221
14193651	0.00052566255218401
14194611	0.00322253308180419
14196210	0.0249490008265681
14196961	0.00065213902986867
14200070	0.00076140349317772
14200780	0.00165245573011495
14206901	0.00131837881586425
14207550	0.0011405446649292
14209730	0.00449465531466561
14210420	0.00662961490124519
14211731	0.002819958735378
14212261	0.00275359271527803
14213200	0.0015635764344176
14214160	0.00900437483085383
14214180	0.0131333344075369
14214741	0.0109512884316049
14215410	0.000585874224574608
14218321	0.000759121307934549
14218990	0.000729259263128941
14219721	0.000518373505283011
14221030	0.000807371477829093
14221661	0.00314581872819039
14222440	0.00127801790091103
14222611	0.00172287801371098
14225911	0.0315221289922164
14226720	0.00375512657636347
14227400	0.00482709326984077
14228141	0.000600287430200571
14228941	0.311310789311313
14231011	0.00624669883302958
14234341	0.00114609253944305
14235120	0.000602640734180291
14235970	0.000580868228942779
14236090	0.000813257195877507
14236790	0.000548204647491988
14236941	0.00482822546850183
14238331	0.0415849234289643
14238850	0.000562060887480492
14244941	0.000541916071093453
14250830	0.0185034361265764
14252261	0.00549286556884993
14253340	0.00921392991623483
14254030	0.199545291618074
14254191	0.00162428417618512
14255000	0.0011062548906425
14256080	0.00988084608042243
14257050	0.0116159874675014
14260131	0.00328210430878928
14261641	0.000532531067002588
14262430	0.00168037409756619
14263410	0.0010357455578505
14263550	0.00180447421156183
14263680	0.00194730857960002
14264401	0.000531286911363302
14264551	0.00160494995046434
14266130	0.00106339320035717
14267370	0.00109085567240207
14267550	0.000624562513722028
14268360	0.000545250300961705
14268900	0.00141965502838571
14269200	0.00133610131173461
14269580	0.00208383028856241
14270481	0.000550380674558712
14272521	0.000627406578284643
14273030	0.0148503955575792
14273180	0.00113239054747331
14274181	0.00139476596712479
14275550	0.00517740819950763
14278741	0.00228415778462938
14279120	0.0115409784291456
14279431	0.000553082875876878
14279441	0.00216113211451997
14279530	0.000537712146983075
14280360	0.0190223341404799
14281750	0.00211977436833648
14282451	0.00124085131762422
14282871	0.00180457980395434
14284200	0.00343834581380194
14284510	0.00189692587146338
14285870	0.000636794759110378
14286010	0.00493159843790997
14289081	0.0178334546095661
14295670	0.00114266593130784
14295851	0.00171862951920987
14298481	0.0163649411772293
14298960	0.000540555785021178
14299981	0.00115205075028155
14300770	0.000518181475506796
14302140	0.00766325627102772
14302300	0.000508856531273399
14302420	0.000904955061191618
14304531	0.00147303722986598
14305631	0.00567778802570455
14305730	0.000608483602807083
14306980	0.000527071631805294
14309651	0.000510013943672448
14309771	0.0243563982882386
14310150	0.000664694985608332
14311530	0.00163579156755897
14311981	0.00105415867441068
14312330	0.000620370955099425
14313470	0.00218981529032491
14313781	0.000692360683949082
14314861	0.00146138433696843
14314871	0.00405672542442808
14315161	0.000508301713474754
14315250	0.00341109658071194
14315711	0.0067111646231458
14316900	0.00124347966804066
14317621	0.00166652748899312
14318130	0.000546752251659514
14319421	0.00160489769528231
14319670	0.00120298613164756
14319831	0.000975726323850455
14320650	0.00131758394775285
14325050	0.00148581210166185
14325590	0.00489400780165067
14325990	0.0509851020020236
14326980	0.000582353279549726
14336791	0.000578996475760366
14338591	0.00106872838866087
14339380	0.00164144925865085
14339670	0.000885414615151953
14339790	0.00246422600247519
14339920	0.000903041764878738
14340241	0.000540563825839844
14340370	0.000702213221730084
14340630	0.00189843861926303
14340640	0.000887618446627659
14342731	0.00109683081136509
14344190	0.00101955205480445
14345890	0.0685015567670262
14346741	0.10742053678163
14351011	0.00147575959621962
14351820	0.00103860678796213
14352681	0.0325293165781943
14354990	0.000707216229620982
14359141	0.00455561495517851
14360060	0.00305841269713787
14360111	0.000718692556569138
14360220	0.00106502210692587
14360640	0.0052119671565569
14360760	0.00303889565316534
14361720	0.00282767358892987
14364360	0.000928821385298203
14369050	0.00528729654831119
14369180	0.00112737179635207
14369911	0.00131969707511831
14371120	0.0028274601502366
14372801	0.000735977325632899
14373460	0.00194790450784833
14375080	0.0042430707017273
14376791	0.00057533495371096
14377460	0.00102790637785652
14377590	0.00531679969418921
14380651	0.00460270166908321
14381580	0.000641089225155216
14381771	0.00110979443056193
14382451	0.000513366415535642
14383230	0.00792968166666243
14384070	0.00152400206689657
14384640	0.000525814029227325
14384671	0.00945365022446374
14387001	0.00278762891759729
14390991	0.00156843392960781
14391120	0.00263843993103714
14391910	0.00293474170571829
14394051	0.000607526673665932
14394550	0.0012680043817733
14397071	0.00281018689947954
14397840	0.000525086115257796
14398120	0.000990152062617495
14399220	0.0113698003280661
14403500	0.00439287703423616
14405071	0.00267658852680167
14405870	0.000593708706393826
14406871	0.00260290889621274
14409501	0.00597788772965316
14410581	0.00196773188398245
14412111	0.00502443545997745
14414410	0.000520666590534259
14415831	0.000750528960373847
14419250	0.00333450275674843
14419650	0.00663282005456748
14421050	0.000576096329103961
14426530	0.000606809321689989
14426991	0.000854948119098745
14427951	0.00250994085719065
14429361	0.0208938979478955
14429621	0.00057127509539331
14429891	0.000577295803304259
14431780	0.0242307804969154
14432880	0.00141425045146808
14437440	0.000514586897843837
14437481	0.00154647067111249
14437580	0.000550628063813981
14439951	0.0045794652567386
14440870	0.0175320651332861
14441221	0.00432386919091045
14441420	0.065130747297488
14441891	0.00144085801942318
14441970	0.00126860691482226
14442041	0.00117898563169377
14442260	0.00134995811577553
14442830	0.000934264531897798
14446120	0.00097640935213563
14446181	0.00179028577975303
14446400	0.000750681973895228
14446700	0.000662593000614897
14448760	0.000612758403200219
14452180	0.0152549234456674
14452381	0.00119247160450203
14453221	0.00654971790594523
14453970	0.00134215413653476
14453980	0.00405850299097771
14454410	0.0016699960526777
14456050	0.00143816462798084
14456391	0.0011205839756478
14456910	0.00236556457126483
14458021	0.0030518461683143
14458041	0.00255935369905304
14459230	0.00108309591710273
14463080	0.00371436007175538
14468330	0.00059261669505276
14468470	0.000574900391142746
14471240	0.000823112766077468
14474861	0.000566289605434798
14476111	0.00173882156185888
14477580	0.000544897672073564
14478530	0.0357993079138346
14478721	0.00281408504768958
14481860	0.00187356013682151
14482550	0.00111854349043057
14484750	0.0114058874965429
14486721	0.00116782867448027
14488501	0.0151694260640829
14488661	0.00342335960426439
14488801	0.072256011361441
14489700	0.00107852481480989
14491131	0.000739968421960241
14492740	0.00662207951977566
14493870	0.0101647131058634
14494031	0.000522503248211973
14494161	0.00127199849872566
14494311	0.000706571875618209
14494571	0.0178368435146983
14494680	0.00314263766927582
14495780	0.0014034038819156
14497471	0.000959494806897112
14498940	0.00218733986671668
14499961	0.00640690864931456
14502680	0.000647980257487286
14505201	0.0278672127878351
14505321	0.000625917040427573
14506420	0.000974654905047672
14506571	0.00131180325411085
14507001	0.0146024622696385
14509321	0.0020954904095786
14509601	0.0010646950099551
14509730	0.00106178307624175
14512241	0.0130678765220019
14512760	0.000693189333326898
14512860	0.00451366076049672
14513860	0.00195397703800818
14514410	0.0107727511897671
14514690	0.000528891712731151
14515510	0.00936618532333503
14520340	0.0735035998686732
14521321	0.0036480002201743
14521980	0.00217491571793694
14523240	0.0150909470209996
14526540	0.00138136644658244
14529211	0.0301416717064289
14529611	0.000771611250461336
14529761	0.000632331310116518
14530581	0.156209294328972
14530851	0.0706806856509489
14531890	0.00132230271055823
14532730	0.00929002818352639
14539380	0.00170124847514487
14539910	0.00113653412892702
14540651	0.00717473198764435
14540911	0.000974654905047672
14541560	0.000688417808908492
14541820	0.000584017415661177
14541830	0.0103721383451317
14542550	0.00141037049356699
14543671	0.00508846975132881
14543770	0.00818128586105602
14543951	0.000965368659230147
14544511	0.000724846769207923
14545850	0.00242392022231073
14546270	0.0705437418958368
14550650	0.000573384528816591
14552651	0.000990973777847463
14553290	0.0112231979440273
14554550	0.00119831250305544
14555230	0.00840238502615391
14559271	0.00113319835708691
14559681	0.0299561121709769
14559790	0.00104689971589028
14561430	0.00470212349879944
14561550	0.00230276627462432
14561621	0.000769574430332456
14562940	0.000528744912568182
14562950	0.000531498235723374
14563411	0.00329346395699478
14564470	0.0044031449579331
14564730	0.00087790813190526
14565471	0.00400247965615007
14565860	0.0024388224110199
14565881	0.0235312343453416
14566291	0.0015820273002384
14566660	0.00357038699603813
14567671	0.00789397798866287
14568221	0.00186351519664207
14570130	0.00170308053558104
14571131	0.00385169262548269
14572200	0.00135938898029489
14572310	0.0146282638643182
14572600	0.00200549963349894
14573700	0.00416368865800479
14575200	0.0683429308233777
14575551	0.000561597742809064
14576330	0.00185536273044565
14577300	0.000764935972172564
14578100	0.00142830685415952
14578571	0.0285052442522275
14579360	0.00184739016003729
14580101	0.000736643713349674
14580470	0.000641961668012224
14581710	0.00282205047175658
14582530	0.000611922217856616
14582861	0.000597824936078895
14584190	0.00117560159996042
14586650	0.0504660563769085
14586670	0.00142146682797786
14588480	0.000558450423972438
14588511	0.000652785820093513
14589201	0.000618074012731573
14589860	0.0249396589237432
14590130	0.00745784208741604
14593051	0.00938082161137085
14594780	0.00646238871591697
14594981	0.00143119440967436
14594991	0.000810880926535018
14595220	0.00582298407224406
14597051	0.00135995027447052
14598810	0.00157660996407263
14601201	0.00106093374008092
14602581	0.00195795158536506
14603961	0.0062997948830355
14605731	0.0178469684169078
14606090	0.000577544890861652
14608440	0.00609212806346525
14610100	0.00557733192545323
14611121	0.00695906711937505
14611910	0.00100487489708897
14612781	0.000802037646927584
14613061	0.00127475869411653
14614021	0.0441988266357308
14616890	0.00203501211749738
14617331	0.00448137298115442
14618551	0.00100996709859285
14620071	0.000744882028299688
14620470	0.000575627428879679
14621820	0.00101891785851967
14622561	0.0027188335769781
14622971	0.00173196380323111
14624860	0.00551689469340655
14626370	0.00261854832443792
14629120	0.000727258916614816
14629331	0.000611785711417508
14631060	0.0106820211955229
14633160	0.00905604245110205
14633290	0.000901527280125719
14637410	0.00161453738504871
14638670	0.00703973577888968
14639070	0.00167523107669054
14640091	0.00336477306564948
14640430	0.00138433675071614
14640491	0.00484868157508487
14642551	0.000530242102331943
14642810	0.00208057884175663
14643541	0.00212990896232733
14643640	0.0244398897153583
14643951	0.000610457261091974
14644621	0.000531263501294595
14644641	0.042000937365865
14644990	0.000667150012040582
14645970	0.00285330604189831
14648880	0.00162077702983097
14650110	0.0378964314513022
14650281	0.0252699372258138
14650650	0.00198157272887698
14652231	0.00103774564776205
14653700	0.00194531229782301
14653840	0.000626105880176226
14656891	0.00643291379087648
14661741	0.00294873528515764
14662851	0.00181448811064626
14663661	0.00389011326660966
14664481	0.0561481172670668
14665530	0.000547659022526451
14666220	0.0933173015015392
14668590	0.00128952644916519
14668621	0.0066217425788026
14670271	0.00053385224925429
14673530	0.00316438302620447
14673560	0.000714668786627702
14673670	0.000554603329139944
14674571	0.0124275734552148
14676081	0.00132717609820358
14678001	0.00483545640831246
14679780	0.000841161503404118
14681331	0.00108592502468636
14684010	0.000605608201747303
14684860	0.000703455322736406
14688850	0.00127938246939571
14689991	0.00265709470329079
14692481	0.000768201560709173
14694131	0.0168945759878477
14694431	0.000605644621870426
14695480	0.00423697043482864
14695620	0.00443095326708227
14698151	0.00258573404024258
14700990	0.00324812078942237
14701980	0.000528270043895714
14702080	0.00054520051791978
14702110	0.00528022356659419
14702400	0.000795911952006995
14702520	0.0016475632662961
14703050	0.00246295962491857
14703231	0.00132020517411998
14704061	0.00320664125722789
14705800	0.284300784168951
14706080	0.0105270532761459
14708430	0.00501770632238442
14708700	0.0205867618197362
14709451	0.000735620428525092
14710011	0.00667774962434733
14710090	0.000626565282108193
14710230	0.0107677666874434
14710240	0.0708204779721702
14711080	0.000666349559866541
14711750	0.00349119442577982
14712211	0.00197067347817896
14712351	0.00134926858909173
14713980	0.00224420240500424
14714841	0.00167403065562488
14716600	0.152368395631052
14716761	0.00212927651521645
14717820	0.00756087968399381
14718670	0.000870515027160965
14719080	0.00147319576851663
14721871	0.00116902910794324
14723890	0.000563362838165638
14724980	0.00179265710734468
14725680	0.0013302444752082
14726090	0.000587889317070342
14726151	0.00805800640923263
14727880	0.00350708875870521
14729120	0.0247027144856168
14729150	0.00272002897787154
14731480	0.00387770793458048
14731921	0.000612199829581196
14732191	0.000954461380856545
14732351	0.00106133131655787
14733970	0.00156504182081214
14735941	0.00287829317461188
14737601	0.00137313174266739
14740341	0.00165403845717489
14741980	0.00108647037796428
14742900	0.000665179484596961
14743251	0.00052953506135599
14744061	0.00128214757605738
14744290	0.00232317089158732
14748600	0.0311758709388551
14753031	0.00236333309959768
14754541	0.00167707946417285
14757120	0.0005381782857479
14757420	0.00447319704870375
14758650	0.000539072723707239
14758770	0.00274016378584754
14759600	0.000883872891683061
14760891	0.00212680470347618
14761670	0.0053051627294402
14761700	0.00191981221460574
14761810	0.00139902972004715
14761950	0.0142642401980929
14762390	0.000800502015100775
14763590	0.000567345906103672
14764140	0.0193962370235934
14764881	0.00504012026844225
14769451	0.00119268385038882
14769981	0.0177309917921577
14772901	0.000665242265736554
14772980	0.00164533202836934
14773520	0.000557529025530583
14774510	0.000635105606214277
14775490	0.00878662727127097
14776450	0.00155213981631902
14778250	0.00199747648461713
14780891	0.00189949915016418
14783600	0.000725335791597588
14785301	0.000617836037286194
14787490	0.00735761074098068
14788160	0.0350714662424144
14788180	0.000939430437174457
14790551	0.00262358990204876
14792000	0.0466449199852698
14792471	0.00683263755173341
14794790	0.000522432916691195
14794971	0.00433099987302854
14795450	0.000728302499138871
14796621	0.00846659672125592
14797171	0.000573878082058014
14799340	0.000638093235016633
14802391	0.00305362992868415
14802421	0.00378170224122196
14802910	0.00227991499259767
14803310	0.000817878250420631
14803511	0.00113897107225419
14804690	0.0040556508969317
14804710	0.0037294241079884
14807620	0.00189899802877133
14807760	0.00248272117859813
14808071	0.00135975565108188
14808730	0.00139809166285676
14809011	0.00288397093114239
14810401	0.00367453797207822
14810910	0.00120040964197283
14811781	0.00144306276315536
14815651	0.00474048447905277
14819921	0.0658162490488444
14821000	0.00150867938810433
14821250	0.000517398911090687
14822240	0.0389880743698518
14824461	0.0023128453235081
14828751	0.00241102108337228
14829520	0.000514871465680407
14830080	0.000602368786607365
14832471	0.000647323324758114
14834630	0.00206152389642747
14836160	0.0068755834102562
14836761	0.00112339264973802
14837510	0.0027520434850195
14837790	0.00181290303266359
14838380	0.000610216170428666
14839040	0.00288140013406673
14839781	0.00103769302730566
14840690	0.153071093990336
14840710	0.000586541072378
14843200	0.00098495123326954
14843371	0.000557319449384183
14843931	0.00128634688262623
14844201	0.0246531241401509
14844280	0.02665154937242
14849841	0.176082478633838
14851860	0.00367800054489669
14857120	0.0026678305412325
14857270	0.00620469987960847
14857711	0.0185762074956606
14857930	0.0016408046817991
14858380	0.00559593530450238
14859480	0.00248419879063467
14861940	0.00139985718867468
14865820	0.0048736426662391
14867030	0.00644572006574687
14867101	0.00199176640221511
14867860	0.00127041540009431
14868430	0.00156940208786537
14869141	0.000639402593206698
14869971	0.000747435699232784
14870210	0.0244645890886238
14870261	0.00236930496443268
14870490	0.00290232768303237
14870640	0.00065173998449594
14873171	0.0039957496712251
14875320	0.00218714784209918
14876160	0.000787105176199172
14876690	0.0061246500196168
14878060	0.000690532626380755
14882060	0.0156631955770351
14883740	0.00209732578459992
14883781	0.00055519968254599
14883791	0.00378473252437824
14886131	0.000512723910380699
14886640	0.0012494691698583
14887590	0.00111256738635582
14890780	0.000855353479204148
14895050	0.0013319395752104
14897270	0.00630839170715744
14898541	0.00138096280548758
14898821	0.0283476816846665
14898910	0.000683433094806825
14899580	0.00481624850902547
14900201	0.0315903814492334
14904321	0.000576507729032743
14904570	0.00141352788014088
14904820	0.004065727154945
14906521	0.00085899246748569
14906910	0.0118713218537609
14907351	0.00209856640925522
14909011	0.00243137783168818
14909831	0.00631184815293396
14909930	0.00270867737067063
14910951	0.00326876209974386
14911761	0.00215210057992538
14911911	0.00143261915736182
14913981	0.000560048349448665
14916690	0.0707160118807526
14917691	0.00167724733599319
14917851	0.0033910622919929
14919040	0.000529590626742693
14920570	0.000950160773050172
14920710	0.00358990614014869
14922370	0.00528009871133071
14925141	0.0732411233610727
14926370	0.00126637059137393
14926900	0.00233507415489685
14927180	0.00154259962204053
14928550	0.00148444394905333
14929021	0.00147118800031652
14929130	0.00216212643902666
14931901	0.00386886902406938
14932970	0.000797498389920088
14933930	0.00106104903060986
14935180	0.00276142613393376
14935501	0.00222370398321344
14936280	0.00295977016113762
14937701	0.00740275616708087
14938220	0.0695813069918959
14939590	0.00316203593188472
14939771	0.00171477625670707
14939911	0.00113537838237609
14942910	0.000793244831489941
14944031	0.000593676610675091
14944420	0.0161122730013037
14945910	0.0796635664028174
14948990	0.0057720048359108
14950121	0.00456500539175544
14950511	0.000550016657104646
14951320	0.00461485904985771
14951720	0.000706466702563875
14953360	0.000551139520721763
14955330	0.00145257227800805
14955600	0.000629191288450867
14957281	0.000704516674871099
14959061	0.00151828135129421
14959501	0.00202692885150976
14959710	0.000680606358783006
14959730	0.000836444508505952
14959880	0.0016740365109983
14961650	0.000562815734620198
14963590	0.000575547220553167
14963720	0.000534517754649172
14963990	0.0116940878160755
14964010	0.00315133500860452
14969390	0.0012723217372429
14970111	0.00348316383932542
14973090	0.0018207353235528
14974671	0.00052708450771921
14975050	0.00148094826451718
14975720	0.00070483443263709
14982511	0.00354917987444905
14983501	0.000655163145013179
14984680	0.000649513630923869
14985681	0.00670959602848691
14986811	0.0012637683098011
14987450	0.000697357783352854
14987570	0.000609503639520285
14987590	0.00105239612097016
14987990	0.00151933520930764
14989770	0.00124329179318819
14989831	0.0466149009332865
14990531	0.0190422234982506
14992140	0.00115755667529027
14992991	0.00460730750827633
14994070	0.0132098311146615
14994750	0.000858822108972358
14995020	0.000732946721041455
14995590	0.00128578057884348
14996311	0.0332837111172434
14996581	0.00245971466697993
14997411	0.00621015185069647
14998190	0.00519398985797765
14998610	0.000608923869265909
14999631	0.000736504740057561
15000670	0.0028650983156681
15001681	0.00297894297529884
15001940	0.00107568856438699
15005380	0.00171220253672133
15010121	0.00177873803957904
15010381	0.00132628998283348
15010490	0.000964316047795451
15010910	0.133915231848426
15011040	0.00103637242011616
15011320	0.00134423150443208
15011631	0.00105769518996415
15011720	0.000679714616650257
15012130	0.00123988567719394
15012660	0.00390155458189702
15015040	0.00608267023552997
15015761	0.00518811035908508
15017011	0.00237569283136095
15017261	0.000739307756935561
15018511	0.00609317483953534
15018921	0.000866750189251696
15020260	0.00210295076316058
15020290	0.000665663519212886
15020700	0.00055042531238287
15022241	0.000886868239302484
15022480	0.145283913284568
15023420	0.000865525991971255
15023850	0.00220857172134136
15024120	0.000986644786440678
15026490	0.000535065005367883
15026610	0.00190421500238462
15027491	0.0140888092962973
15028010	0.00683398730223724
15030080	0.0114060369867112
15030651	0.000522313176893748
15034080	0.000626509549124611
15034531	0.00418005465403645
15036660	0.000545159894614392
15039320	0.00551761730680107
15040820	0.00812711184680564
15041490	0.116804642253351
15042320	0.00242246572928198
15042651	0.000713359700099117
15042870	0.00084837108774616
15043891	0.00255338009516578
15044250	0.000578665273159187
15048950	0.00134239528311938
15049401	0.000818712516317691
15052321	0.00310450820927851
15052571	0.000581739123823377
15052810	0.00732109141494822
15053910	0.00263985549278319
15055840	0.732243836498066
15058880	0.00108212189373903
15060161	0.00598964084304962
15061691	0.0126300443791139
15063580	0.00056276381478156
15063850	0.00318099593613731
15065080	0.195861803890173
15065131	0.00180982636276238
15065531	0.0607210704237053
15065640	0.00703858795204666
15067160	0.00339378386009569
15067730	0.00253544096591627
15068670	0.00626767795919147
15068690	0.00348420551532179
15069240	0.0108683090188502
15069370	0.00201268807150801
15069780	0.00332575051169483
15070060	0.000704711043139435
15070381	0.000959732812702478
15070620	0.00139673993351716
15071440	0.000610734707550063
15072431	0.0031631502255324
15072721	0.000783623153899366
15074760	0.00075050858390479
15075191	0.00195582666215144
15075290	0.000866264926559644
15076120	0.0015982296210078
15077220	0.294981678766238
15082900	0.00118762605372991
15084690	0.00079796323994344
15085240	0.00324970906103685
15087621	0.0312798198926384
15089490	0.0106040005271156
15089910	0.00116500260897565
15092311	0.00576423212561796
15094511	0.00100036657694742
15097210	0.000662865738366569
15097930	0.00166945808337852
15098771	0.000584398433569118
15099280	0.00319051435436488
15100701	0.000540690187648461
15100930	0.000779657169831427
15101620	0.0092041067197983
15102610	0.000544697962689985
15105961	0.0111730439230437
15109131	0.00148223929527637
15109551	0.00589544198451773
15110781	0.00186704574017364
15111751	0.0837156779293356
15112171	0.00449792332771287
15113200	0.00223594200688278
15114210	0.00210777323698675
15115871	0.000877712192334706
15117951	0.00636872250238505
15121271	0.0022215690361856
15122180	0.00169190109073381
15122720	0.0504584784010723
15123761	0.000545539471957661
15124110	0.00184133451720535
15124120	0.00239042900276048
15125141	0.00275766528879523
15126760	0.000670940526086086
15126860	0.000539492882262425
15127751	0.00160492519854458
15129520	0.000717384740323284
15132120	0.0011716457414561
15134921	0.0014748799869368
15135461	0.00090159399861197
15137520	0.001651549463058
15139741	0.000513366415535642
15139980	0.00427527245692319
15141620	0.00122395096610585
15141920	0.293743012723261
15142190	0.0011518292978712
15142480	0.0103122699384763
15143010	0.000986718535964038
15145811	0.000654050364234568
15146091	0.0160302741744763
15146760	0.00860751169666693
15147020	0.00982820609387361
15148971	0.00908626898564376
15150081	0.00187757468204507
15150320	0.0614524299419597
15151960	0.000835953475423717
15153801	0.000557204929788079
15153920	0.010018298289446
15154440	0.0171305526336156
15154921	0.00109845078382171
15159270	0.00421448187770176
15159741	0.000604543628377066
15161930	0.000570977412550155
15162450	0.0129124255925886
15162771	0.00405828791915762
15166081	0.0187923356650759
15166631	0.00110920163301971
15170860	0.00612405178884712
15171881	0.00052362184970708
15172171	0.0005761465770744
15173340	0.000611368916891744
15175591	0.00190772030246887
15176380	0.000591594646999787
15177610	0.001449849903259
15178091	0.00105334935305373
15178190	0.00916404964287488
15179290	0.00243116283649022
15179990	0.00627763299184432
15180240	0.000594932671385417
15183871	0.0106056329465
15188110	0.00152389842684588
15189360	0.000637913532623641
15190880	0.00201437131083615
15193131	0.0528119442661738
15195710	0.0232611076400637
15197620	0.00309282828196661
15200380	0.00151349166394663
15200940	0.0982654382215164
15201131	0.00283823643789847
15201230	0.00149514944493539
15203850	0.00173128931376359
15204530	0.00276802589588129
15204571	0.00156783014683124
15205610	0.00127475610292873
15205681	0.000516420738270242
15206231	0.000596785543028931
15207440	0.0516115329931659
15208230	0.0025650741244262
15208800	0.000701421411750396
15209370	0.0035216668075645
15210460	0.00719391520244193
15211451	0.0242056312160219
15211990	0.00130859975354507
15212640	0.00240123761687987
15213070	0.00857241945319085
15214600	0.000689117719436437
15216680	0.00148851170245774
15216981	0.000616772620697296
15217360	0.00284140053381496
15218450	0.00066677574680872
15218781	0.000603891725465114
15221480	0.000539314934956523
15222330	0.00911329724957477
15222341	0.000535532038075622
15224831	0.000642160990028067
15225200	0.0020391154104618
15225740	0.00254189566624559
15225780	0.000690762689214601
15230740	0.000953653795206267
15231171	0.000929264776739164
15232021	0.00108461617646893
15234491	0.00113850277055487
15234570	0.00401550797531205
15234590	0.00339603210519563
15234730	0.00161348998542783
15235260	0.0010314236061805
15235280	0.00347959607623058
15236301	0.00269866209227014
15238990	0.00489931857681874
15239270	0.014949524161992
15239440	0.000543643613967248
15239581	0.00402450975347496
15240971	0.000867151595456151
15241600	0.00578564200459639
15242450	0.00164674345391144
15243461	0.00145587527540483
15246091	0.000557754423619087
15247010	0.234289009281688
15247810	0.00352898983011227
15248670	0.00252668937509185
15249760	0.00685891717167603
15250341	0.00420297815590305
15253661	0.000621618366071737
15255331	0.000722290322114559
15255881	0.000520491557508292
15257600	0.00515704150731827
15257890	0.00298135639344948
15259260	0.000618296014979713
15259471	0.00335708157038513
15260370	0.00062303247352851
15261080	0.00262950122858506
15262611	0.0160600512331524
15263530	0.000535391145543133
15263670	0.000545461710279449
15263680	0.00109989221610261
15265080	0.000813826863611481
15267031	0.0023900710660897
15271041	0.000986896324269082
15272390	0.0030025768034388
15273101	0.00949789506618018
15275670	0.00138808064911765
15276841	0.000640428710697949
15277900	0.00267317796940769
15279410	0.000780094255775345
15279420	0.00162753358981489
15280360	0.00135459065749894
15282190	0.00158170386524215
15283250	0.0912579360891873
15283960	0.000831315053406774
15284001	0.00128060974623677
15284240	0.00473976002347314
15285060	0.00352153682580779
15285630	0.00125037099356796
15287581	0.00122223803203444
15287731	0.000949538144195516
15288360	0.01847322635003
15289210	0.00343916240761418
15291400	0.00124309998037226
15291991	0.000716666429950494
15293200	0.00243003462888857
15294720	0.00242062061608427
15294891	0.00157523068150778
15295010	0.00132388797061992
15296260	0.0030422246752304
15297640	0.000707200651057018
15297941	0.0032344239843691
15298061	0.00353314307487559
15298320	0.000644228525739561
15298840	0.00141355012682585
15301921	0.00105200720671891
15303601	0.0138406461799399
15304120	0.000737217395729154
15306010	0.000987983264079774
15306221	0.00309574046304603
15306471	0.00391522338375346
15307041	0.00119355296071765
15307591	0.00157750632518477
15308390	0.00061749915182696
15308660	0.00740208531512407
15308910	0.000956564355107956
15309641	0.000609598694765364
15310481	0.000564524917905077
15311110	0.000666317870998591
15311280	0.0026898770124491
15311940	0.00771090633171497
15312910	0.00125896393995637
15315000	0.00111348080778747
15315021	0.0011889545837222
15315400	0.00319605808158675
15317801	0.0832051750894719
15318191	0.0352731642965002
15319041	0.138038678229008
15319270	0.00217049302158841
15319560	0.000613843631766972
15319581	0.000887575371064044
15321350	0.000609909565143028
15321610	0.000521994750583664
15322020	0.00210745549840083
15325040	0.00178136413224964
15325070	0.000692958133193046
15325511	0.00206659455690333
15327171	0.00171528832454578
15327311	0.00145157255948091
15327840	0.00211176050359009
15328220	0.00292459858641146
15329190	0.000805167904575629
15331950	0.00564158659620365
15332490	0.000551888922121087
15333450	0.000738104098714205
15333730	0.000656706582986992
15336800	0.00388479341341965
15337470	0.000965569452883179
15338351	0.000908715187074193
15338430	0.00375647079668615
15338830	0.000995132819897191
15339451	0.0014943752247125
15341180	0.00235961400878015
15341450	0.000744117608441046
15341740	0.00129001703831905
15343250	0.00241241628146993
15343991	0.00160041692790617
15348500	0.00129368115478065
15351270	0.000667240311719669
15351731	0.00979529554052177
15352011	0.0121745281800368
15354020	0.000601058138791529
15354180	0.00106304895893728
15354481	0.00157688564357926
15354570	0.0268580590351314
15354720	0.000630683321217155
15356380	0.0673023378874345
15358990	0.000804338825785137
15359591	0.00100796272901979
15362440	0.0490024771627049
15362751	0.00268626931616843
15363031	0.0183331685116623
15363841	0.00330163165724235
15363960	0.00193436686001073
15365320	0.00107692903755824
15366881	0.000947903702952454
15368920	0.00799732695423199
15371380	0.00971632879205986
15371660	0.0005745737954745
15372900	0.00220906454769033
15373210	0.000761327364385237
15373600	0.00395069445877844
15376920	0.000550389026828616
15377310	0.000810540513075946
15379021	0.00298386407647485
15379130	0.00442375323730836
15380551	0.0011283263220054
15382751	0.0100477328686023
15384070	0.00564898766572437
15384370	0.014189660637881
15384411	0.000625818144165893
15386341	0.00598603414034891
15386550	0.00051955255312786
15388681	0.00149564284029633
15388790	0.0022271928296803
15389931	0.000518373505283011
15391260	0.00271014939854864
15393610	0.0178932527873717
15394030	0.000791198549422284
15394621	0.00130978615370962
15396230	0.00291367358421983
15396531	0.00838528825395828
15397580	0.00208735437875789
15398450	0.0402415373976927
15398550	0.000560090828037281
15398730	0.000538895732623341
15399721	0.00069375402379916
15401641	0.000678923967549222
15401661	0.0504937189921231
15401900	0.00228346724728122
15402321	0.00234596671460703
15404691	0.000842858163914867
15406140	0.00165436100307016
15406550	0.000654143747235805
15406690	0.00882454029746866
15409350	0.000738007629472525
15410170	0.00243438536956217
15410550	0.00510581439078815
15411800	0.00137896434144892
15412360	0.00422934581148422
15415701	0.00221413128035722
15417470	0.000996649530429623
15423280	0.00321388292118469
15424240	0.00257612902551447
15424520	0.00166890127117373
15426030	0.00465147888266822
15427280	0.000644053464036414
15427400	0.000672759187966624
15428500	0.00309022428264202
15430891	0.00830280419616288
15431140	0.00349690866476319
15431171	0.0175925497227569
15434170	0.000608421442973617
15434191	0.0186516634904499
15435571	0.000609762747896294
15437740	0.000551600355043507
15438461	0.00112378660517366
15441450	0.00450794269419824
15441651	0.00614944861351311
15442181	0.000522719220537417
15444090	0.000623945630678189
15445600	0.0016245768709337
15446010	0.0220636005299289
15446051	0.00099672891091936
15446290	0.000532680308419535
15446751	0.000525086115257796
15448531	0.000929112565040727
15448620	0.004366527259316
15449371	0.00142367993526822
15449600	0.00166128862790905
15452380	0.0396345298956846
15452480	0.00355564424901168
15452661	0.104619194957703
15452890	0.00109645289062194
15453911	0.00486377660992295
15455230	0.00151318537043993
15456661	0.0280262270092704
15456780	0.000554017310125546
15459431	0.0024396063168983
15459780	0.00271009538666154
15460090	0.00579427347204242
15460951	0.000722780623677702
15463950	0.00978481227692175
15463971	0.000667900942518314
15466550	0.00249379622650813
15469030	0.00134266333088483
15470140	0.00183400651441886
15471301	0.00286035432433162
15471510	0.002524915840576
15475390	0.00102612687175696
15478300	0.00247767435045522
15478820	0.0044261178150002
15479260	0.00116929226990266
15480770	0.00328654217856049
15481320	0.00465921663660112
15481340	0.00445655611789096
15482710	0.0118209788228854
15483230	0.00688613621723647
15484131	0.00100674188768485
15487551	0.0165566736413122
15488230	0.00156892458872601
15488880	0.0019903240299281
15490201	0.00236208077818982
15491120	0.00206346933868729
15495141	0.0041380883544944
15497050	0.00166576203888631
15498000	0.00210186393427797
15498201	0.00161837167709457
15498540	0.0087515915553983
15499011	0.00132307905084927
15499680	0.00419787808735603
15499800	0.000859107297963649
15501160	0.000519990707564145
15502051	0.0206726852336324
15502710	0.00218431171442777
15504541	0.00134615507271265
15505310	0.00289433495500122
15506420	0.00269870711564111
15507380	0.00081813378093625
15510440	0.00400378506733378
15512610	0.0058880220996752
15513030	0.00244561581172713
15514130	0.000955905229265644
15514311	0.00111245881173072
15516480	0.00165667149352031
15516640	0.00139723422392927
15519001	0.000552914180676443
15520360	0.00217318554754675
15522960	0.000592383099764044
15523551	0.00102618780255667
15524261	0.000884781828400929
15525081	0.00320968816394808
15525190	0.00104761960232076
15525501	0.00107844148732133
15527660	0.00489318603501627
15528261	0.00374648163685559
15529750	0.00112903458972675
15530451	0.0142617902266583
15530990	0.0104255430442617
15533071	0.00250936977567033
15535360	0.000531286911363302
15535380	0.000517636904457773
15536391	0.040593765337125
15537771	0.000796271460738472
15538331	0.00114475160674454
15540890	0.00753038241194794
15541440	0.00221506670575306
15542311	0.0667205194502224
15542321	0.00223473600990555
15543131	0.000648824622572695
15543370	0.0176486150154064
15547291	0.0034656441729947
15547770	0.000617237318436721
15548401	0.000689955383387895
15550690	0.000618515348083709
15552070	0.00277075883327661
15552780	0.00212269675655157
15553771	0.00276118612264924
15555141	0.00309797815782901
15555500	0.00382319829406373
15558560	0.0005551233786475
15558741	0.574939049109603
15559370	0.00157367932657537
15560231	0.0883182901938408
15565150	0.000995130930864773
15565840	0.00379896308591619
15565870	0.000735974694678545
15566851	0.00260149476241173
15567920	0.00243749097819607
15568490	0.0690028993636492
15569190	0.0570488636388361
15570120	0.0046948251412436
15570581	0.00176963019293882
15571271	0.00517506628726185
15573471	0.00180530401978246
15573901	0.000866648807920927
15574430	0.0361661312284298
15576630	0.00065734326646881
15576651	0.000771305311158338
15577170	0.0102918675773889
15580661	0.00180275933232254
15580760	0.00836715757369906
15581880	0.000513621630460729
15583920	0.00132279119373407
15585501	0.006755855108528
15586010	0.00699990461319189
15588880	0.000794626331301822
15588910	0.00312668671126252
15592801	0.0033202451641916
15596880	0.00805084047763112
15598441	0.000827610286766314
15599090	0.0033303791965786
15599701	0.000677436142308937
15600220	0.0139707703843752
15601850	0.00181394946129756
15604231	0.00321992786765444
15604470	0.00487031037308252
15605071	0.00164027426012552
15607630	0.00328283638024222
15608630	0.00196730074759881
15609061	0.000730849092651252
15609290	0.00237007517034976
15609590	0.000519750968533492
15610161	0.00176416597100186
15610451	0.00199713367692094
15610820	0.00277028484058822
15612340	0.000529392303846792
15613180	0.000608520765429301
15613700	0.0082725779113912
15615650	0.000568040573173253
15616251	0.0176132942907295
15617201	0.0337941753012495
15619131	0.00223519475441618
15619370	0.00201630836054244
15623561	0.00213294543031662
15626940	0.000836512419287096
15627100	0.0211287780027698
15627691	0.000523020462341437
15629730	0.004634747628743
15631760	0.00686505141385788
15632910	0.00564983876098891
15633150	0.00101616090802929
15634000	0.00593327517816958
15634451	0.000657115230920501
15635490	0.00529703537498116
15636070	0.0343822146074344
15641310	0.00144227455882866
15642110	0.00188863953791912
15642270	0.000630499462883888
15642280	0.00146380753826493
15644740	0.000701701584942288
15648371	0.00139240406990519
15650700	0.000672085608658071
15651811	0.00100990514485126
15653201	0.000561950570860022
15653460	0.000540162291127521
15654970	0.00125800235054598
15655210	0.000646627232950617
15655640	0.00728475207000233
15655831	0.0613008194056001
15658010	0.00126519268005778
15658711	0.000902695945751564
15661191	0.00334990415696158
15665891	0.000788609111638422
15666260	0.00181249924599431
15666800	0.00112879982346742
15666861	0.0037683902353717
15666940	0.00294746718750999
15667770	0.00413183341308236
15668190	0.0124310360891525
15668511	0.000625000471165827
15668880	0.000673482472327
15669020	0.00121901672609399
15670800	0.00239575640963535
15673201	0.00135521023259916
15673560	0.000716427921624516
15674280	0.000570055665757419
15674410	0.00406754835979872
15676101	0.00357078085994204
15676511	0.00361902098197639
15676641	0.0010512223501928
15678660	0.00316908176894517
15680511	0.000603208934560858
15680620	0.00427886702931226
15681840	0.00258307730468772
15684170	0.000614703328514765
15684350	0.000926260495113772
15687370	0.000870566425273593
15687620	0.00137710812762533
15688210	0.000580837902690653
15688610	0.00064615328281487
15691360	0.0145819974626173
15693420	0.00117676704548624
15693440	0.00157686491333659
15694021	0.000608587681362098
15694161	0.000678635896486006
15694311	0.00052899277731896
15694571	0.000712640000741641
15696771	0.000615045642270686
15699110	0.373527051107869
15699780	0.0005676509589394
15699811	0.00355963948774537
15700180	0.000779620075196608
15703790	0.00306633083869451
15704501	0.000828928823342982
15704600	0.00172828385022355
15705201	0.0006876271182926
15706970	0.00314797025228221
15711121	0.00419452143376626
15711141	0.000896950194279157
15711251	0.00235577245456389
15714380	0.000617175902004008
15721201	0.00212381310352142
15721621	0.00277507748980665
15722100	0.0245143022350727
15723520	0.00181986174083113
15723900	0.00246532232609739
15724381	0.013613752829374
15724631	0.00177882278213074
15725591	0.00141218369403394
15725720	0.0005453656574341
15725970	0.00061729848428912
15726171	0.0223302268917144
15728170	0.00108138017670935
15728860	0.00774482562813268
15728911	0.0021079265599623
15729710	0.00414053078553042
15731111	0.000534312255427138
15731531	0.00818688154974223
15732310	0.00151615275326763
15732791	0.000599046883216533
15735510	0.0686836305500516
15735531	0.00151194950800957
15736921	0.00151656765547007
15737980	0.0173100662692812
15738820	0.00170649016441431
15739510	0.00328075063052534
15739900	0.000571570666682429
15740470	0.00174202881562832
15743070	0.152129516758151
15744340	0.00143071089230545
15746441	0.00140596381947178
15747111	0.000541424705382966
15747541	0.00232084509622676
15747750	0.000771672069355374
15748211	0.00222936955701925
15749341	0.00111123020716717
15749430	0.00306567004388591
15752160	0.000516739102374295
15755500	0.0693601930195502
15756101	0.00213208351657945
15756491	0.000519758382953525
15758421	0.00932424666396347
15759811	0.00093138996962761
15760200	0.00177997117607828
15760491	0.00085120833880551
15761731	0.00235903145408099
15762410	0.0013113527790082
15763541	0.00655354706198786
15763890	0.00101145882550538
15764600	0.0343337536594194
15768860	0.000842587438724794
15770370	0.00195307109414014
15771200	0.00517436630082666
15771640	0.000545654216848649
15771681	0.0107132609892808
15772180	0.00444307834957587
15772651	0.000669970616483982
15772870	0.00388086502178942
15774031	0.0338245595107698
15774851	0.000866718910052835
15774971	0.00193317876502184
15775340	0.00125323082530225
15777430	0.00166960585456071
15779910	0.00466287291031316
15781171	0.000543421567106275
15782100	0.357869150341318
15782151	0.00339935201315378
15782841	0.00103572241289571
15783060	0.000639200036516552
15783370	0.00195007637261373
15783650	0.0021578529253133
15784200	0.00313527490387464
15784850	0.00113043696154604
15785270	0.0051633485738548
15785731	0.000625256961083788
15788580	0.00721712289314022
15789051	0.000868071683857565
15790660	0.000769273304790506
15791951	0.0012968745635508
15794660	0.00298700432144194
15795681	0.00176762038276188
15795740	0.00179496241686568
15796761	0.00231606961028134
15797061	0.016218848465723
15798400	0.00494557701131614
15801680	0.000558412159884132
15801881	0.00729841978477449
15802640	0.00186048756177984
15806011	0.00323464806648734
15807230	0.00125499003855761
15807740	0.000720215764505758
15810540	0.0017144797276106
15813611	0.000535798648474549
15814820	0.00144768106935785
15816300	0.000760369360247648
15818530	0.00051861029199536
15818691	0.00256807889612334
15823490	0.000527489320181315
15823640	0.00122162825269602
15824891	0.000799604603448936
15826100	0.0013277957832058
15827531	0.000641706362104677
15837191	0.00117787292905615
15840061	0.00287714945974923
15841430	0.00312444997010765
15841810	0.000544345611269859
15844040	0.00419889210928215
15846971	0.0526308657443228
15847460	0.0020167173095548
15848720	0.000544050153572978
15848751	0.00360352134727372
15848761	0.00338990067377244
15849031	0.00150866318657289
15849311	0.09948746113347
15849850	0.00145380173302956
15852850	0.019980992465062
15853570	0.00330200260897255
15853861	0.00340060484692184
15854080	0.00176195497768448
15854120	0.00328945281305647
15854220	0.000555789091240502
15854640	0.00897227401107063
15854930	0.000519401877840866
15856600	0.0416268257110436
15857191	0.00053414901316
15857851	0.00151507225536089
15858541	0.00269892267576405
15861881	0.0544549391002364
15863121	0.0110053587948367
15863190	0.00052454362571308
15870011	0.0042578317701677
15870131	0.174022775350984
15871111	0.0290571811798069
15872040	0.000599457455786354
15872911	0.00721777639145937
15873881	0.00602168179949603
15875231	0.000764902505792178
15875360	0.00433359710929577
15875801	0.00239889390560922
15875931	0.000614609009798267
15877260	0.00480913575642145
15877410	0.0103827012361666
15877800	0.00981252277777615
15878910	0.000877452547529814
15879320	0.00148175363696371
15880611	0.00368739218587269
15882561	0.00489136783986888
15882821	0.00107594267572968
15884290	0.00155212097882055
15884621	0.0544334156776146
15885970	0.00899521567518771
15886260	0.00407317042465053
15886770	0.00184621013839385
15887220	0.000577394877718243
15887770	0.000568614126287873
15888840	0.0569548553150869
15891500	0.000690989354483514
15891931	0.00679318815814645
15893871	0.00140993075852541
15896290	0.00111867562830425
15897670	0.00396316579964485
15901400	0.000539166922425022
15901410	0.00157052296863236
15901461	0.00174221438681787
15905410	0.00527755997665713
15906650	0.00299693534394865
15908860	0.000564819545409782
15910800	0.00133662127011173
15911220	0.000522782156271103
15911231	0.00113833671866136
15911490	0.00302981395426295
15911641	0.00228107003286937
15911781	0.00315782881324455
15912071	0.00111000687777238
15913441	0.00402186358066138
15913581	0.00238968546523107
15914151	0.000592795950962363
15914701	0.00538073628744951
15914920	0.00153464905304183
15916491	0.00416590605628803
15916751	0.00374794394618937
15917110	0.00445260507633635
15919480	0.00686376055306247
15919511	0.000594961693929101
15919740	0.000941514050681392
15921550	0.00062945582957775
15922910	0.0011054585768802
15922961	0.00405594435070841
15924600	0.000755503334291729
15924840	0.038434043514044
15925550	0.00822879987250624
15925861	0.00272035976583404
15926940	0.00444725055613765
15927241	0.00176943241320688
15927330	0.00417859569190573
15927460	0.00206135092394453
15928440	0.0116654702882204
15929041	0.0116049443856375
15931391	0.00159349830083084
15931910	0.000584171386249555
15932420	0.00108865817023325
15932970	0.0244762183574855
15934780	0.00190550145412837
15935091	0.000673881841765919
15936030	0.00255685170134728
15936061	0.00117235823534395
15936990	0.00174610291464603
15938421	0.323610493724946
15938800	0.0150437033359599
15943630	0.00171679636749174
15943931	0.000524901733574598
15944341	0.00171503655193064
15946630	0.00063188834374834
15947630	0.000527071631805294
15948040	0.00967605162658415
15948331	0.00166162807276399
15948901	0.000623213882081564
15950531	0.00290663009964327
15952980	0.00201806554738845
15953700	0.00103332179635996
15953851	0.00203113254100534
15958121	0.00122438496020107
15960570	0.0016195603172497
15963921	0.00130980132500319
15964351	0.00462085897079807
15965011	0.00226108959255515
15966240	0.00639218134406151
15968290	0.001766557021824
15971200	0.00196920813274788
15973591	0.00242312147035314
15974770	0.0391666618290655
15975221	0.00176267447208843
15975501	0.000847516900126131
15975771	0.000754318179483172
15978961	0.00380517121192079
15979921	0.00832036431135186
15980191	0.000827117304391551
15984860	0.00965495999930308
15986650	0.000827694617490599
15987450	0.00139191274924163
15989301	0.00136658742246666
15989830	0.0101536611584275
15990780	0.00285362337045156
15992580	0.0084865880179626
15994780	0.0158698041707951
15995101	0.000561764278366798
15997680	0.00294761895458527
15999781	0.00275593804257329
16001380	0.000539214194181864
16002251	0.00991284985027561
16002691	0.0100063726433418
16002780	0.0010878329132952
16003091	0.000555191434210522
16003241	0.00850467193465366
16004020	0.00107709325037417
16004181	0.004382908585676
16005280	0.00513065662167284
16005400	0.00260112546750185
16007880	0.0187298172514918
16011501	0.00252127443422295
16012181	0.000752177653999508
16012990	0.00155898048887273
16015081	0.00234892517192807
16015610	0.00238392966444134
16016580	0.000546277848847084
16017820	0.00695776181879967
16018370	0.0187329389849788
16019760	0.000662125494068709
16021550	0.00114212972258342
16022500	0.000619363892000171
16022930	0.016366209995585
16024481	0.00159909039179252
16024580	0.00107325540803487
16026811	0.00406624587457894
16027781	0.00276789137021059
16029171	0.26716235706937
16030271	0.00276801977518077
16032621	0.00313683853612661
16034121	0.00212443284678137
16036601	0.000572130692751572
16038790	0.0056671334848751
16041920	0.00181864864376154
16041991	0.00137029986663088
16042900	0.149656260340526
16045151	0.00164101966468109
16045431	0.000608125869027527
16045691	0.00876110480262439
16045841	0.00641045235729508
16046490	0.00465472053768219
16046801	0.00151305320237697
16047740	0.00682040944548693
16048451	0.00345495524952963
16049421	0.00178846773379531
16050620	0.00812253314601295
16051231	0.0100365527541552
16053561	0.0488603456924812
16053691	0.00163844873970518
16054480	0.00147705167200759
16054661	0.00544725373710074
16056331	0.00390409483511824
16056611	0.00114903302544676
16057021	0.00527182572277184
16059170	0.000869699271611814
16059631	0.00298104666395867
16060891	0.0194194975580884
16061130	0.000523548486669124
16062490	0.00112544981159657
16064150	0.00613167377293807
16066200	0.0018078131232295
16066500	0.00203497843529011
16066531	0.0017772602344049
16066941	0.00107016266880377
16068731	0.000816340792046152
16069370	0.000733683685461526
16069950	0.00152751491826765
16070750	0.00149834657457492
16070890	0.000532909058292325
16071211	0.000612099638607215
16072820	0.000863714354750725
16074251	0.00301121459049788
16077380	0.0010182361316923
16078210	0.00515899940524584
16080140	0.00238582565125228
16082101	0.00214374802894291
16083340	0.000548954567160882
16084171	0.000954417446507538
16085500	0.00178781431405716
16086521	0.00296835974497604
16086681	0.00791682977832958
16087430	0.000527416817885958
16087771	0.0018664168009026
16087880	0.00720905225955126
16088950	0.00426360426191775
16091040	0.00434550399090227
16093510	0.000603287191209436
16093691	0.000713630650930695
16094920	0.00948397074352378
16095091	0.0153688192763947
16095870	0.000560535822564621
16095921	0.109556864479115
16096290	0.000598346129667817
16096400	0.00426123767536495
16097421	0.0015667944696836
16098740	0.00485211363147622
16099570	0.00103976758055879
16101991	0.00280722350352235
16103361	0.00174566430820434
16104741	0.0627498599960573
16105520	0.0328616832378507
16106070	0.00119292554548081
16106360	0.000555706985823159
16106370	0.00149074507564691
16109500	0.00151797373685169
16109841	0.00172634622158033
16110340	0.000509088972962052
16111901	0.00100264602556885
16112140	0.00435605179315391
16112430	0.000988118457083512
16113301	0.00643157528020296
16115361	0.0107868640891577
16115750	0.00487867815011253
16115880	0.00332465334919149
16116810	0.00068058376984451
16117431	0.00306742599874606
16118661	0.000704141394578259
16118811	0.00564252045524195
16120020	0.000586193387175635
16120041	0.0193650238019771
16121220	0.00288001139886823
16122190	0.00684930530043042
16122401	0.0184478097928517
16122640	0.00176811474027078
16122951	0.00539597762791905
16123850	0.00652685676855851
16128400	0.000698722531462667
16129431	0.000537251144531798
16130900	0.000590197257110727
16131990	0.00558747168854001
16132850	0.000647812066030116
16134880	0.00170790750220495
16135180	0.0623509893666247
16137370	0.00244610887519187
16140390	0.00174250505753236
16140560	0.000926480947497328
16140741	0.000634767324320693
16142320	0.00164180386415194
16142511	0.00156628472871149
16144031	0.000714630179407993
16145380	0.00204087889268988
16145510	0.000607211802775369
16146231	0.00105473722649295
16150210	0.000856985673416937
16150610	0.00198021317442634
16150760	0.00887387085582291
16150801	0.000788680571083775
16151751	0.00131608213953327
16151761	0.00205009756528819
16152721	0.00177673685108277
16154090	0.00147635089834677
16155010	0.00206055682946072
16155201	0.00182690609499079
16156721	0.000655747468662251
16157120	0.0211938075530389
16159201	0.000759970916954822
16159611	0.00133408438033789
16160260	0.00195028634944952
16160670	0.00440158203279292
16163071	0.00405159463152666
16163430	0.000604109456468764
16167221	0.0611614949105273
16167911	0.00146502975783281
16170180	0.057974635153113
16170371	0.00288813708381231
16172000	0.000881898685011466
16172021	0.00417230340722783
16177370	0.000965533936688554
16179481	0.000586993642678868
16179590	0.000916244118377058
16181780	0.000770629211376824
16182091	0.111300284365815
16182391	0.0409643921165684
16184690	0.000918730747227222
16185971	0.0007699187489158
16190610	0.0036473400298651
16191280	0.0431207962543551
16192871	0.00063779288052707
16193951	0.000599242484773255
16194231	0.00149586450473853
16194360	0.0058521065899242
16195590	0.110126253187508
16196591	0.00551687904665744
16199071	0.00194161723683145
16199751	0.000920916696921937
16200031	0.0208103753483197
16200130	0.00120755538060768
16200260	0.000713743690979303
16201900	0.0026364799518877
16203751	0.00101546718323197
16206320	0.00146170461267288
16207081	0.00347910684723465
16209360	0.000736390178208286
16210050	0.000528276131593817
16211071	0.00282760262100351
16212461	0.00116613493647083
16213510	0.000775518532017247
16215351	0.00637901804352754
16216110	0.00217711967709605
16216410	0.00176605790419366
16218350	0.00174571725462357
16219341	0.00066273161553663
16219730	0.018562487615404
16221070	0.00236430908277899
16225770	0.0140702885519975
16227201	0.00206659800640355
16230050	0.000710487844435569
16230661	0.000656133292393576
16231030	0.0117975228204821
16231320	0.001406341546569
16231351	0.000553663475043956
16233070	0.0465319585728808
16233770	0.00126025294413322
16234480	0.00194695915913076
16236140	0.00154088272044988
16237080	0.000535247092209715
16238101	0.0018376040783187
16238661	0.00119765117655353
16239140	0.000542883847718081
16240431	0.000742337854945902
16240441	0.00932287957506944
16243720	0.00177487798835239
16246740	0.00136024622582639
16248151	0.0197471766360991
16248970	0.000652173616651171
16250040	0.00113052079858138
16251580	0.000518373505283011
16252171	0.000546982757700219
16253220	0.000539880161757759
16253671	0.000723304201004111
16253800	0.00720801905372873
16255450	0.00629220022819722
16255570	0.00274110090290754
16257070	0.00915887970333914
16258600	0.0734576117779977
16259461	0.000626568606071642
16259741	0.00136948908122263
16260270	0.0317570826356734
16260400	0.00339565359339262
16261281	0.00469468535462519
16262190	0.000595193005895551
16264280	0.00055552003796829
16265510	0.000565196411395104
16266310	0.00300001790384993
16272851	0.000878241153085682
16273380	0.000624215208500387
16274350	0.000649724347895084
16274580	0.0136922802183788
16274900	0.00265837753017732
16275550	0.00832658532867282
16275690	0.0132693510703305
16276790	0.000546827936581747
16277520	0.499645142720906
16279310	0.0979734563140866
16279761	0.00522358474350004
16280260	0.00311348733203551
16281671	0.00100348858832282
16282340	0.000763293865377222
16284000	0.000629428078170076
16284800	0.0011643401149369
16285121	0.00068693774762883
16285370	0.00155619316738982
16285520	0.0213210770477995
16285650	0.00271035510582514
16286180	0.0124480450682511
16286750	0.00171255489152513
16286880	0.0132057064879902
16289340	0.0024285162380826
16290491	0.0281562897283129
16290651	0.00337108601647614
16290880	0.000523015655651954
16291071	0.00234469770051891
16292930	0.000533989116670288
16293780	0.0230911140305571
16295700	0.0010831297425891
16296161	0.000526403423837921
16296800	0.00215161455063868
16297200	0.00551389084195611
16297251	0.000999626642363699
16297900	0.000917949634724686
16299580	0.00059633965623546
16299871	0.000957117979436542
16301220	0.00178267043510868
16301350	0.00115125510406812
16302050	0.0120713243649241
16306470	0.00202380381503344
16306501	0.0165820460450717
16307741	0.000663563730761005
16307881	0.00106670440008998
16308140	0.00156855933558185
16309500	0.00264838173127822
16310040	0.00180153338455835
16310081	0.00208785421854552
16310330	0.000628481518042915
16310931	0.00067517941308041
16312721	0.000516739102374295
16312790	0.00352365346331177
16313510	0.00347720518230318
16314190	0.00354442108773307
16315010	0.00184435094697985
16315300	0.000727784661436661
16316120	0.00765269785017515
16317380	0.00169679831272802
16318200	0.0046145712347813
16318771	0.0297483959672896
16319700	0.00104306598371891
16320721	0.00469485298496293
16320820	0.00747239489424311
16321230	0.0039293609807192
16323540	0.00148240337245188
16324031	0.00055225290456477
16324141	0.000825504386350576
16328950	0.000514093702454836
16329080	0.00125388538484417
16329121	0.0674032897110758
16330351	0.087651564961606
16331840	0.000682730276421107
16332281	0.00567923893498491
16332851	0.00065276050025119
16332950	0.00480112805009355
16333100	0.00107620630259958
16333770	0.00340965726515574
16334211	0.00153054683989426
16335820	0.00510597666848231
16336680	0.00199885745013029
16336691	0.00184941460619621
16338190	0.000552242428219293
16338491	0.00282228981419582
16338610	0.00219365574325833
16339550	0.00207843666100105
16339591	0.000622263181575725
16340410	0.000600540555474279
16340421	0.000559696060800208
16340991	0.00179162401754937
16342351	0.00194139119966297
16343980	0.000670894577787222
16344090	0.00100242234137077
16344930	0.0166578373342947
16345080	0.000787014120081856
16346170	0.0053614893791871
16346990	0.0131464361401622
16347891	0.00855990131865858
16348100	0.000517674601298555
16348981	0.00307001616778015
16349230	0.00236101707161746
16349500	0.00200791749068157
16349671	0.000544312935061023
16350470	0.000511084200867669
16355191	0.000557613877110973
16356400	0.000520464865415825
16356650	0.00175050958315472
16357121	0.0947410308458598
16357961	0.000725522748898837
16359010	0.00501967847211346
16359041	0.0250157751714256
16359451	0.00521421903904718
16360920	0.00715337819954227
16361811	0.0186027083481418
16363150	0.00221266982332879
16364130	0.007436559222279
16364431	0.00469048382818969
16364820	0.0177210560582548
16365951	0.00141016295443395
16367270	0.000560635016335299
16367710	0.000656493503856734
16368810	0.00206173680892741
16379420	0.00326108529814355
16380110	0.00212054355132938
16380711	0.0121876958950627
16383560	0.00744496925653912
16383680	0.000558939108807791
16384571	0.00339289432924559
16384981	0.00657874908891459
16385780	0.00100303322465161
16386231	0.00489606018912326
16387430	0.0235066782909904
16388151	0.00463073872202468
16388561	0.00106553585673201
16388950	0.00161707616542059
16388971	0.00125224689180521
16389391	0.00172792771082061
16389750	0.00287346050439829
16389900	0.000638166756488156
16391120	0.00147795026827263
16391400	0.00104303443044169
16393880	0.0038223484703549
16394880	0.00965294866526993
16395980	0.000544248114786479
16397941	0.000521160586762053
16400790	0.00110055579320398
16401811	0.00269728883553682
16402320	0.00139743067355069
16404810	0.00111762706486706
16405600	0.00058913742884472
16405661	0.00129551381751764
16407461	0.2185318232687
16408011	0.0136860210649728
16408971	0.00137544421385655
16409241	0.00147048959094673
16412930	0.00794028919418337
16413401	0.00231220591590752
16414580	0.129231001813578
16415461	0.00466873820865707
16418600	0.0043561826429517
16419260	0.00260061808567189
16421121	0.00217795543935629
16421500	0.00778743687585128
16422501	0.00105264504683463
16423140	0.00617071002815065
16424240	0.00106687799228336
16424360	0.000541808726203794
16430361	0.000656836965774756
16432220	0.0188693375564142
16433200	0.00594429239323434
16433600	0.00144540593026478
16434901	0.00103086717965545
16436230	0.00177853408076905
16437531	0.00108196198607757
16439130	0.00101212051881273
16439290	0.0025876551759172
16439530	0.00212852887110632
16440841	0.0011279278873359
16443690	0.000535521052432436
16444640	0.00051514623158623
16447280	0.000555950192026332
16447670	0.000603000541368377
16449801	0.00247255511280789
16450310	0.00152778924538833
16451540	0.00260778549276254
16452281	0.00602201054806835
16453511	0.000896692414293439
16454150	0.000675263968813906
16454201	0.0478439062760155
16454501	0.00242975768947479
16454870	0.000615114046978491
16457760	0.00215696067638523
16458180	0.00559367691251515
16459451	0.00106383373006221
16459731	0.00841739770588046
16462361	0.00113753916579371
16462761	0.00135527448323495
16463461	0.00241727032678843
16464831	0.00075029366234606
16464950	0.00103680028289364
16465220	0.0034769363559766
16466710	0.000671856576917702
16469651	0.000875830668990097
16471140	0.00153095904589823
16471721	0.00150345857450837
16474980	0.000900398585605391
16475420	0.00087834424159508
16476120	0.00102690835601276
16476411	0.000691104145637058
16476630	0.00457981226514182
16476981	0.000783798513593532
16478061	0.000628063626333533
16479571	0.00070176775491869
16480770	0.000685831955842471
16481490	0.00129110235290762
16483670	0.000917039975716959
16484411	0.00296465539262212
16485360	0.00670870496365894
16488281	0.00390311477080219
16488500	0.000583410313240244
16488770	0.322695815161538
16488831	0.000665954533730452
16490611	0.00569710460717622
16491410	0.000951645309617358
16491840	0.00248712497125132
16494310	0.00227556263118565
16497511	0.000797065338522745
16497521	0.00957308883567615
16498440	0.00355175264678846
16498761	0.00685761264140864
16499591	0.00123543213880825
16500380	0.0233889005889361
16500670	0.00730991624663717
16501921	0.00299187686535482
16502211	0.00632580350325052
16502720	0.00064949265204166
16502901	0.0129389828902116
16507680	0.00486927669889651
16508961	0.00381998185081286
16509450	0.00194875627339422
16509590	0.0041986332971711
16509661	0.0142465720568634
16510331	0.000855700991870457
16510420	0.00108606291486613
16510450	0.00437070415288233
16510491	0.000605377459777697
16510850	0.00118600478837067
16511010	0.000580024141873954
16511571	0.000892111889302375
16511731	0.716041418998387
16513921	0.0173392250174933
16516390	0.00131321630957803
16516530	0.000603361803116125
16518081	0.00705858660879707
16519410	0.000525102914309873
16519970	0.0265400683562562
16520971	0.000673913044519765
16521890	0.0132133293223941
16523291	0.000577203333372328
16525760	0.00159729927598847
16529231	0.000875647261193491
16530000	0.00191055606228229
16530051	0.00142533265953463
16531431	0.0060607198606111
16533241	0.00742786041578236
16534450	0.0281024772650883
16535441	0.0067673655208194
16536811	0.0105174266822732
16537050	0.00284984487956372
16537470	0.00115734531588238
16538351	0.000519758382953525
16539930	0.00195955467682981
16540411	0.0158271643979933
16540421	0.00111540092946579
16540551	0.000584916553440106
16540760	0.00107237741759492
16542071	0.000677417626136409
16542331	0.000907581910121903
16542341	0.0557857452882185
16542611	0.00164299852882796
16543010	0.00190065215872981
16544811	0.000928149823889204
16545870	0.0138817195847611
16547011	0.098846227096673
16547161	0.00215516299727572
16548080	0.0291687748053421
16552220	0.00140817472475563
16552350	0.00354823399127505
16554830	0.00112359841961762
16554990	0.000521426369244583
16556760	0.000592693934400668
16557600	0.00431830754919671
16558440	0.000530725963437174
16559140	0.0013121142869303
16559701	0.00102789532277357
16562601	0.00591979388660253
16563100	0.000560708189118697
16565931	0.000560175992687699
16566840	0.000668018147471666
16567431	0.00397293744013738
16567571	0.0024019406761081
16572340	0.00128675155869758
16572531	0.000551352875810257
16572920	0.00276022441955275
16573740	0.0015916493607164
16575301	0.00129947397653457
16576271	0.00178305783279038
16577931	0.000522967692273502
16586481	0.00235818432400936
16589480	0.000861279973246744
16590970	0.000634811439191784
16590990	0.0796987042686008
16593610	0.00195698478283699
16594580	0.0080129733302504
16595820	0.00299231156669421
16598071	0.00311619295680006
16598970	0.000639579124065144
16599100	0.00116603987311165
16601900	0.00204663626389649
16602700	0.00236424035741498
16603670	0.00081219774496733
16605211	0.000670436684593956
16605931	0.00320729911968931
16606860	0.00605095182090182
16608100	0.00200864707589345
16609190	0.000835469776620252
16609720	0.000612090482813244
16609730	0.00253384035470199
16611930	0.00239056642561997
16612500	0.00274002117916677
16612941	0.0027294369447317
16613180	0.00054298413295782
16615281	0.000591563695469923
16617200	0.00439930515525493
16623920	0.00243406441363133
16624111	0.0174547110104718
16624350	0.000834255707956771
16624391	0.000718910310556532
16627510	0.00154699893211496
16627841	0.00284709145383394
16630030	0.000576706113541139
16630201	0.000700498760218641
16630980	0.000524383894528595
16635841	0.0014491297660627
16637720	0.000614367115612339
16638871	0.00438276238699322
16639100	0.00062882260378101
16640360	0.00960951800170455
16640951	0.0128669957221227
16642601	0.000719783990803175
16642680	0.00221383173085751
16643301	0.000639475437999493
16643581	0.00327219541248675
16644271	0.000878103482365268
16646201	0.00073285432912161
16646280	0.00290414863884479
16646680	0.00128990232936251
16647380	0.000756898580460684
16647540	0.00428528797229777
16649071	0.00392919311193549
16650201	0.00110718141466996
16650311	0.0122246350114027
16650440	0.00160521327488949
16650710	0.00292196874841175
16653170	0.00596854890517141
16654820	0.00213154122258491
16656350	0.000542451723207652
16657750	0.000623992572526234
16658280	0.00273408900929133
16662580	0.00173064125739424
16665600	0.00100981600194288
16666171	0.00137944048311169
16667100	0.000586783316627412
16667790	0.000532755545722632
16668080	0.00404663698210426
16669170	0.00248503797163008
16670540	0.000512723910380699
16670840	0.000606033913982219
16673231	0.000600695891863506
16673460	0.00455055873752266
16674430	0.000856233543165174
16677231	0.00111478528527887
16680381	0.000587047135051338
16680770	0.00433966547196339
16682420	0.000998709029947946
16682461	0.000558760695679271
16682751	0.00181445785361036
16683100	0.000985285269655194
16684750	0.000905937392577587
16686440	0.000516663430817465
16688101	0.000826572766957571
16688241	0.0153436701692577
16689050	0.000722320547625265
16689180	0.000922775231692473
16689740	0.000657307921217276
16696401	0.00921005856905755
16699021	0.000724404712432834
16699650	0.0129195399318645
16700811	0.00141713594368465
16704060	0.00148305672628535
16706670	0.000562071470054945
16707281	0.00425040951464531
16707961	0.000629601566793336
16708671	0.00110343720515668
16711770	0.00160133875257046
16712740	0.0055734616036174
16715271	0.0105936438698807
16715411	0.000900571116742824
16728770	0.000515068263907146
16729211	0.000775910989276491
16765320	0.0522737752886676
16782690	0.00168220284048743
16838120	0.00153125788208013
16947111	0.035665323187149
16964610	0.00173506184779561
17000641	0.00195670005428392
17020040	0.0152083940613264
17031261	0.00795423541675319
17114930	0.000709556330220352
17125451	0.0013238365503444
17199081	0.000827796059460484
17205120	0.0015980740557284
17318791	0.0042685794038798
17321950	0.00751147242944438
17353090	0.000620852120156954
17398050	0.00256049875815915
17427881	0.0319014801505613
17515850	0.000522691754522306
17563130	0.000661549767297184
17563280	0.00118969380438144
17572380	0.00180801355441472
17665360	0.00466447059554236
17697760	0.0011044027764685
17713661	0.000581454491095301
17719011	0.0142935799749827
17773190	0.000725142634527315
17850950	0.0052724595615405
17881320	0.000702771475317217
18010000	0.00170119076178253
18015541	0.0012305972009459
18053170	0.00526436944223058
18110031	0.00054343768191389
18184740	0.000602984294086463
18186120	0.0221378000306762
18271470	0.00298105827891048
18327730	0.00233077275020162
18350630	0.00695812232883307
18384140	0.0131358186978033
18404410	0.00141818159720547
18449360	0.00123574278843001
18502391	0.000671753922022909
18516800	0.00528672078920607
18576861	0.0109110893585514
18582740	0.0174503402885871
18590350	0.00119510519588885
18608830	0.0079076283653388
18619420	0.00320248552836867
18723270	0.00250466291774361
18797941	0.0134350700357514
18819021	0.000590070434879096
18838071	0.00194957954658021
18842471	0.0023372923115696
18889870	0.000550242986472588
18942601	0.000781297196627042
18946020	0.00730533832061618
18951960	0.00322172246795516
18971370	0.0046774748621168
19006130	0.000648711575872984
19028350	0.0014952445617043
19040890	0.00111133107094376
19068890	0.10382035081824
19075800	0.00114757354540336
19090690	0.0174162992238452
19186650	0.1231869611956
19194130	0.00107005892087346
19216890	0.00265852577535326
19330271	0.00729227791954239
19336470	0.00107114348682031
19337540	0.000909415728847758
19349881	0.0109275643742637
19359101	0.0749919678161279
19495030	0.00242973782553418
19546240	0.00110040875735236
19569510	0.043037699486895
19684280	0.000688516145182554
19737080	0.00139208803374947
19750870	0.00131011039810908
19905500	0.00488445752329716
19925121	0.000576188582296648
19950501	0.00298830805724587
19956360	0.00101102416499778
19993760	0.00141266733924471
20086871	0.000802487604102
20150451	0.00280528413471421
20153340	0.00112831596936502
20175660	0.00393775375388844
20185771	0.0013902619192562
20187100	0.00054465936896407
20188651	0.000914473477559178
20189071	0.00234282002375482
20189351	0.000534076939958885
20190031	0.0100172661681683
20192900	0.00191189539233948
20192920	0.00684767367199929
20193730	0.00224911498503713
20195421	0.000889550507515006
20196060	0.695958433412073
20197310	0.000936733376383229
20197590	0.143523433477956
20197850	0.0126280207754286
20199011	0.0014045278166575
20202550	0.00090857929726934
20203411	0.0132524190940366
20204391	0.0013897274663836
20206990	0.000595835942978383
20210280	0.0017277891335453
20212890	0.00152345749772199
20214741	0.000591703898022433
20216261	0.000604462251504881
20218970	0.000811039088112637
20219100	0.00753181702259007
20223021	0.0037902180532802
20223141	0.000710800733375774
20223650	0.00129478698520653
20225710	0.00417179829743295
20226731	0.000565685092669306
20229061	0.00054182034271501
20229430	0.000566444319829651
20229611	0.00274446033221281
20230311	0.0579715851127855
20232111	0.00176827948347862
20233870	0.00112911280701081
20237740	0.000668792103425611
20241030	0.000819707993460544
20245201	0.00118064474362628
20246301	0.00074364673838398
20250591	0.00182984312847775
20252630	0.018487974063077
20252801	0.00266394814311978
20253061	0.0033113168432249
20253580	0.00126023193615321
20254420	0.0472637486025747
20257081	0.000912932000361672
20258171	0.000804590697090205
20260521	0.00167669548750941
20260890	0.00183814524215975
20261190	0.000597197633749138
20261580	0.00520840068709318
20263100	0.00372597757813835
20265600	0.0157013771334696
20266120	0.00889738950821019
20266991	0.000902889651319635
20267260	0.00104571356928725
20269351	0.00110840031383542
20269720	0.000623062765553292
20270461	0.00225559462300711
20278410	0.000652380757068539
20278581	0.00142381927070356
20278660	0.0242659173824722
20280091	0.00071107727626872
20280770	0.00060247868276956
20281071	0.0016158891834221
20284890	0.00421785773696982
20285891	0.0272826894817071
20286700	0.000958537283829781
20286731	0.0306584994387594
20287961	0.00906733005523275
20292750	0.00115350868824191
20294431	0.00310787783518669
20295780	0.00128674987601137
20295900	0.00116907246526284
20296060	0.0115270959290761
20297061	0.00681662417238765
20297840	0.00492921087871385
20297870	0.000524430903308228
20299390	0.00100025702567045
20300220	0.00076291807164223
20304931	0.0380714722958944
20305081	0.0090839847485977
20307001	0.0081169153531088
20307350	0.000994351780482432
20308340	0.00175210129595086
20309611	0.00158825230062182
20311520	0.000831903392682163
20313491	0.00225137044702064
20314311	0.0011151969279783
20315650	0.000598998028368431
20316210	0.00945199115378117
20316921	0.00115086488688007
20318530	0.00408859613176924
20320931	0.00550543972638933
20321850	0.00448117787494403
20322400	0.030547165684122
20323520	0.0013944667293818
20325590	0.000701896756221029
20325631	0.00578397982659484
20329020	0.00538307655400712
20329420	0.00195874302587884
20332070	0.00163280938455368
20332361	0.0117651193341218
20332801	0.0122053923683393
20333010	0.00264231950271665
20333300	0.00141219054116833
20333440	0.000993271746812819
20333570	0.000540123529179672
20336350	0.00213453268720482
20339940	0.000574847564764915
20340450	0.144953061922309
20340781	0.00328336803153907
20341550	0.00284980908929227
20342410	0.00440593309138513
20349000	0.00137546748873087
20349611	0.000584718141717397
20350591	0.00360914375616491
20353310	0.000537719524072812
20354110	0.00681298778566326
20359281	0.00417330481545779
20360730	0.000618736698522937
20361160	0.000523679826474004
20361410	0.00069150663478096
20362110	0.00155956388086488
20363790	0.000537214857091976
20365201	0.000627939592296091
20365310	0.00353647063780954
20365710	0.00278464308589335
20367920	0.00225463371368824
20369300	0.00254366104665357
20375090	0.00194426657705809
20376890	0.00535686972415617
20377170	0.00180387908734588
20377290	0.000512723910380699
20377751	0.00156625246630793
20380860	0.00350276928471502
20381860	0.00846492930583502
20381960	0.000718651766351874
20384210	0.000547779372036213
20384600	0.000875552969280237
20385700	0.00813930002801345
20386410	0.00364868141462926
20386790	0.000821818767163398
20388330	0.00214094664808883
20388460	0.00107313102801138
20389331	0.0014031019268616
20390971	0.101053599613614
20391681	0.000599652514406939
20392740	0.00370788637095758
20393461	0.00820972386292288
20395240	0.00132889941183379
20395401	0.0019468500645455
20395790	0.564849461569971
20397290	0.00112955908126994
20397700	0.00354181920469753
20397820	0.0135033320316094
20397830	0.00145220479008986
20398550	0.00372756991968902
20399240	0.00349911266072188
20399480	0.00623197103689571
20401201	0.000969777682783942
20401731	0.00179646209661789
20402281	0.000612918870667148
20404081	0.00137084266558395
20405591	0.00567275588442504
20405980	0.00192484181478082
20410711	0.000633755080177267
20412610	0.00395377971029312
20413601	0.00115031944472815
20415750	0.00452615952239948
20415790	0.000729038448390087
20419681	0.0624415507399013
20422960	0.00118901713586955
20423610	0.00141309860251644
20423620	0.00510312602742036
20425540	0.000977108163448352
20425840	0.00133249383254321
20426861	0.000615402790556141
20426920	0.00174520542024447
20427640	0.010711822806727
20427760	0.00145352059229012
20427821	0.00168012427361373
20428160	0.0185206480642511
20428580	0.0016729472525651
20430021	0.00295385453026577
20430400	0.00134234603750815
20431801	0.00073721107807911
20433591	0.00187469865143979
20435121	0.00342082954294229
20435681	0.00157057239548111
20436231	0.000814144018118286
20436501	0.00113731760595055
20436511	0.00106840825518291
20437181	0.0276472562246631
20437540	0.00199974108007008
20437611	0.00589096872911458
20440211	0.10090761320895
20442800	0.0143814934574804
20444870	0.00136068118004959
20446021	0.00359748280513973
20447401	0.000538879980224616
20449041	0.118335848236029
20449970	0.000640750047672678
20451480	0.00199832193439151
20452710	0.00216125512682784
20452730	0.00255152220691854
20454410	0.00266176463390495
20454520	0.0649168651983188
20455531	0.010049670344457
20458120	0.00230479940826007
20458270	0.000553667153481647
20458851	0.000694122159880647
20461830	0.00320024009549759
20462260	0.000595021736549825
20464901	0.000517367148851603
20465331	0.000641247217651131
20466680	0.000611156432319734
20466940	0.0351634978450866
20468221	0.00451196561701803
20469150	0.0307555912276649
20469280	0.000740101542994716
20470670	0.00193818391529466
20474250	0.000778946707007545
20477680	0.00285083916931807
20478950	0.003856481617403
20479190	0.00067116242344736
20481031	0.000707318367048211
20482141	0.000603065324276804
20483910	0.00191426014813658
20484880	0.000833306585729232
20487060	0.00132818780522389
20489150	0.00194946011880172
20489601	0.000681305327776357
20490510	0.00109253913677549
20490930	0.00733206561727791
20491090	0.00227720938778213
20492621	0.000741095057090381
20493400	0.00458541432501305
20496310	0.00489607070995334
20497530	0.00119905397090282
20501160	0.000515287335612507
20506961	0.00475414637867171
20506981	0.00263869599468934
20508190	0.00155213531104039
20509331	0.00106357647833169
20513810	0.00546906585908108
20514431	0.000792796913446152
20514800	0.000555151594117459
20516700	0.00456940266661963
20517881	0.000863248451616131
20520761	0.00145805379861978
20520840	0.0085430622681969
20521451	0.00412622258552568
20521601	0.00167712005418822
20522100	0.163824130113375
20523330	0.00137730307410045
20523401	0.00130671847805159
20523470	0.00136503153378496
20523651	0.00204958154960614
20524570	0.0585157506043113
20524700	0.00059217833749476
20547210	0.00564278542941057
20549171	0.000620756316997492
20551610	0.00341379264286824
20553140	0.00477341327039613
20553861	0.00084209497172314
20554380	0.000729314770387145
20557420	0.00572479013449014
20558131	0.00154588505344772
20559870	0.00457310646777738
20561321	0.00423068659033841
20564341	0.000778670048994837
20568460	0.00179795557675563
20568901	0.000580107877114272
20568980	0.000690793609418472
20570821	0.0434078194772677
20571320	0.000552418141969524
20571750	0.00208876538439707
20572341	0.00780179603156388
20573840	0.00129985269519793
20579501	0.000526515040544504
20580611	0.00178494142888753
20581000	0.000649160464604024
20581321	0.00277890823225102
20581950	0.251262384707536
20584061	0.0328874151757469
20586940	0.00604405970250971
20588030	0.00506508730255238
20589820	0.000665800682227787
20592191	0.000678144123887051
20599770	0.000901152103862963
20600150	0.000686056992921973
20601571	0.0193122992008456
20601871	0.000767446410974284
20601940	0.000645850776619602
20603350	0.0144229808351152
20605150	0.00132423139774378
20607381	0.000534403697358162
20610110	0.00238691763383356
20610910	0.000826844672999654
20612700	0.00199996206134849
20612751	0.0076809162298522
20613410	0.00318898150337759
20613451	0.00323347015697931
20614940	0.00249171735121609
20615070	0.0017067539036192
20615590	0.0431502494063593
20616211	0.000886820391964504
20618210	0.00087572930519078
20618681	0.000914354559267953
20620071	0.000590501448554159
20620560	0.000737801984957869
20621981	0.0019799428022695
20622640	0.00214161792246701
20623750	0.0150094689625764
20626411	0.0388076384179526
20627651	0.000741535812297803
20629010	0.0117449951051938
20629280	0.00400300871513911
20630800	0.00058793380567482
20632020	0.000594390306028807
20632290	0.00162307271161818
20633390	0.0264130339610365
20636280	0.000753834243753744
20636420	0.000556399528891844
20637181	0.00224518313499167
20637701	0.0207993735799024
20637731	0.00396981639477575
20638250	0.0198905624209133
20639241	0.000881585996465445
20640990	0.0016499578695424
20641301	0.00198734318166971
20646340	0.000820322779754171
20647221	0.00213713335586682
20651460	0.00591175346840724
20653260	0.000608945175764555
20656051	0.00124372717150458
20656191	0.0055039417162372
20658681	0.00383075038195459
20659890	0.000682007177606814
20660181	0.0398728863164831
20660280	0.0038983396271954
20660570	0.00111591417738134
20660901	0.00135254146399628
20661800	0.000860953708594959
20662930	0.000683634373014002
20666780	0.000893735995293936
20667791	0.00182947594170328
20668270	0.00056132305645281
20669540	0.00767603815765155
20669940	0.10938009302755
20670531	0.000695449586081778
20673171	0.000525196107065178
20673400	0.00145239412009113
20673861	0.00560647516109843
20674100	0.000533145122492586
20675381	0.00105795134453299
20677130	0.0405609637866564
20677311	0.00573350974420054
20677431	0.0115694638754348
20678660	0.000686959282349603
20678831	0.00606254698973601
20680041	0.000653815862863415
20681550	0.0006342030267549
20682111	0.15070792191656
20682900	0.015150390386298
20687221	0.00161507244065066
20688461	0.0140458518449445
20690391	0.00102365927684132
20694401	0.0015955093709197
20695371	0.00114449446362707
20696440	0.000623754048913508
20701790	0.00549291916380415
20702671	0.102644785416867
20704970	0.00100832582550528
20705581	0.0253935587617477
20710240	0.000591786765714189
20710900	0.000676296117159196
20712481	0.0054194532025558
20713431	0.0342853543412866
20714380	0.00139494650684932
20818190	0.00534699683479149
20825001	0.000581745464673378
20827460	0.0240315828146278
20829250	0.00183115083337236
20834500	0.00429588324811978
20841910	0.000563810232585186
20844451	0.000538958605280751
20844861	0.000651523456648937
20846371	0.00124585980919794
20852270	0.00340960362642676
20855580	0.0179344397346889
20855870	0.000607650007412594
20856980	0.00386764190429178
20858231	0.0029703529582551
20859201	0.00470320363255232
20859611	0.00088272219507438
20859751	0.000611471063935928
20859911	0.000668460594816324
20860181	0.000707521501489511
20860840	0.00182682964163333
20861240	0.000594518580729799
20861790	0.00121366865847372
20866241	0.000592133515728807
20868991	0.00119767151326742
20870651	0.00610214963974749
20871050	0.00126011051169442
20871150	0.00153410723642152
20872700	0.00239441761377173
20874190	0.0323262871093917
20875621	0.00118208394437327
20875771	0.0020733865676828
20875830	0.00590981713166009
20877090	0.00138834032432822
20877131	0.00147349602305114
20877630	0.00171330813605485
20878651	0.00232181678974788
20880830	0.0033887067123411
20880970	0.000556038916851827
20881271	0.00252296444682894
20881350	0.00485934268974792
20882060	0.0010222781583115
20883331	0.00219766908407403
20883741	0.0036534866189582
20883860	0.00191763360141888
20885940	0.0012956249658797
20886941	0.00271424656167948
20887710	0.000618694085590881
20887761	0.000539418449990867
20888721	0.0011224206545203
20891990	0.0840086044532097
20892301	0.00173537809673322
20892731	0.00108056765586506
20894511	0.000887467319303
20898460	0.000591472236379046
20898791	0.00530129144674354
20898931	0.000946539422928626
20899440	0.0152005102229182
20899990	0.00140719405623723
20902111	0.000538944117990758
20904150	0.0118707120172494
20906760	0.00472662273870827
20907430	0.000542377751082984
20907481	0.00258678370441309
20908841	0.0405911859853867
20909210	0.00229545796341963
20913760	0.000743777622158614
20915140	0.0127278453625431
20921281	0.00135010763238754
20923870	0.000669213550357871
20924301	0.000690805136722794
20925971	0.00410028697702637
20926450	0.00354603348363557
20932530	0.00243220012123518
20932581	0.00240459516744076
20932991	0.000856762707894503
20936250	0.00338801772473633
20936390	0.00096968776043282
20936400	0.00167050766498129
20938180	0.000692368418031304
20939300	0.00487807171711754
20942470	0.00210462695330489
20942860	0.00788928113811879
20943290	0.00101633167523376
20946040	0.000670333915362295
20954760	0.0068722869565619
20957110	0.00401076660107348
20959590	0.000562063522070847
20964140	0.00180824791970054
20967181	0.0789106810154143
20967580	0.00723854164887643
20968711	0.00144886988645986
20971150	0.00214163344055736
20972790	0.0593709844048476
20977251	0.110002756421674
20977671	0.00432517344360763
20978501	0.00606121891353109
20980540	0.00081947349838338
20984291	0.000558294766810128
20984711	0.000848496840550523
20985261	0.00977332054368384
20994480	0.00664750939840162
20997780	0.00196806794045821
21004120	0.00397198952532662
21005811	0.0472039738721314
21010071	0.000596140663672026
21014850	0.00895031210855621
21015000	0.00761054202202377
21019041	0.0047629405774894
21021261	0.00308348010790943
21022180	0.0467492975076194
21023420	0.181781586300778
21023601	0.00400122609000606
21024230	0.000905179079832567
21028520	0.00297465490618951
21028701	0.00464459342649265
21029961	0.00132422478644553
21036441	0.00086556081967133
21039181	0.0823698495460426
21043840	0.00126673435962129
21045640	0.0158024977971304
21046361	0.00174287428223505
21049111	0.00263143589253414
21052920	0.00310001737065461
21053220	0.00181280015031962
21053620	0.00061817616897948
21056230	0.010048678076958
21058081	0.00955467597951843
21058580	0.0233564969113019
21058750	0.000750437843556064
21061330	0.0025414454353267
21063540	0.000638536742425576
21064130	0.035857934960869
21064920	0.007547632486553
21069521	0.000789991819884864
21074491	0.000777278142745511
21074600	0.00273303298819569
21075830	0.0220604800435396
21076411	0.00269162578109604
21078641	0.000602661627062252
21081900	0.00298332422387025
21082621	0.00176788194175648
21082720	0.00074409646889589
21087990	0.00111369339898747
21088411	0.00168854770496429
21091471	0.000566953898403206
21094580	0.000529832475860669
21095731	0.000558794211254849
21098061	0.00701377562975311
21099830	0.0558043714445495
21104660	0.00096584866561117
21104670	0.000527011445318386
21105230	0.00325823994896648
21111420	0.0154491961576617
21113330	0.000567962857386144
21113651	0.00228868770757376
21119250	0.000574208819799307
21119540	0.0013931557848518
21125610	0.00166703600609488
21126570	0.00194859661141235
21126621	0.00168162496219696
21127321	0.000588425497200807
21127400	0.00181083134551934
21130050	0.000550506821840158
21130150	0.00275256426017892
21130700	0.00068915416195257
21133811	0.000666869415343722
21136640	0.00403828894674832
21139700	0.000913543853469146
21139840	0.00238106865637046
21140240	0.00100458552213452
21141641	0.00211681242439877
21141801	0.00352128233766862
21142430	0.00194553331164592
21145121	0.00215831705110852
21151461	0.00293908342391736
21152370	0.00340120887344287
21153231	0.000701253207637356
21157470	0.00892503248984666
21157600	0.0503997887590885
21158310	0.00469937232463609
21159021	0.00098935006839064
21160380	0.00594887383428966
21162911	0.000641833758402433
21164551	0.000610535735744485
21164971	0.00193378284746649
21167461	0.00306186675235725
21170170	0.00142237024769193
21170320	0.00143972276417985
21171940	0.000652753723178019
21181450	0.000665937740472599
21183721	0.000611502994868693
21185070	0.00121137921655969
21185600	0.00690989695865739
21186300	0.00619542013365514
21189180	0.00481007922157316
21194051	0.00501307218855891
21195550	0.00222027046192957
21197180	0.00110986537360226
21200411	0.000831086001831657
21200500	0.00142713104895876
21201040	0.0122714258886672
21201600	0.0216399699444638
21209040	0.00334901989406944
21211851	0.214604258685587
21213221	0.00957779161836647
21214211	0.00250066509465938
21215660	0.0011964608941916
21217200	0.00240799745904158
21221460	0.00135870905816948
21223540	0.0167111098574015
21224930	0.00917907352921151
21226870	0.00269663981928019
21228910	0.00739821837563905
21229501	0.0049203361577717
21233760	0.000579295072526672
21235280	0.00323463134341547
21235301	0.000852774468389553
21235950	0.00431322760597755
21237590	0.000628364980978721
21238590	0.178053988724853
21240281	0.00404146063902148
21242030	0.00194412137783371
21246570	0.000636428569104089
21248691	0.00140834037413014
21250410	0.00834232885982399
21255311	0.00206369011226534
21262150	0.000576229010856091
21264251	0.00212403769141546
21271790	0.017244076741561
21277091	0.00228968810785057
21277911	0.00133907048859556
21277921	0.0975548089481292
21278410	0.000896542956919267
21279281	0.00563314998695759
21279291	0.000788041934313275
21280811	0.00346873591913108
21280920	0.0155860650352822
21283510	0.0130508545331146
21285870	0.00295653184692239
21286041	0.00423066917015586
21288671	0.00148739647984675
21288900	0.00114149949194534
21294170	0.00266276350321138
21294280	0.0085569287354157
21307540	0.000564211190743765
21307790	0.0014816247922063
21312930	0.000686941448112324
21313160	0.00113717976928087
21314570	0.00100289729042687
21318680	0.00106734819840343
21321720	0.00441668797936592
21321860	0.0180562431819424
21322950	0.000532845322852402
21323940	0.00186240216210028
21323971	0.034383104812736
21324381	0.00800454529091465
21324510	0.000545951438844451
21330840	0.00105118768680198
21331011	0.00861352222217904
21331161	0.000511794027341288
21333320	0.0601723437201463
21333600	0.000522432916691195
21335120	0.000621265851110734
21338010	0.000524615712370508
21338260	0.000626731815988708
21338601	0.00208002031558359
21338611	0.000580698890222244
21340060	0.00316960893114264
21341310	0.000603932194553676
21342000	0.000860190237571637
21343561	0.00189899598588626
21344230	0.00103858269762112
21347230	0.000766336475749401
21347291	0.00282857185101804
21349781	0.00371374140296495
21350950	0.000666309581516481
21354591	0.000614473223686733
21354710	0.000760208396359622
21355090	0.000740656989042125
21355130	0.000616470333218693
21355421	0.00439226136998953
21355530	0.00182869718359599
21357771	0.387058488711562
21357880	0.00143895697579876
21360080	0.00525116399725343
21361060	0.00231387330574835
21361160	0.000571194804645062
21362960	0.00180269720819845
21364531	0.000664875092717446
21364541	0.000617726361630109
21366861	0.000570151644009932
21367120	0.00524975888825975
21367691	0.018411603459274
21367971	0.00052863678309549
21368951	0.0167171124010617
21371110	0.000944439771470914
21371220	0.000550547691310742
21373320	0.003362866735488
21377310	0.000509252119118401
21378041	0.000576198743970215
21378270	0.00186540130236792
21380801	0.00380386329247555
21383230	0.00059942912572312
21383250	0.00136848048986017
21383291	0.000566978229840067
21383400	0.000549904714939144
21385491	0.00151672056912562
21386471	0.00111289794909046
21386960	0.00803140994846032
21390991	0.00079312909956698
21391110	0.000867977980717792
21391681	0.510746951500661
21392780	0.00142236498699685
21393180	0.000638188554373167
21393450	0.000633871048798574
21394321	0.0622643313226268
21394881	0.00142974682820324
21394970	0.0181056232542851
21395640	0.0020743218746302
21396101	0.00264082288670006
21399220	0.0107544544029956
21399831	0.000599450110514472
21401570	0.00874203788717763
21402830	0.0102802907554539
21402940	0.000636145451713644
21405020	0.0244906136630717
21406250	0.000514871465680407
21406301	0.00257233480452335
21407561	0.000651644853811997
21407701	0.0018088692903949
21408941	0.0224459377791366
21409061	0.00223926938259861
21410410	0.00744009851757373
21414250	0.00102028232783807
21415141	0.00944512575061162
21418420	0.0213247976805137
21420770	0.00228602728374631
21422250	0.00058848472981032
21423271	0.00304866359134515
21424220	0.00359627584912231
21424640	0.00100134479917627
21426680	0.0159810787332854
21429211	0.0104918959199137
21429300	0.00169760501360625
21430461	0.00209382691556363
21430851	0.000563427661763216
21430871	0.000565037596239943
21431940	0.000934550811848891
21432791	0.00175695784089153
21433020	0.000624003662608916
21433160	0.000548402905006084
21433771	0.000645670846337569
21434311	0.00144504228986725
21434540	0.000798199651235174
21435001	0.0640170138833246
21435681	0.000726309850697476
21436791	0.00851373405389785
21437180	0.00595429851037953
21438741	0.00606060554193148
21439131	0.000719725651543882
21439510	0.00172709051534273
21442120	0.00081622126724044
21442820	0.000568118108907171
21443770	0.000576437888888927
21443981	0.00940751638614725
21446400	0.000678798528289525
21446571	0.000988813110000278
21447510	0.000515572033524545
21447930	0.00142176466495554
21449440	0.000942200417966979
21449980	0.00322030573701982
21450321	0.00575817454208464
21450980	0.00563138623066369
21452460	0.000538245625562618
21452931	0.000624436598263206
21453840	0.00197035929437547
21454560	0.00210846555198404
21455650	0.00447069746468118
21456501	0.00450649367972494
21456521	0.000642510843284246
21456651	0.00158142333365677
21456921	0.00156730170618744
21457030	0.00436558607178946
21457040	0.000746025944483181
21457180	0.000646881717498864
21457420	0.00136465243325851
21457990	0.000919806241597187
21458041	0.000899276720256597
21458250	0.00170816632690664
21458571	0.000667803468951109
21458950	0.00139858519419959
21459011	0.00112197810444823
21459370	0.000679942355518545
21459681	0.00119828450352662
21459790	0.00134415423151427
21460080	0.0137402762711426
21466660	0.00274497093242849
21469730	0.00133569156335765
21470840	0.000713972443160439
21471831	0.02868614158564
21472661	0.00236887681598111
21476220	0.000852598208064239
21476460	0.00111541082850406
21477300	0.00215858309967932
21478291	0.0569825530269412
21479650	0.0250978607674581
21481170	0.00119162745442278
21482981	0.000698395526721274
21483681	0.00155732376095095
21485170	0.00304669863325802
21486451	0.0012628360378284
21489450	0.000730572765992325
21490250	0.00231972899366417
21490311	0.00233630116584474
21490851	0.00815509849028968
21493450	0.00244659970345031
21496231	0.000739620499163235
21496330	0.000715980406356532
21497290	0.000873073370058409
21498871	0.00134950797570391
21499281	0.00804755947758337
21500111	0.000931275466119043
21502390	0.000602438890256342
21503001	0.00615141329602659
21504340	0.120893919194392
21505170	0.00156782638846597
21505860	0.00108871427603056
21506291	0.00241144435260384
21506711	0.0191511008579955
21508480	0.00131000538716576
21511001	0.000670642650069288
21513461	0.00182234919234842
21514820	0.000629355098538072
21516630	0.000747970131527513
21521720	0.000774607865830056
21522151	0.00264869967655236
21522660	0.000981142560508591
21525690	0.000522313176893748
21526291	0.123510067105283
21526400	0.00615659111427459
21526790	0.00231005023806591
21527350	0.00154474949857471
21527510	0.000673529725687301
21527650	0.0015027041468673
21527770	0.00450563056071625
21528050	0.000991526378918272
21529461	0.000929557575151076
21531620	0.0288194365078058
21532661	0.00141442827972759
21533040	0.0302714225843476
21533730	0.000734421557387009
21534110	0.0047987947792898
21534130	0.00177795976146609
21534270	0.000694056957394697
21534311	0.0370216862256552
21536050	0.00176013334422994
21538540	0.000521491031791681
21538841	0.00854204801097911
21538960	0.000695039281960774
21539100	0.000629912750954131
21539340	0.000556594223885021
21539480	0.000755067917218536
21539520	0.000866960425981634
21540580	0.00244767391599447
21540921	0.0111089307334343
21541211	0.00266413041159166
21546721	0.00247399392998647
21547531	0.000845001016440033
21549621	0.125565666728824
21551200	0.00213737311775198
21551551	0.000605157677931611
21551811	0.00259185516984809
21551910	0.000633811275704938
21551920	0.000536340324815186
21552880	0.000807936926927666
21553071	0.00166347615810146
21553690	0.00369439455103551
21554970	0.00188599720916889
21555660	0.00054504027483809
21556730	0.00184179133054835
21558110	0.000705974841215123
21558431	0.00125112464516397
21559080	0.0210444745662975
21559930	0.00189122372836862
21561461	0.00181222306409982
21564180	0.00852368660793738
21564511	0.00404583282083236
21564730	0.00236470905281941
21565020	0.00170919074320141
21565300	0.00184760113483664
21565680	0.00152147826349958
21565830	0.00143016855979535
21566400	0.00195933555308167
21567780	0.000627894461342231
21569051	0.00115999756347597
21573710	0.00483797000024354
21574721	0.000735718575778811
21574800	0.00129181230247026
21575760	0.00381725078116279
21577751	0.00161403810442552
21578281	0.00313773224965904
21578581	0.00593251302040299
21579350	0.000890246165781372
21580070	0.00903883306864499
21585321	0.000822679487208893
21585471	0.00798255925765525
21585990	0.00060459230499743
21586810	0.00645000406964076
21586960	0.00595129057928612
21588791	0.0113979262809121
21589041	0.000623314646563874
21589280	0.000957471298771491
21589540	0.00221444421719143
21592440	0.00354214688544515
21592651	0.00119138648011487
21594841	0.00194120897969314
21594940	0.00226629329462472
21595251	0.0036902658262577
21595541	0.00072737772998154
21596050	0.000653907607745596
21597030	0.00113055601941722
21600631	0.00079582652716597
21600791	0.0155022304928809
21602691	0.00071897809335351
21605461	0.0014001310053252
21607541	0.00638169186136615
21607640	0.00264409419257167
21609440	0.000639497117747966
21609960	0.000827495430480502
21611941	0.00129917334575064
21612511	0.00105533408856599
21612860	0.000906505202081293
21615620	0.000741542725948382
21617420	0.00255925447245025
21618141	0.00117763075535591
21620190	0.000560070029473882
21621451	0.00843564460313462
21622551	0.00283655110294738
21625540	0.00882466462116091
21627080	0.0209102017609205
21627271	0.000844524459317832
21627801	0.000543244493974766
21628870	0.0237884975549891
21628921	0.000671441415795518
21629540	0.000697527885126064
21631200	0.00479113855280617
21631780	0.0148242196372084
21634130	0.000600454719697711
21635101	0.00279040414372371
21637430	0.00105555422587079
21638551	0.00122051567338727
21638831	0.000632216157731433
21639070	0.00337149449231896
21639101	0.000528806982370082
21639190	0.00381521430534235
21640921	0.00306393919920882
21641700	0.104841044187467
21641850	0.000557221384928936
21646411	0.00192191452865923
21647090	0.00052547795237539
21647370	0.000852652736928758
21650161	0.000599002233287769
21650301	0.0013767889305436
21651760	0.00165636952284142
21652030	0.000529297131045527
21652361	0.00343919943470152
21652641	0.00519951491251663
21652730	0.00293435041589368
21654790	0.000620875654136141
21655060	0.0103772318376463
21658011	0.00432016282205529
21658090	0.00694433270002169
21659511	0.000709039536304992
21661581	0.000736987253351137
21663080	0.000669879838754026
21664610	0.00115878136113813
21669820	0.00195647933200804
21672040	0.00952481216212024
21672091	0.00613861316994567
21672470	0.00143434777632965
21675480	0.00648229144282388
21675910	0.000725655574436627
21676491	0.00136482247870244
21678561	0.0209499483939461
21681420	0.000871105385753407
21681461	0.00066827640282365
21685160	0.00533591272210219
21685331	0.000851244296440326
21685430	0.00190241478295105
21685871	0.00328649071426427
21687651	0.00205770633825987
21687811	0.0116577835705224
21688061	0.000762770135627786
21688091	0.0149387772673514
21692751	0.102137855879015
21693680	0.111104886303007
21694250	0.000890643414282353
21694520	0.0141452377500207
21694650	0.0010953917964674
21694701	0.00171547010991428
21694920	0.0076548688417716
21695651	0.000960584639001792
21696361	0.00631543153662576
21697581	0.0464042918110966
21697940	0.000576157475501663
21698110	0.00052525580525221
21698500	0.00335910080549196
21698520	0.000644485178972476
21698530	0.0524216390033166
21698640	0.0143832025942088
21700860	0.00767202735479963
21701321	0.00759982064424595
21701581	0.00709218499747435
21701731	0.000602824037955404
21703261	0.00370494712077965
21703750	0.0211603035074259
21705171	0.00614369933104639
21706370	0.000569366740385556
21706640	0.000515016955686112
21706971	0.000874618113733678
21708330	0.000596292163405149
21708621	0.00286174637145511
21711180	0.000682179535975421
21711371	0.00106477080181852
21711470	0.000731988287545463
21711760	0.00266425945574502
21713560	0.000537616270195317
21714141	0.000804547982443319
21714380	0.000525795404355194
21717410	0.00344350955783043
21717970	0.00326262215543373
21718421	0.000840532741372278
21718650	0.00116793252852946
21718920	0.00476117203181709
21721800	0.0316802154422863
21721810	0.00212280931400936
21723200	0.000849457959328912
21723770	0.00415213634908521
21724840	0.000918178360115907
21728331	0.000755108917772127
21729550	0.000726867646821013
21729690	0.00224737810347777
21730370	0.00053385224925429
21730421	0.00180607703275843
21730640	0.00993763951517394
21731080	0.00058880931121308
21731241	0.000572803416912951
21731890	0.00424615358496317
21734961	0.00995816295504191
21735040	0.000546351981704461
21735320	0.000559961321572282
21736440	0.229210857919556
21738821	0.000564455145705931
21741980	0.000754327664759476
21742110	0.00222655082787727
21742510	0.00132986804222597
21742930	0.000859447318672725
21742981	0.000523498436187845
21744211	0.00404347029606235
21744280	0.00130323981648826
21745250	0.00738097323635828
21747490	0.00102570226885966
21751460	0.00333843025595131
21752081	0.00112089804518095
21757270	0.00335369956563417
21757800	0.00096541387204033
21759180	0.000694173817429109
21759890	0.00100140436521683
21760010	0.00225953379974735
21760700	0.0114332064029354
21762401	0.00122184258786464
21762650	0.00072983480780368
21763870	0.000725700904546836
21763900	0.028630918076432
21766691	0.00718469592081278
21767241	0.000739261230869618
21767740	0.00552197494329114
21769451	0.00102709417930499
21769851	0.00120965652776555
21770900	0.00240681744865744
21771381	0.000677160414483193
21773031	0.00551732789353135
21773581	0.00266111805379925
21775490	0.00754753017820301
21776310	0.000700654945408308
21776580	0.000614421556479807
21776860	0.000793870162963573
21777311	0.000714534917923275
21778350	0.158089789550069
21778390	0.000833644746419469
21778510	0.00764788541958648
21783361	0.056029356739938
21783511	0.000522439467674491
21783661	0.000771336024450328
21786411	0.000763085818143081
21786691	0.000827583955202776
21786900	0.000860736587843702
21788741	0.00151224280434557
21789110	0.00564680053052376
21789171	0.000825389544085119
21790001	0.0089001372027199
21790080	0.00144253793693098
21790800	0.00112126404014077
21791521	0.000640077454156621
21792901	0.00138489084004121
21794920	0.000795679915535729
21795050	0.00079889463679964
21795221	0.000618297637708853
21795450	0.0302431550105542
21796211	0.0014635763529672
21796440	0.000526852818344934
21796690	0.00340776493662092
21796850	0.000601986793249499
21797151	0.158070173204155
21797410	0.000659145003519657
21798780	0.000645628545910878
21799221	0.00340450428015771
21800860	0.000892844394223983
21801390	0.00317955637278597
21802131	0.00128478384423186
21803501	0.0028138978649432
21804491	0.000663074177703334
21804690	0.00061543835493402
21804730	0.00564751168532095
21804761	0.000736645787234244
21804840	0.00119405523816635
21805000	0.00159863527013797
21805250	0.000529497385581188
21806831	0.00180255686314628
21807371	0.0645359427675819
21807931	0.00152310267331575
21809540	0.000965482091540422
21809930	0.000745756892049727
21811361	0.00403548785618138
21812191	0.00081777106511634
21812321	0.0102685497765187
21812570	0.004452728051067
21816010	0.000716992568844876
21816061	0.00106529820591146
21816481	0.000890393285609191
21817810	0.00233115407885481
21819320	0.000549715451135551
21819330	0.000878993658076725
21824140	0.0746002528525186
21825680	0.00159645198903408
21828761	0.00495945207388224
21828830	0.00509867792812413
21830210	0.0140380104382448
21831210	0.0288086236862602
21836181	0.00142183078346557
21836830	0.0104181416215335
21837530	0.0060493171599498
21837991	0.001015552665861
21839720	0.0009797915874124
21841161	0.00456000644256351
21841171	0.0015648273180674
21841660	0.000630951653298157
21849000	0.00113039504988309
21852881	0.00065388950559253
21852891	0.00563486099227442
21858801	0.00427064760999826
21859730	0.00446828627852321
21860450	0.000701165099312485
21860830	0.0121057435181304
21861841	0.00120999433219893
21863901	0.00104997915106441
21866271	0.00208058851353772
21868280	0.00248385138077411
21868331	0.000595332923073358
21873151	0.000973571242195169
21874070	0.0013624706879285
21874220	0.00113651567745431
21875901	0.0447505795183565
21876980	0.00251285656985676
21879771	0.00129594085991453
21880310	0.00193679036379326
21882401	0.000908005035749283
21882890	0.00188367500452928
21883221	0.00300256271467207
21887501	0.00216455428802838
21887580	0.000658875666500568
21887600	0.0481812627844044
21888300	0.000665712754054706
21888481	0.00115769128491521
21888820	0.00054542111134953
21889011	0.00145537750128927
21890920	0.000622229325886398
21892170	0.000593807472627988
21892980	0.000530434441756235
21893291	0.298318642434477
21893660	0.000880592149208804
21893971	0.00434598978464099
21895221	0.0138866632649684
21895491	0.0420000725390725
21896420	0.000860619458089903
21897841	0.000744197066766034
21898251	0.0485702663114266
21903641	0.000714114422236858
21906620	0.00108413075417183
21908830	0.000839077250981859
21909520	0.00342509197024588
21910401	0.00109157536335139
21910890	0.000876815366823168
21913820	0.0181214963701108
21914090	0.00434298603285576
21914671	0.0396906457427497
21916400	0.141658762735487
21916550	0.00168235142289297
21917831	0.00062355692669813
21919621	0.00162612954879091
21923170	0.0297844350877563
21923300	0.00303807613696571
21923610	0.00141481968469338
21926111	0.00338650081584032
21926470	0.0172054767844221
21929650	0.000584997225214037
21930060	0.00932091473418117
21930111	0.0046457416958298
21932690	0.0435452877990637
21936120	0.0156004771076449
21936171	0.0285635113375717
21937110	0.00117317888683832
21937161	0.00243429199928497
21938101	0.00215395665914661
21939170	0.00985789578192479
21939870	0.00960043852341969
21939921	0.0104359979980897
21941421	0.00206783617303712
21942661	0.000694404038136332
21945551	0.001168563962216
21947091	0.000756872050640026
21947990	0.00282470429160092
21948850	0.0448985994393141
21949571	0.370615892550031
21950401	0.00781781120630995
21950630	0.000586569328094142
21950890	0.000566952015485963
21952581	0.00223430842686231
21953230	0.000981243145325572
21954521	0.0833482287730864
21955600	0.0250867113267024
21955750	0.000604776828659928
21957780	0.00664703707178053
21958480	0.00156656950302453
21959320	0.0019891349957173
21961961	0.00104374010875123
21963300	0.00623571602033188
21964041	0.000657827392344115
21965431	0.000527489320181315
21966190	0.00150026524349562
21967320	0.00085879966631994
21967341	0.00469002366757232
21967450	0.00081383745723059
21968430	0.166843686329363
21969431	0.000967795650520348
21969841	0.00420915530229942
21970951	0.0967228476813249
21971481	0.00100733317495102
21975160	0.00218405940584166
21975610	0.000766721095226862
21975631	0.000641210459478585
21976840	0.000519750968533492
21978750	0.000624724606353478
21980581	0.00721892844133931
21981151	0.00629502810000428
21982371	0.00217160560651184
21982490	0.000560469880119374
21983160	0.06807885244521
21987440	0.000701588298945557
21990320	0.000695794577104834
21991700	0.0401004938297478
21992601	0.00268583162627586
21992721	0.000688310664232548
21993090	0.0066733077071739
21993400	0.00140019424678882
21994630	0.00197189310703102
21995030	0.00511972489984382
21995631	0.00228459635286065
21996830	0.034002863058697
21997701	0.00237059770590193
21998101	0.00060223061258569
22000321	0.000574863817132418
22002111	0.120710235529094
22005090	0.00801130719976303
22005291	0.00167489705080454
22006651	0.00063022485209154
22015901	0.00111973582801268
22017380	0.00370936730734241
22017810	0.000553649685803425
22018190	0.00072852511811447
22018641	0.00118871589186739
22019180	0.0101089766030683
22022320	0.0212712089115886
22023980	0.00165988055335356
22028110	0.00117999065027898
22028430	0.00239058876934527
22028441	0.00213932545774832
22028581	0.00194699859202236
22029821	0.0101756463988696
22032400	0.000617853541906497
22037390	0.0046285324508089
22038931	0.0357062977022452
22044290	0.000627942145631246
22045561	0.00338129171657451
22047191	0.00299854180479859
22048991	0.0116981349080775
22050251	0.00193904479440114
22050610	0.000768836840567277
22051471	0.000613140091164119
22052731	0.00056445892309628
22053790	0.0105105780543018
22055201	0.00439219048715963
22055280	0.00150777621893628
22058241	0.0200105138496813
22062730	0.000569048736776563
22063081	0.00337135825888665
22063420	0.000731244381337306
22067320	0.00530546568491855
22068280	0.00455046757271795
22070730	0.000648725899281722
22075440	0.000677849299770214
22075450	0.000753800512057134
22075690	0.000919082117618896
22076380	0.00172208959406266
22077011	0.00474446549845143
22077800	0.000738189097544098
22080830	0.00739392323295181
22082340	0.000875390755023541
22082921	0.00259953995278348
22083710	0.000558606884760265
22085930	0.000552352700956009
22087191	0.00483800098566775
22088380	0.00189753762970672
22088581	0.00272661167746996
22089910	0.0191603204551637
22090340	0.000673632133521706
22090381	0.00233223136241426
22093090	0.00159115783562348
22093900	0.00103276809310353
22094600	0.00342989741734523
22097961	0.0031756344108805
22098890	0.0011950527143927
22099420	0.00206338033144362
22103150	0.000878266779295906
22103860	0.047284102619548
22105660	0.000716501241980577
22107560	0.00512275574720931
22109080	0.00467085813750318
22109110	0.00227530693888074
22110590	0.00067164621651349
22111730	0.00389754229326941
22115140	0.0216688493375679
22115580	0.00606669957303501
22117671	0.00186595148118812
22117780	0.00341708033533776
22118060	0.00235799352191108
22121401	0.0107227045056487
22121900	0.000547013428024871
22122511	0.0223110430052514
22125500	0.00168607834282501
22126231	0.00103771317282849
22126241	0.00055058884751375
22126610	0.116609689774208
22127881	0.00065988637169499
22127901	0.00118646772876584
22127960	0.000575313714602653
22127980	0.000656978252046341
22128960	0.00175581165121524
22128991	0.000608779006498223
22129271	0.000752028262903521
22129821	0.000674109759879346
22130911	0.00414532471008749
22131860	0.000807215340064715
22132721	0.00147445325958291
22139980	0.00112877938384328
22142460	0.000754095705930901
22143030	0.03107399169653
22143700	0.00384501021830229
22144581	0.00155568868188586
22146340	0.00230032173363327
22148950	0.00109315116786446
22148981	0.00115421234466513
22150450	0.000660713876985081
22150750	0.000599821103692266
22151891	0.000522658878770032
22154101	0.000595688594127946
22154351	0.000537207987096041
22154381	0.0027152221340287
22154651	0.00229594053559101
22154880	0.000618479748719536
22155420	0.000583858640256922
22155570	0.00330283335893664
22156311	0.0396186747232986
22157001	0.00751014015004155
22158931	0.000696719367322833
22162631	0.00530883015057464
22163130	0.00477663385475835
22164171	0.000615192468051551
22164561	0.0016899739694076
22165121	0.000953169957387126
22165541	0.000636016222417578
22165821	0.00232994525104165
22166771	0.000639974108124001
22168960	0.00600453883857095
22170060	0.00710068458489098
22171170	0.000871305957975395
22172520	0.0069966992193147
22173251	0.00153699283415221
22173610	0.00284069018176754
22174180	0.000535038188019368
22174600	0.00550046481650564
22175731	0.000825181386451383
22175741	0.00250228557627465
22176100	0.000930315679350891
22176981	0.0702729889209063
22179170	0.00227978627229813
22180431	0.00523288610048997
22181210	0.221234961030634
22181261	0.00130845029340053
22183741	0.00912957698259649
22184650	0.00185875229172207
22186771	0.00221007868888658
22188270	0.00636410505575322
22188691	0.000594056183866398
22188991	0.0135042913395961
22189811	0.00143273003130155
22191331	0.00311454519995458
22191850	0.0139213655966056
22193370	0.00170462603903925
22193500	0.000683670166125187
22197391	0.00201996407700442
22197890	0.000764593034398667
22198030	0.00831845530305753
22198050	0.00895234260129777
22198340	0.0033367460723292
22199280	0.00295280888393025
22199820	0.00773304245335245
22200370	0.0392122562612436
22200981	0.00482907930074637
22201200	0.00317413977208694
22201610	0.0591663545708572
22207270	0.00221864111741306
22208141	0.00244405224374913
22208790	0.00110785086584086
22209220	0.000880966938213156
22209671	0.00282095084593521
22210860	0.000511633156688509
22212161	0.000989409841057991
22215041	0.00124997318171639
22216971	0.000857658069169711
22219051	0.00611650614005615
22219300	0.0961558364526915
22219410	0.00143455637184518
22219540	0.000869713786081741
22220431	0.00128684794067672
22223000	0.0015867488024216
22226071	0.0284872282610261
22226460	0.00221632356796084
22226590	0.000903101512434674
22226750	0.00384763447132824
22226890	0.000693440293892209
22228520	0.00708542889767252
22228670	0.00141413351552321
22230501	0.00627707580356675
22230781	0.00462601053974055
22231020	0.000819428604089156
22232291	0.00247854340368364
22233640	0.20835867751795
22234610	0.00463248719479029
22235710	0.00202832176643706
22238040	0.000755473514756477
22238081	0.00207493332018615
22240551	0.0025080868146098
22241101	0.00205212263161505
22241541	0.00147043703699679
22244820	0.000656442454347927
22246190	0.00066669306697624
22246341	0.000619534424471397
22249080	0.00768499727756936
22251041	0.000583119662789189
22251850	0.000765463799267677
22251871	0.00336976354383452
22252540	0.00111702118434437
22253610	0.00297582369597565
22253880	0.000539314934956523
22253890	0.00989096098476135
22255181	0.000688030316193594
22255280	0.000525365491100683
22255881	0.000536274191452211
22256161	0.00102944525632757
22257531	0.00249471686678575
22260950	0.000561369882337559
22261200	0.00158278568827465
22262641	0.00684955390660762
22262720	0.000973544890700276
22264110	0.0155477222404964
22264530	0.000639902814421519
22266891	0.00436143200486097
22267171	0.00075968124991719
22267960	0.00737913426084537
22268711	0.00092159978752109
22269080	0.00165293694159518
22270590	0.00112251736856812
22278580	0.0253131874515608
22278621	0.00211494492662632
22280421	0.020086021410929
22280961	0.00152229357623902
22281890	0.00098994754619413
22283830	0.000613343405391015
22284961	0.0116976641537183
22285090	0.00199458488272253
22285931	0.0120142555872298
22286290	0.00100393139079435
22286310	0.27951133967602
22287410	0.00685722926230495
22288500	0.00116328528441059
22289200	0.00197966116693666
22289340	0.000796979397198826
22289371	0.000577878543580475
22289801	0.00165037417558705
22291420	0.0120059561543296
22292080	0.0024785157771939
22293180	0.00229750934635673
22293630	0.000619065295618894
22294170	0.00409698687307779
22295700	0.000611349034430036
22295820	0.00118760601762953
22295950	0.00831798049298063
22297371	0.00161730794615093
22298481	0.00256601814680911
22298870	0.00114067546566988
22301121	0.0187976073772349
22301630	0.000565163189752784
22302150	0.000978460875502223
22303861	0.000587309966269295
22305200	0.00152905850280552
22307120	0.00191502691638773
22307540	0.00131318979674587
22310030	0.0163600241063538
22310430	0.0233628093914029
22310440	0.00198424465841722
22312131	0.00169886820966991
22312260	0.000548739000406812
22312380	0.00131447368220547
22312770	0.00320812001408621
22314040	0.00442290082681094
22314300	0.00241943175263382
22315270	0.000543993336584852
22315451	0.000936985673743363
22316630	0.118208888373258
22318631	0.000560278863865293
22321460	0.00287236967977773
22321941	0.0896119015633018
22322010	0.00089487826045927
22322160	0.000968537223904298
22322331	0.00065569683564407
22323171	0.00052050734268115
22323711	0.00186754590825932
22324291	0.00394973429503009
22330491	0.00144692351955416
22330631	0.00591193890444609
22330860	0.00267503913512029
22330970	0.000548343943008681
22331560	0.00051250184234457
22332131	0.000751891696201431
22332291	0.00125502519059588
22334351	0.000978958484698403
22334730	0.00122279002508163
22336090	0.0017321355608896
22336380	0.243412586187518
22337391	0.00262830340700672
22337641	0.0310260441676052
22337740	0.000706673024795357
22340670	0.00068277265350083
22343871	0.000908597543291313
22343940	0.00437412393336322
22343960	0.00405715779125227
22345470	0.00479751207348341
22346730	0.00231176519595221
22347390	0.276554943167576
22348401	0.000594460339884668
22348561	0.00104471195782941
22348691	0.00184270290853947
22349921	0.00205618252750445
22350071	0.000675248311716189
22350310	0.00369448159531457
22350450	0.00295337924273657
22351010	0.00890653043249829
22351530	0.0517430038748885
22355711	0.00151552612258573
22355840	0.00536016100766237
22357200	0.000806996321007941
22357661	0.00303505442161428
22360011	0.00235028014725794
22361091	0.0106897611324979
22361460	0.000587958844177209
22361931	0.000986214257570743
22362970	0.00230635367519839
22364650	0.00409909645913989
22365040	0.000532613452161366
22365111	0.0016084819115598
22369921	0.000924279870363059
22370320	0.0163920573504508
22370980	0.000879482302809136
22372240	0.00496428314708226
22372800	0.00198471202734326
22373371	0.00281940552750097
22373781	0.00116654212018468
22373791	0.000655212240289238
22375420	0.030378472221601
22376821	0.00594951447641143
22376910	0.000551872957437371
22378010	0.015072403940575
22378491	0.00311638052994782
22379441	0.0292983969457253
22381470	0.0013412072808649
22382160	0.0102247502642505
22382280	0.00275987069867236
22384271	0.00506767150213396
22384620	0.000666637507606864
22385320	0.00123792872821734
22385771	0.000639108811692773
22386471	0.00107880492309101
22390000	0.000714506383647241
22390570	0.0196860179749068
22391820	0.000554399516872795
22393630	0.00913668333120861
22394051	0.00376034881270345
22394150	0.0005407559006918
22396220	0.000992670027353972
22396230	0.000546156973204457
22397361	0.00391834230392929
22397501	0.00063912970932025
22399520	0.003186877541738
22400821	0.00210956165616504
22401170	0.000621332656679101
22401210	0.000569471686437012
22402030	0.00221181591320854
22402321	0.000657851189573779
22404350	0.00101577992560567
22406341	0.00975347246703415
22406761	0.00180150045181024
22409101	0.000588574366936182
22410300	0.00728831499695486
22411130	0.00100974037469237
22411431	0.000625466699802516
22411441	0.000533553729184283
22414601	0.0145071944475194
22416541	0.0039627139636121
22416930	0.00181255198870848
22417491	0.000625710033095445
22417921	0.00103717561839092
22418590	0.0217646315015556
22420100	0.000692890225119035
22422730	0.00648122415427996
22424510	0.00189696993573345
22424930	0.000778258918535578
22426150	0.000600502435585508
22426430	0.00298488560466599
22426881	0.00204902645092511
22427431	0.00533678190600933
22427701	0.00153278365334415
22428200	0.00446757803122126
22430010	0.000664413246433145
22430440	0.00153334967539215
22430461	0.000819728594922162
22430550	0.0206476269578273
22430761	0.000715294399392356
22430871	0.00278826307276949
22431940	0.00164613905954833
22432760	0.000527348608979319
22432920	0.000643858447902312
22435031	0.00182588520085163
22435151	0.000512841452975932
22435650	0.000560549707008472
22435660	0.000513503909141699
22435701	0.00202964502670247
22435790	0.000685883911417919
22436001	0.00107635915530943
22436060	0.000889883169713133
22436220	0.00110294416699683
22436900	0.0024568266032853
22437310	0.00120994652086662
22438731	0.00700581494481045
22438860	0.00058430873846902
22439960	0.000547771351847283
22440531	0.00063977780751867
22441590	0.000791623892411347
22442891	0.396219922715172
22443140	0.00124897560845785
22443240	0.000630873634837199
22445070	0.00396773380997819
22445620	0.000536892956687885
22446570	0.0161391302757866
22446611	0.00176690285402606
22446700	0.000962261063776737
22446850	0.000606480777200947
22449720	0.00076716408286106
22450601	0.000558150473084197
22451561	0.00237269022694352
22452630	0.00362424980028595
22452961	0.00131723983957428
22453921	0.00151578391501711
22453990	0.0010192455406971
22454591	0.00763252675217818
22454850	0.000521299176078611
22455110	0.000639195359569222
22455240	0.000578239983913135
22455370	0.00310559530756425
22455390	0.00405502088265153
22456951	0.00108921742199054
22457030	0.000611140047307713
22457511	0.00267677474662067
22458341	0.00235317222786906
22460370	0.0020972906641851
22460480	0.000776168955936813
22462461	0.000528823640118115
22463250	0.000927612361788028
22463380	0.0028899892908412
22463701	0.00307251792767395
22463820	0.000661259001748963
22466051	0.000630117011162025
22467540	0.00372552117584779
22468340	0.0163187642235345
22469460	0.00159497899900533
22469921	0.000538723551234154
22470300	0.00236999525163312
22470960	0.00199458943689115
22472080	0.000570068661674961
22472630	0.00261008616879041
22472760	0.00182471147679051
22473231	0.0204878082215709
22478321	0.000777627969457723
22478471	0.000995233543047982
22481211	0.000919980121899938
22481880	0.00318723795279229
22485030	0.00162344789815566
22485091	0.00303172020303651
22485160	0.000592482225834186
22485231	0.00182400081071482
22487141	0.000644998332374219
22488111	0.000682599991431229
22489211	0.00572048715409549
22489651	0.000593942264145284
22492391	0.00129422984901851
22492941	0.00068696922049727
22493921	0.00267288296545769
22497740	0.000542867744689859
22498000	0.000619974053818873
22498741	0.000652331364538137
22499540	0.00315083168488297
22500070	0.00751748308455338
22500490	0.00171135613004645
22502611	0.00267202731778439
22505501	0.000539444550386805
22509621	0.00177077721138062
22509641	0.000527334160012543
22509781	0.00249477748487007
22511551	0.0010600811267773
22513340	0.03763030908813
22513430	0.000624475225706714
22513450	0.00276913824740574
22514820	0.000534844698739089
22516620	0.00211044954923732
22517060	0.000520543559772957
22517911	0.00681785670491889
22518471	0.00140250085072544
22520350	0.00228047080607235
22522430	0.00113913908877033
22523090	0.00461331205844724
22524760	0.0482637488816724
22525231	0.000698995320888961
22528671	0.00268993640885175
22530430	0.000997272075846944
22533491	0.000561838314168732
22534000	0.0032410890944171
22535831	0.0189489554117418
22537221	0.000531489763100043
22540531	0.00206963461500236
22540661	0.00150867504896655
22541170	0.00152766308505844
22541891	0.000888221805867004
22541911	0.158085054535375
22542710	0.000629903956122023
22543131	0.00726123539015391
22543650	0.000527759644919185
22548531	0.000725271671274178
22549040	0.000887866988897567
22549170	0.00100321385995367
22549211	0.000561945998427761
22549231	0.00129388901763177
22549351	0.000873468309264773
22549720	0.00101265249633813
22553320	0.00184690423123698
22553450	0.00138068108484396
22553501	0.000559353095922942
22554840	0.0086313707883482
22556600	0.0114634182817367
22557170	0.00120452590297984
22558451	0.00461108458441484
22558830	0.00165642295764371
22559411	0.00249573240398586
22559930	0.000739061971438165
22560600	0.00350104674325689
22561300	0.000606080018727463
22561470	0.000582094856825447
22563131	0.00118926618905545
22563940	0.00436866834322747
22565050	0.000937151560841822
22566601	0.00294914460927368
22566741	0.00108570480227931
22567670	0.000680695151536363
22568671	0.000993669290854261
22571151	0.00152144728659691
22571380	0.000525415115896671
22572480	0.000656671683516398
22575360	0.000943837567976864
22575390	0.00109667366001441
22577201	0.000677827403635051
22578540	0.000757737082418861
22579100	0.000668045854969229
22579230	0.00586048912097528
22579691	0.00311934799562794
22584101	0.00595210461983385
22584951	0.0232549247915301
22585310	0.000642945754711551
22586710	0.00374526005027218
22587431	0.00421234715893371
22587541	0.000741328204138223
22589570	0.000779405527233478
22591530	0.000923741397208624
22591551	0.00070256078956683
22595380	0.000656711169679138
22596931	0.00185873259999595
22597570	0.00982157824280657
22604070	0.000655335715339596
22604340	0.107037426976556
22607110	0.00177675791813358
22607401	0.00121466881860316
22610390	0.00347671233152106
22611691	0.0208406567547846
22615510	0.000589768981416621
22615541	0.00424950558300598
22615650	0.000749295251043006
22618270	0.000668577982790185
22618441	0.00292392800354387
22626280	0.0316125874496536
22635530	0.00261620536451662
22635760	0.00497237778329997
22637040	0.0122109991691269
22637901	0.00246263566475589
22639421	0.000583667263916141
22641420	0.00105832932454086
22644111	0.0216200269348071
22644460	0.0391182254667941
22649601	0.000527331718110111
22649621	0.00107978305321926
22649990	0.000516739102374295
22651910	0.000574164179385379
22652781	0.00238103443031408
22655001	0.00229675660939212
22655650	0.00775967351204688
22657201	0.026719793308881
22657761	0.00068158726938339
22660231	0.010893040385197
22661990	0.00125534501756451
22667630	0.00251870563843008
22668760	0.00312924913449649
22669550	0.0038149254005518
22669560	0.00310716008004334
22669970	0.00349383252983186
22670041	0.000572895974395894
22671220	0.000601013086896533
22671811	0.00272294928231534
22675411	0.00426227240395049
22675541	0.000764458711078872
22678130	0.00106620450063245
22679230	0.144525346363416
22683370	0.000559720715498305
22685300	0.000723325688262809
22686861	0.00192082938702945
22687930	0.00120337935480668
22689410	0.000928572306606699
22689860	0.000510013943672448
22689901	0.000575863879421254
22691401	0.000518841038369101
22693290	0.000667247841842456
22693440	0.001913351441135
22694041	0.000673536659564435
22697870	0.000925142191584857
22697970	0.00267617056074315
22697990	0.000514871465680407
22698041	0.000895796546895497
22698151	0.000637424660138932
22698301	0.00147575655787183
22698410	0.00451872572112698
22699100	0.000818563692890239
22699360	0.000690578950525175
22699380	0.000781406995646192
22699411	0.000713701467097425
22699640	0.00364422980568617
22699650	0.00645610829991586
22699790	0.000780476607621782
22700070	0.00177851795501556
22700170	0.000616852740306415
22701601	0.0138881395400798
22702011	0.00124828881895592
22705040	0.0010024779030165
22705331	0.00075385418766786
22705410	0.000661640321188997
22705420	0.000574889539027431
22705830	0.000560875850591792
22706441	0.0128535440360145
22709611	0.000524114827257359
22710171	0.00301881516961975
22711080	0.000684749329374701
22712200	0.227859911308484
22712371	0.00326049736990378
22713590	0.00123028721442964
22714120	0.00131203806512558
22715111	0.013920755199313
22715380	0.00226842445247856
22715681	0.0180051685563254
22717310	0.00512284117199518
22717471	0.00053682574565562
22719900	0.0201127832964075
22720310	0.00052050734268115
22720720	0.00209400188465898
22722711	0.382771759974096
22722940	0.026729607824145
22726280	0.000573668648920581
22728480	0.00417792171290304
22729430	0.00445422951653886
22731401	0.00939693206928682
22733601	0.000605927550134684
22733891	0.000685554451284503
22736190	0.0620606246269545
22736330	0.00909475706488617
22737560	0.0673850320612826
22741191	0.00303455582310678
22742670	0.0531023972974476
22744480	0.000698214572096625
22746140	0.00834064413264987
22746561	0.00215916273394667
22746991	0.00056689676887869
22747230	0.000725043912579509
22747240	0.00288689359337902
22747961	0.00259754946148442
22748070	0.00127960197711266
22748320	0.197709999554791
22749560	0.000528299786064884
22749710	0.00153146624585341
22750660	0.00311115089572979
22750810	0.000549579538748629
22754561	0.017317550993906
22754820	0.00212225424919052
22756580	0.00135361562230946
22756740	0.00776032680369491
22758390	0.00542041766575476
22758680	0.00184644579945504
22758721	0.000926594916225607
22759251	0.000816423199834356
22761430	0.00132228377319491
22762861	0.00281895409334177
22763261	0.000820767718122741
22764180	0.000580475023676141
22767951	0.000580395864160667
22770721	0.00136083398296202
22772091	0.000799951912534328
22774790	0.0051732722214167
22776901	0.00616504474123634
22778380	0.000525201673283313
22778930	0.00332319781589662
22783230	0.00224840427758831
22784221	0.0555935299973991
22786100	0.015522778758224
22787920	0.0013093874774543
22792740	0.0119413433645859
22793181	0.00317928956743095
22795681	0.00176343163790717
22795770	0.00207148696769467
22796631	0.00680831941809006
22798831	0.00153282286465824
22799650	0.00665322037060315
22800211	0.00105593180042442
22804200	0.000722883859415061
22804221	0.00134015245554763
22804921	0.00162259514262451
22805140	0.0739869161159052
22805810	0.000564491160547948
22807111	0.00122870449367311
22807190	0.00992973285091941
22808030	0.00119495694448942
22808071	0.00417008302680303
22808491	0.000542910424418027
22809041	0.00298569642251674
22810161	0.000637512587766361
22812911	0.00053534017438227
22813041	0.00154162679508993
22815251	0.000540535387453447
22816091	0.00410704263877054
22816231	0.00117307329913491
22818500	0.000572198331318228
22819951	0.00134790389266961
22821731	0.000614392458852072
22823651	0.00091835885923181
22824211	0.0028670339362532
22825741	0.0109126823940952
22827600	0.00645981595216025
22829540	0.00109922545232928
22829810	0.000590405904160534
22830411	0.00131490562582637
22830680	0.000528721919596405
22831050	0.000792592955998174
22833560	0.00248372513242389
22836580	0.0284984016143539
22837861	0.00171459231867383
22837871	0.0155463586473844
22839360	0.00054197061072478
22840491	0.000824082054212539
22840980	0.000519118973438044
22842680	0.000542386953767207
22842851	0.000526403423837921
22842981	0.00131241399247197
22843330	0.00544285035320697
22843350	0.000659410832265979
22844771	0.0033919548244523
22846680	0.00177837288690019
22847261	0.00101237576433631
22847330	0.000717742074955179
22848570	0.0130342694010931
22848730	0.00228971038152496
22849950	0.00165266770471994
22850400	0.00060390751042448
22850540	0.000947735678175414
22850930	0.000704500293608699
22851111	0.000592261281805238
22852030	0.000509579798190196
22853601	0.00357791151865339
22855651	0.000664399383959829
22855780	0.000626211566965199
22857560	0.000650867850074202
22862390	0.000773434863341154
22862780	0.00076372788524771
22862940	0.00872553103995934
22866131	0.000550549434979157
22866141	0.00134781180139946
22866400	0.00176894533494968
22866930	0.00110673281704389
22867880	0.000508441792933225
22868740	0.0306937391800582
22869851	0.000859379216506883
22870561	0.000856705730097412
22872040	0.000846786458755831
22873830	0.000545214323952756
22873991	0.000580024141873954
22874380	0.00208184559026918
22874431	0.00178409568695381
22875180	0.00461278461177218
22877051	0.000647173982582887
22877731	0.0149922271695651
22878141	0.000567556985766614
22878660	0.00224567935136029
22878691	0.00157664419140571
22879080	0.0344024853332235
22879610	0.00105342396095666
22879941	0.00224779402580028
22880010	0.00168410216307232
22883060	0.00053241814419833
22883190	0.00698348675354982
22883500	0.0351478006306134
22884720	0.00247697091419433
22887900	0.00144427031811076
22888491	0.292357415446066
22888580	0.0062675343528506
22889420	0.000554853603678916
22890541	0.0172369073543326
22890800	0.0157523319486014
22890981	0.00985812852972755
22891630	0.00204569013339371
22893120	0.00114861183300311
22893461	0.00148751633884615
22894930	0.001422824799994
22895760	0.00406468677188958
22897861	0.00157403849359932
22899770	0.001619374949956
22901690	0.0664683596111522
22903180	0.00180769281364434
22903641	0.0110368883608056
22903791	0.00369551721515002
22903880	0.124218140008302
22905660	0.0024712695870089
22906360	0.00131893550556913
22907220	0.000693759870634418
22909441	0.0124312041345402
22911320	0.000574971480988688
22911340	0.00100756391012157
22914131	0.0011836959437739
22914261	0.000562013981213252
22915770	0.000591979331733015
22917461	0.00213222261820557
22918691	0.000694287126714207
22918701	0.00517032152222945
22920331	0.00107846072804885
22920751	0.00641088767282278
22921321	0.000818551729948986
22921680	0.020969313806457
22924081	0.0074464397729205
22924140	0.000670782304458623
22924460	0.000737879293183256
22925150	0.000997938458184062
22928201	0.000538811040509076
22928430	0.00469292971080596
22931480	0.00059731140569327
22933010	0.00315883995424978
22933270	0.00229151153767702
22933540	0.00464607624226775
22934520	0.00165113715581373
22934530	0.00159378443538937
22939600	0.0120189884759344
22943880	0.000683398799376276
22945120	0.00145194514588525
22945390	0.00100751184557252
22945940	0.00165566600052005
22945960	0.00138027562772266
22947490	0.0114613322840936
22947890	0.00315217230731363
22949591	0.00948331341659302
22951190	0.000628415013006814
22958971	0.00285594951256581
22959371	0.000645853621779926
22962650	0.000601712436021218
22964201	0.00199100198856097
22965960	0.0020142217841653
22967450	0.000904172158827552
22968331	0.0154246390692211
22968901	0.000683718810732621
22972341	0.000557840921283819
22973410	0.00073474708296639
22974930	0.00251889956407129
22975070	0.0012684568079027
22977441	0.00110836741126637
22978831	0.00186482950886254
22978951	0.000895229395131608
22978971	0.0025021369606677
22980331	0.000583936927684707
22980870	0.00275547881313193
22980891	0.0218590956125286
22981120	0.000579773495416967
22981270	0.00158311618646602
22982790	0.000992208197120869
22982811	0.00181805732178733
22984410	0.000648416013645138
22985950	0.00110974391304447
22986261	0.00135671902544956
22986490	0.00150296196211672
22987241	0.00391283961012381
22987310	0.00443543872925627
22989011	0.00354569100358139
22989311	0.00457880613589868
22991101	0.253558379288144
22992310	0.000733705621917144
22994531	0.00129439884500431
22996570	0.00181613416881431
22999170	0.00199340394531905
22999310	0.00143061739629612
22999880	0.0203996083645191
23000270	0.00243719597596184
23000580	0.0105967555926585
23001100	0.000732983951589843
23002131	0.00853882777601696
23002520	0.00143894229231039
23002890	0.0013728867562435
23003091	0.000874322814114962
23003720	0.000708312915398365
23003791	0.0013580151020541
23004751	0.00206188105673683
23004761	0.00660793063340695
23005711	0.000806506102569899
23008010	0.000882814976740164
23008871	0.00214531998438643
23009861	0.00670955134539969
23011880	0.00102066169582081
23016030	0.000574476640061187
23016430	0.000614135643590819
23016440	0.000906705042569742
23016820	0.00158346987541466
23017250	0.000596973510912111
23017441	0.000664632510744397
23017991	0.00296534274487893
23019091	0.0842812337486671
23020440	0.00298455968997716
23022541	0.000829178346157841
23023351	0.000521504498820918
23024580	0.00266764537276092
23025311	0.00294952963531138
23025701	0.000548360275961738
23025711	0.000900001968085343
23025830	0.000606782995616298
23026240	0.000549868885674113
23026401	0.00059291413879937
23026411	0.0006637695271794
23026531	0.000822619181716098
23026650	0.000542879405728281
23027221	0.00295231255548384
23027340	0.000555625850548664
23027440	0.00304398294441978
23027450	0.000514828848347894
23027580	0.000660738628936377
23027600	0.00106528950791981
23027651	0.000563080103362007
23028051	0.00081248494058417
23028201	0.00242416943179383
23028321	0.0221858275153335
23028331	0.000562442796927718
23028440	0.000530535642308166
23028710	0.000627526811913426
23028860	0.000512841452975932
23028980	0.000609207175190849
23029000	0.000889404697419685
23029021	0.00160243002574379
23029400	0.000613628971359567
23029441	0.00060818673370299
23029690	0.000898337387158267
23029851	0.000669868856523596
23030001	0.000865447621315631
23030131	0.000687032875381987
23030230	0.000549520311478959
23030261	0.000826289696239882
23030531	0.00072407978878509
23030780	0.000616205370648839
23030910	0.000655190264261116
23031170	0.000671140792836191
23031221	0.000550457228241511
23031460	0.00106301857777256
23031491	0.000865632373271058
23031590	0.000585025066304137
23031730	0.000675032654464356
23031750	0.000646295131790867
23032331	0.000602704000344257
23032450	0.000652291359004256
23033130	0.00197538696745261
23035211	0.00157887589957026
23035231	0.000604210771425421
23035890	0.00116683305736699
23036430	0.00613399791226624
23037530	0.0014057176199812
23039440	0.00644836861276977
23039880	0.00058463479732292
23040850	0.0125241405768127
23041171	0.0188253164896372
23043651	0.000715580780237353
23044341	0.0011161049191315
23044601	0.00275169207516644
23046340	0.00327576796025301
23047361	0.00071385385133826
23049930	0.00696638892649349
23050661	0.00289432054209883
23050910	0.0145199957547133
23053171	0.0187457204651369
23053240	0.000618354800294578
23053370	0.00283554887058191
23054131	0.00112745607289879
23055190	0.00325485465109622
23056140	0.00265969519741335
23056820	0.000536010353822132
23057800	0.000663570011352418
23057930	0.000921614566400958
23058790	0.000543527775582856
23061540	0.000784320925103022
23065701	0.00821175707982684
23066811	0.00120041803155277
23067060	0.00361125095879851
23067901	0.00361711635353589
23070671	0.000868034238463042
23072960	0.00300069996658568
23073270	0.00338034204141229
23074381	0.0060376149809
23074391	0.000614905088009127
23075030	0.154079623408385
23075440	0.00286760049562484
23076010	0.00804104835472515
23076061	0.0175357117031008
23076331	0.00529145796603273
23076341	0.177111819187262
23077090	0.000709183484303345
23077971	0.000952653759145714
23079340	0.000930786529782436
23079511	0.00082261870340579
23079880	0.000974871850101731
23080331	0.00399921778102875
23080881	0.000748032433969879
23080970	0.000651351516788699
23081571	0.00152456876215652
23081670	0.0029301243169918
23082910	0.00339754764863454
23087050	0.00243465265371343
23087221	0.000621074862672893
23088710	0.00118525941016972
23088881	0.0111276238182363
23090340	0.0113326271881311
23091740	0.00112187357598606
23093981	0.000601728731880813
23094801	0.00093429666621271
23096881	0.000910951118495718
23096980	0.000676544098516034
23096990	0.00188148814326833
23097120	0.000600164310214678
23100400	0.000742403044240586
23103081	0.00367367302757726
23103091	0.000872820834298957
23103160	0.000514720953539687
23103300	0.000643527670038663
23103351	0.000527130616503087
23103470	0.000545195749139921
23103740	0.0240676029984634
23104300	0.00191453584316569
23104550	0.000604539703101271
23105431	0.000701070441589419
23108260	0.000705709605782288
23108451	0.00143781530127549
23114630	0.00209121147542795
23115310	0.0519839095435957
23115341	0.000805990655396587
23117001	0.00150645522231048
23117841	0.000980890272435651
23118230	0.00364376172444241
23121691	0.00330506826924973
23122251	0.00178948115981441
23122630	0.00108404900852411
23123750	0.00195803380908818
23128130	0.00122419270259635
23129271	0.00826984308877288
23129851	0.00322743746153541
23131491	0.000945266449773017
23132010	0.00145902879664796
23132260	0.000711729343829414
23137120	0.0283531429058631
23137551	0.000724945033283149
23137701	0.000626599322062952
23137790	0.00310936817895034
23139621	0.00309970760731304
23139860	0.0416614160883049
23140581	0.0542561039185949
23142920	0.000528373506819911
23143160	0.00186600538420084
23144710	0.00261783119926763
23147211	0.00092634156616096
23148881	0.0119631906747006
23150381	0.000646269677537476
23151170	0.00059953077524914
23154740	0.00111080776097152
23156441	0.000927189091121916
23157390	0.00104487127470793
23161271	0.000537202102062319
23162671	0.000689837706581343
23163341	0.00359198010566811
23163911	0.00100545748858002
23164670	0.000776776356612763
23164851	0.000757458421150525
23166671	0.000668122344644207
23169650	0.000618337203924818
23170320	0.000577064101444838
23170941	0.000597291210517315
23171850	0.00142517204938307
23172560	0.00299281215761074
23175160	0.00116794186891934
23175710	0.0113536478967811
23180711	0.00135633188038981
23183221	0.00103652921707825
23185281	0.000800372651214479
23185930	0.000714676663701432
23186050	0.00267053987452328
23186060	0.000727015328306583
23186350	0.000912363646936508
23187010	0.0008530802491228
23187310	0.000781943037666061
23187320	0.00327162056092282
23187341	0.00205299217013993
23187471	0.00241029321929706
23187850	0.121081875794612
23189640	0.000579042737188579
23190880	0.00107281885358127
23190890	0.000635477133421526
23191170	0.00188432880927419
23191720	0.00127588758486144
23192181	0.000632367380560801
23193291	0.00370370266479368
23193670	0.00240056091028383
23194350	0.00335183299898884
23194671	0.00498072060755951
23196960	0.00533563149062888
23197131	0.000649697676692631
23197380	0.0013485510749072
23198880	0.144477191251388
23199160	0.00485776897291142
23199740	0.000876805207454759
23200181	0.0524802655950405
23200871	0.000649566850919349
23201551	0.000685825100712649
23201971	0.00456199898152936
23203061	0.653144521457197
23207730	0.000703181420553866
23208940	0.000524940476017625
23209660	0.00152320136403956
23210231	0.00173970921869589
23211970	0.000701869592704001
23212810	0.0026847644104242
23215191	0.00475554938010708
23216021	0.00163967352430828
23216041	0.00182594472193381
23221790	0.00133286281708584
23222330	0.00155933842877858
23225640	0.000774509622670921
23227331	0.00524998114250839
23228171	0.00782610797120684
23228181	0.00144587653307332
23228301	0.000667893422743407
23228581	0.0034862736692847
23229770	0.000779434578515612
23232250	0.0033803815188222
23234651	0.0311630593180072
23234740	0.000762690015093508
23234791	0.00117570132063683
23235010	0.000718218348810486
23235331	0.000648105492227555
23239170	0.00363909043449061
23240451	0.0010601301490039
23240540	0.000934689943007485
23242480	0.00103639965330697
23245660	0.0117471149227113
23247300	0.0010982236468359
23248700	0.00177169687372314
23250620	0.00316381742828108
23250870	0.00237166270622068
23252550	0.00180526030145324
23252711	0.00180884181054199
23253401	0.00808463374565681
23255061	0.00145761851734273
23256280	0.0471191227446643
23257411	0.00634982009297465
23257961	0.00668500787116703
23258651	0.000537890788375999
23260690	0.00616777623031288
23261281	0.00724596962405305
23269070	0.00363181041490879
23269900	0.0010987279761592
23270060	0.00141426837065715
23271710	0.000547952472866309
23275690	0.00562029236009049
23275830	0.131762189156895
23276520	0.000772245598957418
23276981	0.000700861187350682
23276991	0.00211807260946771
23277391	0.000548393432231416
23283321	0.000563820099743814
23283450	0.00478492762383117
23284011	0.0103718504982856
23284260	0.00908601420116454
23284810	0.00310454887729984
23285141	0.000873380679467913
23285790	0.00209359430706689
23286070	0.00214023541121755
23288120	0.00137942120305748
23288390	0.000614052273554701
23291000	0.000770109688852722
23292000	0.00244887192841063
23295150	0.00306258384077988
23296441	0.0514781805867559
23300530	0.0162947602852198
23301941	0.000571201433061373
23302170	0.00345661547132654
23302880	0.00107264356323307
23304311	0.00193284663174957
23307280	0.00333169460640592
23308120	0.00083651857208853
23309370	0.0162216746567452
23311160	0.00407059429035861
23312991	0.000536010353822132
23313111	0.00354367925039003
23314310	0.00126102175439687
23316021	0.00292799986980012
23316270	0.0179389631191506
23316851	0.00169385547830819
23317271	0.00875801134734337
23317480	0.000822248732416859
23318351	0.0110721431418597
23320540	0.00067338619266201
23320711	0.0019236926753877
23323731	0.0020984726003736
23324520	0.00432979493498751
23324930	0.0692562327408205
23325200	0.00136970331949104
23329230	0.000795205012047162
23332281	0.000979593341204171
23333900	0.0415324008037449
23337510	0.0168512060962445
23337681	0.000606247825295878
23340120	0.000607993279906796
23340851	0.00118269845728852
23345401	0.000879766820789633
23346330	0.00060643064376393
23346450	0.00135147007559835
23347290	0.00329633338120136
23348151	0.00111879505471551
23352701	0.000875435466913314
23352930	0.0149281007262083
23354310	0.0268192829030911
23355311	0.00831856621923628
23358371	0.0010480042069249
23360581	0.00643185276447049
23361271	0.00293737307728532
23361801	0.000845411558038593
23361900	0.000548591256765159
23361920	0.000864627548453369
23367170	0.00084386125890874
23367720	0.00094837391200874
23371160	0.00744787277277663
23372670	0.00347186464775775
23372971	0.00263163730703342
23374340	0.0130277254270007
23378081	0.000923371727081474
23379030	0.000512723910380699
23379710	0.0012011970228415
23380991	0.000959187907498777
23381251	0.0153453396739625
23386351	0.00202154922725155
23387410	0.00248750931313728
23387451	0.00130194115158295
23388640	0.0122850643515952
23391120	0.00364654391373734
23392411	0.00110597991128059
23392650	0.0255543026824057
23394211	0.00640614336769034
23394460	0.000637795064396139
23395830	0.000559683931686233
23396360	0.0814439423034983
23399290	0.00354481394695736
23400691	0.00561375560786589
23403570	0.000541569963434053
23404240	0.00174148739968225
23404810	0.000597502945467255
23405401	0.00740380787491376
23408380	0.000871237457296177
23408390	0.031998099774033
23411000	0.00163873962446651
23413360	0.00141598685742087
23416120	0.0016568864716599
23421090	0.000593419053896556
23421220	0.00056742816986604
23421890	0.0018170470415299
23422190	0.00677286321285422
23425050	0.0155371576743007
23425890	0.00515427909344426
23426610	0.000628823879631853
23429080	0.000976279941004522
23431420	0.0451985938347703
23434641	0.0030932713852878
23436691	0.0039065200991805
23437070	0.00152267347085628
23439130	0.00181495418484314
23439301	0.00206310558979647
23441210	0.00241977170642596
23442290	0.0012570690139943
23442580	0.000924320662321178
23444011	0.0036846558486594
23445330	0.00147241875716278
23445770	0.0021485386502371
23446481	0.000715256665315822
23448380	0.00570670314623166
23450351	0.00112272088170648
23451881	0.000700668587373332
23455851	0.00142276371250755
23456001	0.000520345576454013
23456120	0.00183348485965089
23457220	0.00104631679780405
23461620	0.000542463218705802
23462590	0.000688329098530231
23463301	0.00212675636375035
23466061	0.000800913007369576
23466081	0.000655051666160234
23469101	0.00507032683626923
23469330	0.00526902027191424
23473531	0.000712590135032932
23473811	0.0247197726640324
23473921	0.00654554403062775
23477760	0.00120057779770087
23480080	0.00146743952925234
23480431	0.00231797245958283
23484080	0.00282511392091397
23485671	0.00452746354581538
23486361	0.0031543930703363
23487741	0.00287785802256715
23487980	0.00278861383319686
23490580	0.00730950101164579
23495110	0.000908273625836259
23495731	0.00238566512594189
23496520	0.0177528470634467
23496640	0.000776123110852603
23498020	0.0647757715493824
23499000	0.000976607877612752
23499970	0.00105638880859642
23500821	0.00061329565689296
23503270	0.000872319231382585
23503830	0.000545664864023218
23504500	0.00130205870958493
23507800	0.000626904986523391
23507840	0.00299971114645494
23509251	0.00418435436738359
23509750	0.00110041043321132
23510420	0.00054436551602309
23513661	0.00233147155195076
23515120	0.00265422437111397
23515820	0.0010729038121778
23518471	0.00195840618124761
23519321	0.00111304912515138
23520230	0.00170650081908328
23523461	0.00053988868541641
23526071	0.00379558438055725
23526150	0.37775185984769
23527420	0.000760252541516909
23528070	0.00196479618721938
23528141	0.000610493415531342
23529590	0.0048185040114521
23530160	0.00150151563488667
23534180	0.00185065168379406
23534720	0.00630739818891116
23535301	0.000942796992737139
23535390	0.000566866859282137
23535840	0.00102474806364109
23536500	0.00170972216423943
23538730	0.00597464525511477
23542290	0.00216280412563718
23542341	0.0117889092195551
23542751	0.000946385411634046
23544350	0.000619391112982019
23545801	0.00106812514116313
23545880	0.000896995996043399
23545900	0.00367806749115428
23546310	0.000650030461472679
23546860	0.0085057171628483
23547410	0.00111256479604641
23549330	0.00190402723895614
23549350	0.000985470725263754
23549791	0.000935125312986849
23550710	0.00174714508225011
23551540	0.0011268898179966
23552210	0.00121641494233938
23553651	0.000605325395343515
23553791	0.00115840369994818
23556121	0.00309074130198519
23558990	0.00254288716461911
23559540	0.00283593727362288
23559560	0.00765659765141153
23562621	0.00907592857815617
23562690	0.000842899620416726
23563000	0.00863438152174635
23563280	0.00383545542431816
23563410	0.00484300146577824
23563591	0.052044256917227
23564131	0.000706812399695606
23567861	0.014260063200964
23569740	0.00585522057686012
23571031	0.000728359579125071
23572660	0.00114263161992623
23573180	0.0461746814972076
23575311	0.000882245236586796
23577050	0.00154362047008991
23578410	0.000878811068290564
23578560	0.00191283122042631
23579991	0.010480757570246
23581241	0.000893996758698592
23581580	0.000512521467348415
23581730	0.482136820819962
23583100	0.00121535818211584
23584831	0.000789248127010241
23587161	0.000924454694148679
23587270	0.00092646359329154
23589610	0.241338363462338
23590440	0.000605076403178239
23590450	0.00154253214349617
23592271	0.00454002131108527
23592801	0.000555737373148864
23593210	0.000740993889189254
23596240	0.0124650717671863
23599810	0.000615829123119763
23603240	0.00126508116717064
23603260	0.00310701203483098
23605460	0.0207656203637806
23605590	0.243988489072035
23606321	0.00799998427159008
23607031	0.00104392912736238
23608401	0.00190356863293939
23609030	0.00217492284457583
23613101	0.000794178815678123
23613200	0.0040310478200841
23614440	0.000871531088614947
23615260	0.000619005196889152
23615861	0.0010540111572304
23616411	0.00974444064468887
23617180	0.000654948860132101
23617931	0.307303094843948
23619581	0.002084713203203
23620521	0.00409586445408814
23620821	0.00339019852329238
23621050	0.00070977103404168
23623230	0.0136197797981728
23623240	0.000762796683358526
23623400	0.0017087680129021
23623940	0.00974508349946835
23624630	0.000602783963414184
23632541	0.000534901028094738
23633791	0.0295341979556178
23634030	0.00463472620693699
23637761	0.000931607344507277
23643571	0.000807781570417693
23643851	0.00119710770467708
23644620	0.0154559665886718
23645170	0.00330354644764585
23645771	0.00130420989600279
23646741	0.000581513679274851
23647031	0.0029998456422841
23647301	0.000975945100516566
23647851	0.00052186713895468
23648770	0.0104261559429592
23650410	0.00367427273254006
23650560	0.00139234701814025
23652910	0.00922210111365283
23653761	0.0349291681550394
23653870	0.00510694864884149
23654020	0.00271790196693163
23654280	0.000574880037175456
23654570	0.00337105000784582
23656811	0.00179854956717697
23658201	0.000527187130113751
23658321	0.000662013450130046
23658980	0.0020883369246734
23660681	0.000705327275120999
23660890	0.0189904978018964
23660920	0.00579729511618785
23661501	0.00075194578629163
23661890	0.000644727394614143
23662300	0.00145582816135629
23662591	0.000955397473169927
23664131	0.218671562250588
23665450	0.000629074909596966
23665460	0.000731855238718135
23669081	0.000585443009752684
23669091	0.000521740426651773
23669911	0.00120255265871178
23672401	0.00320348686011128
23672920	0.000931437648924529
23673351	0.00246392882837958
23674191	0.000687990109964822
23674311	0.429857067572749
23674970	0.00139875865198491
23675670	0.000538282200390071
23675711	0.000797974968488224
23677091	0.00074629904433357
23677750	0.00110599718525451
23677761	0.000611247456860433
23680500	0.000720774785751993
23680681	0.000835109899145854
23682410	0.000948348058000075
23682810	0.00184567040988384
23683800	0.00226993343930919
23683930	0.00572986996463671
23684661	0.00492887980141142
23685180	0.009068792475741
23685330	0.000686500280362489
23686031	0.00302969895832847
23686810	0.00110887182837272
23686990	0.0060432067950064
23688951	0.00324874382140458
23689190	0.00217605743290048
23689860	0.00393288018428567
23690990	0.000650215298719981
23691240	0.00114199674724309
23691950	0.000620632774633799
23692121	0.00105735595476331
23692750	0.00815193832043125
23692931	0.00199375252888627
23693631	0.00130851384053427
23694331	0.00204188147904724
23694461	0.000601709547341368
23694690	0.000687017006294823
23695161	0.000633551534396098
23695510	0.00285260923217591
23695540	0.000728261369317381
23696671	0.00113614253970545
23697761	0.0282979608166192
23698810	0.00161059009800678
23699370	0.00396445373732307
23699421	0.00260672148543593
23700360	0.00134574768357836
23701501	0.00217317059983941
23702171	0.000700146640695239
23702710	0.00145859555298079
23702741	0.000643790926270035
23702830	0.0605382871428322
23705320	0.00287712770573788
23705990	0.000648491580863608
23706260	0.0049235777613758
23707100	0.000720479716446117
23707240	0.00222753349738009
23707281	0.00184036159206279
23709310	0.000569298681689813
23710000	0.0023887262612696
23713460	0.00350397284971136
23714441	0.00371238957291384
23714980	0.00324702273357722
23716190	0.00651588406566358
23716241	0.000677723796053906
23717610	0.001932718328622
23717850	0.0524606478217252
23718420	0.00190123378473231
23719090	0.000750563315478005
23720920	0.00258479252794187
23721980	0.00157639377192454
23722850	0.00816720685876142
23723151	0.453270694459844
23724241	0.000548560100970376
23724951	0.000717377057087159
23725751	0.00071132543894966
23725860	0.000627623269339122
23731120	0.0023255335980318
23731411	0.00163752795296694
23731810	0.0821583542211903
23732630	0.00253521734771704
23733621	0.00372351451783364
23735920	0.000514699055292869
23735971	0.0148373766123294
23737850	0.00243884778192506
23737860	0.00351100258359776
23738031	0.00442818549175455
23738290	0.000615844962552427
23740330	0.00393680937467801
23740941	0.00267164667915579
23740951	0.000749196054680891
23743250	0.000615847309330612
23743831	0.000551435426658807
23746041	0.00106470407900922
23748600	0.00103914911614235
23749190	0.00102238597594785
23749580	0.0013150601783439
23752791	0.110938020787873
23753911	0.0172155633116025
23754301	0.00443839142099928
23754840	0.00626510591903703
23755571	0.000617330060808043
23756521	0.0190046068289941
23757560	0.000550590805101074
23757840	0.00103525362145326
23758830	0.00303198454618356
23760070	0.00778900345736247
23760241	0.00181376131892477
23760781	0.0263638671547829
23761501	0.000969828165434439
23762120	0.000611172210200961
23763260	0.000808315760745636
23765880	0.00104225705535455
23766321	0.00134827288650051
23767510	0.000596820207245447
23768791	0.00124426374530676
23769891	0.00412155891799536
23770130	0.00126811265196046
23770161	0.00207941059392368
23770441	0.000661934725591436
23770800	0.00955287361921452
23770861	0.000670579702832156
23771120	0.00277421816706867
23771660	0.00383869250185066
23772381	0.000810906390317752
23773050	0.0029162414878575
23773361	0.00270643122526745
23776740	0.00560099932823571
23779271	0.000520766160962756
23779380	0.00146921078246913
23779961	0.00135519856222817
23780381	0.00560525153970496
23782451	0.000606278948069583
23783250	0.000550647898999516
23784740	0.00139703271139714
23785471	0.000584629978443364
23786250	0.00458203970270316
23787551	0.000832703590277031
23787630	0.00379315503694707
23787821	0.000696571814886048
23789351	0.000615339171409697
23789980	0.000884808475162706
23790400	0.000647369221933844
23790410	0.000559444048313739
23792460	0.00207513147559575
23792480	0.0863411979890334
23794430	0.0236914673565123
23797450	0.0362891284208485
23798571	0.00286961462277068
23798851	0.00249671160877045
23799121	0.00230634269340261
23800251	0.00103744705641341
23800760	0.000676522719775231
23802711	0.519280371590691
23802840	0.000761355419731343
23802970	0.00647622143198634
23803561	0.0203249857332414
23806571	0.000591399777689844
23806970	0.00156325047582623
23807530	0.0541530476914333
23808630	0.000525570360640783
23809010	0.000554986652877682
23810171	0.00252317154594087
23811530	0.00185150222523378
23815011	0.000950701891015916
23815681	0.000621859997545022
23817631	0.00576431019705919
23821700	0.000831638845992772
23822670	0.00452402463819619
23825440	0.000516140630098331
23826110	0.00226009555227641
23827681	0.000647326376017906
23829010	0.00302916485099709
23829040	0.000860324600053432
23829450	0.000695386255384613
23829830	0.0336139291072195
23830520	0.0101957903390616
23830930	0.00258844326966623
23830981	0.000547452061829291
23832641	0.0266026622612974
23833891	0.00910543871230055
23835001	0.0647485681487631
23835620	0.000671442640699351
23836480	0.00190659509514553
23836911	0.000610943683533572
23841491	0.00178087528448541
23841830	0.00172264941689483
23842120	0.00526009489269857
23843250	0.000745859162859691
23845180	0.00709786634495097
23845290	0.00662717208496353
23846800	0.00244782315568167
23847760	0.00102093857364302
23849850	0.00209285315260367
23850000	0.000532065147642321
23851421	0.00267178274379189
23853440	0.00636862490898642
23854950	0.000536144086348847
23856330	0.000714351058190957
23858250	0.000656641300507636
23859770	0.00283157060845287
23860350	0.00221726298630347
23861611	0.000722122166230981
23862940	0.00311367089319782
23863961	0.000784145474112295
23864760	0.00966049728184594
23869720	0.00972338091986558
23871831	0.000646042085284086
23872381	0.000664860494959123
23875070	0.0020501468346447
23875691	0.00150767662625502
23876771	0.000983434189471018
23877201	0.330382058272124
23877700	0.00107037286598566
23880101	0.000585585012571979
23880580	0.00159631411120481
23882451	0.00836394030948817
23886940	0.00295025099860219
23888521	0.00448882493339915
23889000	0.00313623947662476
23889471	0.000846884760886101
23889710	0.00108684722167276
23892511	0.0444166158681286
23894410	0.000805721737309734
23894970	0.00190355486974005
23896060	0.00331278361704729
23896900	0.00423521905647558
23897160	0.00137852957258916
23897170	0.00485618391602769
23898270	0.00122645849028902
23898530	0.000635210251371861
23899261	0.00230105099432457
23899941	0.0031243907073952
23900480	0.0012420357603379
23900880	0.00219533344283162
23901410	0.00112582712530491
23903500	0.00528765649827662
23903650	0.00175292941598703
23904241	0.00143522399504622
23904351	0.0108154632019345
23904720	0.00084333992302351
23906301	0.00178773889275092
23908590	0.000598055654799713
23908651	0.00102538469533336
23909430	0.000718047538595625
23910000	0.00181898194065956
23913731	0.00608985326445209
23915370	0.000621936805463063
23916361	0.0329969957018516
23916491	0.000925666437312423
23917181	0.00844994506342727
23918151	0.00133864072113598
23921830	0.000969242711281588
23924091	0.00252702544236951
23925170	0.00124730334747966
23925591	0.000545614635918642
23926380	0.00192934000302915
23927640	0.000586831926668369
23928101	0.000773897446897283
23928221	0.0149208024091602
23930650	0.000559519430604698
23933041	0.000885343630857453
23934780	0.00323626350163637
23935100	0.00570093071686238
23936491	0.000704139458759922
23938851	0.157557610223287
23939080	0.000820426587268587
23940631	0.000518368711750485
23940740	0.000543580677687609
23940750	0.00242226566073733
23941270	0.074222160925986
23941451	0.021709738049393
23943391	0.00070199578633043
23944371	0.00640182916037669
23944470	0.181288763495345
23944641	0.000738394507354532
23945400	0.000690724805541136
23946660	0.00157571054320623
23947121	0.0098385160972714
23947910	0.0113543925559664
23948911	0.000575897009775708
23949170	0.000890377260102607
23949840	0.00553891911972194
23950520	0.00126467927849909
23950561	0.0013575319609197
23951790	0.00173768111957559
23955210	0.0006446680749037
23955391	0.0108024659515884
23956211	0.455013221844809
23956880	0.00170938209792165
23957720	0.00359351280466304
23957891	0.0020919476262791
23958110	0.00421050028495433
23958141	0.00273338000658826
23958431	0.0127370628148279
23959470	0.000667693484604576
23959681	0.000984475158791698
23959801	0.000948654454060131
23961840	0.00102050477590879
23962110	0.000694197342658143
23963220	0.00140753658375511
23963650	0.000734668289556425
23963821	0.000714741290297729
23964641	0.000667669254212711
23964860	0.00250276390855269
23964870	0.000558428624715984
23966141	0.00108797171533066
23967111	0.000605406836894813
23967780	0.00321981525298376
23968870	0.00196422088585287
23969331	0.00173625900702799
23971090	0.0149236487680553
23972180	0.00226363956925545
23973171	0.000631322271251808
23973550	0.00153921356545445
23973680	0.000893509717387303
23974151	0.0013098898334674
23974841	0.000601621929965377
23975381	0.0025901974187205
23977331	0.00682087292634038
23979210	0.00120050114577677
23979220	0.0208874810485873
23979620	0.000802835145703614
23980030	0.0741424917581284
23980450	0.00327210080270962
23982250	0.000657906028857775
23984231	0.00232655307974535
23984911	0.000644498452072083
23985000	0.00798038055893652
23986711	0.000555844930852964
23987370	0.00178729985423829
23988631	0.000642272806415686
23988781	0.000884293684817391
23989690	0.0013092322745245
23990520	0.012035729298059
23990790	0.000644868344928866
23990800	0.00109170607315198
23990810	0.00127153681228814
23992050	0.00063405571403394
23993420	0.00665699482822367
23993950	0.00056255063365827
23994971	0.000649175964695686
23995391	0.000838479578342604
23999210	0.000508856531273399
23999490	0.00442674699719238
24003811	0.000569587152072867
24003890	0.000723319096307017
24003920	0.115852323160383
24005031	0.000520345576454013
24005041	0.00146952211414711
24005840	0.00216476591936005
24006100	0.0111703562937806
24006120	0.0122234694156899
24006291	0.00421045577725543
24006551	0.000538280176938567
24008190	0.000970273332780887
24008221	0.00112377226010838
24008751	0.000536569466055449
24008761	0.0010820662870235
24009871	0.000597752042956367
24010790	0.00102470527533347
24010851	0.00244384861301602
24011070	0.00530859176405163
24011910	0.00916379106153636
24013570	0.000534416303862794
24013581	0.00142811479317145
24013690	0.000785670379934679
24014500	0.00139725957991688
24015931	0.00697741894234971
24016190	0.0117457034990098
24016450	0.00108717340312226
24018390	0.000644297881298927
24019760	0.0184053708387487
24020891	0.000922777955960269
24021680	0.00343160773268465
24022790	0.000791036694857113
24022971	0.000654507102844243
24022981	0.00136368243639914
24024040	0.000736772714749952
24025530	0.00296699408116348
24025601	0.000899730150489125
24026650	0.00881393511051179
24027391	0.00108665040303964
24027470	0.000846044140867281
24028061	0.00706771120441913
24029820	0.000795263769056169
24032481	0.00138931614709466
24032491	0.000547424415315426
24032901	0.000584971062744499
24033120	0.00219621833394807
24035090	0.0788390914835425
24035320	0.0011217924066406
24040501	0.000751202279356133
24040911	0.000729146769446878
24041161	0.000557952185047434
24041810	0.000642625470539021
24042681	0.00112754967158953
24047261	0.000688125663804471
24050640	0.00163138907200588
24052771	0.00186992112472313
24054920	0.000631551985794884
24055371	0.000633733878683833
24055490	0.0029159962333905
24055620	0.000903272927118036
24059350	0.000663551154972985
24062401	0.000524147814265842
24064290	0.000722950990406091
24065260	0.00143831518778002
24065311	0.000713128139393198
24065451	0.0838622607092685
24066100	0.0052907962989632
24067870	0.000781574596531827
24068361	0.000728816439578029
24069441	0.00150592151273019
24071381	0.0598551961334338
24071910	0.000530769170323602
24072351	0.00109325563508383
24072361	0.0075655267857486
24073120	0.000513657667727851
24073451	0.000540917609433494
24073731	0.00181684952742629
24074530	0.0174806253768299
24076170	0.000794235022277864
24076320	0.000630085836296375
24076891	0.0016817918342335
24078350	0.0222500555158925
24078490	0.00213059466913148
24078961	0.00171545089088202
24081280	0.000700107946991508
24082401	0.00244686589245908
24082530	0.00666713858080247
24082971	0.0084794427798174
24083111	0.000553648851660185
24083371	0.00140387905921934
24083910	0.00269304301383873
24084221	0.000578568451077064
24084460	0.000670306199461711
24085010	0.00355915140665656
24085571	0.00153781051732144
24085861	0.00247873807382399
24086670	0.0031144120375451
24087610	0.00282938471430145
24088471	0.00757696499353501
24088860	0.000868370489393231
24090670	0.00815616952862685
24091490	0.000731415500869352
24091770	0.000619827310904309
24095770	0.00261172990326574
24095890	0.000614474795174951
24096170	0.000663320393716356
24096720	0.00841176886753583
24096751	0.00785977518572714
24098910	0.000633697401132433
24100030	0.00132810609324643
24100170	0.00141012190833523
24100211	0.00270287297096745
24100600	0.000676925288483208
24100850	0.00388809296886946
24101540	0.0212105219559051
24101721	0.00380424340361503
24102681	0.00104530756332498
24103210	0.0006320163165914
24103320	0.000786741912281949
24103641	0.00115990646053832
24103890	0.0116331832308015
24106401	0.0193800186420175
24106630	0.00102353674171233
24107180	0.00086688263914799
24108430	0.00308905907148464
24110230	0.00540560350228447
24110650	0.0133279282876867
24110780	0.000713585800527093
24110790	0.00182766226947514
24112170	0.0110614379995446
24112191	0.000704904563897794
24112690	0.00252238657748295
24113171	0.00461344925204515
24113981	0.00066272986310923
24114250	0.00217756440497096
24115391	0.000727919755867979
24115460	0.00168078262828897
24116000	0.0011761868679186
24116460	0.057133269116636
24117431	0.000694736750861992
24119101	0.000759999106734628
24120720	0.0317678386787096
24121041	0.00281938353912775
24121120	0.00351660635984853
24121800	0.00251300068038965
24122210	0.00198620052827977
24122500	0.000647949445731307
24124570	0.000516060750896998
24124611	0.00228149737822394
24125830	0.0030786769848596
24126531	0.000527984764639926
24130141	0.0274619388169327
24130691	0.00101962777954035
24131921	0.00129794964465014
24132010	0.0610445259393644
24134520	0.000818631392931715
24138541	0.000810089504972173
24139900	0.0210358444898867
24139921	0.000667169818292352
24140420	0.000557269442910438
24141701	0.000685004872466982
24142940	0.00936205377828266
24143740	0.00184918929970396
24145301	0.0134264047370832
24146421	0.00358009981574275
24146490	0.000824966749519453
24146691	0.000651233191158958
24147771	0.082103867245271
24150131	0.000584566060436681
24152071	0.000612844207549525
24152351	0.00257567088323902
24154630	0.0201133645202153
24157571	0.0113802535889037
24157851	0.0010963006328115
24162090	0.00106364398814455
24163860	0.000631468781806986
24166480	0.00614700119541049
24166910	0.0458145812655913
24167060	0.000642900629576231
24167310	0.000720948326662328
24167590	0.000565549515333377
24171091	0.00731018417752155
24171200	0.0135952661251301
24171210	0.00377246775136238
24171241	0.000688840474212772
24172410	0.00197587483790823
24173161	0.000702423133141191
24173390	0.000543140741978517
24173930	0.000547602158735673
24173981	0.000648731511032255
24174500	0.000603784367549884
24174520	0.000699786643145739
24175101	0.0260903839778693
24176130	0.00273906297281393
24177260	0.000956010234250849
24177800	0.00156336417393601
24178801	0.001313339059771
24178920	0.00122811989772495
24179241	0.000713442600778479
24179651	0.0010101596423642
24181130	0.00261522010852171
24181250	0.000721882524608722
24181270	0.000784022931622575
24181981	0.000645928477427428
24182401	0.0124839175979885
24185291	0.000771770058072772
24185701	0.000533119423584778
24186961	0.000672351170992749
24189240	0.0153365970310405
24192300	0.0160898577256138
24192680	0.0016465864729365
24193400	0.000706795603541388
24194340	0.000739433123052549
24194760	0.000665355639585612
24195470	0.000683806761280846
24195631	0.0135002660802881
24198070	0.00179395722132552
24199030	0.00438994555345941
24200990	0.00787926902538989
24202780	0.00656523848869738
24203091	0.000957397832662218
24203511	0.0136493747660529
24204550	0.000932773430480092
24204960	0.00141391694921747
24205011	0.00127090474118187
24206900	0.00242361790647674
24207610	0.00465070156620485
24207931	0.000591590803288313
24209100	0.00055958437653336
24209120	0.00151997149169925
24213441	0.000886883626691004
24214760	0.000883305850074972
24215091	0.00168058856228859
24215761	0.0157853214562186
24217031	0.000797791334473184
24219300	0.000675452904241595
24219491	0.00197259116482339
24219720	0.00259018049540406
24220430	0.00169962599572674
24222200	0.00111294997633317
24222391	0.0020969440625349
24222790	0.0182073408896702
24222801	0.000510705473756017
24223320	0.000679633063943056
24224270	0.00068977216827563
24224731	0.00108436247376925
24225141	0.00810551796817112
24228150	0.704525962107358
24228170	0.000688759461958795
24229571	0.000675248311716189
24230661	0.0293269586451437
24231091	0.0169268385252763
24232400	0.000642514550586665
24232451	0.0264118618980926
24234961	0.541668488601763
24236540	0.0107097342137089
24238620	0.00154264650153397
24239901	0.00648970204342153
24240720	0.000763385281407238
24243160	0.00200783005175001
24243720	0.00069407019376139
24244020	0.101245479711167
24245400	0.00157829535548619
24247330	0.0051265042496459
24247491	0.000787586053222711
24247870	0.000589171256324365
24247901	0.000990914677369117
24250241	0.0111275128056449
24251361	0.000542893159537546
24251621	0.00317335308289374
24251911	0.000753092257015244
24252300	0.00207114520009253
24253851	0.112516131503172
24254750	0.00288861524175649
24254791	0.00380289865793699
24255850	0.00192306393714344
24256260	0.00636202952171049
24256591	0.032817982642064
24256710	0.00241555474811147
24258101	0.00147856383951187
24259580	0.00346219492829798
24259901	0.000893721794093514
24260300	0.00467047501099538
24261301	0.00578411573700704
24263320	0.0126095906742037
24263580	0.0108346850140808
24263590	0.0104313089677676
24263720	0.00443300798312792
24265161	0.00730200448429456
24265920	0.00864970202313035
24266121	0.00129144979661103
24267511	0.000674255934226088
24268120	0.000681548214087213
24270821	0.000636845943424111
24270890	0.00171915200622659
24272120	0.000640657133321238
24272550	0.00235608572993107
24273301	0.00101883253426998
24273540	0.000602016929760481
24273831	0.00690049584092969
24274931	0.00292704862765167
24275300	0.00091552124386957
24277120	0.00108295480492483
24278230	0.00204111745699681
24278620	0.00178898716340057
24283860	0.00123408044312647
24284451	0.00115118935777964
24286391	0.00137577770866
24286510	0.0296336102388617
24288540	0.00116403871550252
24289291	0.00720976408957816
24289301	0.000623959107502317
24289431	0.00652351310217982
24291361	0.00630811171456597
24298080	0.00185594372477515
24302210	0.000592157971154574
24302630	0.0445810015104168
24302890	0.00228510167013466
24303081	0.00226217055347681
24303491	0.000589690589657915
24309701	0.00135413562537523
24316680	0.00432698693684999
24325240	0.00221787639388627
24327290	0.00168563327228016
24327621	0.00114098502751198
24335501	0.00130287970434046
24337390	0.00403382696121321
24344290	0.00118354428076717
24346460	0.00148667608938195
24351450	0.000543627159999909
24352560	0.000581523239694021
24353401	0.00075514101124118
24357770	0.00261718717785783
24362360	0.00179689622231797
24362630	0.00259867320918749
24375590	0.122112575606911
24377100	0.00163301868617209
24379491	0.00095184650458662
24381390	0.0041166065479449
24383140	0.00133318623886028
24383881	0.000518373505283011
24384810	0.000534879863768383
24389541	0.0122193741520785
24391710	0.189001483217083
24392420	0.000743505214638522
24394770	0.00281198838320369
24395450	0.0122111556163261
24395710	0.000737792298891089
24399881	0.00149769796981057
24406781	0.00239818709550458
24408130	0.00161574221791875
24409900	0.0077830893081891
24411061	0.000671866001385917
24412851	0.00121494951958732
24412861	0.00350826671323624
24419331	0.00211877245420864
24424140	0.0104201809899907
24424581	0.000727379952095884
24426661	0.0161332705569144
24434330	0.000724244933122148
24442030	0.000665869091940252
24444581	0.0144037698785843
24450860	0.00746575231272371
24460270	0.0140185098436073
24460660	0.0236582486723891
24465900	0.00118226872996458
24472301	0.00251773433254224
24474350	0.00120566680288578
24475010	0.100721832171025
24476810	0.000600761530871541
24478870	0.0010860154703494
24484110	0.00689122807889384
24487280	0.00757920383944606
24487471	0.000817700417761841
24493360	0.00219130506037137
24498450	0.00906056232977189
24499751	0.00163159310701896
24502320	0.00500317961343299
24507321	0.00252032566592974
24508120	0.000661951701696665
24508701	0.00522266437722107
24522641	0.000925450135577164
24523440	0.00104859176214374
24537230	0.00282500856263274
24550091	0.000595087092617451
24553230	0.00356915415788333
24560991	0.0467966558565724
24561340	0.000642628819053261
24565261	0.14126710498506
24566470	0.000575067851942262
24571000	0.00473095691988167
24571700	0.00333252217348384
24573340	0.00600148188540219
24575311	0.00299782251259717
24576650	0.00061162207524036
24576680	0.000712108028860205
24577510	0.00771588338504863
24580831	0.00247960481115156
24586160	0.000987599298610583
24588151	0.000653241135213519
24589500	0.127728041436852
24590091	0.00336301043907508
24590470	0.000810924705259651
24593910	0.000574362459190975
24594990	0.00150645746684193
24597360	0.00256067929604366
24597460	0.000959338737086591
24604701	0.0184804851368984
24610180	0.000686454425284015
24610641	0.00160148691841082
24614901	0.000623524770863135
24617241	0.00337113985630578
24618201	0.00120574794267964
24620961	0.0116629071002361
24626501	0.00200332365815533
24626730	0.013167431879364
24632400	0.00208793602388224
24634300	0.0040619448732647
24639000	0.00300727670508879
24640080	0.00240064422097911
24652131	0.00211703030569443
24653870	0.0860128234694368
24655670	0.00702478940185961
24660490	0.00149160347799915
24665360	0.000669562014327849
24671810	0.00120155504348973
24674761	0.00204225097473956
24675301	0.000515633693437292
24681931	0.00164716789187782
24684800	0.010012003345551
24686631	0.000710548258042053
24691800	0.000878719153609801
24691820	0.0642211489776428
24693910	0.00123991739821221
24695390	0.000636793176754466
24701770	0.00306438405134191
24706621	0.000682860600404289
24713101	0.00130651819908061
24718000	0.0740714027971493
24721470	0.000604242087315766
24723380	0.00557277700198116
24724131	0.000679669998119196
24731790	0.0150855383427073
24732370	0.319589563887005
24732790	0.0244746086593864
24742140	0.0169228974670039
24744660	0.000539228031067045
24751940	0.00528804763352291
24756961	0.0178998233490534
24760780	0.00114092664137522
24767140	0.00195342127054245
24767820	0.00158145797484379
24768391	0.000539059278184349
24770570	0.00992444792875257
24771370	0.00155251593846332
24771380	0.00222749709174458
24773900	0.000564986244162155
24777070	0.00348321683747827
24781491	0.00808145778917453
24791380	0.00248456328127211
24801440	0.149323163934886
24806820	0.00355650556483146
24811431	0.00210229696687845
24814830	0.00479743514423791
24815240	0.0136150557646219
24819021	0.00187607691890253
24821740	0.00353084562878587
24828941	0.000640346198746603
24833361	0.000552820020061823
24833450	0.00127715185422125
24837570	0.00117594179936441
24838830	0.0015074030900245
24840791	0.000639057857594124
24852101	0.002489096539677
24860531	0.00242065430968825
24864470	0.0123296072619635
24868510	0.00179360922792947
24870130	0.00303141612856004
24874041	0.0103944193593702
24878980	0.000968765528478257
24879100	0.000539091944634597
24880600	0.00302913646084191
24880760	0.00276085944856302
24881710	0.00285127004896399
24882020	0.0376920699454418
24889740	0.00479767438447845
24891131	0.000626449020314379
24895711	0.000601669838096511
24900080	0.00173585430331311
24902441	0.000740270102635831
24902560	0.000645485566100652
24906741	0.0010919362768259
24907670	0.00782762100411379
24913720	0.00242696440822186
24915670	0.00393683555826825
24916740	0.00726110157458814
24917880	0.000725672608417472
24921180	0.0021772309935082
24922570	0.00133375893567103
24924640	0.0037655170042953
24930250	0.0176761216787076
24931831	0.000640402138687316
24937440	0.00255315780373409
24939910	0.000973819510070599
24940620	0.0142686464604632
24941621	0.00387832112745809
24941901	0.000681001932580433
24942430	0.0134368587404335
24945071	0.00249307960467151
24945600	0.000608193826684454
24947281	0.0018494976963331
24947350	0.00201147612374808
24950130	0.0116160668865599
24952231	0.00112480301313782
24952760	0.000552347104805795
24954161	0.00150618523699653
24958601	0.00352102968288304
24958711	0.000967558421747872
24963800	0.00411787547905406
24968330	0.00102089565954516
24970721	0.000610830308847724
24970991	0.017379399197153
24971100	0.00621809499498962
24971681	0.000589174885060592
24978021	0.00461701458145717
24978451	0.00107303178085486
24980521	0.00319666828462644
24980900	0.00194776303768344
24985061	0.000935877512055204
24987920	0.00213245941925505
24990680	0.00405771606238171
24994861	0.00314149472758636
25001351	0.0797375790702912
25003691	0.00501190199729832
25006420	0.0175640190719886
25008231	0.00198941242465692
25010560	0.0652556256563465
25012320	0.00133512201530029
25014960	0.00126884312047023
25017481	0.000726185910188228
25020210	0.0283788323355159
25021410	0.00151801271604111
25025590	0.00376635731943341
25030151	0.00150076878998812
25030830	0.00359262534531881
25036101	0.00254227139626832
25043541	0.00252134878844945
25048050	0.000949741514084747
25049040	0.00236288108926447
25054561	0.00140629660779934
25054701	0.000689136454504454
25057020	0.000783397559488265
25058421	0.00137998779001228
25067261	0.000673669256989171
25068450	0.00455199916366666
25070301	0.00117607756501256
25072771	0.00733560550667782
25077201	0.000868674346145287
25077300	0.00071641954460132
25078940	0.00175163971402761
25079111	0.00311863297679657
25079490	0.00250658298243419
25084600	0.00145047797671088
25086960	0.0957793743713383
25091811	0.000969203241522419
25093680	0.00204700990556103
25097321	0.000516420738270242
25100101	0.00331008873404973
25102691	0.00187815312694557
25104590	0.1100554775873
25113130	0.00194492275188076
25113181	0.00783434472006955
25118390	0.000681145873010081
25124030	0.00443570262893272
25124040	0.0142018280559862
25130281	0.00320712871905012
25140610	0.0015977370907249
25154650	0.00141311384943819
25155200	0.00167312402920995
25160290	0.00351898710911839
25161820	0.0121749519190473
25162110	0.0014615275107748
25166380	0.00572076378055522
25167080	0.000522313176893748
25169041	0.00399469487766033
25170250	0.00284998708311974
25171521	0.012044903794582
25173960	0.0266142507624046
25174971	0.0197869909396107
25176840	0.00179905298307261
25187900	0.00589543881038418
25198950	0.000965269516457919
25211521	0.0454003453212313
25213311	0.000982830750954132
25222500	0.00478383808838081
25224450	0.00395360489499195
25228300	0.00155664040199516
25231870	0.000827831870921039
25245571	0.00902439340838041
25260430	0.00921867449745042
25265800	0.00169443414028918
25274421	0.000895585448743371
25291070	0.00592640258536645
25299490	0.00138927738615612
25301930	0.000602105103142735
25304211	0.0180796236452812
25308010	0.00311181584536826
25311781	0.000512841452975932
25318790	0.00067177977089917
25332410	0.0460154588532759
25339791	0.00217119912307771
25344160	0.00699786573672891
25348420	0.00117013145253594
25356700	0.000535056286685453
25363860	0.00198083949719729
25380970	0.000530904491271864
25383990	0.0043748692544118
25386121	0.00270170605684223
25402490	0.00132979123195062
25405090	0.0022698924198922
25408321	0.00690878058567752
25413281	0.00632626512981653
25418811	0.00419878589065198
25425400	0.00069875123172848
25435050	0.00266096036333438
25441640	0.00162567519586205
25443091	0.00113451226737437
25444570	0.0258914784902793
25448321	0.00328411733902076
25455761	0.000534957195371596
25457561	0.000597173638215873
25459300	0.00137054585441917
25461281	0.00167751817564345
25467170	0.00063154016766543
25471901	0.00107347797857875
25473120	0.00855074220012922
25473220	0.000810800304884394
25478750	0.0213486746116154
25482371	0.000753048280233906
25485540	0.0257957471631654
25494050	0.00673204301731167
25502220	0.00222942180748262
25511020	0.12303521235427
25511850	0.00271773270503048
25512970	0.000948716777478441
25516861	0.0891758123161814
25525920	0.00198728899568635
25530600	0.000987947076824737
25534241	0.00152665617034707
25536150	0.00121367588818425
25538251	0.000930548008587384
25542620	0.000825683246543842
25553390	0.0173661076548943
25555560	0.000680009015949607
25557210	0.000862043872892435
25559460	0.00234908962159094
25562781	0.0196958828708132
25563621	0.00108958775946748
25564171	0.000683826396980324
25564581	0.00543040328547035
25566050	0.000613565998587928
25566381	0.00817782876555738
25570801	0.00100497410080031
25571071	0.00152288140766614
25571211	0.000552221793698552
25572871	0.000632615172991833
25573080	0.00400059496649372
25581401	0.00539245807651304
25582511	0.0101613905381079
25583000	0.00395816582002416
25588181	0.0180272826847199
25588250	0.0582791037042099
25596140	0.000701149325428609
25596680	0.00253365565688472
25597271	0.000589454190261397
25597360	0.000616869411914246
25600540	0.00905651562893956
25601100	0.00223126332362448
25609821	0.000585600365890287
25613220	0.0031588842063978
25615830	0.0406781329178349
25618740	0.000600239614858434
25625141	0.00354902258530432
25635010	0.000905404421928741
25640431	0.00153401166140299
25642760	0.000792059357240076
25646511	0.00174393087423236
25649750	0.00112875937111183
25649941	0.00131645023836615
25652670	0.00071864770169723
25656270	0.0291238036987076
25657060	0.00160334227486106
25658771	0.000722873794392279
25662860	0.00332921920525174
25664650	0.00647968721511589
25664950	0.000762801108585944
25665760	0.000560448062793141
25669541	0.0155569636635974
25674371	0.000595637076951992
25675280	0.0188571685905545
25675341	0.00451882349034967
25675410	0.00078585359091496
25675980	0.00800350371934522
25676920	0.000522848347423832
25679550	0.0160506994232818
25679891	0.0173084952771747
25681350	0.0192771534277602
25682081	0.00216854244819686
25682631	0.00265455302192526
25682921	0.000629655214839773
25683731	0.00207404595976311
25687960	0.00547645727967905
25688920	0.00155151320315368
25689521	0.00098711127499372
25690480	0.00183683040621853
25690781	0.025654167624762
25698990	0.00157536886731046
25700960	0.0164125573843676
25701060	0.00257323291527065
25703751	0.000949909023410674
25704161	0.00478049495904504
25705340	0.0167295365022182
25705760	0.0126727401417233
25706020	0.000728653443926713
25706850	0.00152511952889698
25707430	0.000652233491442732
25708141	0.000724444417844922
25708230	0.00328686592940259
25710570	0.00054722047234803
25713941	0.0242314168644133
25714221	0.0526223182479113
25714501	0.00114459697451424
25718310	0.000566130808521878
25719840	0.0068543805599391
25721401	0.000515574043619408
25724390	0.0027208934621026
25725370	0.00440941351352168
25727270	0.000553803838656232
25727960	0.002993928548564
25729480	0.00114264162179717
25729890	0.00700235479638589
25729900	0.000707286179257713
25730710	0.00111551074373584
25731321	0.00109276591402699
25734720	0.000624433178386789
25736961	0.0056063946624201
25738750	0.0171621359719027
25741681	0.0266854313549051
25742860	0.00217325539798797
25742980	0.000721215750339724
25744831	0.00145795824592683
25745780	0.00112875627568524
25746040	0.0101091059208687
25746740	0.00136528290626591
25747000	0.00360472232145888
25747540	0.000798261900542704
25747990	0.000516060750896998
25750750	0.00359888345609452
25751960	0.000521274441959736
25752291	0.00226913300140468
25752370	0.000810970093770852
25754290	0.00072895220362547
25754590	0.0032135387616877
25754921	0.00215574965320732
25755331	0.00074248835450038
25756090	0.00102413271421747
25756930	0.00537445391430109
25757251	0.00269246749741981
25758060	0.00212794290567841
25759160	0.000514469970080568
25759960	0.0108837612074866
25760571	0.000707744954980392
25761080	0.00851614275555636
25762040	0.000659581736874825
25762450	0.00698898456689734
25762470	0.00102543148253918
25763550	0.000791167911955246
25766570	0.00128229780286013
25768530	0.00139772740360858
25768851	0.000664920310140261
25768910	0.0777022884283196
25771400	0.000529458516754023
25772161	0.000680080522114798
25773900	0.00176382112384291
25774720	0.000609907824228207
25774751	0.000679694556036769
25774911	0.000706905055015956
25775980	0.00261803679243361
25777511	0.00204205090675082
25777941	0.153386031080219
25780080	0.000551877005674106
25782470	0.0245079327111492
25782570	0.0334821615841916
25783191	0.00179842511655908
25783420	0.0023060954780932
25784141	0.000670290348747456
25784510	0.0163186377969278
25785951	0.00665105996014246
25786740	0.00255276287089019
25787721	0.00118834210492709
25788500	0.00185151010898533
25790030	0.00565887697115889
25791410	0.00181066911678714
25792080	0.0085424048094487
25794221	0.00133360972381145
25794980	0.00946491665329047
25795010	0.00207978527661973
25799950	0.00272988037989411
25802170	0.000771193246118201
25802631	0.000745711900808638
25803430	0.000739952533131974
25803840	0.000914287789280823
25804100	0.000631430302210493
25805360	0.000762543534759543
25805910	0.113174979966273
25806720	0.00145486534435317
25807000	0.00199791686735633
25807430	0.000661331346862315
25807830	0.00789462842049103
25808001	0.00661946217338283
25808940	0.00374884912249615
25811120	0.00756950999978989
25811840	0.00160258151808565
25813330	0.0133587516137666
25813340	0.00169855803679908
25814901	0.00530735232705828
25815120	0.0193705245356477
25815181	0.00107306611836607
25818560	0.000526013976736137
25819161	0.000576099649634817
25821080	0.00145788690461816
25821101	0.0010088220212608
25821210	0.000726834031594224
25822570	0.00634375669170546
25827390	0.00125921819460666
25828131	0.000603377600526766
25829610	0.000618316417999416
25829740	0.000699794195502671
25830191	0.000619352388394172
25831140	0.00179112141862872
25833801	0.000519722078808238
25834710	0.00302940214634098
25834870	0.00318607939390906
25837101	0.00236204517570391
25838590	0.00177447177546696
25838761	0.00052529987085022
25839810	0.00177723496932193
25843041	0.000901129220902953
25844350	0.000521455267035125
25845050	0.013562171882387
25845511	0.000573890722081353
25848110	0.00498100581939261
25848490	0.0017591599895854
25850570	0.000765678651720016
25851950	0.00434463637468998
25853101	0.0005570477279512
25856821	0.00133783817062902
25860080	0.00195267656245551
25862170	0.017428253868581
25862320	0.000597157945265173
25864261	0.00052642499277046
25864401	0.0816698548982903
25865330	0.0472059808166862
25866621	0.00195653657967009
25866850	0.000803715918919851
25869511	0.000592079755099229
25869890	0.00104132695281741
25871970	0.0050711911904907
25872760	0.00139748604508475
25875130	0.00300870196782875
25875550	0.00929316286875988
25875571	0.00115226291271504
25876561	0.00059950554604764
25876800	0.00294437574179343
25877911	0.00218377343196855
25878741	0.0026855321402624
25882201	0.00223194613374238
25882550	0.000700826711664499
25882901	0.00055950525151813
25883380	0.00998124430733036
25883670	0.000583477134793554
25883800	0.00061356289859345
25884121	0.000756481165203998
25884380	0.000768597553241778
25885521	0.00102354177845462
25886730	0.024245627681743
25888070	0.000683374333261631
25888141	0.00204072687453294
25888360	0.000780303051159932
25888500	0.00360168424206647
25891181	0.000724427780319024
25891670	0.000592527271361031
25891790	0.0066506446783659
25893180	0.000626494828873628
25893190	0.000675436774721476
25893890	0.000704351839164745
25894320	0.00350149867747798
25895680	0.000700538977659857
25895820	0.00670228459719564
25896070	0.000596395055964646
25897180	0.0029838669062853
25898040	0.000523986752053425
25899520	0.00127904343227554
25900780	0.000652350582605535
25901740	0.0023241227569047
25902010	0.000522485155921086
25902611	0.000539912348085439
25903291	0.127348880212858
25903451	0.00195140442609124
25904240	0.000517605675242169
25905521	0.000724832341719177
25905631	0.000707514281327347
25907680	0.00211991443554504
25907810	0.000780694458886546
25907861	0.0056806644319352
25908360	0.000553953613490754
25909460	0.000823668819033026
25909490	0.000593316626114806
25909911	0.00312630097178595
25910690	0.000612704739996511
25912281	0.000790409545110304
25913890	0.0062010985063527
25914061	0.000698620249102529
25914270	0.00200415191274358
25916210	0.00149158624809628
25917310	0.00536678104030637
25917720	0.00223867298074167
25917890	0.082153915585104
25918051	0.00111199341887915
25919100	0.00316379442942071
25919680	0.0116337498125574
25919861	0.00112345873504776
25922331	0.00209934378438557
25923240	0.0452332920143537
25923690	0.0028799429676986
25924490	0.000517395048959377
25924831	0.00324225625724267
25925200	0.000707914576898656
25926010	0.0010922142789402
25926980	0.0208991199362861
25927571	0.00188992062396659
25929781	0.00125317692685355
25930010	0.00472007870097868
25930040	0.000592467761128773
25930860	0.00187366945980595
25931031	0.00120469871116569
25931100	0.000539403153831522
25937221	0.000524703391368393
25938570	0.00337301499126168
25939800	0.000956974859204009
25939940	0.000677365431714522
25940551	0.00200743953549462
25942321	0.000608043280506748
25942690	0.00190734588359252
25942881	0.00194768400417304
25943171	0.0016475687169886
25944411	0.000931142210752603
25945221	0.00132730743312976
25946170	0.00385636236169635
25947950	0.0121306435799084
25948900	0.000574160062045975
25949060	0.00106207345207433
25949170	0.000882184195448348
25950621	0.00230056436897863
25951161	0.000833398987113039
25952790	0.0276455307130128
25953491	0.00115873328856968
25954280	0.000809207965301929
25954430	0.00132492159169502
25956001	0.00139464597817653
25956100	0.00062271831325539
25956681	0.029042795397245
25957771	0.00606307512854994
25958830	0.000807529380847219
25959021	0.00460098948490899
25959920	0.000538622744012885
25964121	0.0176259998174352
25965030	0.000702596756206562
25965091	0.0316651763779095
25965351	0.0111734078921654
25965371	0.00204173826419499
25967841	0.00142458854519932
25968490	0.000705482083523921
25968531	0.00225183588351974
25969241	0.000607827703700875
25969310	0.000716602277476257
25969330	0.000818042429529647
25970181	0.00151631358413422
25970881	0.00110870863506628
25971270	0.000655254080245532
25971831	0.00152799196515659
25973610	0.00073554183775792
25974051	0.00175457849790016
25975120	0.00203435438490806
25975260	0.00346998391364326
25975291	0.00111915004060804
25975380	0.000556768243363169
25975790	0.0202796776180856
25976060	0.000753496608710002
25976541	0.00194572792978681
25976630	0.000615976326108963
25977850	0.00112883029129286
25978451	0.000508856531273399
25978570	0.0402231355560568
25978580	0.000534941920646294
25978700	0.000525726495873444
25979120	0.000711159476370075
25979680	0.0014284729764388
25981050	0.000893935591940736
25981651	0.00104901488542111
25982051	0.000538135646103395
25984521	0.000590631992895791
25985460	0.00337393022310189
25985511	0.000676137030005459
25985641	0.00487624394858578
25986990	0.00449018502408427
25988080	0.00418728423187899
25988610	0.000700712199593014
25989101	0.00241068261455465
25990471	0.00148930758874699
25990960	0.000627274146945583
25990970	0.000976947683978943
25991930	0.00110160427467801
25993221	0.00230206629480421
25994440	0.000715436255067045
25994451	0.00157730730003235
25997020	0.000698286266972841
25998300	0.00056747651122646
25998331	0.000611764632654148
25998540	0.000677958899015912
25998840	0.00488828667923677
25998960	0.000880315073257219
26000610	0.000514274510401671
26003540	0.00656404250694316
26003561	0.00825569107914813
26006400	0.00383356510191479
26009570	0.00103639342660846
26010461	0.000607576431857398
26011920	0.000508856531273399
26012620	0.00102912345563846
26012640	0.000710234564492467
26012661	0.000644098712279215
26013091	0.000556219722705588
26021621	0.00124320741038729
26028360	0.00777680029336089
26028931	0.00269420050273353
26031711	0.000633453813425194
26033730	0.020232498196197
26039930	0.00317185853384436
26040521	0.00865625398344451
26044811	0.000648056307204845
26045710	0.0250570140619378
26045720	0.00183414317424658
26048090	0.000530301166716745
26048880	0.00466793065816089
26049481	0.00120483432790688
26049631	0.00104966484803236
26050950	0.000576640207079971
26051110	0.0036327208953128
26057211	0.000522706819865719
26059250	0.00419742535152736
26060941	0.000512723910380699
26061020	0.000815659721695473
26062051	0.00194822621934352
26064391	0.00621858836103369
26065771	0.00133985106451242
26067530	0.00142021015307533
26067800	0.000773146260378519
26068080	0.00143621972601634
26068791	0.00233180179986803
26069840	0.000550708398362051
26070731	0.0176425851147693
26078861	0.000846836311852233
26079001	0.00578346801793636
26080480	0.332386001723636
26085150	0.0189138983927023
26086970	0.000594152384743342
26088231	0.00692362968603608
26088801	0.000946056675895993
26089600	0.00342094555264182
26090020	0.198583628792331
26090051	0.000825274792892892
26090680	0.000749898446325114
26090851	0.000843124134332242
26091100	0.000660584453308171
26095660	0.0493034045908324
26098800	0.00176825551242559
26101471	0.00109520439672176
26102171	0.00168464247161484
26106601	0.00229975779223798
26108371	0.00273298513676974
26108740	0.00203127398627704
26110530	0.000652337553279438
26110700	0.00248691890753544
26110940	0.000630150151522697
26118690	0.00803977417887976
26119520	0.0180026105213461
26124910	0.00249288332503692
26125471	0.00206810735260706
26127561	0.000626905154987183
26128241	0.00056836032107179
26129700	0.000818806606430124
26130270	0.00410329507670842
26130601	0.000680295339706379
26132210	0.00602752693498172
26145051	0.000524420423156883
26145710	0.00492019702819196
26147790	0.171543833259478
26148050	0.000770015097409838
26148801	0.00058398932222463
26158420	0.00156856474162237
26161211	0.0208520156578806
26161310	0.00151034140295007
26166970	0.00252024575516757
26169430	0.00250205675363621
26172730	0.00116076263555329
26177300	0.000573377387405791
26179500	0.000745201110796026
26180180	0.0277747691676806
26182161	0.00220921486145001
26184921	0.000946297939495375
26185450	0.00487210721414249
26185690	0.00103513953893716
26185761	0.000646714542999073
26185850	0.000764359797745018
26186400	0.000627039740896479
26186680	0.00116906127589613
26187650	0.000986450398865848
26187780	0.00990242469107479
26189440	0.000526377430486262
26196760	0.00312544936916399
26202441	0.00124158704808162
26205570	0.00139644169843099
26209481	0.0185622110448928
26213840	0.00493989546673211
26217601	0.000769970350297827
26218100	0.00104455592456744
26220081	0.00167875306526216
26220641	0.000906588833741337
26222100	0.00645180323408855
26222800	0.0015466881415871
26223770	0.00587658770112489
26225420	0.00373742544451743
26231370	0.00109308836114677
26232440	0.00879225782058879
26232501	0.00730403395009251
26234161	0.00462440599817996
26234550	0.00206116159657785
26234861	0.00297761480658295
26236900	0.00607396195960907
26237181	0.000591412473832555
26237321	0.000585865076281649
26237410	0.0123657860965148
26239271	0.00220331766370978
26241280	0.000848232943812155
26241700	0.00110005774811104
26242240	0.000705710172449114
26242421	0.00312489692958814
26243411	0.0452417611538141
26248081	0.00078387701842538
26249461	0.0118572383147883
26249960	0.00325167311879013
26251230	0.0031556755049655
26253061	0.00738816718975076
26254800	0.00653423789655633
26256211	0.00089779180164009
26256340	0.000634709844671402
26258000	0.00753821927262229
26258991	0.000631617244691313
26259111	0.00056225926894973
26260081	0.00298806767723533
26261611	0.00943889025866353
26266810	0.00186624319388711
26266960	0.00964794146105594
26269731	0.000518784535382408
26271620	0.00066296870904153
26271920	0.000813089074408443
26273170	0.00238857207062361
26275770	0.0157288985156104
26277710	0.000629685265778974
26278011	0.00178855461691869
26278301	0.000652907218341365
26279790	0.00248850253374552
26281550	0.568449648287295
26282540	0.00660342772020208
26288720	0.000726126187465041
26289820	0.00110789368473033
26289990	0.000516969615647975
26290301	0.000813461357886739
26291671	0.000559346701910427
26291951	0.00072389693861662
26293171	0.442672730564983
26299190	0.000530412497644629
26301201	0.000991432588631778
26301420	0.00150496013259584
26310920	0.00419790917867361
26312231	0.00139328415198614
26313471	0.000697807546606194
26315801	0.00250532576654691
26316091	0.00906625816478538
26316190	0.000836338555387185
26320091	0.00886346120451858
26322431	0.000673612272791746
26324020	0.00456754686496068
26325670	0.000517493383128577
26326500	0.00715712849457172
26326670	0.000822590896696434
26326961	0.000597107062083676
26327101	0.00127351663766534
26333840	0.010272614568405
26335900	0.00137293595639753
26338360	0.00220574755764519
26344840	0.00181480980954875
26344901	0.000609225142429965
26345181	0.0619249128334413
26345260	0.00274868060618494
26345311	0.00113530617342245
26345731	0.00134765011938622
26345820	0.000721277183350446
26346400	0.0151295984148149
26347880	0.00170976640004847
26352201	0.00263813286708865
26355740	0.000669257967100273
26356730	0.0137479737624179
26356990	0.000520312492779033
26357191	0.000945143824843739
26357700	0.000536010353822132
26358910	0.00068643460202034
26361000	0.00303681475031694
26361710	0.00163992125102633
26365840	0.0069316031051293
26377161	0.000530643047931705
26379320	0.00593626547624025
26379811	0.0228356253414437
26384440	0.00418101170392974
26385601	0.0724785080155505
26387500	0.0112032412847838
26388621	0.00239949019039885
26389191	0.00579554814305875
26389420	0.0043983958617092
26392501	0.0151450702896333
26392631	0.000648236253887796
26395091	0.00129731196256415
26395791	0.102064378765545
26397150	0.00106091031647939
26399750	0.000825714431782411
26400590	0.0404152180060241
26400990	0.000683658957276981
26401010	0.000586815437954406
26403480	0.00423497361206832
26404290	0.00214782967892958
26405570	0.000956435934157489
26405711	0.0187488077401049
26408560	0.0568217636779393
26412010	0.00282569449930077
26412180	0.00271075267001768
26413010	0.00179648889012239
26413871	0.000943076202510509
26415880	0.00181913838000872
26422640	0.00445219110918753
26423791	0.000756671337166682
26424580	0.00266509869439759
26427910	0.0148880171929229
26428201	0.000640188886079959
26429800	0.000529496052676384
26431900	0.00123193069694378
26433010	0.000811425677430198
26434271	0.000922614413101055
26434401	0.00422012372510771
26435770	0.00136922685688541
26435870	0.0040507688430088
26437280	0.00523643608969629
26437410	0.000535068182449389
26438500	0.0616750849875182
26439630	0.000737231880913525
26440010	0.000708851103092176
26440160	0.000661197511592474
26440320	0.000954029647167056
26440980	0.00262610462497359
26441041	0.00572409810329457
26442110	0.000598158567369618
26442360	0.0036687840321176
26443361	0.00733912889249508
26443931	0.000632381009149198
26444881	0.00106111753155594
26445810	0.0885397256383565
26447460	0.000811271347432204
26447610	0.000733730566095708
26450001	0.00110771571051873
26450650	0.0679406840683162
26451080	0.000856497152546757
26451210	0.00154520395655083
26451320	0.0132326533817706
26454110	0.00155157042801724
26454951	0.00394843543249798
26455080	0.00668838729573408
26455200	0.00438757209187635
26455251	0.000543179947072769
26455801	0.000645708511412508
26455900	0.000739384020713595
26455931	0.00079122674704536
26457120	0.0261625914842401
26457140	0.00442909207221702
26457420	0.000584093260290587
26457540	0.00238100939778805
26457851	0.00551387059110389
26457930	0.0015734222921104
26458230	0.00207953216613226
26458401	0.000656981999909118
26459791	0.00068904291750213
26462671	0.00058163370491254
26462691	0.0015446994844259
26463200	0.00461997945489707
26463641	0.0007549004969035
26464570	0.00136433088519647
26464631	0.000858136572291797
26464700	0.01676833415237
26467241	0.0115064305054851
26468331	0.00167255160346432
26469380	0.00137221914058898
26469660	0.00133586845808625
26470411	0.00081581060241378
26470421	0.00157871526333906
26471101	0.000629479237833824
26471221	0.000599921007479102
26472290	0.00147493473113621
26473161	0.000735652024170616
26473861	0.00542002043962398
26474660	0.000632282365038539
26474671	0.00654081270893348
26475190	0.0500797484364911
26476481	0.0005441212797748
26477181	0.00158650119130773
26478520	0.000751103094677495
26479651	0.000539727391260556
26480840	0.0005289952118377
26481021	0.00141819140454844
26483040	0.000845458047125679
26483630	0.00248278490550603
26485130	0.00157619435865059
26485581	0.043476724665596
26486360	0.000884067774127564
26486780	0.000749968780116452
26487480	0.000617099711779723
26488430	0.000995528091089567
26489400	0.000766184076674541
26489650	0.0288055514038541
26490391	0.000636947146851811
26490630	0.000802422614096469
26491070	0.000840208949561893
26492611	0.00083217234637622
26494370	0.0862132519677765
26495030	0.0113185546933277
26495241	0.000582788859985503
26496690	0.000680569941090708
26498080	0.00104905780236513
26498650	0.00160805426676384
26499501	0.0031645541756599
26500150	0.000529002448496362
26501530	0.00408394001935454
26502411	0.0335924527771405
26503040	0.000640934557221466
26503900	0.00065863179008539
26504481	0.00372252274110525
26504560	0.0432615614141304
26506480	0.00213284186326502
26507200	0.0187422146130389
26507631	0.00187992954561344
26508481	0.00425590304908251
26509171	0.000604426698799155
26509530	0.0211421058361331
26509690	0.000953895817795704
26510401	0.00461774566199765
26511781	0.000735563347734651
26512280	0.00206486356150635
26512730	0.00226285962586917
26514391	0.00365920539913124
26515081	0.0017688637599935
26515631	0.00120560832184455
26515720	0.000863840713594399
26516621	0.00071561801727394
26517011	0.00297271145278233
26518350	0.00075220294317376
26521000	0.00702770778896944
26521581	0.00225689313851781
26522640	0.0206448615122932
26522831	0.000757277594357805
26522900	0.00140154144642764
26522941	0.00884193743981159
26523381	0.000612000718404265
26525140	0.00212364836427019
26525721	0.00276453581114825
26528741	0.0171632065856736
26529281	0.0228299329398031
26529390	0.00325435024047945
26531340	0.0182861421067869
26533400	0.00171398612330623
26537950	0.00241828155705075
26539040	0.0025144285403091
26539631	0.00232493141148363
26543750	0.00317381429210042
26545021	0.0133594181171038
26548280	0.0122284122076433
26548580	0.00136538906894793
26548601	0.0105522769392849
26549960	0.0417175521273795
26550210	0.0295834086080943
26553841	0.0163948397927765
26559071	0.000800192286859595
26560280	0.0240187005741344
26561650	0.00156111523842783
26562770	0.000976529552440694
26563190	0.0023684794645338
26566890	0.00120073554023118
26569441	0.0450457818803882
26570401	0.000793041671313398
26574671	0.00185718871298941
26575231	0.00137554138581569
26578090	0.00246222207084567
26578401	0.0248671790486438
26579860	0.0952944338623225
26579880	0.00133045332506245
26580341	0.00507837930712073
26582391	0.10781756756609
26583730	0.0133321843969833
26585571	0.000837520484625312
26586271	0.00172826903090974
26588580	0.00490335563484896
26588970	0.0182370067133841
26590200	0.00933773950533885
26590360	0.00097218745570646
26593151	0.0007487852140161
26595570	0.00824901243551276
26596400	0.00481755085453072
26596980	0.0608327225430067
26600980	0.00104830303852399
26601120	0.000554992954148009
26601260	0.000605618669797148
26602521	0.000609433152056234
26604260	0.00179830431248163
26604300	0.000620420585365519
26605291	0.00189385204051464
26605530	0.000514469970080568
26605701	0.00629421567558391
26606370	0.00112976756306513
26607430	0.000764728882784603
26607730	0.00144199448171594
26609291	0.000520900931123082
26609411	0.00186602723264963
26609431	0.00524493484702014
26609780	0.000510013943672448
26610470	0.000734371169438195
26610880	0.000808218543003801
26611921	0.00264005088677239
26612280	0.000525040161098189
26615221	0.000563978608709496
26624010	0.00194420184279831
26625021	0.0365554298934791
26626391	0.00418279435450055
26629271	0.00281304505957021
26632810	0.00214862612883948
26633411	0.00186627236526065
26641161	0.00254120879869459
26641711	0.00138335396727944
26641770	0.0066639527918189
26641841	0.00291347471191682
26642251	0.000983763234282292
26642371	0.0042208930703436
26644290	0.000669364953257077
26646101	0.0011383208819827
26648471	0.00170021532798183
26649810	0.0915955625423934
26653021	0.000949267937534412
26653561	0.00231011250299737
26654060	0.00155695671114648
26654090	0.00424287811957073
26655570	0.000867916844125149
26655611	0.000881928732458444
26656400	0.0016211326515762
26657810	0.00150506004783683
26658490	0.00069426231946866
26662220	0.00350052891753099
26662750	0.00058805649579546
26662760	0.00150165827220378
26663061	0.000551175073535866
26665571	0.0020466432719006
26666060	0.000526883679134124
26666531	0.000568490431749096
26667180	0.00200695449481972
26667450	0.000750007659140676
26667710	0.000577648073849181
26668161	0.000691043626386372
26668871	0.0016561147268627
26670090	0.000551097749857386
26670740	0.00144034860107602
26671180	0.0326395752986015
26671211	0.0638114493836636
26671720	0.00270235150772931
26671740	0.00199253364743744
26672120	0.000759152839628961
26673100	0.00144068113841
26675290	0.0679458598365777
26676020	0.00813343794254702
26678511	0.0731457190014395
26679840	0.0282853660660096
26680301	0.00261796605132896
26681291	0.000891171385069426
26684120	0.00115159292522899
26684301	0.00191251370933553
26686620	0.000529660662117051
26689510	0.00141022882603161
26689561	0.000560823654160057
26691190	0.00100884036664053
26691300	0.00485262683687023
26691570	0.00150930423406695
26692171	0.00122270116760693
26692810	0.0017497453993
26692851	0.0555973715034628
26694531	0.000537442716000404
26694770	0.00919455312446495
26694880	0.00145281151113454
26696461	0.00176246045713017
26696581	0.00086867699399489
26696731	0.00144025495311618
26697670	0.00098384333502358
26698231	0.000516060750896998
26699761	0.000801736707904327
26700810	0.000572914426882635
26700871	0.000591519105699676
26704051	0.0689846528275907
26704690	0.00100292017420728
26704711	0.000537270991090758
26707730	0.000984284456275054
26708000	0.000530080576021482
26709411	0.000651795106042175
26711020	0.000576684358192212
26712041	0.00383430800333747
26714590	0.000539536230200811
26715290	0.000584881867274499
26715460	0.00968792897278264
26716430	0.000634468358958218
26716830	0.0129171032882317
26717131	0.00207872350893314
26718870	0.000701063017015259
26720130	0.0809071956380297
26721001	0.00134256437526348
26721561	0.00137047314213398
26721940	0.000946834255617181
26722060	0.00105286303985976
26722080	0.00085240240896083
26724120	0.000542240096018336
26724311	0.000518784535382408
26725650	0.000587012412204804
26725841	0.00232877393256434
26726101	0.00101563349670983
26726791	0.000555054512855878
26727481	0.0482183807761448
26730371	0.000745703650774149
26731870	0.00176578278637565
26736991	0.00113307736463632
26737220	0.000895251934646331
26737770	0.000876996861306568
26738241	0.000533657539050596
26743730	0.00141990788870323
26743891	0.00058342563590306
26744321	0.000806666422901649
26744670	0.00197807323400379
26745630	0.000719000347659724
26746080	0.00113880246623522
26747160	0.0078138183556403
26747450	0.00112190599376807
26749370	0.00685116138226879
26750521	0.00732700217483268
26750791	0.000565713813057465
26751570	0.00707395167625739
26751741	0.00206011714703253
26752041	0.00102789530831932
26753001	0.00365115127127007
26753121	0.000889720112675537
26754050	0.0111254556526949
26755341	0.00655895752883801
26756550	0.000772430199740227
26756851	0.00241251388636974
26756970	0.000550066480828321
26758371	0.00099450948858377
26759850	0.00230960260159523
26760240	0.00475926124132356
26760260	0.000634901791784739
26760970	0.000607515777037845
26762081	0.000878561308321468
26762361	0.000759342783102283
26762501	0.0011460495409847
26762630	0.00173287305960055
26762791	0.000735652399842472
26763061	0.00136719816077282
26764660	0.000527782984060625
26765401	0.000733784618053635
26766081	0.000508856531273399
26766900	0.0577186163246598
26768530	0.00272984302726419
26769070	0.0106047365823098
26770470	0.00143800766508046
26771881	0.000570509050439663
26772110	0.000622798829318093
26772960	0.0185702757244561
26775160	0.0015027368123717
26775560	0.000516739102374295
26775830	0.000914337945478568
26778200	0.00628444616708859
26780861	0.00280523628794394
26781261	0.000552447009548163
26781360	0.037802704832786
26781380	0.000519620100708947
26782340	0.00101566425006911
26783010	0.00186848525849541
26783280	0.00201639335895792
26785650	0.000691939475905403
26788021	0.00233426155728983
26788380	0.004512321284922
26788670	0.000955524931454149
26789001	0.000580211286073456
26790511	0.00313891038952465
26792120	0.00206538658451909
26792930	0.00486570674687818
26793401	0.00090119715185332
26794330	0.00132484182096532
26795710	0.00182390624697106
26796151	0.00163807315164862
26796820	0.000635722308067304
26796991	0.0156473322109313
26797760	0.0120577117899022
26797831	0.000523176272177651
26800110	0.0748806816046219
26801141	0.000570535373502779
26802730	0.000680846612718786
26802740	0.000640759779721684
26802750	0.000700534466346017
26802760	0.000545362587043236
26803290	0.000657003267541025
26803471	0.0007490205087138
26803751	0.000946572554798095
26803830	0.00214057779431858
26803840	0.00564095981167807
26803901	0.000982271759042679
26804140	0.00062198114912093
26804721	0.00262102634066878
26807000	0.00183965367222271
26809100	0.000525490961529052
26809480	0.00140725460913987
26812670	0.000791507075378663
26814470	0.000596518264613483
26815960	0.000608048163456695
26817121	0.00123999576963504
26817890	0.000712042226250243
26818590	0.0006502164727292
26819280	0.000693465454052179
26819891	0.00181829751692457
26820240	0.000677209672617607
26820950	0.0011951609430678
26821671	0.000640897067069598
26821920	0.00589074958934979
26824100	0.000530741539759417
26824171	0.000774394979270763
26825261	0.00106524309400203
26826720	0.00447338909175016
26826760	0.00130927081436967
26826990	0.000509171055834855
26828550	0.00159179127531244
26829750	0.00515119262331198
26829890	0.000701143649129913
26830050	0.00304628129121765
26830170	0.160422860882278
26831201	0.00083322515446387
26831310	0.00113392701621897
26831341	0.000749809806006223
26831830	0.000991257626441332
26831990	0.000744810991498509
26833240	0.632551879985424
26834990	0.00068700435797398
26835051	0.000807807712151771
26835601	0.000552996988089222
26835700	0.000729646905574857
26837391	0.00918964523674983
26837811	0.00349276661527775
26838211	0.00639170911143701
26838620	0.00293967472129585
26839030	0.0237860810885565
26839410	0.00296189589480474
26839461	0.00455900965361689
26839960	0.000697938394360668
26840281	0.000524496690161284
26840711	0.00424234174046434
26843020	0.00110385552320506
26843191	0.000996476040400542
26843461	0.0115388019795885
26844161	0.000629678179687329
26844281	0.000723643863050738
26844550	0.00515317124450684
26844650	0.00208713125961263
26845521	0.000750946191350662
26846320	0.000664612156375948
26846990	0.000540827100180798
26847741	0.000541447760184267
26847881	0.0102756236739503
26848390	0.000518051698769525
26848431	0.00866834129804614
26848950	0.12162779421795
26849220	0.00181020097639596
26852151	0.000518818683623212
26853801	0.00194518121981311
26855720	0.000650747134398778
26855990	0.00072778460389421
26856100	0.0130164859147413
26857640	0.00328183857550127
26858460	0.00328690080694941
26861131	0.000692821704616105
26861230	0.00198623091083862
26861271	0.00111369831904521
26861370	0.0087456669437622
26861610	0.000701895595580609
26861780	0.00172205792149891
26863430	0.00352467016796637
26863990	0.00288039087187053
26866781	0.000660054735391779
26871181	0.000645469779612109
26873470	0.0116429819780063
26873661	0.00503861424421806
26875160	0.00052050734268115
26875690	0.000658959645241843
26876441	0.00266732518735363
26880011	0.00223576620013324
26880670	0.0972468537687915
26881391	0.00223092387876428
26882340	0.000713737243262536
26882351	0.00469980853692072
26882491	0.0214777628154107
26883540	0.00282323713360239
26885811	0.00160582357413634
26886710	0.00210063471622143
26888120	0.00584044806123192
26888960	0.00117778158685628
26890361	0.000740101542994716
26890511	0.00216163157965968
26892520	0.000972605006360905
26892841	0.0140261549819664
26894860	0.00157946595078824
26895010	0.00434552417599279
26895400	0.000512030185552344
26895440	0.0106194382385398
26895820	0.00288750078327199
26896831	0.000861573202453966
26898030	0.000525658358984891
26898320	0.000644564596344333
26898440	0.000620389529533194
26899280	0.000936627762576395
26899580	0.00131011917603704
26899680	0.023230521972421
26899710	0.0105014931932781
26900940	0.00184610288553226
26901910	0.000751837430652721
26904370	0.0014932554508367
26904561	0.00519540762788979
26904640	0.00170223201117537
26905791	0.0491311512093184
26906081	0.00051548688854293
26906740	0.0443819004506823
26907751	0.000526092832642153
26908950	0.000588916542386796
26908981	0.000894809233567042
26909360	0.00374150036119835
26910081	0.00118564736939797
26910091	0.00665229987922612
26910440	0.000866251253412792
26910450	0.0011390018613465
26910921	0.00213083360309881
26912151	0.0387798905293718
26913200	0.000680384167641433
26915000	0.00244390460006332
26915420	0.00121845011110584
26915461	0.000542749431494914
26916110	0.00237300524976452
26916390	0.000825391725432971
26917640	0.00158552368035592
26918750	0.000561552626455571
26919160	0.000634249539532425
26919451	0.00154283212265318
26919861	0.000532355205500332
26921111	0.00186649930870439
26924100	0.00538536254074441
26924230	0.000579168489430123
26924530	0.000652734696901973
26925080	0.00054876838175638
26926341	0.000623017438196243
26926880	0.000575374317544161
26928421	0.000512776584996509
26928500	0.000539624265608711
26928691	0.00321501357717963
26929620	0.0676838423094556
26930850	0.00253188551380035
26931441	0.0021851737487446
26934460	0.00466753473212491
26937371	0.00202101667996135
26937951	0.0021024366145091
26938160	0.00140594699186438
26938201	0.00298411284230694
26938211	0.00100090753317043
26939331	0.0020335829165449
26939430	0.00258555519415948
26939570	0.000588539707432824
26942720	0.00331149583276705
26946590	0.00182236565382613
26946621	0.0183495004279186
26946781	0.00316770974486962
26947441	0.00130722255547732
26947560	0.000789325814666102
26949391	0.00539090926828417
26949740	0.000868006079049256
26951581	0.000589433843766362
26951850	0.000630392803053096
26951861	0.000960129440771528
26951871	0.00718071686663429
26952390	0.000508856531273399
26953511	0.00139564420811273
26953610	0.000638871237541289
26954071	0.000595638301058094
26955540	0.000581797040404876
26956770	0.00142307876478076
26957610	0.000748300594724776
26959451	0.105843494361571
26959560	0.00835312980874913
26960431	0.000616121141983979
26960541	0.000643512930578
26960821	0.000690974664313449
26961870	0.000665454970276007
26962600	0.0013160748111846
26962710	0.123947430376678
26963591	0.031228773278809
26963810	0.00312407076899779
26964230	0.058865436151193
26964640	0.000977615423579086
26964950	0.000757891958406172
26965121	0.0106122804022932
26965261	0.000558409535116117
26966621	0.00099654543948478
26966730	0.000626865312664702
26967830	0.000572416151586519
26968001	0.000711598588282704
26968800	0.0100013335479297
26969791	0.0270123758653608
26973070	0.000590378298346729
26973111	0.000527188992491142
26973460	0.0006145000746124
26973671	0.00269106369349601
26974450	0.000683296280413146
26974621	0.00176641951669451
26974710	0.000613820496297147
26975000	0.000595276807831582
26975871	0.000632942266027914
26976120	0.000725305440039077
26976701	0.000598032858740155
26976790	0.0149141293423917
26977600	0.000651296702889759
26978560	0.0108316670206265
26978980	0.000837915365874962
26980220	0.00144560431509155
26980670	0.00150175644152417
26981371	0.00069448845352687
26981521	0.0484905426008653
26981910	0.000616384672827118
26981921	0.00061956564915745
26982751	0.000719408587751864
26982901	0.000599438328399212
26983171	0.000732699770676474
26983540	0.00159781869701095
26983601	0.12888393205285
26985231	0.00151699033504734
26987140	0.0107782506305675
26987690	0.000979073283714584
26987731	0.000625028348265384
26987851	0.00346181728379487
26988940	0.00117234717109345
26988951	0.000645027606750569
26989040	0.000515801941086215
26989050	0.00102706049642791
26989060	0.000718226483735655
26989910	0.000522669683572223
26990010	0.0145030590955766
26996500	0.00327605038010287
26997180	0.00108749727189147
26998190	0.000809567640622742
26999861	0.0027635492603342
26999991	0.000665060557311075
27000360	0.00091151472759138
27001511	0.0210828960247293
27001781	0.00198167298327349
27002970	0.000507007212833066
27003711	0.00227283237616607
27004011	0.000728296341531336
27004490	0.000524495674491653
27005050	0.0858242367979972
27005651	0.00190341348418987
27007871	0.00575372572298397
27009060	0.00950368758391426
27009630	0.000611490894902391
27010570	0.00056263578643257
27011031	0.00227611971761083
27012271	0.00228661442357637
27013340	0.00132984432661078
27013460	0.00151992273571909
27013600	0.432101583465543
27013740	0.00214282992486518
27015260	0.0100689543801775
27015420	0.000563381292469544
27015950	0.00653753643831456
27016421	0.00846683918337197
27016650	0.000686008108223126
27017241	0.000530242102331943
27017770	0.00697678814615016
27017931	0.00070001767878866
27019810	0.00157860675869589
27021350	0.0021747318477714
27021801	0.000688640913371444
27022420	0.000557761025320656
27022970	0.000591939850157028
27024271	0.000614193534133319
27027000	0.000980060968279483
27027010	0.000740721555036278
27027280	0.0736897425863726
27027540	0.00139545657286516
27028411	0.00135293032809548
27031820	0.00328734321044654
27031851	0.0051147859540917
27032681	0.00054307784306523
27032910	0.00087747962864924
27034010	0.00186937176408135
27034290	0.000521455267035125
27034300	0.0017732936621403
27034460	0.000895177918133419
27034970	0.00319515988048722
27035840	0.00791902284382382
27035851	0.000833738383134586
27037791	0.00670678171745127
27038061	0.118582447365441
27038720	0.00207623862393289
27039110	0.00086743345641747
27039140	0.000593611840087019
27040421	0.00253085676039595
27042881	0.000590509097031801
27043130	0.00250868485119764
27043560	0.00111387775209299
27043960	0.0162168433030249
27044261	0.00152174018149545
27044961	0.000772187396262697
27045231	0.00259044773016094
27046020	0.0646037279011476
27048390	0.000522512646021329
27050010	0.000631113283328144
27050550	0.00121374994980601
27053880	0.00780769571294694
27055291	0.728008608085069
27055380	0.000703455897482135
27055711	0.000535259572878574
27056070	0.000513621630460729
27056240	0.00728723089208632
27056640	0.000878356102087562
27058040	0.000667776102177632
27058351	0.00061845391608415
27058891	0.000566259318952657
27060001	0.000740855067454812
27061651	0.00053154701030915
27062211	0.00457339667542194
27062690	0.00216026549719981
27062970	0.000578564447914796
27062990	0.0162248054577096
27063311	0.00245183979553542
27063790	0.00078625733158236
27065750	0.00105659463047317
27066720	0.000909447539703649
27066751	0.000517335966872775
27069190	0.000541549855876665
27070010	0.000719020007832401
27071581	0.00536417025947839
27074590	0.00206764700233491
27077750	0.0214522217517222
27077880	0.00268386515628259
27078860	0.00188828537435656
27079031	0.000847413377101182
27080230	0.000913312450846444
27081050	0.00263972624538327
27081231	0.00256923486492467
27082040	0.000814435917181048
27082550	0.00084394461781305
27082570	0.000668894696209639
27082580	0.00484985179406929
27087291	0.000611867761451148
27088480	0.00287179237816647
27088770	0.00137691507250156
27090960	0.00131027300243695
27091520	0.000762152058817671
27093771	0.159174707607378
27093781	0.000563377952473323
27094410	0.003349986139069
27094450	0.00141342817823454
27095291	0.000531826744023765
27096251	0.0132408333082328
27099021	0.000647770667661306
27099161	0.00216992358061772
27099250	0.00381570506377953
27099280	0.00230221589897236
27100240	0.000910938023836126
27100821	0.000736380164210388
27102130	0.000534935227965207
27102140	0.000586793508534525
27102690	0.0177837670144677
27103380	0.00415180641306038
27103950	0.000629490346439107
27104951	0.00338390302520693
27105050	0.16854388690081
27107021	0.000631880749864278
27107970	0.000765723456401895
27108100	0.00410284848966276
27109101	0.0180364035628949
27109231	0.000609830782298619
27109911	0.000554184186007246
27110181	0.000513246413333249
27110580	0.00496784719607302
27110840	0.00174390403702295
27111670	0.00173913359635589
27113730	0.0127790513617735
27115830	0.00408510160083237
27116230	0.000825259801832671
27116640	0.00136389826390614
27116760	0.000534358110321851
27118450	0.00199044380372902
27119930	0.000611406650996799
27120610	0.00118280517753568
27121600	0.000589647829418215
27124060	0.00301387898730756
27124531	0.00108596762195471
27126000	0.000621992285988717
27126010	0.000561318676689296
27126140	0.000675883971242883
27126150	0.00233037534419715
27126570	0.00144925235365833
27128001	0.000724280286079617
27128640	0.00243314406163097
27128661	0.00211077606809364
27128941	0.000615880807132512
27129050	0.07219213267229
27129320	0.00172535597138974
27130170	0.00639362201728309
27131960	0.000782266246363939
27132490	0.00331073484230226
27133190	0.00504507525812529
27133231	0.00173790244635856
27135680	0.000646232175717652
27138181	0.0136326826889318
27139400	0.000534661331448326
27139810	0.00280207268799245
27142160	0.010056201440259
27142591	0.0104629376806795
27142860	0.00253432398175005
27143100	0.000561828483007035
27145211	0.00394772545235781
27145641	0.04317934359877
27146280	0.00201331250119885
27146540	0.00203063057904558
27146560	0.000512841452975932
27146700	0.000518373505283011
27147130	0.000983852322119089
27147960	0.000814676048341486
27151540	0.00136004471746131
27151660	0.00191447283192043
27151930	0.0164233207310182
27154980	0.000515801941086215
27155660	0.000624097552927635
27155701	0.000782411224849829
27156360	0.000730064076658752
27156640	0.237058544841329
27157921	0.00746398875061517
27158440	0.00603016383282896
27158540	0.00124549762008448
27158871	0.00186462528098518
27159230	0.000630414748533648
27160070	0.0138983325932192
27160080	0.000774035347087937
27160630	0.000809416469333606
27161040	0.000633381256551262
27161211	0.00402538335256472
27162871	0.00349191161606683
27163090	0.000552386553162496
27163291	0.000534877812944048
27163551	0.00192407698954049
27164360	0.00351213850718898
27164391	0.0381762051888433
27164920	0.000591226436691525
27165081	0.000712389465093751
27165091	0.0101496491385535
27165590	0.000943059503857109
27166130	0.000559996646817217
27166290	0.000660247583718888
27167780	0.000520257009920564
27167991	0.00333642731310421
27169091	0.00113298040451007
27169190	0.00491024723559283
27170130	0.0262247565158312
27170560	0.00986508021045371
27171011	0.000852887679733748
27174150	0.00262348075869464
27174680	0.000598239295657335
27174830	0.000663012754062461
27176261	0.000778584537307486
27178130	0.0156371661971843
27179790	0.000815207907719679
27180391	0.0166604436196281
27181190	0.00170731154676009
27182731	0.000554379926913626
27182840	0.00236398303593997
27183250	0.000654448220195703
27183260	0.00218762038918277
27185221	0.00077012082735452
27186601	0.00231843980295664
27186690	0.000727491083036312
27187291	0.00344702712966624
27187920	0.000664821427699701
27189460	0.000838446003012124
27190591	0.000533589746421014
27191141	0.000839273733747703
27192931	0.0136091891924703
27194020	0.000652265405892485
27194591	0.00310711489572236
27195001	0.000675307283637314
27195660	0.00461345417544768
27195991	0.00107749482291024
27196190	0.00117067966090339
27196360	0.000834329542774906
27198010	0.000781068173292838
27198120	0.00233408785123792
27198280	0.000998511386692568
27198741	0.000915472820813034
27199711	0.00368188480512204
27200360	0.000783160270064704
27200750	0.000719694330369313
27201460	0.012477016130267
27202700	0.00815049158330659
27203780	0.101625839443968
27204480	0.138791430019232
27205310	0.00274875429989955
27205450	0.00166640604366791
27205610	0.0878961225061302
27206300	0.00238024751295528
27208080	0.00122620775693291
27208521	0.0277049614981286
27209330	0.00197736305262751
27210041	0.180650011074141
27211640	0.00309528005435995
27212360	0.00094848665157422
27212370	0.000634110602974027
27213180	0.000610956728314003
27213870	0.000608269718792301
27216890	0.00373250249547876
27217341	0.0005691541328403
27217720	0.0145944896949621
27218260	0.00116564588346749
27219011	0.000518588936659414
27219540	0.000635013744039911
27221320	0.00248491798459485
27223291	0.00273933814036042
27224121	0.000880489135466711
27224931	0.00110563803750836
27227370	0.000579400631588236
27227571	0.0011641976671205
27229980	0.000566480684888166
27230710	0.000524618108491692
27231701	0.00066431393420935
27232401	0.157027640665958
27232951	0.00175524942736014
27233020	0.00139568840107255
27234010	0.000555911934345428
27234181	0.00518892618405705
27235220	0.00205300303294114
27235810	0.000709256025700792
27236080	0.000754415112522842
27239940	0.00204049077097605
27240210	0.000536727792362942
27241330	0.000545958185579637
27242680	0.000675426644660506
27242700	0.00159475960444458
27243520	0.00104551376214842
27245150	0.000529516632878341
27245361	0.00106980465517411
27248060	0.01082748427995
27248350	0.000689990324782749
27250031	0.0038247707172211
27250581	0.000710447039675775
27251120	0.000671285799415356
27252671	0.000784168372378496
27253010	0.000541610995165359
27253330	0.00189600907976679
27253631	0.000724938142830233
27254000	0.000540851014961995
27255131	0.0024944954487842
27256900	0.000918657941693187
27256951	0.000537909496991527
27257880	0.000552008278449544
27258400	0.000767897788479168
27258530	0.00241042413829393
27258690	0.00225682827430181
27258991	0.0029966584549088
27261440	0.00207292904755873
27263431	0.000529667431169425
27263571	0.00131571122415624
27263961	0.000949860982996625
27264511	0.0238784399212928
27265850	0.000660091461546267
27266670	0.00051805235511803
27267240	0.000569646522805549
27267670	0.001279629279706
27268770	0.00119581167109635
27273061	0.000530212099700852
27273481	0.00361363050882055
27273880	0.00407672270123646
27274110	0.000804636246758737
27274120	0.000621713972733666
27275151	0.00940613462594829
27275831	0.00081075133720735
27277481	0.00230054736092712
27277720	0.00187008683765302
27278110	0.006827948846507
27279380	0.000517395048959377
27279650	0.00061433349523965
27280080	0.00137226741213243
27282130	0.000671795020683863
27282970	0.639643554837617
27284490	0.000724411634486847
27285471	0.00352198409440777
27285771	0.000869796660986574
27287100	0.00111541887133221
27287510	0.000781433529512084
27288770	0.00451754948077535
27289420	0.00623997942014106
27289730	0.000779336580718981
27290550	0.00796459291846535
27291360	0.000541469546425203
27291831	0.00366036102441518
27292180	0.434299819810293
27293180	0.002336785120627
27293870	0.00104283979412749
27295151	0.00188284643448849
27297050	0.000804396156480932
27297351	0.00417789672273209
27297761	0.0470738919911957
27298670	0.0034999535929633
27299630	0.00073391522733631
27301150	0.000792357222334647
27301211	0.00720729095692768
27301631	0.000686035887160005
27302820	0.000571626178557367
27303141	0.00176435687194092
27303650	0.0562835942680594
27304880	0.00220788743090849
27306311	0.0012014826976153
27307151	0.00274795762732408
27308060	0.000757350385492241
27308470	0.00487707791763484
27308651	0.000944866633024047
27308750	0.00871647233953557
27310820	0.000673339513615519
27310861	0.002487097164372
27311670	0.000956956599910351
27312760	0.00780948361171421
27315121	0.000999424849008845
27316910	0.000875833446780754
27317170	0.00156681801410525
27317570	0.000613980326002957
27318041	0.00095940698397434
27318250	0.00432253264834092
27318591	0.0729590398293645
27321621	0.000719825426210683
27323070	0.00148722963230539
27323770	0.00116402524073937
27324371	0.00201314006932007
27325020	0.00264766192095326
27325751	0.00098108978821426
27326380	0.00217579356588802
27326550	0.000669413973937904
27327390	0.000601081668779898
27329700	0.000838168084645933
27330670	0.0105904745012685
27333560	0.000527017278322502
27334690	0.000518373505283011
27337881	0.024014229552627
27339350	0.0110284921422748
27339541	0.00108636997416319
27339691	0.0014138947153206
27341000	0.0052174614993852
27341010	0.00143263139034419
27342851	0.00485615791913146
27343681	0.00202324187339934
27345170	0.00287594233408758
27345751	0.00126021497880004
27346151	0.000564932178034671
27348050	0.0243495487108738
27348060	0.0050961960013106
27348791	0.00446647117936864
27348921	0.00362506752775214
27349461	0.000677927375118193
27350130	0.00499168371580459
27350700	0.00746056307827917
27350970	0.000550886011220706
27352111	0.00257726083701701
27354571	0.00120947787890728
27356720	0.00459501429109387
27357191	0.00109585780966672
27357601	0.00824314651055369
27357990	0.00310206213599049
27359001	0.025989514245931
27359531	0.00237928587691484
27359630	0.00568103350469225
27361331	0.00055469504111635
27363941	0.00178667779822395
27365891	0.0225366817421668
27366240	0.00352240242259845
27366270	0.00265250933473878
27366690	0.0023300079454212
27367620	0.000616437089027982
27368040	0.000630484151374934
27374970	0.0760291858355226
27377860	0.0308199633480692
27378130	0.0146395749970126
27379500	0.00467374260242598
27379941	0.00131378249526602
27380620	0.00862327610912069
27381690	0.000704791057075347
27386021	0.000891984500463472
27386670	0.000570835155823756
27386991	0.00198973084471448
27387900	0.000738011607546832
27389000	0.0108795155564494
27389051	0.00265530322555227
27390301	0.000721873687449077
27390810	0.00207306038798411
27391401	0.0176905883000594
27391681	0.00100829562946762
27394250	0.00157666559936529
27394711	0.00213141190480812
27395240	0.000571631547756417
27395551	0.00050616699497775
27396361	0.000588158094678424
27397761	0.00178404075214968
27398021	0.0019914617049183
27398800	0.000916204284488968
27399541	0.00107823760592814
27399951	0.00615844328909264
27400340	0.000680607972150677
27400730	0.000616343549247775
27400740	0.000518368711750485
27402561	0.00063226172552715
27403131	0.00300659172608792
27403531	0.00057704926079717
27404470	0.000755071693318463
27404921	0.00357935154236058
27405010	0.0233131156355774
27405601	0.0042536168198501
27405720	0.025411194308312
27406800	0.0014370861094374
27410240	0.000526285855872966
27410991	0.000676033029975288
27411060	0.000523719487019132
27411531	0.00101844818577928
27411640	0.00054278142492593
27412300	0.00598667080560397
27412381	0.00584779858567645
27415951	0.00189969512493482
27416740	0.0242059287961346
27418240	0.000963532513321856
27419640	0.00287549536321179
27420460	0.00150940944577237
27421201	0.0237190409988999
27421751	0.000736009874941658
27423630	0.0633869370269706
27424651	0.00152000325022935
27425341	0.000936616193080377
27426680	0.000660522476085649
27428170	0.00103947169712224
27428190	0.00756220477788993
27430021	0.0022991798019471
27432470	0.0024583439012692
27433061	0.000653184765720008
27435900	0.00148289461490413
27436590	0.00138865034687844
27437420	0.000796330640369083
27437580	0.000675480272140822
27437731	0.0127996167494426
27437891	0.00175353715179687
27438260	0.00704144902559781
27439200	0.000642309860372528
27439910	0.00065610245764945
27440300	0.00109497036232153
27440351	0.000662230438802242
27440631	0.000677521252188508
27441560	0.000952375290067051
27441570	0.00472585987896888
27442230	0.000848013851946936
27443630	0.000957892898933387
27444491	0.00167732125058525
27446120	0.000739353586997085
27446270	0.000625343767124561
27446380	0.000636275123363506
27447770	0.00054340820801831
27448300	0.0024719450382924
27448750	0.000628970061238325
27449061	0.00501824478158013
27449550	0.0981623011468515
27450390	0.000930526980290934
27450800	0.000534679054467345
27452091	0.00266514937130629
27454090	0.000641082472766268
27454510	0.000889956114585927
27454680	0.0349618698931597
27455251	0.00073470998287714
27455470	0.000757159896851653
27457061	0.00150735599596654
27457160	0.000589757132135621
27458691	0.0353517774868041
27458701	0.000894671141135521
27459620	0.00486474684566994
27462571	0.00142472682683828
27463360	0.00251928668523498
27464470	0.000573670993838368
27464901	0.00144647138013846
27466520	0.0006429398873101
27466711	0.000741413251210136
27466790	0.000896154038063062
27467220	0.000562531961502074
27468730	0.00246912025684763
27468761	0.0136751004674792
27469030	0.00172860997720112
27469280	0.0010453568420501
27469710	0.00266934212044958
27471060	0.000548888580802529
27472850	0.000627296607225345
27473881	0.0246818980614181
27474110	0.00240785037804366
27474380	0.00242597296900013
27474991	0.000901649165344502
27476990	0.000584285633346161
27477030	0.00146944241108861
27477700	0.00443250270380178
27477741	0.000519581410061196
27477950	0.00145484548686134
27478790	0.000643818744287947
27478851	0.00545345896467656
27478981	0.00136904751057532
27480200	0.00102630121210346
27481741	0.000659749195206452
27482441	0.00450514643658316
27484450	0.0025651270927507
27485290	0.000840892199950095
27485560	0.00418684685395564
27487121	0.00063194225442098
27487791	0.000563829696736718
27488231	0.0416047754522504
27488501	0.00136542088281961
27488621	0.00208527726590372
27488750	0.00103938861950643
27490301	0.000695570800357275
27490441	0.00143117718259167
27491910	0.0015595718371204
27495340	0.0146091294949882
27495480	0.00863928257288352
27495760	0.00179707552271364
27495770	0.00123953805097957
27497560	0.001838972583879
27497700	0.00455294135034043
27497731	0.000529914126724562
27498271	0.000939816169733643
27499101	0.000684750606834187
27502151	0.000696549824749704
27502540	0.0027663282587732
27502930	0.00099428160480762
27503200	0.000549568569905667
27503780	0.00150166021684949
27505960	0.00216877649126617
27506571	0.000749779007330318
27507050	0.000511598679483449
27507261	0.000793606464046498
27508430	0.00290497195137906
27508501	0.0021048109859803
27508840	0.000636577004024547
27509160	0.00147610069615119
27509461	0.000679473206672775
27509710	0.00271283426406189
27509721	0.000536224653424654
27510131	0.00533956245872508
27511630	0.000767549898503331
27512040	0.000649330067884811
27514001	0.00892280758610993
27514540	0.00398467405736745
27518810	0.00150809105603666
27520610	0.00228975763110725
27526100	0.00262001318058041
27526370	0.0019207637230926
27530561	0.00158349233818366
27531500	0.0026535544507933
27531801	0.00366876156864506
27531811	0.11945699757462
27532720	0.000943784484348663
27532740	0.00337542806582356
27533160	0.0114445498886436
27536720	0.00360830551982246
27537020	0.00446233445605485
27538411	0.0020785379748622
27544361	0.000734711943931472
27545161	0.00186290848246271
27545290	0.00286893377474504
27546120	0.000779844030812114
27547251	0.00466281944426408
27548471	0.000598898156371063
27549820	0.00867191122736519
27550360	0.00133108901122179
27552710	0.000864434846377656
27557000	0.000588011653476421
27557181	0.0029228164578254
27557390	0.0116209060481124
27558790	0.00627215825913508
27559740	0.00506279805366077
27559880	0.00134533155544456
27560600	0.00661388505477118
27563220	0.00150781882347938
27563630	0.00147892224334541
27565570	0.022675895144551
27566291	0.00214884829335001
27568030	0.000988189255626981
27568710	0.000539206383280888
27572740	0.000789226793829259
27574370	0.000681652432991974
27574780	0.000528922189647235
27575900	0.00185381429630826
27576631	0.000760200395553638
27577451	0.00333773570942476
27578390	0.00743633568793508
27578780	0.000859255830578951
27580310	0.00077103565644004
27582090	0.00105627963713257
27582770	0.000664259365461529
27583200	0.00239421396271209
27586691	0.0266801661070696
27586831	0.000693536811384399
27587180	0.0625963194657608
27587200	0.00272804401420644
27587610	0.00283969498721484
27589301	0.00222340856872082
27593171	0.000530019612571515
27593700	0.000847874377128073
27595200	0.00163125901298516
27596201	0.00420662745520425
27596221	0.00342667447306949
27598701	0.00150438032859858
27599391	0.00384252567051519
27601861	0.000785865531850322
27602421	0.000936348419764322
27604751	0.000655269664881287
27605250	0.0012092074632744
27606220	0.0012493885927215
27606530	0.00264516095118601
27607111	0.000754404022296359
27608020	0.00217104555452192
27608560	0.000708200680391924
27609660	0.000772154546730546
27612741	0.0164488608954768
27613420	0.000691838162223404
27613540	0.00050616699497775
27613940	0.000670134680986564
27614660	0.00114372932557088
27615050	0.00259069243724949
27615651	0.0914540118279523
27616020	0.00153187204196699
27616160	0.00126680718155189
27616710	0.00247059690666966
27617380	0.0491409214115171
27617581	0.000615381268409645
27618681	0.0379795365339636
27618900	0.00522065280658971
27619050	0.001095566947828
27619070	0.000745927555413478
27619890	0.00720546679307532
27620000	0.00456796474349392
27620430	0.000531011820558503
27621550	0.000521184971772184
27623781	0.000619294908900223
27624191	0.000978145216331924
27625150	0.00116312789695346
27625301	0.00236227937844375
27626210	0.0462020246100613
27628331	0.00196402317802943
27628980	0.00052953506135599
27630531	0.000743037607425562
27632901	0.000698306542783801
27633851	0.0060007221254911
27634660	0.000638451350885801
27634821	0.00433627933132619
27635310	0.000939402292623076
27636040	0.00145457838594896
27636580	0.00164966853717735
27637151	0.00167748418417964
27638370	0.000599783340830894
27638760	0.000992877846614965
27639070	0.0149669475027157
27640351	0.00182036630064248
27640901	0.000868392982812379
27641110	0.000518373505283011
27642070	0.000598703243627091
27644150	0.00204881200817028
27644290	0.00165927527719966
27645571	0.00254190345810875
27645830	0.000938402585289381
27646760	0.005693019262972
27646971	0.00318687028797134
27650620	0.00518494933922927
27651081	0.000520742133285692
27651361	0.00119796017427647
27652761	0.00195682844782217
27654421	0.0047696929076618
27654691	0.0407452329989283
27654800	0.00601948971497499
27655750	0.000687919629569262
27656030	0.00136654270706753
27656341	0.00107511167945031
27657161	0.000794764393695544
27658210	0.000529202688685512
27662360	0.00103330825788514
27662480	0.000901000500892058
27662941	0.101111706154677
27663200	0.00192904014583253
27665540	0.000578069611785069
27665721	0.000570750397071267
27671060	0.00085455022766632
27671511	0.0041134213316989
27671781	0.18313056857759
27671921	0.000547664547442547
27672270	0.00265119544203739
27673100	0.000691844836479796
27673390	0.0102810764125152
27673810	0.00274118176352714
27675580	0.0875778687862411
27675651	0.00375213834264555
27678910	0.000512723910380699
27679050	0.000717534157131597
27679081	0.0426398352696195
27679900	0.0010407044144135
27679931	0.0468632734606489
27680481	0.000601373661864305
27681301	0.00060556637120082
27681851	0.00216432937822165
27682541	0.000757875867921395
27683620	0.0075004848452175
27684450	0.00184483931172871
27685410	0.0039599427591264
27686230	0.000618537637053523
27688331	0.00432163571451468
27688830	0.00201269382849963
27690111	0.000807837028676783
27690900	0.0142466586044779
27691030	0.000718018444724569
27691921	0.0858985013307661
27692191	0.000698517799261144
27694210	0.00502177865945226
27694821	0.00420449398729258
27695740	0.00932857574902732
27696191	0.000641372974464144
27697370	0.000605032016886685
27698240	0.000611005716428335
27700041	0.000754135700077001
27700461	0.00589045297887076
27700680	0.0103291476065916
27700850	0.000814318104570757
27701670	0.000719903589634841
27701830	0.000590795989411559
27702080	0.00644625942001274
27706681	0.00844894394126795
27707040	0.000570374130302222
27707211	0.0014748153250184
27707320	0.00187159809744833
27707470	0.0101166053975284
27707791	0.00334914828534692
27709000	0.000723826757773129
27709100	0.00122639931512115
27709820	0.00101315008512918
27710340	0.000651766082688314
27710380	0.000802199481174062
27710951	0.000531829657625166
27711241	0.00127115414964655
27711491	0.000597382051716331
27711890	0.000567168304958002
27713110	0.000770871829546359
27713230	0.000743387522711965
27713680	0.12227773420335
27714360	0.00286980244901923
27715050	0.000820233402024077
27715511	0.0144874155134458
27716820	0.000519867821366226
27717991	0.00074439421302177
27718521	0.000685906554944241
27718760	0.0135551084605555
27719221	0.000985079748218214
27719631	0.000867688124059102
27719890	0.00063170532031249
27720840	0.000709170008329467
27720970	0.0024465735862693
27721141	0.000612379613691689
27721151	0.00205843785067375
27722100	0.00496609953322194
27722551	0.0186213495530795
27723050	0.00165901916629857
27724000	0.00798381194478983
27725130	0.00214357500724946
27725971	0.012729501115089
27727511	0.00362479369837235
27728970	0.000793193956346228
27730510	0.00365617360018592
27732410	0.0121022721940617
27732591	0.00171912103462715
27733800	0.000785417840432178
27734650	0.00180381113257476
27734811	0.0150183087287955
27735211	0.00353576806029208
27735580	0.000680310558890687
27735791	0.00316464974682831
27736751	0.00193695453642183
27736891	0.00401420724437805
27737100	0.00114317150515807
27737120	0.00158583997090064
27738910	0.000778727713999417
27739091	0.00061548982421124
27739480	0.000804378361667211
27740181	0.000540552741887313
27740400	0.0012975192635557
27740461	0.000677253099577194
27740471	0.000867839766828544
27740540	0.000592614737509102
27740690	0.00157987260477725
27742961	0.000994434195301175
27743320	0.00689536081530905
27744591	0.000734053169327385
27744871	0.00136992377668942
27745151	0.00333612570759558
27745561	0.000601372037800783
27746510	0.00293733348363124
27746941	0.0011009118871407
27747750	0.0011466482316589
27749161	0.00133949123497843
27750610	0.000521858298710629
27750681	0.00051486302544626
27750780	0.000546335441597508
27750811	0.00118735729332121
27750890	0.000640236306395164
27751371	0.000589318620635924
27751491	0.00134752548478203
27753540	0.000536041227530427
27754271	0.00053943857028715
27755440	0.00146768289629989
27755740	0.000604690412547673
27756061	0.000704200930805087
27756560	0.000599268497414734
27757680	0.000508856531273399
27757920	0.000647179518141877
27761250	0.00621920944661439
27765090	0.665610348518733
27765670	0.000806081460822769
27768321	0.000619172019459247
27768680	0.00244667725508661
27769780	0.0472036233300584
27769851	0.000539488773119901
27770230	0.00209754593179386
27770251	0.000554765720785307
27770811	0.042880669366314
27770951	0.00898245702895028
27773161	0.0234131372779737
27773540	0.000876492227183834
27773640	0.00625703737533522
27775071	0.0597563986388075
27775341	0.00053169854045734
27776861	0.00134987254338128
27777380	0.00349404413667296
27777831	0.0209516803295563
27781250	0.00163913021283552
27783740	0.000519916470964325
27785120	0.000516915538490172
27786521	0.000808824132970868
27786780	0.000671089788284434
27787880	0.00132750154522373
27788051	0.192780943980215
27789161	0.000836729805271602
27791020	0.000560544367197129
27791290	0.00663384101715473
27791351	0.00210935756102344
27792120	0.000731063413868801
27794661	0.00271163464235357
27795351	0.160689378723361
27796020	0.00518050205249965
27797011	0.00065678958813671
27797090	0.000540152393791666
27798880	0.00119305442430257
27800861	0.00690072399985288
27801910	0.000525135916410873
27806470	0.000603681999911733
27807071	0.00207856043885443
27807430	0.0226321602912351
27808960	0.00101314877250225
27811610	0.00309872895249449
27812160	0.00371474118377883
27813650	0.0178824457983082
27814101	0.000656890888183739
27814460	0.00052780103985528
27815320	0.00210134766512081
27815621	0.000586872667107373
27815761	0.000556303067618101
27816191	0.00230646031021615
27816591	0.000694587226634769
27818671	0.00116833640024882
27819730	0.00206263575828128
27820991	0.000958536448320614
27821131	0.000532284889773155
27821141	0.00170148896443877
27821220	0.00113852892321229
27822340	0.0022193318320981
27822511	0.00116249536609902
27823330	0.00062924119344544
27823840	0.0057094132105356
27824191	0.0235441809002193
27824861	0.00183707470696586
27825001	0.000947814894433841
27825681	0.0006195168242233
27826391	0.000903042626051702
27828140	0.00439254656020515
27828601	0.000546855473811064
27830210	0.0010193863773116
27830381	0.00113648883415737
27830500	0.00727809875055603
27830671	0.0010663025742606
27831351	0.000990212200310834
27832670	0.000644863323670337
27835160	0.000755042317751419
27837230	0.016629225636722
27838931	0.000555663659648258
27839491	0.00212800525340962
27839761	0.000758011102975313
27843290	0.000734167382663637
27843621	0.0104271296022366
27844181	0.000610579632332266
27845810	0.000737727401835867
27846360	0.00361183954336729
27849151	0.00375760482541873
27849230	0.00386846579996882
27851710	0.0158034001463303
27851850	0.00812028224136563
27852311	0.00082662726677481
27854111	0.00101111558107344
27855590	0.0509774511455592
27858371	0.00560696799184368
27858500	0.00232633517804457
27859570	0.00363020237518904
27862080	0.000525135916410873
27862241	0.0548526307403766
27862251	0.000634916302651042
27862320	0.000644360280566204
27862610	0.00121076501773764
27862870	0.000529590141610733
27863761	0.0031411017412627
27864810	0.323529033126122
27865431	0.00107488393476484
27866360	0.000557009777746679
27866740	0.00290696784291843
27866750	0.629688280961753
27867631	0.000740005051718444
27868150	0.00346171895095123
27868181	0.00539810836262415
27868861	0.00160550907805762
27869360	0.0027739916999841
27869640	0.0712827851929178
27869940	0.0183651328673309
27869951	0.131538980375826
27870470	0.000564174611641809
27871290	0.00298586272463505
27871761	0.00291151547194673
27873800	0.0161204520157267
27874050	0.000562306931481992
27875160	0.000888285260350275
27875450	0.000977330735487421
27877151	0.000654258613704635
27877281	0.00172934493159517
27879010	0.000539028712215744
27879730	0.000613593865554142
27880461	0.000583662495200235
27882340	0.000566214384981137
27882531	0.00114658295582325
27885281	0.00132993126692506
27885821	0.000730509673475697
27886241	0.000720238616336194
27886340	0.0117790789123079
27886620	0.0356067321870284
27886630	0.00331082145222518
27887471	0.000600107054401945
27888700	0.00323025946083014
27891320	0.00149570121397299
27891341	0.000839743943459242
27892110	0.00881828964301394
27892150	0.0128840912959166
27894251	0.000683225250224926
27895720	0.0123578052136652
27895761	0.00204864400575826
27895771	0.000677468894757925
27896161	0.00195793622392026
27896311	0.00273244812546861
27897930	0.00151273061735434
27897971	0.00524413957552726
27899010	0.00236064419652376
27899030	0.00312053378275242
27899290	0.000985525012222443
27899990	0.00288742720510655
27900441	0.000565711314012256
27901660	0.000686924880140838
27903280	0.00345687087332006
27903320	0.000607543405931945
27903420	0.000670705473986964
27904301	0.000535237287931265
27904680	0.00052799586064195
27904851	0.0136543733191423
27907870	0.0182472349521455
27908010	0.000542202246231073
27909250	0.000667247278488048
27910241	0.00710029724728475
27910391	0.000688355576745175
27911430	0.00108277123548859
27911891	0.00151504446483773
27916270	0.00100273809726857
27916540	0.000589883289729763
27917350	0.0182536022386106
27917360	0.0176674223731999
27918610	0.0370381357401261
27919840	0.0016448256754585
27919860	0.00194035488777347
27920041	0.00288181689775391
27921510	0.000599196247660208
27921770	0.00114921661275378
27923150	0.00282415774384146
27923170	0.000685430992983465
27923180	0.000523894811728938
27923201	0.000564168561636456
27923331	0.00075830401896306
27923420	0.00161239882282719
27923751	0.000769479007548897
27924041	0.00058154123383441
27925561	0.000587150852870262
27926620	0.00223535113378173
27927601	0.00273237818848214
27927870	0.0230469765307935
27927901	0.000913376113153458
27928410	0.000679059785954556
27929080	0.000624125256113222
27929350	0.000716216760087537
27930241	0.00115106162597425
27931621	0.00184064608224047
27931840	0.000567882171697151
27931850	0.00177279999374119
27931901	0.000528503367264468
27932110	0.00106783812062753
27932830	0.000860598564763888
27933230	0.0103262054945583
27933360	0.00632941178530678
27934050	0.0021404395328297
27936800	0.00262174892619877
27937141	0.000584566060436681
27937271	0.0031667865508578
27937951	0.00809349211830296
27939040	0.000589951399011251
27939560	0.00061118912482517
27939980	0.000537649771130421
27940031	0.00657685611069407
27940291	0.00139564898701716
27940431	0.00111967939235059
27940520	0.00275249557523159
27942190	0.0011287520214196
27942870	0.000582704826816799
27943430	0.000518152331981217
27945110	0.00134261247467486
27946641	0.000840969703706206
27947690	0.000577231363183286
27948130	0.00761616108213825
27948420	0.000598065179027926
27948451	0.0131346022893619
27948550	0.000998911464271643
27948660	0.00143664316955823
27948680	0.00263227401181252
27948690	0.00151217398823944
27948960	0.000907537798709498
27949001	0.00106316943854699
27949520	0.00115878158486896
27949671	0.000593527865081935
27949910	0.00546028208332603
27949971	0.449392570918135
27950050	0.0213103811961709
27950740	0.000691850939998435
27950870	0.000532104559159139
27951560	0.0874686511569523
27952140	0.000554698018920577
27952151	0.00216583059726585
27952711	0.00104696989435696
27953541	0.00075168454894906
27953800	0.000940756878767348
27954050	0.00098149632853878
27955580	0.0283064262079461
27955850	0.00217870007492997
27957261	0.00297388159392805
27957271	0.000644068944478403
27957380	0.00142040857981225
27957760	0.0065262696341715
27958200	0.000672018728602683
27959580	0.0006774424674334
27959741	0.000889514858996598
27959960	0.00228301912323118
27960721	0.00187983546358261
27961490	0.00373060439680802
27961890	0.00127063757110473
27962371	0.00321563826287639
27962480	0.00441943234766417
27964540	0.00483217192500789
27964561	0.000782297550945915
27965110	0.000924734499367117
27965210	0.00148382887337435
27965350	0.000666800883253179
27965691	0.000667541260163232
27965900	0.000643143948400475
27966101	0.0123193471601205
27966200	0.00408849318379137
27967881	0.00266768586822515
27968400	0.000738230729430834
27969111	0.00068690534148438
27969520	0.000682704211472496
27970651	0.00743417429903931
27970921	0.000989338812347353
27971170	0.00184386464733309
27972410	0.00303223955937222
27972441	0.00384196859713878
27972520	0.00322146241277682
27972721	0.000615991363711555
27972830	0.000721219497540074
27973131	0.00558113442606572
27973141	0.000602419766148125
27973770	0.000800033313567078
27973890	0.0015852881924037
27973951	0.000527577532252256
27974210	0.000753964285318106
27974231	0.00192376415032394
27974880	0.000600443795138476
27976421	0.00138599220582525
27977200	0.0616556674528581
27978870	0.0116098220065284
27979270	0.00227930127905691
27979471	0.0315521159442951
27979881	0.00439511486588
27980011	0.00278048473573889
27980981	0.000613027953646928
27981111	0.000636847158435506
27982340	0.00489315930203799
27982511	0.0015127595924226
27982610	0.000636304218769265
27982740	0.000544440180887873
27982860	0.000579653356070817
27982931	0.000622603682427298
27986501	0.000697797683496009
27987310	0.00274810241434482
27987410	0.000694920092316759
27987450	0.00154883390116199
27987980	0.000730675812147676
27990351	0.00059475314899057
27990791	0.000737096223773555
27991010	0.000734739100319104
27991020	0.00113230385249115
27991030	0.000740616705505098
27991071	0.00090469416799248
27991130	0.00118259759771449
27991181	0.00134609555057789
27991270	0.000719363821508166
27991860	0.00144895491311664
27993060	0.00116593499980467
27993080	0.0023011020843298
27995980	0.00155393814081209
27996370	0.0016020223888542
27997920	0.000596798952471631
27998491	0.000713130138739385
27998990	0.000598757509346449
27999051	0.00168314916182903
27999160	0.000596076120208549
27999280	0.000690278332628099
27999341	0.000662009558440949
27999440	0.000857475014105672
27999471	0.00181059851087663
27999481	0.000768385144586063
28000670	0.00676016257923505
28000861	0.0106246456980388
28001500	0.000840503082639379
28002180	0.000552740851412159
28002300	0.000587828288726728
28004410	0.000667281431013522
28005610	0.000908235741300453
28006750	0.00063151968874246
28007310	0.0006772254933911
28007580	0.00161110044130815
28008100	0.000836910404919886
28008690	0.00683454873264273
28010511	0.000610075995944827
28010740	0.00394404572031552
28010870	0.0021145691900521
28011280	0.000779618017857143
28013490	0.000508856531273399
28015580	0.000595854716760894
28016031	0.00325926469914255
28016851	0.000510099266719247
28017261	0.0197897056603058
28021121	0.000631716157019389
28021220	0.159424238212599
28021360	0.000686466078217678
28021821	0.000593874066559823
28022631	0.000717856619938878
28024400	0.00510308718917746
28024721	0.00389032572984642
28026580	0.0028595608703452
28027550	0.000530695415764465
28027591	0.00142098299719461
28028691	0.00221176543454179
28029790	0.00247323371091628
28030081	0.00114630078872485
28030750	0.00720132509296134
28031051	0.000599740829852021
28031290	0.000818702643286684
28031300	0.000928474310602177
28031311	0.000835118579315133
28032561	0.000634851512849254
28033941	0.000628291030209392
28034030	0.000527071055065794
28034221	0.00154999364219073
28034491	0.00417471831034309
28035201	0.00159947897152586
28036950	0.000516060750896998
28038330	0.00221229136489866
28039201	0.000618958504661979
28040100	0.00110291506229274
28040151	0.0066027092946094
28040161	0.00092434360100735
28040301	0.00124393273936177
28043170	0.000952832893091791
28043540	0.00412741917169811
28044011	0.0237321975920075
28044650	0.000573041043040322
28044701	0.000525794667719465
28046231	0.00623222326401542
28046371	0.00214043304282206
28047130	0.0525664029870528
28047260	0.00300010182899509
28047311	0.000648367001209477
28047710	0.00700859796656871
28048100	0.00064227400389088
28049261	0.00071206863231622
28049370	0.000864722565664935
28051300	0.00222249293941601
28052130	0.000842018611640921
28052390	0.000807074758904685
28052431	0.00064535348925205
28054221	0.00134462816297328
28054901	0.026298053378692
28055891	0.000539455247973983
28056790	0.000755969007819988
28057490	0.000531296336984301
28058361	0.0742936546569752
28058481	0.00215808084939848
28059051	0.00129783447195095
28059140	0.0065378252220295
28059201	0.00246308413190466
28059540	0.000734701365944093
28060090	0.000514871465680407
28060400	0.0327376472619007
28061080	0.000519951450913028
28062710	0.00263977368535017
28062880	0.000510013943672448
28062990	0.0053730014652953
28063010	0.000665143293174603
28063031	0.000531889022688761
28063061	0.00133793520646796
28063160	0.00442528636322453
28064680	0.00052050734268115
28064960	0.00254911779141287
28065330	0.00216314637739824
28065391	0.00337321966810772
28065640	0.00126181871473733
28065900	0.000947414676931246
28068530	0.348498211587527
28069381	0.000786347604678165
28070081	0.039933480679697
28070501	0.000551005763465229
28071270	0.000899284482774488
28071741	0.000787522797152758
28072360	0.0205678546700871
28072561	0.00103713376720039
28072920	0.000516739102374295
28073330	0.00502331641270437
28073401	0.000586792850008362
28076780	0.00211633941426097
28076950	0.00229890741815266
28077210	0.000541614619806808
28077510	0.000578047123736068
28078590	0.000745258454044438
28079461	0.000652396220251242
28080431	0.00349159652686591
28081490	0.0279471340378875
28081541	0.00126354682674626
28081630	0.00167246734038608
28082310	0.000670701154092232
28083830	0.000575878984722503
28083980	0.00249193400085996
28084260	0.00122542140960389
28086221	0.000704994998964836
28086621	0.00123433554399538
28089941	0.00113594884354498
28090730	0.00640496885015693
28090911	0.00195230749685173
28091280	0.00157606894878413
28091721	0.000768244027786226
28091871	0.000513691242276618
28093080	0.0153466973286185
28093200	0.00127537937102733
28094440	0.00179567062685085
28095331	0.00376286374528455
28095700	0.000525159659682508
28096250	0.00331112985752146
28096650	0.000622011405468054
28096821	0.00065149403388583
28097220	0.00123211138696744
28097241	0.00204364891888548
28097671	0.000667620617548587
28100110	0.000592181951235796
28101791	0.000807945112029531
28102150	0.000694806277980683
28102160	0.00242820147309919
28102850	0.00457668434765722
28103461	0.00082491055437336
28104141	0.000538819452386785
28104711	0.00126926262723241
28106160	0.0133578770078577
28106201	0.000551054149437134
28106751	0.00232449338835243
28107970	0.0136419716562127
28109070	0.00225431265606282
28109121	0.00102635422692704
28111171	0.0335945402606735
28112670	0.000779122275108732
28113941	0.0138989336201298
28114990	0.0021520036918438
28115301	0.00437444990926644
28115390	0.00130005648882886
28116411	0.00141377509404598
28116500	0.0033675260177914
28117620	0.000558056980202323
28118430	0.000710247199641708
28120291	0.000808922515450999
28120421	0.00410249993712169
28120950	0.000943827420698537
28121101	0.149736375340033
28121350	0.0370136561116406
28121401	0.000911890069864005
28121651	0.00466924015131565
28121801	0.000627343879266201
28121931	0.0143118483567558
28123830	0.00101984822002153
28124291	0.000525817261780711
28125080	0.000721543715187191
28125090	0.00298092549914789
28125220	0.00331277692545267
28127270	0.00259063888383848
28127581	0.000606895097216313
28127840	0.000634230728881547
28128780	0.00464039489030175
28128821	0.00212323905307778
28129241	0.0221622291445705
28130580	0.00202426731134064
28131690	0.00174268963412045
28131741	0.00150983737433392
28133780	0.000691123355376409
28133791	0.000833030984647657
28134450	0.000828279086649595
28134491	0.00181604479689452
28134911	0.0034196814170494
28135140	0.000877828855276951
28135601	0.000915285355957947
28135960	0.00228550943248529
28137870	0.000630188085049049
28140291	0.047338740656651
28140411	0.000588610413844901
28140681	0.000744816026522307
28142330	0.000629062859731419
28142440	0.000989477499947424
28142570	0.00308349002721744
28143410	0.0102560638168872
28146320	0.000632761088828651
28146600	0.00192566980886022
28147041	0.000531889658441698
28147120	0.00133797587233878
28147400	0.000654272163379829
28147871	0.000736505942959968
28148421	0.0141956680738715
28148940	0.000603463111973748
28149070	0.00778837902263826
28151120	0.0112252260145215
28151540	0.00508437698476905
28152500	0.00409804873772
28153931	0.00196688420084862
28154201	0.00106361362122275
28155830	0.000928403909176593
28156390	0.126458711108298
28159041	0.00164426773570979
28159051	0.00101595477495818
28159140	0.00133514434449211
28162020	0.00216262611503947
28162211	0.00224082953313141
28162341	0.0007227068000501
28162911	0.000602770708795502
28163290	0.000592711911830089
28164250	0.00297063743541223
28165241	0.00218495950767193
28166170	0.000516739102374295
28167150	0.00067382959818538
28169070	0.000616343549247775
28171041	0.00209415869901085
28171301	0.00161503996479682
28172401	0.00251414374449459
28172561	0.00207827963467251
28174180	0.00078030325241626
28175591	0.00297747114559101
28177791	0.00603469451254562
28178830	0.00112316326643855
28179150	0.000662143805233032
28180630	0.335004555090541
28181360	0.000811967757092433
28181760	0.000582451403782995
28182450	0.00233334102192487
28183390	0.00733905380482665
28184780	0.00196694255414544
28185040	0.385195557520967
28185910	0.0018816689850669
28186280	0.000834212373901786
28186631	0.000540926106787412
28186980	0.000909435474308531
28187120	0.00214291008808744
28187260	0.00083568788186652
28187670	0.000597032753700133
28187700	0.000626135860289432
28188900	0.000759095953502601
28190710	0.00120409938723144
28190870	0.000527209768404418
28192001	0.000598225085153617
28192080	0.00175594366936098
28192121	0.000729677551598576
28193900	0.0129915009255784
28194020	0.000945215144922827
28194040	0.000611126340027934
28194061	0.000741916971451383
28196070	0.00189315795063246
28197760	0.000569133374306153
28198471	0.0290873260414274
28198850	0.0018504639837789
28199010	0.00214640473432827
28201801	0.00071350471654985
28203321	0.00457711231017638
28203530	0.072844145357198
28204350	0.0296280639180368
28204630	0.00383011733996686
28205470	0.00222117193375983
28206341	0.00274456253350898
28207851	0.00212083396526431
28208630	0.387508123891904
28209231	0.00198576637930564
28209730	0.000940521666235131
28210051	0.0195020400341699
28210611	0.00873685022105084
28211321	0.0495852098169542
28211420	0.000786565160767192
28211711	0.0010020962100958
28211871	0.00061568277795489
28214191	0.000601478234170063
28216650	0.000747182191806938
28218461	0.013364520676589
28218611	0.00209551401782297
28218830	0.00126470178294841
28220541	0.0497456737951001
28221330	0.000584908935371721
28222160	0.000990465604278351
28222331	0.000699278033449264
28222901	0.00193257028112597
28223960	0.00223740185875465
28224230	0.000544684975791503
28224660	0.0024126262886465
28224681	0.000674898651028889
28225371	0.000589066104807317
28226590	0.000912190470999384
28228100	0.00104603752631698
28228281	0.000619084484704478
28233310	0.00201439046468257
28233661	0.0019523347822418
28235530	0.000562264690028346
28235810	0.0013641934755262
28236770	0.00203071061456566
28237450	0.000629794970429061
28237460	0.000705940605601711
28239451	0.000827791011001503
28239571	0.000698216265789643
28240240	0.00148267561783465
28241070	0.000724121509913521
28241610	0.00486000327310614
28243431	0.00109483757418
28243540	0.000955867120970604
28243550	0.000614566586356228
28244131	0.00058800846375685
28245040	0.00065547044975046
28245231	0.000514093702454836
28246020	0.00271861147836326
28246341	0.00128317188043818
28248620	0.0200735127039968
28249091	0.0053458648060195
28250840	0.0016317031851938
28255711	0.0010379053353327
28267820	0.000826820346725444
28270071	0.00137874027573293
28270860	0.00158459051550283
28272951	0.00590594970310883
28273651	0.000618980359453247
28274560	0.0035834983032709
28276141	0.0023636387974269
28276360	0.409702507224601
28279250	0.0880427429233252
28279940	0.00334618469948378
28280661	0.00232222556163975
28281030	0.000849177913428737
28281081	0.0013386702254998
28283380	0.00592705641302003
28286310	0.000705082045252934
28286430	0.0157693431606883
28288821	0.0219898771365647
28289300	0.00375379817108526
28289351	0.00155783808627956
28289460	0.00181619821678011
28291561	0.0017371224119304
28292240	0.00394444119116055
28293440	0.00386107177484382
28294751	0.000534046087363481
28295861	0.00509001828006921
28296531	0.00827101386104838
28296640	0.000851759990250815
28298420	0.0224225249416598
28298580	0.000767819113676728
28299670	0.000948944576607945
28300671	0.010307810786862
28300780	0.00635720153071384
28302201	0.00705900630500109
28302461	0.00177712786600325
28303690	0.00188000863287279
28304380	0.00334247790772107
28306130	0.000903001920117686
28306170	0.000566892002352907
28307930	0.000736895805097099
28307971	0.00883961324146209
28308060	0.00855728377932365
28308360	0.000685089785378741
28309781	0.0223287622338876
28312271	0.000935088382238085
28315031	0.00263887952418988
28316490	0.0205664245341613
28319800	0.000536826320054007
28320671	0.0252155390151595
28321071	0.00115627620650629
28322461	0.000572115849776745
28322751	0.109279694004498
28323370	0.0633633086466851
28323530	0.000833384167538732
28324811	0.000963524608302147
28328241	0.00577177840923934
28330140	0.0120253723595266
28331971	0.0129945280316117
28338010	0.00280019666862379
28340681	0.00129433767230937
28340801	0.0037586809450976
28341860	0.00419415547010307
28349320	0.00108952823151581
28356391	0.0010715069031192
28357850	0.00253099212373408
28359411	0.00474245518875522
28360480	0.0543051320172482
28361730	0.000803025925749049
28365921	0.000745867034731637
28367971	0.00163857322061208
28368890	0.000649634142382146
28371110	0.00515325726136336
28372510	0.00195728710736864
28376080	0.00202942350522361
28377351	0.00214564812622981
28379291	0.00103764718029592
28380490	0.00300494655633138
28382280	0.0303522561815258
28382581	0.00175430082169862
28383431	0.000731595823649714
28384080	0.000850894950704918
28386741	0.00113017037388348
28389300	0.000806030020502609
28389710	0.00217488791623258
28390820	0.00088843198602763
28393911	0.0031286586223772
28395250	0.000647681118677673
28396340	0.00786309591903988
28396490	0.000529363983207348
28398290	0.00119092262526935
28399711	0.00760046351682477
28401850	0.00520611116805959
28402191	0.000626037279132039
28404200	0.000572587367361033
28405440	0.00186698274961587
28405880	0.000512723910380699
28407421	0.00168729421479923
28408900	0.00755870625231768
28410530	0.0019284404054921
28410731	0.000689806084560423
28413440	0.00190878554597725
28414690	0.00309925862396104
28416111	0.000599310854320928
28418010	0.00330321708426198
28419151	0.00295678451300751
28419421	0.00363313271829116
28419971	0.00135940561224182
28420511	0.00189050326852745
28420880	0.000686447850767999
28423271	0.000915031144841929
28423281	0.014088426462553
28424610	0.00399621196937825
28426710	0.00114799142614112
28429201	0.000766295066633911
28429730	0.0026282135399519
28432180	0.000898794374835429
28432391	0.00197245524344924
28432600	0.000627754240844853
28433771	0.00082395247638462
28434721	0.000968564037779075
28437040	0.000910727852060965
28438451	0.000573252107504252
28438601	0.00249099064789676
28439541	0.201972123271538
28439660	0.00632998573942075
28439940	0.00518271325198381
28441030	0.00296607645753491
28443821	0.000571433628553761
28444781	0.00187205216729937
28444791	0.00711363875165234
28446451	0.000518784535382408
28446560	0.00109022448893482
28447780	0.00107245591851385
28448600	0.00222642967144606
28449880	0.0014374528790073
28450290	0.00120864696658925
28451640	0.00148852062430711
28456511	0.000867587881185513
28459770	0.014308939403213
28459940	0.000737827282197889
28460091	0.00182167284740412
28460521	0.000757374353045221
28461201	0.0438790158347424
28462150	0.00477430410273004
28462550	0.00281138091101008
28463500	0.0170684514243985
28466041	0.000979563181389925
28466690	0.00220544076493543
28467080	0.000657082252301794
28468760	0.000840720360920368
28470441	0.0021165459897091
28471681	0.00360533650029826
28475350	0.00191476949462622
28475370	0.0510223745292079
28476080	0.00074424797461167
28477191	0.0196872181727123
28478800	0.00178695221414106
28480661	0.000640661020827726
28481040	0.00353526903385715
28483151	0.000599045814146884
28483240	0.00262374797244149
28485310	0.000735743145124225
28489191	0.00240147803894055
28490560	0.00221993760009072
28492480	0.00151466546147833
28492791	0.156419144232665
28493351	0.0283321339315747
28495001	0.00122310855821922
28495520	0.000733685497096561
28495640	0.00135061063476183
28495701	0.00127617140667746
28497150	0.00156375739390012
28498680	0.000664606957261659
28499210	0.00231703945579866
28500200	0.0125054178074508
28500381	0.000591044687076239
28501590	0.000695474673798176
28502451	0.000537204462761563
28503141	0.000532537556193915
28503510	0.000735343969959446
28504941	0.00310703302764525
28505071	0.00054032234786709
28506520	0.0010303143147289
28508381	0.000743344645673855
28511121	0.42394478380832
28514731	0.00162247705905613
28522530	0.00076614703430037
28523490	0.00215722164571116
28525461	0.000701288047846141
28531411	0.00112450258209312
28532340	0.000760336149593952
28533550	0.00268726502665306
28534701	0.000604636817967962
28534930	0.000617997186186653
28537290	0.00119800069900694
28539070	0.000961850269379134
28541191	0.000517395048959377
28544720	0.000621856326072831
28545481	0.00652793155501635
28545850	0.00111745898602962
28546841	0.000553288649575423
28548231	0.00100003330311044
28549440	0.000659365094470469
28549751	0.000582929279157913
28549980	0.00290151552755363
28551141	0.000765995398240762
28551681	0.000831947712352857
28551900	0.000538301739819928
28552521	0.000803103575511265
28553030	0.0344082572871653
28553321	0.011234942396848
28553840	0.0181968303070186
28555001	0.00508183306128434
28555801	0.00064615432764101
28557560	0.000698529090902464
28558540	0.00982984049792394
28559080	0.00934333264809275
28559531	0.000583223225065477
28560030	0.0986934401487517
28560730	0.000515916766087172
28560911	0.005501756270707
28561071	0.000713795236850317
28561450	0.00052052243899571
28563760	0.0204125184897774
28571510	0.0011411061421726
28574540	0.000785792193084142
28575681	0.00412807858124497
28577751	0.000534029476696903
28579121	0.00634747859996046
28580470	0.0100083752479619
28580771	0.00677833106244039
28581000	0.000927873326675608
28581191	0.000781521109257353
28581580	0.000851306226975895
28590690	0.00223759274071719
28591930	0.000544996719781625
28592091	0.000994043949171772
28592371	0.000617753604386572
28594861	0.000651660421723453
28596880	0.00098542572668573
28598291	0.00427708560503669
28599790	0.00102378140716685
28600371	0.00953487341039687
28602171	0.00466730943655566
28603630	0.000719211225027157
28604440	0.00112680257654301
28604620	0.00073084501772835
28609410	0.0145844844073153
28610250	0.00294770579730137
28610281	0.00146014369968929
28611790	0.000593662451122697
28612040	0.000796323672621723
28612730	0.0012964891272716
28614031	0.000945600357156028
28614851	0.000597758080328481
28614981	0.00129170790770242
28616020	0.000773977478366095
28618151	0.0230918349932066
28618370	0.000786625189983516
28619100	0.00217549052733017
28619200	0.00120281745095771
28619210	0.264909875055312
28619630	0.00221803951393527
28619640	0.000521301951013479
28621830	0.00309168895317056
28621891	0.000686412646084851
28622640	0.000970184189666236
28622820	0.00064097395557012
28622920	0.00312610675099522
28624870	0.00208828776113839
28624990	0.00224384583328742
28625690	0.00171160914753542
28626670	0.00342691678420522
28626701	0.000569338964912212
28626800	0.000721960837163882
28626810	0.000521659092394884
28628990	0.000796335904015177
28631500	0.00946483570205454
28632771	0.000539492509032336
28633300	0.00619719540486982
28633970	0.00460936867761896
28634400	0.00383029491498751
28635070	0.00110900862461539
28635880	0.00154112666199032
28636580	0.000626130841093593
28636921	0.00125078327194122
28637871	0.00116543695606869
28638500	0.00108544239581813
28638640	0.00120322828258398
28638950	0.000613316011860065
28644730	0.0407547099162905
28646431	0.00290589028669104
28647801	0.0186124940247391
28649570	0.0203439257202286
28652771	0.197291611137489
28657270	0.00409137090322995
28663050	0.000995407285200534
28664610	0.000909699521495164
28665140	0.00358326389507245
28667220	0.00227637558197526
28668501	0.00241818030425923
28669020	0.00189858006782675
28672761	0.0106243874366765
28675740	0.00640836119597462
28675801	0.062439605970266
28677680	0.00127344436114479
28679780	0.00200580891742534
28682291	0.000737173670184026
28682380	0.00134566041507965
28682831	0.00056706739829324
28684580	0.00827491012302669
28685000	0.00237603329035195
28685471	0.00364955244618307
28686571	0.00360009010067804
28686920	0.00128150366702143
28689990	0.00255184160908844
28690080	0.00421720678183101
28691760	0.000677639872462328
28692071	0.000628492855231916
28692310	0.0110736325734549
28696430	0.00219975914383893
28696840	0.00471816181591804
28696980	0.000586248030671448
28698431	0.00102404074077606
28698790	0.000796412745655835
28700870	0.0127835056140202
28701171	0.002436732303164
28703220	0.00187808639620246
28706561	0.00141346649368485
28707340	0.000694251428385358
28707931	0.00165125851186219
28708150	0.000815040468085454
28709881	0.000563954114415476
28710390	0.000887475627173104
28712761	0.000727033151776565
28714421	0.000661396338794704
28714660	0.000739395642194469
28714920	0.00532706302511881
28715101	0.00287484823874811
28716310	0.00429404500420203
28716460	0.000665985697064481
28717420	0.000747061975497314
28717851	0.000802981872216765
28717980	0.0019515114794267
28718520	0.000886615717315187
28718810	0.00419014209055084
28720020	0.00244060996513291
28722250	0.0230959652886146
28722910	0.00193165601743181
28722940	0.0139888046871553
28726500	0.000726654966348176
28727910	0.00099747594376033
28729161	0.000717992669994412
28729591	0.000638151272173641
28733570	0.00242805751642942
28734151	0.00227216099423847
28735640	0.00605441177753269
28736211	0.00151537896129175
28736860	0.000790269314254499
28736901	0.00169523660192559
28741031	0.000852181474472368
28741581	0.0204853287818756
28742090	0.00158354203979862
28744751	0.0197660073790643
28745540	0.00980079540624474
28746001	0.0010750282649147
28748700	0.00450860677200637
28749270	0.00087965375455568
28749851	0.000967885106327421
28750701	0.00194328483488637
28752211	0.100439356505744
28753830	0.169204422112011
28754350	0.0016792163141155
28754821	0.000778948693488401
28755200	0.000670579839190732
28756160	0.000898464584198403
28756170	0.000586043255628377
28757280	0.000534182649080275
28760891	0.117205949686759
28762500	0.00305719273086217
28762951	0.682065347001851
28764280	0.00195250450213447
28765960	0.000593392342005497
28767661	0.00163055010827594
28768211	0.00705787817332428
28768450	0.00346206132653524
28768830	0.00237020933394835
28770271	0.000723617372024756
28770961	0.00107180782139195
28772460	0.000653630362527927
28773321	0.000696791186986841
28773560	0.000625374903181179
28773690	0.00151544104877182
28774141	0.0054634669410155
28774220	0.00122234085578909
28780300	0.00399105027700673
28780341	0.00321397742958973
28782951	0.00199017580964128
28783320	0.00137486780479801
28783340	0.165431824408263
28784040	0.00249973448290758
28785031	0.00103318089445539
28785550	0.00219298491555777
28785950	0.000642045445360116
28786821	0.000544855422715474
28787231	0.00079817011347818
28788460	0.00924875700465841
28789451	0.00091995028950022
28790350	0.000574516635737204
28793311	0.000831964028283567
28793380	0.000902092082951599
28793540	0.000963649251261855
28793830	0.704490384480939
28794520	0.00104113916714338
28796170	0.00246804393786489
28796491	0.0694699015646046
28796631	0.000549532218640688
28797270	0.00211529749770133
28798561	0.000534136398802278
28799890	0.00241063417930497
28801010	0.00860737763893404
28801410	0.000667226455848009
28802940	0.00415158827033173
28804491	0.000527076118196173
28804980	0.0483393879841814
28805571	0.00052614782590936
28806940	0.0298957204679415
28807480	0.000654063686570772
28808010	0.000743378280805268
28808471	0.0268826928809019
28809000	0.000703046886151265
28809581	0.00645309893659699
28813140	0.000991929179999335
28813841	0.00299471237215621
28814110	0.000785732400739074
28816450	0.0032382888507341
28817390	0.00127391655930967
28818240	0.338327558931521
28818370	0.00326812053626609
28818630	0.00289557123766059
28820160	0.000705775925967075
28820410	0.0885442228057181
28821540	0.00352903159023897
28823320	0.00269370817320242
28823501	0.0234348927091295
28824351	0.000654772737382776
28827231	0.00337137908503839
28827880	0.003031994672401
28828030	0.000868700042003482
28829270	0.000788550859105339
28829981	0.000687217555823434
28831890	0.00203047620415905
28832150	0.000689291895884878
28832590	0.00100150844639893
28832850	0.000754668804097442
28833410	0.00138307672377752
28834961	0.000674173571110421
28835231	0.00114240245963686
28836061	0.000757923551201776
28837650	0.00054979051510106
28837701	0.000573487663972684
28837711	0.00222304288413226
28838510	0.00358837289780616
28838790	0.00723157522394548
28839081	0.0154547204714512
28839740	0.00205586387270775
28840150	0.00420854153659866
28841301	0.00126252109547572
28841550	0.00266746855020247
28842790	0.00328402630905838
28843210	0.000852360349641039
28843740	0.000610863792361675
28844611	0.00245164136065058
28845260	0.00335413201347886
28846831	0.00399681082767175
28847340	0.166781030453001
28847900	0.00101530379084763
28848481	0.00108619924821105
28850090	0.000522994906468526
28852211	0.101797163211054
28852410	0.0174751474275921
28852731	0.000671215659799797
28854490	0.0037390334789895
28856860	0.000598014326637873
28857171	0.00248906792441668
28857970	0.000793445544354843
28858801	0.000940350003859561
28859170	0.00311159187428064
28859600	0.00182920592128484
28860300	0.0105097304105191
28860601	0.00846878125780434
28862920	0.00141060078163573
28866240	0.0426534079931643
28866541	0.00238273644606402
28866770	0.000969336211989072
28867491	0.0030569488783874
28868471	0.00110643126941827
28868690	0.000821396907162646
28868720	0.0014154568733399
28868741	0.000622507696417106
28869281	0.0181763454774907
28869510	0.00197888589799966
28870640	0.0265290385655558
28871480	0.000676259457844388
28872140	0.000709813131345038
28874510	0.00285626335308312
28876680	0.000592094730073288
28876710	0.00988565221876017
28877171	0.00583700863430944
28878401	0.000724916106060459
28878521	0.00167885615373077
28879880	0.669048858285901
28879911	0.00117006690365787
28880030	0.000532684765326719
28881380	0.000995271577508443
28881930	0.00651717996961484
28883850	0.00533899762872397
28887170	0.000789648554616387
28888860	0.00401932178687756
28889711	0.150446350869301
28895091	0.00296812572872958
28902811	0.00218823128523206
28905991	0.00323717891176287
28906681	0.00404436279134293
28908321	0.000655957081862985
28913011	0.00231488633466666
28920000	0.00283190038712859
28920461	0.156714701354151
28922210	0.000589876825891353
28923860	0.00537808106460404
28924331	0.00547608325336558
28925441	0.0143095886094054
28925571	0.12367025602357
28925841	0.000873106199320582
28927361	0.00285532835567487
28929571	0.00108720644289716
28933011	0.00157747473686596
28934261	0.00110128640619985
28934340	0.0139597135605332
28938131	0.00191404502564882
28939351	0.0214800249351521
28940031	0.00105614805531721
28940601	0.00312107431377737
28940690	0.00222677279004829
28941940	0.00322875206864772
28943091	0.013786234773809
28945360	0.00206274652798458
28946620	0.00329558947120301
28947590	0.0422736478136367
28948680	0.000969353164972431
28949120	0.0074341483279992
28949520	0.000555377318492832
28950490	0.00328878690922964
28952260	0.000646304878061965
28952321	0.000851521521357981
28952601	0.00059108249519511
28953571	0.000652370279344289
28954890	0.000516420738270242
28954920	0.000611741347169993
28954931	0.00158339455576649
28956611	0.00188626328123878
28958661	0.00208814929373761
28959170	0.0017455565039191
28959201	0.00126505468903425
28959980	0.000630559610313518
28960051	0.00402661866481047
28961141	0.00441042141330959
28961820	0.00339387241677457
28963730	0.00335552624303088
28965940	0.00298650927933628
28966811	0.000536552251529014
28967980	0.000508441792933225
28968041	0.00142333640818822
28968990	0.0270442145659814
28970230	0.000715947113573389
28970360	0.000772078342233169
28973500	0.00157076957840908
28973540	0.00150450269356956
28973810	0.0012813975084321
28974760	0.000870768483046243
28975850	0.000869637572805037
28976280	0.000556275457759429
28976430	0.0840336395740287
28976970	0.000727416774111512
28977110	0.00103221718207602
28978080	0.000625243931104246
28980530	0.00373657545858651
28981800	0.043476046514308
28982470	0.00116622612271397
28984041	0.000975189472758646
28984160	0.00194962250792185
28984260	0.00212333605508402
28984390	0.00301867248038146
28985691	0.151366919424677
28985810	0.00848379681775247
28986600	0.000871279404546123
28986791	0.000617273198303413
28987201	0.00483234884165946
28987501	0.00260154958361434
28987840	0.0013041386743464
28987980	0.000544747966441388
28988430	0.000628946606545151
28992700	0.00821102110947707
28993770	0.00102684159902828
28994531	0.00200083527099921
28997770	0.0010037753971766
29000690	0.000508856531273399
29001380	0.00102763930472756
29001650	0.0128154049074959
29001950	0.00122581175271705
29002111	0.059207432339974
29002261	0.000609081455679053
29003570	0.000551004018537232
29004031	0.000592175829208033
29004940	0.00108677430284246
29005380	0.00209313750926896
29006500	0.00155738428174541
29007150	0.00160045458448494
29007771	0.0563023196099892
29008260	0.00442279900393229
29009810	0.00298237518099547
29010490	0.000582499992121545
29011310	0.000693783671672382
29011560	0.000952790990687366
29013400	0.00107282918994249
29018910	0.00077344245850425
29020741	0.00159679403716499
29020810	0.330505623235651
29021920	0.000561158172515617
29022350	0.000930542876648844
29027160	0.000781879081418887
29027341	0.0204029083903038
29027491	0.00987534607117568
29028451	0.00355916153039639
29030330	0.000719339834400641
29033380	0.000662126167694067
29033390	0.000682402631018805
29034070	0.0108154445558931
29034320	0.00404643703363313
29034490	0.000553036907801278
29034610	0.000561894857983601
29035331	0.000753817743498095
29035771	0.00307714659590525
29037100	0.000621117988811502
29038241	0.00437984714117137
29040110	0.00102917721901005
29040280	0.000630119574637299
29040871	0.219555505084645
29041401	0.0832743574317771
29041411	0.00100185930222305
29043320	0.00170316634840647
29043740	0.00067938379669423
29044270	0.00411478900807859
29044311	0.00112811539014232
29045810	0.000661149256229554
29047970	0.00276083277970772
29048441	0.00185730231783368
29049541	0.00194390932386576
29050600	0.00283528518406137
29051040	0.000992894220350396
29051570	0.000705928631232458
29052181	0.000774379350519821
29054070	0.000854957902887488
29054241	0.00100481531036147
29055201	0.00102397900867643
29055481	0.000604543628377066
29055700	0.00200997461033004
29055751	0.000725823208885887
29056150	0.000650075847327758
29056560	0.000516739102374295
29056700	0.00060475829626012
29056970	0.00114393377694063
29057900	0.000532803314430365
29060000	0.000656768140250479
29060970	0.00112237534412978
29061220	0.0103979863653611
29061561	0.000599348953794636
29063580	0.00224882986815247
29064171	0.000756857929825334
29065271	0.000564115980673148
29066781	0.000536874340226341
29068000	0.000949575357702581
29068321	0.000541230105625367
29068451	0.000508856531273399
29068540	0.00418024342508645
29069110	0.000508856531273399
29069630	0.000549759928572822
29071191	0.00126917895442182
29072721	0.00681465379523298
29073380	0.00421184169279151
29074730	0.000752112333489886
29074760	0.00433099375791286
29075860	0.0109726717801802
29077261	0.000725418687667599
29077401	0.00413777715538077
29077900	0.000655161404531468
29077920	0.000922513563031882
29077951	0.000771684405311577
29079420	0.00496067648746388
29079430	0.000762313637017467
29080721	0.00680057245790457
29080830	0.000737753608303449
29081281	0.0020526926665154
29082350	0.00111958903414067
29083631	0.00402107347931712
29084981	0.000686556605590169
29085141	0.102445708496944
29086111	0.000743280361282291
29086450	0.00123839673489976
29086480	0.00288330389365574
29086620	0.0035353675417123
29086740	0.0838578215390686
29086750	0.385434836716811
29087881	0.00179066988572904
29088161	0.0136122745746989
29089121	0.0006014086856738
29089210	0.000908190795383337
29089230	0.00149605184503154
29090320	0.0118757384922258
29091010	0.00314797657312858
29092021	0.000922184175685083
29092031	0.00206171134412063
29093261	0.000784616476423504
29093660	0.000620857871580518
29093930	0.00271359930658956
29094310	0.000752807515022329
29094361	0.00152294304968108
29096130	0.0211207620820368
29096280	0.000599940861648976
29098610	0.011880167014525
29098750	0.013557240267411
29098870	0.00980067138773158
29100400	0.0017380454545477
29100851	0.00076656421571895
29101281	0.00148780323408487
29101760	0.00582774999845071
29103040	0.0014437448065268
29104520	0.000730127952239847
29105500	0.241274445832893
29105971	0.000651706865619528
29107140	0.000521455267035125
29107180	0.00176063418015197
29107590	0.00670914327042292
29107611	0.00202954107855886
29107761	0.000606012899059453
29107860	0.000714912234366816
29107980	0.0039946348342781
29108540	0.000590473580718648
29108970	0.00296873973603601
29110310	0.000701087511354772
29110450	0.000703295246169156
29110750	0.0253378060264374
29111420	0.00162879137448109
29112830	0.000931404099670828
29113070	0.00331899672811992
29115201	0.00106246440003177
29116680	0.00478836155282942
29117671	0.00103108968195277
29117760	0.000585968196846746
29118081	0.000737454281490207
29119000	0.0006118532499612
29119481	0.0350000466325891
29119901	0.000550620439386278
29120571	0.00108755393759165
29120830	0.0017265658520733
29122641	0.00100632809133404
29122880	0.0005653358719767
29123010	0.00106820843841447
29125121	0.0006508098738426
29126381	0.0235306601185202
29126580	0.00094761383122203
29127211	0.000641659222724919
29127550	0.00176720546403381
29129251	0.00208841286505837
29129370	0.000943545363461765
29130661	0.000740002899617024
29131030	0.000549750127817016
29132981	0.00695328003490202
29132991	0.000608068162578868
29133401	0.000824672017468682
29133900	0.000526814843120804
29134480	0.000595286018249986
29135440	0.000536125244345644
29135601	0.000517395048959377
29135970	0.000909214418765813
29136451	0.00144323653419259
29136520	0.000520168076105418
29136800	0.00121976567106184
29137780	0.000901121552545375
29139071	0.000627193789880902
29139850	0.00424108234117603
29140810	0.0355219592202823
29141821	0.000947634577685832
29141930	0.31415286971144
29142330	0.000655854756417921
29142791	0.000563990889261925
29143990	0.00132207787207631
29144110	0.000740690511269522
29151731	0.0672527829747086
29154190	0.00445004755988865
29156400	0.000572804070041422
29156431	0.00216527380972101
29157770	0.00568005140808006
29157941	0.0566196782762966
29158190	0.000622863147373179
29159830	0.000735271240718251
29160011	0.000743650747021381
29160660	0.000591198652950432
29160830	0.000667840043072896
29161691	0.00311427573367503
29162310	0.000730510699680977
29163420	0.00137806335983211
29166101	0.00140103846265473
29167881	0.00052050734268115
29168301	0.000956326288230401
29170241	0.00398337434668744
29174361	0.0050146520677635
29175160	0.00222137843195457
29176530	0.000805820323062556
29176650	0.00296407519647953
29176820	0.00372776259679435
29176991	0.00123561148258307
29181090	0.0287679246740538
29181411	0.0020039876862432
29181500	0.000657527455533112
29183061	0.00681842964805405
29183451	0.000900403983618351
29185380	0.00320905133479039
29186211	0.000927540403182948
29187130	0.00210391795060946
29187201	0.000809819121568785
29190511	0.000769131619167141
29191321	0.00661731877141006
29191471	0.0013633617687391
29192790	0.00318049198998282
29193951	0.00196527531733156
29194771	0.00152528427066833
29195160	0.00169636835425317
29196011	0.000672749922986452
29200421	0.0111773507899541
29201770	0.000639847229256683
29201790	0.00122300557431788
29201951	0.000626904513811551
29203420	0.000722387648341048
29203591	0.0068329575533279
29206890	0.0045092157342025
29208561	0.00164184799409559
29208790	0.000796811596113779
29209780	0.00157206412690109
29209801	0.00239607011061187
29209811	0.00565564729196348
29210890	0.0175634543266665
29211451	0.00077952093386032
29211741	0.00350849805987699
29212240	0.00550969835941911
29213121	0.000861026495627559
29213821	0.0410488748489932
29215420	0.00746030455495108
29215700	0.00114572352131954
29216370	0.00115151092881668
29220810	0.0101924807564923
29223430	0.00385647463424651
29223580	0.000546884920646373
29223720	0.00149048801432325
29229210	0.075495471054369
29229900	0.00137446890055541
29232820	0.00123159150478754
29237740	0.00155994337704969
29238300	0.000564274901822683
29243461	0.00518446933812384
29244940	0.0190521392595085
29246720	0.000552269587557449
29249381	0.000542698902724137
29249640	0.0146331427412754
29251410	0.00720702236575772
29254320	0.00150046873316098
29255321	0.00277522338133442
29256161	0.00183408935792703
29259270	0.000659415618765772
29259950	0.00916604583808093
29263150	0.0141648869155498
29264380	0.00165721451268706
29266880	0.00160458487132205
29267120	0.000822844038513588
29267680	0.00130087320939396
29267950	0.0405892502014666
29270310	0.000554367137268213
29271160	0.0210543461524169
29271581	0.00131719569817726
29272411	0.000523731993276598
29275410	0.00365622124805657
29277381	0.000519050095420413
29278150	0.00429077524598617
29278460	0.00267281680063569
29278700	0.311448112979083
29279130	0.00079261353549873
29280640	0.000707487775813045
29283031	0.00276985121963082
29283140	0.000691837039193403
29285671	0.000738660020171851
29285750	0.00419446954932048
29285890	0.000529726725107159
29286320	0.000561475886083149
29286470	0.000588769714243766
29287020	0.00281585661560035
29287031	0.000779340503177783
29287560	0.00160527529787711
29287731	0.0084561125182927
29288250	0.0151239933264686
29290891	0.00144302851723978
29291461	0.307432828043205
29292380	0.00121217469978986
29293760	0.00488374410422408
29301661	0.0206779576563333
29302040	0.00077730868716378
29302450	0.00553326073903646
29304561	0.00087658646436759
29304640	0.00115368870264614
29305090	0.0151459819886647
29305791	0.00150592254441075
29306190	0.00298172465343508
29308910	0.00583418463800592
29309640	0.000989482621619689
29310570	0.00151882690323989
29312431	0.00133596644992965
29314560	0.000664500548321679
29316630	0.0036175760308811
29318020	0.0016129667632136
29318980	0.0140146025115364
29321360	0.00779486560554324
29321750	0.000904600798989919
29325801	0.000543273486040903
29326471	0.0187220408130103
29328110	0.00117940963509525
29328281	0.00630089160986575
29329490	0.00139450550144741
29329651	0.00124014616097613
29330290	0.00440261127274912
29331430	0.000793846472815025
29332401	0.00109414789944632
29333661	0.0131390371644921
29335390	0.00114612889595591
29335940	0.00501196724862813
29336701	0.00462126672464808
29336910	0.00111484896227532
29338460	0.29833170925098
29339830	0.00112806862989011
29341470	0.00134540841246575
29341921	0.00209784919473167
29342471	0.00424078487646132
29343161	0.000513366415535642
29343800	0.0122299043114867
29344261	0.00102064134173567
29344561	0.000747814780860447
29345091	0.00684771758850577
29345470	0.00147345787980757
29346700	0.00206130377397112
29346730	0.000628934740787307
29347161	0.000538735207614277
29347851	0.00713108233800943
29348281	0.00181637373370774
29348681	0.00216636698796652
29349190	0.000701664878008086
29349651	0.00217169433058984
29350600	0.0260273006533387
29350621	0.000754325415619228
29350850	0.00501018593143134
29351591	0.000808652700065853
29351940	0.00202136430005271
29352001	0.00350932602738693
29352131	0.0029088828152889
29354051	0.00232015411550812
29354160	0.00560139014923168
29355041	0.00396483729325269
29356920	0.00224601440487563
29357391	0.00187599154562874
29358420	0.00822136094436118
29358980	0.00200930452619512
29361921	0.000678152193001075
29363810	0.000669234687581786
29363960	0.00604105443401385
29364640	0.0025216996987254
29365490	0.0299612079744132
29366160	0.000719581926323044
29366491	0.0009533193394861
29366631	0.00199391102520919
29367110	0.000792781643882789
29367581	0.0714339827451995
29368100	0.0009943647132405
29368551	0.00132998952255403
29369371	0.000858095922062448
29369931	0.00595163572526201
29370860	0.000604852253044211
29371530	0.00158647723101597
29372510	0.00204246268013903
29372790	0.000530589587259591
29372930	0.00173345907120791
29374761	0.000701435489391485
29375871	0.000575708838214362
29376250	0.00183804927062565
29376551	0.0258785802710246
29376811	0.00166850930817232
29377460	0.000758651016440241
29378180	0.00206606127682174
29379280	0.00363830242332825
29381511	0.000524160521591918
29381941	0.000618074746331293
29384930	0.00118388007313432
29385750	0.00143712951039018
29387981	0.0954871112860742
29388510	0.00814134024878494
29388630	0.00162450418053638
29390140	0.000523894811728938
29390690	0.0149613390419286
29392121	0.00146265254218027
29392780	0.000956506239894757
29394170	0.000656932461446752
29394331	0.00361583056798242
29394751	0.00159760669485838
29395270	0.00242005120148275
29396681	0.00205738652931355
29398491	0.000576777070364337
29399151	0.000777439205701525
29401630	0.00126456473296235
29402410	0.00132164813924814
29402761	0.0027081754194705
29403701	0.000607457830437203
29404961	0.00314131068952658
29405900	0.00412031818088322
29405911	0.000837101673275501
29406051	0.000697868684895297
29406840	0.00521795685735456
29407031	0.000811718066017377
29407680	0.000801291449475351
29408001	0.00362554323646098
29408531	0.00234497461057562
29408551	0.00145512180576831
29409241	0.000659670409394905
29409880	0.00060208534460061
29410010	0.00351204466944612
29410891	0.00272177898981253
29411130	0.00066520513787498
29412660	0.0024821780305899
29413241	0.0407907007397068
29414170	0.00616468437195866
29414310	0.00115819076072633
29414410	0.00429449131273071
29414550	0.00298671629566729
29415960	0.000741633163965911
29415970	0.00201233803734937
29416121	0.0010144263568332
29416261	0.074235672784523
29416520	0.0160167356040872
29418010	0.000677349780358257
29418741	0.000576784209631052
29419260	0.00545445832590965
29419530	0.0163800141910291
29421310	0.00146944270273695
29421340	0.00152953976084341
29424951	0.171195195225953
29425190	0.000756743793978137
29425310	0.00294056183860756
29426430	0.000568968230193663
29427940	0.00548827951305293
29428340	0.000646679159280873
29428760	0.000728251866082971
29429781	0.00330541627480427
29430020	0.00363715718851456
29430270	0.000558031245995734
29430290	0.000545639459565367
29435721	0.00225360228479019
29436340	0.00159361218954389
29437371	0.00333562802891144
29437521	0.0031482720578426
29437890	0.000722318557715757
29438300	0.000521020347333305
29439270	0.000610951604096581
29440650	0.00303142045969728
29440750	0.00185442717964009
29440951	0.00209094459674143
29442550	0.728792244612629
29442560	0.00171653124173597
29443820	0.000618685084240658
29444380	0.0133439216504048
29445060	0.000705033103791806
29445091	0.000691881511463308
29445480	0.140048886264087
29447540	0.0240346476988348
29448251	0.00884030345354729
29449180	0.122015637151924
29450341	0.00084895807301517
29450430	0.000790857574388726
29450960	0.00389647218878921
29451711	0.0549855881825236
29452220	0.000882792859680207
29452551	0.000543733567854654
29452691	0.00053225604232845
29452760	0.000619512876929265
29453491	0.00119167006033509
29454341	0.0264161468069423
29454560	0.000627164293155915
29454850	0.0165923823185722
29455530	0.00258028643728926
29456131	0.00269843407548796
29456821	0.00565129712680902
29456961	0.000861340221653021
29457241	0.00155173131148179
29457511	0.0033734920327588
29457921	0.00259446192734638
29460920	0.000698160940283655
29461320	0.0177651316387875
29461880	0.00105455771990345
29462191	0.000759601205649741
29463650	0.00375451631205959
29463940	0.000557893057922359
29464500	0.000692992070382905
29464620	0.00289440150952267
29464671	0.000582445720512986
29464920	0.0731305246438697
29465030	0.00246846400582327
29465901	0.000701414313345965
29465921	0.000794311560637135
29466030	0.000831763424533052
29466860	0.000819491675687655
29467130	0.0026942451676208
29467561	0.000788012510944569
29469300	0.000634923805704726
29471841	0.0010748957358612
29471940	0.000951935562892767
29473890	0.00199217218350401
29473921	0.000910778306486813
29475301	0.000653790898923359
29476391	0.000612673683358374
29477870	0.00112714127848566
29479810	0.000764467100175692
29480240	0.00175457806771367
29480271	0.000823145622491982
29481771	0.0100305604161027
29481901	0.00158384432301191
29484080	0.000768546168195679
29484370	0.241291774901384
29484541	0.00524743946410671
29485470	0.00409101911290479
29487581	0.000517700575850361
29487691	0.000582989953209704
29487960	0.00143015007705622
29491100	0.0125340869024473
29494150	0.0264872697812158
29494591	0.00109032522440098
29496411	0.00189676901379164
29496890	0.00193815026913933
29497330	0.000757263724401015
29498181	0.000516739102374295
29498400	0.00184668020844936
29502680	0.00197141852354166
29504801	0.000995406934300816
29504941	0.00069923245064751
29505501	0.00499608304292491
29507390	0.000932914824938203
29510020	0.00137393492625092
29510540	0.00082487550230419
29511691	0.0622285964897134
29511820	0.00113847289339937
29511960	0.000673625606991424
29512241	0.00224352150011862
29512671	0.00126103612073193
29513211	0.00328664104421942
29514990	0.00139178436946607
29515001	0.000864194201372073
29516521	0.00151278992060879
29518830	0.00525583821950058
29520500	0.000718126416506949
29520750	0.0141928942977546
29521460	0.00102660503946961
29521570	0.000568139207827294
29522471	0.00498543259221999
29523680	0.000550328490842367
29526850	0.109251851571043
29527260	0.000884155088182129
29528740	0.000903952461525855
29529481	0.00199706896517506
29529710	0.000683493752200792
29530160	0.000631481746065808
29530410	0.0401356960857444
29532531	0.000575386335932766
29533850	0.000588243705192902
29534550	0.00101425415522125
29534680	0.00321862990930165
29535540	0.000772762371645936
29535810	0.00307538393497013
29535820	0.00507734121771523
29536251	0.00539350081480187
29538871	0.00352441832725277
29538990	0.00101133599853166
29539920	0.00230992402979459
29540080	0.00991404090476453
29540931	0.00685069862065024
29541081	0.00209357360840275
29541320	0.0010174256222391
29541570	0.000532559400114148
29543800	0.0943882980452329
29545600	0.000746680785485588
29547431	0.00231109768456042
29548661	0.000630729090312808
29551240	0.00257045338905852
29552801	0.00065214546966296
29553740	0.00314448070021528
29554181	0.000626407554265741
29555640	0.000612639832894452
29557221	0.00940558856776618
29557310	0.000804330398414866
29559510	0.000710517499532363
29561781	0.00225014141190829
29561901	0.000689569696064101
29562160	0.0250145204660532
29566570	0.00185287631830892
29568050	0.00059443834245679
29568750	0.000671895741027776
29569091	0.0202306837934234
29569491	0.00313981010298661
29571021	0.000719738208886662
29571131	0.0167725700949097
29571220	0.00206542108441729
29571950	0.00344338320600755
29572330	0.000665233666879719
29575281	0.000823709075062797
29578120	0.00171895700227446
29579141	0.00229610475765459
29579920	0.000546506700578282
29581320	0.000557601476461522
29585430	0.000727444413477454
29585440	0.176874887187474
29586560	0.00184960476644103
29587220	0.000933761528722459
29587380	0.00057071329789992
29588050	0.00302984706187731
29588350	0.000516739102374295
29588740	0.000810430952308277
29589870	0.000824319576376915
29589990	0.000518498843979613
29591821	0.0206115613484555
29591831	0.00101494844847433
29592600	0.0268160955533841
29592890	0.00402875991369142
29593720	0.000673236268083824
29594031	0.00108655510835789
29595701	0.000702808579710833
29597010	0.000771629903687197
29598290	0.00253464201294371
29598461	0.00213232079877051
29599530	0.00217628881288478
29603500	0.0184416846945516
29608890	0.00112450846782773
29609361	0.000556596392315885
29610991	0.00374024969558248
29611500	0.00182425021761175
29617170	0.00157275202663443
29618171	0.00129378343515009
29620040	0.00714816136731557
29620870	0.0019539019934875
29621990	0.000513691242276618
29622110	0.00421462375283853
29623541	0.000721184646020262
29624050	0.000990589319233786
29627100	0.000726866130929507
29627650	0.0111420346529112
29630010	0.000649978646387195
29630161	0.00077802778459308
29632630	0.00294066015185946
29634000	0.00100229879540247
29634871	0.00083847589889393
29636080	0.0956419582556842
29636091	0.00125443441475228
29636770	0.00129822281741553
29638150	0.00777052959480817
29638690	0.00763355971693536
29640470	0.000514745009684726
29640531	0.00132661814301931
29640900	0.000643454050377634
29642970	0.00124759174534704
29644730	0.00334994125935755
29648060	0.00333498722814261
29648750	0.000533559516218254
29649071	0.000610937555364747
29650410	0.00455470804275058
29651541	0.000620564399189662
29653850	0.000554664447139985
29655151	0.00325368769425542
29657710	0.0131677468583168
29661061	0.011566045297063
29661990	0.00212280450290577
29662321	0.00541237555722311
29665570	0.12750679742246
29666520	0.000951481955274111
29667250	0.000871180391416843
29667350	0.000738241200355595
29667701	0.000628632795743752
29669040	0.000766516776686201
29671681	0.00317069458086195
29674571	0.00464780052813963
29676080	0.00192201367139105
29676210	0.000637797993642166
29676371	0.000827779477552843
29676521	0.00903937665436673
29678851	0.000816180663806651
29679001	0.0301234899748181
29681211	0.00779663569274382
29684070	0.112011630135508
29686520	0.000926130439099346
29686981	0.000513366415535642
29687250	0.00702045509227749
29688470	0.000594119082296971
29689420	0.0020409568106994
29690021	0.290110159120379
29690560	0.00293156566758407
29691121	0.000621222745149975
29692050	0.00302552323863304
29692460	0.00052953506135599
29693020	0.000732708633113774
29694810	0.000602519980167532
29695490	0.000958563282383298
29696911	0.00338330207060093
29700070	0.000598234338211676
29700771	0.000988237134783116
29702390	0.000522994906468526
29702650	0.000828223580681409
29702861	0.00117339700006884
29703930	0.000654159362115333
29705710	0.00103655932101486
29706380	0.000593024992876756
29706721	0.000557857509128434
29707760	0.00180369233188298
29708361	0.00195315501166764
29709871	0.00341843123765087
29713830	0.001232714741406
29714250	0.00051726805264026
29714280	0.00172182049193159
29716501	0.00073526826818512
29716791	0.000882102112105343
29718260	0.000555373631934778
29718311	0.000576420848297463
29719281	0.0242617462687501
29721170	0.000617654655584887
29721871	0.000577821052698552
29722820	0.00113090701084158
29725481	0.000651130592755728
29726721	0.00234103977259795
29726930	0.0247410660878597
29729341	0.0124616370712699
29729611	0.0006637398059627
29732931	0.0220964408964367
29733041	0.000572126604607691
29733860	0.00278135054960529
29734380	0.000731139498259828
29736170	0.000647366729619338
29736180	0.000841764583643385
29736330	0.000659657199885837
29739350	0.000544694093413948
29744600	0.0056524896048507
29744641	0.601578253958714
29745410	0.00091718196543988
29745720	0.000611040049430718
29747510	0.000722443853517319
29748101	0.0225753675331299
29748340	0.000830847995563126
29750380	0.000634778196060268
29750660	0.00071677398366008
29751640	0.00100010385947473
29751671	0.00790833515190351
29751770	0.000781673556243703
29752931	0.0005181933988646
29754861	0.000617459198380926
29755640	0.000853572258017883
29756600	0.00997195009960625
29756631	0.00400941350166178
29758120	0.00164620062787968
29758571	0.0340451711699483
29760050	0.0291308296238655
29760200	0.00725730173070468
29761041	0.000510460983717639
29762581	0.00114540370310824
29763131	0.000571529110201032
29763411	0.000526808742217939
29763790	0.000940303604974377
29764310	0.00500621214174778
29764480	0.00107568555597282
29764651	0.000590824847728451
29765270	0.000718977204012264
29765310	0.000516739102374295
29766390	0.000667277969275416
29767821	0.000838593543854673
29767951	0.0496010825774665
29769960	0.00415662820474511
29770291	0.000767899175463927
29770950	0.0140467492412104
29771411	0.00121445812593361
29772641	0.11146140647993
29772791	0.00888043726352167
29774130	0.00164714566704727
29774161	0.000663548885894503
29774510	0.00823776137120974
29774520	0.113822734456976
29776170	0.00464778500851921
29776310	0.000533933693471153
29778550	0.00855907042393752
29779100	0.000777342113722357
29779500	0.0039271196943597
29779640	0.000762030341685308
29780221	0.000736047816227048
29782790	0.01806031120425
29784641	0.000964464751818194
29785030	0.00127307159139381
29785980	0.000899729301279252
29786260	0.0117985651932533
29786691	0.0500805803799696
29787630	0.000661439422774481
29787941	0.000515633693437292
29788440	0.00160011922329727
29788730	0.00167364325602144
29788921	0.00677956460484644
29789960	0.00557184396034985
29792361	0.000926056644253999
29793010	0.000695426972288839
29796600	0.00079353032754376
29798380	0.00173631393771884
29799811	0.00516773307730632
29800631	0.0159478915973481
29801061	0.000934858229343211
29801280	0.000672203660921849
29804081	0.000550438538117626
29804460	0.00178743281056106
29805611	0.00579738403496881
29806981	0.00074607677439031
29807821	0.000598099990961805
29809191	0.00110806973409951
29810790	0.000730282201472906
29810820	0.0114897036563214
29810950	0.00119905497250337
29811470	0.000593846120780066
29812631	0.000573995972732996
29814100	0.00536997040872182
29814660	0.00353836428572919
29815401	0.00104319998161846
29817570	0.00199430606109068
29819910	0.00110418635207147
29820460	0.00146154605404431
29821881	0.000561002656378413
29822780	0.000763443605700582
29825260	0.00319489864519245
29825560	0.022262289419763
29825871	0.000848712811785606
29827220	0.017653115132788
29828570	0.000527936928060542
29828750	0.000702319568941338
29829000	0.00470483746554847
29829400	0.00607799866481399
29831330	0.00220797947173603
29832160	0.0048846519080625
29833550	0.000778600257525391
29836091	0.00165637410348592
29836300	0.00733112536746359
29837601	0.0015332361929512
29839941	0.00461377364806621
29841861	0.00055020668685826
29844040	0.000972998322015478
29846090	0.621141431471898
29847381	0.000684571717835135
29850411	0.00241901690640937
29851220	0.000611806307348348
29852330	0.000583433178900311
29853420	0.0751356781135511
29854360	0.00070777438026256
29854910	0.00176259579883537
29855600	0.000512168215532688
29855900	0.000542864468810122
29857041	0.00159410765431448
29857530	0.000586300026834699
29857840	0.00123621257857419
29858260	0.00147088424768519
29860030	0.000731321260875213
29860160	0.000562876600553024
29860720	0.00157562273176026
29860990	0.00363056197081327
29861270	0.00125593772159897
29862530	0.000517259006110217
29862561	0.000548149583318895
29863340	0.00157242184823089
29863600	0.00364210782575583
29864351	0.0027776907830579
29864891	0.0256232816352315
29865150	0.00587670780143485
29865191	0.000889708188865052
29865991	0.00195220772221526
29867791	0.0094637378782055
29868010	0.000599035912370443
29872361	0.00100470197564418
29873181	0.0486672620633934
29873991	0.00570748336495237
29875661	0.000659013628464636
29876361	0.00061277608102007
29879070	0.000644389370147624
29879750	0.002489203608702
29880860	0.000682210438747786
29883511	0.00164472465895569
29884320	0.00295988672135598
29884850	0.000876232496351159
29884880	0.000587783792875668
29886230	0.000636363546456325
29888850	0.000582383577000012
29889181	0.000670457002251463
29889861	0.00119629250516156
29889970	0.00138358700228028
29890151	0.0371772005992351
29893020	0.139111476560057
29893601	0.00080707433847804
29895651	0.0117406580963616
29897041	0.00257139323831932
29898360	0.00409138374119456
29899760	0.00072749748954538
29900061	0.000602144904493425
29901591	0.000543372764973095
29901861	0.000797360428432513
29902090	0.00181035169316352
29902380	0.00116585982522765
29903910	0.00135667655604432
29904440	0.000904503271593529
29906281	0.000784183124573842
29906691	0.00327187061391629
29910110	0.000735951505046655
29910650	0.000590993243467509
29911070	0.00119798026217908
29911371	0.00299061013955295
29913250	0.000541554493919717
29914141	0.000548023815984837
29915190	0.0054629360248491
29916440	0.00204128675600226
29917051	0.00105020555433505
29917820	0.000701584678477329
29919641	0.00307297109540001
29920730	0.00364134794623681
29921540	0.000769931956390941
29921571	0.00262628210304349
29921861	0.020737790934176
29921980	0.000895199252233789
29923870	0.00055755162870873
29923910	0.00519257437066626
29927330	0.00168204908442344
29930261	0.0018419872045628
29932491	0.0012417796981579
29933410	0.00157490852492331
29935630	0.000830527603210632
29937290	0.0115643789532069
29937700	0.00105594274426439
29938360	0.000649702205653014
29938411	0.00101083137569174
29941321	0.00174560750455595
29942780	0.000527455331614192
29944850	0.000849297596354637
29945140	0.000609033503090118
29945400	0.000565945016351076
29947511	0.0021410558471188
29948560	0.000582537199130962
29948761	0.000530327635136658
29948830	0.00057205038495031
29948850	0.00370178062837923
29949010	0.00064215039747166
29950790	0.000780722850703043
29951050	0.000648189710763161
29953431	0.00210340694948958
29953530	0.000655138636578621
29953721	0.000571982995484533
29954121	0.00607772569613434
29954530	0.000727097142978997
29954971	0.00065175266947499
29957410	0.00412655622198357
29958640	0.00123801404031608
29958760	0.000732620275375747
29962350	0.000528680490139402
29963801	0.00157849468566354
29966660	0.00195094946424921
29967091	0.00200362502765272
29967231	0.000589008503211901
29967310	0.000680570522385646
29967750	0.00773854418084415
29969540	0.000600506237339679
29969800	0.000802340357529837
29971190	0.00163135521401463
29972150	0.000866870169759162
29974070	0.00252696584167418
29974401	0.000742618296833015
29974681	0.00126179000023448
29974760	0.000508856531273399
29975070	0.000758030185785183
29975661	0.00210639934918788
29977250	0.000685849557243354
29977270	0.00139797332429769
29977441	0.000707668225917509
29977721	0.000531967422978719
29979651	0.00146894380454884
29987221	0.0251628283855564
29987350	0.000822983024083131
29987641	0.000522241017691322
29988830	0.000728018239830017
29989721	0.00156831982906087
29991450	0.00145162296995434
29992710	0.00095642954456492
29993530	0.000569595488054835
29994821	0.000524992804811053
29995231	0.0016592941139329
29995361	0.00338094797470643
29996420	0.00410050611327486
29996461	0.00544989973222809
29997441	0.00153150540992536
29998110	0.00139681072565503
29998210	0.00855565702416402
29998500	0.00758329362186978
29998790	0.000584577251463451
30000461	0.00351409749715531
30001540	0.00064659312771662
30001550	0.000794399033340434
30001660	0.0293886402472676
30001800	0.000910974594939846
30002760	0.000670203078653913
30003911	0.00052899277731896
30004611	0.0024661898188492
30004901	0.00246510672709363
30006541	0.00105399933100947
30009390	0.0658685737936471
30010780	0.00288016324425816
30010900	0.0011607281705563
30011231	0.00200372313298755
30015310	0.000810261368621279
30015880	0.0060441816303635
30017680	0.00283422871165904
30018760	0.000582030604558948
30018930	0.0035506475191565
30020181	0.0120377968976913
30020990	0.000976198440996092
30021520	0.000820887738730492
30021830	0.000952741134762995
30021841	0.000782665455907779
30023590	0.0142647618974718
30024590	0.000515016955686112
30027600	0.000965626857378191
30029981	0.003676615459095
30031880	0.000976661673315185
30032690	0.000705900272699393
30032980	0.000535670764125938
30035200	0.00314225933080178
30036150	0.000549672870408297
30036160	0.00134759273886106
30036170	0.000514586897843837
30036820	0.00129278731050818
30037660	0.000773108477159806
30038661	0.00837918057212388
30039210	0.000622769956188028
30040471	0.00063053105746242
30042340	0.000542442764192511
30043091	0.000714338230006657
30043610	0.000639188603558202
30043641	0.00603748646114894
30044601	0.00056036009858789
30044741	0.000755682029728774
30045270	0.00259752198184737
30045431	0.00360351216345388
30046220	0.00398880490746677
30046691	0.0222078207212108
30046780	0.000551996166170708
30047440	0.0031667049239023
30049120	0.00116907217632241
30050210	0.0044219312595355
30050541	0.000841280957520062
30053571	0.000581132626236786
30054630	0.000742513435830197
30055101	0.0005623925814756
30057441	0.00247902244117904
30058240	0.00479697794362538
30059371	0.000683462682087468
30060160	0.00065289929082628
30060850	0.00202353377777324
30064410	0.00111977602073535
30065410	0.000698699996070394
30066770	0.28539831155409
30069670	0.002139336773656
30070961	0.000677709982166561
30071620	0.00127854337715545
30073141	0.00223214810814604
30074650	0.0115809996213806
30076181	0.00144606753942998
30076321	0.000636875081039217
30077971	0.000781697750511059
30079870	0.000757651732746321
30081161	0.000550206004028732
30081640	0.000590277683481406
30082080	0.0319752976917761
30083480	0.00105742758203057
30083491	0.00576351356570831
30083850	0.0125060706900015
30085441	0.0118649040936783
30087870	0.000664659273878758
30090360	0.000833579330605574
30090470	0.00416308391460386
30091361	0.00136646351812298
30092270	0.0037969893608608
30092280	0.000659070521121919
30092331	0.0561237752352242
30093291	0.0117087452411613
30093390	0.00193423555590309
30094630	0.00254733417562924
30094770	0.00240034755006363
30095020	0.000517395048959377
30095710	0.0010211951606689
30096550	0.000872346433506359
30097500	0.000510589427504481
30097520	0.000695970242611881
30098780	0.00529911069499039
30098931	0.000539704514504569
30099020	0.00757696737554694
30100201	0.00082632244070885
30100471	0.000531827773882231
30100570	0.000514093702454836
30101291	0.0125525452978475
30101431	0.000695080593385857
30101920	0.0102389214188238
30101930	0.00132092668510188
30104030	0.000516060750896998
30104830	0.00314166599016011
30107071	0.00080910898076491
30107710	0.000724394262271304
30108410	0.00782963864482951
30109971	0.00453536438411388
30112601	0.00494144659572547
30113380	0.025242305350413
30114220	0.00404921357955594
30116550	0.0013295381671899
30119430	0.00793185462225197
30120041	0.0132073632524119
30121691	0.0164487971269613
30123440	0.00117965493284028
30125400	0.000539696168372238
30128591	0.000803468724836967
30129120	0.00104218787597896
30129240	0.00234434030953757
30130101	0.000595122032524073
30133141	0.00246514463647786
30134370	0.000792432452299583
30135901	0.00988648409578898
30136290	0.0137509450527939
30137810	0.000837652532322616
30138780	0.0515201487196016
30139720	0.00062554990578123
30140031	0.000748036868850545
30140741	0.00222811710862967
30141281	0.00204264388570516
30142480	0.00439356279254556
30143361	0.000559452347315416
30145930	0.00522447084541412
30146760	0.00130613151552519
30147330	0.000746382973402608
30148420	0.0163983336680466
30150261	0.00126544217025579
30150500	0.00147211904089814
30152850	0.000921498912226692
30154360	0.00146595227360997
30157431	0.00258366262368299
30157500	0.000639222583974468
30157540	0.000915022874711301
30160290	0.00108505484339644
30161411	0.00242410167807418
30161520	0.00410210472725452
30161790	0.000577854819522211
30162811	0.0159976652759658
30164731	0.000676633432232534
30167050	0.00436170016372868
30167460	0.00174338756282375
30169571	0.0227221949598192
30169981	0.000781926993440315
30172741	0.000519867821366226
30172940	0.00218318865967174
30173510	0.000738701116145602
30175201	0.000658086671838745
30175290	0.00181894524540467
30176861	0.000527469154742835
30178340	0.000669882013427723
30179290	0.000860158337491041
30180840	0.0306079369556231
30182371	0.000965107465002898
30182870	0.00603352975209706
30184120	0.00800603048372683
30184970	0.004172384834758
30185401	0.000537587446739724
30186231	0.00144075099236457
30187150	0.000549986545307854
30187221	0.000550426814146224
30187590	0.000862352137219957
30187980	0.0019051087379647
30188270	0.00684657225067978
30188670	0.00127191260820562
30188721	0.000699008845432849
30188731	0.00200538632292526
30189281	0.000699216217371818
30189691	0.000672641751716832
30189800	0.000754618656488059
30190210	0.000660882807179897
30190391	0.00176644560094551
30190460	0.00082405912704563
30190490	0.0196695877564993
30191310	0.000643113284381516
30192171	0.00145271332888765
30193151	0.000689833201113961
30195071	0.000753126902065133
30195471	0.000586087463769578
30195580	0.00206347442049895
30196591	0.000965924586157199
30197131	0.00418775646135793
30197260	0.00192952180624383
30197360	0.00109938345461641
30198231	0.0217653830471281
30199891	0.0386558223755319
30200461	0.00069876770659303
30200670	0.00897898270993013
30200830	0.00212327489589223
30201510	0.000751555805275267
30202060	0.000864995027187359
30202080	0.00102953222547493
30202880	0.000895263433395241
30203911	0.00052695135090197
30206101	0.000931008068848847
30206200	0.000658499075880175
30206381	0.0063001408679784
30206610	0.0015140395185977
30208010	0.000804328511867343
30208400	0.00145781541950496
30210060	0.0334819951380473
30212410	0.000603869125386637
30213370	0.00375909815637026
30213841	0.00211400115974868
30214661	0.000698217347186021
30214671	0.000531334925037792
30215040	0.000629424174779943
30215081	0.000602275668950047
30215341	0.000739441254178906
30216280	0.00274293682903229
30216290	0.00331961147278988
30217380	0.00431423695184648
30218060	0.00739231563617221
30219030	0.00723767059624347
30219420	0.00788967706426329
30220181	0.000895753614430025
30222091	0.000996642451788646
30222330	0.00102725147661474
30223970	0.00118214489261859
30224000	0.00770790007681045
30224660	0.0849741131299647
30225131	0.000853102347819416
30227160	0.00120358455229764
30227221	0.00135179225069834
30227440	0.0031126943295281
30228540	0.00170666999942283
30231341	0.0026432421921298
30231881	0.00450171023039804
30232161	0.000580373175846562
30232991	0.00064027238280299
30233141	0.0009459416012679
30235580	0.000676714080787906
30236161	0.00164114439690478
30236591	0.00328132880761708
30236700	0.00309485542332861
30236950	0.00201184795576848
30237650	0.00120191707078897
30239710	0.00174193689422632
30240000	0.00149182140455397
30240420	0.000908327549539159
30240550	0.586090475895661
30240731	0.000927383192000124
30243710	0.00130007643848465
30244140	0.00135866397510949
30244861	0.000519581410061196
30246210	0.0394049433725518
30246770	0.0102973251156055
30249650	0.00298429276963036
30250231	0.00266791414716661
30250740	0.000706949500943094
30251300	0.00058505772294549
30252930	0.000936282913762701
30253811	0.00209962792216112
30258320	0.00132774899924055
30259000	0.0243694119206814
30259201	0.00169235599580625
30259590	0.0023155648582993
30262610	0.00167452647954964
30262730	0.00525435637082646
30265121	0.000512168215532688
30265640	0.000814533783381203
30265920	0.00786842518004518
30266310	0.000683723039165451
30266340	0.00063147537770637
30266610	0.000555784679826129
30268820	0.000772855746508692
30269110	0.0239799480299326
30270101	0.0236928010756751
30270791	0.00215531051978123
30271481	0.0150118372047943
30272711	0.000551242173702533
30274111	0.000684591933121607
30274641	0.000538454585812221
30276100	0.00254708303527167
30276250	0.000566065328028365
30278791	0.00145240522979706
30279751	0.000625869441224787
30280031	0.00125972397554469
30280291	0.00319203307166897
30280830	0.000683689713325374
30281391	0.00286217722906294
30283590	0.00725487280946017
30284270	0.0150373388681882
30285811	0.00148873055407378
30286180	0.00526928752186478
30286610	0.000906380929832347
30287020	0.00635318363396595
30287580	0.000734382590618769
30288410	0.00109459028057114
30288431	0.00119611669362321
30288530	0.693421773952738
30288731	0.0189420776848785
30289780	0.00111565361827269
30290641	0.000529168362520209
30290890	0.000648704906779461
30291280	0.000851882080688665
30292041	0.000972584958420689
30297261	0.00136345787813435
30297941	0.000638007745955651
30299290	0.00774692990187952
30299860	0.00059283794776474
30304250	0.00092286158499452
30305001	0.00787034385209394
30305230	0.0128406387651244
30306101	0.00368354048954902
30306880	0.0021667790906282
30307040	0.529732824044635
30307481	0.000619360717080589
30307621	0.000854783223267657
30308380	0.00388425221799592
30308930	0.00180132234880758
30308970	0.000969707405422765
30309650	0.00100328621262443
30311570	0.000718709531580294
30312291	0.000671530638161868
30313510	0.00757987771286007
30313520	0.000716158849649798
30314231	0.000637773707555709
30315331	0.000685223361077815
30315580	0.0329619437735554
30315621	0.000614998958335284
30316431	0.0018177667356354
30318440	0.000926743885426049
30319160	0.00491425017779959
30319341	0.00155608708109811
30320421	0.00115325572094947
30320790	0.0168833093792974
30322791	0.00170029631388727
30324971	0.00150024484892155
30326081	0.00178358442557905
30326450	0.000796904139385576
30328011	0.00519616261956422
30328660	0.0021271526318229
30330860	0.0126014963591375
30332011	0.0546312778841051
30332161	0.000958905817948292
30333360	0.000552241379479864
30333691	0.000596222904113266
30333961	0.000763709386518333
30334180	0.00547333905444295
30335051	0.00165120921690817
30336930	0.00107626860328005
30337391	0.0198688177171584
30337630	0.00137615258864557
30338501	0.000510013943672448
30339680	0.00140129917889119
30339741	0.0049500190337988
30342791	0.000569213254626753
30342931	0.00229735808271633
30343300	0.000656352055225053
30344120	0.0112041376589719
30346491	0.00212178631206333
30346921	0.00289061533337112
30347010	0.00074286369902793
30347030	0.000618625614590296
30347560	0.0123312593426427
30347891	0.00214871248509519
30349961	0.000516581284965318
30353551	0.00263220953515773
30354071	0.00457181032413207
30354450	0.00366444743970064
30354911	0.00100500072636692
30355280	0.00122775390354818
30357821	0.00114106096948484
30359300	0.000546048807096273
30359560	0.00167006506331464
30359871	0.00613055062314988
30360141	0.0123697580438234
30361610	0.00249429685274674
30361770	0.00508533553698656
30362740	0.00067765747905176
30363601	0.00959901892619283
30363830	0.00054445226666524
30364981	0.000621416986672211
30365131	0.0215599548673033
30367290	0.00232452864893265
30367970	0.000619109633215758
30368110	0.009255482162064
30369920	0.000685753094993766
30370580	0.00402665190447862
30371410	0.000529790452525459
30372851	0.00066862310380206
30374450	0.000671462896076306
30375960	0.00937128272003569
30376120	0.000824616586962697
30376520	0.000816169908450288
30376701	0.00124907291672172
30378450	0.00110080781045613
30379420	0.00052652111118158
30379461	0.00109192316924231
30379990	0.000759136325371303
30380161	0.00297719907468983
30381111	0.00244137110318085
30381261	0.00124053874069927
30382040	0.00118688837557421
30382330	0.00365823097483017
30382570	0.0189423050868007
30383430	0.000910855846902772
30383720	0.00059553470935164
30384260	0.0024978802244695
30385541	0.000627917872721338
30385630	0.00299367107180932
30386911	0.000634591880544775
30387270	0.00188221758886562
30389910	0.00109506734803862
30389931	0.00427366643419497
30390501	0.00124848863076601
30391311	0.0499193442326993
30392410	0.000655121244066109
30392530	0.00392815988123123
30394020	0.0537897121750701
30396100	0.00104250995311565
30396421	0.00105388473982765
30397220	0.00484033232322213
30397470	0.000599808287900688
30399290	0.0274969606905156
30400640	0.14448298653579
30402351	0.000615090901492426
30402860	0.00668599061850418
30403311	0.000811908458682693
30404670	0.000837469571658302
30405610	0.00562231878928809
30406740	0.000583933058640971
30408831	0.0120759677094958
30408971	0.00305605201609089
30410371	0.00746338409364716
30410481	0.00333112185182883
30411120	0.000522512646021329
30411950	0.00144187083286361
30412021	0.00122415987755535
30412950	0.00905019596003256
30413750	0.00265411019369403
30414621	0.00491064993584381
30415440	0.00179330928571321
30416260	0.00425057487814453
30417241	0.00380061001693013
30418430	0.0207322557654481
30420011	0.000869349044530701
30420250	0.00184767455975815
30421521	0.00383424711820091
30422440	0.00103816761408651
30423331	0.00205873510628945
30423731	0.0210827718388811
30424971	0.000599697934897688
30427400	0.00087260779247619
30427530	0.000549965574659541
30427810	0.00109288658160774
30428380	0.0155256027379023
30428660	0.00453586956055631
30428810	0.00869091658394838
30430621	0.00242107097103329
30433791	0.000599601583957168
30436090	0.00565859064145742
30436971	0.0926977038793751
30437470	0.000591017354955594
30439031	0.000606383895613664
30439331	0.000512168215532688
30439670	0.000803896500220431
30439690	0.00121586392164688
30439820	0.00491843328417042
30441801	0.00115500304817586
30442891	0.00881713585251243
30443031	0.000774026020236882
30443160	0.000699437627497256
30445340	0.000601321429040987
30446621	0.00895049189939986
30447670	0.000555506506991781
30448571	0.00130767117931074
30448961	0.0430306927184165
30449391	0.00159342840956068
30449610	0.124183617868777
30450150	0.000906730771062514
30450710	0.00296077029715825
30450720	0.000521545821280812
30452691	0.000903224055364141
30454980	0.000872808119879815
30457811	0.00830870295030501
30458430	0.0258351535734448
30459390	0.00274937854559715
30459881	0.000781140799498145
30463020	0.0328745598704127
30464500	0.0481162999010387
30466440	0.0045990790000895
30468380	0.0157842693587098
30469460	0.00290323584242522
30469931	0.00218624595715652
30471270	0.00122363219365699
30471881	0.000747007883868812
30476271	0.000693469653517373
30477060	0.000601021114428594
30477101	0.002020713077337
30477210	0.00315346744924382
30477531	0.00126508045421317
30479260	0.00199111992946829
30480001	0.00264640466952326
30480141	0.000518784535382408
30480981	0.00168758038415967
30481101	0.00271645197844419
30481880	0.00120319090962115
30482740	0.000579626505651357
30483400	0.018628408910764
30483830	0.00267746043857382
30483991	0.000672946967950196
30486420	0.00151551667376007
30486460	0.000706380215133581
30486771	0.00456949241897303
30487010	0.000638586407675324
30487721	0.00357654105986628
30488080	0.00337260807973893
30488271	0.00275594084216585
30489350	0.0163010532297216
30489630	0.00119183946895583
30492500	0.0950716807489662
30493740	0.000536690887214351
30494440	0.000670686676769684
30494751	0.00114770969165887
30495851	0.00507024086509405
30496681	0.000537807349502077
30498980	0.000656912502160934
30499731	0.00130746606034167
30500841	0.000747543007400115
30501070	0.0357723243766163
30501220	0.28215114295746
30502180	0.000587063169014411
30506600	0.693685591155537
30507591	0.000518931130551217
30507690	0.000896109397884157
30510081	0.00081342276727508
30514221	0.000802430604802825
30514901	0.0186199212843151
30515010	0.00142209406082515
30516910	0.00317763024031516
30517050	0.00182301303316739
30518040	0.000514029184911452
30518970	0.000754257553736978
30520411	0.000564849240603859
30526030	0.00239574649667353
30528001	0.00112417842872515
30532281	0.000621818175662351
30532821	0.000749184993806862
30534690	0.00145536793017115
30535270	0.00396107615183535
30538430	0.00215662763389739
30540551	0.00439953433185417
30540790	0.000626625068479114
30546310	0.00335115801287924
30546970	0.0078609504859662
30548510	0.00224890118668462
30552691	0.00425537625248681
30556100	0.000723158527769184
30556930	0.00299716519087988
30558351	0.0153565608018594
30558560	0.000734725644847882
30561381	0.000839537772592672
30561661	0.00719404821223786
30562430	0.0045732186140737
30563181	0.0013525403740896
30564920	0.00899823070312795
30566280	0.00350144004748393
30566690	0.00197861077110271
30567171	0.000787815003069155
30572110	0.000616068832705152
30573101	0.00104809461611477
30575830	0.00101380547522091
30577350	0.00878786288125551
30577730	0.00341272270981896
30578061	0.00166472588931214
30578741	0.000955913607731205
30579591	0.00164015436501695
30579701	0.000722433300497232
30582331	0.00067315243702031
30584831	0.0323617327427362
30585030	0.0187238078131865
30585210	0.00544081198629385
30589490	0.000748257981831988
30592900	0.00100429683092607
30594410	0.0116596116799681
30596220	0.00459824907309714
30596961	0.00078526682931167
30598621	0.000669178748684795
30602321	0.0140052680838349
30602881	0.00118089918150273
30606270	0.000620485230901191
30606871	0.00142187615248696
30606980	0.000650941430958275
30607520	0.000753647777012763
30608220	0.000801828708417762
30612121	0.00562944559804481
30613070	0.000796468024684182
30613361	0.00363164981642166
30614840	0.000885582847510249
30615161	0.00837885441795932
30616760	0.00132273470928042
30616920	0.000717930164723524
30617040	0.000631117360762566
30617200	0.000530072009511128
30618051	0.0128956950777245
30618181	0.00079169542224997
30618881	0.0008619591766815
30618960	0.0159893808814619
30620261	0.00082466285383706
30620650	0.000580939195588832
30623171	0.000682509684433289
30623410	0.000654189767414827
30623650	0.000561944552346192
30623981	0.00939665541427185
30623991	0.000703407522669071
30624401	0.0392085406051822
30624671	0.000678691250150882
30625170	0.0213194179368034
30626051	0.000657393366482833
30626420	0.00776784164593544
30628801	0.000871709816599059
30629211	0.0208770298434771
30629760	0.011642980312467
30633730	0.000975729918752977
30634550	0.00217794264669271
30634860	0.000542386953767207
30634881	0.00219238329342542
30634891	0.00373730635301547
30635240	0.00315652909998816
30636220	0.00269572660536215
30636240	0.00451010797978909
30637190	0.000601495336615219
30638741	0.000720651103863783
30639270	0.00098194072093257
30639441	0.000944648431500924
30639680	0.00206070432940443
30639711	0.000661537621390278
30643171	0.220598947686211
30643550	0.00154796149699954
30644131	0.00121462869185583
30644480	0.000985837129102306
30645720	0.00247373356083065
30649990	0.0345782607905568
30651561	0.0775320728688375
30653160	0.00403590401290349
30654440	0.000780200282503637
30654611	0.000590752178655835
30655090	0.000659328377685156
30655831	0.00368118813442411
30656681	0.003606868312321
30658400	0.00108547919657492
30658451	0.00480362640204102
30658550	0.000744049610232156
30659151	0.00261504902398552
30660890	0.000615441780794654
30662341	0.000922190910885542
30662540	0.00114973878105702
30664251	0.0014790925038518
30664780	0.0148663351618564
30665091	0.0022309346308446
30665580	0.682648151698816
30666331	0.000711738749197794
30666840	0.00243877355591774
30668391	0.456971649367532
30668480	0.0030845884618389
30670150	0.00797361344187848
30670300	0.00540222781344828
30670331	0.00535611110408063
30670341	0.0245584861014813
30670850	0.000849876051734473
30672100	0.000757684728779579
30672391	0.000651635558907077
30672750	0.00212511450546401
30673340	0.000673010053361824
30673501	0.00052050734268115
30674181	0.0191900616826765
30676811	0.000758414591450011
30677631	0.00054873891023832
30678451	0.0231361469094516
30678820	0.000561449027788635
30679291	0.00230717671421081
30685340	0.66950673589605
30685450	0.000783949571049735
30685720	0.0020400846701538
30686000	0.00148246917836075
30686720	0.00921115762714989
30686840	0.000532988837489877
30687561	0.00143098973905061
30689740	0.000687239309286046
30689890	0.00740432189798903
30690140	0.0197088222363862
30691421	0.000634750038561009
30691981	0.000783195864494791
30694611	0.0237896256119027
30696740	0.00727936796398198
30697730	0.00219109818429437
30701361	0.000671280399664091
30701850	0.00326802368439553
30701911	0.000846474572340556
30703141	0.000628798360357332
30706861	0.00109932031839269
30709460	0.00147364244726207
30710690	0.00069104977772639
30713201	0.0731446990334508
30717211	0.0410792871813493
30718410	0.000708849791650566
30723110	0.00082935005391497
30723260	0.00853216350976776
30724101	0.000566613865366915
30725071	0.00210454556928005
30725580	0.000523925728030195
30726591	0.00334743894555048
30728651	0.00297997867330316
30730570	0.000584972970349842
30734700	0.00143485438318989
30739981	0.0103693175119498
30741341	0.000722949309388002
30748521	0.00911001607183701
30748671	0.0217826687858158
30753180	0.00103966744994773
30754570	0.00878327920704267
30757440	0.00781592328360674
30758570	0.0037962608541453
30761150	0.126360076918847
30761880	0.00167236356703834
30763001	0.00169241146328115
30766161	0.000602289570672133
30770280	0.00347292619532551
30772241	0.000643515028576097
30776050	0.00124486532781967
30776180	0.000602629255735385
30777190	0.00520562534898603
30777600	0.0103380919833375
30781990	0.00241090381769472
30782250	0.0149387345931962
30782570	0.000846416987895533
30782690	0.002506669564245
30782731	0.0133711161522565
30788340	0.00179230370843259
30788641	0.000772533081037215
30789631	0.00052169950859509
30790031	0.000605238965599883
30790851	0.0164156760304997
30792180	0.000587514779383211
30794700	0.000514144153838224
30796101	0.000731304917169712
30797560	0.000739569372718935
30798871	0.000644788262915017
30801560	0.00116518183411113
30801911	0.00174267274214711
30802161	0.00108565299618076
30804620	0.000666015023505711
30805331	0.0123021065325572
30805351	0.000797284612355503
30806041	0.00159767729776514
30806130	0.00109950698014532
30806800	0.000594627338786305
30806820	0.000708408229614241
30806840	0.0061267124101775
30808050	0.00158194565604208
30808620	0.00316708831960694
30810591	0.000672527201210742
30815370	0.00157609793793561
30818400	0.0026219669789347
30820590	0.00118078531836845
30820620	0.00185626282643733
30821420	0.000809543681481085
30821700	0.000614967631775354
30821990	0.000788440432119568
30822270	0.00648420331395433
30824460	0.0290441256922278
30826840	0.000714160012091443
30826851	0.000543575848062702
30828190	0.0030668059464972
30829570	0.00134234694925125
30829580	0.0006829874385976
30830181	0.00409726516648029
30830250	0.000787101694291012
30831011	0.0323505389952858
30834321	0.00084434353153718
30834560	0.00233799200476001
30835350	0.00114319733191526
30835900	0.00216789385026367
30837071	0.00143554759971613
30837300	0.000649223842689809
30841460	0.0110783638050997
30841840	0.00204961777822646
30842120	0.0113704209575606
30842530	0.000801586130950564
30842680	0.00309014800941857
30843261	0.000846003603352772
30843900	0.00235905584292182
30844371	0.00709791052241336
30844911	0.00166070026243151
30845290	0.00379305162049897
30845310	0.00673183906236133
30846530	0.000560048761211518
30847831	0.000891709655684436
30849341	0.000532011515469875
30850240	0.00286114851750178
30850540	0.000821404818769995
30850550	0.000566032886857407
30850940	0.015748260723781
30853211	0.000593036802755484
30853710	0.00224677587639675
30855541	0.00638396144820531
30855561	0.105808229020643
30857430	0.00192529480666196
30857461	0.000623350084264528
30857611	0.0147985844100371
30857730	0.0167608444144804
30858520	0.000737534989094883
30859110	0.00274656104691042
30859360	0.00327405565669465
30859391	0.00246583740335685
30859411	0.000901817498976019
30861201	0.000556919087889842
30861211	0.00668543752475239
30861850	0.00665562432114521
30862021	0.00118942679680445
30862810	0.00307266180165978
30863281	0.000880170060856988
30864661	0.000701092932683797
30865191	0.000861223899907016
30865280	0.0934157657821016
30866861	0.0336838184909255
30867640	0.00386997955562059
30869590	0.000902790009146724
30871620	0.000772489109413294
30872750	0.000813892656169141
30874240	0.00671473129397772
30877010	0.000659767439905154
30878810	0.00845652802426857
30879240	0.00113811176933849
30880030	0.000669643231604171
30881611	0.000957012745719248
30881990	0.000612159630964136
30886540	0.00205972157487478
30888330	0.000844137147171633
30889960	0.000886076492044073
30892610	0.016445518227465
30892720	0.00314935083886638
30892931	0.00947154639271779
30893550	0.000917599411684188
30893901	0.000577376501503122
30894380	0.000613688364415125
30894540	0.00160376700715977
30897690	0.00236246133066145
30898530	0.000660352913495165
30898861	0.00061102668559491
30900221	0.0027374389817431
30901751	0.000703601363859678
30903001	0.00120486492813994
30903941	0.00122526151416875
30904030	0.0165152505788268
30905751	0.00118396338947627
30908610	0.000859029972832346
30908791	0.000588913654490291
30909700	0.00270842493014901
30909891	0.000717976027089672
30910550	0.0014980296880712
30912190	0.122172181912313
30913440	0.0292338191586862
30920750	0.00331271338242411
30923391	0.0383597843986932
30925570	0.000767012116183403
30925720	0.00197402098484252
30929191	0.0224705293805643
30929430	0.00100029824197009
30931681	0.00181276441373527
30934950	0.100321031630959
30935131	0.000990712308036526
30938291	0.00176302644547892
30939521	0.000754098528721237
30940340	0.00104808304464383
30943090	0.00191934438653958
30943360	0.00259182640452267
30945751	0.0102648905748535
30948101	0.0018539981183901
30948651	0.00204103301774141
30949820	0.000789532867397581
30954650	0.00146371692082443
30955090	0.000782760497855844
30955330	0.00324975954138642
30958240	0.000727406034003976
30958711	0.00880637440085726
30959381	0.000639110688065291
30959620	0.000961505935909671
30960180	0.734246576562356
30960300	0.00335628288189287
30960870	0.00593924432919217
30961010	0.000678748499062085
30962240	0.000826871304401682
30962680	0.000633034879115165
30963401	0.0118650871744387
30963811	0.00333817144666477
30964040	0.00130234326949431
30964050	0.00152710408043889
30965020	0.000677868929922711
30966431	0.000672483041577791
30966851	0.00242478179189072
30966930	0.00891749891735883
30967070	0.0031232070289476
30967251	0.0015517870861495
30969130	0.0007205836147429
30969290	0.00598721090511709
30971090	0.00152310309788249
30971210	0.000976259765032009
30972610	0.00104648827916802
30976351	0.000680342299099411
30977400	0.000694447870421044
30977420	0.00131985894327959
30977430	0.000607417004958568
30978130	0.00270729427165287
30978421	0.000621277108825918
30979500	0.0427845705163051
30982230	0.000805013578739398
30983330	0.00955357617977504
30983370	0.00161900346792086
30984040	0.000648231741971314
30984170	0.00107255583188677
30984890	0.000832794460378524
30985820	0.0289141885253689
30986130	0.00357289465983214
30987330	0.00792322353247326
30987770	0.0161879710738953
30988781	0.00565228906787858
30990021	0.0175309684448187
30990510	0.00206625834906348
30990540	0.00294573696086175
30991791	0.0183455892094892
30993061	0.0048541746466097
30995780	0.000839724188231686
30995791	0.00170565259804491
30996440	0.000626337714370286
30996590	0.000781067176865293
30997570	0.000652272750068102
30997591	0.000616768237435961
30997950	0.00107196049875207
30997990	0.00081030750592154
30998400	0.000682291224883883
30998500	0.00346817814852398
30999510	0.008972899401622
31000361	0.00149032490907676
31000580	0.00293321673076678
31000860	0.0026267433020418
31001560	0.0142402811957914
31001850	0.0010881607689705
31001970	0.00328720760602656
31002301	0.000619444214963307
31002400	0.000525060003792693
31002551	0.00448668456152529
31002841	0.0028067874421175
31005400	0.000693678221913136
31007060	0.000769724331506496
31007210	0.000691580938662998
31007480	0.0173157219992904
31008641	0.00287066519153982
31009280	0.00131519508067856
31010011	0.000776085004657069
31010120	0.00730318157501022
31011391	0.00057788208563639
31011511	0.0749979526732619
31014161	0.0019414809831959
31014520	0.000534358110321851
31015381	0.00182834779971158
31015801	0.00124714369308612
31016860	0.0221399049347222
31017181	0.00798376997124544
31017191	0.000778374660370949
31018431	0.000787744536923931
31018940	0.000661542452307075
31019050	0.000713944177132935
31020610	0.00799366591191081
31020781	0.000796360023785368
31021461	0.00071877252080113
31022701	0.00123837090811224
31024071	0.00735234172443852
31024201	0.000636886305582332
31024221	0.000796625963228593
31024720	0.00245126361855429
31025120	0.000573096311272295
31026291	0.000714379208994938
31027080	0.00209283770354208
31027251	0.000610405577918939
31028160	0.000638158384377352
31028880	0.00084950994596533
31030421	0.00160150280096818
31032170	0.000741437763674202
31032720	0.000596367907598959
31032781	0.000527781774494423
31033010	0.00146457596723292
31033150	0.0417512240710965
31033840	0.000918530834571664
31035671	0.000989243683171042
31035801	0.000869965322752606
31036740	0.0423410324487377
31036911	0.00198104524896908
31037191	0.000770877217744904
31038520	0.0313698040302241
31038950	0.000624732035680557
31042540	0.00579463104061521
31042971	0.0308129056446477
31044840	0.000933031647661964
31046151	0.0349239621033914
31046630	0.00139035622681961
31048010	0.000826349171714966
31048160	0.000746924478077447
31048481	0.000774792964370673
31048600	0.00137744429552866
31049530	0.00180468546652533
31051090	0.000957407726850276
31051801	0.000567372446158847
31052330	0.00253526691850606
31054950	0.000617395409957409
31055910	0.00174176337548777
31059261	0.00425361004090515
31063060	0.00309153312065909
31063340	0.000937780363261362
31064351	0.00558347636199613
31065140	0.00331110470165409
31066670	0.000524728168368043
31067190	0.000598359198826354
31070230	0.00187497673769658
31070380	0.000562661242388142
31072290	0.00125320005696866
31072341	0.0117021040728538
31072440	0.00146597705582427
31072631	0.00068342617617224
31073530	0.000559836814922111
31074971	0.00267435050483467
31075521	0.00224480729058548
31075651	0.00138492629905012
31076491	0.0209684928393044
31077161	0.0132384985361457
31079330	0.00486370088303949
31079760	0.00234006634500598
31084361	0.000531482999783491
31084450	0.000656648362996285
31084990	0.000779379002139407
31088570	0.00991916567011201
31088710	0.00088791914277822
31088870	0.00179769587496811
31090971	0.0273296334896823
31091921	0.000621936431997568
31092700	0.00192601768012019
31092751	0.00237211516689072
31094001	0.00271619931760919
31094250	0.000531965719131978
31094500	0.000582298713318141
31094831	0.000538757977919622
31094961	0.000781171439056651
31095651	0.000724891600704214
31096351	0.0126774777039781
31096901	0.000613591145423234
31100850	0.000633342358232785
31106790	0.00397941650380833
31107040	0.000734928050705552
31113851	0.00180885950005499
31120280	0.0185140516012204
31120580	0.00486031565479517
31123641	0.00151294564228586
31123781	0.0196205958609555
31124000	0.000821161135890717
31127791	0.00178979245391577
31128840	0.000855398182652398
31129280	0.00131004564300395
31132290	0.00836546735469545
31134541	0.00285276529658956
31144590	0.143267115861957
31144901	0.00141493921295905
31146220	0.0382935341714698
31147781	0.000757346325699933
31147931	0.0012876882258204
31148730	0.0896635287733679
31149451	0.00216298180993011
31150541	0.00109078656699295
31151610	0.66601691600528
31151860	0.00116843245248808
31154531	0.00133145135537299
31157670	0.0122094830261638
31159101	0.000725151736150448
31163771	0.000874125986489397
31164901	0.00568170559465582
31164980	0.0294986916115142
31166281	0.0164380681973087
31167180	0.00074915184336526
31168020	0.00193436428653023
31170391	0.00521911386487249
31170510	0.0114022004162421
31170541	0.000908293429028305
31170760	0.0151557315393895
31171450	0.000642041379854945
31172030	0.000677646083111487
31172871	0.000593184414650163
31173151	0.00206378398432699
31173240	0.0256398006498279
31173270	0.000601086174923614
31173380	0.000524951667330418
31173690	0.00963886606985837
31175381	0.135437041073583
31176140	0.00223943581557532
31176280	0.000671626888849542
31178090	0.00405619520245079
31178551	0.000556342553444808
31180720	0.000593501885616159
31182200	0.000858728144155636
31182350	0.00236103964858427
31182790	0.0102286003623457
31183200	0.00585939776264281
31184030	0.00125600331665325
31185021	0.00310078198200434
31185161	0.00483106087694718
31185851	0.000560839023958519
31186510	0.00268399635830966
31186660	0.00114814999880499
31189581	0.000635908261272934
31191180	0.00107944294200862
31194750	0.00353047226240854
31195241	0.0035657538299312
31196020	0.000994141784286823
31197400	0.000699366761589355
31197441	0.000629426117999774
31197540	0.000690073211014888
31198391	0.000607784727192137
31198630	0.00171826982441201
31199060	0.00161509052467589
31200830	0.013538557685258
31202060	0.00382964473194689
31202090	0.00243831849692067
31203060	0.00221092217201749
31203371	0.000808141400078059
31207651	0.00748190398589846
31208871	0.00125031025401434
31209281	0.000653098398784348
31209690	0.00323621269808206
31210360	0.00298173224030088
31211600	0.000569616421707519
31211651	0.000713856645692805
31211901	0.0693990340084751
31212420	0.00107648856141939
31212871	0.00227531347746039
31214200	0.00218025476046814
31214910	0.0048096038691706
31215200	0.00863429184198852
31217861	0.00113694208335595
31218401	0.000792739895540268
31218770	0.000682577495542035
31219200	0.000724571446058703
31220191	0.000762504479744681
31221660	0.00124360329794501
31221991	0.00107742953953249
31224570	0.00372089296963212
31225031	0.000720204701107863
31225151	0.00080381904451107
31225161	0.00100730902863559
31227070	0.00115467528618266
31229021	0.000515979502366987
31229660	0.000652113432799198
31232990	0.000572908517108521
31233520	0.000783658517178185
31237780	0.000544076956470435
31238200	0.000526792766046327
31238210	0.000843912587975925
31238961	0.0752881496271181
31239170	0.0013420266156637
31239761	0.000696639738515117
31239870	0.00857238114797378
31240400	0.0276053093057217
31244020	0.00121361056088468
31244311	0.00488578160814137
31247231	0.000603504771133975
31251580	0.000557896615317813
31254111	0.00271489745113998
31255850	0.00266396349285106
31256970	0.0654179658226456
31260540	0.000659512882957859
31260710	0.000525526837821339
31262330	0.0011474310225639
31263440	0.000764513401163942
31265230	0.000556670154325249
31266770	0.000716855149484078
31266791	0.00217030626187712
31267720	0.00325968667100223
31268400	0.00174292942124004
31268591	0.000681522055510648
31268980	0.00933066326987185
31269370	0.00154277022966595
31269800	0.000801281647692877
31270360	0.00161461036842026
31270391	0.0145275250615665
31270401	0.00192439218429938
31270931	0.00345137277487723
31271600	0.000580225322930389
31271641	0.0189396324727158
31272051	0.000589023260129236
31274521	0.000560952472997483
31275351	0.000805314215749746
31277021	0.000745940519974344
31277260	0.000660510896075575
31277660	0.00111923115672013
31277790	0.00253574899117772
31278541	0.000682166086347658
31278661	0.0008768348056605
31278760	0.0011449794531933
31279870	0.00216410592257816
31280580	0.00119635361087498
31283600	0.0147887300074721
31286251	0.00153080286984719
31286951	0.000621072317218306
31287081	0.00790867944439261
31287901	0.00373501149254021
31291290	0.000800399560645921
31293400	0.000634262756044137
31295610	0.00176114511909851
31301821	0.00900041546391244
31302610	0.000727651732786475
31302760	0.00475590439566993
31303310	0.000563536554836614
31306931	0.00212476371009122
31307020	0.00114789893606661
31307341	0.0184749063547813
31307921	0.00250226606819416
31308850	0.00878622085055666
31309380	0.00739691028159918
31309670	0.00129456701156017
31310801	0.000803805749125282
31310880	0.000634787264928208
31311631	0.0128841221384753
31315050	0.000834914073772739
31315600	0.00391930854272594
31317971	0.00535944551156421
31319470	0.00601852283771968
31319631	0.00197625927930527
31321380	0.00137847825371994
31321800	0.00120537295723162
31322801	0.00127084253280404
31328810	0.00231598919508576
31329981	0.000945779408743437
31330490	0.0550948563341387
31331631	0.000720303121749319
31332270	0.000698121100708978
31335710	0.00443621731889044
31337001	0.00304309449928461
31340861	0.0438756146402505
31341380	0.0110880633878867
31342231	0.000722935848605396
31342801	0.00107206163943582
31343040	0.00336684928370656
31343160	0.00130478854487564
31343430	0.00346830348166696
31345151	0.00155370268337731
31346470	0.00095095464977652
31346780	0.0289993832155805
31349360	0.00678851660791932
31350661	0.00064032838747115
31352570	0.0108791106081284
31352741	0.00225267644522474
31352820	0.00145407219103534
31353390	0.00519519453282974
31354330	0.00925962132065564
31356820	0.000531924345243188
31358220	0.00387525409049591
31358791	0.000825271049510031
31360161	0.0110993377042923
31360270	0.00497606319464825
31361510	0.00102142292801797
31365551	0.000798471830665213
31366091	0.00237343633933151
31366791	0.000965065311401819
31368980	0.00149956695973935
31369001	0.05532961009117
31369910	0.000678710794053882
31369961	0.00224300076688346
31370050	0.00714465295193689
31371621	0.000516581284965318
31371860	0.00320437559319533
31372530	0.00065574240664079
31372980	0.019236616411817
31374231	0.00204558265472441
31374921	0.000721514341589768
31375621	0.00061538894387564
31376820	0.000531941647283577
31377981	0.0112754924777941
31378080	0.0020043828876106
31378870	0.00129895647745491
31379751	0.00055821075908415
31383460	0.019935611004777
31384301	0.00122815748810108
31385541	0.199286521039541
31386490	0.00118172976785043
31387040	0.00389502864672484
31388571	0.0244953206932144
31390781	0.000657344808274672
31391970	0.00421032691330203
31392010	0.0483054707116279
31392731	0.00214894271268101
31394630	0.00152699319671081
31397971	0.000581108873160432
31400451	0.000527130616503087
31400830	0.00538831323323398
31401121	0.00107100902144398
31403081	0.000603470564282109
31403331	0.000507174615113839
31404940	0.00202273681888064
31405141	0.00571057466441995
31405800	0.00175283282255348
31407481	0.00145583584617825
31411870	0.000949563669289653
31412031	0.00827776673905873
31412441	0.000738286117277932
31412690	0.00216783385478817
31413281	0.008811953505968
31413401	0.00268494248361995
31413811	0.00793596870796322
31414220	0.000529497712785005
31417561	0.00129219869666031
31417671	0.0176150280216699
31419061	0.0069256693838487
31419180	0.149919918540787
31420120	0.0130188737233736
31420130	0.00174169811154188
31420260	0.00254488341301309
31421691	0.000550385301163898
31426941	0.00148227552022395
31428680	0.000534354808918396
31428930	0.016720465530956
31428991	0.0719897274454465
31430590	0.000528036141331139
31430870	0.00151620672406775
31432291	0.00123126759655798
31432841	0.000574119645343802
31433971	0.000694144024294703
31436041	0.00791900221017079
31437100	0.0041750583335777
31439040	0.00352428276724375
31440530	0.00172594758973253
31440711	0.000890099075083362
31441640	0.00355647756617609
31444041	0.000759024673399423
31444711	0.00154580335670051
31445380	0.000763711438615777
31446350	0.00056525318513228
31447201	0.000522835179472409
31447850	0.00210714479299955
31449940	0.00560385247200094
31450170	0.00204475393889081
31450200	0.00419260098584644
31450720	0.00786166034144547
31460311	0.00138338457043261
31460660	0.000735057194443317
31461831	0.00104466921245321
31469941	0.00089527935396744
31470170	0.00477021342250372
31471420	0.000662575540392082
31472410	0.000704450722890234
31473001	0.00142431266243196
31473780	0.0157540743255413
31475300	0.00212332213465388
31475461	0.0083108486793671
31477500	0.000657146843514686
31483820	0.00077800513354045
31485240	0.00505369473854337
31485360	0.00236331217069962
31487270	0.011150590976205
31488161	0.00475207006412556
31488400	0.000848430761792804
31490460	0.0248605107038181
31491440	0.0107200000612348
31492151	0.0035300841612411
31493500	0.00296505193624168
31493790	0.000560265765787604
31496000	0.00104503706968546
31496930	0.00124992706232576
31498091	0.00128085353560174
31498241	0.000977206372658277
31502740	0.00271537826485298
31502901	0.00243234221819156
31503170	0.000789034866656302
31505380	0.0113784982645729
31508390	0.00788027226757361
31508581	0.00349531168290497
31512721	0.00111386486953764
31512790	0.000565692551224099
31513240	0.00439165366123626
31513500	0.0423643205683593
31513760	0.000555242133610632
31514580	0.0734605211248052
31515041	0.0140421553570615
31515680	0.000750128362937883
31516011	0.00442431419340858
31517401	0.000836105375932587
31517480	0.000529520045328472
31517821	0.00381931242715387
31518101	0.00562074169856973
31520711	0.00080340665538799
31521470	0.007839828803412
31521780	0.00539706296975395
31524581	0.0602309329667227
31524940	0.00189450568006042
31525070	0.000527030171198922
31525230	0.00290537581899233
31528520	0.00269314721053701
31530101	0.0019065278607619
31530231	0.00111356694468103
31532701	0.0341917025854672
31532991	0.00239084786759766
31533210	0.000627271329500316
31534791	0.000715175225681737
31536110	0.0122151927502508
31538480	0.000571810242547764
31540301	0.0938383020655407
31540721	0.00126272811094324
31541350	0.00236710394331645
31541780	0.00184846312007485
31545510	0.0812930609159616
31545931	0.00527626114109532
31546060	0.00526963492157303
31546081	0.00310193048694893
31549350	0.000562938956914492
31549750	0.000542499335040282
31550160	0.000714666858440655
31553661	0.00124558898290262
31555570	0.000517673769664839
31556281	0.0829167688789815
31557780	0.00256546832763254
31559311	0.00155645956015243
31559331	0.000514871465680407
31560670	0.00543413213166519
31561890	0.00153731590042804
31562030	0.000803326148041146
31563191	0.000807689571096
31565251	0.00174486544041147
31568161	0.000928166820684066
31568411	0.000875760928724101
31570200	0.151899525579785
31570491	0.00506080286789014
31570600	0.0015251804670004
31570890	0.000804765804696765
31571731	0.101974696329442
31573050	0.000543669937650342
31573210	0.000957714394310431
31575120	0.0013230189075432
31575130	0.000511633156688509
31576090	0.000590583666563524
31576230	0.00390916107505159
31577900	0.001603134137741
31579540	0.001578913360709
31581630	0.00558630591274326
31582030	0.00180820169445298
31583061	0.000636854114490577
31583820	0.000691119928113355
31584680	0.00101504389797396
31586310	0.00120767903774138
31594300	0.0151561316210371
31594501	0.000760903599852992
31594781	0.000545034132972253
31594860	0.00135667550304648
31594891	0.00243365921851483
31595331	0.000635682812066627
31595430	0.00376385652250842
31595741	0.00187153820326903
31596500	0.00095127523398636
31597080	0.00147875168154093
31598570	0.000685255256175623
31600961	0.00226849857072577
31601480	0.000805617955818773
31603140	0.00229225727018514
31604841	0.00073673595251601
31607290	0.0465544566987514
31607690	0.00354571458765709
31607850	0.000592210710723141
31608271	0.00271326651237382
31608821	0.00192280108517569
31608940	0.000527472344237834
31608961	0.000795245288660141
31609531	0.00148114411539044
31610081	0.0372924269135789
31611591	0.000560459388493282
31612571	0.00674773371194083
31613060	0.00268663191844672
31613521	0.000599144443320159
31614300	0.00259363911493721
31614850	0.00235568081676837
31616650	0.00296872751863291
31619861	0.00203829367439575
31620551	0.00640433627395294
31625770	0.000533526257843117
31625780	0.000532660512792694
31627420	0.00072852136273362
31628021	0.000614826404474177
31628100	0.0134448454180179
31628360	0.00316206742199971
31629340	0.00270555054872537
31630010	0.232429261349099
31631160	0.000899987248986686
31631560	0.0119286812440878
31632421	0.00073947085786862
31632561	0.00134578289380594
31634211	0.000580332985977508
31636110	0.000641755671698781
31636500	0.000750302371507218
31636640	0.00200154407870508
31637231	0.0308657439389721
31637910	0.000995248519410476
31638061	0.000708949638528502
31639400	0.0145399419311153
31639581	0.000669406498652031
31639700	0.00094287117210952
31642020	0.000519538633335194
31642501	0.000719485304797173
31642771	0.000627599151410579
31642901	0.000530837679970451
31643591	0.0118099594338584
31644421	0.000682788566676718
31645101	0.000675295726483622
31646771	0.000578570401060804
31648260	0.000670491011571019
31649640	0.00160678313454913
31654590	0.0122829657388347
31658430	0.000516416686078626
31659570	0.00180020985393344
31659700	0.0059137767821218
31659721	0.0049809946163999
31661630	0.000914490036950044
31661760	0.0276533463590632
31662300	0.00263953056952326
31662310	0.0144344718829143
31662600	0.000990662850540976
31664961	0.0458705296805293
31666560	0.00114916071872651
31667051	0.0679526220350078
31667540	0.00913377156468693
31668131	0.00161687551723672
31669330	0.000546182225008103
31670081	0.000617212758728742
31670430	0.00115698129721171
31672250	0.000720508049895421
31672770	0.0693328813518723
31672790	0.00422261816067839
31674710	0.000667268712462188
31674740	0.00102447178933695
31677480	0.0123750743421761
31681320	0.000525932916303204
31682570	0.00122858420085758
31683461	0.000727141916249796
31684411	0.000817162110197796
31684811	0.000605504065183373
31686180	0.00199308475034771
31686201	0.000736774826947961
31686600	0.00243471578082851
31689350	0.000975809187874548
31689750	0.000709164466847763
31692701	0.00142008651606628
31692831	0.00478140782463959
31693391	0.00192157105984592
31694191	0.000627272120472454
31694730	0.0688942085715454
31694771	0.000564015703691717
31695820	0.253681151354771
31695830	0.00324019838899709
31695960	0.00128653354986386
31696920	0.0264071059738663
31698191	0.00060294791530626
31699711	0.000632528484295411
31700411	0.128288688667997
31706300	0.0433110832759147
31706761	0.000548128691808515
31707181	0.00125606064242872
31707451	0.000545012915997914
31708360	0.000519310045781294
31708421	0.00868863360837746
31708660	0.000642220562061837
31711171	0.000612930039885983
31712240	0.000571840435009334
31712500	0.00292941724389456
31713340	0.062336468030846
31715981	0.000649085693787182
31717590	0.00054407734883322
31718280	0.00609985307517559
31720281	0.00344365174788817
31720640	0.00122208260490189
31721111	0.000568064811278811
31722040	0.00486571541622611
31722881	0.0038679091986063
31724520	0.00146235201636953
31725050	0.0132957165036932
31726860	0.000736742727810524
31728141	0.0192750711648606
31729200	0.00169019997023893
31730440	0.000981519255658157
31730611	0.00110042711474988
31732070	0.00407571896135502
31732220	0.000538013261828534
31732370	0.00149876604893559
31733310	0.00055104116136106
31733490	0.00147342021320386
31734000	0.000545530274893213
31734420	0.000712851982969793
31735670	0.00927086286944336
31736230	0.00109681244082679
31737320	0.00286526347989502
31737600	0.00202081009627021
31738000	0.000578957197718076
31738980	0.000512571936874663
31739451	0.00174401497746693
31739690	0.000692506562346565
31740940	0.00286151076271958
31741381	0.00509807007028799
31742840	0.000756634854857294
31743011	0.000746536422154569
31744480	0.000516060750896998
31744520	0.0009421160321113
31745180	0.00906654733862336
31745661	0.000628872086172213
31746000	0.000751105476050792
31746341	0.00363607031560332
31749241	0.0034832586825303
31750550	0.00372488816009026
31752080	0.00153762675560843
31752090	0.000969982627659539
31753911	0.000741487949489367
31754901	0.000761492688611044
31755581	0.00193603660159652
31756800	0.00056110804111409
31756821	0.00201362595513488
31756831	0.000736977513533435
31758720	0.0208317610327469
31759960	0.00148535346982518
31760760	0.000620848163699389
31760770	0.00196325103373584
31762010	0.00144032140200291
31764380	0.00128900971506203
31764500	0.0210334746141791
31764691	0.00174557778188681
31766020	0.001298479310027
31766051	0.00124435098546096
31767390	0.0137564576952868
31768941	0.000741703743555037
31768951	0.000893415207329332
31769241	0.00376552868222398
31771421	0.00402475582855586
31780121	0.000536010353822132
31781091	0.0015491699627332
31781921	0.363799485032542
31782041	0.000547151032359614
31783260	0.00320588500849754
31783441	0.00249140517617156
31785361	0.000895267223362402
31785610	0.00548435942429744
31787110	0.00176471369750329
31787240	0.00276949925400091
31789170	0.00115824319053694
31790440	0.00679420842720615
31791130	0.000585635879663572
31791721	0.000883975208692266
31792750	0.0160168764808878
31795530	0.0387709664593476
31796370	0.00135640892147154
31797361	0.0239168935192542
31799690	0.0393034285031975
31803151	0.000603842309654778
31803380	0.00118943227200631
31804370	0.000954193629822133
31806420	0.0211518140209586
31807790	0.00129038521527537
31808910	0.000769985930150435
31809190	0.000537484646213162
31811230	0.00113098730038975
31811650	0.00059403431255476
31812821	0.000796290973551498
31812910	0.0107117029484388
31813310	0.00216695510531414
31813590	0.000586072736099923
31813641	0.0133157507978715
31815110	0.000546387477863556
31816340	0.215445508458301
31816661	0.00164663607428314
31816681	0.000946016929800673
31817791	0.0024343455153701
31819650	0.000804571506664941
31820770	0.000625489215975709
31822020	0.000655670508621569
31822440	0.00437009264170804
31822680	0.00310784440340163
31822881	0.248323718114257
31823510	0.000587806059552972
31824640	0.00234884600521478
31825071	0.00441241409736083
31825600	0.0101765556660821
31827031	0.000573051322683637
31827691	0.0369075977381014
31828941	0.0014699954934379
31829501	0.000625685746311058
31830550	0.00850174537001384
31831810	0.00610616655314177
31832650	0.000898065984148612
31833211	0.00314127157344081
31833440	0.00364477855784164
31835031	0.000537352165158809
31836900	0.000776418560617796
31837631	0.000825327374706107
31839110	0.00557220486170653
31839151	0.00212538973498113
31841221	0.000673409862962626
31842751	0.000807371461661041
31845570	0.000728600214057098
31845860	0.00770289168876241
31846051	0.00284287001280152
31846840	0.00147229145569392
31847021	0.0321726332028518
31848490	0.00217974026171028
31849440	0.0312593178999454
31850030	0.00411342122234839
31851230	0.0107084257516528
31853880	0.000644669787930837
31855100	0.00775376282443734
31855981	0.000530099972155321
31857720	0.000618699089644276
31858990	0.0063357731569378
31859161	0.0018885694501733
31859380	0.00061811047173166
31859991	0.00182874286493131
31863281	0.000813357986415724
31865460	0.0539270188960162
31866181	0.00118944639786105
31866570	0.000825965272466183
31866960	0.00315835843082136
31867421	0.00408489917261291
31868111	0.000623501661821942
31870420	0.00130019742456226
31870471	0.00062088826700972
31870871	0.00119741122480347
31873911	0.000538864402241072
31874311	0.00467467539601012
31874710	0.00412014480102121
31878591	0.000728205228194732
31879011	0.00110165508681549
31879971	0.00222114628161751
31882051	0.0115254336994058
31882591	0.0194967325989939
31882861	0.00180446151471663
31882881	0.00114233964912314
31883800	0.000528312602911368
31883841	0.00204915921795857
31884060	0.00364849890136603
31884080	0.000761907879443164
31887670	0.000541913155100497
31888330	0.00320796082967118
31888600	0.000632939991767192
31888671	0.000633316563816812
31888780	0.000922719789971491
31889221	0.00308965256307017
31891650	0.000522564988598692
31895930	0.000619379136654746
31896521	0.0027782877047866
31896531	0.00114008941372921
31899930	0.00604942784674861
31900521	0.0038611987474343
31903100	0.0252967258254445
31906400	0.00152352369798152
31910741	0.0036838761856045
31910850	0.00317388643153208
31911370	0.00154648898626568
31914670	0.00194005522773891
31914810	0.00150488705070695
31917870	0.00188685627303847
31919120	0.0178983576642698
31919540	0.000782106620134325
31922280	0.000528419459446711
31922670	0.0686719738235875
31923551	0.00457170522930295
31927271	0.00116939546803603
31934410	0.000729869450344179
31934530	0.000614814317779112
31936121	0.00232174186077437
31936610	0.02442639930994
31936661	0.0010238871107503
31936760	0.00140963999625437
31945420	0.00382625953587714
31946290	0.00405171721648532
31947841	0.0117134548522466
31948791	0.00131581672888003
31952330	0.00195385960906376
31954041	0.00498838357426661
31954840	0.000581372553349308
31957631	0.000658456297062038
31957980	0.0360377603099685
31958171	0.0175436241125682
31960760	0.0270206912791203
31961611	0.000911274752843785
31961740	0.00446796105875056
31961870	0.00658812155897565
31963380	0.000664095247345188
31965580	0.00363403654989921
31967390	0.00585312831154375
31968200	0.000625462380469133
31970110	0.000676296463430308
31970270	0.00589247151310501
31972941	0.000705051398007354
31973730	0.000552564131886036
31975421	0.00194801107343243
31977071	0.000867400596207567
31977201	0.00687105895103777
31978690	0.000544829998294376
31982520	0.00336792246947871
31983910	0.000763646910061404
31985331	0.0139502226480783
31985700	0.0036165645253014
31985741	0.0115005829668031
31986810	0.000937582094489081
31989980	0.000969634727372378
31990441	0.000901784506984058
31992231	0.00155927006208543
31994171	0.000713159095426938
31995520	0.000664548061678892
31997730	0.027467972656329
31999490	0.00281721008163497
31999541	0.00966540685231255
32001341	0.00106299988484394
32005590	0.000794841560030798
32010940	0.000551911719514947
32011401	0.00115336916578593
32015141	0.00116705960939447
32015541	0.00080358842520599
32016111	0.0129610455102077
32028730	0.145063155814617
32033191	0.00164288421104287
32033840	0.0215237310314073
32039790	0.00329551552783638
32040070	0.00246412216908185
32045020	0.00182547347672768
32047380	0.00257413510267171
32049150	0.00060172647513179
32049351	0.0471499203379574
32049901	0.00174619375223549
32050000	0.0666477985786109
32053881	0.000694959018908839
32055920	0.00150473111956586
32056750	0.0130633570762591
32058400	0.000831663649778637
32060340	0.000624619903769381
32061891	0.000604854196141214
32062540	0.00191308408421993
32064170	0.00168937419092307
32065461	0.000850713302349322
32070011	0.000661344598848884
32070800	0.00065125186897217
32071370	0.000770244284457449
32072580	0.00120517202191286
32072720	0.0195254189387388
32073061	0.000552092470595444
32073751	0.00192262919678348
32074660	0.000879669828919835
32075941	0.000537874886289052
32078530	0.00156743235652665
32078851	0.254555302897215
32080340	0.000533966914383387
32082270	0.00107436984147045
32083060	0.00472315707582274
32084081	0.000572815413860854
32085331	0.000837647848584299
32086940	0.00153155968357327
32087890	0.00380195409332181
32088060	0.000525754428118508
32088491	0.00481469889759605
32088791	0.00135045878292342
32091510	0.000715158238913208
32091821	0.00150118711336195
32092070	0.000597283788229258
32093461	0.000894248602459067
32094151	0.0018692176309301
32094161	0.000665951912934826
32095340	0.000529723214952239
32095391	0.000652144990021603
32095801	0.00747574286441253
32096101	0.000787512678783124
32096340	0.00265043261403197
32096501	0.0649221079641663
32096870	0.000628902969403994
32097680	0.000530934103866145
32097891	0.00100997432998956
32101410	0.180943902925064
32102861	0.000735758544741659
32103411	0.000770814950623053
32105341	0.015126651264728
32107080	0.00192626184233757
32109051	0.000550608692052671
32109970	0.00054249216297247
32112460	0.00303121151248225
32112590	0.00814549734516629
32112720	0.00219395135685166
32113280	0.000642013390784373
32115770	0.0046475782684331
32115951	0.000784622190313537
32116330	0.000534157591435231
32116870	0.00114124538451846
32117041	0.00333958817383546
32118110	0.00132595596341688
32118141	0.00088991591621468
32119090	0.00107654745989318
32122120	0.00427817715392479
32122520	0.000937679873645347
32127080	0.00531677256235726
32127220	0.00218108096551099
32128610	0.000533622538342108
32130431	0.00064399504125919
32130820	0.000541058200696001
32131480	0.000528747141236019
32132610	0.0154747357485307
32136450	0.000700607516487457
32136600	0.00379811882685844
32136880	0.000663154358147508
32137871	0.000920142899909039
32137960	0.00940075690633629
32139340	0.00175525153849036
32139391	0.000920078588562819
32140921	0.00644083654097498
32141471	0.00306162275818445
32141980	0.000660358408346249
32142400	0.00211597883907735
32142930	0.000722160156762185
32143791	0.000973728821169896
32145990	0.00275406369906254
32146831	0.00371821365951635
32149030	0.00363239604667516
32150510	0.00206522265120591
32152730	0.00567341120182717
32153321	0.181829181517845
32153741	0.000520694126293472
32157130	0.00425134260018312
32157140	0.000618634088752298
32157171	0.000603459597443204
32157840	0.000623038331225435
32157850	0.000651610241678538
32158800	0.00129498436657243
32159131	0.000542499335040282
32159210	0.000919501331963096
32159661	0.00077679985588337
32160231	0.000851416018933881
32161150	0.000578220755511163
32161160	0.000708929076345342
32161840	0.00153001828693001
32162090	0.000614778282075252
32162930	0.00190667013222554
32163101	0.00361146057513221
32164071	0.327523769954903
32164631	0.00101550414218644
32164870	0.00113917152344168
32165700	0.00380773138075214
32165741	0.00282872624356071
32165990	0.000692302547520638
32168631	0.000623641659302195
32169410	0.00328418276721343
32170650	0.00118444322418121
32170930	0.0284823053179445
32174680	0.00154053497828515
32175050	0.02143002280526
32176040	0.00055092669100217
32177160	0.00147463470764791
32177731	0.00443897549913359
32180310	0.00177708573213003
32180901	0.00538092386722299
32181010	0.00192750338394457
32181570	0.00107103387945984
32181881	0.000756070363536474
32182940	0.000650645073506822
32183500	0.697766460631891
32183910	0.000570445375771617
32184330	0.000749460880514082
32184850	0.252033178631122
32187220	0.00391804751354168
32189861	0.000621448773406706
32190220	0.000755552848997384
32190281	0.00862334022831301
32190400	0.000974657662187118
32192460	0.00562360025402288
32193321	0.00358343410483496
32198011	0.000635410862016345
32201861	0.00123593330206667
32202100	0.0052566771418747
32205820	0.0023414188487087
32207921	0.0346840388335932
32208460	0.00198663888934727
32208481	0.000529596100346243
32208771	0.000849498383550655
32210790	0.00218662154604066
32211661	0.0056744636600468
32213031	0.00126562157179561
32217390	0.0032608502036891
32219320	0.0112669473658501
32220010	0.000624044084920858
32220020	0.00189849486819447
32220611	0.00515406207742283
32224491	0.0018506943669772
32225301	0.000529156496145221
32229280	0.00488712425311491
32230630	0.00287419512918559
32234520	0.0138778905059126
32236891	0.00108174032997869
32237250	0.000637608390834685
32238390	0.000670929462417088
32238650	0.000720295619615597
32240221	0.00111295592341148
32241311	0.00363216798145985
32242810	0.000875413532579661
32244361	0.00807521698545567
32244631	0.000977066616636913
32245560	0.000563475242195029
32246291	0.00112536112899817
32248071	0.00108896059691676
32248290	0.000672249432213195
32249741	0.00497150204062254
32253581	0.00434454785979143
32253810	0.0252064435577922
32254110	0.000758391271610227
32254240	0.00148969400478443
32255490	0.00121904137012559
32256590	0.000528836490428338
32256751	0.000972602894309917
32256761	0.000620266104087427
32257130	0.000742623690632505
32260450	0.000538963386548078
32261390	0.00081466540895597
32261721	0.00118605663289462
32261830	0.000873580788342296
32262350	0.0052794949072175
32262910	0.0420221724144281
32263381	0.00068052418135024
32263651	0.00114740368631319
32263661	0.0425745543429538
32265991	0.0047739274575658
32268351	0.00790360078426364
32270490	0.00382792234748771
32270520	0.000563648949752119
32271610	0.00136511266752009
32274011	0.0417631138744444
32276440	0.00108499720819205
32279470	0.000766495053570612
32280300	0.000579665743090863
32280850	0.00117157746570495
32281000	0.000774081004965594
32282961	0.000517398911090687
32283890	0.000808285899478398
32284211	0.0013961074504766
32285721	0.00182693939566999
32287050	0.000654511080946692
32288560	0.000782710390124694
32289400	0.000883620479570027
32290541	0.0157306399642066
32291361	0.00129566061467161
32291590	0.00077409579531448
32292030	0.00466657036119818
32292310	0.000676627693418216
32292590	0.000836248165867917
32293721	0.00568658501642368
32296341	0.000651799594776057
32297991	0.000679552649195459
32298691	0.000844036957547403
32298910	0.000778003300000337
32299620	0.000512044635573857
32303091	0.00150806197779116
32303210	0.00144427722327646
32305110	0.00324658522936055
32307931	0.000687952072179519
32308191	0.00122371956236882
32309981	0.000750325870696294
32310541	0.072434509780472
32310780	0.000905533109808087
32312211	0.00111574820747825
32312420	0.00377150615968841
32312840	0.00641714274853375
32315361	0.0173161583041327
32318380	0.000538265520935122
32319630	0.00104110618168188
32320331	0.00558639558325599
32322940	0.0190039705009258
32323740	0.107654131092031
32323921	0.00182094009598843
32324040	0.000645759621987635
32324160	0.000768559147189893
32327111	0.00510939481981414
32327170	0.00210883698319387
32329451	0.000618389895265754
32329581	0.000629857504278367
32329591	0.0120825986440286
32329721	0.0087612529931177
32329861	0.00682871766380639
32330760	0.000658826768196679
32331791	0.000895311989522694
32332010	0.0362728064877927
32333790	0.00988444867776451
32335040	0.000689355817556952
32335371	0.000528435924710226
32336300	0.00063709771760119
32336590	0.000650017217608324
32337830	0.000617040148820568
32340560	0.0110103700320703
32340590	0.00371676437032044
32340960	0.0117490441734752
32342821	0.0165939360229637
32345830	0.0013020742207609
32347091	0.00123842246113602
32348191	0.00113338785068564
32350121	0.00119075189955546
32351231	0.000822681013973727
32352170	0.000606630099008876
32353410	0.00057465374502126
32353650	0.0092902259906746
32356450	0.00093690737447083
32356871	0.000813024128873314
32359921	0.000632986772270894
32360690	0.0102658866369388
32360751	0.55069172916769
32362790	0.000631644470775512
32365311	0.00171940790165913
32365660	0.0027467726857026
32365830	0.00171307392380889
32366531	0.000596218753294245
32368550	0.000706369235183289
32368690	0.00809547475647625
32374220	0.00143478540300931
32375860	0.024968605266064
32377971	0.000565047071056096
32378500	0.00247880543177778
32379101	0.000638831420355623
32379600	0.000985712282435522
32385991	0.0023168826670881
32387231	0.0207497552101433
32387501	0.000807371336111741
32389301	0.00862094670845139
32391890	0.000711564450930585
32392690	0.000770369591815556
32393650	0.0119049725817574
32393660	0.000714000399040471
32394620	0.00979039543067592
32396150	0.000538839376158019
32397390	0.0101370559958598
32398470	0.000578751082207516
32412591	0.149698577861546
32419231	0.00068882663532554
32429820	0.00258284912802209
32434340	0.0149104350704585
32436720	0.00348001302017523
32438190	0.00216443662490996
32448570	0.0129011396552063
32463870	0.000897810260904615
32467570	0.00152920503269679
32469821	0.000536735939073367
32473291	0.000536531345399154
32473691	0.000914420177936989
32479870	0.000667603116220967
32480000	0.0114760577270451
32483030	0.000668847853057023
32485291	0.022870160892126
32485360	0.000541894211052982
32485520	0.00066746910582214
32485790	0.000576085088565255
32487190	0.000751851839013034
32487621	0.00243744465849571
32487880	0.00883066005453168
32488540	0.00467357109117925
32491990	0.000762947652404085
32494740	0.000801577432777957
32495160	0.00215731387933793
32495641	0.000841270137902995
32498090	0.000691205496030887
32498330	0.00079216164931526
32498480	0.00170208333222018
32499450	0.000642820396822018
32502360	0.00497204642339891
32507700	0.00210749460819555
32509500	0.000641938200274427
32511330	0.000672877109659198
32512010	0.000666663319811924
32512570	0.000581263835202667
32512991	0.0231317771779712
32514060	0.00182141719014958
32515471	0.00880629409174046
32515481	0.000619047938596196
32517011	0.0506270682810165
32518090	0.00747670051739814
32520000	0.000851375227755157
32521110	0.000689030836846563
32522490	0.0218883567436524
32524250	0.000820341268594521
32524991	0.0345951700344154
32530111	0.0044292595996308
32531310	0.00869415058522619
32533831	0.00219281683037415
32534330	0.00708375865482246
32535180	0.117097723051667
32537291	0.00296657761820155
32538620	0.00061190104570411
32540390	0.0017094545848369
32541131	0.00216867371971463
32541910	0.00213003268010922
32543621	0.0136954079329926
32544031	0.00115367789459481
32544110	0.00186088072808708
32544660	0.00203865921850355
32547010	0.000659279724832735
32547160	0.00161742046158852
32547840	0.0205275076942517
32548451	0.00186313889564736
32549510	0.00076879382344756
32549681	0.00108529815702434
32552441	0.0587986662477997
32552601	0.00178224500461646
32554501	0.00224066801661236
32556010	0.0047708974794374
32557800	0.00185918714234095
32566641	0.00575556214846645
32567341	0.00757755233033988
32569770	0.000527565228990514
32569790	0.000899086223649004
32570350	0.000533800444351756
32570661	0.00341912904544134
32571351	0.00211408734154127
32572321	0.00704738533317908
32577090	0.00169642813840809
32579051	0.00244788937927282
32580260	0.00144703337169
32580840	0.000987529495589529
32581001	0.191237989620558
32582330	0.000907503336562291
32582450	0.00177954049982025
32583040	0.000954111156722533
32584530	0.00348793987563845
32586801	0.000695146034935757
32588181	0.00332472026877754
32588800	0.000954582660476053
32590480	0.00107118318377803
32590651	0.000733997736966692
32592700	0.000731596817551961
32593210	0.00421128909620316
32594501	0.000818305502329047
32597630	0.00115079472034397
32598480	0.000604158637171345
32599071	0.000741640022656094
32603481	0.00356632758144118
32603580	0.000753489330916684
32608171	0.00074681517592182
32608291	0.0010299417916995
32608550	0.000701941747438623
32608560	0.00239205259452454
32609240	0.000857059511868281
32610740	0.00423465200523878
32610801	0.000667005568839566
32611000	0.00929770442332338
32613121	0.00113630256022305
32614111	0.000592787855838111
32614180	0.00132478619121183
32616540	0.000705010736415673
32617421	0.00256320649530035
32618760	0.00206686707115782
32619000	0.00120304746493173
32619901	0.000690726327154302
32619970	0.00303262828587649
32620441	0.00176260021632365
32620520	0.000844912306824633
32621070	0.000604861415770024
32624530	0.00062081665327157
32624841	0.0320102163099243
32625391	0.173672256865002
32625930	0.000707628353508341
32627751	0.0024238041059339
32631550	0.00813674718274922
32634880	0.00213891935444567
32634890	0.0252389422501769
32635310	0.0183907989240376
32635601	0.00583157976441181
32636441	0.00336532333400176
32636820	0.0033730409148488
32636851	0.00440362942677018
32638460	0.000909459728328156
32639040	0.0116483639747119
32639211	0.0106045107158605
32639570	0.000762724885141242
32640650	0.000518379352550838
32640680	0.00163137687249026
32641110	0.000534639668011427
32641141	0.00131322493082676
32641490	0.0088988297058342
32642610	0.000592524923879118
32644431	0.00311760120789103
32644981	0.00130663586051696
32645411	0.00307142995534212
32645951	0.00281368043510537
32646911	0.00139977556353169
32649070	0.00274296199603057
32649080	0.0418436136331451
32649121	0.00291356828278103
32649790	0.00112624255383837
32649900	0.000551111105058056
32650070	0.000868519452415615
32653360	0.235679278828693
32654170	0.00249503381597246
32654200	0.000732486086926456
32657760	0.000780400648495665
32658620	0.000726943419076899
32660021	0.000707274794689864
32663751	0.0266849278424774
32664151	0.0806478685754625
32666030	0.0060650527405367
32666340	0.000788773320978615
32669001	0.00327626603437711
32669770	0.000737234406386779
32669801	0.000532207348636491
32671881	0.0126105908097671
32672701	0.00161606060406917
32673770	0.00646044627402331
32673780	0.000584482289682531
32673920	0.00377080005482273
32675051	0.00173298434196283
32675420	0.000640200751443487
32680660	0.0024244882834831
32680721	0.00111863365811816
32680790	0.00149343055757212
32683611	0.001487040489429
32684510	0.0818467798636139
32684861	0.00947621033582975
32685350	0.000628984851132969
32685900	0.0220992365845554
32686221	0.000762460011615081
32686361	0.00109533281231492
32686631	0.00121187496513577
32687030	0.00188788531985254
32687710	0.000988307598830222
32689770	0.0174881407351361
32690781	0.00176325593107051
32691270	0.00186826631522243
32692281	0.00379346601660772
32692441	0.00569074293602262
32693080	0.00150689689798153
32693391	0.00106141474235137
32697661	0.000950000970592249
32698440	0.000589561580936376
32699020	0.000653282588053416
32699580	0.00077063573818827
32699601	0.000658455057717808
32700571	0.0366426194241483
32701261	0.00116087426299146
32702610	0.0214721420512437
32702750	0.0107641756677207
32703321	0.00117618398525389
32703990	0.00105167369135942
32704031	0.00519316114998184
32706330	0.000724649901535343
32707471	0.00541217501893969
32711400	0.00396489787350224
32712940	0.00236877219689461
32713681	0.000686303259599599
32714160	0.0269677220104689
32718320	0.00195765963361938
32718330	0.000931781176648279
32719140	0.00894299416481665
32723270	0.00168864181586107
32723591	0.00553515355043593
32724230	0.000744021481694824
32725370	0.00802118666105109
32728790	0.00237010429302765
32728820	0.0112013768102169
32730081	0.000518373505283011
32730901	0.00103645687820975
32731611	0.0012367207073421
32731720	0.0167026968609706
32735280	0.00103042178065766
32736281	0.00120874488250375
32738860	0.00429681437934207
32739031	0.000622849853591858
32739300	0.00170349701857784
32739970	0.00141538438732265
32740130	0.00964324960468251
32741350	0.000651438722105666
32742491	0.000638140380973307
32744270	0.0007857334916484
32744431	0.0181507819544816
32744660	0.0014259803769707
32744820	0.000635698235434656
32745920	0.00247196305362218
32747140	0.00211640478723394
32748281	0.00483635779620847
32749220	0.0016631365965604
32749251	0.00217196307851838
32749330	0.00425333409548693
32750040	0.00186345587174457
32750231	0.00564081531394955
32753890	0.00320304543585329
32754610	0.000874460473300522
32755031	0.00249602004009766
32755471	0.000749367736129939
32755550	0.00402873096788471
32755611	0.00132475175476801
32757340	0.0477103749470279
32759700	0.00209594553291998
32760800	0.000575567225743983
32760831	0.0035846270163898
32761651	0.00297094857170806
32762201	0.000568185680610594
32768230	0.0153052813874809
32771270	0.00407751926886487
32773470	0.00110008214173987
32776431	0.0852451493108493
32776701	0.00109807869207931
32779331	0.00658561637934124
32780411	0.00111964513013728
32780681	0.00176754736761071
32781220	0.00106761250643803
32782481	0.00103234478180053
32786190	0.000698211171921657
32786430	0.106688778307659
32786460	0.000607651996963985
32789941	0.000677862492190754
32791540	0.00112027460834735
32792800	0.000538859054976939
32793251	0.000610591659478614
32794320	0.000695141190805238
32795991	0.000875476618122744
32796520	0.000651755980977432
32797360	0.00175909149135494
32799260	0.00871245285029049
32799881	0.00205600032616835
32802201	0.000768534407310301
32806751	0.00268804373008053
32807390	0.000741118048434833
32809241	0.00169028404051333
32809811	0.055324578162491
32810020	0.00242045282415585
32812240	0.000945644080933638
32812271	0.000668975869486842
32812981	0.000521687247122222
32815420	0.00349109011747493
32818170	0.000877120472534202
32820230	0.000961919220795001
32821180	0.000517100278485117
32821531	0.0798080856724356
32821671	0.000831731339401625
32821801	0.000831957527348745
32821880	0.00438925424150316
32822751	0.00591520314780987
32823540	0.000711467446737666
32823721	0.0550837485601735
32824910	0.00125592566051107
32825511	0.038739631090827
32826061	0.000738420805391697
32826870	0.00205739837798581
32827441	0.00957517765667118
32827721	0.00277719443302899
32830071	0.00131213231384885
32831991	0.00281159918687443
32839571	0.000865425595682625
32840630	0.00197451573800618
32844230	0.0006471908962314
32845050	0.0050255566135264
32845641	0.00932158382046274
32845791	0.0024903146956538
32848350	0.000627708091073041
32848561	0.0005181933988646
32849501	0.0117334775010338
32850071	0.00130519350196169
32852920	0.00175160568903365
32855550	0.0125304726290782
32855871	0.00205162133424573
32856701	0.00110066421766767
32858460	0.000807277752600802
32859021	0.000811898713033981
32860360	0.00426051518711713
32862071	0.0279746279226921
32863540	0.00185504441123915
32865231	0.0020289213343558
32865630	0.00148684271562542
32865770	0.0118646546493191
32867810	0.000807763765410436
32867861	0.00661599265473896
32868411	0.00143189694841593
32870081	0.00174510754578988
32870450	0.00917017760837348
32871410	0.00303249594066085
32871731	0.00360741428067201
32873770	0.00681702471156588
32875291	0.000607694661801619
32875981	0.00286870120684973
32876080	0.00531344823263768
32876350	0.000545362587043236
32881070	0.00226957018589934
32883560	0.0033600634522065
32884001	0.00206245864294069
32884350	0.00315322067767427
32884800	0.00102869458464159
32885801	0.000570524514377316
32887970	0.00573076925282566
32889870	0.0110439148034826
32894901	0.0037321751119472
32896070	0.000718417873011928
32896380	0.000676110264982147
32898290	0.00328116165098671
32898621	0.00054237577068439
32899000	0.0061035905280029
32899400	0.000616044997305023
32899800	0.00632970175622234
32900900	0.000782148541326606
32904121	0.00483548470422321
32905381	0.00412519231306116
32906450	0.0124797135293459
32906491	0.00299014753060184
32908240	0.0115411223631255
32908480	0.000546849623380361
32911260	0.00361455158152896
32917050	0.00123091487705747
32923100	0.00115924431646909
32924900	0.00146289276736309
32925641	0.000829621138729147
32925791	0.00239844001351095
32926601	0.197348349845788
32929310	0.0211666942695717
32931670	0.000588955874353732
32932681	0.00425605972786179
32932910	0.000625682827962058
32935250	0.00324183714666071
32935581	0.00261854903416322
32936240	0.000652849434809565
32936380	0.00212188176729337
32937521	0.00107045742981846
32938270	0.000512168215532688
32938621	0.000700810546426165
32939171	0.000868551792557045
32939270	0.000724573309655829
32942290	0.0523006960367661
32942700	0.00220264375947645
32942761	0.00067613331319431
32947800	0.000690119580412913
32948360	0.00845186320879097
32948411	0.000563203567815317
32949470	0.000641002457215938
32950580	0.0703903678356503
32953651	0.0042803338855455
32954820	0.00311203536660037
32956240	0.00447502974132315
32956510	0.000558963679912375
32960001	0.000637006905273548
32962830	0.000508856531273399
32963851	0.000564794406650748
32965931	0.000741809688918728
32966030	0.00598242991128793
32968001	0.0010077364509736
32969760	0.000823792255046126
32971561	0.00214856312455829
32972210	0.0169314014964773
32973580	0.000734047674075554
32975380	0.000743379449521697
32975540	0.00386073398707892
32978010	0.00158744491345505
32978201	0.0142597693098138
32979250	0.0273179561292233
32979370	0.00204085853745927
32979421	0.000970924585213422
32980070	0.0079803172969205
32981491	0.000968807317358499
32984360	0.00106299825277329
32985580	0.000973799414059645
32987250	0.000521946524176325
32987410	0.00203272213011346
32988360	0.00267478296925625
32988521	0.000682788481520782
32989361	0.00329027113133348
32990400	0.000537909496991527
32990840	0.000744352545890204
32991240	0.000597107062083676
32991691	0.00136339340170457
32994891	0.000593591397665548
32994970	0.000733564386160226
32995130	0.000514093702454836
32995141	0.00060531455666388
32995400	0.0017672810236158
32995721	0.00310075798835937
32996521	0.00156873099945044
32997071	0.000740224375347225
32998400	0.000614543411333971
32998591	0.00220670462201547
32999370	0.00592135810225579
33000060	0.000979605370716746
33000360	0.00192972630382223
33000780	0.00105978500088946
33002710	0.00376382591269967
33003151	0.00391024053165213
33004941	0.000626692406063441
33005030	0.00076943308028369
33005040	0.000694914634836836
33005190	0.000840556740494788
33010030	0.000996708149441397
33010680	0.00594119881380695
33011130	0.00228418068358456
33011441	0.00101471138603681
33012090	0.000602868024826026
33012630	0.000733040710562559
33014130	0.00223129073214522
33014191	0.000524016784209437
33014550	0.00233847479877477
33014950	0.00109625281059336
33017050	0.00332950624762191
33018720	0.000986021669327459
33020121	0.00285268492041441
33022440	0.0182152187132555
33023991	0.00130540330330439
33025221	0.00102303724396656
33027551	0.000766640059930553
33028251	0.00502417775878209
33029320	0.000810071247560911
33030290	0.00311916577517995
33030960	0.0547825980069674
33032230	0.000539354543018433
33032330	0.0422272500937467
33032360	0.00073684146084549
33034191	0.0007918813217495
33034700	0.000532805965787189
33035260	0.556992011685879
33038031	0.000618144103038909
33038150	0.00543893921369409
33040931	0.000838986985528962
33041781	0.00162469269162363
33042850	0.00297540824673274
33043841	0.000670576687254299
33044401	0.00413902397492359
33045180	0.00969277249141603
33045330	0.0035990579088911
33048910	0.000755295360428407
33052200	0.000832826380765198
33052251	0.0139843190319378
33053201	0.00337167015674361
33054120	0.0259923195339132
33056610	0.00113570828841063
33056620	0.000532065701985433
33057460	0.000655442540056022
33060910	0.00906482697491861
33061170	0.000966765140989644
33061330	0.000609388316611232
33063100	0.0529704466590757
33063800	0.00287127919026885
33069621	0.00261428690951758
33073040	0.000651748618144878
33074970	0.00191913548313617
33080121	0.00341313908575965
33080230	0.00815312008507358
33080750	0.00261761041032256
33082690	0.0190628226358531
33085570	0.000626623546156167
33086540	0.00150662990437257
33087500	0.000835968365624964
33090181	0.000509389861110148
33091530	0.00414542152136513
33094581	0.00356322930204168
33096231	0.000565856110459297
33097840	0.000639466983188346
33102530	0.000607392910392163
33103011	0.00274169540016804
33103821	0.000869881375398088
33103841	0.000510013943672448
33106191	0.00256765455418216
33108890	0.000939060590606342
33110280	0.000508022046910705
33110581	0.00209433748042679
33111360	0.00137757066372944
33115971	0.0101863435110252
33122051	0.00465100643399609
33127360	0.00706120104058816
33128360	0.0142817172904935
33128740	0.00154903885952697
33129570	0.0134895075656806
33139100	0.000693011356887124
33139261	0.00186372160017725
33143011	0.00110741983019556
33144231	0.00287845580177329
33156251	0.00231727379249815
33157450	0.025527073162975
33159530	0.00750832825311585
33160641	0.00779306313241642
33161830	0.000633960173540997
33166690	0.00272275647841965
33169211	0.000889089098259324
33170530	0.216953416403862
33171510	0.00238822769937272
33171811	0.0154459170135868
33172320	0.00125632772727
33172750	0.000726317458497074
33180350	0.00154856385323193
33181341	0.00114336568040526
33181870	0.00527950274740846
33183510	0.00249185045810342
33184111	0.00246835681932494
33184231	0.00517611492006344
33184941	0.0281797465309597
33185170	0.000843351814346392
33186021	0.0016323809237567
33187490	0.000593821124255385
33188371	0.000948711550066926
33189730	0.00214904735237571
33191100	0.00288879102630659
33192610	0.000697884539309128
33197690	0.00121683897189406
33198581	0.000713505170938774
33199110	0.000758503307820061
33199131	0.149872851491731
33202660	0.000755145432433028
33204180	0.00713308777826107
33204371	0.00157102187928285
33205901	0.00274330762718277
33205980	0.000623885944774077
33208750	0.000648276106065106
33208911	0.00101764332446658
33209010	0.000616099638276423
33211920	0.115961418892293
33212900	0.00067371699598638
33213420	0.000662742670546995
33215070	0.160146110961305
33216480	0.00137214446511077
33217550	0.000646757060601936
33219910	0.0277234573090527
33222031	0.00361568594603564
33223070	0.0124569393944051
33223391	0.00539200304907609
33225481	0.000518784535382408
33225700	0.0170684071484283
33225830	0.000534893183383719
33226120	0.00281080355701005
33227951	0.155204556393519
33229071	0.00401828557105496
33229300	0.00201830302208615
33230011	0.001060659567531
33230161	0.00368076779511643
33230510	0.000516739102374295
33230520	0.000705396974545317
33239380	0.0089900843291071
33242940	0.00274759678689952
33244460	0.102310255843153
33245850	0.0330319673327571
33248381	0.0027584498743256
33249410	0.00426846662648843
33251961	0.000706599215305292
33257290	0.000605858402269544
33257611	0.00624908290523295
33257891	0.000513975754429309
33258981	0.00265418491050414
33258991	0.00233630374337964
33261020	0.00156925760628942
33262920	0.00279893341908222
33264190	0.00139943413275376
33264730	0.182015609076166
33264870	0.001652382137277
33264880	0.00863176938653224
33264931	0.000606535553120757
33266390	0.000730525104386676
33268620	0.0671773554933773
33268730	0.000735739433574486
33268890	0.000651923619490318
33268911	0.00244459202245006
33269321	0.00869886030212163
33271610	0.000581861459867563
33272070	0.0268228624237623
33273570	0.00132085394093138
33274100	0.00156885577005166
33276511	0.000666467683038845
33276761	0.000571497962396464
33277341	0.0896776288953343
33278110	0.000545948362177227
33279271	0.00459154830340307
33279500	0.00254669537676789
33281280	0.00207937761692721
33282090	0.000696685962742395
33282130	0.000642314487031937
33283060	0.0112455308180358
33283381	0.0145263528739946
33283750	0.00343451618277588
33284710	0.0194213596483916
33284750	0.0123673280592088
33284901	0.00131050236586005
33285881	0.077791603961734
33286031	0.000526493666357839
33291610	0.00400277006359982
33292030	0.0122456076105535
33292651	0.00262996687183975
33293321	0.00113258021793555
33294540	0.00428750142040273
33296371	0.00422423029892305
33296590	0.00120631603431392
33296621	0.0285454312981902
33296880	0.00050616699497775
33297061	0.0249362178989604
33297300	0.000720549922247399
33299900	0.00420650507896091
33299920	0.00322324697941822
33300610	0.000731837371470533
33300631	0.000586013522674723
33301601	0.000639354174013382
33303821	0.00208038947864228
33305830	0.00190009635213498
33307941	0.000670917178887548
33309741	0.0107633096068542
33310540	0.00125508147534456
33311330	0.00979069236120113
33311370	0.00063164905191771
33311661	0.00977488084643786
33312060	0.000752314089972895
33314141	0.00109041488481992
33314380	0.00284448390921666
33317601	0.000767870860911318
33318141	0.00122359466747718
33318660	0.000722789553357634
33321731	0.157923031969043
33321881	0.000667374965297099
33323770	0.000642566580528717
33325601	0.0212732088846183
33325611	0.000657007384729595
33332430	0.0184749761801855
33332730	0.00454743919163644
33335470	0.000656574452404276
33343661	0.00455679836162455
33344190	0.00276666215083786
33344580	0.160408983190922
33346260	0.000985889244031312
33346701	0.000846169592370709
33346841	0.00151865327900168
33347531	0.00188234397685617
33348980	0.00234044681307609
33349331	0.00381533038907195
33349430	0.0494058963543158
33350110	0.0566972893940394
33350271	0.00780445686374365
33350510	0.000644407456546553
33350950	0.000562675113454828
33351111	0.00105999732708576
33352860	0.00340485594111712
33359101	0.000897055981303142
33360150	0.0623157168421155
33360501	0.00161412926626905
33361311	0.0134852898685557
33362090	0.0323462156414047
33363340	0.00512400425561148
33364221	0.0215851368584327
33369171	0.00295001023913501
33369570	0.00069284384285846
33370961	0.00790527431519989
33371531	0.00142969219881398
33372901	0.000709616221764128
33375750	0.000958976899884264
33378090	0.000572711595911749
33378110	0.0023183614387573
33378711	0.000523222978329766
33378910	0.000512841452975932
33380170	0.172176243130225
33382141	0.000954281046790522
33382541	0.000544783405942141
33385810	0.00230580447910629
33386291	0.000537125274876613
33387661	0.000550971444160199
33388481	0.000569496933029562
33393171	0.000661289014227793
33396061	0.00195962393562373
33397451	0.00250683038798079
33398500	0.000855140234604907
33400590	0.00110947687430936
33401301	0.00112839164977706
33402260	0.000735805543344813
33403910	0.000764016185409894
33405810	0.00088417916313089
33407921	0.000906289161084492
33408040	0.000889323888065829
33408980	0.000660486131198759
33409000	0.00145182034577182
33409670	0.000638450095945503
33410281	0.00412661442112179
33410831	0.00185807014180454
33413601	0.0220933743599388
33416440	0.018682987576828
33418240	0.00121975562784489
33418370	0.000758635213685268
33418670	0.00238730003501008
33419500	0.0176896037787843
33419880	0.00301332812646665
33419941	0.000734243049079914
33422831	0.00246360326046921
33423180	0.000574666656089966
33423801	0.000990447724036174
33424331	0.000729204508249107
33425140	0.000559545143101596
33425851	0.0006355338392618
33426530	0.00120510417193964
33428191	0.00081531703596222
33428840	0.00227102744164332
33428881	0.160571744773476
33431880	0.0006398413102732
33432010	0.000615343156861114
33432850	0.0146688681479153
33432860	0.000660424301443473
33433280	0.00153532501438687
33434011	0.000826170590204931
33434350	0.0080367339828324
33435730	0.000580517003332237
33436040	0.00095181454507859
33437601	0.000829396821386796
33438360	0.000679895369201532
33439101	0.00234866345336769
33440061	0.0173211313867745
33440191	0.00071065270350466
33441171	0.00192337731896911
33441530	0.00259913114597657
33442350	0.00116717522377792
33443760	0.00795904089709151
33443781	0.00455337140315552
33443921	0.000857277847419404
33448460	0.000681021113904458
33449830	0.00273720441196701
33449871	0.00130823194934464
33451490	0.000615145571238648
33451641	0.00200137467272548
33452211	0.0121187906536108
33452300	0.000516060750896998
33453000	0.000657620576251082
33453431	0.147406276378771
33453711	0.00063574135017923
33455910	0.002176059086244
33457171	0.000662642431640123
33457940	0.000587228993703333
33460631	0.000996550675161181
33462281	0.000819312712245356
33465301	0.0171331489971701
33465670	0.00124307262775649
33467080	0.0161575994603613
33467740	0.000709734816868521
33468280	0.0205873041695358
33471310	0.000577392026418945
33473260	0.000745650669362322
33475101	0.00216450525569998
33476030	0.0182316551063977
33476761	0.0044659775527677
33479170	0.00137994354705974
33482281	0.00257030252137094
33482360	0.00493508603389012
33485280	0.000660784959826691
33489250	0.00163977187351141
33490900	0.00439555159137188
33491610	0.000762235137984233
33492030	0.00156790769110557
33492420	0.00627274454095623
33497140	0.00945910827061468
33497530	0.00495123583258588
33497591	0.000995826645823903
33501420	0.00331075437102065
33503030	0.0042314507942148
33504621	0.0553002409035785
33508010	0.00151443037900133
33509011	0.00206524365583921
33511221	0.00129794171909814
33513000	0.000531231158196466
33514760	0.00239360809796763
33515460	0.00089707302215891
33516621	0.000585580040270263
33518660	0.00149035177457935
33520440	0.00757924219789141
33521390	0.020585287148008
33521451	0.000919268517528487
33522230	0.000681382819423774
33524700	0.00249582917569128
33525970	0.00112353673809091
33527511	0.014102369493558
33528960	0.00238667147179764
33530121	0.000556872535492902
33530541	0.00292107320522771
33532061	0.00229415930451906
33533110	0.00229882280161436
33535310	0.000995510444406488
33536000	0.000736402765732305
33536290	0.000592329239957522
33536611	0.000531292286986774
33537380	0.0013431895090843
33537561	0.000884007261071836
33538671	0.00147870177270869
33539241	0.00483140320002001
33539620	0.000941971413518752
33542890	0.000770320441801885
33546770	0.0114589682203207
33547340	0.0402035431747899
33547720	0.000767453664337658
33548280	0.00056878782409916
33549530	0.00167609834443179
33549721	0.00195484715761149
33550100	0.00055817999904049
33550111	0.0454736281741605
33553431	0.00942649230829452
33554100	0.000688437099006656
33555651	0.00146808467751588
33556450	0.000956286878701779
33559870	0.000582778302689381
33561810	0.00505607059888736
33565120	0.00200311376999003
33567720	0.00191777644904749
33568290	0.000541432472780909
33568550	0.000596862036656737
33569270	0.00482931870063284
33570261	0.00195032287185844
33571200	0.00064763122474183
33572731	0.00279772741883124
33575921	0.00328481170803493
33576010	0.000965013988798534
33576850	0.000849693030158758
33577270	0.00269531500660537
33577920	0.00761356123339751
33579860	0.00167169253405938
33580270	0.00062146216922721
33581141	0.00162385050188772
33586131	0.0146036830916445
33587631	0.000652005276049682
33593780	0.00189731214873
33593930	0.000557543741611618
33594931	0.103319972555288
33595340	0.000674971675971636
33597660	0.00551065281170637
33597851	0.00183361453276199
33602500	0.000728113039146434
33602770	0.000670939491184275
33604000	0.000602377620801156
33606101	0.00136291353833582
33606681	0.00253095334003
33607570	0.000531244901264313
33609370	0.000804987430120068
33609380	0.000806012409069374
33618470	0.000805250947929893
33618780	0.00428372376302147
33619091	0.00133609400637909
33619580	0.00096510061924888
33620191	0.000907421623972257
33621161	0.0097094342815941
33624741	0.334813735513791
33624751	0.00124179184696165
33625291	0.000711454801990156
33625780	0.00131411970966331
33626050	0.00306242191771109
33626070	0.0061735062969332
33628451	0.000532554303548551
33629360	0.000705378825712504
33630090	0.0195295449880699
33631091	0.0593603216424195
33631921	0.00170240516946036
33633301	0.000662599357652298
33633431	0.00221732685921943
33636721	0.000634561467419159
33637680	0.000638701703932802
33639740	0.0026871426379757
33640311	0.000553270712976496
33641701	0.00127007786153505
33642370	0.00124785059144209
33644140	0.00149287342826379
33644181	0.0224142683613273
33644300	0.000555216564450689
33645001	0.000751392602061059
33645660	0.00340211199402568
33645920	0.0014318417635714
33646111	0.00078368954345423
33648140	0.000659604594775068
33650880	0.00221155211911952
33653640	0.010165954512205
33654910	0.00558669716297208
33655481	0.000535846653931214
33657800	0.000754272245050382
33658070	0.00896440138369492
33658261	0.318228266030116
33658401	0.00070926758795654
33659170	0.000610919857968462
33659290	0.000631286702916181
33661110	0.00280577250406724
33661390	0.000636978675408873
33661510	0.0192846048432704
33662050	0.00379929780478134
33662340	0.000596996726274212
33663621	0.00121640667785914
33664321	0.0153640298368853
33666620	0.000814552132596598
33667290	0.00159236276128194
33672461	0.000606477771707939
33672950	0.000848430891535588
33673360	0.0129652599606081
33673400	0.000863377553231019
33674330	0.159905973060579
33676311	0.00103274694831787
33679180	0.000994818692324092
33681281	0.0027014161129116
33685411	0.0438964749407077
33685541	0.000864431083841315
33686070	0.00116873441520092
33686210	0.00164622568580215
33686381	0.00058510638168904
33687430	0.00400620263792294
33687631	0.00566729558779789
33689770	0.000533739120108498
33689790	0.00278200988607012
33691290	0.00390268819980552
33691330	0.0027331056286513
33692700	0.00105631732300321
33694101	0.000743337785666608
33694210	0.00205299338651901
33694640	0.0155285328442242
33696250	0.000716177097676448
33697561	0.00807063007833181
33699081	0.000716275105809624
33699201	0.00223865821416767
33699870	0.276958713393744
33699911	0.00320300772764678
33702880	0.001094913698391
33705670	0.00252451807909486
33707771	0.000676522724086483
33708731	0.00146836193954141
33710360	0.00373269824530127
33710470	0.00374214481402029
33711071	0.000534828663776979
33716731	0.00355067932156826
33724980	0.00201773946063255
33725691	0.00106481468228054
33727870	0.000796807172855609
33729380	0.000647776882238078
33729510	0.00263489070016056
33729821	0.000735414485092349
33732970	0.0174780857276918
33733350	0.00200694744621857
33733650	0.00181222193037802
33733770	0.00431585421059631
33734791	0.000571227878306041
33736431	0.00198415987644917
33749691	0.0215174639464541
33750470	0.00437365747853448
33754361	0.00918480594735543
33754801	0.00136207867097993
33762620	0.000692083439824385
33762781	0.0964519179489436
33763341	0.00129889678856129
33768451	0.00321973609736739
33769370	0.00144064652658512
33770320	0.0125804922387014
33770740	0.0010933648010055
33773961	0.000753941422457662
33777800	0.0167270924794883
33782190	0.00344377574981912
33782310	0.000633030435772623
33783010	0.0698525832156602
33783051	0.00302984122447078
33784530	0.00176915810896357
33784991	0.00110003698843443
33786860	0.00284462950645387
33787140	0.0198159290444753
33788100	0.459517253855959
33796571	0.0028178291890013
33799191	0.0172197921701174
33801671	0.00087418262586113
33805070	0.00120733079063637
33808960	0.000542876759317833
33812130	0.000681111392920283
33818750	0.003829782410937
33819700	0.101200732138034
33819761	0.00190744640617583
33820400	0.00332572441964545
33823160	0.00507825717309362
33823690	0.00144938601011769
33824280	0.000523708574207667
33828120	0.0017976293297269
33828550	0.00355858525687797
33828660	0.0481078574219058
33835300	0.000666803974872515
33843550	0.00128835918972629
33844851	0.00101948905111654
33844861	0.000871828996524247
33847550	0.000598641860999163
33848301	0.000774307478380812
33848810	0.00156367359067296
33848861	0.00123631903796255
33849630	0.000774660144063465
33851560	0.00114059122225995
33852680	0.00177427734638799
33854241	0.000515225669756839
33855201	0.000601661119857626
33855270	0.0110802787807866
33855850	0.00330911881621738
33859280	0.00161454824341272
33862211	0.0394060119850283
33863000	0.000835237425098413
33863601	0.00121937048926626
33864800	0.00163125209234638
33866720	0.00119820214657627
33871341	0.00474501711421854
33871720	0.00148082933298127
33872370	0.00362323548767181
33873500	0.0163371647230368
33879130	0.00325435655571242
33883191	0.000700192525674245
33884230	0.000688600800136096
33885681	0.00223000061243903
33886450	0.00474893836220596
33888841	0.00102623477566821
33889350	0.000719308739059724
33889620	0.00160583170371201
33890040	0.00148433161972525
33890850	0.00351862546768878
33891700	0.00117778421858552
33891850	0.00259685873751241
33893650	0.00195952178393518
33894211	0.000547484853532463
33899290	0.00142252389533213
33900571	0.00235070866505794
33904250	0.000669184974461555
33905780	0.00109804519021817
33906211	0.00284104852536463
33906761	0.00127920953646051
33907451	0.00116790246239742
33907550	0.00200527887038092
33910211	0.000831137993173851
33912001	0.00064754661234807
33912400	0.000763184103899684
33916961	0.000716232987215144
33920431	0.000546532571696671
33920920	0.000672785732749024
33923810	0.000537517055354852
33926880	0.00204074942831012
33928660	0.00176542265170388
33928711	0.00250624056288098
33929251	0.00487811209031032
33930310	0.00878212008942442
33935031	0.00168890686757018
33936421	0.00147646082844944
33938600	0.010903474666237
33941101	0.000569006274762944
33942450	0.00284993843810274
33943690	0.00105586143803136
33946730	0.00528249614920919
33948800	0.00224235203095361
33949760	0.000607591679399972
33952821	0.00173439931478094
33961350	0.00560037948657203
33963031	0.00127952099783219
33963280	0.000515098778854819
33963861	0.0112868853977112
33965640	0.00064746330219753
33965770	0.00139919180649324
33966740	0.000537793251085452
33968370	0.18319731369719
33969740	0.00334571762285158
33971260	0.0021838806691622
33971420	0.000629813970021051
33972520	0.00308181666145184
33972930	0.00145026013684249
33973330	0.000586250271086465
33974061	0.000763886001929318
33976650	0.000646289573460183
33977180	0.000563650967093532
33979591	0.00053109325942369
33979991	0.00081596967756293
33982980	0.000765063061528264
33985391	0.00138869405347788
33986751	0.0411522321467524
33987410	0.000612807855825011
33988360	0.0737667002660576
33988670	0.00706860250112556
33989651	0.000915019809352252
33990850	0.0103217063395627
33990870	0.000575508658080509
33991700	0.00809957715285771
33992681	0.000544878306172745
33993460	0.00104864105332235
33997101	0.00435758473703459
33997900	0.00351689037205775
33997941	0.000632245921046372
33998580	0.000512723910380699
33999810	0.00094382834174198
34003871	0.000518784535382408
34006980	0.00534324546539815
34007130	0.000835314781495255
34008821	0.0178140471674496
34008951	0.000617481762522423
34010050	0.000777445004872261
34011830	0.0142459839146487
34012421	0.0548882346365855
34013791	0.000551750695579415
34015120	0.00198611169999187
34015321	0.00271131056112146
34019010	0.000683884820829426
34019150	0.000518471643020304
34020961	0.00131913172209428
34020971	0.00363159545134338
34021040	0.000874482855456507
34024401	0.0163110646268273
34025350	0.00155548291151347
34025781	0.000800579450898321
34027950	0.000590283100658426
34030351	0.00114658864934071
34031970	0.00566191229070766
34031991	0.000634867847916201
34032271	0.00255959359355281
34034460	0.00110722458164559
34035550	0.00102671980706971
34035970	0.00616164251351397
34036210	0.000970697176424317
34037080	0.00386291001324136
34039550	0.0022067225878153
34039690	0.000990745035400566
34045661	0.00205143401049888
34047960	0.00365114101611207
34048250	0.00112268763588386
34050310	0.00213177366317434
34050440	0.0072155966958524
34051000	0.000665916565361203
34051120	0.000577670555731453
34051800	0.00796041973639244
34051940	0.00763943066033319
34053750	0.00321570806384615
34054191	0.00135181711225795
34055721	0.00059627840285732
34056121	0.000815788333726775
34058690	0.00823587458174746
34059441	0.0343816844006261
34059800	0.00115651811787325
34060640	0.000700502590756815
34062611	0.000718731772584119
34064541	0.00587050667321252
34067161	0.000944832829860039
34071810	0.00386666694710299
34073771	0.000554581322242595
34075041	0.00376999443998432
34076121	0.00671364611199835
34076760	0.000674286158147206
34077070	0.00159113132417313
34077890	0.00162356648474313
34077900	0.00236677569095894
34078751	0.0246978906956154
34080250	0.73414282991042
34081600	0.00305779075832001
34082881	0.000649553699170183
34083270	0.000732844572893873
34084930	0.00306244295999737
34088080	0.000706801301405086
34088691	0.000611539412718254
34094191	0.00152810144994296
34094901	0.0101968483685728
34096531	0.00104495824274091
34096551	0.000900505374129114
34097740	0.00692655450630197
34097760	0.00428498877760538
34098601	0.000652716370857526
34099711	0.0032054011470172
34100240	0.00055984966824182
34100821	0.00208397226831387
34100961	0.00052050734268115
34101070	0.000538165395208986
34101231	0.0139254436839641
34102061	0.000750873856851827
34103130	0.00172088206238162
34105200	0.00191914999748066
34106461	0.0139332243846853
34106560	0.000855965581554032
34106840	0.00689992689182359
34108370	0.000665297348930732
34110030	0.00132186500029409
34110410	0.0276425944320764
34110830	0.000757171978524384
34111301	0.00092307749532375
34113730	0.000669017711415659
34115280	0.00270169221625066
34115581	0.00541579536111791
34116691	0.00733577055913859
34116801	0.00411219400771489
34117651	0.00857421746740181
34119421	0.00146104110489466
34122191	0.0022236007370469
34123240	0.000565260857691164
34124380	0.00167103321840231
34124391	0.00287637728013755
34124941	0.00226906852838491
34126140	0.000552822110517758
34127011	0.000555377127370221
34127431	0.00101410438858705
34127820	0.00622758362056309
34129381	0.016553214196062
34131680	0.000704902262383244
34137070	0.000738633378106919
34137371	0.0104970686395127
34141860	0.000655214602858038
34142420	0.00387466777640656
34142560	0.00454836291815012
34142621	0.00149031051402299
34143151	0.0145528426421941
34143370	0.0114393349185816
34143431	0.000857826087542122
34143851	0.0032304918536817
34145200	0.00517101329408713
34146440	0.00247403083907953
34148210	0.00166000551266484
34149060	0.00109953211141812
34150041	0.00227466018003371
34150840	0.00191976426299528
34160111	0.00111336454264826
34165020	0.0130458681113226
34165491	0.000871666787531187
34166270	0.00088786908259743
34167390	0.000747719844181733
34167581	0.000853735264442041
34168200	0.00108915995523592
34169071	0.000727906351206455
34169621	0.000555460059254476
34170611	0.000767368963884761
34171011	0.00196636277680861
34174000	0.0158058895972844
34175090	0.000820006001186749
34177160	0.0024757465980439
34178191	0.000712953964395015
34179270	0.00273000053023403
34179510	0.0005190861536285
34179930	0.00210728088750813
34180330	0.00209817773370942
34180490	0.00073402506106703
34180640	0.000660159992847163
34181300	0.0143244882656402
34182440	0.0059611023679376
34183240	0.00063249142207341
34184271	0.000682358771069831
34184681	0.000628185826598459
34184931	0.000606325819390228
34185060	0.000717918180915774
34186051	0.000639160079086023
34188080	0.00213218167204742
34189440	0.00110866496528633
34192060	0.00356056738351887
34192791	0.0012791009638433
34193740	0.000788124281450362
34194160	0.000822348107238442
34194550	0.000834236786418512
34197330	0.00100883213537938
34199510	0.000666853821001416
34199551	0.0126690278968146
34199571	0.00143615141712756
34200340	0.00119941508744572
34200630	0.00250479258792156
34201631	0.000522168192770051
34202871	0.0194420988295592
34203100	0.0239571726702733
34206260	0.00133957955257203
34206591	0.00203989019549844
34207540	0.00132865366897825
34210540	0.000759599648885995
34212510	0.00417603350198744
34212630	0.000582093606203751
34212770	0.0059191060303312
34213771	0.00478719077701701
34214041	0.000609817465901686
34214181	0.00301435923345245
34215151	0.000545048366045509
34216350	0.00437770859921752
34217880	0.000607394975799884
34220230	0.00197381868677778
34221590	0.0191789322074372
34222270	0.00130977399942479
34222550	0.00191649301579239
34223841	0.00066447222212901
34225980	0.000801864267210473
34228610	0.000604958240264211
34238810	0.000725209494480154
34239240	0.00411771744785614
34239691	0.00222315722869811
34240070	0.00788633632743436
34242530	0.00123921091390549
34243100	0.000775773886228204
34244101	0.000681135661809472
34244490	0.00344794198107203
34245631	0.000818523400846985
34246721	0.00111684510398278
34248210	0.00221600112149343
34248220	0.00926216015472821
34251400	0.00156214402094581
34254331	0.00163651796424451
34256531	0.000808412990736414
34260070	0.000742187184075308
34260630	0.000618724418751063
34261040	0.018883604776401
34263961	0.00529104459303332
34271011	0.00185170664137067
34271810	0.000610273857657403
34271971	0.000672441657352577
34272050	0.000549850728725535
34272111	0.0317518981329525
34273590	0.00173185879229008
34275841	0.00469826415806999
34278171	0.000742813223154689
34279151	0.031158972142923
34280880	0.00654082484769111
34281190	0.00318535160693534
34281870	0.00149555825579439
34283271	0.000747241905343155
34284890	0.00265223518240111
34286441	0.0118334056601943
34287841	0.0797512403412229
34288760	0.00131487146856304
34289211	0.000693916370863751
34290731	0.00588700413122116
34291011	0.000576139283173565
34291100	0.0010258248365431
34291220	0.0107145300496188
34292651	0.0252217094775678
34293850	0.0104024668339883
34294311	0.0296486945254997
34296490	0.000639133924369242
34297341	0.311887716426344
34300610	0.000616414711807333
34301341	0.000800989826211788
34302970	0.00324113580908832
34304470	0.00064447429280448
34306110	0.00165272760948776
34307520	0.000680762086259053
34310820	0.00721177655108518
34311811	0.000674218305903913
34311841	0.00340879151191191
34316340	0.00271174749003123
34318311	0.000547257968023018
34319790	0.000902011941715677
34322520	0.0102740474158097
34323770	0.000579770027094396
34323951	0.000522994906468526
34324190	0.00202960029600131
34324921	0.00800608070298992
34325290	0.00814434100720472
34325840	0.000617715152210602
34326960	0.00267697394110262
34327401	0.00206072185610243
34327691	0.000747452574449423
34328730	0.000657623730133578
34331271	0.0182773896826
34332900	0.00175521038571569
34334010	0.0279687135348986
34334250	0.101173633969175
34334820	0.000551872574983127
34335811	0.00550903155880159
34336241	0.000568173383282093
34336760	0.00229166178383639
34336911	0.00234168199151919
34337990	0.0560121888096654
34338871	0.00155180118516323
34340610	0.00141994954642657
34342140	0.00421672132904653
34343230	0.000758298633042357
34343681	0.00160447202860088
34348740	0.00196434109027502
34349000	0.00230347377453722
34349830	0.000720049826712363
34352641	0.0129234673398119
34353290	0.0138772469723932
34353320	0.000765004983006703
34353830	0.000625990083102538
34355250	0.000521365911702345
34355910	0.000712976678302403
34356340	0.000614325901658182
34356730	0.000786782211860401
34357280	0.000888417911263968
34357830	0.000992734504517159
34358830	0.0006820543635744
34359660	0.00201476246364099
34362690	0.00061156976204958
34364931	0.0465744777913562
34366110	0.125816755463191
34366311	0.00132949983672844
34366731	0.060614001648768
34368040	0.0027861823067623
34370820	0.00577664687521865
34370851	0.0536160372057449
34372511	0.00802705645670969
34373761	0.00460449755494436
34374000	0.000645072585044999
34374731	0.00218546293457928
34375370	0.000628206637364224
34376170	0.222808817021477
34376870	0.00390567481219242
34377331	0.00134274152010446
34377980	0.00308314260196092
34378270	0.00968757545836992
34379811	0.126477761163689
34381020	0.00206884578045817
34382960	0.000706081877672919
34383520	0.000772087273894013
34387900	0.000827701693331926
34387941	0.00251142126902708
34394260	0.000667232467961166
34394520	0.000799793368179753
34396050	0.010630776101242
34397730	0.0012791257709703
34398711	0.000900675888202403
34400470	0.00219624075218511
34406721	0.0299303010185304
34412351	0.000605216896785931
34416610	0.00176122760237548
34417741	0.00295596210358968
34423411	0.00323309134832467
34429310	0.0879740181065714
34436060	0.00730329324348389
34436860	0.00287305948397747
34440221	0.00157954680899908
34441601	0.000540879482565306
34446090	0.00140060087242686
34449191	0.00262453056758965
34453051	0.00253660813964065
34453311	0.000754823857965936
34457020	0.00295888096861081
34457270	0.0847378305589673
34463470	0.00117064261173073
34464310	0.00117211609548414
34467370	0.000833794395509419
34468590	0.000554238227564452
34469960	0.0149901799331163
34475531	0.0102691363935902
34476361	0.0636292259947661
34477181	0.0667164008118443
34478510	0.0363878916913121
34484511	0.00107180407725946
34484730	0.000559415113077035
34486120	0.000718408561612707
34490301	0.011179857615708
34491070	0.0022095237099309
34494250	0.0587731180089605
34494540	0.00609795353300564
34497601	0.00373981831450707
34497741	0.000947277344543115
34497990	0.00156752000054266
34501950	0.000904129039916922
34507330	0.00169875473939883
34510240	0.00312059041269873
34511370	0.00406980320752371
34511681	0.0696690680853525
34513300	0.000640970787079599
34514130	0.000949781594168977
34518281	0.00342496534372254
34518851	0.000691311305366614
34519230	0.000564875867537953
34523880	0.0312763111036779
34524180	0.00120826271938673
34525270	0.00246359896870506
34525710	0.00129857604107076
34527111	0.055005248192447
34527391	0.000861760076468196
34528850	0.00191507089015411
34529270	0.0533473468854711
34530660	0.0020913520683448
34530940	0.00276927189287461
34532771	0.0194438642359772
34532880	0.000669631083128419
34532901	0.0137583340327681
34534110	0.00399442394290556
34535200	0.000548041991035884
34535350	0.00116545828804795
34536641	0.000688470839480476
34537840	0.000741074173230104
34538920	0.00675577454271254
34538981	0.00138480264350806
34539460	0.00105049150174145
34539951	0.0516862171051419
34540190	0.000512168215532688
34544710	0.000648864239348691
34546011	0.0126103774583758
34546370	0.00111173140135109
34548891	0.000705787663748189
34549140	0.021523490390326
34549840	0.00103927508864736
34549970	0.000690864859246306
34552481	0.00308429500838111
34552751	0.00166630605801401
34557430	0.00128579503518815
34559531	0.0109065940017295
34560081	0.0034830274781308
34561731	0.000737775567257076
34562810	0.000628355829772222
34565161	0.00742058211094578
34565410	0.000568508653114422
34568290	0.00361263370262983
34568460	0.000534791830308519
34569680	0.000732231435163287
34570390	0.0678601151215501
34571330	0.00397296730914831
34571371	0.00076846127435155
34573270	0.00130827550884644
34574640	0.009856413967664
34574961	0.00719908173125806
34575360	0.00608337905883727
34578431	0.00235735186875144
34579350	0.00054572511160204
34579490	0.000870769537709056
34581130	0.000531954592106384
34582240	0.000779108090489848
34582691	0.0224977481283915
34585581	0.00482246353195161
34585950	0.0029621760931409
34588850	0.0154040960810317
34590520	0.00108292662602975
34595941	0.00170420659285854
34597410	0.000918898543721108
34599511	0.00531881086357117
34599921	0.000726408654129452
34600221	0.000524417120359896
34601301	0.00075305428721014
34603511	0.00978377380163255
34604860	0.0164093047402448
34605690	0.00311651011693577
34610811	0.000960257802321117
34613940	0.000867742510261605
34616580	0.0153488219018577
34616901	0.000763577323110028
34617140	0.000623148321823842
34618660	0.000619642743369894
34618770	0.000569459264734512
34623101	0.00139073079349024
34624150	0.000904626854704217
34625840	0.000622458682849341
34626131	0.00292660500860275
34626961	0.000511465074720221
34631050	0.00111504911076882
34634701	0.000678714437762243
34635600	0.000528270043895714
34636761	0.023976832290442
34636850	0.000546647938307922
34637181	0.0153130033377591
34638131	0.00150191476670601
34638551	0.00690141259334883
34638650	0.00243468478395488
34638951	0.000510013943672448
34640631	0.0204435915193592
34641021	0.00108322850772166
34642831	0.00088030485091999
34644201	0.000837784442092945
34644751	0.00131839986903481
34646090	0.00151476507005954
34647101	0.0521318113212904
34648280	0.00674307659742864
34650080	0.448560177619593
34652180	0.00218214896288051
34652351	0.00109295664741376
34653270	0.00104840270961796
34655101	0.000760733298904106
34655600	0.00672157972938435
34656051	0.000633279645517525
34658671	0.00112382282070823
34660020	0.00205109743718905
34660700	0.000567437786107948
34661140	0.00302662255033154
34662250	0.000926497476209861
34664180	0.00117075473630934
34665690	0.00169983190574513
34666640	0.00336382543019547
34669650	0.000547843926493192
34669970	0.00619548980021815
34669991	0.000587245739723666
34670240	0.000652115242034455
34672191	0.000525618876666432
34672420	0.00194146261589398
34676871	0.00210862668173845
34676891	0.00303798480485271
34678660	0.00129440007692872
34679330	0.000693875350075058
34681721	0.000898839384895406
34682500	0.00229811669278116
34684321	0.00297413468890305
34684601	0.00235639802979608
34685571	0.00070985904170603
34687221	0.00128824822603474
34691060	0.000716942916237311
34691750	0.0970972786418971
34692290	0.000573265668622651
34694551	0.0310003334789163
34695860	0.0022331396684554
34697021	0.00116632723401071
34698480	0.000731239639568688
34701561	0.000626177661415483
34701861	0.05295626241583
34702821	0.000556245842172488
34705960	0.000821658121767837
34710401	0.0519567766626296
34711180	0.00608995091948077
34711511	0.000766612088438213
34712481	0.0640261599772171
34714531	0.00096236496090917
34715101	0.00578478292593299
34715340	0.0749924931632284
34715600	0.000823435758802553
34716560	0.000514871465680407
34717021	0.000539512574223958
34717670	0.00941505686609985
34720331	0.0230829302987743
34721230	0.000967601886224039
34722910	0.00101228357748344
34723720	0.00545582849844985
34723890	0.00370672543435526
34724061	0.000590488938987701
34724580	0.00132057335342335
34726531	0.00606801294360377
34730910	0.000680272732788371
34731300	0.000519050095420413
34732010	0.000890448491681072
34735590	0.00100168856929058
34735761	0.0488573099387708
34735890	0.000592286452571017
34736290	0.000807196084856849
34736591	0.0138980271328067
34737670	0.0013474044077935
34737971	0.000525666688824149
34740010	0.00511307928344121
34741370	0.000907506380771449
34741940	0.000647657864110451
34742200	0.00146983425677523
34742821	0.000903196277076699
34743040	0.00151485744757615
34743060	0.00336572978099063
34744020	0.00316565325492681
34746780	0.00337652559201646
34748591	0.00075213373011209
34748970	0.00171672698388515
34751781	0.000535205942721888
34753790	0.00163001254464298
34754920	0.0127530641527485
34755450	0.000569445115409276
34755710	0.00161920190657291
34757930	0.0112019705216378
34758230	0.00062519113371442
34761301	0.00546961211187266
34763371	0.000621973784608711
34763480	0.000521924722027132
34766271	0.00391270329722493
34768311	0.00212588078577469
34770931	0.000575126851592109
34780150	0.0930422751448614
34780540	0.00285015339848167
34783911	0.000565524196174323
34784690	0.0251570323619822
34784850	0.00776517494778045
34785431	0.00216049260051539
34785950	0.00203757273715272
34792331	0.00119064183036452
34792721	0.00240565790201587
34792741	0.000624244095494882
34795320	0.00793655537414879
34802070	0.00106507064518609
34802121	0.00883779675913382
34805790	0.00845846020956467
34807361	0.000676067183484221
34816051	0.0296892322200159
34819300	0.0118426832302909
34824041	0.0087178587459043
34828311	0.000640619603013975
34830760	0.000834275712143016
34836020	0.0312188107255897
34836980	0.000745580159732636
34837220	0.0031564722242791
34838740	0.00171515060518742
34838750	0.0029884551176424
34839740	0.000835328497300236
34842251	0.000739844264192914
34842760	0.00134228298516062
34844810	0.00992808789756178
34849930	0.000763788846339381
34850910	0.00677410491709603
34851761	0.0192956656574244
34853120	0.00574273107985872
34859351	0.000967078207326447
34860161	0.0145025092719809
34860840	0.00098703312666998
34863990	0.00275111661626326
34864441	0.000874502328305138
34866480	0.000765217511946964
34867361	0.00529462161362637
34868420	0.0104495473505241
34871840	0.00163989934375177
34873630	0.00736379020340599
34876851	0.00508466393790246
34877530	0.259605417930616
34881110	0.00483107787676715
34882350	0.0683180468818135
34883081	0.00536273665512787
34892861	0.00162641459925688
34892871	0.000640098342715882
34895331	0.0336827037513255
34900420	0.000554931838666329
34901380	0.00167302346844453
34905500	0.108213838328877
34913271	0.00104783511614437
34915140	0.00116932699085917
34917640	0.000711587473929305
34919030	0.0289202674136528
34920010	0.000541851625963886
34922251	0.003270271627605
34925281	0.0235704216487928
34932530	0.0936385705510263
34933650	0.105829306926698
34933811	0.0225224480251211
34949490	0.0045787727304879
34949951	0.000835435864252366
34952930	0.00122898298120934
34957760	0.0476346361757146
34958730	0.0104114918044289
34959440	0.00404910426876386
34960800	0.277780046716273
34962890	0.0116673451905371
34964701	0.000684331398699021
34965070	0.114568443858132
34966661	0.00322745895838258
34971040	0.00813310594562614
34972581	0.000515194726227563
34974501	0.00148251231757575
34974641	0.0117581317074191
34974771	0.0144387937255018
34974870	0.00175997650630688
34975331	0.00190590080191655
34978091	0.0048785707156517
34979300	0.00125474989185112
34980991	0.00138108653568231
34982470	0.00156652471105861
34988810	0.00171651680284917
34989660	0.00392647533324063
34993240	0.000622810062991416
34993671	0.00354657878092805
34996021	0.00268199899873045
34996280	0.000600181237713267
34996971	0.000606389409025476
34996991	0.000516060750896998
35003471	0.00984915676820231
35004400	0.00128245585944323
35005401	0.00191379993792007
35006990	0.00944051690946401
35008561	0.00150214811521829
35008581	0.000715688037301854
35010870	0.000716352672586263
35011881	0.000720111116149423
35017391	0.000674742765013507
35017900	0.0010368752011311
35018180	0.0010871761669937
35019061	0.00268009418205843
35019160	0.000701408813396869
35024441	0.00251149503577437
35026310	0.00096348338281852
35028011	0.014882170553175
35029650	0.000881853617890565
35030610	0.00398921049288967
35031321	0.00402417856684612
35031860	0.000555819229644787
35033620	0.00126392885998323
35034060	0.0344146902056092
35039130	0.00640552022847232
35042180	0.000640717255488107
35045920	0.000700933348604286
35047700	0.000528536608981053
35049910	0.000540777253042688
35051041	0.00333808941308044
35051150	0.00125529237441644
35051881	0.00436154397871834
35052680	0.00186693138699644
35053381	0.000860977196982937
35055140	0.00127425472658782
35059331	0.000541982669878743
35061521	0.000536161742021622
35062040	0.000834686698516603
35063171	0.00128330079040426
35065131	0.00272767246231216
35065510	0.000810297592788887
35065750	0.000572718861928678
35066320	0.00635594347054008
35069251	0.000713821113993767
35069661	0.000641342667777228
35069770	0.000702989414261194
35071201	0.0011497001650207
35072011	0.00233869802662762
35072441	0.000741351268704556
35073241	0.000544853982674127
35073521	0.000647546355782428
35073661	0.000823707400445326
35074330	0.0053206718968382
35076110	0.000621536039852697
35077251	0.000607240426535671
35077661	0.011137862957787
35077740	0.000694667457029839
35078091	0.000757472415190128
35079420	0.000915881134861913
35080260	0.0210581506097864
35080810	0.000755796157432341
35080961	0.000663032200986476
35082580	0.00107975176350549
35082921	0.000801061503926263
35083051	0.000708233252563306
35083400	0.000999538430164098
35084001	0.000976683603607799
35088301	0.000734096087893814
35089470	0.0010043902465536
35089750	0.00819422372316949
35090621	0.00333317706550648
35090641	0.000812124449926692
35092520	0.00868015338264419
35093521	0.000516739102374295
35094071	0.000516060750896998
35094921	0.000518784535382408
35095700	0.00185260932241957
35095950	0.00154129806384779
35101220	0.0252800851131172
35101531	0.00130134633892954
35102221	0.0017718407627774
35103311	0.00188964123670262
35103321	0.000673614558908366
35104571	0.000592103848661991
35105070	0.00114523580041979
35105890	0.000516060750896998
35107191	0.000646059924542686
35107830	0.000678857128200285
35108670	0.00125857321974828
35108691	0.000613014050316381
35109190	0.000626379421477121
35109661	0.00192413862183194
35110641	0.00206011699712862
35111130	0.000658921348410412
35111670	0.00249160292934114
35112711	0.000982725766125071
35112981	0.0113941336054794
35115130	0.00130401314613838
35115690	0.000588650767759503
35115731	0.00160979060240902
35119530	0.00223597556492136
35120380	0.00302430008306592
35122641	0.00195701558164965
35123020	0.000921995273852992
35124001	0.000731267878472889
35127150	0.000579004996650111
35129080	0.00284057780509538
35129750	0.000517318309092212
35130351	0.000635926674200756
35130710	0.000750398748983152
35131591	0.00601466355378897
35132520	0.00316976605979265
35133371	0.000856233426258622
35133640	0.000707379789811456
35136151	0.000601207704884823
35136780	0.00207459109788755
35136831	0.00207924181887517
35138361	0.00479924424155591
35138720	0.00454815058885744
35138840	0.00253438914811881
35143741	0.101940623540113
35144950	0.00216599629710923
35144981	0.00192398738437316
35149180	0.00209760869655342
35151970	0.00545015934088194
35154300	0.00100932792060885
35155041	0.000737519380508344
35155430	0.00260612973961337
35156940	0.000917683352844214
35157620	0.000674418275998957
35157740	0.000545109529034661
35158420	0.00190267736074153
35159290	0.000757964360100008
35159550	0.00155060113041128
35159741	0.00184261739644292
35160110	0.00267035138332477
35165121	0.000609599075238848
35166030	0.000710830468261093
35167260	0.00489466011723612
35168831	0.00121558692114829
35170631	0.00609114495155311
35170761	0.00197714769870759
35171311	0.00407752696688037
35172240	0.000786627878749849
35175451	0.0006362774146713
35175670	0.00165196178529851
35177480	0.00271717869947677
35177801	0.0541079642383905
35177910	0.00056582766731774
35178491	0.00060928178534295
35178901	0.000721101872433465
35179960	0.0395362564800332
35181910	0.000837930245923878
35188080	0.000826032760437279
35191031	0.000577203532994582
35191260	0.00516612486685454
35191660	0.00154146149615797
35193600	0.0146624451320456
35193770	0.00128049930947932
35196940	0.000558529737901816
35197590	0.00429536812046122
35198071	0.000694485382894422
35198170	0.00222365863577444
35199321	0.00148091405710636
35201340	0.00131052833484218
35204971	0.000822473043929983
35205231	0.000732394411258823
35205880	0.000894030814857851
35210211	0.000661216409813818
35211010	0.00255175816775866
35212800	0.0133724034360112
35213590	0.000749083135493147
35217310	0.000973809700176569
35217350	0.000634912340583187
35218870	0.000599833075114388
35219451	0.00110484683339036
35223560	0.00115559926179325
35224790	0.00240212417281164
35225361	0.0160440147316808
35228620	0.000638259056535052
35230590	0.00205565536253738
35230870	0.000683263142405626
35232930	0.000630250620530082
35233101	0.0122404598722205
35234160	0.0138657079411688
35235120	0.000656157318988473
35235171	0.00521670211959948
35235790	0.017847787217564
35237801	0.0970014233810049
35238331	0.000931189609375677
35238751	0.00582020422713374
35240480	0.000536127633063583
35242331	0.000597088191291859
35244110	0.000626407554265741
35244630	0.00220949496759474
35244800	0.00110716100106585
35245641	0.015322648448945
35245730	0.000701104397304031
35247011	0.000798928471849351
35249091	0.000579254683479107
35249501	0.0143036658344357
35249651	0.00060021493524039
35250191	0.00180921564647101
35254020	0.0100712795770113
35254160	0.0178897170854686
35255011	0.000737288479886454
35255110	0.00535656346364152
35255660	0.00236447762251707
35256671	0.00238677169817966
35257200	0.00327401090561404
35257590	0.0010368309769658
35258550	0.000709332839552005
35258690	0.000938568285757154
35260910	0.221357020954152
35261040	0.00427453285308164
35261480	0.00194927697062659
35262901	0.00075448075641411
35269651	0.00202046569395228
35270321	0.000604548410365545
35270741	0.000980789451152978
35271380	0.000543071955007003
35272261	0.00127511625873001
35273210	0.000569654704063792
35273720	0.000533983199694024
35274010	0.000788590719122957
35274191	0.000752451925055081
35275561	0.00182285393833049
35276141	0.00451504657071909
35277890	0.0061821363925259
35278270	0.45021322371933
35281381	0.000820536065275429
35281511	0.000540906617791537
35284240	0.00153097937777817
35289590	0.00267451393937711
35291011	0.0015184226511739
35294881	0.00657385110350141
35295021	0.000740065551111276
35299120	0.00363341186040398
35302440	0.000660594687077027
35306871	0.000696264226056295
35307120	0.0313530034523679
35308111	0.000578420054790553
35308750	0.000889529653035403
35315571	0.000577054033758316
35316220	0.000600295095385378
35319680	0.000601222302352512
35320620	0.00329792538990098
35322041	0.00118033422277501
35323520	0.00223746069998424
35325180	0.000563081268372592
35325200	0.000577102883044989
35325440	0.00182413985774249
35325641	0.000690683637091341
35326751	0.00196371625798392
35327520	0.000912887407912602
35330321	0.000678194352646342
35330540	0.000577975986107031
35337180	0.00118594130277974
35339370	0.00234413496075121
35340620	0.0891855882294117
35346560	0.000633207594388086
35346891	0.00318498641950206
35347250	0.000787182141505572
35351001	0.000673670591678118
35351250	0.00530125795010549
35351551	0.000647780940588791
35351670	0.00354437815498581
35353351	0.00059461245745414
35358181	0.001993947596951
35361081	0.000874380859850539
35364401	0.0151526586013662
35365170	0.000520771574094833
35371711	0.0327648141744315
35376101	0.000566996777839809
35377330	0.00139867910850319
35377491	0.000661071631309474
35381290	0.000883009851836486
35383090	0.000944002328306933
35383701	0.00220848486137349
35385771	0.00187271514445188
35386400	0.0907913796087865
35387110	0.0010199570180776
35387260	0.0337854218072235
35388230	0.00177077454626938
35391961	0.000551123484897205
35394810	0.00122175181356408
35398441	0.00161056764355726
35399680	0.000649418345206314
35400890	0.00375543507548009
35400931	0.000840981954353749
35404090	0.000558080014878867
35405751	0.000632829412302338
35407090	0.0012562241491646
35408060	0.00168379357768008
35411770	0.00205217860874194
35415431	0.0012448267272505
35416340	0.000803412845558016
35418260	0.0239386048395341
35418840	0.00499276447134501
35419011	0.000875896271570211
35419151	0.000570423875384851
35422010	0.000604201510339939
35425290	0.00234425866292551
35425481	0.00338649479605554
35426130	0.000750773042598499
35427021	0.0378193930302462
35427930	0.000750564469307569
35430960	0.000725028563799908
35431260	0.0112587535899238
35434031	0.00130952584499977
35443151	0.000847984642768372
35444080	0.000752933439767078
35444231	0.0235205443392422
35446270	0.000862753241476404
35448671	0.000945361273657227
35450530	0.000595568650620392
35453700	0.000912486701051856
35453870	0.0254824188263672
35456500	0.00103987962102734
35457331	0.000845289964902888
35460651	0.000631656078720902
35465560	0.0111698875122377
35467131	0.000977067511045832
35468641	0.00973367545516134
35468801	0.0160542155116396
35470451	0.000673282207436651
35471151	0.000850363186931076
35473840	0.451237489787932
35476200	0.000647078996855461
35476231	0.00123879292471587
35478420	0.0881644233834256
35478591	0.00297218402720124
35481891	0.00227728480198297
35482540	0.014711730285875
35482601	0.00168460376512478
35482721	0.000619208701024782
35483131	0.00205308892449354
35483971	0.00240352221065085
35484391	0.00452549428484084
35485440	0.0093989322154132
35485980	0.0333190797995688
35493290	0.00194671184116134
35494041	0.00222636831086658
35495401	0.000597328846320291
35498380	0.00142995364087172
35498390	0.000669761603168349
35499530	0.000953011846651738
35502721	0.00229700295317374
35504060	0.0242669981631539
35505580	0.0012864182094581
35507131	0.000768716809462803
35510950	0.0152860485660276
35512931	0.00672191106165241
35513450	0.00505591724880324
35515360	0.000925305968315739
35516870	0.000517227101240682
35517300	0.00604954311905414
35521341	0.00172074465995694
35529860	0.000606855874329336
35540241	0.0042430278242797
35545160	0.00661509019126152
35545990	0.00116629188332595
35548631	0.00110721998738314
35548880	0.00141258493799771
35550960	0.0228322741519106
35553071	0.000645849770463115
35556730	0.0185939768028655
35557840	0.356170824852663
35563760	0.00146342618416117
35565290	0.00212655565436256
35570431	0.00250988707871079
35571900	0.00378510113600116
35576361	0.00403742161296228
35576781	0.047989222984633
35577481	0.00413083780322552
35577871	0.00192554522791619
35579661	0.0709328274564593
35580070	0.00115648647477726
35581580	0.000877651585216815
35581601	0.000649213697645099
35582021	0.00127952603792467
35583541	0.00584258336341757
35584491	0.16459886467934
35584771	0.00382499593661354
35585270	0.0101617774318915
35585560	0.000733821870729284
35587661	0.0154447534706767
35588460	0.00172970996217672
35588921	0.00145510271176123
35589990	0.000587806878956262
35591370	0.000735443460349679
35592070	0.00939154385810909
35594810	0.00249401567487975
35597410	0.00123183372911762
35597690	0.00182119909022777
35599261	0.000556397899403645
35605160	0.000557020126129735
35605960	0.0014268272586999
35607920	0.0252731419422474
35610260	0.00172216262525996
35610690	0.0012936761342232
35612040	0.000793608655371809
35613970	0.00638499686732692
35615521	0.00250247449933034
35617611	0.019667341420883
35631121	0.00112818747531118
35634670	0.00217281138015721
35639470	0.0006422318848567
35639951	0.000512841452975932
35645300	0.00274919167808595
35646130	0.00573860657719219
35652860	0.00591530864284602
35654230	0.0020326286029506
35663910	0.00109817540581239
35667531	0.000641531122295246
35668040	0.0039014128123746
35669580	0.00336555232374038
35669980	0.000711967337856977
35676190	0.0011497001650207
35677041	0.000990313730272234
35681430	0.0047967809907114
35682390	0.00059674367180506
35683050	0.000539847641264665
35689160	0.0153289100894343
35690500	0.00324802246331573
35691791	0.000868259097533832
35693140	0.000779585497762966
35693410	0.000575825097090509
35693840	0.000699876001044573
35694910	0.000619863392426296
35696460	0.000975686523832351
35698271	0.00127953094163728
35699210	0.00460517688779502
35700491	0.000649266741905653
35701601	0.000673257155944572
35701980	0.00331615098369095
35704170	0.000708693498802892
35704290	0.00192681203708202
35704730	0.00077055247432477
35708150	0.000618447278392204
35709830	0.00062930388941539
35710120	0.0037529950268428
35711251	0.00218939517776102
35712330	0.000658574143756691
35713581	0.000621441295790612
35714260	0.000738778869234577
35716361	0.00203929243006188
35722080	0.000582529540734823
35724761	0.00554039316476618
35726841	0.00102506496335374
35727600	0.00391204028455585
35729041	0.000680219846083536
35729670	0.00352552990727021
35729820	0.00390565172024658
35732030	0.0217519378986787
35733000	0.000823856641187148
35734100	0.00349884785553275
35739371	0.00173684303740929
35739740	0.000789729563891272
35740020	0.00065354332681296
35741051	0.00112348212379203
35742821	0.0244355541832664
35743381	0.000811328404763099
35743460	0.0011851313215193
35744061	0.00069681128944722
35746971	0.000780445284501837
35748201	0.0128606275226667
35748320	0.00202297964158653
35750350	0.000868195424865604
35750390	0.000725391474989363
35756040	0.0102380277887899
35756221	0.165050003709392
35757840	0.00583926133100976
35758490	0.00145871446993237
35760860	0.00131248542432061
35761150	0.000921429577516238
35762250	0.000858373959411929
35763231	0.00064395936116154
35763480	0.000775104265895703
35763760	0.000552659482140729
35763791	0.000621592940241651
35765530	0.000778067047942053
35766660	0.000550769991390027
35769021	0.00474167741781174
35770510	0.00934973066577798
35773520	0.000860584181557558
35773721	0.00129609802147116
35774811	0.00232705837618542
35775080	0.00134196897924104
35776901	0.000735828043212156
35777571	0.0773250492553967
35777591	0.000846959865756067
35783381	0.00157419592560089
35783630	0.00534679250083954
35784201	0.00484914165190685
35785591	0.00127320221039455
35787470	0.00061079053087585
35787490	0.000513366415535642
35788201	0.00124970382243578
35789540	0.0112635975653276
35792460	0.000869483242218806
35794390	0.0025988271621813
35794920	0.05197794993281
35795040	0.000646743512832228
35795921	0.000541906215089472
35796150	0.00116629435350819
35796191	0.000584192398876658
35800990	0.021531142155565
35804020	0.0019597143694035
35804611	0.0018659546954092
35804621	0.000901472268875384
35810261	0.00188385124478053
35813151	0.00184446223771305
35813680	0.00144518216389712
35817140	0.0015784114491564
35819170	0.00687470590777678
35819460	0.00066440837660706
35820341	0.000560632690515004
35823801	0.0134150527370671
35826100	0.000603662349806305
35827860	0.00599736074676523
35829420	0.000570448075496927
35830401	0.0122533270833748
35834480	0.0312822516059039
35843610	0.00117439384860418
35843781	0.00147247258124441
35844280	0.00132149373211966
35844881	0.000885172033389479
35845410	0.00295941229864489
35845530	0.00131761480028266
35845810	0.00102343656575932
35845940	0.000718643037090565
35846131	0.000752503049758657
35846681	0.00461640091995121
35860570	0.0011377411259439
35860611	0.00193929225052228
35860731	0.00262476997948324
35861431	0.000622344720513366
35868590	0.00370033807430646
35868850	0.0179854162471523
35869311	0.000508856531273399
35877240	0.00344074230312192
35877940	0.00151238420186135
35878801	0.00111409788436215
35882671	0.0236958250719938
35884130	0.00141240565872447
35886930	0.000618391229170225
35888061	0.00188768069117173
35891750	0.00103921936065417
35893291	0.00126155702514835
35894210	0.000770283953695726
35894780	0.00942929826116591
35904820	0.00116862242789066
35909120	0.000993718284642502
35912191	0.00135098642508522
35912990	0.00458233697126134
35917240	0.00415646413293761
35921991	0.0012741707496499
35931860	0.00312825105263536
35932830	0.000618238591565631
35940191	0.000617635077166351
35943990	0.0135816747186804
35949400	0.000528839920816569
35956311	0.0038208634122063
35957421	0.000916065978005067
35958811	0.00490362676533374
35962360	0.00124527362943472
35964871	0.00664587033977385
35967170	0.000907731516104933
35968020	0.0710797766785184
35968430	0.00820224521410444
35973930	0.00147027883604576
35975491	0.0318755855594558
35975781	0.00242420724080448
35977110	0.00159444764215067
35978640	0.000626063042209228
35981821	0.00881794716426855
35988850	0.0142201320095141
35989131	0.000816216192586068
35990920	0.00122965562336028
35993810	0.0102385421736431
35995730	0.00208869745366538
35996591	0.00265068812535329
36005910	0.00164468935650317
36007180	0.0254500606471633
36009220	0.00118866773833872
36021950	0.0576630808411626
36022480	0.00132324043782376
36031180	0.0193202144391129
36032031	0.00254136759086239
36033660	0.00828509575443808
36035221	0.167064886494385
36042630	0.000628301429301897
36043980	0.0018419385418524
36046770	0.00298035095940895
36053220	0.0170884729077834
36055761	0.00198147834917009
36056731	0.0026483187300527
36059980	0.00119873450580141
36060400	0.00123253897958463
36060800	0.00250437088055796
36061120	0.000668951565213198
36061210	0.000718269815444076
36061910	0.00139322553149233
36062890	0.000970892340382113
36064810	0.0019005939041744
36065370	0.00342472888434772
36065561	0.00850300277902474
36065701	0.000640658967308203
36066620	0.000968471846540093
36066801	0.00548000367577956
36069401	0.188227568917867
36073121	0.00269763737288798
36075211	0.00222183416718041
36076441	0.000744888967826536
36077220	0.00351774229371712
36079150	0.000834980804213538
36083010	0.000707664168390155
36085671	0.000532029829929784
36089100	0.00988549712875916
36091290	0.00464050608716601
36091690	0.0138035071403766
36092130	0.00107918475029003
36092540	0.00413220537140539
36093671	0.000570357632144205
36095580	0.0267650357771762
36096120	0.0036685732647176
36097650	0.0310654229952289
36099440	0.00514811750874863
36102361	0.00120425186147085
36102610	0.00409396073498373
36102730	0.000855353555168792
36107211	0.00074078641504759
36108930	0.0007158595599764
36110651	0.000960950435032852
36112960	0.447069072457626
36113900	0.0144410266042726
36119351	0.000781561988031762
36119741	0.00928916608107962
36120431	0.0201054961596639
36125391	0.000555326649659839
36126921	0.176840405551282
36127450	0.0181589854367343
36127550	0.00163594898184543
36133360	0.000926066898933329
36133401	0.000705202497314471
36134490	0.000592117779277497
36134931	0.0151431474741792
36137380	0.0718823155969014
36137630	0.00183902722764725
36139191	0.000720125231917057
36140301	0.000823041269262105
36141811	0.000681296056633032
36142081	0.00945997464892351
36142330	0.000633335082166053
36143071	0.00197866676656921
36144530	0.000884289552408395
36144660	0.000763181155484292
36146720	0.000868051827076873
36147601	0.0789749741209827
36149770	0.00052050734268115
36150470	0.00197039915090411
36151020	0.000614841308234132
36152400	0.000625906257491285
36153370	0.000876560398598225
36153930	0.000640949599989104
36155751	0.00101137575403372
36156270	0.00210711052381977
36156571	0.00633343175983009
36157070	0.000554370918677781
36160571	0.001183065569127
36162781	0.000633091611982176
36163731	0.000792930816741706
36167051	0.00803350239535476
36170880	0.00126279429634895
36176240	0.00113989548408557
36176410	0.00273679688135658
36176800	0.000596676567640106
36177121	0.00104173306768642
36177200	0.000639196272952258
36177391	0.00346704146383609
36177770	0.00111869092439891
36177890	0.00147370442409501
36177910	0.00190415323143376
36180581	0.00079263096900233
36182300	0.00055164865115696
36183310	0.025432839029048
36186791	0.0141817287600686
36187341	0.00640094035337102
36187741	0.000605110745993283
36188281	0.0005157678564727
36190440	0.00513499105937222
36192950	0.000559462435485865
36195420	0.000756457111384897
36195601	0.000568612588288152
36200130	0.00162018238983628
36201131	0.00179825363623774
36201801	0.00202584306139831
36205951	0.00254898961794705
36206710	0.0651931563407656
36211550	0.00455638025142318
36214870	0.000710327370907814
36215290	0.00354097119986611
36215700	0.000871143397623678
36215881	0.00593869553487314
36215970	0.00149042396358175
36216011	0.00221278786367037
36216400	0.000516060750896998
36220090	0.00256614538409164
36220540	0.000643381071771983
36222990	0.00198135291981573
36226621	0.00320105964240339
36232540	0.0970743113271451
36236291	0.00204025853173257
36238921	0.00191698400035656
36239030	0.000608617447345145
36239181	0.000683538572631579
36241951	0.00884992796927541
36242460	0.00142359648179265
36246720	0.00442177925770674
36251560	0.000838459532630485
36251741	0.000587258355491214
36251861	0.000995929306823062
36252100	0.000556400268778767
36253750	0.000720006580125385
36254781	0.0019454466917237
36254980	0.00072933821333683
36255031	0.000870984386548112
36258641	0.0034738820544083
36259881	0.0036151260041753
36260390	0.000512723910380699
36263400	0.000846136279515977
36266921	0.00112497435389375
36272831	0.000601478693230109
36273330	0.00166895747658715
36277541	0.000890426235429732
36277941	0.000623557822170789
36278470	0.0084719887600082
36281080	0.000675779232010382
36281330	0.00325533435866265
36281470	0.000676825915798567
36281770	0.000524260261024472
36282081	0.000740751081251651
36284551	0.0010756981208737
36284851	0.000786018588396755
36287120	0.00333257487693754
36287300	0.000775955049019978
36288260	0.00966096030426511
36288520	0.000777622610237366
36289610	0.0013707533397293
36289671	0.237382663361147
36289931	0.000645135295723695
36290440	0.000549309676656596
36291031	0.0217455859946559
36291270	0.000862450726048548
36292510	0.00692136911823712
36294211	0.00379139035936238
36296431	0.000770488076466605
36296660	0.0074264843886282
36297511	0.00332804915483233
36298201	0.00124065226470577
36298580	0.00176503666260438
36300380	0.00688940784205484
36300800	0.000839338073794535
36301780	0.00374714119651404
36305511	0.00066648738298551
36305890	0.0290249271334371
36306361	0.00187543936791783
36308780	0.00552654390209255
36309640	0.00711143106343564
36310720	0.000737663794736271
36311700	0.000932110725400112
36313121	0.00444630373872315
36313511	0.000584835461830954
36315700	0.00184461564333424
36316151	0.00148684671356987
36316271	0.0108372001044864
36317210	0.000948407972435683
36318320	0.000718109269872841
36321251	0.00151415977859279
36321371	0.0033249821118596
36324630	0.0118658411036955
36327110	0.000613225108950132
36330570	0.000771479834082972
36332841	0.143144553427778
36333320	0.000700980421785275
36333760	0.00149061312707422
36336431	0.0362134166256047
36338611	0.0187997435605689
36339441	0.000880550410254
36346010	0.0109482035249736
36346460	0.00573154035660173
36346970	0.000639938614791173
36347130	0.00136483882750939
36347311	0.00481935138500892
36347591	0.000655888080883149
36348281	0.0018320090063239
36351021	0.00102341409008002
36353371	0.00526821833386713
36354850	0.000763466734321997
36354870	0.00256840661153606
36356220	0.000983683124743498
36356230	0.00921678759746304
36357890	0.000643128639958564
36357921	0.00061513936598389
36357931	0.000819097498442088
36358030	0.040875650761179
36361180	0.00130038569717313
36365921	0.00622329072837472
36367290	0.00134977401164042
36371670	0.00219602904193175
36372940	0.000821421716931754
36374720	0.024777522399578
36377101	0.00305691296719808
36377620	0.000644787235479051
36378590	0.00100601726872765
36379871	0.000583443188188144
36381361	0.00383279815155313
36382310	0.000761514470401211
36383000	0.000539517392601504
36383311	0.00768855010265121
36386420	0.0016489336473437
36388220	0.000946008425810515
36388230	0.023938051621976
36388630	0.000729824439721174
36390191	0.00116931247644621
36390970	0.00108482640785522
36391270	0.00102266434539669
36394061	0.0463766572081633
36394611	0.0310144793163675
36398140	0.0102131433966119
36398850	0.000819320373079637
36399960	0.00067029596932739
36400940	0.000529052135263555
36401490	0.00742467059799073
36402560	0.00215215468184949
36403380	0.0211587309243839
36404831	0.000559595423513331
36406071	0.000649884746257178
36407660	0.0036684707176277
36408090	0.00073086878710531
36408261	0.000609834710962526
36408770	0.000753840546264345
36411841	0.000573003226061726
36412531	0.000635999498260917
36413330	0.00126614629678507
36413641	0.00143614098025869
36414970	0.000611684047833843
36416271	0.00064366775860208
36417730	0.000699951832030855
36418440	0.00167929627308414
36418850	0.0103652996283055
36418970	0.000679045115437784
36422300	0.0119824334722416
36422980	0.000733489360961378
36427110	0.00860199515095367
36428811	0.0197744441916284
36429771	0.0647156548636525
36430751	0.179438393038622
36431280	0.00267521832800621
36433040	0.000537001343322273
36434201	0.00427064876608651
36435571	0.000652318221551227
36436370	0.00251316915749167
36436811	0.000535034391443224
36437730	0.00145261170874638
36437781	0.00442367214545554
36438300	0.000633120334180402
36438310	0.000615168374541632
36441200	0.000814298319624687
36442590	0.00270243459142881
36448500	0.00174680027229718
36449320	0.000920016802774336
36449460	0.00958575227195958
36450850	0.000756062880145867
36452141	0.000768453101196806
36453030	0.000798328143395656
36454820	0.0158959575234262
36454990	0.000618115796916798
36456070	0.00070074272741196
36459120	0.000545424079230362
36461870	0.00643639951144054
36461911	0.000678289432336357
36464941	0.04278234153518
36465310	0.00466839706339809
36466840	0.000688820696676173
36469890	0.00206370907377212
36470150	0.00162501896247862
36472251	0.00569374749270125
36472821	0.000993090233053693
36472941	0.0114671659465309
36474960	0.0024686254152566
36475421	0.00690459343160885
36476500	0.000684079988522217
36476920	0.0037697497504217
36478191	0.000904067564767379
36480220	0.000808120220232942
36481040	0.0104809200433648
36481170	0.0310060463752193
36482690	0.000932580772207828
36483670	0.000718492447288532
36483861	0.000739809800033057
36484100	0.00073096672245583
36484240	0.000538194343145626
36485990	0.00442356768273727
36486881	0.0105787430898946
36487960	0.00136211351026488
36489470	0.000562611546021868
36490310	0.00175549289147356
36490410	0.0159191995674778
36494191	0.0324687786977537
36495100	0.000734127113347457
36496251	0.152435928774543
36497610	0.00118912512855409
36500210	0.00134974054169489
36502891	0.000642812501048361
36506690	0.00164447737813094
36513030	0.000788017801090884
36515510	0.000633972561441349
36515670	0.000553112993879206
36522570	0.000805913131728403
36523141	0.00151030006089324
36523680	0.00128871339219193
36523711	0.000778803074419174
36524090	0.0130815972322656
36524770	0.000659824713843809
36525091	0.000750311848013634
36525361	0.00225744342576356
36526181	0.000592237183927439
36527551	0.117431900053635
36529501	0.00420573651780777
36529720	0.000711703447439857
36532531	0.0119753498236256
36534440	0.000907730600228166
36534540	0.00201187414890606
36534731	0.000832739568996774
36534970	0.00535186582097275
36535291	0.0220851922977487
36535441	0.000587423507334886
36535510	0.00089741214823047
36535820	0.00246887840084938
36538440	0.00358758840738672
36540801	0.00114705603399523
36543411	0.000939324278306291
36546130	0.0299940825309598
36546560	0.0115608295843263
36547390	0.0025761771109634
36548090	0.00190765159419306
36549030	0.000613325849301083
36549200	0.00255903680638953
36549501	0.0025673331960165
36552200	0.000575218998563629
36552620	0.00169422867316982
36552801	0.00340317376818936
36554430	0.0036284869220691
36555151	0.00059525114065819
36555551	0.00101317306862472
36555640	0.00484331397627479
36558540	0.000543633773898574
36559250	0.000532559400114148
36559520	0.00606021890796009
36562950	0.129634806794248
36564760	0.0741732200024122
36565351	0.0129887476957962
36567220	0.000636470088378959
36568500	0.0101465046490226
36568511	0.00331553187384631
36575260	0.00182371638897509
36575981	0.000752595478957543
36576371	0.00349399959515651
36577211	0.277306200712056
36577341	0.000551657456899259
36580521	0.0008029330355231
36583681	0.0013678545702526
36585730	0.000903836107971104
36585891	0.00105210600853641
36585990	0.00304771804476663
36586120	0.000829868502785295
36588050	0.00175067403497056
36588090	0.000508856531273399
36588121	0.000599267417292068
36589330	0.00165512422090644
36591701	0.00180424596672129
36592791	0.000639516825036924
36593351	0.00651324313260604
36594970	0.00139053659361948
36601351	0.000769376515949998
36602140	0.00076402149254003
36603500	0.000977779216405227
36604470	0.00365946202311541
36607670	0.00216114566778753
36608111	0.000722630653606327
36608500	0.00118150531309389
36608600	0.00371672041710455
36609720	0.00342273653743728
36610581	0.000800420532913359
36613071	0.000574128688784275
36613860	0.000580225322930389
36619090	0.00754694756905317
36620241	0.000570143737541613
36620921	0.669299093601919
36622560	0.000531500060543073
36623390	0.00870156710847201
36625491	0.0113052112051086
36628220	0.000936514958110501
36630940	0.00470061042728602
36632900	0.000675010839550351
36633320	0.0017937091818493
36634110	0.00977214273387653
36637050	0.00872877657443746
36637341	0.000693770732556807
36638321	0.000734309493216526
36638430	0.00264010601834593
36640360	0.000667546757265636
36642010	0.00157137203313327
36643141	0.000755880113210115
36643790	0.000734349843690573
36644101	0.00133084550925865
36646171	0.000783364218202115
36646601	0.0117533108508274
36647681	0.00054706025879049
36647800	0.00273338622853943
36647971	0.000661028419078244
36648610	0.00135756513742055
36652941	0.00101090500752655
36653430	0.00253189482607742
36654021	0.000824864174154328
36654721	0.00112085778582918
36657201	0.025462891616149
36661351	0.000843469921856946
36662290	0.515952458184167
36662721	0.0120016950527761
36666260	0.00517470764513803
36667630	0.0005771822009068
36671240	0.00482034940510326
36671250	0.00385466705594501
36677201	0.00714142652722644
36679131	0.00286018943764991
36682550	0.00195440758151754
36684470	0.00353079183671973
36685440	0.000791365954321173
36685491	0.000944645802106697
36689980	0.000670933407774376
36690660	0.000738985615409748
36693761	0.000690408710202304
36693850	0.00105856940620461
36694120	0.0295529607504489
36694591	0.00070029751746172
36694731	0.000890057176625129
36697450	0.000806684627768292
36697471	0.00100210290147622
36698280	0.000640898280884139
36698560	0.0175106022930934
36700180	0.00142577964157661
36706571	0.0482067531606908
36706841	0.00088693527817454
36712771	0.00112389553871877
36717191	0.00056078039110615
36717201	0.000776078577405655
36720450	0.0006224901581713
36720750	0.147255612366796
36721751	0.0016682840072416
36722701	0.00341306295048617
36722981	0.00222232695854206
36723080	0.00128859265939661
36723520	0.000652484748855615
36724241	0.000545474947777506
36726151	0.001430192156192
36726520	0.000995922592260697
36727070	0.00180279174469365
36727401	0.0216739355454445
36727941	0.000686154860688368
36728921	0.000949780732654586
36730140	0.00138526387287918
36730660	0.000746659936696684
36732060	0.0307261552406443
36734110	0.00180314058519294
36734670	0.0019995475639846
36736880	0.000523020462341437
36739370	0.000567960288788426
36739490	0.00111030162714001
36739520	0.00161332013049194
36741150	0.00332513552777516
36741160	0.00169372872398398
36741560	0.000652051253052798
36742581	0.201840620196841
36742810	0.00125747600240047
36743691	0.0300083952594017
36744740	0.000534263734982419
36746410	0.00620533936566186
36751510	0.0013498886848846
36752921	0.000713167069195251
36753140	0.000748577723191778
36754311	0.00060563152881699
36754650	0.00615445867441164
36756210	0.00365034350097335
36756320	0.000733554450968716
36756491	0.0118785942381064
36757700	0.000807310911500823
36758291	0.000738891517119585
36758981	0.000735014736877736
36759661	0.000708988518171284
36760590	0.000529413694634046
36760931	0.0462806050483881
36763801	0.000760846943320738
36771521	0.00520766539441534
36773051	0.00229006906407283
36778171	0.000703880779023305
36780081	0.000622895921030153
36780101	0.000813381777437754
36780330	0.00188315894821629
36780730	0.00241156812613156
36780750	0.22729505335435
36780781	0.049942113635236
36781181	0.000585495545770788
36782960	0.00089087334800179
36784761	0.00249493969993577
36786031	0.001624643412757
36788060	0.00571025522122949
36788081	0.0281007497192773
36788761	0.000906777267119069
36790571	0.0251925715387716
36790711	0.00215780780491206
36792371	0.0078163176254068
36792511	0.00153921091099116
36794940	0.00282265765698086
36794960	0.000788981256382774
36795780	0.000677858559267947
36796081	0.00172908580596814
36802530	0.000609705450204365
36802640	0.0179992454478121
36804580	0.00057032051386871
36804621	0.00059632686212867
36806100	0.00066364194574764
36806370	0.00136903771801369
36807640	0.00319073067198009
36811681	0.000978182108998256
36811780	0.0028729001204456
36813020	0.000601347746737386
36813741	0.0262181505127189
36814100	0.000978139754009289
36817020	0.0015364545619394
36817570	0.00094477536418212
36817891	0.00361846995931714
36823251	0.00312468727717962
36823490	0.00260331698255382
36823890	0.00074077649674842
36824450	0.00148210165897998
36824750	0.000565371115708318
36824850	0.00216390892852308
36825601	0.000872578469665995
36826130	0.000778871643855292
36828761	0.00186469796839592
36828890	0.00106372571772996
36829120	0.152403474387813
36832470	0.00158797414867883
36833471	0.00992430806647719
36833690	0.0720906122739856
36834141	0.000683676255959744
36834400	0.0079535170784695
36835080	0.000840965387783713
36835941	0.30984925585453
36838141	0.0025876421333119
36841980	0.0020009195949096
36842130	0.00116523825177496
36845471	0.00214046565657943
36846640	0.000532724084433138
36846780	0.000690252963597645
36846961	0.000855550643014943
36847910	0.00105870964447064
36848170	0.00103418780102658
36853010	0.000912187641116017
36853300	0.199850472008798
36854250	0.000544401533732674
36855770	0.00073820007030526
36858021	0.00177734821541433
36858821	0.000527261976112166
36859200	0.00170375605479218
36861721	0.00177482477756817
36862561	0.00344785025999626
36864020	0.00291138180398266
36870790	0.0496043678801616
36871381	0.0135684409920891
36871931	0.0276769919929758
36874681	0.000544524175619988
36875401	0.012567085659553
36876880	0.0019842620838608
36879111	0.00198707577159139
36881991	0.000525323456027114
36882250	0.024306937103859
36882711	0.000534096780203685
36885581	0.000615174096576409
36885710	0.171371455241341
36887671	0.0583409697711029
36889871	0.00264585343987491
36891350	0.0011269828383729
36892020	0.00230941986563014
36896491	0.00541132579571075
36896860	0.00053507127823652
36898001	0.00193016676205946
36899220	0.00057316898684263
36899880	0.00273652235245941
36902370	0.0144566203313173
36902411	0.000686600089317278
36903460	0.000668406885395531
36905010	0.000651445329462961
36905110	0.00133711179524454
36905970	0.000625371454456337
36910630	0.000577304180619923
36911190	0.00051920614686401
36911330	0.000553879145544732
36911620	0.00355447719363571
36911750	0.000539372086983238
36912491	0.00735502379953137
36914260	0.000538568330745492
36915740	0.0010234567178979
36916481	0.000788728694736216
36917940	0.00263690729907921
36920491	0.000822257007921132
36921110	0.00068857346766389
36921530	0.00129855360151916
36922770	0.0498586193231321
36923671	0.000540879482565306
36924491	0.00239708581521565
36929400	0.00102170159853071
36930790	0.00211135028848661
36930951	0.189228855799939
36931490	0.00581007430477733
36932221	0.00715463345544954
36932320	0.00833672596640533
36933851	0.00153139302799363
36934210	0.0098272371520907
36934920	0.00073635664711602
36935531	0.000642883615002408
36938490	0.00324209034574883
36940611	0.00256719545883866
36940621	0.000645018165763819
36941400	0.00147661461902485
36941721	0.00361588569782683
36942411	0.0395215252765296
36944720	0.000585619813432953
36946261	0.000577861957224846
36946530	0.00337745183563966
36948180	0.00347981884668661
36951060	0.000780545889061428
36951630	0.000874688809904558
36951760	0.00403053726366421
36951801	0.000825094022011831
36952010	0.000882431746748146
36952170	0.000773213449430609
36956491	0.00193510161484622
36958390	0.00166287391588998
36958920	0.00139310597803468
36959060	0.000554775547609066
36959231	0.000744751675407323
36960170	0.00132002850332737
36960310	0.000793394563393397
36960440	0.00222022129196936
36960741	0.0276865327941255
36961581	0.000517120115547144
36961830	0.00107948752023298
36964310	0.000666808846943427
36964860	0.0447068911599281
36965960	0.00141739574330651
36966070	0.00220232605568829
36966630	0.000826183692653567
36969550	0.00279117385664284
36969721	0.26284901307799
36970541	0.00807056172585691
36970681	0.0035954137126577
36971801	0.000573801537143256
36972150	0.000634780536625998
36975781	0.0011955593430822
36975900	0.00113501066081197
36976741	0.0056710760989324
36979070	0.000669383918905598
36981010	0.000781177172921186
36981280	0.00418029501959968
36982630	0.00101561245038258
36983941	0.000694245431456432
36984061	0.000854191230818197
36985110	0.00227613916791008
36985841	0.000788107836952506
36986210	0.0015428007379492
36986790	0.00479823860319803
36988000	0.0374113477986802
36991470	0.000905329058140008
36992030	0.0065680496061478
36992560	0.0023971282956284
36996211	0.000719948733295319
36996341	0.000650834643593411
36996751	0.00421608407847708
36996881	0.00057293070827579
36998401	0.00160216521349346
36998900	0.00282330510558085
37002640	0.00216366342571165
37005701	0.00356960668214674
37005851	0.0010329525909738
37006110	0.00235468203394181
37007511	0.00717144260958172
37007590	0.00726128198719312
37012690	0.0408890710473753
37021581	0.00349115093134024
37021981	0.000540827100180798
37024061	0.000602984902322085
37037171	0.159479784727218
37037970	0.0124233916231796
37038760	0.00626059695442531
37043320	0.000689540996779832
37045701	0.000651624097762023
37047221	0.0020028955966478
37050770	0.00607578518200869
37051361	0.00197632367750968
37051371	0.0010705274223239
37054760	0.0104507160691113
37055470	0.000615277127627973
37059880	0.00068072182270945
37062210	0.0239163563549051
37062500	0.000785407849930114
37073390	0.00689943533941344
37078121	0.000828436116206077
37080321	0.00157843621936085
37083450	0.0012049352772703
37085011	0.0294581719265353
37104540	0.00185180862774082
37104861	0.00615138713186949
37107771	0.000699310702968364
37110480	0.000900459137490499
37111440	0.000631738261607736
37116270	0.0131763262115552
37120611	0.00804278898911731
37126920	0.000650256963173905
37128850	0.00615399270525002
37137151	0.00462056501074154
37140550	0.00273990359921335
37147320	0.0262483810417973
37151440	0.00122446122933158
37164451	0.00117614342459459
37164820	0.00064715529948528
37172820	0.000586774798287822
37173400	0.000629175597513827
37173650	0.130431558647594
37175040	0.0432888533489922
37175150	0.00651442354047137
37178190	0.000860808925467597
37179621	0.00213301745995156
37181831	0.00303571260196738
37182391	0.0330473459178435
37183491	0.00076464784012631
37186330	0.008991266321335
37187771	0.017706025832763
37187901	0.00340318331076064
37188700	0.00867216728384113
37189380	0.000722398088170093
37191730	0.0019916619916187
37193141	0.000736409146390258
37193291	0.000792270233065093
37194180	0.000857095458465439
37196970	0.00205223062333301
37197841	0.00123962074784706
37201401	0.00261093074675414
37201681	0.00107724085178455
37205821	0.00085858137910433
37206620	0.0131146203592373
37211310	0.00196139268968338
37211361	0.000954781208027474
37215631	0.0933039308300609
37219600	0.000670432329824029
37221090	0.00139676916905752
37221660	0.000846171804740898
37222381	0.00106652251428001
37223020	0.000662790200661218
37224110	0.00600906243300055
37224660	0.00118099812086346
37224840	0.000653995300571752
37225120	0.00072792037342987
37225541	0.000696391233605199
37227280	0.00294720295542045
37229541	0.000677859969006879
37230060	0.000790643072177978
37230200	0.000955539335449253
37235280	0.000536205487228064
37237240	0.00642564771037309
37237360	0.000749975254154845
37237701	0.00685462468721509
37238060	0.00096182230004172
37239700	0.00154407473189932
37241110	0.00102322604921502
37242050	0.000797499975757685
37244390	0.00226220391456895
37244991	0.0254489582018945
37245530	0.000674465880899203
37245671	0.00909833062504901
37247560	0.000901669597847331
37248981	0.00155413969284488
37249261	0.000520762273709659
37249520	0.000643335214825984
37251560	0.000621749405118318
37253961	0.000681287445947408
37256400	0.000540113211875558
37260670	0.027001218733781
37262900	0.0020370337829458
37263700	0.00112899578813153
37265100	0.00398816936620789
37265490	0.000708547073159885
37265630	0.000929136926822416
37266490	0.000588704593113925
37266630	0.000606200663111688
37266760	0.000531035260450408
37269811	0.00386710287030994
37274190	0.00236086279515666
37274801	0.0012474506433876
37276451	0.00115368937272909
37276981	0.00319733675948223
37279160	0.0247993608440771
37279481	0.0577754469629301
37280380	0.000893115444699592
37280800	0.000859342054431903
37281261	0.00311806442810781
37281531	0.000663497660694284
37281671	0.000710709480452965
37282050	0.00144657122444566
37282511	0.00212409096376139
37287730	0.0027371416288646
37288441	0.000796284753950654
37290480	0.00171178669424935
37295140	0.00283846585859084
37296420	0.00346209196785182
37296721	0.000538410404325775
37298350	0.000686953731262392
37299881	0.00434041434540621
37301080	0.00606638357339582
37303430	0.00498339563479016
37303761	0.000659918908299655
37307071	0.000833155686308717
37309510	0.000651572034741507
37311420	0.0835790399016652
37313110	0.00277348858551554
37313510	0.00191550241302883
37314781	0.00109857819273827
37315621	0.00232174775055438
37315891	0.0137245393787323
37316011	0.000871365290066605
37317961	0.000757428301542314
37321531	0.000589439160343235
37323430	0.000902565135149885
37330501	0.000537138505147558
37331720	0.0268092373975215
37331871	0.0117113437765757
37334870	0.00155018077621278
37336161	0.0413355499122972
37337350	0.00393904908739203
37341681	0.000757161617460914
37342040	0.00315976237789148
37346740	0.00299849708493521
37395451	0.00215767243329776
37413241	0.00120505077607437
37416240	0.00198169213642682
37419321	0.000689580514467645
37420660	0.00110992796395319
37427980	0.0514179690492857
37430020	0.000621204695000355
37431181	0.000577934548617023
37431540	0.000530924831572478
37431550	0.00131516208728908
37432431	0.0108765881433214
37432540	0.000900024036345565
37433780	0.00301238935925822
37434631	0.0517490881521019
37435270	0.000518225920747507
37436800	0.000658272310967589
37437381	0.000703445650039437
37439051	0.000665727590390765
37444090	0.0120799256598158
37444711	0.000532473466016687
37446091	0.00410018799602912
37447041	0.000681968722240535
37447140	0.00131658549903578
37448660	0.19140361899555
37448701	0.000577429139610493
37449230	0.000632343177751539
37450600	0.0028439873691031
37451980	0.000546042429559499
37453251	0.0272011855503113
37453371	0.000581234874605079
37454440	0.000693893585665528
37457920	0.00444657268217604
37460981	0.00193179197610356
37466880	0.00400562841028635
37467280	0.00085170690954615
37471840	0.00107640896880298
37472291	0.000708321290118697
37475331	0.000534085117677097
37479881	0.000607879727345027
37483591	0.00574638966224296
37483680	0.00196998620680232
37484571	0.00146922871599764
37484701	0.000660151847322621
37486341	0.000542954333491105
37487420	0.00132771682744842
37488151	0.0252420901446767
37489210	0.000977798386141991
37489480	0.000663141670058687
37489740	0.000940238542189724
37491301	0.00219548096389534
37491540	0.00181660440362711
37492090	0.00471690721583504
37492250	0.00123133918909852
37494341	0.000635555309079602
37496831	0.000675839574232021
37501251	0.00364231519502859
37502740	0.000528608396003945
37503120	0.0386207078670243
37504220	0.00429951705920213
37505340	0.0383898316945098
37506460	0.000868418842567112
37509870	0.0117451927745478
37512780	0.000537750457273812
37513470	0.00157222586488625
37515690	0.0225281225500397
37517070	0.00172755362056259
37517251	0.000635129336710116
37519560	0.00052504417771196
37519940	0.0024408155170815
37520230	0.00388843693780423
37520380	0.00370927937019078
37524770	0.00104225865220731
37525661	0.000823851468778145
37525740	0.0115096619794597
37525880	0.000656405252813271
37526300	0.00252322651515326
37526450	0.012173807355818
37527441	0.00179135539192035
37527540	0.0122406707445516
37528951	0.00188514480410659
37530320	0.0010332137240097
37531581	0.00238745678136464
37533111	0.000645428953490762
37533630	0.000906201891533927
37536261	0.000903198359080745
37537890	0.0022673969533722
37539591	0.00446874193714689
37541361	0.000945702805267175
37543550	0.00133747464182298
37544490	0.000525553265028056
37545340	0.00504109677941303
37546491	0.000780642437049657
37549610	0.0012230611960345
37551441	0.000633919035104676
37553620	0.000693425832971454
37555181	0.00184070458153503
37556800	0.000923821751475114
37558901	0.000699235322388614
37565661	0.000604341756357321
37565911	0.00104120677055965
37569460	0.00114984868823481
37569661	0.000765597760411886
37576100	0.00345455305175965
37577210	0.0428321505902718
37577931	0.000906790529120461
37585170	0.00388601334184317
37585190	0.00182696068188639
37587311	0.00411905072453747
37588541	0.000558407373451617
37588811	0.00510488090480486
37589330	0.00273730711499182
37594321	0.000564095735301979
37594570	0.000642798019756247
37594590	0.000891058787234507
37594720	0.000628232041730224
37598040	0.120286931301437
37599031	0.000921674599807485
37601371	0.000713936028874545
37601580	0.000795222646472347
37601590	0.0042267551107811
37602980	0.000716526326821909
37604340	0.00283922696093417
37604660	0.00114357733529857
37605330	0.000616770274804845
37605460	0.000717565916488337
37605631	0.0106964541962401
37607571	0.0878758093165189
37609600	0.00129976774039159
37614150	0.000935424867297032
37621310	0.00100365086801158
37622010	0.00471644836283463
37622741	0.00374775372055187
37623291	0.0082521100204562
37623960	0.0124287316442794
37624630	0.00102672596803674
37624811	0.00838465461014278
37626601	0.0027882969446881
37626621	0.00324397976794814
37627670	0.000646592829623268
37628111	0.0114616863894144
37631031	0.00113395726440958
37632681	0.00959855238530404
37632811	0.00151426593895381
37632890	0.000623210411234505
37639370	0.000840098805556382
37639650	0.00177766481173222
37641620	0.00599180807010037
37643281	0.000718854642434213
37646020	0.0073644027528021
37649750	0.000890846038833213
37651441	0.00103250451630036
37653460	0.00358094958405433
37655920	0.000589285309629267
37657200	0.000665842743598463
37658440	0.000908056776581213
37659100	0.000711397596546001
37663971	0.0848097140209417
37667991	0.0115962946592156
37668340	0.0010412804636235
37670170	0.00682369078320006
37672790	0.000748142778155855
37674341	0.00330134847809923
37677371	0.000785190946950303
37678010	0.000657785270487156
37678150	0.000631146429299382
37680330	0.000775175078250921
37680381	0.000711401172817579
37682990	0.000717931504547982
37685300	0.000741166368899663
37685460	0.00165316145422149
37686881	0.00075725683009961
37687301	0.00142119747072238
37688760	0.00117981997003196
37689610	0.000572567902979735
37692350	0.0012054173259432
37693570	0.000672402464392787
37694471	0.000793295696512913
37695011	0.00060006758536049
37695260	0.000545850602174366
37696541	0.023336995436439
37697911	0.000668130885588208
37698741	0.000935401082962751
37699800	0.000534054517901667
37699920	0.00116208225636544
37700490	0.00293498137737193
37700671	0.00157042496649097
37700890	0.000692741959870314
37701211	0.00157695311987351
37701501	0.000727742761089586
37702321	0.0134931269588584
37703680	0.000618066139759719
37703950	0.000829771654753195
37704610	0.000740866932335512
37705050	0.00121755296790022
37706840	0.000710372424554464
37707530	0.000538811880334548
37710611	0.00201709403396605
37712651	0.000612524325068919
37714010	0.000541682580765643
37714051	0.000660786535165861
37714741	0.000531209721890828
37716500	0.000611315381619445
37716880	0.00255206804660767
37719851	0.000618902691794376
37720780	0.00696656544687609
37721631	0.00144612275251723
37723240	0.000575981201149464
37723411	0.00526633450026955
37723561	0.00127106413143802
37724801	0.00175080131887549
37724951	0.00119583258410926
37727230	0.0577127591546364
37727250	0.00209130776604696
37730611	0.0259005892630997
37733570	0.00290992029320137
37734290	0.000541939640471694
37736080	0.000913872901327673
37736190	0.00980736815242511
37737710	0.000723680697775149
37739411	0.00777447614458093
37741050	0.000734281592460759
37741751	0.00874948213687444
37742550	0.0151810641958825
37742710	0.000765163101076328
37744880	0.0139753733870251
37746031	0.0019907629760376
37748671	0.000659818283733746
37752791	0.000795574713878177
37753020	0.00119822694006536
37754970	0.00157941008560362
37756070	0.000522994906468526
37756921	0.000718640817718646
37757710	0.00121350220921806
37758311	0.0643141068278965
37759630	0.00370810238487228
37759930	0.000678336889689821
37761730	0.00746883280577788
37762420	0.000722468962205547
37763271	0.0898631574485586
37763650	0.00260447351860038
37764210	0.708208808801943
37767110	0.012757152250707
37770250	0.00938801481587087
37770570	0.00104373723419823
37770731	0.00684178568628888
37770970	0.000924622103155832
37771390	0.0615798649259153
37774940	0.00112643134521916
37776080	0.0011409044709791
37777020	0.0046374905423533
37778120	0.000656000483686742
37778161	0.000646086134646011
37779971	0.00224776181276945
37780880	0.000753211575347144
37781450	0.00300171549077432
37784210	0.0187034722419671
37784931	0.00650340464863982
37788640	0.000545439719484397
37788811	0.000945167137081416
37791561	0.00180561701620337
37793300	0.000847329974005969
37794181	0.00144577832472626
37795681	0.000824323045071176
37796231	0.00271845380272366
37799401	0.000664063771682024
37805081	0.0060610440913021
37807800	0.000892891905406162
37812111	0.00545396504816127
37814731	0.00071274747974257
37816320	0.00213545299172807
37817570	0.00137257172933453
37817911	0.00530626527112425
37819151	0.00981729931509556
37819220	0.00181196337714055
37820320	0.0483831952308593
37821030	0.00453149074177181
37821290	0.000767370952972241
37821430	0.0019519414241117
37823261	0.000577733068331364
37823670	0.000681508133974235
37824350	0.00257670404411411
37824381	0.000616189121230286
37824490	0.00558481306152442
37825280	0.000714212797579921
37825351	0.000751150367386205
37825481	0.000579432712820901
37827131	0.00385153864693093
37827261	0.00209948908629682
37827681	0.000999069861840636
37827790	0.00335745561338356
37828391	0.386351348508993
37828511	0.000943268258067564
37828730	0.0279884762804857
37829741	0.00248942015872065
37830171	0.00245843841329697
37832210	0.000848276657038758
37833720	0.00176252923382117
37833980	0.0037309268410803
37839141	0.000848942094417935
37839900	0.000947443763221629
37840200	0.00124155615416526
37841211	0.00201196332041335
37841280	0.000546300815695671
37842690	0.000565985683709971
37845481	0.240937413860256
37846520	0.000534088971904751
37847141	0.000606486595075848
37848511	0.00381490342787661
37849040	0.000917506657355424
37849440	0.00253793289464535
37852101	0.000618696900638807
37854161	0.0139783532644017
37854660	0.0129141771737527
37857580	0.000657328859899528
37857970	0.00284963818687591
37858591	0.00112300131734056
37861010	0.00116801720125794
37861471	0.00228808604502837
37863790	0.0036859282201421
37864880	0.00177825482452349
37864921	0.00527433318796762
37866871	0.00382195398326145
37867271	0.000801201127356576
37867401	0.00101177469380331
37867821	0.000883840890071603
37868511	0.00173948124533287
37869611	0.0177940723809176
37871271	0.0172295662207922
37872330	0.00132202694714048
37876860	0.000694425394311607
37877040	0.00116331796161774
37877280	0.00136600526601015
37878930	0.000778576213613833
37879281	0.00205168300239367
37879520	0.000942887466967639
37881560	0.000709230999037566
37882031	0.00467814366574791
37883210	0.00706702074934914
37884740	0.0371038521407902
37885621	0.00114702726794497
37888030	0.00135368159780769
37888590	0.00173788618464883
37889191	0.0219749188971401
37890250	0.00078025179564853
37890380	0.00065292104496046
37890820	0.000858273258042696
37891821	0.000720263691948599
37891941	0.00203165386454514
37892070	0.000807098460273338
37892661	0.000628591995391085
37895271	0.00214939447572792
37896740	0.000776140000130008
37898851	0.00068786103638226
37900210	0.000757611758614228
37902820	0.00128914585349443
37903271	0.00305633934113057
37904070	0.000724235253562285
37905570	0.000619006448412414
37906790	0.000702227839919209
37909010	0.000710010663874576
37909150	0.000526615561705356
37912081	0.000599526249751458
37912740	0.00134054379095977
37913051	0.00065884010157302
37914410	0.00279027132933336
37914841	0.000804771454419695
37915090	0.0020777841708971
37920320	0.00249542500729645
37920330	0.00712433629022115
37920651	0.00532708233491279
37921041	0.00169946084564138
37921570	0.000513246413333249
37922291	0.313175999571834
37922830	0.000597475288816434
37922930	0.0046284285277555
37923500	0.000524716959345664
37923770	0.00660422664946642
37924791	0.0227532348207984
37925840	0.00131245111133225
37926981	0.00140680967438184
37927811	0.00114878727256562
37927890	0.00229413444601951
37928050	0.000552337421902239
37928720	0.0024800882470188
37929191	0.00195016346508461
37930380	0.0011855618550556
37931230	0.00968458443223015
37931750	0.01704862213697
37937051	0.00177107575577195
37941000	0.00130939578044444
37941010	0.000518368711750485
37941140	0.000512841452975932
37941181	0.000627505051644852
37941481	0.00856376756556093
37941891	0.000666861938949119
37944340	0.00170948005780233
37944491	0.00680718844306088
37944921	0.000544060055070509
37944990	0.000778392418918295
37945700	0.000665149405789169
37946660	0.000671903433789222
37947240	0.00103924258052731
37947801	0.000730060493991475
37948361	0.000700220309803038
37948460	0.0006667709061229
37953410	0.00113120888743065
37953580	0.0010021682990179
37956491	0.000650665581290777
37957860	0.000677559782277868
37960060	0.000703521933630328
37961430	0.586234139188874
37961471	0.000747170579410953
37962441	0.00065126180370755
37963330	0.000694793878994536
37965170	0.110930074314182
37965591	0.00251649223681728
37969540	0.00163753532026226
37970090	0.00334398221249904
37971230	0.0019201420758084
37973030	0.000995538541853995
37974260	0.00463271418752192
37977751	0.000660574986468492
37979821	0.00212233217644551
37981861	0.00217800825474193
37981950	0.00100122488801822
37982130	0.0012104158021134
37982790	0.0121333722324426
37983330	0.0182903104020859
37985140	0.00058631168598386
37986410	0.000532700309486063
37988081	0.00509331213278156
37989130	0.00348075123696415
37992351	0.00120374166175043
37993140	0.0013990939903615
37995880	0.000753513313475217
37996180	0.00148324481802096
37996880	0.00284951368572172
37997130	0.00211538454725463
37997191	0.0010021301877405
37997300	0.000707360531453152
38000020	0.00106067094223127
38000190	0.000607139527745291
38002141	0.000605069974640525
38004231	0.000740581479731412
38004501	0.000615380319758848
38005440	0.0127270235646429
38008600	0.00199187631628747
38009430	0.000684875671501271
38009591	0.00552137036395631
38010360	0.00140633298280741
38013611	0.00082612120546908
38014561	0.000632191553831109
38014810	0.00339402676226589
38014971	0.000652869975428811
38015121	0.000833006584649495
38016050	0.000546271409276387
38016160	0.00172600565439698
38016330	0.000813022920609206
38016450	0.00236519641205652
38016491	0.000722851510960198
38017120	0.000645849626731773
38017270	0.00492707362789733
38018800	0.000587639558679278
38019490	0.00263354521456481
38019610	0.0016939476122003
38022301	0.00230908736003655
38023241	0.00249385755841682
38024160	0.00248814078761257
38028850	0.411270631347868
38032221	0.00111462881481002
38033871	0.00183352308660983
38034100	0.0013143886956438
38034400	0.526089006396048
38034950	0.00119085689780233
38035251	0.0069239632721127
38037010	0.0006071911930891
38038220	0.027288713829879
38040880	0.00274237476382333
38041000	0.00120315655051533
38041031	0.00331647016235959
38043651	0.00169621728047053
38044300	0.000516739102374295
38044450	0.000593144550118474
38044860	0.000698611245418092
38045991	0.0788767336120969
38046971	0.00391809475429877
38048361	0.00098682172601144
38050831	0.0322244720794892
38051630	0.00218079671003945
38052030	0.000691464509069523
38052150	0.00518015190181197
38052850	0.000916319217816275
38052891	0.00179617330548065
38055651	0.0160406589721302
38056211	0.000679010098369639
38058131	0.01847593072959
38061991	0.0150395117926876
38063470	0.0788763177497626
38064310	0.0603372991559845
38065461	0.000622856709829257
38065940	0.000990213199888371
38066520	0.00170659413217654
38066650	0.00096155266210839
38069000	0.00173590329827919
38069010	0.00572570577005967
38071490	0.0010570038774584
38072320	0.000514871465680407
38072700	0.000666251571860631
38072880	0.000608652982087036
38073150	0.000638402167214934
38074490	0.00217825993802976
38074940	0.000822171611088928
38077441	0.000867677241379209
38078650	0.00297312104676907
38080150	0.000630484096012291
38081741	0.0133883147132974
38082240	0.000521638196657244
38083531	0.00257954309794313
38084351	0.00656444850196976
38084430	0.000829349616411043
38084730	0.60483278182727
38086681	0.000601053004379935
38087360	0.185506032763594
38089110	0.00063574497910822
38091040	0.0071598247342699
38091330	0.00388914791262973
38092761	0.0751387749010465
38097840	0.000640878487515435
38098110	0.00209823259520473
38098541	0.000604627297840473
38098831	0.000521050266282184
38101321	0.000785633643870527
38102390	0.000752792574910347
38104860	0.000528688924202008
38110670	0.000741187910270576
38110800	0.00781631119928011
38115330	0.00258424811679456
38115371	0.0159132975340924
38115460	0.000809874174976264
38117591	0.00699792012832725
38120071	0.00139191306481616
38124481	0.00143172777804703
38125000	0.000684057995852227
38127521	0.00114439118791699
38133550	0.0215257868945451
38137321	0.00345679259039743
38138520	0.000594520255805173
38138940	0.000897513811441621
38141970	0.0155115315099286
38142900	0.0772333048217058
38143080	0.000596393380980774
38149571	0.00158596926712522
38151771	0.000727058328736822
38152290	0.000676169611226641
38153550	0.001206596965102
38153851	0.00271600585212541
38154401	0.000704650507876297
38157140	0.00184301846904588
38157270	0.00458961995156246
38159880	0.00411666257417303
38163381	0.00743636445454989
38163781	0.00119571889343529
38164310	0.00058250719148683
38165250	0.00695935332996394
38165400	0.000532907609567301
38166131	0.00370546411603066
38167361	0.00124815370349093
38169930	0.0100611693916573
38172700	0.000754622331064318
38173311	0.000545685833350787
38173940	0.0054437979744094
38174790	0.00338250692566642
38176410	0.00161473452218962
38176461	0.00149764651629668
38176970	0.0244596296680394
38177530	0.00052050734268115
38177670	0.00305642353807028
38178001	0.286878640410845
38180201	0.00056152226599935
38181021	0.00857284831083544
38181140	0.00150648840707368
38183381	0.0106402986410278
38183870	0.000646455324627193
38185451	0.00107663312288841
38188560	0.0010819620950497
38188570	0.00249465924051991
38188611	0.000699095784896442
38190261	0.000536584817700391
38190801	0.000817831747306174
38193800	0.000584080085871733
38194671	0.00183459957546802
38196130	0.00328555554979156
38199210	0.00179970897677752
38200071	0.00196411809312881
38204751	0.000525274484971967
38204860	0.00089866190258708
38206681	0.000737933193438663
38206920	0.0943221441053417
38207030	0.00183075715684647
38208560	0.000518784535382408
38210801	0.011122803321186
38212321	0.0010186279371407
38214500	0.00235950687021654
38215440	0.00113839847054267
38216820	0.00117741100647421
38218070	0.00155561496169728
38221301	0.000532449488900977
38221841	0.000859096357567539
38223211	0.000594772771129861
38224621	0.000653020546793857
38224720	0.0551939960938215
38225410	0.000895335744484475
38227040	0.00128275348236088
38228960	0.000669716872333034
38229571	0.00146269406325082
38230401	0.00104735082989972
38230650	0.00371959482235981
38231241	0.00200299442600836
38232440	0.000807118259564303
38233000	0.000802153294435206
38235050	0.00791737367770624
38236181	0.000630420556646891
38236420	0.00155611660744213
38236990	0.0251082781000377
38237380	0.00241681944164879
38245130	0.0020327245876942
38245380	0.0036572688955172
38245390	0.00124553589091115
38246900	0.00285689596516729
38248850	0.00072361237759288
38249090	0.000966336069883302
38249410	0.0013688954751805
38250131	0.000697148313300933
38251511	0.00201660667575467
38252041	0.000555637168256585
38253421	0.000615571406389906
38254271	0.000661025781917311
38255180	0.0100541024679604
38255901	0.000902020520788303
38256430	0.00323668608951588
38261820	0.0098655857950863
38262510	0.00150641650532168
38264591	0.00231331657010887
38265650	0.00178416611117472
38265991	0.000771807438869443
38267570	0.000720494801583359
38268201	0.000855790640711827
38269790	0.0009532131581704
38276331	0.0053950832875248
38277820	0.00580268935470841
38279320	0.00343363910682221
38279880	0.0089082330398068
38281281	0.00148130681191044
38281500	0.000709773631834484
38281981	0.00063020243782595
38282900	0.000610880741839857
38284540	0.0240336166151431
38285421	0.00176151353750915
38286330	0.000679033217824548
38288321	0.000951543733261104
38290111	0.00124094271072402
38292830	0.00163731128971386
38293090	0.00063960555380314
38294391	0.000759181437241952
38294681	0.00142820056541097
38297961	0.000606695818444085
38300970	0.0471368748902789
38301920	0.00290030105990897
38302090	0.00914501426381742
38302531	0.000946904917578716
38303200	0.000609164232122312
38308120	0.0016782346398832
38308410	0.00487332999251712
38309431	0.0104443450908998
38309660	0.0382182574952534
38310360	0.000833637032809906
38313910	0.00101732703888195
38316321	0.000530456760932877
38319300	0.00153597408237765
38320871	0.000710457537179345
38321971	0.000829541956665441
38324810	0.0364651691564473
38326050	0.000699581991588413
38326220	0.00075723554780208
38326661	0.0197082173024784
38327880	0.00748506085233119
38331170	0.000755068647494055
38332171	0.000834050303967135
38332881	0.000628243810538386
38333220	0.000769854400588535
38334811	0.000621948907029344
38335440	0.410182476048169
38335751	0.00208098666480346
38336840	0.00063552281387112
38338651	0.00322024541376611
38340000	0.000708666532787366
38340140	0.000523658789986158
38341670	0.00315144212013077
38343081	0.00100936469241863
38344140	0.0524465968469452
38345220	0.00452116136802416
38347761	0.000667305173645447
38348140	0.00098342400740313
38348321	0.00739569890207655
38349510	0.0169186798664607
38349630	0.00887472034521205
38350480	0.0137923552240681
38354371	0.00565604373309201
38357400	0.000615146787182279
38357790	0.00127949751744502
38358060	0.00132887331175721
38360601	0.000674711741950047
38360950	0.00348766248599871
38361291	0.00147118947810954
38362231	0.00201194157611249
38363600	0.0355196340603658
38365630	0.000541808503597379
38369431	0.0258660954377676
38370900	0.000906860789011829
38372970	0.00065125709602136
38375720	0.00110729816942778
38376120	0.00432122552243258
38376171	0.00082888338932767
38377090	0.000615491269053739
38377421	0.0367887009285739
38378080	0.00327516464769676
38379211	0.000561472853313615
38379300	0.00153203034343562
38380120	0.00226671674345227
38383860	0.00107386403273136
38384000	0.0566104464384487
38385151	0.00154557255808692
38386340	0.00936930429636654
38387290	0.00555706918018722
38388550	0.00805561664163848
38388571	0.000972105662036683
38389691	0.00182152239764925
38389981	0.000707132252509239
38390630	0.000656467421310401
38390661	0.000815164423733733
38390791	0.00877286229973413
38391030	0.000586301367346753
38392711	0.00152927447940714
38393350	0.0138067806546853
38393541	0.00802417295176214
38393780	0.000655674093516978
38394340	0.000627847236411189
38395761	0.000854872309585617
38396970	0.210458203094888
38398760	0.00152671082011838
38399160	0.00472643785734576
38403290	0.0010178916671359
38404120	0.00309687342057954
38405261	0.0665916943643232
38406870	0.000728927202544277
38407191	0.000516299235109144
38414760	0.00503376518648969
38414880	0.00121769145238047
38415471	0.00804127328253448
38416260	0.00271451952734728
38416591	0.000738014510699315
38419570	0.00069979632472062
38420260	0.0270512954175243
38420690	0.00710706346350888
38424291	0.000631911067873
38427020	0.000935337677307616
38429121	0.000732328147572384
38429131	0.0079674091852153
38429900	0.000603295537750668
38430880	0.000894824448914821
38434101	0.000673349176729901
38434620	0.00327527607922319
38434661	0.000538380706463289
38434801	0.000683294603701904
38436041	0.676854775512216
38436871	0.000697205174567065
38437281	0.0157470445931135
38443611	0.00568746017956612
38448431	0.0213043735499003
38449541	0.00188579157685504
38452270	0.00411998838208086
38457220	0.0139240877562562
38461261	0.0006185129400687
38461490	0.0404564632145469
38464311	0.00153520244717871
38465620	0.00353994674237644
38466610	0.00058865914689549
38466661	0.000919453858131037
38466880	0.0007974006672855
38467730	0.00604053369776285
38469930	0.000923270336936512
38470620	0.347603671665671
38473630	0.0138065113933887
38474381	0.00066226942488143
38476550	0.234808981811558
38477760	0.000610917309287578
38478190	0.000775808635188314
38481510	0.000566353914056198
38483611	0.0189634538171471
38483871	0.00255185492130496
38486221	0.00052050734268115
38487000	0.000551037757987946
38490081	0.011874405035614
38490620	0.0105468997824999
38493811	0.0012998345582454
38497100	0.00880653925392229
38498050	0.000880685112035833
38500161	0.00132459616582197
38501001	0.000581979701402407
38506511	0.000630160043413714
38508250	0.00067646271021368
38517770	0.00112768581166493
38521370	0.00225293486534601
38523570	0.00199421665313907
38524110	0.00258798078727784
38524141	0.00292443186227824
38524161	0.000537607580837502
38524820	0.00254001575608532
38528151	0.00206542590726441
38528950	0.0216258664216721
38529360	0.00933923366284898
38529401	0.0126475918867279
38530330	0.00179183002367386
38531331	0.122683507253634
38531820	0.01163958077365
38532301	0.0359154290819841
38539591	0.000646109675376132
38540100	0.00216692684561922
38540650	0.00076699646090617
38541060	0.531785048496666
38542450	0.000646155791326768
38542620	0.0958654145863517
38543700	0.00137466215360733
38543731	0.00417311342860726
38544031	0.000892200611284104
38546351	0.0211162489226244
38551720	0.0111299149462271
38554491	0.000985350989739412
38558340	0.0132888400075705
38560230	0.00089368349605209
38561790	0.0363269994689903
38562351	0.000898026820611053
38562600	0.00894467891118099
38565880	0.00257202524472089
38567840	0.0006537992788299
38568250	0.000679989345708535
38570081	0.0664471112888284
38570570	0.00222636892922031
38575420	0.00334296664516643
38577920	0.00394945613139032
38578771	0.00143830141747361
38578850	0.000676780787724551
38579451	0.000588108430930673
38583830	0.00102752638800524
38584441	0.0233078966995266
38585121	0.00549411256365724
38586860	0.00114778287687789
38587321	0.00243816773558285
38587471	0.0033852796517779
38587611	0.00142731470637331
38590710	0.00138283171555606
38591970	0.0165440843359398
38594300	0.000652975422664639
38595270	0.00692995312315171
38597791	0.000682869791738549
38598310	0.00174611501594196
38599410	0.025396227394415
38601261	0.000895905271232381
38601640	0.00129067515720535
38602891	0.013646781790151
38603041	0.00115867239934681
38603160	0.00900471549421513
38603440	0.00132170498592429
38603461	0.000596932050296111
38605261	0.000874238130266063
38607260	0.00944961567308442
38607871	0.0142818531780079
38608131	0.00590207962439369
38608230	0.0038022732037421
38610300	0.000657281765751004
38611260	0.000790035027848288
38611530	0.00272360840550589
38613600	0.00284305817504734
38615150	0.00333075397620172
38615670	0.00058724729416758
38619530	0.00119155173517804
38623420	0.00161507720233819
38624131	0.000666751369773362
38624821	0.336122277000227
38624950	0.0864037491490819
38625600	0.00457221420965958
38627150	0.0365792526036413
38627290	0.028223691478287
38627550	0.00551774630693352
38628561	0.000516739102374295
38628780	0.000580704733616893
38629050	0.000920740948701918
38630030	0.00820639312642546
38630460	0.0103889120898009
38630771	0.0194388156163415
38631410	0.000746779797519537
38631420	0.00792928031853163
38631430	0.0706318275170757
38632230	0.00612270494346445
38632681	0.00230225317337384
38633101	0.000564248339884441
38634310	0.00976952261643274
38634460	0.000548481947508478
38635041	0.00478052081010827
38636001	0.00875976250618222
38636510	0.00214357119625014
38637101	0.00080935314567442
38637921	0.000898312467364966
38639601	0.00367896934971327
38641791	0.000573098583648353
38644770	0.000535503219754445
38645360	0.000984740271683035
38646440	0.000526364437929241
38646751	0.00331446596540965
38647461	0.000649732342576257
38649470	0.00714740875419219
38650290	0.00151770943699629
38652541	0.00070229101584167
38653180	0.000529758689761781
38654730	0.000608794542239655
38658081	0.00863613894066238
38660281	0.000661584161577392
38660630	0.00100973781599987
38663290	0.00387869477057876
38663451	0.000577011043460995
38665531	0.00070454633008411
38665760	0.0051011231819244
38667110	0.000510013943672448
38667570	0.00252320442242594
38668551	0.00619396001636901
38669210	0.000825679950463554
38672250	0.00889093797245748
38674491	0.000867914532867718
38677620	0.00469598843531732
38677641	0.0254598453383748
38678310	0.00297423053818745
38678590	0.00820314943131509
38680770	0.0180928642400394
38681200	0.00169157704152583
38683250	0.000565495223787961
38690331	0.00720117779333311
38692411	0.000560490330978741
38697200	0.00177776125074021
38697350	0.000748254967624046
38698570	0.000637984701957066
38699700	0.000997803582723233
38701330	0.0013275008000743
38701450	0.00186396788448429
38704811	0.00377308802734389
38705111	0.000735241086207984
38707520	0.000703346702474862
38707950	0.000612764516899094
38710840	0.00144930787688511
38711000	0.252834665290271
38711400	0.00231602323879729
38711800	0.000902694524367445
38712510	0.0801244215944631
38712630	0.00740213619607905
38712770	0.000751414116862758
38712940	0.000542198081923405
38713330	0.00208833688662583
38713480	0.00155481680245117
38715041	0.000948519867692399
38719560	0.0931079391489542
38719711	0.000961358831833858
38720831	0.000714635323204899
38721641	0.000609419116385922
38722341	0.000616130846213014
38723291	0.00681466725248971
38727260	0.0052299549412889
38727380	0.0582118764438571
38727851	0.0187958557939128
38733511	0.00112415438562112
38737371	0.0048262704941956
38738440	0.00149883363671725
38739181	0.00548308857152652
38743700	0.000967088996063635
38743711	0.0453544127102523
38746430	0.00114182511385499
38748930	0.000560346469249445
38750580	0.0231930671829943
38752531	0.00152940194031821
38753911	0.000690759336385125
38755130	0.357634154046057
38756380	0.00111850890966419
38759690	0.00161589217566003
38760370	0.00356186016915972
38762690	0.00316282024382726
38764100	0.00148874851532478
38764780	0.000935496449726487
38768380	0.00158797690030415
38774150	0.00805582410605107
38774420	0.000933451737515978
38774481	0.00450874019504855
38777330	0.000667019336938121
38781350	0.000532846317902722
38781740	0.000526271679162022
38782820	0.000540530457094783
38783660	0.00574376073555929
38787431	0.00799603897203464
38787991	0.000597791604734786
38792090	0.00366753320868958
38795151	0.000533962169265781
38795161	0.00161748579727598
38795981	0.000690003003266947
38796340	0.000718610059430585
38798820	0.000626461046745466
38800080	0.000771588159694945
38803130	0.00112045130665474
38803390	0.00485199206853924
38803441	0.115157580458549
38803940	0.00613885731840799
38804920	0.00113437674748848
38804941	0.00130646182508333
38806140	0.000516048669630501
38806270	0.00101451726972402
38808951	0.0112822172738509
38811390	0.0167872307932424
38811920	0.00064117541118709
38813170	0.000799398009989085
38815530	0.0018472246537943
38817610	0.00105830046786231
38818201	0.00819111801144874
38821480	0.00116507269215438
38824240	0.0036180632807483
38825771	0.00071629452683531
38826850	0.0508364074385899
38831161	0.0031833414190961
38831930	0.000742935852110913
38833050	0.00522358943351981
38833491	0.00101682000751613
38833580	0.0159618878675173
38835441	0.00077408284556976
38835930	0.000982406412259535
38837850	0.00141061043704469
38838570	0.000606796696040523
38838970	0.000576946500680207
38839960	0.000575808974747786
38840650	0.00123675781712484
38841320	0.000644881085634183
38841351	0.0215957736895312
38843270	0.00147070546136095
38846471	0.000711094465585504
38847640	0.000735639938725125
38848111	0.00070397217301524
38849211	0.000621439541837409
38850000	0.00153043314060001
38850400	0.000776979428152025
38850410	0.00822418967807764
38852490	0.00598294377116002
38853850	0.00601649012212715
38854741	0.000821016335580439
38854980	0.0966680492221211
38855540	0.00121157541255043
38856340	0.0357092433753708
38857740	0.000979135906417546
38858741	0.0132697562752958
38860650	0.00114606388959093
38862990	0.0254441310048492
38863021	0.000739437502548151
38864220	0.00102449624291753
38864630	0.000706372813996549
38864791	0.00257711547585647
38871431	0.000748632223584607
38872620	0.00147616371761886
38872661	0.00114128482580033
38872900	0.00473147880631556
38873850	0.00118236466411969
38873990	0.0515102885910496
38874540	0.0233481412633959
38875250	0.00859681096502954
38876620	0.0070639575667324
38880251	0.00882377584636413
38881990	0.00353367019176663
38882321	0.000865334896104153
38883240	0.050345347917548
38883650	0.000787065474831242
38886311	0.00654820464109234
38886871	0.000563475365422304
38889750	0.000747127090844431
38890611	0.00484817446779876
38892490	0.000857927439716069
38892760	0.00311752607025781
38893160	0.00274174369891826
38893761	0.00169062645483706
38896121	0.000555898522383054
38898120	0.0237530246610163
38899151	0.000913614833706042
38899851	0.0410527004050658
38902130	0.00228414256164039
38902980	0.000923926822604264
38903500	0.000621111742726191
38904740	0.00542308960510492
38909501	0.00177053952830095
38912190	0.00327584131421393
38915520	0.00132283946846949
38915810	0.143467154591823
38916600	0.000763746408606535
38917190	0.00284170015209197
38917310	0.00082545406604641
38917710	0.00233291596576849
38918160	0.00146800635368409
38920360	0.00242476455906789
38921201	0.00615343655537892
38922120	0.00550979758967929
38922260	0.000904264965825198
38922991	0.0593615610080748
38924890	0.00161017380430286
38925481	0.000806681235704014
38925641	0.00212956923194643
38927120	0.0827113787320144
38930270	0.152991510555334
38930301	0.000898966624111138
38930830	0.000951826548118524
38933631	0.00256656513325882
38935220	0.00124794136832035
38936931	0.00135763554270454
38939821	0.000511439315299531
38944490	0.00840843410470192
38950461	0.00564361828536229
38951291	0.0153601183867107
38951520	0.00160771147877393
38953771	0.00169208557771788
38955981	0.00290895019444579
38956521	0.0248042163942435
38958410	0.000814705357542495
38959141	0.00065773539617818
38960121	0.00187466881349417
38960251	0.0202508927393514
38961720	0.000622592060437778
38961891	0.126292339142251
38963490	0.000938648637221145
38963640	0.000759478130023681
38966800	0.00141641829512601
38967930	0.00380846837194466
38970700	0.00387864232693563
38972730	0.000863725563313
38973771	0.000545495388103888
38975630	0.000866778181642842
38978181	0.00934915817655071
38978820	0.000762577145465279
38980320	0.000552216484694219
38983910	0.0122201411202244
38984531	0.00278226624777825
38986041	0.00117849087083944
38986171	0.000539927883191701
38986601	0.00077600269154611
38986950	0.000529511331436783
38987350	0.000559073674971487
38991670	0.0273648109158882
38992460	0.00182389176513935
38992521	0.00319897796634588
38993901	0.0241233138861453
38997600	0.000527946074146844
39003630	0.000956340081582603
39004080	0.00194373602862272
39004180	0.609696233303512
39005040	0.000641605202339522
39005310	0.0233461486339548
39007350	0.00274405348133457
39009160	0.00205094390221238
39010000	0.00062214080513189
39010390	0.00237336106256612
39012361	0.000773790598134099
39019271	0.0012606074565627
39020450	0.00135533100317132
39021180	0.00123259395592774
39024221	0.337066895892346
39025000	0.00656318567983884
39029980	0.00118477287055868
39030410	0.000537931354401378
39030960	0.00480884612247079
39031261	0.00174386162228313
39032651	0.00089750003588859
39033150	0.000820653250975144
39036320	0.000584450433933834
39038031	0.000554801640114417
39042981	0.015226262722172
39043831	0.00682023183671834
39044651	0.016794478474548
39046530	0.000794978307822003
39049870	0.000738703625625893
39049891	0.00133834874132764
39050011	0.00111704313107056
39050250	0.0121964955371163
39053990	0.0329591361234564
39054390	0.00361206244118067
39058820	0.00214363164532866
39062810	0.0262309589624895
39069611	0.000681412584523815
39069761	0.00366972154625071
39069830	0.000691358651120439
39070021	0.136482002219882
39074161	0.000749550609812085
39081580	0.00470706886592785
39081761	0.00073299077158155
39085741	0.00107475397237708
39086940	0.00287404763992776
39090820	0.000575863450449623
39093071	0.00155423018549186
39094701	0.000508856531273399
39098291	0.00274255496409004
39099391	0.00151552857526694
39101871	0.00245608242506235
39102400	0.000590116609077513
39102810	0.0506380633151824
39107070	0.00159776001878858
39107340	0.00462640191813299
39107411	0.000707456141188936
39110670	0.00970463125313963
39110920	0.000608568546738071
39111790	0.00230360116592637
39112921	0.000558246316213053
39115411	0.00101161301149065
39117000	0.000790383053135552
39118421	0.00068817190697797
39119920	0.0139474808737332
39120101	0.0535113657244919
39120860	0.000699040507015762
39121331	0.0120625993081044
39125960	0.000754206704662013
39126441	0.00146577627888442
39131271	0.00377774225557479
39133891	0.000764347599387106
39134250	0.000530238038673089
39138151	0.0028752219629633
39138920	0.000954336950747756
39140091	0.0010207460871847
39141300	0.0015525530503491
39142130	0.00190203888123212
39142240	0.000612968627814885
39144450	0.000652677997507507
39144710	0.0335584997186524
39145290	0.000778808180448109
39145700	0.000904781070055364
39146820	0.0447360949246469
39148631	0.000661403098067606
39151330	0.00100483102858233
39152040	0.00104218031254474
39152720	0.00244777429058312
39154851	0.00236719159125786
39155230	0.00254585100594313
39155750	0.00230592626635211
39158151	0.00114396663580333
39159671	0.00215414416789457
39160570	0.00168211960944427
39164600	0.000970736838193385
39165020	0.000732648447348058
39165960	0.0515001440972413
39166001	0.00649525355470783
39167210	0.000813396611760257
39170360	0.0126375402978462
39172231	0.000603628726412157
39173670	0.00105017203734164
39174510	0.00225375509151335
39175770	0.0011193737730742
39176020	0.000978732779429516
39177861	0.00235066280056848
39179760	0.0147865781852321
39179910	0.00729331474364448
39183370	0.00100120193956865
39183681	0.000958970918959004
39184040	0.000679733882458458
39184050	0.0706508623785417
39187671	0.000709768326650119
39191900	0.00919410745039966
39193591	0.00100235271735758
39199251	0.0156723061343724
39199360	0.0184216748016764
39201960	0.00202055177738321
39202770	0.000635363980755857
39204590	0.00179737008260744
39205041	0.00231310492319918
39209321	0.000513530123828286
39209591	0.0020922052565717
39211090	0.00269563865668859
39212351	0.000771596359305557
39216710	0.00646867114147969
39216751	0.00122455276378258
39219931	0.000837386020898027
39220600	0.00180868464386657
39222551	0.00279173557267766
39222920	0.000576742085509392
39223900	0.000709868978197649
39225181	0.00252019647744689
39226250	0.00808325395135692
39227231	0.0563080647175552
39227880	0.000599832650888697
39228850	0.0146046964965726
39229540	0.0139151583994222
39233700	0.0013914642204516
39234510	0.00129973017077986
39239200	0.000755558832734962
39239740	0.000546048807096273
39240911	0.00055515221088023
39242790	0.00711398955062455
39244570	0.000539814426984368
39244880	0.001449447159558
39246660	0.00557785215042061
39247890	0.00052038865022137
39248201	0.00201176642406462
39248320	0.00386864848270561
39250790	0.0948436102737721
39252860	0.00131971827115121
39254401	0.000828228800078282
39255371	0.000521638196657244
39255641	0.00267437661447835
39255880	0.00178436525925117
39256081	0.000722504102143139
39259241	0.00357700222213445
39261250	0.00134714138560184
39264061	0.0313792724278248
39264170	0.000611269713550268
39265311	0.000695280218114733
39266080	0.000968464882023311
39267470	0.00275692105441566
39268170	0.000679148227897081
39269430	0.00247174820858034
39272491	0.000551037985457222
39276761	0.000713104200230726
39276860	0.000822241533660968
39279210	0.000614311485228703
39280050	0.00582326829188901
39280901	0.00990550514452135
39283450	0.00192070186088761
39284221	0.00266811848424421
39284331	0.00246376614372062
39286230	0.00146842907877236
39286691	0.00127036611460356
39286900	0.000701956297252534
39287101	0.000563307557040857
39290250	0.00214860219162409
39290510	0.00196155256831337
39290660	0.000663872740857786
39296020	0.00172869787981904
39297301	0.00101204670812895
39302640	0.156995938069285
39302831	0.0010397159665292
39303781	0.00948635254536393
39304751	0.00203890018001491
39309591	0.00149478231231834
39310510	0.00115847248955909
39315521	0.000667624366441363
39316471	0.00244343153089404
39317420	0.000697031192607904
39322790	0.000569978035303279
39324491	0.00218984290003496
39325021	0.0112931416448187
39328990	0.000719826695789631
39331210	0.00206594703702592
39332170	0.000782807024378691
39332471	0.0144830434190018
39332491	0.000725749768946068
39333011	0.000559104037767423
39335480	0.0014043359056124
39336040	0.00225602884219691
39336580	0.000722225770191127
39336710	0.000999173309014266
39336990	0.000651493562048579
39338100	0.000791634792426168
39340180	0.000662055336989466
39340440	0.000707690959432738
39344010	0.00151234540692446
39347231	0.00454894236711441
39349390	0.0310333051154435
39350070	0.00654040840848035
39352211	0.00198367918684723
39353270	0.00225911465150872
39355600	0.00249981422812172
39357130	0.0298089909964126
39357561	0.000633718840921288
39357571	0.00071692692049015
39357581	0.000702990464182444
39358251	0.000638492516097246
39358910	0.00147476889003681
39360980	0.000593261326910478
39364871	0.00133738098096328
39365161	0.0833146598361968
39365670	0.00968113627146355
39365810	0.0254072243634803
39366131	0.0343141100800816
39366541	0.00130099040522241
39367651	0.00127358298624026
39368461	0.00231765092240765
39369280	0.000708948000265053
39369960	0.00136809872463326
39369991	0.00076590033566124
39370920	0.00212690080362638
39372061	0.00108185801573985
39373110	0.0354750913669462
39375631	0.0006819522319497
39376980	0.00110441200338573
39378500	0.00624812597151045
39379060	0.0571050394439476
39379070	0.261457396734135
39380041	0.000750949362621954
39380410	0.00118777836744685
39387610	0.000948470735002288
39390251	0.0283911756044186
39392410	0.000674003905119133
39392820	0.00219539516982269
39395221	0.000598703130344227
39397561	0.00089954792142453
39398380	0.00228909704003319
39398640	0.000716316473201496
39399850	0.000673358343160965
39403101	0.00130712604087141
39403480	0.00070877925452941
39404290	0.00138029011815832
39404310	0.000682087145991262
39404690	0.00205012393963757
39405711	0.0239271504495879
39405820	0.0016174674813872
39407371	0.0020944261245712
39408540	0.000707618932746595
39410411	0.00162914001691852
39411351	0.000516870592689539
39412840	0.00069165122094204
39413380	0.00129634014501529
39413530	0.00115829975248433
39415310	0.00543532615050409
39415580	0.00069573670826799
39415641	0.000707108169801567
39418220	0.000786635673834258
39419450	0.00227084880068115
39420400	0.141445238251184
39422780	0.0156397723410188
39423371	0.00105242462606276
39423911	0.00345864968859336
39424690	0.00125502325292168
39428980	0.000937293170464194
39433421	0.00211128021975534
39434350	0.0215317277870512
39434931	0.00511290526351096
39439160	0.000624470286230908
39441240	0.000559963769799749
39441400	0.00239176860158255
39441810	0.00235557043398735
39444321	0.176046253442044
39445250	0.006001118279627
39446521	0.00173786343327898
39448420	0.00314047393669114
39449421	0.00123347445998689
39450121	0.00188071963693206
39450261	0.0488675592518577
39450640	0.0150758606246413
39456181	0.000700980014936721
39459180	0.000898419328835198
39459190	0.144633619070148
39460031	0.00542056173903995
39461021	0.00389480057999498
39462050	0.000622138181735567
39462190	0.0265217132483042
39463740	0.000761047732260309
39464260	0.000665081426032633
39464741	0.000758180019203247
39464820	0.000621003850845965
39464970	0.000780195019838052
39468960	0.000911284622336383
39470391	0.0161832971983707
39470951	0.000631151837507774
39474600	0.00085907171212898
39474630	0.000751568420087502
39475921	0.00487711156555709
39475980	0.00130278941092513
39476290	0.00195902412768809
39476560	0.0377197326671196
39478350	0.000814417153116629
39479740	0.000585185729107953
39481380	0.00167188489676132
39481520	0.000633069606080306
39483631	0.004108072545788
39484260	0.00063204197745426
39484440	0.00323605633218535
39486370	0.000720396049353798
39486791	0.000757360325209237
39486941	0.000786340212176542
39488031	0.00144289823463163
39490661	0.000683210461085275
39490671	0.000659468799287217
39491710	0.11630385680088
39495751	0.0172184696334862
39496471	0.00221716280590168
39497110	0.000764129621002707
39497920	0.00303104977868244
39498200	0.090228899420925
39503341	0.000642157457135664
39503980	0.00235984337431413
39505431	0.000897671533873471
39505790	0.000614356712770195
39506340	0.00240526103842956
39507020	0.000550733423023693
39507631	0.00153569695278585
39508010	0.0014311331462853
39508461	0.00685343211406332
39508960	0.000659376356335113
39509831	0.00412746323938624
39509940	0.000619057010277443
39511010	0.0250122060830292
39512000	0.0120818072522712
39512850	0.000764037133514577
39515221	0.00820091991306364
39516331	0.00108877417676973
39516991	0.00198064640107124
39517380	0.00209393065720048
39517510	0.00253549872243612
39519560	0.0031548468293156
39519710	0.00571280614365808
39521821	0.00437562487553757
39528010	0.000537616048698149
39532940	0.000821298673843232
39534360	0.00515459276274223
39535061	0.00052050734268115
39539440	0.00538841698927413
39541810	0.000825507037232946
39544840	0.00082155175901949
39546870	0.000674872086520078
39548010	0.00127371416957871
39550180	0.00216196046144304
39551040	0.0215627235198071
39551580	0.00052605913189599
39551600	0.00215340948248361
39553370	0.000768432399786676
39553530	0.000741757239693727
39555280	0.00094310596109385
39555361	0.0140631993435696
39556171	0.00492186270099902
39556871	0.000719673977291597
39557401	0.00569873237780029
39560301	0.00166625274882786
39560700	0.000541301716109854
39563870	0.00670380577153451
39566080	0.00328819702114888
39567081	0.000569933402165912
39568311	0.0010822007578165
39568950	0.0277207211673831
39569821	0.000542087295621843
39570360	0.000654675299277047
39571061	0.000723852812448982
39572171	0.00201412108155765
39572451	0.000848120891383865
39572840	0.00060557024928157
39573250	0.00120467928294117
39575081	0.00184205355606551
39575980	0.00131281210428237
39576581	0.000981080838263116
39576591	0.000726576362212721
39580810	0.000890323397848982
39582890	0.000832292568975931
39585411	0.180353254354429
39586501	0.0207542459713182
39587631	0.00207854440281259
39588420	0.00172639942796232
39588940	0.000717191747217183
39591481	0.015591562920881
39591580	0.00159049928678903
39592840	0.000855442613064738
39595870	0.00252559802917238
39598501	0.000684203831543612
39599201	0.0164112441733247
39602361	0.000816246070095244
39603020	0.00217281519399862
39603040	0.00303587531835963
39605780	0.000747503645994607
39605951	0.0205003645946057
39607870	0.000753755576072394
39608031	0.000866945896126888
39608270	0.0942132629707107
39608711	0.0410459040830887
39609411	0.00132673123612038
39609490	0.00231310769921852
39609561	0.00235469088910607
39611601	0.000900021651239811
39613401	0.00159988050415554
39613930	0.171228984911877
39614340	0.00114013905842426
39615891	0.000830785275006116
39617360	0.00086569022933799
39618210	0.00122618569856349
39619170	0.000530160312103578
39619560	0.000534578151376496
39621110	0.000671707743170978
39621541	0.00131252650371177
39621821	0.00169622933802163
39622911	0.00387970498070274
39623020	0.00115618931048052
39623990	0.00079805281947912
39624851	0.000931904937705072
39625401	0.00211412845728654
39626190	0.000713769966831847
39626490	0.0120267642076554
39626781	0.00081033997487166
39627290	0.129206947058237
39628100	0.00347940667995028
39632110	0.0056568341218759
39632841	0.000691797371746863
39633121	0.00452515697007584
39634170	0.000773635981537879
39635010	0.000924734082612391
39635030	0.056327584531881
39635351	0.00145715950040888
39637660	0.000639859894580054
39637910	0.00245769683467478
39637930	0.00112198633138972
39639430	0.00702011135434895
39641391	0.000624148289655248
39642330	0.000830907449516901
39642651	0.00129235538695471
39642771	0.000512168215532688
39643840	0.000695218135492631
39644000	0.0156466589832963
39644841	0.00185053484986851
39645230	0.000833700346655383
39645691	0.000597456975715541
39648451	0.00134845760602702
39650040	0.00177409103969445
39650180	0.00208281044808336
39652670	0.000677626921646635
39653080	0.000637096784855441
39654460	0.00054395902107772
39654480	0.000758211515027389
39656810	0.000769177459016988
39656820	0.00199842479245038
39657340	0.000655115944147232
39658720	0.00240534174061772
39659000	0.00169092638250884
39659840	0.000683492681495712
39660830	0.00122448651229733
39660841	0.000964041669244028
39661510	0.00239839819986232
39662781	0.000521020347333305
39664550	0.346107613196258
39665200	0.00053452961298339
39666771	0.00439737457920643
39667850	0.00299467194498209
39668100	0.00689674844607519
39668510	0.000522348006630726
39669230	0.000672229627179962
39669541	0.00512395086977604
39669801	0.000720083046907412
39670081	0.000778593946386227
39670460	0.000928165673571547
39671300	0.002592813906384
39674511	0.0219680977604884
39679310	0.00984780972038109
39680810	0.000602294204154939
39684130	0.00154232127716516
39684950	0.0018263655881714
39685131	0.00148873850924381
39686060	0.000718699880041299
39688930	0.00069338359000755
39689360	0.0347241061552357
39689900	0.00231059229353357
39693220	0.0095255144310889
39693630	0.000952816314014526
39694330	0.00226232546619029
39694931	0.00100160251558907
39695000	0.000706972310802499
39695820	0.000783065093911838
39697100	0.00168052464245243
39697251	0.0091248873244593
39697370	0.00375147039264077
39699270	0.000860835379959047
39700390	0.000812640876353927
39701350	0.000699009419079064
39701551	0.00730930548208866
39702221	0.000915738988927074
39705480	0.000800761896939531
39707010	0.00251373436275838
39707201	0.00307426272680771
39707960	0.00526411397810461
39710231	0.00206291746390162
39710351	0.00911753819497025
39711061	0.00088636324002598
39711471	0.0011798752604448
39711970	0.00181029899558291
39711980	0.000555551424423853
39712141	0.000629136290498163
39712400	0.000688657388658046
39714050	0.000639727648468072
39715311	0.00146337760412845
39717661	0.00667637993628547
39719051	0.00110119161813767
39719420	0.000760266522801681
39720120	0.0169959704707504
39720141	0.00255514836832731
39722160	0.00241011632060098
39722211	0.000592697904976703
39727451	0.00274057611465565
39727980	0.00200595791777655
39728400	0.00190749862804934
39732820	0.000614890272794364
39735171	0.0256642476284593
39738200	0.000762293128563991
39739710	0.00173640222578558
39741210	0.000525089104353564
39742200	0.000897357191329401
39746450	0.00355921259313592
39748281	0.0320128467780275
39748841	0.00106242094386755
39749090	0.00104369882771009
39750740	0.000726273700654588
39750921	0.00484382972295535
39751171	0.000683472548414316
39752640	0.000813017776617521
39752940	0.00171962273650471
39754351	0.00365526958548266
39754610	0.0387801403723828
39758351	0.000989744339640629
39759861	0.0133227938837196
39761531	0.00227492913787624
39767850	0.00104398436551088
39767871	0.000790904644713199
39768021	0.000834125096111116
39768800	0.0303005072521357
39768981	0.000543187963792042
39768991	0.0186848002235738
39770600	0.00134090984134833
39771130	0.000530417760305778
39773200	0.00719246546892777
39775000	0.000751567362003276
39776831	0.0040915540824979
39778091	0.0633252201506618
39778430	0.000626140643747028
39778730	0.00173914774039355
39779430	0.00127046287652076
39779471	0.000797711236121489
39781121	0.00309285882608852
39781190	0.00225392524740182
39786201	0.000572205361566472
39786300	0.00182458714893846
39789220	0.00898394956228849
39791721	0.000748793066767133
39794710	0.00630274042515722
39795830	0.00128085065185973
39799601	0.00184898777772948
39801500	0.0330348135447319
39801770	0.00170449577063999
39802771	0.00551129591144
39805941	0.000831593346343789
39806460	0.000860418691602638
39806980	0.000872446573935838
39807420	0.000610122872530416
39808260	0.000645836521987138
39808670	0.00440881815877283
39811991	0.000765045291682095
39812780	0.00130551767985414
39813220	0.0253597757912162
39815960	0.00141049576769659
39816770	0.000733992353715742
39816910	0.000989114577147334
39817050	0.000783094762198882
39818221	0.000675164334457342
39818310	0.000688221342232585
39818631	0.00076994613363072
39819280	0.0130121584234171
39821460	0.00086165726197301
39821470	0.00312043284362462
39823120	0.00188387887266482
39823270	0.00230493245054142
39823861	0.00147762033425308
39824551	0.00181594248036988
39824841	0.00689706220387013
39824981	0.00529128971836131
39825500	0.00347239381881275
39826061	0.00581833061691112
39829470	0.000622156833929017
39831441	0.000841753479420563
39831601	0.00156867634695095
39832230	0.00723006933378985
39834460	0.00815768658205285
39835031	0.00098663181459435
39835741	0.00203500392611036
39836090	0.00399534895105345
39836120	0.000592843807649796
39836770	0.025794799364362
39837531	0.00159253349138363
39837811	0.000876949806156141
39838351	0.0161920164203246
39838590	0.00218318899206259
39839840	0.000719975103277033
39841391	0.0320707563186118
39843851	0.0227553877751439
39844401	0.000809884225612646
39846771	0.00110623346626085
39847420	0.000624985476715701
39848350	0.00156632821245856
39849040	0.000862720376218065
39850980	0.00285077929282532
39852810	0.00242412725919255
39853511	0.00770570683689984
39853651	0.000897294917761489
39857340	0.629286064209469
39858420	0.000786968574455531
39858751	0.0214656288294354
39859021	0.00208944051099831
39859721	0.000678828638335029
39861781	0.00167147605991079
39863960	0.00103373315533311
39865091	0.00218423399992027
39866201	0.00319027124702738
39866580	0.00345668731804733
39867140	0.00256167395232308
39867670	0.00538179776102348
39868250	0.000752052543800746
39868951	0.00250195551634652
39870020	0.0144021168135677
39870830	0.0313467108051498
39875000	0.00981559502200579
39875150	0.000955908609948535
39875181	0.000719288630634523
39875851	0.00106687756697021
39875871	0.00562948467373393
39878840	0.00100983239924341
39880681	0.000986955238333577
39880951	0.000908034630023283
39881350	0.00070258756447233
39881371	0.0138829682448865
39883250	0.00284186980960738
39885080	0.000894385323335205
39885890	0.000793949536182232
39886081	0.000576459957085776
39887940	0.0279389736524279
39888961	0.00317729916452682
39889750	0.000947378711248356
39891280	0.000870762256090983
39892551	0.00154124160921276
39894040	0.00284891388421946
39896831	0.00124512306803339
39897630	0.000713097919979764
39898351	0.0154946206413234
39899670	0.000518489398319299
39899841	0.000890635351478367
39899871	0.000752838209246864
39901760	0.00161976955172477
39904141	0.000865723985704557
39904250	0.00727939496585629
39904390	0.0284629295121722
39905921	0.000878373020347186
39906020	0.00086546379261013
39906440	0.000775473220717293
39906730	0.00347815952049845
39907000	0.000542879970092723
39907560	0.00184793027377869
39911130	0.0198759660634606
39911291	0.000568237399890806
39911571	0.000526037149354438
39912271	0.034762495273788
39912951	0.000628511745618303
39913641	0.00659317764119992
39915410	0.000659024904142316
39916131	0.00082302944942465
39920660	0.00420218416925861
39921641	0.000788122518008742
39921740	0.000825158223217039
39922751	0.000628219960817964
39922860	0.00477366561932863
39923250	0.000783414942761709
39924961	0.00068237483363947
39925070	0.00398562720403054
39925371	0.00513565537222162
39927000	0.00160996140524844
39927830	0.000843274051893453
39931861	0.000526522890508385
39933631	0.00177173136944811
39934061	0.000802335969896741
39934310	0.00393166000393323
39935690	0.677703377783162
39936141	0.000536403142157206
39936681	0.000575455874673641
39936910	0.000619716306311918
39937750	0.0014610797373268
39940131	0.00160007010212221
39940630	0.000606279921877935
39942860	0.00167455639777858
39943820	0.000840478021239491
39944370	0.0140058461803964
39946020	0.499686936873523
39946840	0.337513650911466
39948510	0.00430689496601307
39949590	0.000779205655123738
39951530	0.00195917895411418
39951571	0.00124419719185102
39953310	0.000649185419158703
39955021	0.00190911464689525
39955680	0.00876608517612815
39955950	0.000608458621061403
39957771	0.000770293697124836
39960111	0.00220561921961925
39960790	0.00197308109797097
39961740	0.0149205852364392
39965610	0.000758973325145179
39966170	0.0226418709366366
39966321	0.00159676454998609
39968001	0.000771503067052001
39969371	0.00238115854188441
39971270	0.00297128512529764
39971670	0.0261421389022052
39972370	0.00511564574315122
39972531	0.00265531859054869
39972930	0.0232839216785347
39975380	0.000735474605817184
39976240	0.000571235920318432
39978020	0.000615799344309324
39978181	0.000904650052267221
39978611	0.00278287734415706
39980340	0.00162475231404643
39981641	0.0010410227628478
39981720	0.00113866366094411
39982300	0.000981520697182048
39985730	0.000855859229842567
39987431	0.00103236626038009
39988620	0.000847439190613092
39990140	0.00062593971268444
39992490	0.000526278568357092
39994000	0.002942616168346
39994440	0.00619444147513862
39994871	0.00717292400769111
39996821	0.0016606678874356
39997030	0.000638085127175691
39997720	0.00134559953634427
40001091	0.000700396205186112
40001850	0.000766819011989245
40002061	0.00235363826003023
40003431	0.000708484271726016
40006201	0.00721755218209791
40006700	0.0479682223339495
40006840	0.000651869851047763
40009221	0.000702369831259454
40009600	0.0007441531309249
40010130	0.00390364731246341
40011920	0.000638021044154964
40012470	0.00316956455001299
40014140	0.000516555958300577
40018471	0.00135249669924191
40021580	0.00138642151738669
40021641	0.00253504207858677
40023021	0.000706584633026098
40023380	0.000749094845846891
40023800	0.000984356463570203
40024200	0.00408673331365626
40025901	0.000616101314812937
40033761	0.000538244042910433
40034010	0.000915601239925234
40034270	0.0395368459002719
40034440	0.000724703548416466
40035021	0.000538416774620385
40036510	0.00559184545554591
40038601	0.222649789325743
40039110	0.653500097658742
40041050	0.00867028899615714
40042130	0.000887671628148941
40042300	0.00359180008400523
40042550	0.00726565962875364
40044900	0.000561251923136047
40045371	0.000547330386704057
40045720	0.000988403355555198
40049341	0.185224102738227
40050960	0.00253398808250491
40053020	0.0028491317584604
40054540	0.01565680142174
40061160	0.00927834935153209
40061170	0.00242076511695528
40062010	0.00212040537721815
40062191	0.00103759691279734
40063660	0.0449027099626715
40067800	0.000749483315976922
40069030	0.000705407016653129
40071141	0.00123214542233778
40071230	0.00145858672808568
40071961	0.000605319677244611
40073231	0.000671534411635406
40073730	0.000595975867917606
40073771	0.00078026172792609
40075400	0.000985986416332583
40079571	0.00110905182325388
40081980	0.00398861750012484
40083981	0.000609079702227608
40085491	0.0009260974773057
40086591	0.0017967810301192
40086710	0.00357419720020802
40088620	0.000704128368972934
40089610	0.00258858842905545
40091250	0.000774447205553585
40091681	0.144638343139076
40097980	0.00100060259098843
40098420	0.00292585027295294
40098991	0.000522308346949108
40099120	0.000518344724031325
40100801	0.00075958492042144
40102250	0.00066107401400189
40102321	0.00100520866724791
40108231	0.00492883021395271
40109590	0.00704261455224786
40110851	0.00211850987649278
40111630	0.0571840803388845
40112180	0.000574059273822696
40113560	0.000885557876353967
40113891	0.00120637570850592
40115920	0.0108420607109688
40116640	0.0158228413150767
40116921	0.0275218695667351
40117061	0.000624218389199037
40117840	0.000714902107077442
40119650	0.000798967333957379
40120101	0.00517712248826695
40121761	0.00212643887539566
40123131	0.00181172790936545
40123260	0.00233145503313233
40124521	0.00100924514365035
40127530	0.0011015599354136
40128470	0.000866593645376508
40129611	0.000803193275988694
40129621	0.000731751812273287
40129880	0.00786589335042153
40130800	0.000953716580737558
40130980	0.000522674822760844
40131151	0.00532860986845287
40133071	0.000740706339082378
40138041	0.000605526043616294
40138290	0.00116794598014455
40139220	0.000970619946362478
40139411	0.000702426792186493
40139520	0.000630499462883888
40141570	0.00177411980774883
40141850	0.022486827418201
40142430	0.000839901627565645
40145160	0.00189708883452618
40146830	0.012360404198677
40147230	0.000783834466030867
40147670	0.0885352928736775
40148360	0.000552353615959075
40149460	0.0050394287608867
40149481	0.000913442194455676
40150871	0.000844192074364332
40151920	0.00796536497477007
40155691	0.00182752119151593
40156391	0.00175326519988492
40157030	0.00258834531237596
40158301	0.0005441212797748
40158311	0.00275112425879642
40158660	0.0010788430357183
40158950	0.000635537587240571
40160040	0.000742287349037038
40160661	0.00100695359888166
40161590	0.000678803985941002
40161621	0.0808223693500766
40163421	0.245071932881693
40163541	0.00760595161265186
40167630	0.00165889617267634
40169010	0.0108422707525332
40169631	0.000838815116613647
40173560	0.000977694733968826
40175110	0.000675760511653377
40176870	0.00476344014614943
40183551	0.002195647903798
40186571	0.00089085564649293
40187110	0.0180396391688983
40187510	0.0123131594072569
40188060	0.000694562394317233
40189280	0.00363555006399694
40189450	0.000531535372491439
40190711	0.0357534351826482
40192050	0.00055045788156004
40192610	0.000938146565379033
40192860	0.000542499335040282
40194410	0.00679839170255519
40195541	0.000559801130291255
40198571	0.000785758613190923
40199770	0.00339559713038043
40201730	0.00892309774477292
40204750	0.000836472568990758
40206280	0.00196547277316943
40206690	0.000946818859644549
40206721	0.00118094287674146
40207080	0.00375436805825697
40207691	0.0852664465265734
40208381	0.0118881521946171
40208470	0.000659050191189093
40208740	0.0205438615058044
40212870	0.000588746645240685
40213160	0.00166809591248339
40213300	0.00132459907039275
40213860	0.00646473859727882
40214161	0.000794255444169691
40218660	0.00270468830319566
40219681	0.141532979282875
40220091	0.000951645309617358
40220361	0.0219548172555358
40221450	0.000647130279236244
40222571	0.00281171106170155
40223671	0.000681728305993134
40225461	0.000701896476352319
40226991	0.00357800024126484
40227080	0.00100048261398291
40227271	0.00126688861491489
40229020	0.000629679754696729
40230100	0.00105571519112253
40231380	0.00135114456711457
40231510	0.00105553861031635
40231900	0.000583461105922791
40232760	0.000603121827028517
40233191	0.00733732808617803
40233290	0.0041520640755612
40233871	0.000697729428429399
40234311	0.00104069158652762
40237970	0.00052206798865897
40238380	0.000608714950723198
40238970	0.000609908977938027
40239360	0.0385388739906001
40240340	0.0018374917737914
40241990	0.00200269072099802
40242960	0.00466377338449282
40250130	0.000516692580559431
40250311	0.0542971753925845
40251100	0.000969320562533003
40257010	0.000578398260649291
40257170	0.00274745742894957
40257461	0.0014562555728525
40261850	0.000731720786382718
40263121	0.000756666739134455
40264511	0.0139032280046299
40264880	0.000610686503586745
40265680	0.00115594073403941
40266301	0.00269360254686925
40266390	0.0565825127863907
40266800	0.00184350793366404
40268440	0.000656236174835831
40268631	0.00100074239856838
40269481	0.000609863369245567
40271401	0.00120875430731143
40272901	0.000557782802153305
40273820	0.000532875889085055
40273830	0.000638823829681954
40273860	0.00175244583326669
40276091	0.0041648822946021
40276631	0.000518301617281234
40277010	0.00326678094547209
40277751	0.0015914129805482
40278410	0.0133663109970459
40279661	0.0381131948460218
40280241	0.000839136444895835
40282031	0.000542323872498488
40282660	0.01957794165489
40283480	0.00153506894869008
40285191	0.00236150622755223
40289280	0.00250119857324053
40292590	0.00105736931045201
40294950	0.00223115222930705
40295811	0.00109787780021463
40295920	0.00140849675597592
40299381	0.000713156625180081
40306581	0.00061618506287432
40306691	0.000555572411363824
40307330	0.000928553953579757
40310291	0.000728375046597005
40318301	0.00141034727605142
40319821	0.00485128399327229
40319931	0.0260080254707597
40320221	0.00300446402145745
40320740	0.000905042050422314
40321191	0.000517935856520664
40322660	0.00770441085981492
40326370	0.0039593422345836
40327521	0.000507725325756893
40334841	0.000693475422430162
40335490	0.000540875425615092
40335620	0.0014239998133194
40336730	0.00316160545227511
40337160	0.00178220823233559
40337311	0.000815373295317195
40337321	0.000670924322353007
40338250	0.000508856531273399
40338510	0.000514586897843837
40338971	0.678525497154959
40339470	0.00270025494754836
40339880	0.00377469001004261
40341410	0.00111435729246628
40341550	0.000546962175119002
40342161	0.0026607375034718
40343050	0.000837582500314259
40343210	0.00100479264191448
40346841	0.0131258757837844
40348330	0.000603686174621305
40349670	0.0169638804965399
40351740	0.000958419843989533
40353670	0.00642015536745026
40355251	0.000651489719845501
40362230	0.00778022572328809
40364880	0.00204916352357413
40365731	0.00261611967537683
40365950	0.000520602698768509
40366920	0.0038505986284411
40367541	0.000532511953123548
40367811	0.00479934819092924
40370360	0.000946947572759203
40371080	0.00919353219732189
40377390	0.00123438884062029
40377451	0.0408275132623813
40377700	0.000991151631845715
40377960	0.000679925444155114
40378701	0.0152470369401307
40381010	0.000647624135733486
40383101	0.000836510356802842
40383630	0.000600253401261605
40384720	0.00069144308440672
40385881	0.000807990071578931
40389461	0.0461826229075284
40390120	0.000698966451744018
40390920	0.00350445552460747
40391780	0.00234257543916073
40395330	0.00519248908146944
40395661	0.00985175564861267
40395770	0.00104308046393542
40399500	0.00631751680995832
40405420	0.347829987198673
40405840	0.00847267479556767
40407610	0.00063184334687731
40410650	0.0112278304562203
40412061	0.422133222753542
40412751	0.00407648790812838
40414770	0.00901000406368755
40416720	0.0158812035143944
40418551	0.000559876355621634
40420860	0.000644254849619108
40423600	0.00129160284726516
40423661	0.000663751287568652
40424600	0.00202685409578963
40426240	0.00322936486461416
40427521	0.00239361984560829
40427630	0.000798815172101839
40427931	0.00220715736362669
40431760	0.0354217808328334
40431931	0.00772420174860492
40433840	0.000709584325014563
40433861	0.000652579122090606
40435740	0.000554392558187736
40435931	0.000841694277821464
40437181	0.00234699462203631
40441290	0.00480913994871056
40441390	0.0447260168574922
40448201	0.000544611340929835
40448430	0.0037832301027175
40449171	0.00273077338403552
40449680	0.00068501627573863
40451220	0.000610562375094218
40452290	0.000573966906949665
40455330	0.00325744393492538
40456440	0.000816484475769719
40457400	0.000705568934235244
40457560	0.00257920782259026
40457731	0.000542966833915671
40457991	0.00118190792600869
40459791	0.000719861850268724
40460020	0.00094006541758133
40462360	0.00125267275506946
40463450	0.000651569893595971
40464430	0.00197880721246053
40464751	0.000734800881074025
40465130	0.00126666713161704
40465810	0.00260428233653986
40466800	0.00329107243794341
40469721	0.000827837226356218
40470011	0.00100161794629526
40470230	0.00100469207594105
40471651	0.107096565296631
40473161	0.000652857688455937
40474551	0.000553649649621462
40475381	0.000617816320794738
40477591	0.000865505616613272
40477981	0.00769345732815533
40478910	0.00531751936624564
40479911	0.00158274030597164
40480351	0.596825343231128
40482001	0.00115568660854838
40485960	0.00068631125472442
40486640	0.000772432039993363
40486650	0.00102521713038001
40487350	0.00336907018238454
40490760	0.00872926182915762
40495661	0.0212808215858781
40498831	0.000718316851193965
40499730	0.00502839494574641
40500341	0.000751800211446124
40500850	0.000611935519869764
40502971	0.000592856079132162
40503781	0.00824385590431282
40505380	0.00143459071081208
40506681	0.000587867002823465
40511781	0.00110340468286676
40512191	0.00208292938015514
40512960	0.0704125199149613
40516280	0.000820038927206689
40518800	0.000607331297593472
40518961	0.00276369020772159
40519070	0.000828385569276371
40521390	0.00414786146626205
40523101	0.000766544240456875
40523860	0.000668035237072877
40524881	0.00423254388712471
40525130	0.000686260255748435
40525431	0.00253530733212507
40527730	0.00269407306943382
40528300	0.00128244890148916
40528440	0.0240637626469575
40529431	0.000635836019640143
40529841	0.00587931976174743
40533940	0.00621564628009338
40537171	0.000574683020543028
40538080	0.000694377659351164
40538391	0.00164949365316097
40539880	0.00121272529650969
40540611	0.00207134382596313
40541540	0.00293347841229445
40541680	0.000684546155332225
40543791	0.000701941653393098
40544980	0.00369753450218581
40547180	0.00148708252513542
40547900	0.000633682319323257
40548181	0.0039715848046452
40550961	0.000681966942283255
40551340	0.0471652852239046
40552290	0.000993848241195295
40556840	0.0226208561965535
40557031	0.0906963220169403
40559190	0.000536436008809038
40559310	0.00320526711679868
40559491	0.000926956646850533
40559590	0.00721685338010257
40561510	0.001287175996051
40562261	0.000586746756937195
40562650	0.00216547306997444
40562681	0.000825277029991165
40565960	0.000619725452408373
40567300	0.0242702821974907
40569861	0.000593174195156403
40570380	0.00250494622260672
40573400	0.0382278853039588
40574230	0.00139154755925338
40574240	0.00160113481616629
40574821	0.00159374504455238
40577441	0.00122220334562806
40578661	0.000793447996043163
40580871	0.00219817349687835
40581851	0.000851436209283715
40584061	0.00243039252955168
40585390	0.0426012787898047
40588160	0.000574522361520688
40588690	0.00939060519615152
40588751	0.000756538450765497
40592201	0.000648753692216452
40594210	0.000650697460907585
40594401	0.00308162159902717
40597260	0.000691599761884678
40598510	0.000711032562733809
40599330	0.000520252198979855
40600611	0.00279104954889054
40607211	0.000614977096225226
40607570	0.0702878726262128
40608741	0.000861703859409695
40612181	0.035407780148995
40613510	0.00296173063781475
40616051	0.00335460827303995
40618620	0.00289790274140162
40619060	0.00134801882312883
40619870	0.000586798796849199
40621151	0.00145450321000589
40621950	0.000524028140393309
40622101	0.000836416199926052
40624150	0.00119794970565707
40624321	0.00229087730445061
40624881	0.000720812088979165
40625691	0.00056336924921098
40630200	0.000677079256777905
40633100	0.101091877246472
40634060	0.000513156400800821
40635980	0.000618106149812784
40638500	0.000673530627788024
40641021	0.000631714286991233
40642370	0.000528794364538194
40644721	0.000687680129717967
40644980	0.00136653886951751
40647450	0.00239842415957445
40652670	0.000619630024324031
40653360	0.370100250363593
40656950	0.00280572627484899
40657780	0.00653781104490284
40659980	0.000641701455941662
40664810	0.0015453040134831
40666780	0.00168240172272149
40668270	0.000531827773882231
40668970	0.000780198622404973
40669940	0.000773654798781475
40670880	0.0180181577158734
40672840	0.00129341271879689
40672991	0.00316739573171998
40673100	0.00154635657296961
40674340	0.00511208330264978
40677971	0.00336574177197565
40679771	0.00138935662508328
40680280	0.00220339268961503
40681821	0.00057197430732353
40683180	0.0407351062733382
40685780	0.0100862355297993
40687860	0.00271267926862513
40688670	0.003290412559062
40689131	0.0377507998388551
40689701	0.00139857995323279
40694931	0.160126649304917
40695450	0.00144384820374272
40697701	0.00348503998859404
40697930	0.000553270106347323
40700270	0.0436822307695559
40700700	0.0011450831000137
40701950	0.000809841156484412
40703580	0.00884418475652892
40709401	0.00235323380806541
40709701	0.00115658904768261
40710460	0.00401306677999995
40710770	0.017939517655026
40710931	0.000620231246747175
40711331	0.000629226736674622
40712041	0.0022642482910459
40712250	0.000594918823411491
40712321	0.27198079761428
40713681	0.000748042662538289
40713701	0.00102178973338819
40715320	0.0016175189839632
40716031	0.000849168720162188
40717831	0.0108053502050023
40719150	0.00150249859788074
40719481	0.000964372240625
40719850	0.000742459116715568
40719970	0.00120674865387881
40721500	0.00109740751294487
40722050	0.00134401576975425
40722480	0.0090143548764947
40723621	0.00118186474402288
40724690	0.000540725295499905
40727170	0.000692617694742984
40727491	0.000853502745781868
40729131	0.000645080360285179
40729510	0.000765111379775502
40730040	0.000569379487670637
40731170	0.000556729515959271
40732010	0.000879234915105773
40732581	0.00459087732582802
40733691	0.00062920421984125
40733770	0.000786792226215158
40736591	0.000656832938577209
40736851	0.000790218431927948
40746040	0.0888694161903757
40750091	0.0103014430597113
40753541	0.000640552073312959
40754101	0.00765635443764383
40756110	0.287438161599392
40759020	0.000721275220353459
40760820	0.00231074959202077
40761281	0.00496060275394451
40762620	0.0022594719497902
40763720	0.000672598582656033
40767020	0.0283982911464362
40767901	0.000643634320798921
40772041	0.00217892099779493
40773691	0.000691355142731238
40774101	0.000705743535963623
40774900	0.00176398793520921
40775631	0.0778752738965403
40778590	0.00068603702743593
40778781	0.0977236408899051
40778900	0.0931756103366882
40778941	0.00343112448231029
40779140	0.00182032673759501
40779201	0.00478938736868576
40781070	0.00190977721246861
40782330	0.000857245888185303
40784851	0.000748400290425524
40785401	0.00323387267406703
40786320	0.000528254419887355
40786730	0.000785971570721672
40786791	0.0344419829194492
40788581	0.000557575864900124
40788711	0.000820376767320846
40790371	0.00230913893457956
40790450	0.000602704000344257
40792181	0.00148089915129166
40796680	0.0007330797934012
40797001	0.00222027746909368
40797271	0.000590361251492186
40799150	0.000784001568951844
40802860	0.000801920709533484
40803180	0.00235798544996174
40803280	0.00190074898800036
40807140	0.000682804595242425
40807310	0.00510946660886332
40807450	0.000640866577280284
40807621	0.00294091707894106
40810511	0.000588509750496372
40812550	0.000660264096549581
40813141	0.000716544931467812
40813401	0.00262961374324953
40817900	0.00218206889408003
40820410	0.0035439171784912
40821930	0.00536272049410113
40823140	0.000746054582871392
40823150	0.000893971192610309
40823331	0.00068598036379236
40823580	0.00111296889205482
40823730	0.002270717444633
40827130	0.00380381731477176
40830720	0.000931292144358041
40831020	0.043603884648049
40831601	0.000820499677071949
40832021	0.000605718742197081
40834791	0.0012534592632146
40835550	0.00064687742563819
40837251	0.00538620457096929
40838101	0.000965381978659595
40839840	0.00217024777286635
40841360	0.00147108886437596
40843840	0.00105491187778015
40845681	0.00130718086577706
40848171	0.00314965517926976
40848701	0.00733390374528926
40849220	0.0428171923385766
40851331	0.00149675378842476
40851440	0.000972717540290857
40852940	0.000551150958195806
40854750	0.00683288303712169
40856920	0.00174088775910524
40857910	0.0981099569657018
40858750	0.00132496129427549
40859830	0.000793451227921089
40860171	0.00176242621172784
40860421	0.00119519705807943
40861121	0.0045737161479576
40862170	0.000605298423380086
40862330	0.00965523539346419
40864510	0.00352130882104485
40864851	0.0208162596666071
40864960	0.00249532387898154
40868390	0.0154017789865982
40868940	0.000677995850718119
40876960	0.010376733006111
40877770	0.000521598550018003
40881090	0.0101725173555903
40881541	0.00133790963230038
40882361	0.00340545647840288
40882990	0.000606124921078949
40883201	0.000521458778639392
40883580	0.00105124195027765
40883891	0.000676117831202315
40884561	0.00133234040733373
40884820	0.000611541858435527
40885131	0.000868451019673181
40889241	0.0022460777193203
40889350	0.00231425793969864
40889630	0.000756807597335874
40892291	0.00142265507937903
40893510	0.000774620451572213
40899030	0.000731580133016865
40899861	0.0251594893420965
40900260	0.000850667050194148
40901661	0.000662356130066719
40903130	0.0725473392794479
40903430	0.00348446648758571
40903580	0.000668861959535611
40905360	0.00123267820751426
40910730	0.00272848583627418
40914020	0.00201354148040056
40915300	0.00625371251754925
40915881	0.02569154697418
40916161	0.000933826699158686
40917610	0.0226644061853255
40917671	0.00179860443491042
40918200	0.00081186492881805
40918300	0.00107494219697004
40918730	0.00309854092239851
40921340	0.000673726999605435
40921531	0.00147978554311702
40921620	0.000742917157464078
40921791	0.00928825767565857
40924971	0.00078163625798724
40924981	0.00338771849952449
40929620	0.00352899000567745
40929951	0.0101897762702426
40930860	0.00212190695221336
40931581	0.000948325301422927
40933610	0.000564413102570388
40935670	0.156951157754751
40935810	0.000527759644919185
40936841	0.000811810475986857
40936910	0.000654556568820276
40936971	0.00053613320862453
40937770	0.000716807807281281
40938030	0.000723601256115794
40938170	0.000790266522289625
40938341	0.000759822988066633
40938730	0.000801793804523844
40939680	0.00157521489241614
40940120	0.0517821087905381
40940301	0.0696097683691329
40945801	0.00125433141566766
40946071	0.00167296411548546
40946201	0.000666890085211317
40949210	0.00275919072407208
40950091	0.000875584293151753
40950320	0.00144210897605616
40951181	0.00133995975026734
40951670	0.00536732025076385
40954730	0.000519867821366226
40956640	0.0182616537663416
40956650	0.000852766128655335
40956790	0.00155936363350403
40957190	0.000775940057035445
40958150	0.000535925034746121
40958211	0.000685664072691165
40958310	0.000521331179587065
40958570	0.000692540266820825
40958710	0.000618029440216954
40960271	0.000546982757700219
40961760	0.000733610460049573
40965460	0.00401256497621258
40967140	0.00116357499032815
40972151	0.00110156623729347
40973511	0.00055290973666523
40975191	0.000806058425525791
40975550	0.0010056441698413
40976670	0.00134636757335385
40976681	0.000749515892435066
40977070	0.000719112164034239
40977200	0.000517331506238257
40980390	0.0023965636826716
40980790	0.00100106714494851
40980971	0.00238903570374959
40981780	0.0081026911757385
40982700	0.00195766103999254
40984380	0.000517258428252832
40987161	0.000836027230101152
40987741	0.00121988912766071
40987851	0.01989494992271
40988131	0.000621987860006971
40989880	0.00270614161905754
40990020	0.000691623218066505
40991191	0.0010229459609586
40991530	0.000539523268018208
40991581	0.00125450359492049
40991960	0.000622300467050148
40992240	0.0428977782597368
40993350	0.000760925318975599
40994491	0.000534033034345629
40994590	0.00330891396407756
40994710	0.000672750220837417
40994720	0.00325385874059998
40994891	0.0662557611048452
40995540	0.000626287702545895
40998840	0.0035608789910524
41001750	0.00068749916468347
41002040	0.00108358058095583
41003550	0.000542707005170309
41008100	0.0305012333618584
41008650	0.000525025841355122
41009320	0.000790658369323766
41009340	0.0028449032263205
41009740	0.000651716952237532
41010710	0.0141513414113002
41011120	0.00329935287446034
41011980	0.00145345685589459
41012100	0.000619803445740261
41013200	0.000554193356931114
41013320	0.000606951084218065
41013641	0.000790572830004401
41013791	0.000650460081755219
41014430	0.00135983672545321
41014460	0.00582238673191214
41015830	0.00367093745163319
41016920	0.00218827437618501
41016971	0.00153587935273397
41017500	0.00319750806609209
41018040	0.000682556638492978
41018980	0.000708429564828736
41019690	0.000663989698461399
41021330	0.000605468605329754
41022471	0.00122790130829275
41023700	0.000683905298961303
41024640	0.0154851587743085
41026050	0.00743625749640973
41027690	0.000544131519096222
41028350	0.00950616952571125
41028930	0.00108909997845378
41029870	0.000669016651951075
41030040	0.000657411076034635
41030631	0.000630077681671961
41030840	0.00234545520150196
41031400	0.000610011347773112
41032011	0.000638749314141199
41032350	0.00134185619081604
41032401	0.000734097811566018
41032510	0.000737441128269259
41038150	0.00240854770678023
41041101	0.000797181500597926
41041791	0.00291734163107292
41043800	0.0636471084977035
41045900	0.000996460074221232
41047150	0.000716370590690756
41049231	0.0144676330873951
41049371	0.00065503795941279
41050140	0.000555286343388586
41050600	0.00136267809967721
41051270	0.00095135079686048
41051970	0.00616189683449052
41051991	0.00119697209953953
41053241	0.000651541830861449
41053381	0.000880159231207999
41053931	0.00143344328219975
41057180	0.000652128360367452
41060281	0.000543577089189716
41060401	0.000516025043227322
41062051	0.000558206400005451
41063930	0.00194842954072146
41064910	0.122933762747424
41064940	0.00196644464845257
41066051	0.000554079385904935
41066160	0.00070825025603087
41066440	0.000782967783804776
41066450	0.00132680120700932
41066870	0.00123643578620107
41067530	0.000803451709774056
41067960	0.00115365989839881
41070420	0.00515398778923906
41071581	0.00217426985750163
41072240	0.000518619545395041
41075591	0.0554924174495628
41076230	0.0477516102079548
41078331	0.00221739187484438
41078710	0.000856506949146903
41080630	0.00108015105893817
41080691	0.0118629795833005
41081350	0.000786922555575791
41081460	0.00430972243042178
41082191	0.0061099885314639
41082840	0.00231617666850688
41083830	0.000624645870959395
41084671	0.00264356694805063
41085231	0.00218451817146256
41085590	0.000809827821982312
41087270	0.246915443593683
41087820	0.00255556656189452
41087950	0.000648658807083982
41093661	0.0431183389497475
41093750	0.0133270614128879
41093931	0.00114478803667765
41095731	0.00127006376094016
41095930	0.000550673827496691
41096070	0.000790233920149316
41096110	0.00106960630367823
41096831	0.000781086239625659
41097190	0.00171755889739751
41097480	0.00183669487205582
41099550	0.00214752505339079
41102430	0.00101167222761462
41102590	0.00279686821140593
41103250	0.000539646780006238
41103431	0.00434170121888824
41106010	0.000719576006614817
41106901	0.00069654754855843
41107400	0.00159419167029785
41107861	0.00112183138631598
41108360	0.000675680782118864
41108480	0.00073137886411268
41110611	0.0043666201162185
41111280	0.000991476133074583
41111930	0.00817275401335691
41112821	0.000622012088813428
41113781	0.0005642765757924
41114181	0.0171400295660953
41116821	0.000782669133682255
41118450	0.00280146656502536
41119161	0.000645770088097527
41122191	0.0020846283447649
41122201	0.00274235510037693
41123441	0.00181834862142144
41123930	0.00678313936281624
41124210	0.0144755419271805
41124660	0.000892941232995116
41125590	0.00112512639493853
41125890	0.000535465038574707
41127380	0.00288365742282758
41129351	0.00158089951093341
41130850	0.00210962830182581
41131390	0.0154581683424146
41132920	0.000574010451393756
41133781	0.00268197259510933
41134160	0.000638677636239092
41135650	0.00244305760873374
41135660	0.000652447397026287
41138420	0.000790484258358885
41139370	0.000914078894505262
41140640	0.00107396926447958
41140961	0.00245957003232536
41141170	0.000581966081695589
41141620	0.00182977899598203
41143110	0.0060628374190803
41144930	0.000629436488143726
41146960	0.00268398762115571
41147120	0.000633209672439854
41148531	0.00102666945556924
41151281	0.234277291473012
41151410	0.0378263024343127
41151971	0.00319122784603109
41152811	0.000517774874569961
41153050	0.00151154655548389
41155920	0.00171265674216615
41156340	0.000824692965460017
41156510	0.00569041572546045
41156760	0.000633407807434507
41158550	0.00101285287979551
41158570	0.000514586897843837
41158741	0.0240116731511082
41159250	0.0010834442556245
41159281	0.000913037557412531
41162341	0.00140877522543593
41163141	0.000710819770107558
41163981	0.00204011567163531
41164090	0.051293086829712
41164220	0.0015953677500627
41164801	0.00117410091311849
41165071	0.021282653327261
41166020	0.000888087211958922
41166591	0.00388896143111247
41167031	0.00110401396819553
41168951	0.00514044259196946
41171380	0.000777411607774183
41172900	0.0315565843164698
41173310	0.00318726448427431
41175421	0.00156570936550701
41178430	0.00350235405263931
41178550	0.00102326728402487
41178601	0.000764960221240189
41179291	0.00155320797693413
41180200	0.000762714991243738
41181361	0.000611956181887429
41185491	0.0340945669143409
41186030	0.179585495653066
41186410	0.000604279323503291
41186611	0.00752057256101195
41187270	0.0100465405285486
41187291	0.000649807973573146
41187930	0.00114072337050508
41192750	0.000660806044641971
41193320	0.39774483372317
41194030	0.000652180267608154
41195680	0.0157359802959562
41198041	0.00123276970274705
41198440	0.0141565267836968
41199540	0.000743688463137919
41201020	0.000726405925207468
41204101	0.00099770322783401
41204500	0.00246966407113004
41207250	0.00524295830091034
41207370	0.000696819396277557
41208811	0.0164628694232846
41208821	0.00062553982569872
41208931	0.029960981906681
41210461	0.00255100490678629
41210680	0.00299023606565648
41211141	0.000533792735167419
41211270	0.000931477741127381
41212070	0.000745908207762511
41212671	0.00139591274470858
41216381	0.000856375172547108
41218410	0.000641321832622192
41222010	0.00256391150749357
41224080	0.00154438301531726
41224521	0.00169068667098463
41225450	0.00749380696797328
41225730	0.000863303767783193
41225750	0.000791310230805537
41226280	0.00213049846919312
41230611	0.00213892363412965
41230721	0.0181735443714687
41232630	0.000606557073072494
41233501	0.00159662032312917
41234461	0.0176269311498783
41236750	0.00229089959004189
41236900	0.000704757063474213
41237621	0.00351685853812497
41238581	0.0011208292025354
41239120	0.000519013575260393
41240661	0.00050616699497775
41241481	0.00191759501709731
41242181	0.00141565538886693
41242430	0.000733649534597198
41243640	0.0816609612601962
41246721	0.0012140057574124
41247800	0.000699152598173222
41247831	0.000781637704361939
41248381	0.000756587871961766
41253150	0.0064542805935101
41254010	0.000680999635128836
41256121	0.040152911042411
41258140	0.00616750404901716
41258331	0.00054418608568535
41258581	0.00879360776584094
41258840	0.0477079762040451
41258991	0.000757756637510975
41259131	0.00058064584898971
41259400	0.00217041057559565
41259821	0.000843755953065641
41262690	0.00477195083293027
41262840	0.00199982683502512
41263950	0.00355857435673869
41264070	0.000942070295068944
41264381	0.00131087665586895
41265020	0.00160013513461431
41266540	0.0324292644015582
41268671	0.0007971641850423
41270970	0.0197512820045776
41272241	0.00603614576580803
41274690	0.00471523147341618
41275390	0.00248372858366005
41276261	0.0116406456263469
41276870	0.000520896147522283
41277471	0.00129427950665374
41278960	0.000961835565269142
41279681	0.023346335786382
41280080	0.00179135670666222
41280671	0.0012453161410238
41280740	0.00168355448812441
41283131	0.00240368034025972
41285180	0.00622137815338109
41285751	0.0865951276252893
41286830	0.000528857436720026
41287510	0.000592027234416047
41287790	0.00986907038391643
41287950	0.000750474982704064
41289020	0.00357676555167322
41289570	0.000635985072084712
41289911	0.017570500327273
41290830	0.0135351356472174
41291001	0.000800189847540373
41291380	0.000534713792938985
41292091	0.0016140362971681
41295640	0.0408937748656706
41297570	0.00248792617563969
41297730	0.000576785916894768
41298980	0.000747590566302925
41301751	0.014654503702705
41302051	0.0126323962189547
41303810	0.00091166357477563
41304220	0.000582166407318123
41305150	0.00119198531798762
41305180	0.000766478656505056
41307100	0.000527805765854021
41307670	0.000823105935131169
41309430	0.000785151445068793
41310711	0.000619335830412405
41312371	0.10878833127119
41312531	0.000988199783788336
41314721	0.00225910188977639
41316730	0.000676505211286241
41316740	0.00867468306162311
41317331	0.00095807746178561
41317430	0.0025968358333279
41317730	0.00286065586033161
41321310	0.000664971682542182
41321891	0.00184150337643571
41322670	0.0787590708943653
41323401	0.000648120319917466
41323951	0.000574603094834203
41324241	0.00104834844488235
41325081	0.290114135774403
41327900	0.000554097033311159
41332750	0.00221629867514459
41335380	0.000876652281120773
41335520	0.000849074500162862
41336340	0.00101509440767164
41337631	0.000684450567874619
41339110	0.000805131771491435
41339930	0.00531556547841975
41341460	0.00260296567063664
41342820	0.000781300015239896
41342861	0.000822937806469548
41348620	0.00191236678652181
41350530	0.000732476826403873
41351390	0.00865563197470918
41351530	0.000856185232402089
41356501	0.00080979388276196
41357481	0.00233290046746539
41358250	0.000743120541977372
41358581	0.00527156070455708
41359401	0.00110446690904897
41360210	0.154832431173958
41361761	0.000853821802949675
41362530	0.00102070735117653
41364361	0.000711257219726957
41365071	0.00191799229304541
41366700	0.000630768160330473
41367220	0.0146293059308723
41368210	0.00960279245623038
41371790	0.00520116575743097
41372361	0.0039768655973954
41372870	0.00236057594154884
41375541	0.00120680437152253
41376040	0.000591570899518873
41377020	0.0020709035687299
41378800	0.00181161430882164
41382940	0.0212059249665177
41384231	0.000639515552520105
41389471	0.0006834961241781
41392480	0.00188556877845199
41393300	0.0124629361626514
41394420	0.00171573925858771
41397621	0.00220301883475896
41399620	0.0772913869954097
41402960	0.000688592717601033
41405840	0.00204698934087968
41407760	0.00891133882528841
41412580	0.00157552509100008
41413550	0.000692803371815781
41415620	0.00217483360352289
41417300	0.00290855560533433
41421300	0.00323624235619425
41421690	0.00275119692406115
41421960	0.000648906072159878
41422130	0.0015710898575558
41422670	0.331564496849549
41424030	0.000585992773225328
41424081	0.000764307729922555
41424371	0.00297493405064982
41424440	0.000804385442372561
41426510	0.000559075279153266
41426971	0.000756534730478997
41426991	0.000576135674447682
41428491	0.0398777071601341
41429140	0.0314492708399979
41430140	0.00106611029535058
41430311	0.00126087585077907
41431671	0.000998837261429719
41432511	0.00952077229720614
41433601	0.000740381247761813
41434031	0.0137275534281406
41434650	0.00198229924820552
41438660	0.00234946171828269
41439210	0.00150058941808526
41443941	0.000864936603196207
41444081	0.0010566532420542
41444990	0.00112681668806958
41445881	0.000531086377459905
41445990	0.000749408089269942
41447930	0.000667476127337957
41448761	0.00063478571560833
41448990	0.000780119717599645
41450301	0.000581297740646037
41450520	0.00132659506426019
41451230	0.0015492632288243
41451541	0.00240320213899895
41452351	0.000679929565761561
41454141	0.00105110868096905
41454151	0.000537759195030574
41454240	0.000600514148374414
41454851	0.000816825806042165
41455801	0.000780814989685545
41457020	0.00392951364785266
41458421	0.00160008714203832
41459070	0.0126423079211897
41459210	0.0392475895170287
41466250	0.00327387480859129
41467480	0.0014651079142414
41467811	0.000719314782706313
41468091	0.000573472090550846
41468641	0.00362919647229585
41470410	0.000635221261659663
41472710	0.000768646130535392
41472890	0.000670291814835553
41474011	0.00477278591359733
41474790	0.00308248167405963
41476310	0.0132597443220151
41476901	0.000952822312479853
41477840	0.00463362192784789
41480330	0.000661552935165855
41481311	0.00272785196700724
41482400	0.000660646611280804
41482520	0.000662446405069802
41482571	0.000906746241264024
41484580	0.000976339173181815
41488050	0.0216133158130303
41490510	0.000585540647144812
41490520	0.000523912413432537
41492170	0.000701708387184553
41493720	0.00988282962621941
41494100	0.0138555430670149
41496911	0.00211284718043904
41499531	0.0105075795120711
41503541	0.00259331405044319
41504781	0.004032719535826
41506011	0.00333574697700106
41509980	0.00794229175998873
41510291	0.000727491963451814
41517710	0.0637338571482045
41518250	0.00133299360556287
41521471	0.000657271109253682
41522530	0.00144718353230932
41523370	0.0014658149557611
41523640	0.00110103727095817
41525020	0.000749362030384379
41526520	0.00257534153203159
41526971	0.00342503983303251
41527511	0.00057520008523491
41528221	0.00118540360561612
41532170	0.00493216585078701
41532211	0.00171843857810893
41533260	0.000537368743001276
41535190	0.000945626485954951
41536211	0.00163096782008466
41536320	0.000691174130436938
41536730	0.00117062615962558
41536751	0.00120291100585875
41539220	0.000686767366235295
41542831	0.000744855486609151
41544501	0.00780787504885944
41544740	0.000663593954965914
41545181	0.00381727120754498
41545731	0.00655993288767739
41545810	0.00124131931106312
41546950	0.00293974412622281
41547330	0.574920530620032
41549130	0.00143820206214242
41551880	0.000519750968533492
41552611	0.0030133040385329
41562790	0.0013595324170159
41562940	0.000794398467344806
41563080	0.00101643046190355
41563340	0.0083805419878564
41564700	0.000968991999097404
41565140	0.000691776804446262
41565601	0.00296902897148038
41565690	0.000865227766782679
41566691	0.000587948099109041
41566810	0.000621314298448367
41568450	0.00296556464409784
41568631	0.00366109790260399
41569670	0.00134289879134896
41569991	0.000521991400311396
41575480	0.0015116634339239
41576491	0.0128742554980812
41579890	0.000925933938255435
41583330	0.00174516233228171
41585670	0.00185117321895372
41596061	0.000740123921208831
41596150	0.0025675346051769
41598011	0.000554369869742725
41601110	0.00649190941532654
41605171	0.0157594674424008
41608980	0.000525439673044434
41612751	0.004041662040197
41619801	0.00414219447776866
41619931	0.00472790328692165
41621301	0.00178960530408619
41622240	0.00145222428550046
41624051	0.000553974430300135
41624621	0.00473714050274025
41627391	0.000710470421950754
41630131	0.000575016447995241
41630520	0.0785262283643653
41632351	0.0013110334362608
41634370	0.00072295978637102
41635220	0.000540038010072808
41635241	0.00151566303356418
41636850	0.00099234605417393
41637441	0.000911057461782951
41643791	0.00365832016006959
41647740	0.00221531281289218
41648580	0.000658636747656209
41648850	0.000575064389155558
41649041	0.00393874471786439
41649530	0.00229056820744228
41651070	0.0062941207889572
41655060	0.000693926322434653
41655361	0.000759238544502189
41656481	0.00148427029635606
41658490	0.00159432775760507
41659750	0.00107502926891846
41662500	0.00244742329756702
41668901	0.017377834383009
41669151	0.0387654890143647
41670380	0.000546630519303688
41672030	0.00114496220439061
41673161	0.00380606078237643
41673940	0.00274868089745305
41675480	0.00683867816864529
41678961	0.00109132542291645
41680590	0.00176651689498827
41685810	0.00218672810983428
41689571	0.310012408107387
41690770	0.00529894955099972
41693591	0.021226212949586
41697301	0.00205413410101805
41697701	0.00173549886550495
41701970	0.0246231743762648
41702380	0.0848931533519452
41704720	0.00305237316862833
41707791	0.00913041928378101
41713410	0.000715934388698514
41714920	0.00384339556107839
41718770	0.000808643090186089
41718790	0.00134839455208705
41719921	0.0303050426503005
41726240	0.000629338097648702
41727470	0.000802325526424884
41728140	0.000656060086477725
41728280	0.000683290963782313
41728970	0.00117767363776301
41729841	0.000547859443513738
41730951	0.00204328484743053
41731641	0.0164203490275717
41732881	0.00603899867763293
41734961	0.00225831508854268
41735610	0.00323643370155576
41737260	0.00107529735569873
41737390	0.00114150956081651
41737510	0.00081181280766512
41737550	0.00339994372155393
41739180	0.0534001241364456
41739231	0.00137810324539957
41739330	0.00306590903709188
41739491	0.000603313052814026
41739771	0.00853908292718723
41740601	0.00129100918103882
41742610	0.00393372323169748
41743580	0.00056683947343314
41743720	0.000606205276720603
41744020	0.000831608588984977
41744160	0.00596074680444295
41744871	0.000892680834834331
41746080	0.000877673714032445
41746941	0.00229130309554545
41748201	0.000784296584874469
41748710	0.00141607929576557
41748970	0.0404320399464667
41749650	0.00103687276328665
41750961	0.00180534267130726
41752310	0.00381174347636757
41756980	0.00165699962674206
41760881	0.000926018325149716
41762480	0.00108826176761402
41762941	0.00090711810722733
41762951	0.00304065661361147
41764140	0.000513366415535642
41764290	0.249956022828938
41764840	0.000636397036290796
41764850	0.000867836384203399
41764871	0.0181957726804659
41767190	0.00756606402717381
41767361	0.000845229867905248
41767740	0.000651465057631342
41771600	0.00263555247186154
41772201	0.680832492964065
41772331	0.00232407902058752
41773001	0.00253777037446141
41773090	0.000666369029975836
41774801	0.0655545835030226
41775221	0.030360585289414
41776540	0.000770718484766641
41777820	0.0074463286112691
41777831	0.00564775887021682
41778381	0.0209903090233119
41778681	0.00143578303649692
41779990	0.000740855935736226
41782190	0.000539258478495642
41782750	0.00256823028285584
41783720	0.0124932833626241
41784140	0.00340769560825895
41786671	0.000517398911090687
41786880	0.00649858275855855
41790470	0.0109614772488706
41790760	0.00175832781149493
41790811	0.00121178639955936
41791310	0.000596949047243119
41792270	0.00118874220880937
41793001	0.000896541824738157
41793370	0.00123839631660033
41794531	0.000518608770062199
41795730	0.00181552055667224
41795860	0.00140428676223907
41797540	0.00217160503905626
41798671	0.000594986182338789
41798791	0.00278332972681155
41801291	0.0011144986036135
41803060	0.000586137493208461
41803631	0.27058575800951
41805800	0.000935401145035243
41807570	0.0486333666271083
41809981	0.0666998710227454
41810801	0.000943719069343739
41811341	0.000657329099754018
41811621	0.00124274499104173
41815891	0.000537150909730504
41815911	0.00118298701024246
41816440	0.000642334531206446
41816950	0.00101078924599806
41817510	0.00607758623658555
41820270	0.00294986133679887
41820311	0.00238670237551674
41820861	0.000980066773744368
41822811	0.00126495089252428
41823990	0.000910654909353723
41824041	0.000928734988547142
41825090	0.00274734066473866
41827440	0.210079717722306
41828461	0.0514767241286638
41828540	0.00437534365573641
41828810	0.00589360445063601
41829001	0.000678440332316275
41830050	0.00195355304046746
41831211	0.00071370646387344
41832441	0.000820243681842021
41832881	0.000919610224862832
41833571	0.000828997246264776
41834740	0.00201556491985333
41835470	0.000660619423118368
41836721	0.00411421028905643
41837561	0.00135048113882609
41837770	0.00094105631298927
41839180	0.000599981141217964
41839300	0.00179096826061858
41843071	0.00323408532873388
41844010	0.00280497197165061
41844430	0.000725653717940681
41844820	0.000776180677576169
41845360	0.0284564978045929
41845790	0.000636101632184531
41845961	0.000893938850435294
41852451	0.000653048563893876
41855470	0.000602618300190443
41856530	0.00176156311591899
41857780	0.00345982840071343
41858251	0.000871218935679782
41858610	0.000880657906162231
41859150	0.000898341004635476
41861260	0.00601265854792315
41861541	0.0149342053118836
41862101	0.00463801505947469
41862811	0.00377352166132874
41863460	0.00428791896222771
41863891	0.000656397071996147
41864430	0.00209816169168715
41865120	0.573049817104551
41865650	0.00412123240927267
41865681	0.00143946817875296
41866320	0.000702331453356574
41866610	0.00455878341563521
41867901	0.00174129706776432
41868410	0.00382950215544109
41868710	0.00317225277431677
41868871	0.000665844600458686
41869810	0.00080849001795501
41870360	0.00718957548334747
41870381	0.0148207529019404
41871310	0.00275495242025043
41871891	0.00361601551328254
41873250	0.00134132437257128
41873510	0.002134435144052
41874050	0.000740967653299279
41874490	0.000544322809879692
41875840	0.00545708046019584
41876940	0.000680172234966603
41880270	0.00636169984109418
41882460	0.000812577603894276
41885370	0.000561239431474257
41887020	0.00398931926220369
41888700	0.0384556273730896
41889141	0.00093896112907778
41891970	0.0211425444379938
41896451	0.00571908607433715
41897490	0.00110596003665189
41899071	0.00431911111974477
41899911	0.000591289701062671
41900260	0.0014566435039852
41900540	0.00588767426056093
41901800	0.000876803903307363
41902241	0.00293863652008018
41902521	0.000526039680056694
41906350	0.000721234471379669
41907860	0.000993065175356532
41907881	0.00140734809634965
41909100	0.000710146540753659
41910220	0.00161127672699524
41911720	0.00730442602660888
41911870	0.0120060608399819
41912800	0.00668694882884164
41912840	0.00100896737724011
41913281	0.0069856395103479
41917831	0.0329187781950269
41919970	0.000691267416409121
41921360	0.000654649955738557
41924680	0.000601989363681417
41924690	0.0425799947499165
41925660	0.000599299986739693
41926740	0.00338479558074643
41927710	0.00104674915892074
41928711	0.00107150363214498
41928830	0.00086463155116619
41929011	0.00291818376870381
41929691	0.000936171849602242
41929951	0.000841117695581282
41932150	0.00108598279160964
41932441	0.00114567134808118
41934921	0.143646853752277
41935990	0.000566046322351083
41936991	0.000740154962407131
41942870	0.000801638718046096
41944950	0.00112819410325915
41945790	0.0353236185228247
41948680	0.00501024346633065
41951430	0.000602619872499189
41952861	0.00604623387759336
41953770	0.0052009197193144
41953961	0.000575745576275893
41955611	0.000760092367124781
41955970	0.000881447342287201
41956291	0.000807841313893209
41962750	0.000645943620811964
41962791	0.000543961116237852
41964420	0.00254991896908951
41964560	0.000604882986164712
41965900	0.00200447378247186
41966781	0.000618389560815069
41968311	0.0128443573048077
41971201	0.000721974235616508
41971450	0.000898917251940598
41971730	0.00080772646033498
41973421	0.000699866162652987
41975970	0.000966572067909338
41978200	0.00985896364080854
41978651	0.000722967465434143
41978760	0.000689622213149223
41979621	0.0138380951731886
41980021	0.0983874873294473
41981811	0.000959106616850812
41982310	0.00198507833539553
41983321	0.000749799741844518
41984550	0.00165504223453333
41985671	0.024984286878763
41988820	0.000698908919124882
41989671	0.000775299357056896
41990470	0.00854128999255977
41991321	0.000586666073349483
41993001	0.000861138392962896
41994381	0.000868673437468652
41995751	0.000583480523283444
41997090	0.000516581284965318
41999560	0.00280393068935047
42000130	0.00657531758626632
42001080	0.0040608944317539
42001520	0.00226039690378906
42002381	0.000762625586783034
42005261	0.00101907240380167
42008000	0.000542321523059046
42011830	0.00105062945574161
42013531	0.0009426997872168
42015000	0.0022177563434284
42015710	0.114036409797546
42018631	0.0172697038933811
42020021	0.00100383226035086
42020161	0.00500641999302578
42024540	0.00715197558099074
42029920	0.00204259300283216
42033951	0.00133689013144452
42034190	0.000784224221143467
42034241	0.00289517473595262
42037531	0.00288026013349908
42039331	0.00145954091977159
42039680	0.00138983670263368
42041370	0.000969748222734417
42043030	0.00210725350624765
42043690	0.00591032054228204
42044680	0.000687545349956525
42049210	0.000883611311555655
42049620	0.00439601941878256
42050020	0.000577536288990513
42052431	0.00110475043620352
42052441	0.00428193932539094
42060431	0.000729143978707545
42060810	0.00521369286932725
42062320	0.00499619954293583
42067690	0.00517355120716248
42077811	0.00223300567692979
42079601	0.0133020494549737
42084250	0.00864028737558995
42086771	0.00196879667861475
42087000	0.000890787918107465
42087550	0.00144412391846682
42089750	0.0263638671547829
42091181	0.00165840894973469
42091290	0.00699953240822772
42095680	0.000846546225857279
42100141	0.00103073915052006
42104120	0.00105580812704543
42109261	0.000636975538676811
42111591	0.00988274996696495
42112701	0.000698500343154499
42115601	0.000701797464217286
42115611	0.000798049981267258
42118730	0.152992545933319
42119471	0.00131946990306335
42121381	0.00230280329759486
42123280	0.00056198722057151
42128571	0.0032614006095017
42134040	0.00150260709866032
42136701	0.000816077213669878
42137080	0.00315894892312491
42141500	0.00187754718939149
42145261	0.000827376441928863
42146621	0.00348889728776133
42147851	0.0184660493734863
42149511	0.00148342631200807
42150481	0.0455873197613038
42153470	0.0023679085180208
42156630	0.00560027691370421
42156691	0.000900634290407388
42159161	0.038238597563651
42160500	0.013544161265846
42160971	0.000720565220518841
42162221	0.0499195241835684
42163851	0.000521156179487076
42164080	0.000718004754425681
42164821	0.000609110966430241
42167410	0.00801017588394545
42169600	0.00655355991065453
42169610	0.00110093918244145
42170491	0.0376484965563978
42171390	0.00278067936135691
42177101	0.000583537783006236
42181180	0.0110104637651832
42182720	0.0140063369470159
42187871	0.00205497824653079
42190310	0.00130676272441398
42191711	0.000541716518020231
42194201	0.000811160432287496
42195461	0.00396271088930793
42195830	0.000983876738166871
42196390	0.197239266772305
42197220	0.000598747875877864
42198211	0.00117230279917351
42198341	0.000616533136619793
42200131	0.00104286549573287
42200360	0.123709086517394
42201470	0.0143885292907567
42203260	0.00239976748685966
42203270	0.000682516677529021
42206600	0.00241424450238979
42207130	0.0142210733465799
42207150	0.0067783529474066
42208230	0.000547542853245248
42211660	0.000764515783368295
42212281	0.0263310522702553
42212821	0.00432939945130577
42215031	0.000747413499726185
42217600	0.0190196825230915
42222450	0.00141927351034985
42222560	0.00088642705099038
42224900	0.000716456039572563
42224930	0.000827708948141653
42225101	0.000898229693877696
42227660	0.0140807675034234
42228070	0.00106680180389963
42228701	0.0038811795271695
42229241	0.00172688286420437
42230051	0.000704325750369894
42231140	0.00331011606579416
42232281	0.000821318993261293
42234320	0.000911594217655754
42238850	0.000835795166994395
42241490	0.000582615202523021
42243120	0.000861234581995213
42245651	0.00107949321353392
42245740	0.00117894046085657
42246051	0.000689820620311997
42249630	0.0139007493633289
42250051	0.0017957642856512
42250761	0.0916224511225236
42251021	0.000759678582975779
42251790	0.00228217364857688
42254410	0.000620420575901879
42254461	0.00187559780776309
42255100	0.00113625603711728
42256900	0.00175136492267155
42260100	0.000888585073641137
42261641	0.00128547968437936
42262720	0.000962518418245028
42264930	0.00105175456704466
42272360	0.000989587403151286
42272500	0.000508856531273399
42272520	0.00692893560335561
42274181	0.00180766257204216
42275100	0.00219622758324748
42275991	0.0110920465087577
42276951	0.0172815427447782
42277620	0.000645579626592726
42278310	0.00382013063210013
42280620	0.00250927797440979
42282720	0.00287232652197799
42286471	0.494464210023116
42287510	0.00304242105146276
42287820	0.0496494055171294
42289310	0.240798600579758
42290310	0.000586402060771286
42297310	0.000792386630938328
42298580	0.000851846022241963
42298590	0.00142049775067847
42299971	0.00101311819671818
42300100	0.000607452826654165
42300200	0.0011579006231987
42300360	0.000672890127618025
42302601	0.000683021850524978
42303291	0.000638703392858385
42304121	0.000584076456445124
42307270	0.000556018987091662
42309361	0.000706216200545073
42309470	0.00463707228220632
42314310	0.0284486409220568
42315670	0.000773144484561193
42315721	0.0450175816444886
42315920	0.000707467598443383
42318700	0.0243752935849709
42318990	0.00304546571538025
42319281	0.000688395274329705
42323000	0.00199994238958505
42323400	0.000666585805556079
42324271	0.000637647257281933
42324370	0.00240115339795153
42327171	0.299074994605912
42330331	0.0164094884392204
42331550	0.000920779959150034
42332060	0.0007541303319911
42332401	0.00392910492630297
42333160	0.00150260863126212
42336681	0.00372380953192774
42337620	0.000819294265064127
42343120	0.00758100127162168
42345030	0.00253531017905934
42348220	0.00619608034569494
42349211	0.00197824374224238
42349450	0.000544597523380487
42350300	0.000772980885806932
42350871	0.000732566604617943
42351561	0.00200901659122105
42352801	0.020691235155465
42353330	0.00270164971057975
42354140	0.00394730563228317
42354331	0.00143224479157586
42356090	0.000629693385596279
42356100	0.0213133312041316
42356121	0.000889606724167299
42356941	0.000935391886190605
42357491	0.000747431767172831
42359851	0.0008941646987546
42360671	0.00152096666101474
42362550	0.000706219298137114
42363680	0.00103825156131739
42364131	0.002966108492808
42364671	0.000789901616812965
42370130	0.000910401697657919
42370970	0.000727637341714036
42372350	0.00122611701037731
42374471	0.00196268229888146
42374611	0.000548394163670608
42375640	0.000580965801137838
42376261	0.0032463827935019
42379230	0.00431803417942839
42381030	0.000507548307048448
42383161	0.00150207282784424
42387670	0.00149729974061078
42387991	0.00543652165046979
42388090	0.00119396699098387
42391530	0.00105478289845489
42392791	0.00169079893096123
42394960	0.00246014343824062
42397170	0.00285333224025811
42398430	0.000767753782727674
42402150	0.00182951025940794
42403271	0.000785061111247729
42410840	0.00131851550260713
42412521	0.00173066485744591
42414420	0.000985764485976567
42414471	0.000738937814901039
42417071	0.00156265141456566
42418830	0.0205538290110539
42420360	0.00704433783226104
42420661	0.0738437368047923
42423930	0.000682379362406069
42425320	0.01464030227726
42428490	0.0360170306448619
42428880	0.0153257514765817
42428920	0.000574800864618028
42429720	0.00109268887844611
42431411	0.000819042605952496
42432220	0.00494182432498283
42433221	0.000536128173621433
42433330	0.00201121030539015
42434290	0.000689137450066454
42434820	0.000681355154871939
42435660	0.018222539377289
42436060	0.0048531624967857
42436090	0.000922616368485678
42439380	0.000849889538068217
42440740	0.000845825385897669
42440760	0.00105511517742524
42443260	0.00119879039123109
42444671	0.000898774544125892
42446420	0.00073631161035573
42446881	0.000548320688463436
42449201	0.00314558324031886
42449580	0.0132286672700187
42452231	0.000845442472964786
42454950	0.000868417736606419
42457010	0.00399965627180492
42457180	0.00406973888279298
42457631	0.10920046791495
42461180	0.0157135212746998
42461361	0.000866752265357809
42463500	0.0111575424748127
42463950	0.000700135429668331
42464620	0.000880228721224009
42465030	0.00246460608924531
42466550	0.00327439527619424
42468750	0.00224090156102246
42469221	0.00217412824540851
42474171	0.0190000430001208
42476251	0.00845438912437954
42481221	0.0254640318409844
42481631	0.00677298931423454
42482540	0.00688145060603321
42483141	0.00110675472754335
42486571	0.00153072398597086
42491390	0.00121870348784785
42491691	0.000724840798079936
42492040	0.00755697701429117
42493010	0.000628844759143069
42494390	0.0039942708409464
42494451	0.00397148193458975
42496241	0.000648524000726795
42499961	0.016027542482198
42502830	0.00077589606045715
42503831	0.00156839604996757
42504060	0.0108667419341729
42505580	0.000715903372858061
42507930	0.00131904168183469
42510991	0.000642019984399812
42515920	0.00842025960896496
42517860	0.00138499421203081
42517990	0.00180123061911025
42518670	0.000598143906657522
42521341	0.00334359757559885
42524931	0.000613397971234255
42530161	0.00995181289189899
42531940	0.000763312721291464
42532771	0.000711607643697709
42533341	0.000515352813554339
42533761	0.00479012046613777
42539421	0.0100245060195012
42539951	0.000963573583684229
42540330	0.000642478905462851
42542581	0.00214707038472811
42542591	0.000897094838296046
42543920	0.00105782053850266
42546031	0.000703596752579584
42549020	0.000690795086277654
42551510	0.000557291345981733
42554660	0.0224748756278135
42557000	0.00556032272989469
42561201	0.000866380131744612
42563951	0.000686475381285851
42564641	0.00108868106403176
42565140	0.0619571431829903
42566540	0.00125306794173315
42569201	0.00102413110842859
42569901	0.0115740183285609
42571500	0.00562957592118977
42571640	0.028412518281059
42573550	0.0007370419402049
42574000	0.00133784586772779
42575401	0.000647133888979146
42577331	0.00074340138541612
42580880	0.00112863496306995
42583770	0.00631946667915418
42583941	0.000576730640525579
42586701	0.005624968811555
42587401	0.288757266005551
42587531	0.000572039374740522
42590171	0.000726951547860691
42590260	0.00668101891130426
42594540	0.000806068770094853
42595531	0.00113219592841301
42595750	0.000616826784421521
42596730	0.00182586749458959
42597850	0.00489043320712821
42601881	0.0260844834583234
42603640	0.000846403756448637
42604101	0.000645357297153027
42607090	0.00471545875046962
42608771	0.000684531701446423
42608870	0.0173339316702147
42610281	0.00112955180708466
42611210	0.00231328690858997
42614421	0.0376720220796086
42618441	0.00115771833959464
42618550	0.00420475925265253
42625580	0.000538302115324383
42627801	0.0125638486301787
42628371	0.13554173517661
42635610	0.00073737407678537
42636631	0.000855539631552727
42638120	0.0024814857542531
42638510	0.000925763665709876
42639111	0.00132557962134493
42639640	0.00110854594821121
42641410	0.000662186135026867
42641751	0.00653108755725918
42641950	0.00157230253425732
42644371	0.0348123984725539
42644990	0.00105963140038247
42645170	0.000736027830356299
42646691	0.0137138561697399
42648231	0.000970950480547671
42649611	0.000628367460762056
42657850	0.00720702285123507
42658120	0.00088567390542796
42665550	0.00052457323525963
42665731	0.000750342584052408
42666001	0.000602186891480943
42672631	0.00316989505244233
42675381	0.00115506517106559
42676170	0.0112958405258676
42676211	0.00125255658347919
42676911	0.00102239898417821
42678981	0.000710986278278022
42679740	0.00203373089043219
42682240	0.0008399606280895
42682810	0.000705472023848439
42684300	0.000642943253806661
42686161	0.000797672568443825
42689430	0.00145242319916881
42691910	0.000876288371142325
42694421	0.00093116676113491
42695500	0.0012744111937544
42698250	0.00263402733395675
42698400	0.009319262188895
42699900	0.000624709957088063
42701441	0.000671819837660317
42702571	0.00163140275554765
42703090	0.0272699193895115
42704860	0.0162669276150407
42705420	0.000684971803018134
42707610	0.24552966354035
42709540	0.000751504815637717
42712850	0.000645163814316897
42713710	0.0148349966920301
42716330	0.000754607396752461
42717441	0.00170679615052605
42718681	0.00276758739929273
42718770	0.00192323052137355
42719251	0.000587377347823712
42721570	0.000774866098189251
42724590	0.00617887634672447
42724621	0.00053057290165703
42725031	0.108286616930386
42725721	0.000699169476937052
42726281	0.00234144951626086
42730250	0.000846749810975877
42731360	0.0016886265422636
42731780	0.00278014211837402
42731791	0.011140801067184
42733550	0.000675426576266497
42733591	0.0138020734741623
42734120	0.00311942133924019
42735350	0.00376223540978745
42737540	0.00181489984271875
42738421	0.000973214385644413
42741970	0.0734518626931611
42748580	0.00402841140431305
42748840	0.000850223111614158
42756050	0.000857068500270145
42756570	0.000628643061087326
42757461	0.000702045899572255
42759091	0.00105978346802768
42759641	0.0010516745507985
42761840	0.00738332395335653
42762780	0.0229285128686303
42763500	0.000799862286133361
42764570	0.000672443614930622
42764911	0.00366253701284439
42765861	0.00529900333736442
42766841	0.00153180668027004
42766920	0.00111171154049598
42768580	0.000548320688463436
42770100	0.000610698467020835
42770110	0.425906638518601
42770940	0.00546664113313385
42773550	0.00236573588364081
42775231	0.000694251047978339
42777940	0.000909443178008882
42778110	0.00366248466358516
42780071	0.000878917379711018
42780420	0.00215782256006634
42780710	0.00488530446567917
42782800	0.000901051024952412
42783921	0.00075437987046207
42784911	0.000578740400450719
42786220	0.000649862001269555
42786230	0.00237488402549738
42789571	0.000689222912460443
42791050	0.0165470845831366
42791750	0.00676777821997111
42792331	0.000834922253571397
42795340	0.000763918919184758
42795750	0.00168153935946751
42798510	0.00439100962745323
42800211	0.000813590760282914
42801830	0.070471232776358
42801991	0.00081674351104266
42803450	0.00932978590577317
42805871	0.000691569968174798
42807101	0.00112649032305659
42807630	0.000829460300434481
42810131	0.000894935485624219
42810561	0.00330681071571458
42810620	0.000600794494650742
42811231	0.000553370184358329
42813591	0.00172364400577611
42817520	0.00362899979118517
42820471	0.00344835068410408
42820611	0.000623681855920124
42822951	0.260694484959607
42824160	0.00100682471450874
42826790	0.000593392473571188
42826831	0.00165815858395553
42827180	0.000633090828898397
42831490	0.0147458567288088
42832420	0.133097110611504
42835521	0.00109734867699948
42839350	0.00112135788701835
42840290	0.00167803130975904
42843781	0.00305460001091754
42843921	0.00200125406262995
42845410	0.00331946016762443
42846121	0.00489528468692559
42848840	0.000774294525743379
42849861	0.000671604026722272
42851610	0.000547660297554802
42854110	0.000743544421292751
42854630	0.000994798927309612
42854971	0.000598808111196852
42856030	0.00470242629735475
42857571	0.00273497861784497
42858090	0.018873039915957
42860700	0.00318948279711656
42860741	0.00861732107279739
42864580	0.00090574748244522
42865940	0.00174686286800478
42866531	0.00224876320789126
42867170	0.000880498838281676
42868310	0.000664721257054751
42868331	0.000533985891300332
42868601	0.0135920749255284
42869680	0.00124804871382384
42869970	0.00279511795747589
42870220	0.014756143528737
42870630	0.00318560319105342
42870811	0.00732335911656881
42870910	0.000718963832900975
42872061	0.00072221295861756
42872300	0.00648697773223262
42875241	0.000530670140802196
42875330	0.00085778549987859
42877940	0.00793144395678887
42878131	0.000881206597908524
42878350	0.0054839348705628
42882380	0.000541487040344031
42885100	0.000598272325719548
42887511	0.000700178205503966
42888130	0.000658951821975063
42894401	0.00344337062308
42895491	0.00210152662910534
42895600	0.000892197275131458
42896170	0.00075150654299659
42897000	0.00123387018757912
42897561	0.00059452237136239
42899730	0.000724336124315637
42903491	0.00066712310179694
42904570	0.00461516834869611
42906100	0.000825806461595992
42907631	0.000822874904046053
42908451	0.000516581284965318
42908871	0.00106840214725961
42909230	0.00071485093617146
42909510	0.00487360455074552
42910210	0.0177335409588799
42911600	0.00113788737139302
42912051	0.000820135421949701
42912061	0.000646139361588655
42913260	0.0283060058930814
42913370	0.00075214330220783
42914541	0.00551409227090524
42916160	0.00235120287717717
42917861	0.000853873457351529
42918521	0.00070879845898804
42918780	0.000635212085733345
42919511	0.00124508819915782
42922111	0.0015995270877107
42924461	0.000786794136921283
42925410	0.000913013877689581
42926930	0.0062470532822945
42927050	0.000789762727662682
42928430	0.00276896031318878
42929270	0.000638306700393158
42930370	0.000858698539043568
42931470	0.000923094378887215
42933780	0.0012117998586961
42935631	0.000606145314938536
42936451	0.000653724921727014
42937810	0.000547652743349898
42940830	0.00067307360405521
42942261	0.000797232338849222
42943190	0.00382671237820078
42943361	0.00441114372358202
42947860	0.00110540657113182
42951610	0.0136000987526029
42952430	0.00222131685082826
42955170	0.000515094933884029
42955880	0.000690793220434971
42956201	0.00137574539537604
42956990	0.000677594578678227
42958531	0.0121583026455428
42958661	0.000670859551857948
42959860	0.000855363193960768
42960171	0.000585345246524929
42962920	0.000645486618297015
42963180	0.000603464735498875
42964680	0.000891422169439539
42964690	0.0231282517467513
42966531	0.125601738892756
42968430	0.002541004611276
42968461	0.00157826347682313
42969421	0.000516739102374295
42969670	0.00102018197300457
42970350	0.00885059652241166
42970791	0.051383933014146
42971190	0.00307560008942315
42972280	0.00083167516690018
42972451	0.000531211767357587
42972960	0.000599081602704833
42973640	0.02342749240546
42975590	0.00499667858475631
42977551	0.00359369798118786
42977650	0.00131192539117587
42978811	0.00111308747132105
42979361	0.00266798184314865
42981660	0.000767779459635725
42983180	0.00653654390043196
42984020	0.000933644631303416
42988150	0.00209143655447791
42989571	0.00209996295853835
42989831	0.000805606111437522
42990190	0.000754284330215129
42990360	0.60877089387921
42993100	0.0139903816743534
42993151	0.000522308346949108
42994381	0.00185130427795194
42995320	0.00264640166188206
42997540	0.000652149864083534
42998941	0.000532457875182381
42999860	0.000739899487105527
42999880	0.0585512617215811
43001780	0.0027631053423535
43002600	0.00299265361647466
43003150	0.00331447367097654
43003351	0.00125227262397119
43003860	0.00259628681846699
43004000	0.00112719269402946
43005971	0.00132216896774632
43006101	0.0113687303150444
43006230	0.0018242501125275
43010651	0.00080223363764366
43011430	0.0102620521438537
43011911	0.00409418603484255
43013831	0.000957247361915374
43013950	0.00060998329693884
43015631	0.000627378677494684
43018350	0.000843961376181416
43019501	0.00118630760122383
43020041	0.0120495749542891
43020311	0.0012062111539447
43021961	0.000720699586278842
43022320	0.00079986387513736
43023501	0.000726707423471651
43024000	0.00582113279083962
43024830	0.000949765878321517
43026490	0.347276372363083
43027061	0.119270876017633
43027860	0.000841526419619645
43032540	0.000663350005073828
43032851	0.00747592594862003
43034180	0.000612031057356664
43034811	0.000656382934888855
43035771	0.0149054886119176
43036420	0.000615865560177706
43036540	0.000557108359399371
43038661	0.00144458570804388
43039170	0.000743054945497635
43040010	0.00752752232550736
43040150	0.00192255305439316
43040280	0.00142264398438808
43043330	0.0043376232592614
43043560	0.0049641493494527
43048820	0.0081380578650686
43049011	0.0011055029623455
43050781	0.00101445625259456
43051420	0.000568585633306961
43052110	0.000721165835650748
43052140	0.000661719954678409
43052441	0.000655826075555608
43052960	0.000951225477222747
43053810	0.000861647613457605
43053951	0.000680985863332812
43055440	0.00107035903863105
43058180	0.00614761894299659
43059590	0.00600363625874075
43061541	0.00924110170403197
43064031	0.000941028363664338
43064110	0.000516739102374295
43065380	0.00070735560737155
43066661	0.000525524665163146
43067050	0.0382428073520402
43069681	0.00225612722148923
43070091	0.00832951024570164
43071170	0.00113551972962558
43072041	0.00065584461096715
43072711	0.00338729867479843
43073360	0.00106776521786924
43075211	0.00285386445709623
43078231	0.000919040974457776
43079030	0.00826526231743883
43080540	0.00296774508942289
43081670	0.0140571209769571
43083071	0.000838300821357477
43083211	0.000789879243126238
43083331	0.00261970979703621
43083481	0.0485158107320887
43083710	0.138690632232785
43084301	0.00100017386892049
43085100	0.00056596059283138
43085230	0.000867022611538591
43086180	0.000651776514153936
43087850	0.000743234558140336
43090740	0.000891413707731498
43091081	0.00218378824208305
43093821	0.000630911783574527
43094590	0.00175778390676299
43096150	0.000536324818819172
43097900	0.183342484159879
43100591	0.0308456909121177
43103010	0.00129262295405441
43104041	0.000997496739636343
43104410	0.000823388359127902
43104861	0.00107156630060488
43105531	0.000829804847296613
43106200	0.00159232855220813
43106620	0.0191639641012094
43120520	0.000952367936176966
43120851	0.00177101151517775
43121370	0.00212423053615065
43122460	0.000531965719131978
43128021	0.00103383153869419
43130040	0.000693906597151414
43130760	0.00855500385347439
43131180	0.00220954704890034
43132970	0.000570944134950062
43133250	0.00645521934340567
43133271	0.0392459370195071
43136260	0.00104364079770225
43138870	0.00464441328567175
43139211	0.00276410547166512
43140140	0.0105842026638967
43140171	0.00850244108208854
43140441	0.00258743922196997
43140711	0.00112343454407401
43141900	0.00207140654482551
43143461	0.0144210940280039
43145811	0.00157951256661617
43146791	0.00335492797572801
43148970	0.00113401674525947
43149141	0.000604348616966292
43150241	0.000728454880418058
43153380	0.000688458833707372
43153541	0.00283328739666944
43154781	0.00275429747920152
43158880	0.000889939622479324
43160240	0.00080608151747556
43162900	0.000825297128577199
43164161	0.00124576227291396
43164970	0.000508856531273399
43166730	0.000656724063397286
43167170	0.731214792300788
43167891	0.00118364264829397
43169340	0.000752166210650119
43171341	0.00076429821643212
43172260	0.00752898736533351
43176530	0.000536010353822132
43181090	0.0220699721829793
43181951	0.00282711826070498
43186091	0.0150196749266879
43188920	0.00077571335038074
43189340	0.00201272621491123
43189900	0.00135693625582953
43190580	0.0137078204693229
43192520	0.00371050341163446
43194211	0.0092116495390877
43195751	0.0010768411591788
43196151	0.00210724213051798
43201480	0.00496878712737865
43202860	0.00223129200939931
43202911	0.126452145560958
43203290	0.00218064010004535
43204380	0.00130235025866293
43204940	0.00135600910679502
43204950	0.00165228775729252
43205661	0.00347924158908285
43207280	0.00591733396297658
43209220	0.00270529333448402
43210050	0.00176116487597109
43210060	0.00234760227184627
43210101	0.00076904986873538
43210330	0.000747552270200681
43212851	0.000820503914700317
43213500	0.000512841452975932
43213920	0.143895403911187
43214740	0.00112014458352746
43214750	0.000636138994710542
43215680	0.00347423052625945
43216510	0.0411966418208329
43217541	0.00152427365560826
43217941	0.000550513020227431
43219720	0.00143302881148169
43221271	0.000850456078418846
43222781	0.00247065091055741
43223400	0.000574552015397877
43223580	0.0194701105275947
43225681	0.0111364346692574
43229900	0.000763707420260344
43231570	0.00110739826662438
43233531	0.000622054612408874
43238060	0.000670296558406273
43244650	0.00144278974934525
43245650	0.0194082031195687
43247290	0.00106303025657902
43248270	0.208081889481745
43249941	0.00450463479254641
43251601	0.000743265281922094
43252421	0.000581952001933584
43255700	0.00253819635765762
43258300	0.00354030368019773
43261931	0.00322154078213161
43262160	0.00967608712018455
43263731	0.000661619278998636
43269050	0.000586930507412366
43274491	0.0030238266201792
43285630	0.000787111276693922
43286351	0.00787683716575956
43286730	0.00108661236034919
43291591	0.00226634047225716
43292120	0.000825809935315254
43299471	0.0198478347371448
43299560	0.00151910252917909
43301900	0.000598025648474934
43303840	0.0472567304065658
43306150	0.0022079040872875
43307301	0.00422218294629486
43309251	0.00564135525104045
43310611	0.00794475966777139
43310710	0.00199137279120899
43311191	0.00132109119914998
43312240	0.000684409233743185
43312370	0.000739494517694971
43312810	0.0418880699463001
43317060	0.00118461949041357
43317651	0.00972623986412261
43319161	0.00279962728753013
43322611	0.000974089602449756
43322911	0.000676685588053252
43323390	0.00472815230288827
43323690	0.00241431621355819
43326911	0.0177766134843186
43330341	0.00154993714996629
43330361	0.00567085133811763
43330980	0.000765034945088516
43331881	0.000797323919956496
43333180	0.00068859046463998
43333330	0.000904346178161111
43333391	0.00308821585043405
43338501	0.0016425532649829
43339400	0.00345663893215847
43340950	0.00140955577606595
43346020	0.000793945296182886
43347581	0.000720238958604488
43349521	0.0124083046685797
43350351	0.190797993445873
43350850	0.000773529901610749
43351400	0.0493937505713094
43351430	0.16356310708966
43352701	0.00356383262134827
43353931	0.00336366226882563
43354891	0.00186759766200476
43355400	0.000776320837993222
43355441	0.000509579798190196
43355871	0.00466301016255024
43358280	0.00183937817388423
43359010	0.0356560211923345
43361501	0.00981276071784935
43368350	0.00438880625920385
43372490	0.00109292348758127
43373220	0.000854971475177435
43373251	0.00187495774587827
43373641	0.00317170734439418
43374280	0.000735019472896063
43376670	0.000762030946469509
43376971	0.0139719859062348
43377470	0.00152556528286607
43378351	0.00389644345991279
43379410	0.00853742371550461
43380401	0.00051415685184514
43380841	0.000767981510904576
43381610	0.00103305109846625
43382191	0.0012564052033407
43383181	0.0338880110539825
43386030	0.00435302416873825
43386351	0.0179860217772521
43387840	0.00122882330658265
43389060	0.000830101055520914
43394051	0.00456861713438581
43394211	0.00070357771477893
43399260	0.00237588857398832
43401241	0.00151861536160635
43403130	0.00114898572238897
43403520	0.00230519450681377
43403851	0.000878566249870455
43404261	0.000659930525267526
43410000	0.123336360029905
43411171	0.00310286182346794
43412681	0.000561984764226624
43413480	0.000518724441316109
43414201	0.00150736147984001
43416230	0.000939949370471943
43418481	0.00056765538111233
43418751	0.00145116152485661
43420281	0.00247617336431614
43420790	0.000558202272642619
43420971	0.00460527177991277
43423390	0.000643561303675851
43425791	0.00057348619031896
43426040	0.000944079499718948
43426170	0.00987899076401588
43427800	0.000783646267203301
43435171	0.000520355457828448
43437631	0.0372816481419999
43438830	0.0107064106098114
43441101	0.00105144245392855
43445860	0.00468453049350499
43447711	0.00543252702922042
43448210	0.00244901647761059
43457870	0.000943095509827024
43459520	0.00390524802254478
43461631	0.000731251096137911
43462960	0.00102950423347835
43464551	0.0013407742256224
43467011	0.00497894543061855
43467680	0.000968796184241817
43470970	0.00152327732231623
43472131	0.000876499358357606
43473501	0.003042800182628
43475431	0.019785439518873
43475510	0.00514090288635614
43477651	0.000718549729917391
43477890	0.00139068365843505
43479441	0.007592475479937
43479581	0.0022039753088108
43482150	0.0122445614138928
43487230	0.00457037447480841
43491110	0.00088049166784848
43496630	0.0932149246941453
43505870	0.00492150691703774
43506481	0.00371016301849682
43507831	0.000776584617113995
43519431	0.00110775442347192
43525340	0.00271217554108685
43528521	0.00863193034447342
43537440	0.0202910516550265
43540791	0.00384256465278809
43543841	0.00232933259844221
43546710	0.00145623860886821
43552360	0.00056778781877783
43553091	0.0465892198419854
43554861	0.00214709779488654
43555141	0.00267568419169225
43556671	0.00214357915218656
43556920	0.00292505912953907
43564510	0.0586136569281913
43570550	0.00203336715343058
43570881	0.00356953196395896
43570990	0.00220965859184509
43571130	0.00567451780955876
43572210	0.0122613642685465
43572470	0.000595048066407598
43579260	0.00303609025075049
43581481	0.000639665525200138
43586120	0.000670074410184074
43586471	0.000968833690136354
43586560	0.0461264072503404
43587681	0.00051514623158623
43591131	0.000621922890339508
43592350	0.00094926927305099
43592610	0.000931806585753341
43592620	0.0023128670593115
43593440	0.0302566384059536
43598280	0.000815377405786779
43599930	0.00185240886721868
43601160	0.000520422801853485
43601310	0.00053604343244583
43603500	0.0019977034143722
43604910	0.00146934910999502
43606570	0.00220971502814256
43608600	0.000713033029777761
43619240	0.000839726209538124
43619431	0.00282102821406266
43621450	0.00180492654994805
43623650	0.000713116570327089
43625310	0.00113069788432439
43625911	0.000883037729971687
43639660	0.00624070891782375
43642451	0.00518170048762601
43653980	0.000732306839927643
43656470	0.000838483138095628
43657911	0.0013217179736643
43661040	0.00541125800383302
43662451	0.000856326714474851
43667760	0.00253193317032952
43675380	0.000860599507533306
43676251	0.00481349437479179
43676590	0.00334083104008708
43676870	0.00541184906034216
43677170	0.00313225877748841
43677560	0.0030657939829822
43679080	0.00221161882024233
43679701	0.000698606003938042
43680760	0.000761511244352211
43680781	0.000597679114283641
43681150	0.000609100588046923
43682441	0.00857979027691718
43683080	0.00164006259335524
43683281	0.00311932929760278
43683530	0.000598231697579819
43683760	0.0255687986413649
43687530	0.0229705143715537
43687640	0.00064681527423027
43688350	0.000840835955948695
43689040	0.000563838625132719
43692760	0.00391422033923893
43692781	0.00087960486015872
43693150	0.000646767812119683
43693891	0.0013696058925683
43698380	0.00167643923036469
43699261	0.000707634090514557
43700170	0.00295773427984565
43701570	0.00979152695061901
43701881	0.000855006827114221
43702841	0.000905006345628696
43702851	0.0461887846045336
43703070	0.000900281463060813
43707780	0.00104879353030206
43709471	0.000576963216423811
43710260	0.00084437061285564
43711370	0.000525703126752029
43714820	0.000685713538618347
43717710	0.000748483486623865
43718441	0.000659311157948419
43718550	0.000596250597167146
43719110	0.000623797277905479
43719490	0.0445886504095445
43719630	0.00738359299775182
43722530	0.000606324955138869
43723391	0.00102187608742732
43723510	0.00253889572180028
43724760	0.0145110031457724
43725461	0.00400555255988561
43725601	0.0013687595444777
43726250	0.00134812045662224
43726390	0.000555061954684607
43727780	0.00164242477390718
43727821	0.0204354230250714
43728600	0.011061150423319
43729010	0.000958627337463242
43730140	0.00056417990899272
43730151	0.00317301231178466
43735281	0.00383336957665985
43735800	0.000597546178931793
43736890	0.000657505337155896
43739380	0.00628957943197012
43742260	0.0410435636255751
43743510	0.000847625408824641
43746441	0.0370689961294012
43746711	0.00122820137305587
43747001	0.0005221246669702
43749341	0.000797851986134829
43750250	0.00231786072725704
43752641	0.00271710669411315
43754250	0.0692256094947539
43755480	0.0041836104730158
43756340	0.00108092115222669
43756740	0.00262536865189569
43757030	0.00060618307422806
43758851	0.000574914670731467
43760241	0.000612904049736101
43761191	0.00179047624979119
43762240	0.261473756874683
43764241	0.000947441115686508
43765960	0.000904264960655874
43768610	0.0152921076741517
43769061	0.011508782402196
43769710	0.000596198505922319
43770250	0.000801020451140323
43773191	0.0100557725500708
43773840	0.00228129785796367
43773860	0.00112339544546408
43779890	0.000858086202809124
43779910	0.000524127862236312
43779941	0.00163177390607071
43784911	0.00261199237357974
43787531	0.00182360380096643
43787640	0.0153520107101636
43789611	0.0172724208985652
43789980	0.00284471202922861
43790510	0.00536357110570929
43791411	0.00859315996163892
43794441	0.0236463089327371
43795411	0.000889207223278495
43795470	0.0046772225439718
43799411	0.00123133910010942
43799821	0.00240144462216037
43801580	0.000758951242737713
43802540	0.00257786723057456
43803521	0.00478218761987596
43806380	0.00480728745304796
43808631	0.001274881221265
43808740	0.000748497547630429
43812081	0.0020594538827446
43812761	0.325041920547324
43816300	0.000584769505357341
43817051	0.00154791968534124
43817191	0.000609168871671098
43818920	0.00124382144656381
43821871	0.00322618405606071
43823080	0.00332163533438152
43823941	0.0024687878704931
43825140	0.000913776976342823
43828320	0.00135514689397482
43831261	0.000531226446362018
43831671	0.000791498282395875
43834301	0.00147354929659033
43834380	0.000722369022847015
43834851	0.00072870230941627
43834971	0.000878452998659583
43838021	0.0167219438034136
43838561	0.000909654675582989
43840590	0.00372971420534299
43846001	0.0747767401971338
43848440	0.0276720778556492
43849331	0.00166130369449738
43850790	0.00766974703272367
43852071	0.000654089367661418
43852440	0.0024466642436106
43852621	0.00218208043342409
43861010	0.0021329441038978
43862530	0.000516739102374295
43864850	0.000790584330372345
43865140	0.00179320194256796
43872501	0.00294953438299758
43875230	0.000949072576173805
43878910	0.00510720819776828
43879330	0.0127529372158131
43880030	0.203588259740418
43880570	0.0174814842696769
43881830	0.00799073075102204
43886670	0.00197904518792585
43886711	0.00207571699607001
43889410	0.00270352146393607
43889741	0.00200800885285655
43890001	0.00503729101605786
43890021	0.00366923115027247
43890831	0.00393122031051718
43892590	0.00553470467640636
43894670	0.00188483879311651
43896361	0.00105984678179004
43896590	0.000781013142116601
43897410	0.00162860194322671
43898370	0.00250559820548866
43898421	0.240141561175567
43898510	0.0065967836647657
43898930	0.00765073209599602
43899500	0.000851017495065183
43899791	0.00079977950027295
43907740	0.00342483626282661
43911050	0.00407086399074842
43913940	0.00252818650936834
43915200	0.000849607459559281
43915251	0.00151754567546076
43922360	0.000614471012090156
43924331	0.000677392011955013
43932331	0.00120812197743755
43935350	0.000534611345544691
43935880	0.000615138285976753
43936290	0.00117493417990706
43941731	0.000882203918754453
43942701	0.000535832663031172
43943671	0.00088143570742128
43951350	0.000645424569378553
43951880	0.00420614305735742
43952700	0.00185369759252147
43952720	0.0115573643487476
43953290	0.000713273626550404
43954411	0.00128292397805586
43954701	0.000727712235249402
43956980	0.000656393487259957
43957441	0.000625669391297961
43959190	0.000700200367285555
43960761	0.000948300765183005
43962701	0.00271548583331529
43962920	0.00739236839968242
43963661	0.00366986986249658
43964081	0.00107112423331848
43965380	0.00068721960376836
43965520	0.000710065123662193
43970780	0.000861435271250871
43971381	0.00365338954401662
43972840	0.0706687700338563
43972891	0.00702419681778739
43972990	0.18095509658483
43974770	0.000568693205588707
43975941	0.01189372783385
43976211	0.00123946474011233
43976560	0.00125877680861507
43977550	0.0349032322925034
43978800	0.00107771964250047
43980320	0.000690009101827314
43981110	0.0093873857266634
43981431	0.00705157575639458
43982131	0.00152429892614301
43982821	0.00374188474364022
43982961	0.000649787476190886
43984331	0.00152997684316527
43985380	0.0310817127967128
43987241	0.00132455278990398
43987890	0.000885468033604316
43991180	0.00210445690162676
43991870	0.000553823970402714
43993670	0.0360547243741592
43995180	0.0013221547567112
43995361	0.000926174560851725
43996201	0.0198713619334641
43997010	0.00119066704318113
43998250	0.0045667784850956
43999091	0.000818167848366125
44000280	0.000582759776131818
44000550	0.00221182487131017
44001270	0.0143087087045118
44001380	0.0016739801402669
44001711	0.0422328778176088
44002090	0.00133785484485141
44003750	0.000593024992876756
44005240	0.00556848197872453
44005680	0.0007713333209094
44005851	0.00249716220991067
44006671	0.0117482297926108
44008341	0.000525886792619731
44008471	0.00320924913248637
44009820	0.00351176467370384
44014681	0.000819386090380643
44017520	0.0008339199175668
44018510	0.000554774229283513
44019070	0.000584681164978422
44019501	0.000525956454911505
44023631	0.000898729800966098
44023750	0.00105893579490954
44023781	0.00137614410015113
44024160	0.00102328153606324
44024761	0.00676932637947744
44024970	0.00111317543526094
44025140	0.00145870701308168
44026941	0.000583574470872178
44028000	0.000586253442284321
44028871	0.0021974240266235
44029530	0.0017148535697768
44034360	0.000765841176795808
44035210	0.000921254219268067
44041711	0.000799265280159607
44045711	0.00336482248378304
44046370	0.00107846792933899
44046780	0.00125735905673883
44047180	0.00073405313040789
44048020	0.000526013976736137
44050480	0.00138060402656486
44051050	0.00331370272781171
44051620	0.00298898331266771
44055600	0.00807986923133114
44058271	0.00129129990931598
44058370	0.000574719078738109
44058510	0.00064020441301946
44060601	0.00367334604562461
44061240	0.000782204611893194
44061400	0.072543824785717
44062551	0.000533068205294516
44063760	0.00201765094405044
44065971	0.000937080273185158
44066251	0.00146457577004724
44074360	0.000684402337225403
44076830	0.00100113033594314
44077240	0.0563656576971611
44078401	0.0074345115390441
44083440	0.00144121772797975
44083740	0.000707248586977976
44084830	0.000992873167484454
44088170	0.000927900955666189
44088191	0.000530614362285401
44089660	0.000510705473756017
44090760	0.00293533553731939
44093390	0.00232878908092089
44095071	0.000831016507873093
44102230	0.00259313745382594
44103901	0.0005378401920931
44105230	0.0154142018020544
44110900	0.121593414934199
44111160	0.00516511247355187
44111631	0.000768265142992967
44111750	0.000781975739189488
44112560	0.000580661073955307
44116550	0.000634339991131342
44119371	0.00105099762234739
44120171	0.00350330454538891
44120451	0.00291350236200803
44121011	0.000689882047367058
44121021	0.00165008035409101
44121810	0.00078917671427354
44122090	0.00266537934395561
44122131	0.010170451921006
44122910	0.000879395827359863
44123020	0.00315825542309733
44124120	0.00109488376416744
44127730	0.0117412339617425
44127850	0.00059313973861402
44128960	0.00246449646141498
44129120	0.000666960046000952
44129380	0.0100719333719583
44129711	0.00269663137042052
44130951	0.000906629413221268
44131190	0.000840935749461781
44132741	0.00345002232341942
44136120	0.000763995710629095
44139190	0.00860500174533774
44145230	0.00112918167608948
44148290	0.0256832977218636
44155071	0.00940115026629273
44155880	0.00383006985878022
44156311	0.000692445734592346
44163231	0.0010648384529925
44163710	0.00394796893111084
44164530	0.000903914196375119
44164820	0.000778597979237967
44165680	0.000613459299604008
44166770	0.00157817744825407
44171740	0.00054524736210242
44172670	0.00260129353713629
44173841	0.000598718099549132
44175450	0.000532430857403918
44176530	0.00167806340663546
44176570	0.00109512555132862
44177810	0.00172292313305731
44179450	0.00121019822830821
44181510	0.0023172454594427
44181950	0.000918090340081547
44183751	0.000844483857479422
44187720	0.00335183964266674
44187860	0.00120638271200312
44189100	0.00169751441895584
44189650	0.000709812656859074
44192191	0.000743880949305819
44196410	0.0289163832511621
44197151	0.00258490436336877
44197220	0.00527513887564295
44197260	0.00189555637110666
44200150	0.000599301587631826
44201001	0.00335820014813688
44201411	0.0170330653812551
44203211	0.00579954036852755
44204950	0.00312580378272438
44205831	0.00107722038225596
44206890	0.000711340307566115
44207170	0.00585660214592511
44210121	0.000878376401900322
44211020	0.000762869748354932
44213910	0.0336468328290159
44215840	0.000857264979028529
44215860	0.00288276429745414
44218251	0.000786934358900378
44218740	0.00287283285967502
44220851	0.0024728028559009
44222791	0.00314373203616326
44222921	0.00163244987088504
44224800	0.00149665277194113
44225390	0.00657455614618718
44226521	0.000615160461998807
44227190	0.00426142566686643
44227341	0.000668276768387722
44227570	0.0387655484766487
44229001	0.000721609992798249
44229350	0.00101847762319752
44229930	0.000667352465908049
44231221	0.00279938323629834
44231351	0.00543869845451773
44232810	0.000520191269921473
44234080	0.000534710542469641
44235700	0.00201574289799401
44237220	0.000518607355578092
44237681	0.0006029832828151
44238190	0.000625746294363454
44238391	0.00488848284280036
44239211	0.00715000923204659
44240660	0.00560214840402634
44241151	0.00172207873696782
44241380	0.000526336405846903
44244110	0.000776010604067704
44244591	0.013537203660852
44245151	0.00189888188194003
44245691	0.00149415474784276
44251450	0.0014835974958884
44254480	0.00234680786351151
44256280	0.00257303449782556
44257520	0.000804232129407323
44257701	0.000690599671659798
44258600	0.0285756425007942
44259280	0.00200157336892597
44259840	0.00999328241420377
44263710	0.000865732654395988
44263751	0.00093488518221486
44265951	0.000857745034616003
44266890	0.00421338318914376
44268410	0.000830025555843115
44268571	0.000637482748287658
44269650	0.00295175466865343
44271580	0.0557154100114322
44271621	0.000652145422083831
44277561	0.000835850945548034
44279700	0.00118142459601475
44282610	0.000686931511591679
44283140	0.000932550233661394
44283461	0.00072834533044365
44285121	0.00072224400752565
44287071	0.0020831961411911
44287980	0.000655228734785159
44289281	0.0109096162464113
44289760	0.0362333449898778
44291970	0.00127239761433356
44299331	0.14910156332626
44300031	0.00302885222168177
44300841	0.000691204836725899
44301510	0.00199228382187763
44303040	0.0144179037907729
44303980	0.000757743663641689
44305080	0.00253127794244303
44308790	0.000706376063524004
44309660	0.000703859618791769
44310330	0.000613214013844816
44310661	0.00255483041883583
44311211	0.0205576505183528
44311850	0.000663747291677416
44312120	0.000573063134682488
44313671	0.00110225607455289
44316311	0.00095760176790015
44317480	0.00381258284858408
44318620	0.0163274297667253
44325200	0.000588399287860612
44332970	0.000617577858908245
44335731	0.00121672993907284
44336021	0.00456430409381208
44336820	0.000943902792489561
44337240	0.00129254179809249
44338791	0.000760887037485429
44341650	0.00185075788531745
44341790	0.102970190223705
44345900	0.000981684973034753
44348441	0.000656702958008035
44348701	0.00102837844157653
44348861	0.000701076195532501
44351280	0.0373794466468754
44352790	0.000660385251363837
44353620	0.02305180220417
44356930	0.0264364127030196
44357370	0.000725772102078759
44358320	0.00500072685466668
44358470	0.00102800995251861
44358911	0.00169813553124276
44359321	0.0010558580652215
44360291	0.00272043716828975
44360520	0.00431418388732925
44361090	0.00463059306462545
44364660	0.00107425265481401
44364820	0.00179970919889703
44367280	0.000541027203733524
44368021	0.00101495571013558
44369480	0.0209447903886908
44370030	0.0265574514249684
44370351	0.000633577014070816
44371020	0.0303597709428854
44375051	0.0011197626262351
44376780	0.000646806591228684
44377951	0.00093200617058401
44378170	0.0383350112539682
44378730	0.000599209518780952
44379000	0.00106673972148522
44380291	0.000805366711937531
44381350	0.000845866713560715
44381661	0.00213249832648509
44382491	0.0152484192277214
44383010	0.000541544073039071
44383020	0.00241896075578535
44384550	0.0124220321041039
44386091	0.00119244863690662
44386850	0.000833589492953949
44386911	0.000841950353368878
44387280	0.000627495293554495
44387341	0.00343010414192296
44392141	0.000843060398177573
44392930	0.000600520070774545
44393760	0.000608416894540916
44398091	0.0312506078199393
44399010	0.0149894196531801
44399130	0.000651830887558209
44399260	0.00442188761228013
44399440	0.00102401066305687
44399871	0.000991277293667983
44401681	0.000717864141815513
44407560	0.00857349534887627
44408441	0.363751742451317
44409060	0.000525023370821645
44412161	0.0208857451236246
44415181	0.000840561570811401
44415540	0.00374065615245234
44416711	0.000857616327505124
44422091	0.0014516897430512
44424540	0.0149272032519352
44424660	0.000657963015654588
44425681	0.00184493022791445
44426781	0.000995422540856136
44430170	0.000707916890159637
44430180	0.000757912397738976
44430850	0.00151477125663445
44431031	0.00209515266586687
44431560	0.00881894930242819
44432141	0.000570774123658921
44432551	0.0108698313077549
44432920	0.00131244150361326
44433200	0.0160181633133582
44433350	0.000756405639430243
44434371	0.00152258120919837
44435260	0.00695421133608777
44436640	0.0722047234992532
44436950	0.00093995290064494
44438621	0.0062418425837776
44440120	0.0553015433664528
44441941	0.188985270644996
44443570	0.000662292543794997
44445381	0.000666924744415966
44445941	0.216076656630139
44446221	0.012853313209573
44449060	0.000950838298121071
44450160	0.00102258566830559
44452110	0.00826937165391952
44453480	0.00156545673541968
44456930	0.0132447398625152
44456961	0.00120545161088409
44457241	0.00508606096215896
44459970	0.00714173765412646
44461241	0.0023666510696692
44464411	0.000617211408799919
44468561	0.00478340012921398
44471970	0.00169102729141269
44475530	0.000832732096070009
44477880	0.000625776544048424
44479861	0.0227849657431278
44480841	0.00191292530217573
44485640	0.00233313582704384
44487041	0.000751871646346633
44487530	0.000942127201425263
44488920	0.00222100012379941
44491000	0.00109388005304693
44492520	0.00101346902021582
44492770	0.0013393591027546
44493610	0.00107035063742804
44496100	0.00163139871517936
44497111	0.0130637937929544
44498481	0.000738085954288899
44504151	0.000645791020599167
44504421	0.000692640886275138
44504841	0.000783785500931247
44506710	0.00272897444350498
44507311	0.00772069265148536
44508421	0.00131978406748601
44509360	0.000858644386081463
44509460	0.000543514716389978
44510030	0.00252475552777369
44511530	0.0153809864535918
44512551	0.00239646041489585
44515410	0.000540812523670987
44515420	0.00052947962812757
44515550	0.00115444688137687
44515711	0.00160594857487811
44515830	0.00360154799462033
44518850	0.00212812098212253
44518870	0.00155851345887676
44518880	0.00762087135100603
44518980	0.000858329387950416
44518990	0.0204539627742164
44519181	0.00278875596526485
44520350	0.00135603227347848
44521770	0.00161748865909427
44522560	0.000908247843343021
44524250	0.00165888911891161
44526600	0.000552774336591068
44530211	0.00272369702495082
44531851	0.0011507804907343
44533630	0.000974820144854683
44535451	0.000742153057800874
44537750	0.00119368054254552
44538850	0.00276902988426552
44539431	0.00189372992503139
44540360	0.00269536989996586
44540920	0.000573726623331724
44542081	0.211977740184136
44543711	0.00068360472739238
44548800	0.000946837955215829
44550901	0.000940337568639574
44553590	0.0151694710427131
44555161	0.000592754008734492
44555280	0.00113298663163202
44556090	0.00399971289232029
44556220	0.00091114413302341
44556421	0.000825807423173243
44558191	0.00065728925909446
44558471	0.000771706841942204
44559010	0.00126194985906606
44559861	0.000886122474850836
44562320	0.0217325106849951
44564141	0.00106607046414741
44564551	0.000691750853415408
44566170	0.00121445537806972
44567311	0.00127709986712539
44567851	0.00926597576606887
44568001	0.00271744588603085
44569320	0.00141206687723794
44569610	0.00129372126386408
44569641	0.0345243641087532
44569770	0.000649098325738581
44571260	0.00242227843460846
44571410	0.000982175203654949
44573480	0.0315831861415751
44574051	0.00494277087758685
44578850	0.00539359000056381
44580110	0.00122070546413136
44580770	0.00208189386720708
44583810	0.00108174959364426
44585241	0.00142066539296233
44587861	0.0294457592239828
44589470	0.000611773678985904
44591100	0.000758642068571417
44592640	0.00153676760470144
44593460	0.0331338606535384
44594720	0.000529296794346877
44596940	0.0557708294020755
44597241	0.000516350147496026
44598410	0.000538407486541278
44601870	0.000657383463610416
44602351	0.00152130795389614
44602601	0.0126603043664775
44607311	0.00562903548762868
44607660	0.0018184122522442
44608240	0.00251404958730778
44608790	0.000622439445981794
44609750	0.0275959526358888
44610601	0.00216314776643256
44611930	0.000599516240485028
44613050	0.0166293864154652
44615380	0.000762658597073544
44615670	0.00130917494085538
44616520	0.000659455459196745
44618280	0.0582585203971924
44620650	0.0258180798145356
44622191	0.00877449571372055
44625081	0.03774013875614
44626000	0.000795998859004137
44626290	0.000666184705890906
44627981	0.000825778636443884
44628360	0.000741601346889091
44630341	0.0519299993902344
44631861	0.000623305318523936
44634761	0.00112388117416825
44634990	0.000534690174831548
44635390	0.0128497384665756
44638980	0.00261634815378419
44639410	0.0148648795377889
44640780	0.000549390577665349
44641610	0.000556341662238283
44644490	0.000893012747935341
44647380	0.0018958261228679
44648261	0.00141739954278423
44652551	0.00138790733527768
44653740	0.00218686955746272
44655151	0.00404530808634658
44671421	0.0024339336534457
44671960	0.000669758627300881
44677081	0.00483749868247794
44677190	0.588257721788117
44678440	0.000636084676239223
44679441	0.00303271768042889
44683011	0.000828201313458444
44689501	0.000770029628740368
44697761	0.00422578108155064
44698461	0.00449133893561179
44699011	0.00068825408120701
44704330	0.000787308372103002
44706150	0.000929134871354301
44710000	0.000818663458110127
44722280	0.0404038064194985
44724541	0.000765433212056902
44725091	0.000860269610343348
44726420	0.000937085344353713
44729710	0.00102129159923593
44732391	0.000532947043061359
44732750	0.000629990051516637
44735021	0.00126812158648274
44735961	0.0215098167097945
44743100	0.00118150195070123
44745361	0.000877685820582333
44747161	0.0069390452553232
44751711	0.00596385964292309
44751780	0.00319787910828977
44753300	0.0237952676297199
44755090	0.00274588430574921
44755940	0.000833479066490779
44757460	0.169625873418491
44757481	0.000703300652581019
44757980	0.000667738435814222
44758130	0.00261724229179051
44762020	0.00127565989171238
44762430	0.000895131122013329
44763110	0.00947587334311916
44764251	0.00067688151694893
44766280	0.000674084237823759
44766960	0.00152659037057555
44767500	0.00275098114779214
44769081	0.000641812395019298
44769700	0.00414510306947637
44772050	0.569668928684887
44772470	0.00339675456228749
44772910	0.00102590831804189
44780770	0.000608432830541377
44780780	0.00060599777105809
44780900	0.0438765770100129
44784200	0.00188581918129522
44786970	0.000635440564407339
44788900	0.00275514327735459
44790191	0.000532584106657052
44791090	0.0226703196306218
44791831	0.00683903770714562
44792101	0.00891481619831484
44792340	0.000686522009101956
44793040	0.0223198763859154
44793710	0.0015169631258953
44795490	0.000589574284155109
44795510	0.0237533287761795
44798430	0.00215111728517558
44799701	0.00159665987822836
44800091	0.0009850473818664
44801071	0.00409254610033
44803810	0.000602346254730792
44803910	0.0125849819236607
44806530	0.000673890421375896
44809720	0.00204116227701907
44810670	0.00300338208909839
44810810	0.00498262691704206
44814871	0.00260820285663617
44816490	0.000829203702443772
44816671	0.00104264817198313
44818390	0.00228803536645805
44818400	0.0024101509503087
44818810	0.0058545506329656
44822840	0.00174683332871484
44827141	0.000881326630782565
44829180	0.00554068778673796
44829891	0.000922293901314785
44830991	0.00252863690325505
44831090	0.00074470883429031
44831390	0.000703983126258401
44833061	0.00181927220185667
44835780	0.000521775681185932
44836470	0.00178199511258386
44837850	0.00111252960237843
44841150	0.00135692311192449
44842981	0.00741103428860564
44843490	0.000581712398304855
44844340	0.000806858816316454
44853051	0.000667536127291386
44854380	0.00113957447320453
44856590	0.000789225150424864
44857980	0.00059073537377302
44862861	0.000949743378514467
44863141	0.00212972557551319
44863660	0.000768959196816237
44864040	0.00382074367259649
44865580	0.00317364154496827
44866441	0.0114411268542788
44871360	0.00219060836923114
44871821	0.00166225564590402
44874240	0.00397484083530804
44875551	0.000671299053622965
44876091	0.00074674896487504
44876880	0.013429491603037
44878420	0.0227001130344721
44881850	0.00939106400842103
44883630	0.0204068919008688
44885440	0.000854104222699404
44887271	0.00154556652037156
44887620	0.00114405972572483
44894581	0.00061039154101765
44895490	0.000658176126385933
44900880	0.00395435256833266
44901461	0.000723857445156652
44902550	0.00112812137568418
44904350	0.000926059605122624
44905420	0.000743031289694908
44906400	0.00585003575552342
44907411	0.00106111067755504
44908340	0.00273599270929795
44910701	0.000738395810723154
44911650	0.00800102793381827
44912200	0.000577731851011371
44913181	0.000600931050368989
44913840	0.000825959718579538
44915220	0.00074034857971044
44916460	0.00492032554699101
44918561	0.000570344305169258
44918861	0.000520119575835368
44919380	0.00311826871055787
44923200	0.000630420423489159
44925150	0.00330694743181041
44926260	0.00488568360975791
44928860	0.000711980241001164
44929270	0.0131239646506714
44931500	0.00115174829300339
44931900	0.00279846635803947
44932931	0.00101780377694303
44933601	0.0271274705361037
44935750	0.00198602388572053
44935890	0.000827060313949596
44937160	0.000654690966219959
44937201	0.00213775354411396
44937601	0.0014389250252733
44938960	0.0020376256757654
44939360	0.000658235402686007
44941300	0.00270597492977006
44942800	0.000857842613139853
44942820	0.00078727664454679
44943541	0.00144189916977101
44944211	0.0223534848468638
44944330	0.00402892690699992
44944351	0.000737918798625319
44944610	0.00254513971906844
44946510	0.00201537609966889
44946790	0.0019648219972103
44948200	0.0241346332684781
44951060	0.00081960117543392
44951541	0.0014304925710084
44951811	0.000939501317521069
44951961	0.0151354960365804
44953751	0.00274296909271768
44953871	0.000582738708614167
44954250	0.000730165672472069
44954800	0.000858971910789442
44957191	0.0227734150431073
44959220	0.00384599965446104
44959671	0.00341226867964137
44960351	0.00773567192751895
44961130	0.00192096695389376
44962000	0.000874798461914618
44962431	0.00181664193958651
44964030	0.00197986257273197
44965341	0.00387916046548458
44965440	0.000835308228524248
44966650	0.000542945593916173
44967261	0.00146397792084867
44968511	0.0097518466182641
44969461	0.000888472777101009
44971111	0.000665236691654893
44971121	0.000663380460928576
44971200	0.0289495942139114
44971251	0.00635264238220529
44972101	0.000626800605838666
44972621	0.00118785747905162
44973000	0.000784900049754508
44973150	0.00443252587485967
44976050	0.000792925628075933
44978021	0.00255687139603269
44979961	0.000701761647315883
44980030	0.00066857804753028
44980050	0.0329388824263105
44980091	0.000665655714411971
44980631	0.00188936335408386
44981990	0.169030263191946
44985130	0.00251498981985213
44986120	0.0413447839533536
44986711	0.000563539074498431
44990650	0.00261431901911812
44999190	0.000762156162001688
45001280	0.00326780804123389
45001290	0.000842619388941338
45001861	0.00081806039411784
45002831	0.00187059441334899
45003210	0.000732152040215082
45003401	0.000651850714940633
45004320	0.00215977814587151
45004511	0.00128105360698063
45006090	0.00076535985826617
45007230	0.0011322772037548
45008221	0.00697773130110389
45012170	0.0344064515133481
45014411	0.00053895840488945
45014790	0.055063381832884
45014920	0.00660564783118171
45014940	0.0010907165069167
45015791	0.000641090004125558
45016050	0.00680532815217635
45016880	0.00745016474369071
45017020	0.0053115120054011
45017611	0.00179628105174402
45019610	0.00352082006911183
45024641	0.0005882539804677
45030551	0.0011172865994084
45033300	0.000988050703935425
45034110	0.00243221476139594
45034551	0.000786769092205887
45035080	0.00112234700312311
45035330	0.00150739095333188
45037570	0.000551966136272146
45038670	0.00226664751980991
45038831	0.000525244112456928
45038950	0.00123606603327213
45040050	0.00116802230075896
45040590	0.0044943623259225
45041581	0.000929679341468463
45043190	0.00226593902190228
45044621	0.00716720444397737
45044990	0.000623730911769481
45048840	0.00120054176960115
45049390	0.00134191578531992
45049451	0.00267074088683113
45054770	0.000728864839593958
45060430	0.00914455651835491
45060470	0.00303169172720373
45061840	0.00415482504675196
45062510	0.00189235958432743
45065390	0.0698066774994007
45065601	0.00316072714791513
45066141	0.00591648067855464
45066691	0.000745822437172505
45067521	0.00072378710835394
45067630	0.000701800346621264
45075320	0.00455121945662082
45075330	0.003009401098089
45075391	0.000680501704246473
45075870	0.000855845205085898
45076330	0.00297802631751479
45080840	0.00267981867265773
45081390	0.00106161586295226
45081570	0.000622226564231045
45081741	0.000925913605230097
45082131	0.00344497276409722
45082701	0.000574335314795758
45083111	0.000866193104610741
45084361	0.000521581528829844
45085420	0.000919469390919477
45086291	0.00424996545624817
45087921	0.00459646117573201
45089711	0.0208726244586565
45089960	0.000716886900247137
45092020	0.000779815365591548
45092160	0.00126871685700085
45095801	0.00110897102137735
45099040	0.00192993694240659
45102951	0.0020592379488468
45102961	0.000820807598003817
45104010	0.000928455486459909
45104030	0.0895509046189218
45104320	0.000873486989078443
45107630	0.000658721357264926
45110500	0.547685832794287
45113150	0.0308196027656884
45113280	0.00132458792989497
45113441	0.134787603215953
45113601	0.000747813936405452
45114640	0.000556293907413428
45115190	0.00056268043050909
45116310	0.00321772443245006
45116320	0.000818448917649102
45116730	0.00693098501314892
45117950	0.0968761562619082
45118230	0.0106955196031408
45122360	0.00858654541880664
45123050	0.00109593266137451
45123921	0.00088974291227708
45127740	0.000731845878315935
45127801	0.00382109210757273
45130080	0.00221807069167215
45132331	0.00054796062890317
45132901	0.000627808834927374
45133041	0.00064570795980707
45133871	0.00304564086199714
45136211	0.00159503673912283
45136891	0.000860307037861237
45138080	0.0703914230935821
45138141	0.000654625833362309
45138220	0.00440063362932877
45140710	0.0147762687588826
45140761	0.00524682794324034
45141680	0.000636245706660728
45141700	0.000624856383053215
45143190	0.00343967277721237
45146281	0.00228816487963608
45149410	0.000587423525668631
45149451	0.0016472394022784
45150951	0.016288669564114
45152430	0.000989629380758602
45154971	0.00213861820928587
45155880	0.00287034433630805
45157291	0.00522768752467597
45158220	0.00105347967251367
45159350	0.00336725321102551
45161981	0.00119860228868662
45162350	0.000643217070152724
45163661	0.00294555201427278
45164300	0.000633367030963168
45165380	0.00797113756922704
45165560	0.00206119414329404
45166121	0.000699144526885946
45166131	0.000615737213321912
45167371	0.000847186770258611
45169591	0.000643376877444374
45172010	0.000734202508392397
45173431	0.000817680461708402
45174531	0.000733268620492121
45176990	0.00477776056962213
45178480	0.00119507486723208
45180690	0.000678539488255398
45181161	0.00592979387854814
45181670	0.000744508036311762
45182220	0.000824483707583934
45182671	0.000729845319777882
45183030	0.0459554316299153
45183320	0.000570711178427579
45184690	0.000669687576806928
45185861	0.000728272401089162
45190951	0.00592110605532158
45194760	0.00147608383752221
45197420	0.125813781648071
45198961	0.00130962786660505
45199221	0.00441645466919864
45199241	0.00438506684416237
45202391	0.000516416827864762
45204061	0.00100736895591343
45205530	0.00245841614162168
45207081	0.00140931073564349
45207771	0.000836486545462066
45212440	0.000583760168186807
45212860	0.000878792337755922
45214750	0.00125192390174255
45215911	0.0523526999734063
45219470	0.00115171204531435
45229270	0.000846742509409605
45230961	0.00208864206996049
45231210	0.0126075523310654
45231781	0.00173890658038341
45232160	0.000629705537707327
45232580	0.00277015523659508
45232601	0.000539425701196926
45235170	0.000636129249921029
45235351	0.000664923103116766
45236020	0.00104880992815796
45238220	0.00288275138080484
45239480	0.000972033185297736
45240850	0.00469777668395654
45241711	0.00201293563801397
45241960	0.0028281796075195
45242340	0.00524855969591278
45244690	0.0103157533968732
45245291	0.000667394523095172
45246630	0.0016774495830688
45246770	0.000627826271894255
45246910	0.00188581793068458
45248451	0.00105061798633686
45248891	0.000879807468118906
45249650	0.000783814196399235
45250500	0.00378886916939438
45250661	0.000971437989656219
45256150	0.302425339999698
45257790	0.00264067468538339
45258920	0.000540827100180798
45259740	0.00328192466796203
45260410	0.000680370934128385
45260440	0.00175214604301737
45262821	0.00196428627119491
45271761	0.00905992157019461
45275050	0.405225437535858
45277571	0.000809692435161304
45278340	0.00146211572380129
45280300	0.00969019359306951
45280960	0.00292572394171953
45281090	0.000696206336736729
45281370	0.00167110903455819
45281701	0.00179336883482601
45281780	0.00128402586948399
45282931	0.000558681014399719
45285640	0.0015142805566626
45286880	0.000686503237511703
45287231	0.00944733725378606
45288130	0.0822136986153954
45289390	0.00113867157490863
45289500	0.000644696231527541
45289581	0.00450571568049633
45290760	0.00251040280318495
45291590	0.000521504498820918
45292451	0.00831460970295201
45299200	0.00151026446189073
45301640	0.001367259258028
45302200	0.00369154203124541
45302220	0.000708961631817967
45305561	0.00548292094654796
45307231	0.00794864010521812
45313360	0.0019452268531596
45314370	0.000781796056762981
45319020	0.0663999040161828
45321701	0.00312489294717796
45322210	0.00358229706254286
45323020	0.00190803425663712
45324120	0.00144996477237631
45328680	0.00301484044487589
45329220	0.000781373336450052
45329520	0.000824294553422569
45331351	0.000536774870818794
45331590	0.00125191944125352
45334750	0.0208545334566029
45334920	0.0824240056225882
45335211	0.000639565533551911
45337230	0.000872962287812492
45337530	0.00200080329213189
45338900	0.000856610766710351
45340010	0.000530367026459838
45341510	0.00094964443635285
45346500	0.00107775595270749
45348000	0.000516060750896998
45348461	0.00203962011255288
45351170	0.00169281762930068
45352581	0.00115340907341776
45353640	0.58370538824743
45353790	0.000810002761868723
45354951	0.000638092114091426
45356031	0.0213580102182705
45357260	0.00380809633405522
45357670	0.0160603354167208
45358921	0.00350483287181115
45359911	0.00732489831852107
45361701	0.00223393262727356
45363481	0.00346364054964078
45363901	0.000565328719977496
45364010	0.00356241786188847
45365831	0.000552906674542262
45366190	0.00126714140238187
45367061	0.000546929617720277
45367351	0.00233329191871746
45372940	0.000582994911956087
45374231	0.000701048544731888
45374880	0.00434078579561847
45377260	0.000608582861466241
45383351	0.000826648592706536
45385421	0.00226563039950552
45386371	0.000569330285198461
45389530	0.00125128810488628
45390870	0.000825628881699577
45393141	0.274350598958291
45394350	0.000659279088698285
45396980	0.0041116746286967
45397271	0.000711783929512416
45398330	0.00254524788014844
45398641	0.00171636491856201
45399030	0.0036755178028692
45400311	0.00138700889691823
45401421	0.000657521864426186
45404140	0.000915287307707213
45405080	0.000857954292123612
45405660	0.00101904856056223
45405691	0.0409182120629166
45407911	0.1566057785408
45410941	0.000573466245536276
45413790	0.000879913938258097
45414661	0.00151393457567602
45415471	0.000758047489656392
45415860	0.00453914792354664
45416800	0.00136095502759825
45417230	0.00125325742697579
45418880	0.00206431893928845
45420311	0.0739505723252175
45421100	0.0006087970634409
45421370	0.00123257492861604
45422391	0.00063379257215829
45423071	0.000984605160521812
45424181	0.000653528715189098
45424451	0.000655673957986825
45425131	0.000928771865011799
45425671	0.000800754764394117
45426460	0.000884904852438869
45427140	0.00131638755480154
45428290	0.000969760695226895
45429250	0.0035150957237334
45429780	0.00324030793855076
45429961	0.000604699563767244
45430190	0.000988746580396479
45431990	0.000693847015491792
45433701	0.00381875702728103
45433780	0.00217336468056819
45436800	0.00135633983943809
45447180	0.00321380421750125
45447280	0.00398304885161688
45451700	0.0298071295665624
45453630	0.000852716433181056
45456680	0.0163931935895092
45456810	0.0923994625910843
45458450	0.000602803140842456
45461520	0.00449390340331198
45463741	0.00437521977753611
45464380	0.0013782288662436
45466781	0.00384334430110801
45469551	0.00144966657783661
45474921	0.00106594385195205
45479830	0.00280986082531626
45482371	0.00189211674219516
45484451	0.000533289463547203
45486241	0.000535832663031172
45490600	0.000553062357715339
45490911	0.000656944300752062
45491550	0.00267656650950515
45498350	0.000692002851392085
45500820	0.440069698637515
45500861	0.00275311974869464
45502651	0.00164568302933335
45512550	0.00160623751707485
45521090	0.00106212749299767
45524161	0.0161836522304392
45525210	0.00372230172190704
45527751	0.00123676566989109
45529090	0.00113253284292771
45532370	0.00112308955395427
45533951	0.000734840204079996
45535201	0.0218106105122226
45537411	0.00398281152391948
45539051	0.000714534144298395
45540151	0.0581975408207984
45540930	0.000577719465457732
45542180	0.00814095385320667
45544851	0.00113973791035583
45546491	0.002024811697515
45546860	0.000974837890300193
45548550	0.000729655734758193
45549910	0.00076737728191006
45550231	0.00052050734268115
45550641	0.00375023189535374
45551000	0.00637277778671227
45552161	0.000533365185854651
45552530	0.000819775782693677
45552920	0.000836878896178595
45557240	0.0208068687698673
45558081	0.00154878656875338
45559191	0.000812215737690927
45561480	0.000645243761541718
45562470	0.00702782721790439
45562651	0.000522791989870592
45565340	0.000627733011355672
45565470	0.000879072867442235
45565821	0.000740548095661677
45565910	0.000727561253201528
45568031	0.000800205297092957
45570071	0.00110924824230548
45570081	0.00162355023887353
45570590	0.000563373035675592
45574750	0.00553609398371374
45574990	0.000582226050076416
45577671	0.000579785095032977
45580270	0.000699061994586403
45581190	0.00128191832319577
45581340	0.00291815576033049
45581821	0.000658356236239804
45582450	0.00111145663473569
45582860	0.00775464624084919
45583720	0.0019255201833213
45583830	0.00192464103431373
45585671	0.000548544606387643
45585681	0.000712099112454088
45585791	0.000609824767703735
45587030	0.000723091431198157
45587751	0.0135019500259907
45589121	0.00174567442751367
45589391	0.000604614598885121
45590180	0.000847407680485143
45590610	0.0412025951682575
45591540	0.000854524618406101
45593230	0.00287954796366944
45595710	0.00249306737094028
45595721	0.00210781197867981
45595990	0.00118843420317476
45597531	0.0173176426124949
45598190	0.00206245847596009
45599580	0.0307534982027553
45599710	0.000782758050118873
45601101	0.00126841882022873
45601760	0.000528537725448623
45606310	0.0685078320331608
45608360	0.0736647637056342
45609060	0.000800961376707864
45613780	0.00100099078689821
45614351	0.000862221709916953
45615270	0.00056449249359725
45617261	0.000573048282924898
45618621	0.00126416563517917
45619611	0.000568679959518513
45622180	0.000539441283072376
45622710	0.000722040070836468
45623120	0.00284271491669438
45624141	0.000687827787600751
45625391	0.0207385717912663
45625661	0.000543448727205398
45627980	0.00193996120589638
45629050	0.0611866162630318
45631191	0.00122552365675237
45632021	0.00909067889668135
45632940	0.0020817814320285
45637080	0.0212899016816342
45639680	0.0038005700367126
45640691	0.00126699144337116
45642290	0.000748906835263466
45643710	0.0112295298763527
45650850	0.0145072544176985
45655840	0.000930206641064012
45656551	0.00222625384150717
45663250	0.000818456521955206
45665340	0.000643226712668551
45666061	0.0129903191797071
45669470	0.000797228865150598
45670190	0.000565015355807182
45671390	0.0014064229662613
45672281	0.00196323392979953
45679861	0.00369941974199832
45679991	0.00210265489302423
45683980	0.00118517211319247
45689941	0.000654114084480702
45690180	0.000856085718226794
45691711	0.00167069330839639
45697371	0.00658391023704976
45698061	0.00197456721703158
45698560	0.00167599795300734
45698720	0.00271728078983366
45699711	0.00118898071558882
45700350	0.195370107118404
45700530	0.00468916488528115
45700841	0.0334561473751415
45703670	0.00748542203719323
45705941	0.000815855452459424
45708141	0.00231509878914752
45709480	0.000568963623652466
45710010	0.000808875766546487
45710030	0.00154676004462375
45710191	0.000787778870299386
45712811	0.00151794852289474
45713340	0.000944642855525441
45714440	0.00331117946815918
45715270	0.168387506403499
45716281	0.00105781465467418
45717661	0.000594704864790817
45721910	0.000616839273353305
45723400	0.000746300261675435
45723700	0.00253004825661637
45723861	0.00181396567109819
45725040	0.0909575024653039
45725870	0.00263705068986784
45726170	0.00475465257984387
45726590	0.00289026443665586
45726970	0.008305518335315
45728261	0.062373022012228
45729501	0.0027546253133086
45731000	0.00528905152237814
45732800	0.000857289576743593
45732930	0.0228868685253067
45739380	0.00354545220915033
45740500	0.00351706556301316
45741630	0.00392006398252256
45744691	0.00347342389283146
45744900	0.00228217413973345
45744930	0.0247133333883968
45747800	0.000608484924367484
45749490	0.0010179660641339
45750180	0.0106339381594325
45751581	0.00136985568653461
45755420	0.000532942350175905
45760350	0.000844645809560671
45766410	0.000551260441861671
45767400	0.000819005809186964
45768261	0.00296993019695951
45770611	0.0461886717034634
45771711	0.00589698344218402
45772401	0.000583581652563023
45772790	0.000856583998572135
45774840	0.00185880303097611
45775171	0.000826201942793248
45775790	0.00360447410195738
45777760	0.00769280106186525
45778621	0.00110270408352233
45779390	0.00068198110440207
45780080	0.00102095135930583
45781651	0.000665087561199999
45785631	0.00150117994704598
45786030	0.00060660058904616
45786761	0.00127007929367787
45788121	0.00415726655656709
45788770	0.00106598265924506
45789750	0.00103002404660095
45790030	0.000655010671440398
45795820	0.00069212311710194
45796210	0.000840086353245976
45800360	0.171536131559431
45801900	0.00362656502601746
45803790	0.00119435680004151
45804531	0.00165740734261746
45804541	0.00186645432238497
45807240	0.00187860550811181
45810000	0.00122770064607485
45819000	0.000552985263890947
45819151	0.00100789682704573
45832510	0.0385627835808159
45832811	0.000711805432776965
45835230	0.0124118209960475
45837740	0.000835025147291424
45844060	0.000822438503251604
45846311	0.00859710551470742
45852610	0.0020351725603655
45855540	0.00481793923125649
45857200	0.00182374061120989
45861180	0.00136474834392163
45865641	0.00315388048961668
45876401	0.00359837419828037
45877621	0.00652622701817832
45880391	0.00117519103604965
45881750	0.000604608481123365
45884251	0.125446731134079
45884330	0.136082852029626
45887441	0.0192030815550863
45887670	0.000751172953080125
45887820	0.00472962595467086
45887831	0.0164882564496145
45888910	0.000536596773633311
45889071	0.0442014111851019
45889470	0.00237229694231389
45890290	0.000679262495591507
45894440	0.230734032442762
45896490	0.0024080882452271
45898321	0.000831303617526347
45899130	0.00491351466066131
45899390	0.0206866801936859
45910591	0.000658353720052194
45914560	0.0138511311304272
45916801	0.00339102114141966
45917081	0.00232723139027135
45919011	0.00634105599825288
45919551	0.00102034479420963
45921221	0.0157341743264109
45924371	0.0279080299045055
45925050	0.00371315761770161
45925290	0.016398316079213
45927421	0.00204762546199268
45927711	0.00102116763503244
45929751	0.000547979985052385
45933330	0.0103523318749921
45933361	0.000700484813014557
45933870	0.0030999278391276
45936340	0.000974672657429446
45938680	0.000557983891806788
45939670	0.00122394275635896
45942041	0.00216217244154634
45942721	0.00901280635428704
45943910	0.0069200630031183
45944350	0.0111876411143332
45944391	0.000865729571579166
45945850	0.00149245311586806
45946041	0.00103333543022396
45946130	0.00700267578841614
45950390	0.00977580340415827
45950871	0.00752442713649243
45954290	0.00128347089881236
45954810	0.000738740863976242
45955250	0.000842479005105803
45956101	0.00103085397440793
45956521	0.00223784520165092
45957501	0.016315452460462
45957580	0.224873857317034
45957901	0.0467078701679603
45959011	0.000846190700532787
45963080	0.000648130328525428
45963291	0.00059835899026676
45964350	0.00253389603155815
45965050	0.0113329914083843
45966410	0.000874896913040383
45966991	0.00116353536772186
45967670	0.0968818678032833
45970441	0.000844003555476799
45971260	0.00148458705342529
45972870	0.052963624767807
45976620	0.000891402354128919
45976890	0.000864012503144262
45977351	0.000626634498720981
45979271	0.00369350741184784
45980080	0.00249744300683856
45981040	0.000902755426827258
45983411	0.00102550596951496
45984241	0.00107524659148887
45987240	0.00155513724179244
45987500	0.000523938928711431
45989570	0.000570412807861873
45991981	0.0013249120328219
45995701	0.0090932997871605
45995900	0.0679967243123416
45996381	0.00130123854063871
45996620	0.000520220198162789
45997180	0.000684475189544393
45997191	0.00112991021629895
45999811	0.00189230260281016
46001020	0.0167696215449479
46002140	0.00129879589385416
46002540	0.00117923004703141
46003380	0.00240943823458781
46006680	0.000685711268782492
46007800	0.00264944362585159
46015230	0.00118770897580629
46015821	0.000745827316635025
46017611	0.000927180595929072
46029741	0.00294307488111787
46035760	0.00278825164526613
46037140	0.00284815103931998
46040760	0.000610966267485115
46041491	0.00558621957396678
46042400	0.00514163593976445
46044521	0.00059059253247908
46045211	0.00110011627549779
46045901	0.000606744579965717
46047971	0.00230604882891828
46048371	0.000693569055411474
46052661	0.000968854512739361
46053040	0.000780259141651395
46054540	0.0005181933988646
46058800	0.000734056029401631
46059920	0.0347582694206691
46063251	0.000828899014754787
46065051	0.000775370955058914
46066410	0.00165000421684442
46066540	0.00790148820973222
46066581	0.001354640645395
46068330	0.00190053741151129
46069761	0.00231172807755098
46073310	0.00385536104296069
46073560	0.00134465345639859
46075691	0.00134932292942778
46076371	0.00575921269442871
46080350	0.000594071908382988
46080460	0.00156729795573626
46081761	0.0278847324428423
46082670	0.000842554403586938
46085191	0.00062223467268573
46086291	0.00202524345463393
46091780	0.000751017145916464
46094680	0.00280348431501437
46094970	0.00106498833826675
46098981	0.00397085336877716
46100050	0.004096365490471
46101461	0.00211269443355306
46102031	0.00717368972079925
46102510	0.00111267764656583
46103760	0.00061144213902101
46105970	0.00357547383831756
46106260	0.00104952615020175
46106940	0.000605253324659441
46107610	0.00131966594933761
46108300	0.000728885732474146
46108491	0.00467406457013802
46112211	0.00514032716918051
46114421	0.000801579379999559
46114991	0.00250746605509168
46115121	0.0212294710110597
46115490	0.00204725110052478
46115790	0.000584122851258586
46118011	0.00245145052135247
46119340	0.00189831006389053
46120070	0.00181162723936242
46120371	0.000971517662969771
46121990	0.000991580908853957
46122520	0.000977477398984328
46125201	0.000637896101991754
46125481	0.000574325388855889
46126250	0.00164888256233297
46131080	0.000529043063765809
46131220	0.00488569569931668
46132450	0.00172335520623782
46132620	0.0181990610449922
46134841	0.00931189597636025
46136651	0.000572243502891633
46138130	0.00104698005888602
46138581	0.000956600157521905
46139531	0.00151470846293833
46140761	0.000701779624382938
46141820	0.000887383795566094
46143521	0.000696606430248196
46143671	0.000852266192827342
46144710	0.00064952074031612
46144730	0.0107570197999656
46144901	0.000613207570433527
46146810	0.000552932092472882
46146950	0.00161404361921344
46147330	0.000866991535587298
46149970	0.000611126818550715
46151661	0.00060952627667919
46153061	0.034086814053465
46155241	0.0969139844849044
46157471	0.000648158940120508
46157700	0.0092292858556343
46158960	0.000597636941176929
46163261	0.000531755321393397
46163650	0.00462946558682921
46166270	0.000707518672717683
46166971	0.00154943775283272
46167121	0.000748896366140322
46169061	0.00183843873893935
46169130	0.00177138149828654
46172221	0.00166905344697757
46178151	0.000594815176815212
46182281	0.0549789646084547
46185970	0.000626374079999372
46186691	0.00091484766681385
46186831	0.0135861223965237
46190260	0.00447086947055634
46191880	0.000617865617625311
46196491	0.00345757660089919
46196781	0.0038289413659087
46207500	0.000653200981925921
46212061	0.00074710198577009
46213290	0.00439537205667178
46213861	0.00153183734848612
46214151	0.0025009151617897
46217150	0.00497972554036178
46218780	0.000808114520626285
46218831	0.000919638473290581
46224180	0.000755228231429201
46225570	0.00349594702530841
46225591	0.00057069699135327
46226021	0.0011201324427655
46226520	0.00069940097740649
46229991	0.000873466625492874
46241130	0.00171658233010703
46242500	0.000684849702159071
46245980	0.000739835712355654
46247320	0.000644878653166884
46258971	0.00089988562720254
46265810	0.000735337318735803
46267391	0.00664933847965334
46269051	0.000696178318476768
46271511	0.00086615564997221
46273171	0.000699836762464173
46274090	0.00076176137700473
46275801	0.0712382017974214
46276341	0.00102446189969006
46276850	0.000742241874862377
46277000	0.000608988703545885
46289041	0.000757209885132475
46296611	0.00213414413249654
46299091	0.00106119976861105
46301311	0.00776241964786135
46302530	0.00143434245713389
46302961	0.219412897880127
46303781	0.00217794403514022
46304710	0.00104779932063168
46307511	0.000594972337398246
46310961	0.0025694282677254
46313110	0.00107939535098954
46313420	0.0033689877256807
46314681	0.0183484046094665
46315610	0.00126963137327073
46317721	0.0505786552928773
46318281	0.00449101114931348
46319060	0.0008752766461951
46319371	0.000524491766003619
46322281	0.00477073744095817
46324290	0.00073273189614695
46324611	0.00163721623724142
46326490	0.00202033318579647
46327320	0.000698679113663529
46328870	0.000976566309275779
46334760	0.000724575255336184
46334930	0.00143988729503793
46336570	0.000826342807312978
46337400	0.00938662192507259
46337591	0.00159594635817631
46338541	0.000549596007080482
46340140	0.0018046119541197
46340310	0.00353523970672705
46341550	0.000894137418047362
46342650	0.0453423130761504
46342770	0.00236845342653772
46344891	0.00311839515399904
46345250	0.000600524056847043
46345660	0.00265648486149791
46350780	0.000698049371802441
46351101	0.000834708175609709
46352830	0.0195398205699554
46354391	0.000787148283063434
46355760	0.00126064287317944
46356410	0.0018721033140323
46359490	0.00266124087363995
46360761	0.00266945695194745
46361390	0.000680854686558472
46362920	0.0427050118795607
46363060	0.000692987768600192
46364901	0.000896801290669872
46365291	0.17556128465415
46366100	0.0018505450539574
46367180	0.00054221001923886
46368481	0.00745721497723736
46371590	0.00225249868112303
46374900	0.000642645278120076
46380000	0.000565753429112975
46381561	0.00946944280891854
46381670	0.00121632052067474
46383221	0.00138994915649253
46383890	0.00395063479091653
46385000	0.00284612887673159
46385390	0.000532803314430365
46390271	0.000854177526527815
46392590	0.00177764917672886
46393130	0.00314348134313306
46394661	0.0124720862575996
46397441	0.00126801492321357
46398760	0.00179774867759077
46400041	0.000524793597979389
46402210	0.0415552296429572
46404700	0.0155120201614828
46404980	0.00104119022696874
46407480	0.000966804374960958
46408980	0.0122128964029255
46409250	0.00123905383047563
46409410	0.000847008587908775
46410661	0.0603858642781292
46412871	0.000734680731934776
46412990	0.0426743489124861
46413660	0.00123087986563836
46419241	0.000700667951949263
46419590	0.00119902372359113
46420820	0.000613652514679899
46421120	0.000651076943682609
46424041	0.0108635854398802
46424871	0.026903478555493
46426090	0.0011761452858431
46426541	0.0005355451932255
46427361	0.000959425861881549
46429110	0.00975555301964969
46433960	0.00117242356264697
46433991	0.0022881162565224
46434090	0.00622453781186001
46437691	0.00314326170564609
46438090	0.000600378006888559
46438401	0.000838811597229721
46440341	0.000724323030242815
46441930	0.000930683133515843
46445240	0.00553821937849037
46446770	0.00231132173356309
46448550	0.011228162628377
46448871	0.000548156271159423
46451200	0.0346564381472988
46452861	0.00469913594058824
46454661	0.00284008446931609
46455590	0.000776768421479321
46455870	0.000763200055350066
46456331	0.0178830093076432
46458760	0.0175751396927563
46459020	0.000849755753176553
46460560	0.00941586981897518
46460850	0.000529981947380403
46464321	0.00363196838650875
46466531	0.000752981956129566
46467511	0.00266868077524091
46469510	0.000905391511673361
46470951	0.0022808714051426
46472461	0.0314107279348643
46473950	0.00116031505608709
46476010	0.0208679651616968
46477001	0.00317756444451789
46477271	0.00792327761653828
46477920	0.0909394703816189
46478750	0.000855605716832788
46481001	0.00073768662716424
46482880	0.00070113281119846
46483200	0.00066709847711039
46484581	0.0023823528294652
46485370	0.013755373338128
46485800	0.000543148766067743
46486070	0.00209713395578602
46487290	0.0012764069273453
46488420	0.00451472864006274
46488970	0.0012658598950284
46490111	0.00154905426617877
46491030	0.00383446097807349
46495621	0.00832631613767295
46496820	0.0110563839771987
46498261	0.00081751645989853
46500051	0.00223149753170248
46500160	0.000837856905968549
46500430	0.000749598011148445
46500601	0.000530612122242076
46502661	0.000977755163597821
46504451	0.00130216054389473
46506620	0.0138098768392152
46509291	0.121519676151906
46509971	0.000799641680445122
46514521	0.00152976280909921
46516051	0.000827026887500391
46516120	0.0010921931253633
46516191	0.000770906870259125
46518391	0.000757844215676477
46523320	0.000730126401681082
46524410	0.00500440415116979
46525240	0.000618060843363939
46527170	0.000522308346949108
46528540	0.00535661862713065
46531150	0.0054560642249433
46531221	0.000690571554058513
46531740	0.00277325404843022
46535440	0.058498856621123
46537260	0.000870694402652794
46540250	0.000557622075327672
46541380	0.000537914012131749
46541571	0.00379947388340855
46542101	0.302583703037775
46543300	0.000643235865530281
46545930	0.00102559971614033
46546190	0.00184659145944303
46546760	0.000615854934591169
46547310	0.00101836815513824
46547330	0.00142517946449173
46548301	0.0199114807156125
46549100	0.000605342492546519
46552150	0.000844539709836131
46552940	0.0043335442405269
46555440	0.00175613203799986
46556670	0.00106139162775794
46557780	0.0017782390439964
46558091	0.00253284416645035
46560051	0.00258437568892482
46561011	0.00158315719773538
46561431	0.00321324991581292
46562480	0.000720908009732886
46564940	0.000755464814398769
46566251	0.000721180892722749
46567341	0.00724275150574833
46567361	0.0330507970195294
46570241	0.0315492461015012
46572250	0.00187689892634622
46572960	0.00349109886266553
46573770	0.000718657004206196
46575071	0.0415275850832103
46581660	0.000694519465699014
46582231	0.000771384902867329
46584540	0.000773507408410066
46586750	0.0085565026159724
46587201	0.00255768570826336
46588110	0.00101421712843262
46588451	0.00065833594664194
46588721	0.0435248801086435
46589951	0.0048680724221176
46590590	0.000684708309167526
46590610	0.000836414063433657
46591901	0.000909084793617647
46596031	0.00071035678968178
46596311	0.00293632196070362
46597691	0.000712410970071949
46601390	0.00112112440494824
46601930	0.00106407101644774
46603481	0.00090129813859115
46604390	0.00785248361801138
46604820	0.00220483013585462
46608120	0.000895142090368174
46608571	0.000623884426180013
46610630	0.000637127886656316
46612530	0.000542408380113223
46614521	0.000659589034163061
46616250	0.0218835312875505
46617541	0.00249423719673458
46620301	0.000662021998235462
46621531	0.000753399894163779
46623191	0.00346704959587772
46623870	0.0006048265217537
46624420	0.00128259655738951
46624540	0.00228899127621426
46624841	0.00146747189010195
46626480	0.00121237125076639
46626771	0.00874233361998333
46627601	0.000913321599569691
46631980	0.000688384319913498
46632680	0.00346471337573421
46632820	0.00077954106799533
46635741	0.000678511949427803
46635881	0.00181675230407972
46640540	0.00105681806355326
46641640	0.00106501541675603
46641671	0.00339959746188747
46644851	0.00100120406638489
46645001	0.00052897826466751
46650170	0.0631816240944315
46650600	0.00226623794365576
46652800	0.00138176740278278
46653500	0.00513534078570976
46653691	0.00136803722075308
46656380	0.148274947586301
46656810	0.00344093890000794
46657230	0.000936124248094306
46657800	0.000534202211351353
46659420	0.000528157111622575
46661131	0.00105087292557924
46661271	0.0154489236917396
46662480	0.00288320992742547
46663570	0.00164160856188815
46666600	0.00129634885295971
46669360	0.00461094523943483
46672151	0.00246458963525432
46677811	0.0453170997907858
46678470	0.00816106936707254
46679201	0.0015048449026496
46679761	0.00209212488432173
46683341	0.00434560112815931
46698931	0.0501787731225709
46702340	0.00232714577480315
46714340	0.0608958011498628
46714491	0.00909171861157661
46714651	0.0619496869807784
46716240	0.000589193335983563
46716421	0.000862861530980235
46720790	0.0340691534878352
46721230	0.00109605652683221
46726101	0.00292125650017935
46726730	0.00175698047822588
46727400	0.00253897357933791
46729070	0.0402086658578589
46730371	0.0379458860883593
46731840	0.00356924717873353
46739710	0.00171932822558105
46742450	0.0048981834663358
46742850	0.000647468734083012
46743601	0.293166722097087
46744670	0.000541230625381227
46745190	0.00594027954133041
46746460	0.0015473945826639
46748001	0.0216701328415396
46748800	0.000692400416492625
46748971	0.0603331407861692
46749811	0.001010363319459
46750050	0.000621212990130265
46750761	0.00105535284771188
46755570	0.0150317723943753
46756250	0.00177868390959077
46758440	0.000656146127723526
46759960	0.0175152926294948
46760120	0.00232278081151516
46760151	0.00354237674324794
46761630	0.266748079937626
46761740	0.342952155057443
46762081	0.000747720202840672
46763840	0.00267848954108045
46766020	0.000886444023454546
46767710	0.0406463169386306
46768441	0.000909363196893913
46769480	0.00101541303380276
46770030	0.0322970270424431
46770190	0.0536032005713322
46772530	0.0020042496964921
46774060	0.00297365871738486
46776991	0.00171454704419032
46779051	0.0240665405954065
46779980	0.00104822881075748
46780360	0.00238712513216502
46782310	0.0206096514516757
46782491	0.000569988122750147
46782730	0.00259603321470914
46783570	0.00763580821120429
46783850	0.000637231024583854
46784660	0.00213202731247198
46787601	0.0679027936030223
46788001	0.00482965836832278
46789661	0.000679465649293016
46790071	0.0228291594067937
46790231	0.00115223753026339
46792711	0.000836815889079144
46793600	0.000532253282518983
46795000	0.00164398002238524
46796670	0.000950300007371467
46796910	0.0173019422136725
46798081	0.00239224368307731
46800001	0.00690298079485646
46800800	0.00160322824001907
46801811	0.0339756800619017
46803051	0.000917267614182792
46808841	0.0135319508342
46809801	0.0037361251288503
46811581	0.000767086245351678
46812510	0.00146031269787489
46818010	0.0186916406097055
46819530	0.00135647232301112
46819970	0.000808636653099214
46821381	0.00131330723292452
46822160	0.000617992356120074
46825870	0.00444202238524623
46826030	0.000998058513911305
46826471	0.0110062090932124
46827700	0.00433020381410966
46829111	0.00606015972629155
46833890	0.00191238890086801
46836141	0.0276669866968129
46837490	0.00405799632345617
46838081	0.0190494660473969
46838740	0.00530982815598909
46846221	0.000776260152113226
46847000	0.00369238597309177
46850710	0.000699909128344572
46851950	0.000654605443998471
46853091	0.00484659391981783
46853880	0.00669189713032802
46854700	0.00156010028542655
46857651	0.237400668724202
46859550	0.00141042378498537
46861180	0.00245256463084679
46865910	0.0287362409532721
46865941	0.00127686052072539
46866460	0.00197105355747845
46872411	0.0315199039123695
46874201	0.113598005273254
46874351	0.00244838916388223
46874460	0.000725717734240395
46875851	0.000676943319585192
46881050	0.305885562057368
46881661	0.125650277715128
46882040	0.0158190623634069
46884360	0.000916098423809711
46884380	0.000943809288267283
46885180	0.0173249674731006
46891670	0.000904498370871289
46892691	0.000810982194325179
46892780	0.0416358101284065
46894730	0.000579620701701057
46895451	0.00131136233917452
46895711	0.00759121605950026
46898331	0.013017506518489
46899871	0.00423239949081251
46900100	0.00119926067821008
46902051	0.000737904840829114
46903260	0.00150058878542442
46906611	0.000761350713371799
46907670	0.0606913343352434
46907991	0.0719566442720029
46909231	0.00265346189161963
46909770	0.00242769712620129
46919581	0.00056231955792365
46920250	0.000614282203367719
46921501	0.00216386947124879
46923550	0.00207909019991589
46924520	0.00225700134640262
46925091	0.000565152059255195
46925221	0.277257663879667
46929610	0.000710954434884351
46929890	0.00406805173640703
46930980	0.00703462959240944
46931041	0.000866676389976261
46931530	0.112879436158351
46933460	0.0856804718431377
46934300	0.00063503488368087
46935380	0.00260913986529992
46936480	0.00146515321176232
46936620	0.0691339537686013
46937180	0.00191689105837165
46938850	0.00696964457523083
46944240	0.00067990064654608
46944671	0.000848458363680201
46945200	0.00287326868468358
46946030	0.0513642692192296
46946280	0.00128637392814883
46947581	0.000909578315564506
46950700	0.00791476821142321
46950990	0.00867675332532629
46951441	0.00757910702409483
46959711	0.00308245343113707
46961880	0.0619147613571013
46962611	0.000722087387806502
46963250	0.00435501991590556
46964380	0.000825858047714297
46964790	0.000882867597757755
46964831	0.00213128524449391
46968271	0.000533441509572662
46968750	0.00121910415389932
46969480	0.000695544569187325
46970560	0.104814765903273
46971031	0.000771996637590983
46972910	0.00394683152683611
46973781	0.000944523785504251
46975021	0.0159870449380691
46975301	0.000655829602715058
46976541	0.0256120102950177
46978440	0.000804046105778815
46980070	0.220516674727845
46982270	0.0226891862716569
46984350	0.00352365382544072
46987940	0.000712811557987604
46988401	0.000670536083123213
46989060	0.000669488067318345
46989491	0.000731024375077477
46991971	0.00316993657910655
46992500	0.000637775679840132
46992770	0.000719441959046419
47000510	0.0121416368175578
47001040	0.00369549506971948
47004200	0.000674594155196665
47006881	0.000718432702300757
47009211	0.0030608089869871
47013620	0.00699388746224218
47016661	0.000531983085814781
47016681	0.0077736361313607
47024920	0.00626649161749038
47025040	0.000817914492207066
47033781	0.00134242556506748
47043431	0.000932455572933048
47043510	0.00176955474438778
47047100	0.0161667326451552
47047370	0.000638261487678483
47050150	0.0341618482484482
47060060	0.00822260529184184
47061491	0.000622001039915419
47065570	0.0547397368711443
47068750	0.00125549099130727
47071940	0.00138850398978987
47074471	0.00102994214949265
47075411	0.0023885019259733
47075841	0.000836880222677032
47081020	0.00227388211831815
47081351	0.00601909680951973
47081481	0.000669362054405538
47082331	0.000667470344669197
47084121	0.000947705565694598
47086311	0.00390272003806313
47090051	0.0144731204771652
47093020	0.000585776643190285
47094191	0.000777967152055225
47095821	0.000886540628121843
47097160	0.00188901164250217
47097361	0.000621749983409683
47099151	0.00123517689363474
47103711	0.000815897200420642
47103950	0.000560832856490979
47104080	0.00403457796455501
47105501	0.0197483752711355
47107380	0.000972264863584995
47109761	0.00175734563124816
47110051	0.00400024988878374
47110690	0.000695027942886125
47111370	0.00134167144574333
47112190	0.000644251661689143
47113170	0.00274313355664742
47113611	0.0771389078659319
47113700	0.000727150133223613
47119510	0.000629161608167056
47119971	0.00381210659876137
47123561	0.00106231477483546
47124070	0.10103320580429
47125501	0.000843666967520691
47127380	0.00328715746126339
47128811	0.00767571234499437
47129440	0.000783267072964195
47130191	0.000702700950337927
47130950	0.000646939962021619
47133611	0.000748457122141044
47134871	0.000626343224479955
47136060	0.00139052974337967
47136661	0.00089828254439946
47137160	0.0337648358078826
47137580	0.00162321527046137
47139421	0.00869651859800147
47139500	0.00375113623937774
47143630	0.00245545646098847
47144651	0.0399548587795788
47148750	0.0182292850772552
47149621	0.00101041893712353
47151691	0.224250646323331
47152050	0.000931183411493642
47155080	0.000672368237245056
47155250	0.0221035378002088
47158660	0.00139166724508263
47158731	0.00097390606817404
47159080	0.00213078166680692
47159961	0.000589455224092788
47160620	0.000584091811475938
47160921	0.000717276528897496
47161730	0.0152468906810774
47163131	0.000732568886873377
47167650	0.00099732174626704
47169901	0.00337148148697009
47171100	0.000800127988749166
47175110	0.000537002746414751
47177970	0.000684293305349649
47179940	0.00232568942049308
47185051	0.0383526377955065
47186731	0.00686454922447159
47189720	0.000619088056500342
47189830	0.0154994287298387
47192521	0.0168723822042079
47193071	0.0192785539525804
47193420	0.300344627168858
47195971	0.00157827322575626
47199350	0.00172231584426299
47201201	0.000653834106782348
47203790	0.00229860709566254
47203900	0.00210622897291582
47204040	0.00102973655695628
47206000	0.00588585762195654
47207831	0.00164957677900589
47208661	0.00681187101535744
47214560	0.00806822336838579
47220630	0.00262794089627161
47221430	0.00180573923297416
47222790	0.00576637741644068
47224170	0.00514516123531373
47225180	0.000680660180461596
47225730	0.000803732171942412
47226520	0.00173710623667273
47227380	0.00104141159483757
47232470	0.00753499624486817
47233461	0.000990826439486942
47233730	0.00161681487637721
47234280	0.00330728768438037
47234690	0.000581964518382228
47235141	0.00407192119125047
47241891	0.0463260325553419
47242100	0.0132483751042539
47243391	0.000594219422160734
47243520	0.00102592075489832
47243671	0.00169592546847424
47247111	0.000659979199054497
47247200	0.00929115435636182
47247261	0.000675823614527009
47249000	0.00625516256428696
47250120	0.000592019820707368
47251801	0.0209686591254079
47252631	0.00112823694600521
47253030	0.00211035310605686
47253590	0.000747580908579147
47258110	0.000729371306310487
47258721	0.000711893955159588
47260070	0.000532601424109415
47261030	0.0118814508681694
47261761	0.000954260993493114
47262110	0.00280446526063202
47265071	0.000943260345167087
47268310	0.000774618251505517
47273290	0.000673189531719716
47275210	0.00472848236018959
47277041	0.00171807511052588
47277290	0.00542540464716953
47277341	0.00264479459525528
47281820	0.000574897305864038
47283251	0.265909824267736
47283671	0.000830639828997629
47284730	0.00339685281110932
47288480	0.00213370503029235
47291230	0.00236641210120972
47293321	0.0183750325135562
47293690	0.000841015936516911
47297611	0.000727548007234632
47298670	0.00314941773616132
47302581	0.000607561422729485
47304511	0.000648810703748323
47306820	0.0142151258098819
47308091	0.0163676218813075
47309540	0.000791698418211197
47309751	0.00673885669463511
47310981	0.000537578454275361
47314120	0.00387937200928803
47315780	0.0181117293210524
47318831	0.00199144247514425
47319821	0.00160010553142416
47321160	0.00135571490292806
47321300	0.000800321988941464
47325171	0.000825886484339189
47326141	0.000878436330198925
47327890	0.000523684530836759
47329041	0.000637579888128158
47329270	0.0025311799384611
47330270	0.000736900003241543
47332491	0.00140105933839042
47333150	0.000792424159449161
47334410	0.000851163942801587
47336300	0.00125778373523423
47338120	0.000819515625421219
47338161	0.00652861540089204
47338820	0.00747519043798725
47339650	0.000856687059018404
47339920	0.00087234247316644
47340491	0.00513503966925259
47347370	0.000576415245446794
47347391	0.00337550253237236
47349410	0.00651025266457432
47350841	0.000665960099651671
47351640	0.00156521819882061
47353591	0.000727079115115263
47356600	0.00102011736618257
47357290	0.000642607595773049
47357850	0.000528618303140261
47360911	0.000922815574643444
47361990	0.00267624175497315
47363910	0.0025111342060397
47365611	0.00625909107706084
47368211	0.00063569873565162
47369171	0.000662302214801668
47369710	0.0012040899608821
47370800	0.00723198356664032
47373461	0.000636143966009911
47374650	0.00981458252557263
47376751	0.000639931019560699
47378291	0.0241927315369584
47378380	0.000683526371950462
47378790	0.00112961015586077
47379931	0.00235434193117546
47384631	0.00791078329149482
47386380	0.00869790848164801
47387490	0.0145200504877811
47390930	0.000534094485647551
47392030	0.000863088334780768
47392341	0.00196672042460673
47392491	0.00449430511989139
47392781	0.000797739564757313
47396170	0.0100098909701391
47399060	0.00205564275807713
47401400	0.000724722333501275
47401550	0.00103430862117185
47404160	0.00206869210252272
47406281	0.00807977501499343
47407460	0.00166173151936224
47410230	0.00759556601431369
47411620	0.00199425860688006
47415781	0.000651883578950834
47416901	0.00201408567040978
47417020	0.00712552135552406
47420621	0.000739475980664207
47421191	0.00230106532852794
47425960	0.00073577013277169
47426390	0.000708509782225018
47428211	0.000518639609226785
47431391	0.000883972245360413
47432621	0.00128173656751794
47433451	0.00120137639735513
47433830	0.0121153233141522
47434291	0.00167649193398605
47435651	0.000937646815371781
47435730	0.000726786113695509
47438780	0.000644866499517203
47439251	0.000566199117174462
47439360	0.00228689886654917
47442800	0.000537783064047385
47442930	0.000612868655204961
47444450	0.0027453546866962
47445250	0.0011473542774574
47447931	0.00212246917085202
47449430	0.0715178897848821
47452720	0.00105147179879449
47456150	0.0786474351775356
47457311	0.000725176679861339
47460170	0.00117218794230767
47461451	0.00160148621630104
47466930	0.00138846518540184
47466940	0.00121602126807159
47467501	0.00309653573226228
47468830	0.000748882514367855
47470760	0.000675365614315398
47471890	0.00618239516118818
47474261	0.000523364729987521
47474370	0.00146074537371191
47475781	0.0369641800958299
47476901	0.00469145658420073
47478930	0.00109021839602843
47479190	0.00635077105482155
47480440	0.00219994662084224
47480881	0.182532121941204
47481390	0.00133077629159488
47481410	0.00180932521648964
47486100	0.000521914861831801
47486230	0.00640588516835177
47486370	0.110221638111956
47487231	0.000543783025717674
47488741	0.00940395525629462
47489930	0.00385082973076021
47491210	0.00121163283812493
47491371	0.00249887645168373
47492040	0.00765649506797686
47492180	0.0275388543647405
47493311	0.000660041192966748
47495460	0.00164795480581822
47498940	0.000556880303115828
47500751	0.000905010890839334
47500830	0.00189838333779131
47501151	0.00117594956639269
47505851	0.00342431146735706
47506271	0.635752633564361
47508051	0.00259355661941289
47508970	0.00085653526937683
47511900	0.000764920906958517
47515170	0.000574227543662496
47515931	0.000940054263887716
47516191	0.00142415866656104
47518360	0.00296186160471824
47518480	0.00303861202681571
47519450	0.00771090686789995
47521031	0.00386655036185653
47524160	0.000664922233956599
47525981	0.0082581941225136
47526070	0.00104119469468937
47526910	0.0056720285604173
47527750	0.000625704360036225
47528611	0.000914278854223525
47531651	0.00105001730948214
47532840	0.0805331161450167
47533410	0.00882526993614537
47533680	0.000818469949682413
47533940	0.0066367594905681
47535060	0.000792232412745985
47537690	0.00862742388112505
47541680	0.0187697937511458
47544040	0.00068585978880799
47544211	0.00108051063758594
47544341	0.00121492715454276
47556580	0.000698778242004547
47564731	0.000764638700640951
47564741	0.000968842999246078
47569540	0.00203444775704696
47570070	0.000673564423616596
47571040	0.00954112388000018
47572450	0.00240232002684627
47582551	0.028647821280175
47586801	0.0401359110928136
47590531	0.00178477505192926
47597100	0.000566658290402908
47598350	0.000904076774223616
47605581	0.00133416560558426
47607450	0.00084396045382539
47607990	0.0516017825424703
47608990	0.00312060691311764
47610261	0.00107355231890949
47610401	0.0054883770581056
47612061	0.096574615093803
47612331	0.00252506628564155
47622210	0.00162796972317872
47625151	0.00274410357464494
47625561	0.000706501615181856
47626340	0.000801482949909773
47630480	0.00212105583953912
47630770	0.000719542255301957
47630951	0.00130752802265279
47632820	0.00106790805711962
47633130	0.00882722228494107
47633161	0.00204145650922948
47633920	0.0337205718850196
47635320	0.00582411957312556
47636280	0.000727069436178529
47636580	0.00123231002431545
47637281	0.00217680926387279
47637421	0.000590758438103355
47637991	0.0210842968731512
47638190	0.000630076553848588
47638470	0.000911294752496884
47639300	0.0012334174137523
47639860	0.00654786184279357
47640020	0.000597993261580432
47644440	0.00278880710344339
47646610	0.00419893625194524
47647330	0.000796056910001386
47648260	0.0139572955564682
47650801	0.00163099392494422
47654261	0.00125682520871707
47656260	0.00242020041615791
47660731	0.0361427020653881
47661561	0.0117821831381589
47662330	0.0173741627388918
47663190	0.000882793879715866
47664461	0.00245411529262403
47668680	0.00200011464491146
47669370	0.0192310211055577
47670261	0.000543933517380839
47671081	0.00191767573825986
47671300	0.000612064832988535
47672680	0.00152612661803155
47672871	0.0826946231727487
47674261	0.00052942338143922
47676290	0.00230034234349465
47676881	0.000824129279917804
47677271	0.007134770390427
47678090	0.000525156969192191
47679150	0.0776392402605159
47680280	0.099863324865863
47681780	0.0401119369074467
47682740	0.000743306137005808
47683840	0.00170376998295945
47684430	0.000620145910506774
47685151	0.11770665852445
47689011	0.015426623510284
47689950	0.00119393349254672
47690610	0.0174821669865989
47693660	0.00250603982923012
47696550	0.00152359595584977
47697360	0.00896512101291122
47698921	0.00135596399339873
47702760	0.000737690008326326
47702791	0.00279217526660515
47705271	0.00243548525230132
47705561	0.0188449804412234
47706080	0.000531781341628038
47706941	0.000726513000844645
47709510	0.000548634339687823
47714241	0.000716238489548467
47716680	0.024743851710212
47718080	0.00213695412121369
47721630	0.00232144507499943
47725640	0.00123984844491598
47726791	0.00167618077453161
47727840	0.000843825035383776
47728181	0.00342275175231019
47731061	0.00218773838471238
47731970	0.000807693422515946
47733240	0.0122558011151222
47734880	0.00191926620750636
47736960	0.00412359061485909
47742080	0.000528270072305182
47743870	0.00161159834019094
47743911	0.00618109803712748
47744260	0.000662487726731184
47746340	0.0325797213910161
47748991	0.000779820290540101
47749110	0.000707503013901239
47750521	0.000632945053846762
47750770	0.0414409990038646
47752250	0.124602971106017
47757520	0.000776071442858434
47759580	0.00330389381411364
47759600	0.00977954640128368
47761910	0.0020144309614217
47762180	0.0026113575857253
47763710	0.00102846877290156
47763970	0.00207560478768628
47764311	0.000574362332010001
47765650	0.0249539031589952
47767280	0.000760779772106881
47768530	0.00321903313864062
47771180	0.000798905611966694
47771710	0.00844985061559848
47772700	0.00105538591013279
47774241	0.00122416996665566
47775601	0.00100512129086988
47777250	0.0218406862934953
47778381	0.00290038499693225
47780581	0.00178828647489469
47781780	0.000624576238094892
47782070	0.000533279718187386
47784120	0.000640615404888371
47788130	0.00166522380448296
47788171	0.000702910932829886
47791461	0.00195489201700347
47792800	0.220602973769064
47793080	0.00109979664324499
47793940	0.000597922163395601
47794060	0.00398366243850645
47794480	0.000876530806382211
47795570	0.00249183099395297
47795840	0.00669172065124653
47802221	0.0136849671766946
47802911	0.000800006307407952
47803320	0.000784510681342423
47803450	0.0010475223674924
47803570	0.0351314105179787
47805951	0.00165773851310513
47808151	0.216048241841234
47809691	0.000778571305664858
47811430	0.00212916647384592
47812420	0.00141369531601394
47815201	0.0461335419861804
47815420	0.00529292615302808
47815720	0.00620627354324452
47818911	0.000812159582026934
47819290	0.000661340219170987
47823980	0.000901840345635969
47826200	0.000784199811314464
47827160	0.000745914878492672
47831040	0.00498011489043629
47831061	0.0010110686743561
47838860	0.00108618833765378
47839201	0.00252110064259446
47842070	0.000710704955172922
47844991	0.00300369414972473
47846351	0.00109531005153499
47846450	0.00903455780839786
47849541	0.0333073152381437
47855550	0.00665583196987905
47856130	0.000769059512504045
47857630	0.00925281351805898
47857910	0.000623225800447246
47860031	0.000752683146490043
47863030	0.0022236314546131
47863601	0.00574271892554813
47864510	0.000573542347634591
47864790	0.00257381362231829
47865551	0.0323908515986435
47869790	0.000839953584464966
47870491	0.000900110747136151
47870651	0.000707408027251775
47873230	0.00311319489303124
47874200	0.0113017946485105
47875310	0.0309640192724828
47877401	0.246470534287669
47877411	0.000939636355186848
47879051	0.00140771408911615
47880510	0.000786258798017351
47880701	0.00069499073920263
47882160	0.000717198158718771
47883420	0.000574697056758768
47884711	0.00415038256418538
47888691	0.000927700825788909
47892230	0.00273954459687571
47892380	0.00267559017475028
47896851	0.00509332572587385
47898351	0.0007756632852211
47898470	0.000747926484165461
47900421	0.0016026285042799
47901080	0.00147806706733571
47901470	0.000689251513126227
47903170	0.00127741071955023
47903990	0.00114568501653464
47906160	0.0206843456484069
47907451	0.00177343519751058
47908670	0.00111624388879114
47909381	0.000668252999285919
47909521	0.129695932778684
47914170	0.0123604538744272
47916991	0.00149999496064669
47918740	0.0146727126994776
47919820	0.00146351513703703
47920940	0.0117225616930561
47921090	0.00474445213554741
47921510	0.000721218681419372
47922160	0.000588870630537177
47922750	0.00138820380971851
47922870	0.0040829198737173
47927461	0.00566956802579126
47931000	0.0141966423288353
47932301	0.00106208413188293
47932820	0.00310075297992353
47934300	0.000767921452493185
47935400	0.000769471546727
47935810	0.00109611644702762
47936831	0.00273948563637586
47937651	0.0032169210970084
47945941	0.00297131762247942
47947311	0.00106119082421386
47947710	0.0535811991154997
47948141	0.0118935273051586
47949220	0.000547381827448002
47950470	0.0862225481097274
47951051	0.00117755463433858
47952831	0.000734705457016506
47955700	0.0898867001341821
47955840	0.000613332994001623
47957121	0.136038691303521
47959731	0.00662576580989964
47964571	0.146075168783897
47966180	0.000677743543863857
47966740	0.000640159339410422
47975301	0.000591741563027595
47976240	0.00923975424859891
47976510	0.000979593787210958
47976920	0.00118208259029502
47976961	0.00071409188619797
47979290	0.000588393485984909
47983120	0.0116614606645436
47984500	0.00146797653915339
47986761	0.0012389883817458
47988240	0.00177839257792788
47989900	0.00150697711778866
47989910	0.000537692642479336
47991160	0.000787655235699928
47991601	0.000639772130959118
47992770	0.00155625569919582
47995830	0.000681547490193528
47996630	0.000779152195733026
47997261	0.000761722418694187
47997391	0.00319927633793215
47997500	0.724133498411995
48004930	0.00131828630901486
48007000	0.000750973483930566
48008141	0.000575096360583511
48011810	0.00290312785766368
48012961	0.00192835872269946
48013630	0.0302668993066403
48016001	0.00350970988289699
48017231	0.00194246927771885
48019670	0.0011880126705122
48021521	0.0011633899854038
48023181	0.00789641230166024
48023311	0.000593024992876756
48026560	0.0112352917339976
48033900	0.00183157031707475
48037340	0.00075084768013767
48042631	0.00685412364469702
48043280	0.0557187021251467
48045371	0.0232099518868795
48052011	0.0015401278975617
48056971	0.0452205221656919
48068650	0.0457083582320435
48078990	0.00777548529254299
48093450	0.00409209754742039
48094601	0.005651642303449
48099270	0.00153947499987373
48100141	0.00858933524123698
48101730	0.00102202010280367
48104620	0.0984682663594658
48106430	0.0154334226797848
48107701	0.0105590128020698
48109651	0.000699281339221179
48111021	0.000754587439686711
48111120	0.00165847394598051
48111400	0.000614638039003939
48113040	0.00287087285357981
48113350	0.00184299463771624
48114871	0.0154978457905558
48116500	0.00164550703797876
48117340	0.000980743661499523
48121241	0.00115516874404888
48127400	0.000688145604894277
48132380	0.0537751546259063
48132500	0.00204966394521205
48134030	0.00379811824873673
48135250	0.0227333451909591
48137180	0.00100812743290909
48141371	0.00241391722398142
48142560	0.00645604754502453
48143120	0.00118111114049066
48144890	0.00253529785379235
48145221	0.00124772489666889
48145730	0.000744767702678314
48148531	0.000605815851696902
48149590	0.000766133189716263
48153170	0.0063907037836627
48156391	0.00466128160082984
48156760	0.00288043498112769
48158700	0.00145404500637491
48159230	0.00129280982772005
48161091	0.000623551511132308
48161101	0.00106547458098938
48162560	0.000923946467224084
48164271	0.000805742790825384
48169180	0.000746293498719473
48170440	0.00150564091510449
48172930	0.00087427267653137
48174860	0.0223976584462474
48176240	0.000608911728078121
48180681	0.00367772977078416
48181160	0.0781741255344452
48187660	0.000562663792273727
48188360	0.0248909547075839
48188391	0.00103237914515293
48190150	0.00115081006980996
48193180	0.0120450159641971
48193460	0.00868030197477325
48195380	0.0156247150520708
48197190	0.000768539248139033
48197781	0.000527142358359211
48197990	0.00180729823646887
48200070	0.00465268043284783
48200080	0.000771473543294544
48201720	0.00194807381078156
48202061	0.00161606148694038
48202840	0.000701610045153891
48204251	0.00366814833328664
48207161	0.000753958520553972
48208090	0.0267607605779474
48209050	0.0893747337596608
48212080	0.00146789285483
48213440	0.0135056498989285
48213470	0.00872101785618114
48219831	0.000950416414847015
48221590	0.402430366731275
48222700	0.00390953770183667
48224630	0.0169749430290781
48225060	0.000752528014900754
48226440	0.000775041057346938
48231230	0.000760303345666628
48232050	0.00228877677501675
48233091	0.00112650177152546
48235551	0.00114391286570581
48235670	0.00181709567408508
48236920	0.000743998931429093
48238051	0.000668946451609968
48239001	0.0017207597522126
48240951	0.000581277260955833
48242871	0.000841003850716934
48243130	0.00106214338502632
48243991	0.000638368542775837
48246430	0.00475688138620309
48251920	0.00171136928765884
48260210	0.00255482521343034
48263571	0.0119300878721539
48263971	0.00464228614128644
48266420	0.0100094489150035
48271981	0.022831239329345
48273071	0.000867696793979928
48275821	0.000700389728317553
48275940	0.000594416916169857
48275950	0.000878466892769606
48281020	0.000717111905894961
48283260	0.00102085509755665
48287370	0.000842471677321972
48288121	0.000972482069459037
48290690	0.00219008576259906
48291240	0.000692996249038377
48297891	0.0278377972031524
48300210	0.000621860170537374
48300381	0.00079402283002208
48302000	0.000594656107126493
48302540	0.00115725591392866
48305761	0.00231281615930795
48306861	0.0127312321190562
48307100	0.00639836946816066
48307520	0.00104882188840463
48308371	0.0133113753046676
48314800	0.000999637382586252
48316231	0.000873311295096172
48319370	0.000615158748195981
48320511	0.00184739705969242
48320791	0.00127358521593819
48322591	0.00118784656316059
48327141	0.000957016218430683
48327250	0.0219285996169532
48328620	0.0033338037320035
48329580	0.000679182458255057
48331790	0.00273858896276413
48332590	0.00301793572017413
48332620	0.00186154001186376
48333430	0.000727405464260777
48334441	0.000804984351828654
48339421	0.00101684754779012
48341351	0.00358172728730278
48344040	0.00157231048639914
48344501	0.000877445980894216
48345020	0.00072016969424605
48345600	0.00811996054333481
48346250	0.226632876000458
48346301	0.000531173001704013
48349170	0.00128406147723181
48349280	0.00191610584410603
48350410	0.00145431469331118
48355380	0.000594061507967781
48355541	0.000779956967577057
48356091	0.000949589005680806
48357430	0.000683562478430946
48358260	0.000638899653693257
48358660	0.00325532330514417
48360791	0.00249321409237582
48364060	0.0030574504671732
48364371	0.0470347348272153
48368251	0.00482611202080318
48369010	0.00243173306914004
48370581	0.0332224120336419
48371411	0.111539765947821
48371520	0.000656972061353592
48373730	0.010765010949522
48375510	0.00214552710651114
48375920	0.00199238069287699
48376630	0.023239601089839
48376791	0.000904246705953972
48377170	0.001536190332265
48377481	0.000841427965221042
48380630	0.000801177764602846
48382441	0.00107373108478869
48384900	0.00116063695185568
48385491	0.00162170477386019
48390011	0.00392847541431614
48390280	0.00388886907677962
48391411	0.00683175763434466
48391660	0.0274743645856389
48394250	0.00053383804363999
48395671	0.000662051792121484
48396470	0.00094223551353865
48397751	0.00108580067370686
48397830	0.00106689722040093
48400490	0.00235289519917282
48400880	0.017255479898727
48404750	0.00095253291056202
48406171	0.409844628608303
48406380	0.000574476391608956
48406540	0.000835829264335433
48411691	0.0116620052240065
48412210	0.000520702807315127
48415510	0.00107410560872638
48418280	0.00232529623558505
48422970	0.0154870008453019
48427121	0.00325149694196361
48430861	0.00231772873794654
48445820	0.000732980251844646
48457690	0.00179142022690269
48462800	0.0061802822482595
48468631	0.00227691127933603
48471080	0.00105390985516588
48474421	0.00657806108206083
48476620	0.000651995612583589
48477871	0.0020497114813367
48484491	0.00523772666088676
48490510	0.00271473075995555
48495350	0.00395658634780387
48497980	0.0118945302567221
48500160	0.00160608220366967
48501990	0.000870537989936506
48505290	0.0011138432979853
48514370	0.000553674676989153
48518540	0.0121679681813652
48519770	0.00978921746052922
48521810	0.0185677616160275
48527111	0.00270810542998727
48535740	0.00105298589024966
48536081	0.00192017981761701
48536330	0.0292110521103155
48536430	0.00221592480225926
48536740	0.000531827773882231
48536980	0.00357230058414458
48538151	0.000799760131466638
48539490	0.00229288540779582
48539630	0.0261092321860693
48550090	0.00240978848179784
48553120	0.0306167298243645
48558510	0.0033869584030773
48568481	0.00831430906087377
48569830	0.00533317519069831
48578011	0.0281757968971529
48580860	0.00236490360557654
48592911	0.00152663569964477
48593570	0.00224142990393192
48594981	0.000973740644093791
48595671	0.0868692106758269
48596160	0.00107666116584242
48596590	0.00226839647976824
48596611	0.00934823597111271
48597181	0.00166219863857192
48599620	0.000887477798328761
48606541	0.00060988431345267
48608040	0.00958403085748395
48608050	0.000653660907843318
48608450	0.00194622843353595
48611880	0.00208665681586586
48614770	0.032775411325673
48617031	0.00062136079265293
48621660	0.000833344765378435
48622561	0.00855084615640604
48623180	0.00114401104856932
48625690	0.00116134881569727
48627050	0.00170298927910858
48627521	0.143632832423262
48627531	0.0107261863858575
48634421	0.00362390752226715
48637660	0.00125528219810629
48639091	0.0817194966191546
48641321	0.00062243580678534
48642800	0.000790800863845359
48643190	0.000654663279362895
48647361	0.0182750352866326
48647450	0.000591336234263784
48647730	0.00191364957652962
48648751	0.309778415298991
48652580	0.000841045512520248
48653041	0.00208287234086023
48653260	0.292327611519901
48658261	0.00207907076791963
48660710	0.00193376059927139
48662250	0.000641339031361718
48663911	0.000559561916766249
48666660	0.000608448543579013
48667170	0.00126571631678244
48667180	0.000947376519697077
48667190	0.000748797058627754
48667760	0.00300417051923716
48672180	0.00544639044867794
48674790	0.000690774394404799
48675241	0.0012206016592142
48676751	0.00254202553421117
48678360	0.00761892977824966
48685120	0.000578905613699131
48695490	0.000683128261476072
48696601	0.00158133767836223
48696871	0.0013420782632979
48698100	0.00101478844328274
48698380	0.0023299195691066
48699880	0.00425782224125806
48700321	0.000870109205230387
48704191	0.0228144211601093
48704430	0.00304458924503324
48705561	0.0530758296840277
48706350	0.000539009106939812
48708211	0.0145394168599701
48708820	0.000560382853016497
48709441	0.00116379192115521
48710490	0.000743335995021438
48711521	0.000883415488777585
48713530	0.0294954389550946
48713991	0.00172330175286956
48715030	0.000735425865506498
48716191	0.000712404550282894
48726520	0.00386843940697012
48728191	0.000962899044202799
48732960	0.00182987609903543
48733930	0.00090484521972448
48742370	0.23705089545798
48742821	0.00791293445387631
48743620	0.286781041253411
48747371	0.00183284676832659
48748710	0.00299970031050468
48751340	0.00117930609964053
48751921	0.000688504307951307
48754681	0.0155148702813102
48761831	0.00192825001593548
48767180	0.0149536548487604
48770801	0.00586551368301616
48772191	0.000759173384000575
48774931	0.0226977636920797
48777301	0.00105143094517907
48783460	0.000923502826346169
48786931	0.00369650294267636
48796540	0.00194969209558545
48822470	0.00544632289400439
48825281	0.00104761168608595
48837940	0.000955627709378635
48838261	0.0178896151614915
48840331	0.00525545371317704
48851160	0.00222733234269835
48851450	0.00284108820189357
48854261	0.00104436963304403
48854330	0.000956104556677842
48854521	0.000968205788821557
48855020	0.00056083725207344
48856700	0.00258325994805495
48857510	0.00072998536217452
48858090	0.0040036858612803
48858350	0.00492911072102677
48860980	0.00150081894073848
48861961	0.00156294553342904
48865001	0.000815077417167118
48865390	0.00673150513962693
48866060	0.000723811809503861
48866350	0.010790419590589
48866671	0.00127137392713895
48867341	0.00108991575159686
48868430	0.32364019218467
48869561	0.00910136918932904
48877981	0.0019059007267117
48881691	0.0340569726001905
48882340	0.000864517236922959
48883880	0.00190118400530448
48885411	0.0250971784565188
48886671	0.00105413110112883
48886921	0.00214859403105178
48887150	0.000822599405701875
48895341	0.00359776522279961
48896540	0.00187566868612274
48896960	0.00295091953940232
48897500	0.00223619026853478
48897681	0.0796765107514092
48898381	0.00107281033860244
48899331	0.00104515865536288
48902801	0.00234941556719747
48903331	0.000887726931677168
48904731	0.000513031801025586
48907191	0.0119580560918045
48908150	0.00288534699529132
48908171	0.00102356762493253
48909490	0.000736118226297743
48912970	0.00187965314098464
48913500	0.000711537919777679
48914080	0.000713710367796801
48918340	0.000856364938458163
48919580	0.00071304508235705
48921421	0.000716315089703432
48924670	0.00271485744592002
48924680	0.0171473018547217
48924820	0.000713241064667957
48928021	0.000922295376063359
48928950	0.00124846923009396
48928960	0.000585328085333143
48929930	0.000839550735777013
48930740	0.00066516343020891
48931140	0.000719353953917955
48932280	0.00112603856154599
48934760	0.00371038670338963
48935560	0.00427519710435053
48935840	0.000860562234645407
48937500	0.00164790745495299
48939341	0.0020486437132611
48940301	0.00067182866133616
48943440	0.0028231974254883
48945131	0.00166726371889398
48949281	0.00418052894078182
48949380	0.00784769294223795
48949551	0.000609802228605842
48950350	0.0016468350732382
48950371	0.00142528345853375
48952581	0.0011948114486929
48955901	0.000844910657101219
48960700	0.00134835432577562
48961001	0.00607402691173462
48961121	0.00128179502875915
48962050	0.000962292700986572
48963860	0.00104895124134649
48965510	0.0017060034112937
48967621	0.000703986048134913
48972000	0.000762781756705895
48972520	0.000933997888132019
48974371	0.000674312901820181
48976581	0.000798026815068809
48977281	0.0286647709531421
48978521	0.000624778657804247
48979751	0.000838287552749381
48982371	0.00417860807010865
48983140	0.00120488080253839
48984431	0.00109515821595293
48986860	0.00227308033492573
48989360	0.00124903529812228
48993220	0.00054369582804388
48993951	0.0988194798223376
48997271	0.000788210901853972
48998091	0.00338442077548604
49001770	0.05272612972015
49001801	0.00151289718969145
49005480	0.00341122481349356
49007071	0.000643409331635335
49010651	0.00098386952582676
49011130	0.00477188854895522
49012240	0.00350028752851641
49016270	0.0847725082275442
49016690	0.00142781343693264
49016950	0.00184599661699611
49017111	0.000764272484147633
49019150	0.000582654315426639
49020171	0.000664359976823624
49020940	0.0116511569972212
49023071	0.00114746188644945
49024410	0.000730260804222094
49026241	0.00633533016595125
49028431	0.00754301818721476
49028520	0.000550518342217204
49029411	0.000643225011019991
49032000	0.00472472996459172
49034231	0.000840012406774584
49034241	0.000552074366175778
49034351	0.0645700711016558
49035321	0.000559822704026148
49037480	0.00336037203700945
49038050	0.0051875790865491
49039191	0.00143119041726858
49042310	0.0208140852907307
49043580	0.00729046559921754
49051710	0.00733402969945602
49054501	0.00114793058760418
49055331	0.00149325619550372
49055410	0.00161275681713729
49059150	0.00150028206145897
49063960	0.031990074578167
49064410	0.0425916524617586
49065610	0.000879348670869343
49066730	0.00430070715097187
49066890	0.000631335965025146
49071710	0.00532623679031828
49073330	0.00231294628116281
49075690	0.000750350555489806
49075950	0.0120187294391541
49078310	0.0107925755032933
49078371	0.000731098570708942
49079201	0.000734760087341318
49082771	0.00107333741920113
49085811	0.00117474016142945
49085951	0.000824041619261348
49087000	0.000535117374926387
49090890	0.00103223405743086
49097791	0.00785324772243858
49097890	0.000730347312908129
49098310	0.00110390876233517
49098481	0.000649560488270854
49102300	0.00177279106807069
49103020	0.00189977374342063
49109760	0.000572305580490002
49111191	0.0010678052175442
49111471	0.000871663777070234
49112831	0.000554189974618388
49114460	0.00075507948212455
49114621	0.000986802165356343
49117740	0.00317677177854819
49120701	0.00411399954187687
49122921	0.000737688171482215
49127680	0.00120194974371243
49130310	0.00138222975071175
49132120	0.000780372812588526
49133671	0.00057692437848297
49134071	0.0144548647441074
49138501	0.00083236687578053
49140790	0.00822092298659559
49141941	0.00357404312828046
49142221	0.00153903650426426
49148141	0.00165144017812799
49149880	0.00304624934798774
49154330	0.410742145136665
49155280	0.00446493751206983
49158501	0.00344277677948599
49160500	0.000670764788900101
49161671	0.0192735601483533
49161951	0.00245610846263399
49163540	0.000575770328185912
49165190	0.00115878408754392
49165870	0.000707841941406245
49167031	0.00107802032900193
49169921	0.0041738508421594
49172670	0.00250234803059192
49174631	0.00223995710394374
49177111	0.00229175020254569
49180080	0.00348706240824054
49182310	0.0650329684166229
49182491	0.00944849703165978
49182840	0.000856959149366741
49186471	0.00137427728593011
49188670	0.00124908590563624
49189091	0.00138968718999414
49189391	0.000612192672795907
49193870	0.0734749206991385
49196401	0.00117843312661134
49196640	0.00396148964573163
49198061	0.00246069094206942
49198320	0.00171036589489228
49199270	0.0014061434434932
49207301	0.000929417706482075
49210970	0.000789471388026203
49213470	0.191037586577553
49213760	0.000637556361971429
49215410	0.000746988770551526
49217531	0.00405426951750874
49220100	0.00108703289562227
49220350	0.000550350827432732
49221251	0.00362615518249302
49222430	0.00557399965141479
49223851	0.00313645901593545
49227820	0.0009054285315183
49231431	0.000607878109706277
49232961	0.295891170721318
49236910	0.000572855441438212
49237921	0.000753148682030533
49238160	0.0011599304422626
49244141	0.00220777343195087
49245661	0.000622678672288115
49247140	0.00730282852242215
49247400	0.00247260998785538
49249490	0.00260181303935617
49253050	0.0214363612604567
49258150	0.000761266710625028
49258710	0.00135752572055712
49261170	0.00276866723772488
49262331	0.0015837443966676
49264210	0.00251090483295836
49267031	0.00248502530851288
49268831	0.00253895594867286
49271670	0.00424618542548164
49272340	0.000539177594416491
49273101	0.0646301707702027
49274140	0.0017186639162961
49274990	0.00557326093660232
49275280	0.00188845492868006
49281170	0.109716511945332
49286040	0.00440212688753673
49286410	0.000577754420788949
49287650	0.00192051572244451
49287981	0.000891898145104025
49289600	0.0750916673684519
49292070	0.000581076795193021
49292811	0.000795793036637178
49293091	0.00070621583975778
49294450	0.000539721424807205
49299021	0.00441555016274449
49299721	0.000690316638512275
49299790	0.000736812184909566
49300490	0.000609179036121728
49300541	0.00135619163825368
49301361	0.0011201403934441
49302560	0.134956215080769
49303250	0.000520522315003614
49303841	0.000565168127947169
49304821	0.00137988286127676
49306471	0.00310571655410517
49307650	0.000802349009108288
49308531	0.0019109746309738
49312671	0.0314763672300599
49313330	0.0993846617816967
49315981	0.0256254564620964
49316531	0.0209874575040147
49316541	0.000545648769667633
49317221	0.00081515919254585
49317300	0.000619953003991769
49318270	0.00144134804336947
49318840	0.028633814358654
49319810	0.00356201574103703
49319940	0.000673089539468008
49326341	0.00548051054706247
49326840	0.000736129910296295
49331141	0.000939201934715151
49333641	0.00630485331394244
49334041	0.00310981052508379
49335581	0.00277597480174803
49337440	0.00330424130106671
49339100	0.000734680959032994
49340531	0.00157299779725896
49340551	0.000661956416204397
49343090	0.00274960966687104
49343861	0.000512841452975932
49344210	0.000675350593577666
49344620	0.00143892298873994
49345850	0.00463856903149642
49346331	0.00634724489521112
49347561	0.000669952449949655
49348411	0.00513973506640605
49349771	0.00143759705893499
49350170	0.00162065536400844
49352111	0.00181751179614462
49352240	0.00710250310966555
49352671	0.00108099651026392
49353190	0.00118481712264252
49354160	0.237149840802765
49359790	0.000698306177369781
49360900	0.00536155942981393
49363120	0.00336562159223762
49366150	0.0261166159529384
49367110	0.00247966361204332
49369160	0.00279180693984219
49370580	0.00257446268491017
49371670	0.00107697113253473
49372060	0.00078406207030935
49372330	0.000948519230903552
49372671	0.0040843295746406
49374751	0.00170378325039188
49374970	0.00264275459496525
49375090	0.00107100912743586
49375390	0.000664331462670192
49376671	0.000748538908193673
49378280	0.00595289607067257
49380210	0.00104278767830205
49382960	0.000786425735321809
49396811	0.00056486410023155
49399370	0.00376874982863209
49399991	0.142246416989842
49400241	0.00322030976492824
49400261	0.00232655940183323
49402140	0.001266767559395
49405290	0.00176558310729592
49406560	0.00204555289779172
49407151	0.00371489421208135
49409190	0.00184657596800292
49409290	0.000651952283364656
49415281	0.00127287327598856
49417440	0.00443507934102321
49421590	0.000789520425949359
49422290	0.000827569942652437
49426581	0.00108979622481569
49429180	0.000645580527903305
49429610	0.00062759125057783
49430570	0.00127413553595923
49431390	0.00140599469554187
49437740	0.00233451727725588
49437880	0.00172079358778839
49438020	0.0225726240358876
49439561	0.047548743275995
49440060	0.000838655264393008
49445081	0.000724385685017093
49446721	0.00293511374820955
49451220	0.00534760289707801
49451800	0.000585316290985486
49457201	0.000709827859907292
49457481	0.000781689121241664
49458290	0.00132356306287938
49459630	0.0340871456477025
49459800	0.000737182001766465
49460760	0.0102629631162297
49463490	0.000844608537240808
49465061	0.000905660132501719
49466031	0.0246468107466233
49466311	0.048746857946749
49467930	0.00382094742428845
49471401	0.000514093702454836
49471691	0.00145690336876882
49472111	0.000674198991896461
49472210	0.00113579015653024
49475971	0.00107077134401504
49482550	0.000832832792861734
49486311	0.00266370390497353
49487080	0.000572381752972454
49487421	0.00083256411121559
49492651	0.000634841147517452
49495900	0.000828970983816071
49496381	0.00110452184150925
49497010	0.000644477633363782
49498140	0.0128714725192079
49500350	0.00098700515624784
49501061	0.00105369427964024
49502431	0.000990237649568352
49508651	0.00234829916521845
49512190	0.00170961531103495
49512470	0.000731859482074018
49513881	0.00144645411755711
49515390	0.00124463145736162
49517590	0.000639666068909806
49520521	0.000687173283958031
49520921	0.00136754212562934
49525191	0.000641586225917323
49525601	0.00276530988976514
49531620	0.000734319541745341
49531671	0.0442467590472071
49534830	0.0371698459700317
49537901	0.000677364273458807
49539240	0.000606936218664286
49540890	0.00190853478722469
49541201	0.000682850647772168
49545051	0.000694025386163334
49547630	0.000612253043686292
49554400	0.00334992188098451
49555360	0.0014638076891695
49555630	0.0045071378275009
49555681	0.00641551759031969
49555811	0.00188357172246916
49556231	0.0214447955033769
49557621	0.00258192930886133
49557690	0.000650029623850596
49559951	0.00115816816184414
49560631	0.000628523892019389
49560740	0.00897122658297339
49562660	0.000836689148734108
49563340	0.000687853275860998
49563500	0.00378172178742237
49565351	0.000598378767314874
49566560	0.0262970620635283
49567121	0.0090357203266947
49567141	0.00438957427200677
49567671	0.0010418109697787
49569710	0.000529068655382052
49570250	0.000716560141868065
49570270	0.000579223119090527
49570940	0.000656071382527188
49571490	0.00186146335675132
49572310	0.00102623704511874
49572480	0.00400022217942248
49573970	0.00207637448115849
49576200	0.00712061445860408
49577481	0.0458499473787097
49578280	0.000945508258951616
49581461	0.00178562053780675
49581860	0.00121461364554547
49583531	0.000692886623296227
49584460	0.00071406932046054
49585051	0.000816535979445304
49586390	0.000744757926183796
49586670	0.00155130828671776
49586991	0.00463337505734682
49592330	0.000577881031605714
49592740	0.00368549005228111
49593440	0.000654688269995242
49595760	0.000674357876014322
49595790	0.000523430398143903
49596060	0.00132852480725447
49597150	0.00164184823909924
49598151	0.00729067054207635
49598400	0.000676162317403643
49598520	0.00159010763805036
49601181	0.00304640300266386
49605611	0.000969681863217976
49607500	0.0567072416546095
49608860	0.00240813598830055
49609680	0.552165415809888
49609980	0.00104065113733874
49610800	0.000739674154871671
49611131	0.0850456017776792
49619411	0.000704956549605601
49619620	0.0285730404948618
49620340	0.00083290182575935
49621990	0.000520639809700311
49622940	0.00195453469700231
49623480	0.000880391757249556
49624310	0.686741324672085
49624750	0.0016756943561834
49626100	0.000641122699450589
49626571	0.000635617485133943
49626790	0.0046916481775804
49628361	0.00056813478210215
49628921	0.0047284040690292
49629550	0.00145766417873103
49631230	0.0024866486718502
49633300	0.00180001763073486
49634161	0.00138111870555038
49636040	0.000735077392673163
49636470	0.00320423183808777
49636990	0.000634750038561009
49640351	0.00227465283589226
49641430	0.00274565092457702
49646650	0.000699743297236323
49648740	0.0013846184517253
49651401	0.0173159452617589
49652480	0.000706599130993982
49653601	0.000532179912539747
49653960	0.000883004517589443
49654540	0.000683063063243171
49655391	0.000882983461352188
49655470	0.0026957873681881
49656460	0.00105579427238276
49659531	0.0113699217402074
49661280	0.000709625151401393
49665311	0.00055475718367551
49666130	0.00165065894925831
49666230	0.00124895235569217
49666780	0.00138845426363279
49667360	0.00118910929925224
49667811	0.00065421324828568
49672761	0.0279389619878419
49674960	0.000916805541034236
49677570	0.0026990744448992
49677820	0.000932477572372639
49679821	0.000745996086419743
49680761	0.00199888302200598
49682680	0.0108752074387753
49682691	0.00139967811774626
49683370	0.000579366039332864
49684020	0.000607477032139268
49686250	0.0169588188802024
49687880	0.000918646345611305
49688310	0.00331343812944356
49688371	0.00716265825472091
49690400	0.00673356985821935
49693830	0.408896649061693
49698260	0.0124330943927826
49699090	0.00216627026110131
49702640	0.0208652347979114
49703661	0.000522632431522972
49704460	0.000688956473662363
49711521	0.000609857093035723
49714011	0.0011773100812476
49717670	0.000857670623063528
49720751	0.000637265802821226
49721700	0.00123807861342941
49723241	0.00303213186379495
49724150	0.000609029654595829
49727470	0.00224883133986343
49728300	0.000682188693704685
49729280	0.00263450805352329
49732351	0.000994816273089238
49734240	0.000713411771967614
49736590	0.00356259661649919
49737420	0.00133262846545711
49737540	0.0148130363889637
49737991	0.000604066846922357
49738100	0.00421110702450389
49738770	0.000629233559204381
49740501	0.00101351444484711
49741290	0.00173737404845398
49744211	0.00185795091357831
49748221	0.00115565678150057
49749581	0.00578049964054825
49750120	0.000590136165736234
49750790	0.258697083270894
49751791	0.000878779061264647
49752081	0.0113028360855019
49752491	0.000717340707447651
49753530	0.0287899009880139
49754240	0.00151556683450936
49754961	0.000735932608257376
49754981	0.000751744044467805
49755381	0.00150901979989441
49757670	0.000667563927961392
49759340	0.00195838970127938
49765430	0.000554681133199953
49766220	0.00219672725188851
49767350	0.000622737691144093
49769021	0.000849888880878776
49769560	0.0560316112608479
49772040	0.00363704859343615
49772341	0.00142847667411424
49772891	0.00054239630170201
49773161	0.00122615375128902
49773711	0.000588264859193722
49773960	0.00351629509047384
49776341	0.000601238523881338
49780720	0.00423263595336837
49782650	0.00405953774827508
49782660	0.000698943653667569
49784580	0.000669197545399255
49784590	0.000558700255074094
49789960	0.00183363196045817
49789980	0.00144335116452641
49790551	0.00154190995982673
49790770	0.014748570336957
49792331	0.000775858173198018
49793110	0.001041352030973
49793670	0.0278337158641509
49797810	0.00947647669060965
49807610	0.00087096166829642
49809390	0.000579284053371482
49813690	0.00114489294529332
49817301	0.0285830842496373
49822110	0.00600280911131901
49822510	0.000545999001252348
49824280	0.000693029120386008
49824980	0.000707554181184529
49825010	0.00685375411060831
49836840	0.00359134288384638
49836891	0.000611660872018145
49844601	0.000808001091800459
49853550	0.000607482877422638
49854800	0.000750203476660615
49856730	0.000807225976158722
49863371	0.000617211872887495
49866401	0.000995365867366982
49869151	0.114641560269742
49869940	0.00150459749281783
49871600	0.0231495595058939
49877260	0.0036658185026535
49881291	0.0008114610917333
49884211	0.000670109907071137
49884741	0.00385483610854332
49885120	0.00386141666583478
49886920	0.00807194416799572
49887310	0.00106241167911027
49887320	0.000966805263407973
49887450	0.429556754191366
49888150	0.00150327043494834
49888871	0.000883379567422179
49889960	0.000664936056379504
49890961	0.000716898099121099
49891791	0.00103909798204285
49893930	0.00282128312713145
49895450	0.00290869168420604
49896700	0.000596116192308469
49898001	0.00136786784570772
49898780	0.000696300453873767
49900990	0.000741730225049729
49901670	0.000801470515499068
49903590	0.000956420917589416
49904741	0.000790301682973803
49905530	0.000724232550291372
49908840	0.000622471984269395
49915620	0.000713280246185443
49916580	0.0267270617863399
49917100	0.00292715599244791
49917390	0.00559151053739464
49919450	0.00205972301777519
49920580	0.00151464821872903
49922541	0.00146985357054388
49922890	0.00114643022392523
49923320	0.00187136381594229
49924850	0.00171491358597919
49925110	0.00121219870216916
49926750	0.252584593059786
49927040	0.00474490033269667
49927580	0.000992502015638719
49931231	0.00114503859343282
49932680	0.000652131246003936
49939850	0.0258900599181815
49942620	0.00520114835526846
49943030	0.00446189881638876
49945031	0.00193739111032067
49945250	0.0202720552850436
49945790	0.000520543559772957
49946941	0.00336924603274734
49947340	0.00110889382659431
49948731	0.00460508828591553
49950360	0.000869202290578236
49953380	0.0669199172425089
49955901	0.00148466149453108
49957540	0.00458498682948333
49959901	0.00233714952602552
49960990	0.000619481254014563
49962470	0.00277730609080325
49962880	0.000693461856047744
49964150	0.00314302049742312
49964980	0.000714464937026215
49969110	0.0017823443586998
49969151	0.0010231031210693
49976540	0.00892732907402742
49980580	0.00145840183019885
49980871	0.00122519256761575
49982770	0.0006411209658211
49983621	0.0040394544419418
49985510	0.00455864178167375
49985940	0.000779605277743418
49988181	0.0369917911636845
49990661	0.00794736201559016
49992191	0.000643447434862943
49997950	0.0624481333197094
49997961	0.000719846624624113
49999880	0.000745019143303016
50000830	0.00173150810672934
50001230	0.000719405312353185
50002610	0.000634013556145947
50003501	0.00127567452845519
50004591	0.000508856531273399
50012410	0.000765803483983141
50016861	0.000958527894068441
50020570	0.00828873889626695
50022210	0.00265443437586469
50025981	0.000985253068431641
50028420	0.0108369309660999
50029910	0.00062851857157226
50030360	0.000777353879820327
50031310	0.0070263340730111
50032120	0.0147318199242949
50039300	0.00541882586457696
50042760	0.000734118865028704
50044041	0.00643999281736826
50044861	0.00174719783451998
50046190	0.039356825482005
50052031	0.000702313895471732
50052051	0.254914895965078
50053800	0.0021061495598814
50060161	0.000655162123607602
50062651	0.00130770500860723
50066060	0.000687723458094927
50069271	0.000674074309991012
50071300	0.000632475254830611
50071870	0.00244501313200071
50071980	0.112805641094193
50072660	0.0121271829205649
50074661	0.000697527605300492
50076161	0.0163875480320293
50078470	0.000708106661847037
50079010	0.00274150830498167
50080010	0.00206612427313204
50083891	0.000713604800780792
50084530	0.000671718599704144
50085240	0.00140144296239269
50087771	0.00350620635928114
50088321	0.00119361724927568
50088980	0.000637322737562906
50089141	0.00195120103309487
50090180	0.00334537623537866
50090241	0.00126984802423646
50090350	0.00218978229757167
50090730	0.00374124260082181
50093811	0.000606267428799048
50094070	0.000845435454627793
50095341	0.00170644313716791
50096321	0.000762473933252995
50100950	0.00173362749264621
50101910	0.00094967705277586
50102521	0.000752983439039084
50104820	0.00368975215683347
50104871	0.00173913376007798
50105541	0.0037713037066423
50105640	0.000899729334658668
50105940	0.000637871454579013
50108731	0.018062724779661
50110080	0.00329515117761723
50110381	0.000600927155535648
50110521	0.000688326150791808
50111170	0.000772262789651204
50112021	0.010743750854393
50112871	0.000928538648720183
50115901	0.0120025917635872
50116380	0.0149582693768488
50116670	0.000903302887572073
50118070	0.000929891835674974
50119751	0.0007184812279997
50121920	0.00141528073574075
50121971	0.00397663067106427
50125531	0.00136934549192503
50127290	0.00282223950899136
50128301	0.00318272283298056
50129001	0.000680269815321743
50132031	0.00102857204557556
50133480	0.0083283261404322
50134361	0.0013213174752972
50138040	0.000670113921113853
50139450	0.00197010895665935
50141940	0.00376943885872753
50144400	0.000623006351435466
50145910	0.0218004605247082
50146490	0.00150024370137482
50148571	0.00205309204779839
50149660	0.0315011912197731
50149941	0.00659463256011174
50152810	0.00892545271086433
50160301	0.0714897801635501
50164540	0.000942153977948429
50164690	0.000819611579517484
50166050	0.220730038303295
50168830	0.00221704693910293
50169350	0.0041329564185601
50169930	0.000600956901952763
50178651	0.000827472233679686
50179980	0.000645983203436127
50180120	0.000712350136337117
50181001	0.00277986419822337
50182620	0.0217434713601501
50184410	0.11521630942924
50186450	0.000665684902604744
50188301	0.015608163940099
50191310	0.00130635266833894
50192971	0.000993186926029898
50193691	0.0070231334023773
50193790	0.00152203303727047
50198480	0.000637648217354063
50208011	0.000849171351547388
50208670	0.00109378515379109
50209100	0.000807059844868546
50209640	0.000760111905785987
50210200	0.000691170500948382
50210880	0.000770000200499806
50212581	0.000977315782671079
50215591	0.000781445937942489
50216940	0.00100165294452536
50217900	0.0439789809266227
50219000	0.000550449823204237
50220721	0.00364381313159564
50224270	0.0022789270882622
50224441	0.000648977398106357
50224820	0.000575959254722844
50225411	0.000715970553988753
50227430	0.00675473652070473
50228920	0.0290351242800801
50229271	0.0010132677817464
50231591	0.00580764019982535
50231720	0.0151484140702641
50233760	0.00781386586894515
50235191	0.000709583851136166
50235611	0.000537404700781574
50236161	0.000534449197111605
50237801	0.00261641509024206
50239830	0.000788195516110655
50242040	0.00454716333142861
50242990	0.00061780620002053
50243601	0.0281826038920826
50244100	0.00427649850786526
50245650	0.00368315995251068
50245790	0.00287694043186001
50248100	0.0053523670108851
50250060	0.000730197367897115
50250330	0.00310770218411202
50252090	0.00122868719332498
50252981	0.0026441765577854
50253391	0.00331163211585812
50254860	0.000836791354131024
50262160	0.00191709217430589
50262911	0.00240305830457231
50263311	0.0033324915278522
50264971	0.00109675645164678
50265190	0.00104866921966577
50265470	0.0095642421758894
50267400	0.00280398632593296
50268670	0.000808390634169643
50270430	0.000611396864993693
50271721	0.00217823463921015
50272281	0.000774438367144982
50273101	0.000954069057405751
50274351	0.000968739781634627
50274631	0.00816611315014184
50278890	0.000521962025628909
50279300	0.0173586071310007
50279601	0.000849054161299812
50283420	0.00113848205157534
50289401	0.0108307358580342
50290450	0.00400231887692208
50293770	0.00553229050002703
50297900	0.00102369685050694
50301811	0.0221728096044922
50306631	0.00205319698828305
50307051	0.00134462362593212
50313500	0.0132509261822077
50317050	0.0197532970221473
50321460	0.0781741255344452
50322010	0.00327602921448442
50322450	0.00614975498495572
50326061	0.00918285115200553
50338300	0.00476373430143332
50344370	0.150926377695073
50345251	0.000992534262139622
50346860	0.00580553179985553
50350201	0.00104211970657405
50351010	0.0113164905401092
50353811	0.00413283735725028
50354700	0.00316086184969542
50355311	0.00135875226713185
50360281	0.000676133713733412
50361101	0.00089260549323292
50364670	0.013209341343492
50366570	0.00126140864718198
50367400	0.0036290611151902
50368120	0.0293078490047089
50374341	0.000944317774196341
50375861	0.000603419424707619
50376001	0.00418038657469454
50379280	0.00159179655000976
50379400	0.00162730178316735
50392230	0.000925750948754335
50392630	0.00244601830195995
50394331	0.00552597284878082
50400510	0.0309291458198774
50401911	0.0390797951757604
50408090	0.00382616074644154
50408401	0.00097959202074898
50411240	0.00172954975452353
50413750	0.00116562326143634
50413900	0.00130324766333167
50416790	0.000727849023016045
50419711	0.0108778674632496
50420671	0.000908994214331008
50422051	0.0247924717605781
50422160	0.00225134400527567
50422420	0.00363224925414341
50427291	0.000857243679762824
50428940	0.00175489958429334
50429791	0.00395620302011166
50433371	0.00116418885797732
50433921	0.00117494657998035
50436100	0.00214220391041666
50436421	0.00227814916425219
50438180	0.0138269670435514
50438420	0.00081718978519902
50439520	0.000803637775277814
50441651	0.000673243602793692
50442601	0.000521382284294876
50444421	0.00408494356550976
50445050	0.00318287621381867
50448251	0.00133987700844904
50449600	0.00168450928767168
50449860	0.00115931488634546
50451270	0.000601996083338528
50452620	0.000612525819053003
50452961	0.000638541481524069
50453651	0.00318762626230446
50458761	0.000521152524394846
50461210	0.00149103926603722
50462860	0.00325430195157425
50465791	0.000527565225091258
50465880	0.000953954476054938
50466761	0.00100193497565365
50467171	0.00139597129157749
50467841	0.000929943685440949
50471301	0.00252803753626219
50472240	0.000816737795332815
50472531	0.00320396100959167
50474410	0.000619519362672224
50476080	0.000596556637095624
50476520	0.00312215490175479
50478341	0.000701249413094109
50479711	0.0270951530724478
50480620	0.00212316657434659
50484941	0.00757897015092429
50488640	0.00336674765696266
50489310	0.000646884374631969
50490300	0.000943065813323862
50491110	0.000795200597365145
50492811	0.000928127680223271
50494850	0.0014498575622826
50494881	0.000695568676504922
50495120	0.00173914428364295
50499441	0.00135421048574881
50501631	0.00104953050296096
50502881	0.000745213577121867
50505040	0.0463150124811342
50516640	0.081464464300878
50524510	0.00142495105270989
50525310	0.00561523049346778
50527260	0.000684831818487859
50527780	0.291403253416517
50530051	0.00183720404562975
50532121	0.000582808010866888
50534181	0.000621762881521408
50535950	0.0561855956164471
50535960	0.0104124981602695
50539810	0.00389765096093181
50543820	0.000636946860593238
50555810	0.00220980052489037
50556470	0.000769784520451789
50569990	0.000620437666031392
50578420	0.00288105160303594
50578670	0.000734735863078547
50583421	0.00122224217309297
50585330	0.0216298561017671
50586461	0.00178933947836225
50589361	0.000929537342366208
50589901	0.00625405423041113
50592920	0.00102451126107967
50592931	0.000750070424920734
50595950	0.0187663944399103
50601870	0.00187587278070128
50602171	0.0231830042471437
50603981	0.024278607097722
50604401	0.00683847964663721
50607110	0.00254986816112982
50608740	0.000895253968685426
50611131	0.00860802845651768
50612460	0.155157420852946
50612531	0.00274684095121757
50613071	0.00253640054543378
50613170	0.000540823966329284
50613310	0.0739194619102244
50617481	0.000525065089115309
50618171	0.00130372037827517
50619650	0.000793599315585048
50622020	0.0050089215201957
50624350	0.00395610359771916
50626690	0.00261540671388984
50627541	0.0017604554043707
50632340	0.000709824677665201
50634410	0.00175235569575732
50634581	0.0268534897289649
50637891	0.000861731989025994
50639090	0.00871426101472361
50639790	0.00366118854457545
50642441	0.000664728703933584
50645590	0.00065461152313683
50646260	0.000701325269448284
50647151	0.00204614071248821
50648880	0.0019153643219277
50651250	0.000683960237716604
50652180	0.0013553385896559
50653970	0.000752538755505756
50654581	0.0015000749340575
50654700	0.000705931325719474
50654830	0.00624275499432446
50655401	0.00421638738959831
50655831	0.00692100347993989
50658810	0.000722328409733963
50660531	0.519701190370391
50663100	0.000773179406720136
50663790	0.000786826899142073
50664210	0.00784789013767388
50665050	0.00093789365524247
50665761	0.000530005009793898
50667240	0.000694930052266722
50667401	0.00109673387292044
50667630	0.00382540378638505
50668521	0.00636680500985274
50670140	0.00149532374372523
50671920	0.00287150801630908
50672391	0.000935836510918641
50673850	0.00146726966919609
50677170	0.0904503785047618
50678000	0.0131620322721326
50681150	0.000641527705167945
50684080	0.00069515449959493
50686560	0.0224659735450997
50690800	0.0063386341339504
50691961	0.00249259097111028
50694950	0.000863993527779431
50701980	0.000626432629035306
50705611	0.0219424925101079
50711411	0.00176799035086648
50714711	0.00737884700228075
50716460	0.00764765793798038
50722800	0.00157205020840009
50727520	0.00383479373423387
50748750	0.00489881916363252
50754530	0.0215841625305989
50755350	0.000627232897076327
50755811	0.000645969037810014
50759360	0.0548566122568187
50763360	0.000556389602350989
50764781	0.0125432519182321
50765970	0.00375452759133205
50767350	0.000772448575509023
50767541	0.002715743205577
50768361	0.000952924339437095
50770120	0.00821273646693922
50770311	0.00163442953007266
50771930	0.000751854789298424
50775080	0.00117378600079138
50775401	0.000664526174216563
50775640	0.000668242105993318
50776771	0.000686588943632395
50777570	0.00210864200024934
50778021	0.000648890406319545
50778110	0.00203550096570034
50779100	0.00064161591752605
50779510	0.00107877230042901
50785341	0.0226374710281541
50786281	0.000661310467429906
50789481	0.000555170992654986
50790400	0.000859143608459948
50795521	0.00197758041541235
50796091	0.00123075782942759
50797700	0.000616576849868989
50797751	0.0245829197742709
50798240	0.00080140002720925
50798390	0.000838955641375683
50802380	0.0021023256235008
50806301	0.0008608937801162
50807750	0.0277370430045417
50809290	0.00823536616823613
50811620	0.000760413730366353
50813140	0.00052989153785644
50813720	0.00151609964611088
50817201	0.00106173935460025
50820081	0.00112263176466945
50823360	0.00108140820056488
50823920	0.00581085530305605
50826390	0.000560051334197877
50827111	0.00115990125900852
50828470	0.000678072897973759
50832901	0.00205766973428753
50833061	0.000889988221168812
50838581	0.000891029370277918
50840071	0.0226362309627836
50841061	0.0038018667828582
50842161	0.0265629987272196
50843241	0.0119778602784651
50843391	0.000593597605072562
50844310	0.0108925644108061
50846001	0.000599287340181524
50850291	0.00113775305742745
50851811	0.00187960274066553
50852621	0.00220147353890272
50853061	0.00142484077092974
50854691	0.000664276529297035
50856341	0.00413132595820402
50859681	0.00119798408279776
50863880	0.0012214396504917
50864621	0.000560600131620049
50864911	0.00270312533775856
50869260	0.00118231107026026
50869871	0.00113548876397042
50872740	0.000784962518928939
50882680	0.472599025506184
50884020	0.009812525415617
50887090	0.00140413878223099
50890650	0.00505869518333358
50891801	0.00149615914227749
50900710	0.000550692224974032
50900860	0.000610899270507951
50901160	0.00121939769606793
50901721	0.000874126787930414
50902540	0.00123445174447623
50908330	0.00373984210572744
50909550	0.00102931227804361
50909980	0.00075056142521034
50910360	0.00139890280172411
50910380	0.00248931878337789
50913010	0.000520543559772957
50918250	0.000664836973860649
50918660	0.00393826017476612
50920730	0.00076526023858423
50923921	0.000833239381281863
50924860	0.00246276210284679
50925010	0.00178470695645274
50925670	0.00105380341160364
50926380	0.00550479658186441
50929840	0.00066439425677788
50929861	0.000560577974364651
50932430	0.00781116243253452
50935770	0.000819893582097237
50936201	0.00071958794009968
50937700	0.00154899098134623
50938271	0.00104615976349589
50938421	0.00247977302404091
50941430	0.000866674896552668
50943101	0.00448469590825433
50943531	0.000737431717594031
50945150	0.00427518469394791
50945731	0.0155850145370111
50949031	0.000858370682296554
50950500	0.00091673074182512
50951060	0.000757663590935611
50953041	0.219165472135639
50954841	0.0116725563090175
50955511	0.002627133189267
50956700	0.000788794267049322
50957560	0.00199717513251414
50958151	0.0161772510929458
50959610	0.00473781478652842
50960990	0.0234397227405361
50961150	0.00217753885626901
50961520	0.001025077645812
50961711	0.0232467419338254
50963620	0.0016947746008202
50963630	0.00319880914348714
50964911	0.00978220444251887
50965420	0.000757363548060541
50966411	0.00132914903110772
50966831	0.00198089254602823
50967651	0.000580494585545643
50967870	0.000733729887502649
50968160	0.00306955878105694
50970541	0.00161683559688475
50970821	0.00174019226989357
50971190	0.00279977733642476
50971600	0.00058914386563113
50971931	0.00317368408410105
50972730	0.00100934493037419
50974500	0.0036745915203848
50976881	0.000720235899944693
50977021	0.00126256163070442
50977871	0.00515803486470386
50979190	0.00398684979742874
50980280	0.000862804775906832
50982411	0.00164210466505885
50985581	0.000916084581837357
50986500	0.000628596438851907
50988211	0.00632647210511977
50989260	0.00117715993644171
50989660	0.000975754029811118
50991241	0.00193704349614963
50991450	0.000941117664926101
50995740	0.00218924947307738
50997390	0.0010089887129305
50998961	0.0180792366437816
51001041	0.000748139197820587
51007060	0.000816865323645188
51008440	0.00535080072259589
51008860	0.000733362135340782
51012420	0.000726107195142655
51014261	0.000966783257227546
51015070	0.000934022447431685
51017410	0.000944393389365759
51017571	0.0342682045327785
51021110	0.000698092268978579
51024690	0.00378793426723682
51026401	0.0525003880096943
51028020	0.00237070848143679
51029260	0.000670590650395499
51029520	0.00179865658012906
51029731	0.00127853500064514
51030121	0.0010033405371174
51032621	0.000823595089620191
51034360	0.01049176129716
51034490	0.00085583267293489
51037410	0.00224588482756326
51038240	0.000631523652477009
51038660	0.000793837552184794
51041130	0.000877498093889359
51041650	0.0034630491723985
51041680	0.000728940278344083
51045721	0.000816948170248178
51046240	0.00754026243674669
51046490	0.0119694692409471
51047781	0.000739192693626753
51048170	0.00765294372268941
51048850	0.0295887586540027
51049851	0.000575350025235315
51051091	0.00150623680593128
51052700	0.00066433753880097
51053280	0.0016273800508995
51055590	0.00941080901228712
51055641	0.000820652092192306
51055900	0.000551102331312457
51057981	0.0109491456806597
51059651	0.00746667784368837
51060450	0.000667994040539291
51060751	0.0054415588189073
51062230	0.000687549483231702
51066070	0.055318008676715
51067620	0.0013147669705201
51071320	0.00302529016704317
51071590	0.000628876688082898
51073421	0.0127976555977502
51074490	0.000837595337166369
51076041	0.000689935470613978
51077281	0.0208567826757013
51080150	0.00883453213049529
51080570	0.00755648417682601
51081140	0.0014891772120399
51082821	0.00386801605216408
51082890	0.0510399142216785
51083771	0.00109927947359552
51083911	0.00136097266357229
51085841	0.000512168215532688
51086681	0.00385533582565926
51090910	0.00111040351749442
51092010	0.00261182135625868
51093701	0.00951851390888822
51097561	0.000871418189676766
51098821	0.0264080857341267
51100690	0.0290177280564325
51102480	0.00159739425340898
51102531	0.00111654531856102
51103160	0.0028574044881305
51104550	0.0015910618655555
51105810	0.00281604861972478
51106780	0.000694528303308428
51107211	0.00678233973803569
51108160	0.000670056760472523
51108400	0.000789846522784307
51108700	0.00108515625219717
51109400	0.0234471359613676
51109581	0.00196069088440338
51109831	0.000579785432109515
51110951	0.0166594196100975
51112160	0.000622769805227684
51113390	0.000595270382938533
51115781	0.0296526302875906
51116720	0.00459022178769855
51117270	0.0036416372647575
51122480	0.00864309679032265
51125670	0.00320657172133688
51128160	0.00122184261182773
51128871	0.000624793597009388
51129141	0.00261265237747531
51132440	0.000619489599075921
51134230	0.00295438640340503
51134241	0.000683220808183214
51135351	0.000645457163761718
51136540	0.000670141051205955
51138480	0.000528348892793621
51143211	0.00195031149912527
51144690	0.0118102109657003
51146401	0.000781418032458943
51147221	0.00148344493045232
51150220	0.00123505669875698
51150261	0.00242758528912938
51150740	0.00140162988519504
51156440	0.000610157457319713
51157500	0.00323338475646929
51165141	0.133629862536802
51167081	0.28193057674445
51168191	0.000776143327201659
51168471	0.000965117687811062
51173910	0.0054751759832672
51174750	0.000851910968075394
51174811	0.0296812807335993
51175580	0.00137714966651823
51175610	0.00352106275187241
51175720	0.0147640485816844
51175850	0.000810233852934433
51179320	0.000507774000749436
51180041	0.00146390139350872
51182600	0.00250025489680487
51185691	0.00914721759089839
51186210	0.000976613605946793
51186251	0.000802611681346718
51187061	0.0103067168948693
51189561	0.000508142361042345
51189930	0.00334653137668644
51191071	0.0024936197654197
51195621	0.0016099191959265
51196280	0.00158219909609993
51196601	0.024520478872166
51197971	0.00528867995142711
51199160	0.00416907262711785
51199990	0.000643230700264969
51203201	0.000893885378531634
51203290	0.000640835484441988
51204700	0.000604771664147824
51205151	0.00111236911426907
51210330	0.000686906166536878
51211190	0.000841705906746844
51211361	0.00888426599186506
51213260	0.00100783700892119
51213810	0.000842085353263447
51214241	0.00068734579952118
51214391	0.00367472089104855
51214941	0.00476303106494657
51221360	0.00164340881028848
51223460	0.0010679962960606
51223751	0.00062179494685801
51223990	0.00290789061487295
51225971	0.00558591460197981
51229260	0.000565238025515543
51229981	0.000698119612016546
51230210	0.00074976072441553
51230251	0.0777510123974418
51231160	0.000781348608694453
51232140	0.00355988125282943
51232420	0.00308900574847805
51235440	0.0229956453862565
51238671	0.000693777767486442
51239310	0.00171634677302331
51240581	0.00254960324931189
51241151	0.00208717721859257
51241421	0.00764470341284924
51244420	0.000955730931948513
51245920	0.0063771290754803
51249951	0.00259877844988082
51249961	0.186348627792086
51258730	0.00951347949966161
51259201	0.0258306476920044
51261701	0.00527113509391325
51263180	0.00368277437240887
51266450	0.000527296669720974
51269370	0.00077665510137437
51270050	0.00247456927517823
51273790	0.0027370759131174
51274340	0.00182500276770146
51275481	0.00105239578269383
51276950	0.244897727715571
51276970	0.000837129581216848
51279140	0.00181311811122765
51280560	0.000811350853040213
51285630	0.0103473382114443
51286231	0.000842657604918496
51286880	0.000592726317499125
51289971	0.000624173410710579
51293360	0.00477236065196764
51296031	0.00725013641742148
51296240	0.000732501483355045
51297110	0.00661123812392464
51301001	0.000738400692808232
51303290	0.00109784231919152
51303990	0.00166906077993558
51306190	0.00129719447940164
51309551	0.00536861459581228
51310480	0.000704161445053765
51311611	0.00551183665702384
51312711	0.000556727765918997
51313131	0.000973897125397093
51315280	0.00121389318532372
51316711	0.001219185421061
51317240	0.00102868136218935
51317660	0.000889585624286909
51318641	0.00225423018357741
51318870	0.00563540752145787
51319160	0.0090588297541472
51319191	0.00860313413540837
51324140	0.002284218126438
51324550	0.00355274015367942
51325070	0.00347717311798354
51326180	0.00342540483307917
51329391	0.00214589422352123
51335871	0.000559869282217377
51338750	0.000525530688562076
51339840	0.000846799245139206
51340810	0.000739820603179299
51343341	0.00092057155969648
51343440	0.000556303246300295
51343751	0.00110215154102465
51344161	0.00915131014016498
51346460	0.00572129289624789
51346521	0.0111054562365371
51348660	0.000914674544563835
51349500	0.000980471511270905
51350511	0.000930603283655388
51356711	0.0227637541178792
51357360	0.00439022964382267
51357541	0.000833147258664606
51357551	0.00078107736721981
51358190	0.0534518728187377
51369551	0.112250339857646
51369610	0.0736758168057149
51370911	0.0473635671317088
51373640	0.00203003273604267
51378491	0.00114384236313682
51380670	0.00557524519777309
51380701	0.00075615649393011
51382180	0.000675190442814635
51384151	0.00306205997260735
51384540	0.000755521587102049
51392950	0.0339443677106642
51398040	0.00171469313746228
51399181	0.0151155897411436
51399290	0.00183691526544328
51401210	0.000706719056305486
51401780	0.0027374576446978
51402351	0.000881299789265736
51403820	0.000580029594882791
51406491	0.00134413593235518
51410081	0.00107316797680521
51410580	0.00108653134496947
51411471	0.00523219576674705
51414491	0.00171663000378782
51418050	0.000544375574453818
51418351	0.00261898002638503
51419700	0.00058954409497941
51420120	0.00184999408909817
51421920	0.00184361737757695
51422781	0.00650248642319394
51424520	0.00125850575928795
51426911	0.000845127270170805
51427601	0.00203438198117492
51430641	0.00330307327994726
51431201	0.00108960354322117
51432141	0.00174023204790942
51436400	0.0010210224340413
51436670	0.000667231186204626
51438160	0.00586492585847711
51438740	0.00262082892969399
51442491	0.00167404454859414
51442730	0.0132223026411367
51442870	0.0758732001673813
51445360	0.00146743575219799
51449210	0.00119464304097693
51449470	0.00337762178238155
51451980	0.00505576322912671
51453210	0.003421348439313
51455020	0.0737638940219337
51455041	0.00663071049590485
51456431	0.000553573699145646
51459810	0.00380382102032972
51460250	0.000596458380687702
51460370	0.000533896715709285
51462730	0.00378415811037381
51462921	0.00161522010357698
51463540	0.0091062788936952
51466351	0.0149668764731619
51471051	0.029523400078033
51478751	0.0312251633147671
51480510	0.0112406337262581
51502730	0.00201122685750567
51512691	0.00115615623615239
51515721	0.00192543631578865
51516630	0.00081961276920267
51517210	0.00105265811404668
51518860	0.000644746001595612
51519830	0.00117137249193387
51520500	0.00188254057601013
51521870	0.0456774714668607
51522631	0.00494597781384978
51524011	0.00425931202033094
51524910	0.0119047188826793
51526570	0.00107670822372576
51540561	0.00689920715057147
51543041	0.0219222458011586
51547711	0.000768947825314408
51561760	0.00390450842710017
51570351	0.0038132896458726
51570440	0.00107673233355221
51570611	0.307093851537889
51570710	0.0740559812953511
51571861	0.00117890129087918
51573801	0.000778485290945101
51574730	0.000673970579849138
51575810	0.000901118380038543
51575830	0.00106312391010981
51576411	0.00162482613991461
51578710	0.00151881297904539
51581521	0.0023715260003853
51582211	0.000673377645901646
51582850	0.000729162989614436
51586430	0.000779121409391715
51587970	0.00142491314170673
51589521	0.000777453482740915
51590730	0.000612938444444016
51592800	0.00116556613516891
51593070	0.0042189238698228
51595270	0.00234336622756534
51599010	0.00940912833955398
51599731	0.00121278284931968
51599820	0.000731850580303737
51600510	0.000970266515695635
51601200	0.000677463616332307
51602850	0.000723324295311116
51603021	0.0171064840930087
51606860	0.000629969796458409
51608480	0.0010154250617227
51608531	0.000676217285453365
51609210	0.70426756765758
51609641	0.00139832498673118
51610160	0.00269568841578465
51613791	0.00580503236244965
51616080	0.000561991701201408
51621231	0.000951106518841628
51623390	0.000670446020907145
51625070	0.00259615297544852
51625381	0.00358019933023782
51628271	0.000608218470262458
51628900	0.00577328536435485
51630051	0.0012719282018879
51631701	0.244394957552273
51633190	0.000689784757702558
51634741	0.00137651564268022
51634751	0.000717748802324825
51635161	0.00053144055550295
51635820	0.00219596371892809
51636380	0.000866837703513208
51637740	0.00059429190784899
51637771	0.00093741708228938
51640370	0.000521292229262132
51640391	0.00268231131674918
51643520	0.00323932717339483
51647291	0.00173902747970731
51647400	0.0021070225759361
51649330	0.00467026617244412
51651011	0.00132360119608759
51652500	0.000542677266418346
51652811	0.00055814948981957
51654030	0.0013218795292123
51654191	0.00331619039655654
51655311	0.00249533017072085
51657190	0.00433868199643031
51657620	0.00116905670925557
51658310	0.00458392689625346
51658420	0.000893744426650794
51661511	0.00118807108188937
51663530	0.00158506668895998
51663701	0.00202110096119521
51664510	0.00653076688770475
51665190	0.0221515970761808
51669040	0.0136583064006837
51669491	0.00316497762401489
51669641	0.00106280220118804
51670270	0.00735597769061161
51672240	0.0019089503331357
51675841	0.00172753351869401
51676080	0.000673143052597491
51681170	0.00084567159769628
51681180	0.000508856531273399
51681310	0.000554711855672022
51683920	0.00065838660130839
51684090	0.00121323685586341
51686140	0.00103635195272914
51690560	0.000894610008533172
51690980	0.00104101520685433
51692360	0.000804657106123137
51698311	0.0170544937965463
51698710	0.000730816728437337
51698720	0.0131217988078435
51700080	0.00178143830088325
51702201	0.00069524090196901
51702410	0.00103959696610862
51702680	0.00578798524661165
51704251	0.00178452517140677
51704750	0.000770358373654602
51711410	0.0178297504142079
51713351	0.00432283872696837
51719670	0.00466491172459232
51720661	0.000595137608886847
51728890	0.00279418842973001
51732350	0.0013098014648022
51733450	0.000766610022967748
51742140	0.00242795831160575
51747691	0.00297169888778556
51754530	0.0011598044988155
51783520	0.0272373188374063
51785600	0.000751071164901893
51791571	0.00504133616095785
51792480	0.00134312187304949
51795220	0.000600752199556726
51795271	0.000530400221499816
51797010	0.000604172023416747
51821190	0.00119418249121858
51821420	0.00114763143989656
51823541	0.00184322257746067
51825160	0.00121900808174408
51825280	0.000844260030918873
51825361	0.000729350272178429
51828231	0.00110433984423191
51830861	0.00300165900536087
51832511	0.000758810619894596
51834260	0.00194439204728638
51834800	0.000721441012790479
51841491	0.257901643560087
51849710	0.00648749288359061
51853211	0.00249735646756931
51855500	0.00535046935243596
51855971	0.00348423415898309
51856600	0.00252599974315692
51856630	0.00090448334145358
51857040	0.0033512968019683
51858291	0.00118459654804795
51860040	0.0210657697338545
51862581	0.000662145113989211
51863910	0.00300519662696478
51864340	0.00074518249368542
51865351	0.000546069983308455
51870140	0.0041753178911676
51871240	0.00769470038015992
51877170	0.0072399626688074
51880941	0.00121987972796728
51881970	0.0045124859271211
51884050	0.0143336177617403
51886841	0.000882735021295586
51889761	0.000682290907568176
51890390	0.116028261706656
51891630	0.0015548603566689
51896361	0.0020704498219052
51896600	0.00593891204929923
51898100	0.00139267615942957
51898540	0.000862083223497437
51901030	0.00073399476657677
51901730	0.000641267436517077
51902420	0.000793941194349846
51903070	0.0237573906914584
51907541	0.000618597259736057
51908480	0.00194718483886534
51909051	0.00501544839846378
51912460	0.00444858733024257
51912900	0.000640868442262882
51916600	0.00142762579161704
51917211	0.00645321741262178
51920050	0.00240210174955417
51928231	0.0131695005639046
51931251	0.00063266646566243
51932491	0.00150543439913897
51932890	0.000627627695828635
51934930	0.000752463172974245
51934970	0.000599321406294336
51935900	0.000556832739569415
51936651	0.000803132085808147
51936890	0.00557207295062132
51938581	0.000802797329022987
51940091	0.000968105920689411
51940221	0.000900076166800469
51941560	0.0103870876140782
51942421	0.00567555961056336
51945410	0.0011977878569621
51946000	0.0016910016712762
51946031	0.00446827536022472
51946721	0.000872824429728722
51949751	0.00138347070553689
51951480	0.0010446335197579
51955070	0.0022339065855555
51959890	0.000777172716518616
51965700	0.0386947876972236
51967941	0.00896945024711671
51970861	0.00409274238777167
51974841	0.00117276519602794
51976091	0.02866302622156
51976101	0.000891170073941967
51976590	0.000686239115794028
51977181	0.00113020575748404
51978711	0.000658976047849508
51984081	0.00133445659282118
51988351	0.000529192289221818
51990650	0.00780591258922857
51991521	0.00102525074213858
51991931	0.000964269029836034
51992361	0.000740979397748727
51998151	0.0058452572056868
52006691	0.0222026123991944
52013810	0.0010914283788352
52014780	0.0032285818877222
52016221	0.000721890468240524
52028501	0.0217389727648905
52037140	0.00118150545955047
52043210	0.0397109353215746
52045871	0.000756314025545224
52053171	0.00279449262360165
52059920	0.011930458586739
52060891	0.00301656927222795
52065451	0.0022070768192092
52065881	0.00060175901474715
52076901	0.321716434170075
52079101	0.00110283446798541
52079371	0.479137371733746
52081260	0.00275452128749173
52096030	0.000893368367510839
52096300	0.000775571129418733
52103220	0.00222607559299081
52103500	0.000906971039328645
52105171	0.00133328680607649
52106961	0.000544376342758527
52109120	0.0021190505620044
52111231	0.000736233249911771
52112481	0.00130884546938965
52116150	0.000918044190305865
52116160	0.000644482624693133
52117290	0.00446025025870942
52117451	0.00107467383066659
52117560	0.00340082313828344
52120420	0.000669762715239926
52125301	0.0068511082016359
52128751	0.000911695805948621
52131220	0.000811179462381544
52131350	0.00139726440313404
52131381	0.00106992517517843
52132700	0.000517752294290252
52136201	0.000940056922046998
52136970	0.000568281614010795
52136990	0.000643789651293712
52137010	0.000682885699137368
52140071	0.0145320709245167
52140440	0.0136461443969431
52143750	0.000651947904168413
52144560	0.0017666823505821
52148071	0.000874654913943938
52148901	0.0011157344896515
52150370	0.000623601128176668
52150411	0.000823631235971861
52150421	0.000652261421325892
52152160	0.00174727668329879
52153451	0.00179018144124682
52153820	0.000699633186346071
52155740	0.000596599405091057
52155921	0.0020971625149534
52159661	0.00967859984834354
52161520	0.000698166165196863
52167180	0.00618364293796343
52168730	0.00189390614767763
52170531	0.000683296773184128
52172970	0.000834331565718182
52174250	0.00658156364472279
52175750	0.00110539693113791
52185400	0.000848487616336707
52186001	0.00414000714196294
52187630	0.00133227297649661
52187750	0.00759876334203374
52187791	0.00425827672950202
52189810	0.00194115927553411
52190001	0.00259524937871722
52193581	0.00974115577063497
52195221	0.00153581138478018
52197420	0.00791615061939742
52197431	0.000964875785044889
52198790	0.00143699800963452
52201120	0.000780138236792615
52203501	0.00984808634162389
52204891	0.000835718479824627
52205400	0.0162447412836503
52206240	0.0111694546995335
52206370	0.125285819946041
52207771	0.000702577860998958
52215781	0.00437710261080173
52218890	0.000749812563057365
52219060	0.000648638364294893
52219231	0.011765454637092
52220201	0.00105900359332849
52223381	0.00204873735961065
52223911	0.000539451325534886
52226230	0.000525062445243035
52227381	0.00276299868515445
52228481	0.000616995370144156
52231180	0.00281069636180792
52231491	0.00813022949571393
52233431	0.00938693484577709
52233950	0.00150010104263734
52234251	0.00444524292777658
52236450	0.000627893242953332
52236710	0.000633034692844589
52236720	0.00098273123705095
52240850	0.000829770583587609
52241021	0.00221695207184504
52242360	0.000861578394726982
52245530	0.00565898515458229
52246500	0.00371868249647669
52247580	0.0031491988357494
52249971	0.0425065710127171
52250500	0.0978632242133267
52251211	0.000655471039714216
52255990	0.00063402797170054
52256041	0.0319105370477246
52258551	0.00138405067176599
52259211	0.00112117204706482
52259221	0.000905192491914038
52263460	0.0056502816258203
52263771	0.00315845510002307
52265031	0.000544377037702382
52269991	0.00384973459852132
52270401	0.00121000960041616
52272481	0.000933779133704347
52273001	0.001194668288678
52274510	0.00104768210751122
52275850	0.000638706161617902
52276140	0.00626127084779561
52278531	0.00102434700685018
52287890	0.000932561431790756
52288680	0.00167213496187427
52301960	0.00104455831788763
52303371	0.0012431594445176
52305110	0.000799451390063516
52310381	0.000859986698033526
52310610	0.00119398150196992
52317500	0.00382152999579066
52318780	0.0013679886157679
52319850	0.000673095653005007
52319921	0.000798154253395947
52325291	0.0015616155659952
52325540	0.00346630511201702
52326490	0.00367397866791583
52328560	0.0023352835731621
52329540	0.0712329612089521
52330220	0.000708079515960869
52331590	0.00163846503163046
52331990	0.000708712348802813
52335300	0.000793652998911414
52336540	0.0781098404383282
52337691	0.00211782569960513
52338470	0.0072640194016693
52341821	0.000777079926263577
52342910	0.00228547511972796
52349431	0.0606151787804782
52364530	0.000901364222294186
52368120	0.00149966488843253
52372140	0.000823650997006894
52374600	0.00073886884030617
52378801	0.000890805515960251
52382760	0.00987124215532981
52390050	0.029846066107836
52390070	0.00105957014904331
52390460	0.000784003865206317
52403850	0.000941391444479098
52404670	0.00346249292161907
52408140	0.0137844873403346
52408660	0.00071736841926992
52412140	0.00178760282498672
52413141	0.00479121192378364
52414480	0.00679218964344031
52416861	0.00397938437483975
52421281	0.00652361244278684
52424980	0.00218367166862194
52443870	0.00192075291035813
52446641	0.00201692605217183
52449681	0.00292577372050745
52449971	0.00683845659337959
52452660	0.0614493653717031
52460311	0.000696892849601569
52473671	0.175091632793593
52474101	0.00631931808491337
52479741	0.0525549217739595
52482590	0.000708756152757998
52483461	0.000887552834496795
52485790	0.00419555394234748
52487881	0.017241193830294
52488270	0.00105543897348041
52493531	0.000714520314887553
52496171	0.00356528778396837
52498330	0.00136570335442601
52501650	0.000977790614428428
52502101	0.00190866290043804
52503611	0.00059770380610826
52503730	0.00115237428114277
52504120	0.00105797356749962
52508950	0.000672025591366156
52514600	0.000794937129307185
52514760	0.000786948408613997
52518911	0.000576492438700999
52519560	0.0225962573531628
52524380	0.0634438510794905
52526450	0.00756817100268324
52527850	0.000899296188917259
52528711	0.00162051572765753
52533271	0.000776932460403754
52533350	0.00104453606490988
52533930	0.0606725817428596
52539061	0.0014104444136822
52540441	0.000711088640735681
52544240	0.00950070580052132
52544581	0.0222284865734301
52551710	0.000847846218449391
52554231	0.00447386986220971
52556270	0.00888032634733657
52558030	0.00615859075080327
52559751	0.00239522566436717
52562221	0.00363822533977496
52562351	0.00174277163578991
52572301	0.277317383912499
52576540	0.00128028650078614
52579400	0.0208572047265206
52579410	0.00093548963001051
52579871	0.0021569840882241
52580650	0.000627086457244295
52581661	0.000781011924921597
52586180	0.000962361230957408
52587731	0.00181649433710937
52588380	0.000522223988640563
52589070	0.00236952212032119
52590901	0.0219114306262462
52593531	0.00250136956472012
52597521	0.000660137649933866
52599680	0.00224730231107315
52599840	0.0007751621966928
52602310	0.00625985752142019
52605370	0.0057822668564839
52613190	0.000853903935400035
52617541	0.00129871713949893
52620110	0.00130848680415982
52621050	0.00193857926061695
52622641	0.0112665322281497
52622860	0.00347632423265762
52623260	0.0062494948180664
52623430	0.000736432588677683
52624950	0.000655869381628037
52626160	0.00131334924181501
52627471	0.000623647886026763
52628380	0.0032424768931708
52628411	0.00105288823837829
52628930	0.00928879130881023
52630641	0.000694413756973858
52631120	0.00229425406402656
52632100	0.000649035317333263
52633910	0.000610639915496498
52636120	0.00419216997946032
52642211	0.675875285433559
52648821	0.131354418075612
52654740	0.000694298314816626
52657750	0.0869415685595618
52659840	0.00155168914085633
52660701	0.000981557478036239
52664650	0.000616322555254563
52665760	0.00176927624185331
52667270	0.00411895852643646
52669381	0.0284222377552883
52670481	0.000588302335176076
52671140	0.0139980624664881
52672011	0.0028350895840235
52674980	0.00161125600555246
52675290	0.00360633272908166
52676841	0.00788555322411117
52677251	0.00114874792312402
52687570	0.000630107243733796
52694160	0.00165931476601245
52700230	0.00273521197826873
52700910	0.00170842647527681
52701210	0.000569864943048327
52703680	0.0313425068972586
52707400	0.00434104893266762
52711530	0.004390565872801
52723700	0.0280653189798653
52733740	0.000853989671935759
52749210	0.00157518966719392
52754881	0.0103021946065226
52756930	0.00136245211842724
52763591	0.000843167603349059
52766180	0.0119857696213457
52781750	0.00337074626494942
52782990	0.00567606807003836
52785450	0.00190451167414003
52787041	0.000670109058323901
52788281	0.0311113572583366
52789221	0.00236847611220019
52793760	0.00212032595736214
52796691	0.000750631570736153
52797720	0.0146633577922483
52800650	0.000602756195881628
52802040	0.00117509557692762
52812510	0.000846135650977863
52812961	0.0110270720908141
52819830	0.0083911998871698
52820541	0.0456837361258924
52824391	0.0118697898504938
52826550	0.00197038088811857
52826970	0.000696681156406054
52827000	0.0139833243683423
52827790	0.0190444466060603
52829651	0.00063784651869699
52830580	0.000542176403555215
52831000	0.000958208318559063
52835711	0.00423507636014484
52841030	0.00101186373001269
52844750	0.233486581574694
52846061	0.00304490981424245
52852910	0.00220277255374618
52855120	0.000827628921042336
52855790	0.000790667992947902
52857340	0.00406282225249957
52858420	0.00460170490672166
52862341	0.000573780893620611
52865050	0.000650626965703002
52872961	0.00075975436342988
52876340	0.000644203855113938
52877590	0.00103871681059947
52879090	0.00137887865297102
52881621	0.0771660818851533
52882611	0.000555344678195677
52883370	0.0156610618916153
52886290	0.00140050496513521
52886440	0.00410812466423969
52887670	0.00875278939497457
52890830	0.00181806611866961
52892650	0.00316668718865999
52893361	0.0929644541969012
52893590	0.0854360407493079
52893710	0.00844536845867454
52893901	0.00224381118849385
52895520	0.000559228025639395
52900811	0.00232641647962761
52905020	0.00408919453941658
52905200	0.00946091680041024
52907711	0.000952765044309014
52914970	0.000977044891890314
52919530	0.109874472971511
52921921	0.000633177923627568
52923701	0.00100996926106017
52927411	0.000804999582195682
52927841	0.000821115536548166
52928910	0.00178675895810046
52929980	0.00283678684843027
52937880	0.000772651398335165
52942290	0.000972193920426614
52947971	0.0221280683559918
52951291	0.000661789240011513
52953351	0.0161794815372824
52953470	0.00125593150036835
52955001	0.0014780770007895
52955360	0.102918181926313
52955691	0.00572393291905345
52956350	0.0167660374923982
52958051	0.00510070663484608
52958560	0.0018307949007002
52959950	0.00209982224099098
52961310	0.000776967642193047
52966311	0.00157474566291869
52968910	0.00276820578561706
52976101	0.00100496768062218
52981150	0.000886219298885636
52982390	0.358715142350565
52987281	0.00218412799983182
52988750	0.000947307974323407
52990260	0.0476400977987088
52992251	0.00186132270269074
52992371	0.00200953501088565
52999541	0.000728946866043174
53000641	0.000665765800077348
53001600	0.000880811203776717
53004231	0.00186039400365485
53006820	0.00308280022139692
53010800	0.000972029835879497
53011650	0.0312961420603406
53013990	0.00149439047430447
53016880	0.00230887797091101
53019940	0.00179868273457492
53021881	0.0108223645198742
53021901	0.00413060799104798
53028770	0.000744188686160058
53037140	0.00186174929196867
53044921	0.0106362998205517
53066400	0.00137418888827737
53067001	0.000647179374075291
53067090	0.0529976614238206
53074011	0.00851642348616691
53075770	0.00149643952032239
53076511	0.00265814882271374
53077830	0.00834533700205981
53079261	0.52524313904924
53079971	0.0504448611223481
53081051	0.00149623000192262
53081611	0.00305311984879637
53096070	0.000659470092475095
53096870	0.00184601757433386
53105061	0.00213854193755552
53116330	0.00343575835869302
53124440	0.00112513073827656
53125741	0.0314967242041961
53127240	0.000638665445762615
53128211	0.000710360157794969
53131210	0.0016423266758981
53132781	0.00110692511223144
53133181	0.00678561197487676
53133751	0.00401880450630719
53135080	0.000522440847697034
53135090	0.00319746132897819
53136720	0.000685128661639476
53138390	0.0719580425537371
53138520	0.0159967699006925
53139060	0.0039376518047906
53139070	0.00100486363371744
53140870	0.000662772799799007
53144740	0.00319018721120195
53145160	0.000794165226762108
53145461	0.000822791901261158
53145960	0.00101930701727736
53146410	0.00182748797587456
53146701	0.000752409298535101
53148231	0.0018879896691497
53148901	0.337232401049426
53152491	0.00139305343315969
53152720	0.00102573575681797
53155671	0.0012489531652268
53157550	0.000545753728260118
53158130	0.0573502207452443
53159060	0.00340601177796623
53160200	0.000569390136062901
53162291	0.00289663447076148
53163080	0.00175153033099047
53163900	0.00184879128433438
53164371	0.000586895390935459
53165410	0.000856986759567685
53165550	0.00197606444515357
53165611	0.0013022133346903
53165741	0.0021576728260942
53167230	0.0160425313612819
53167261	0.00102095156385952
53167941	0.00146231214433749
53169181	0.0141768751853113
53170390	0.00607404964330831
53173140	0.00144454290938072
53175261	0.669541306999105
53176300	0.000650285878211736
53176440	0.000663078028741143
53176470	0.000631379131919259
53176610	0.000635354337478223
53179750	0.00307512346029838
53180020	0.0020256760510375
53181311	0.00798842401063109
53181731	0.000772470103329011
53182780	0.00897436810439176
53183340	0.00492349934910426
53185010	0.011329541315885
53187470	0.000761892173641238
53188330	0.00882998392533049
53189171	0.0022289241142333
53190691	0.000708621602434471
53190851	0.0173908987790473
53191101	0.000729886523668112
53191640	0.000828417876165491
53191740	0.00506452375756796
53193420	0.00524421157214646
53198991	0.0257114439016491
53199791	0.000683200796640931
53200310	0.000843644418672396
53201140	0.000797786480323912
53201741	0.000808067570347451
53206640	0.00305764142557313
53206701	0.00293115392651654
53206800	0.000665525287101989
53207391	0.0634458218524079
53208050	0.000658151051728957
53208091	0.0114875647553956
53209181	0.000793664849665739
53209420	0.00240727701925532
53212980	0.00155889561399107
53215541	0.0157420392242597
53215610	0.0529988431387185
53215661	0.00168857603745752
53216710	0.00345803963734804
53220751	0.000950732479921526
53221171	0.00552929644824281
53222360	0.000661580732102574
53224310	0.000627944657128948
53225980	0.183267050350882
53228771	0.0418032469931418
53229680	0.00119043391682128
53230940	0.00542763119182141
53236891	0.0016288008465688
53237881	0.000906860963585342
53238920	0.00063698580352873
53239460	0.0112521964877061
53240190	0.00259186684314762
53244860	0.000662801421834386
53246001	0.00148143353314444
53250910	0.0106684838919961
53252351	0.000602439355542808
53253191	0.00274964613732958
53253250	0.000559015205375345
53253680	0.000792947558022368
53258370	0.00116687444443142
53258390	0.00138987838785497
53261010	0.00263913142799398
53261150	0.000967921805508711
53263251	0.00152244232768754
53266551	0.000737099791118627
53267121	0.000901414244361612
53269560	0.00402078109686804
53276071	0.00253809482184824
53278821	0.000660068320546772
53282780	0.001382973473322
53283190	0.00196057474623105
53287200	0.00364551654910518
53288970	0.0011453805410798
53289260	0.00308122825379437
53291210	0.00749664650640405
53291490	0.000827627309287069
53293280	0.00649893181451327
53295080	0.00121851833699364
53295210	0.000862204554300692
53296030	0.205348432624344
53296061	0.00237751662544138
53296430	0.00142964361110312
53297410	0.0049974963630183
53300040	0.000966239245699018
53300191	0.0130819446200378
53300300	0.000858666751213089
53301110	0.00474391599120927
53302530	0.00107548867266101
53302640	0.0606633418459873
53304481	0.00176014853495456
53305041	0.00425058668430869
53309861	0.018896360884806
53312280	0.00920664599011813
53318261	0.00851273005318824
53318551	0.00153859976709057
53318561	0.000635892200462831
53322530	0.000706106711332825
53324170	0.0305750918425886
53324180	0.00327474514537948
53324560	0.0571637165509587
53325031	0.00150795024887071
53325851	0.00368762868045782
53327391	0.0022177248108383
53330271	0.000778231717198714
53332830	0.116949703626127
53337120	0.000689064639144961
53340000	0.000806242396655389
53340870	0.00284763017281639
53341451	0.00713787346849786
53345110	0.00743708332318869
53346551	0.000918779359937377
53351490	0.00271921078284446
53351900	0.000683409502604474
53357711	0.000702226944439041
53357981	0.00108802711744064
53358240	0.000760880817713402
53362640	0.000703511809785872
53365670	0.000559586211191427
53368891	0.00224986933500039
53370220	0.02963339014243
53370630	0.0235253339059726
53371361	0.000591363187998212
53371600	0.000783217950872704
53371781	0.000918327249084213
53383911	0.103161953663091
53386551	0.000727731818400295
53386681	0.000763184824821977
53390961	0.0491475286928013
53391210	0.00388343228081201
53397571	0.00587159025338012
53398131	0.000692283005370134
53399511	0.00166156283192222
53401311	0.0010923282374968
53401510	0.00390943148398125
53403221	0.00304211222328971
53403791	0.00150813617648735
53405810	0.000788050138727723
53408130	0.0444141655612054
53409670	0.00117842703042298
53410230	0.020710618481256
53410240	0.222502095793252
53411760	0.000658628367416009
53411990	0.00125433978191528
53412310	0.033770848220868
53414541	0.000763312901734458
53416690	0.0221541751433198
53417670	0.00132019836950308
53417960	0.0266489854807873
53419890	0.00637749371751302
53420420	0.0190120047071122
53422920	0.00404840589947909
53423921	0.00515002329253108
53424170	0.00353974936576474
53424680	0.00825585467974055
53425250	0.00081176597413354
53426401	0.00122312547459455
53426470	0.00307834224131863
53430620	0.000990037716993475
53434401	0.00069421427374545
53435880	0.000686926076959256
53436871	0.0030883956679506
53439860	0.000819484584651912
53440300	0.00870149849147729
53442480	0.0016855264315543
53445260	0.00107239373016785
53449851	0.0146314072865235
53451160	0.000688195500251119
53451860	0.00353381015627967
53453250	0.0045249568103422
53455651	0.0178574303116088
53455911	0.0230543033271753
53456150	0.000742596698624147
53457820	0.0122868618242184
53461991	0.00145732143793324
53463190	0.000783536668061992
53473411	0.023028013318204
53476031	0.0312781858856354
53477640	0.0113454377189884
53479330	0.000676515100593707
53480580	0.0288454922693371
53481831	0.000710253859301073
53485981	0.0110979226816878
53487491	0.0523646692364348
53490480	0.000665119705206868
53492160	0.00234408152270304
53492680	0.00152355411370392
53501250	0.000809028803687833
53501530	0.00586829944229404
53503170	0.0076098755436063
53504840	0.156089524327936
53506340	0.002533343190828
53509380	0.00361547979711193
53509500	0.000964742767455848
53510070	0.00134881506788842
53514610	0.00857027757121473
53525971	0.0123180163314682
53526220	0.00259164056479541
53531700	0.00404580754540899
53538740	0.0377843008236825
53539201	0.000933699169548904
53539720	0.000679755719171043
53541390	0.000647218287976062
53542620	0.00389246549223577
53543501	0.0015983733185832
53545971	0.0041898619879872
53546500	0.00120294689611816
53551730	0.0227130952042023
53552741	0.00275951919056401
53556410	0.00463785202905241
53561220	0.00114862962898936
53569390	0.000825259255275609
53571420	0.00143002472189441
53572000	0.0011087140120104
53575300	0.000688264207228772
53577230	0.00120132617739601
53577660	0.00987259095184903
53580571	0.00992339129552344
53584680	0.0011093824504014
53588031	0.00178643306873257
53588140	0.00856337528868672
53590040	0.00229886594157179
53591751	0.00111090991743042
53592110	0.00102302730341405
53592810	0.00126378966244699
53595320	0.00127034700546127
53598350	0.00205484387265448
53598490	0.000997135216161567
53598600	0.00323945628122803
53600280	0.00855677694030534
53601811	0.000644033063356465
53604000	0.0106258482798581
53605131	0.00126370561175757
53605770	0.000802084221897748
53608130	0.000835220987433561
53611170	0.029084995615597
53614310	0.00580682662207944
53617920	0.00217055984846759
53619611	0.00136616269053399
53619751	0.000627543682114661
53622221	0.225568482371958
53622330	0.0199636509365699
53626340	0.000901289421675695
53626480	0.00131911043813412
53626911	0.00576063007946535
53627870	0.00328834912014549
53628311	0.00934760206019991
53631201	0.00244519764833064
53631840	0.00912207239829688
53632560	0.00192679284805515
53634511	0.000749544273538716
53637230	0.00227523052080999
53639020	0.0168349611807522
53639491	0.00281784156912663
53640540	0.0328882838439428
53640820	0.000809626507131996
53642480	0.000941082246656219
53642880	0.00848229663367132
53644380	0.00779923805658348
53644930	0.250098421242311
53646101	0.00447858310075564
53648660	0.0399363168523449
53649110	0.000808565184057939
53650320	0.000580814949038457
53651830	0.0009075330108437
53660660	0.00115259656337108
53664851	0.000625927269474421
53665510	0.000737535009583173
53666760	0.00291883093163278
53668940	0.00300056849045658
53668950	0.00200854976812601
53669620	0.000621106404455924
53671150	0.0037462724011791
53672161	0.0043967306899798
53672800	0.00179130187957808
53673811	0.182899542920471
53674050	0.00325243523409811
53675830	0.00226026478712535
53681001	0.00300217930352442
53681790	0.0840895697720552
53685220	0.00110332377510488
53685360	0.0108093870780562
53688561	0.000995144967536057
53689401	0.00096636579966313
53693821	0.00480302728329823
53706450	0.000821467292016299
53717090	0.00090043952282205
53719840	0.000549000611572862
53732780	0.00598197558527124
53735140	0.203170200860876
53741220	0.000598050671921151
53750371	0.00091972758584332
53752011	0.00144898484477935
53752141	0.000729215908008979
53754641	0.000659560399996341
53755731	0.000852684227024989
53756370	0.00523678998732765
53756640	0.0112084386844962
53758641	0.000715515721831285
53760810	0.00769253875118054
53762641	0.170253269062737
53765470	0.000858439237326157
53765490	0.000847140031072141
53767321	0.0298726304191176
53768120	0.000574385035224831
53769821	0.000820126192729943
53770440	0.000718647305043477
53777801	0.00614452188094164
53777811	0.00154779691718924
53778440	0.0235222564972465
53781391	0.00259485069827428
53784161	0.0037935447517411
53786491	0.000586622964227389
53789470	0.00799995130346718
53791400	0.000929801013339608
53794720	0.000782292783204879
53795440	0.00240949735950171
53796271	0.00475922366708514
53799471	0.00127470589385595
53801770	0.00764429599283182
53802060	0.0486884149153972
53802641	0.000741381316199416
53803171	0.000718721373885381
53803861	0.00206120608435284
53810361	0.0026195476660284
53813760	0.00195197546136186
53817910	0.000787494647313417
53819280	0.00355484979756515
53821121	0.0303082724945961
53825900	0.0517816112039741
53827810	0.00137078645724673
53830190	0.268270200046014
53830320	0.000957427906283079
53831710	0.00231280166174975
53831810	0.00139512135712191
53831881	0.000744213946594001
53832431	0.000939686263451034
53834771	0.000677047709020144
53835550	0.0156792235513652
53839250	0.00458358276508463
53839451	0.00115642966187352
53839670	0.00505072924396171
53841070	0.00569853407042408
53841480	0.027051476499782
53842170	0.0725378063909139
53843960	0.00181296262026267
53847861	0.000843924188413677
53850221	0.000681345445136366
53852120	0.000696334388145207
53854700	0.181384227484831
53855680	0.0287195642185113
53856670	0.00166331981309205
53857941	0.000993318858269305
53858860	0.0232499926967092
53861610	0.000717959548111169
53861740	0.02468862384675
53866710	0.00290457819959786
53873941	0.000945563486068098
53875270	0.00279346252246191
53876971	0.000908968112485881
53879660	0.000770345822057752
53880650	0.0040862013331336
53889910	0.000974320492831302
53891280	0.00562858268567886
53893220	0.00198560213788409
53893371	0.00744165534601713
53894570	0.00078650979631217
53904271	0.0016115545897361
53906061	0.0245102002886054
53909241	0.00572199760954164
53909460	0.00110648463622603
53910460	0.0059388922744347
53912691	0.0841668675140661
53912770	0.000718756158281014
53918071	0.00131648245641507
53918201	0.020156504301951
53922071	0.0075525025795108
53922970	0.0298023653714384
53923660	0.00381801522309959
53924971	0.00234174282233264
53929771	0.000876675309245571
53931010	0.00358287506655097
53932681	0.00637583284680705
53941190	0.000688123854286601
53949521	0.193173704654311
53958341	0.0830616322291348
53967561	0.00203047695000141
53975280	0.0940978009775841
53983301	0.0007635539580127
53998191	0.00137454234763296
54000620	0.00133582383739556
54000650	0.00331728059082779
54006580	0.000771760088826049
54015841	0.000782752955264363
54016230	0.00495541145933562
54017890	0.0009477142940266
54018140	0.000941028603847775
54023950	0.00423551026203669
54027431	0.000915859364149449
54036910	0.000812519646161295
54050140	0.00157645823378331
54052350	0.000996637331863427
54066061	0.00109441768873277
54069060	0.00117651520573121
54080190	0.00838090640681623
54089231	0.365639718866024
54096791	0.0062129517684777
54097091	0.00514652436646403
54105641	0.000811418179985908
54114810	0.000733515668828845
54118721	0.00153966405404464
54119001	0.00608704567948291
54120121	0.000753760930248389
54121590	0.00168034742519311
54121860	0.00331228250600816
54123220	0.000876239169492797
54123400	0.0011047779774792
54136371	0.000826113138298609
54137211	0.000772726010894105
54137590	0.150151447562841
54139950	0.309587249333134
54152180	0.000664811966377931
54153331	0.00461366886088043
54153850	0.000695510111228748
54159401	0.000747658110352585
54164511	0.00227676740665361
54166540	0.000552010034043782
54168750	0.193739348304959
54169201	0.00223754615522972
54170021	0.315567999965055
54170820	0.165261620071976
54173351	0.00432185384956876
54175240	0.705044796974078
54176360	0.00438001676871765
54178250	0.000805364697273539
54178290	0.000700505055154257
54178301	0.00121830771733055
54185580	0.0170766808936931
54186270	0.0128832324160885
54186520	0.00158004038870891
54187421	0.00135566256098393
54188371	0.000733060013977527
54188450	0.000713175087085698
54189030	0.00410432160520607
54189560	0.0105243591390301
54189720	0.236339876059013
54190390	0.000538780996260849
54191780	0.119187589480853
54193310	0.000559127413317469
54194840	0.001454724971434
54204200	0.13068736262913
54204661	0.000691190550304536
54208801	0.0018932456754029
54210171	0.00607180764509614
54210280	0.00152533746964129
54211630	0.000664267313549282
54212040	0.0140071325409788
54213201	0.000793053426684454
54214041	0.00123297485886937
54219480	0.0123763837525218
54221990	0.000828240199515144
54223121	0.000565197970293174
54224661	0.00190482541333062
54225590	0.00161434838794746
54225720	0.00113954325658719
54228180	0.000747960639675416
54230171	0.00293954414754329
54230861	0.224855308137685
54238431	0.00249664717727782
54242841	0.00243121758457734
54247650	0.0200344491360224
54248241	0.000762774973952455
54248610	0.0011265464441592
54249181	0.000766716571385103
54251090	0.00582424095238536
54256241	0.151412439760194
54257550	0.000848427937841192
54257570	0.00153216520826416
54258680	0.000642925751695395
54260330	0.00300212332580772
54261140	0.00166549015239312
54261741	0.000668387641270935
54266171	0.00119935878549769
54269270	0.000864550669197534
54277820	0.00305338992856578
54278110	0.00650054927201595
54278690	0.000916312591694655
54280340	0.0109209800369627
54280450	0.000747988188201364
54282660	0.198044272944524
54285160	0.000973250572130474
54285820	0.00105225671306376
54288491	0.000901624748523105
54289290	0.00242668389314641
54291111	0.0069316249275688
54294100	0.00220959917682431
54294250	0.00230443135754461
54295920	0.000678039851393634
54296320	0.000992820251787215
54296440	0.000817382854295558
54296901	0.00144421525966131
54297481	0.0158848458984593
54297550	0.000685076339185527
54299541	0.00146626787557184
54300060	0.000691889296671495
54300501	0.000610873590317688
54300880	0.0265495661436382
54304911	0.000746271681237047
54307500	0.0367475419157906
54311640	0.017912201732332
54313830	0.00242979331778464
54314090	0.00679918982243784
54322790	0.0017528691043369
54322940	0.00707280057837758
54326120	0.00140545937985856
54326260	0.0015181370008734
54327350	0.00136778624532883
54327490	0.00119729563352748
54328020	0.000935098702346834
54328621	0.00278653548192299
54329970	0.000986487144819583
54332180	0.116493716042623
54333990	0.00170209153808592
54336501	0.0161689427296475
54337150	0.0045393550245766
54338230	0.00332923932041929
54338520	0.00135411212009762
54339271	0.0166846069829282
54339880	0.035911127682367
54339961	0.00107077726451977
54340160	0.000901124533619994
54344590	0.00484813533845037
54345440	0.000685847696895087
54345540	0.00136560738531721
54345820	0.00353192444692045
54347340	0.00938828406965295
54348310	0.000702043663889715
54348351	0.00121379004382237
54349300	0.00069459779831353
54350701	0.000624086302650325
54350991	0.000739811830129328
54351541	0.0795756512386676
54353321	0.000770364397649806
54359490	0.000708773247004849
54362691	0.00108003749054405
54366141	0.00175231392891201
54367681	0.00606206551153393
54368590	0.0186067658394526
54371090	0.00242623784028524
54371261	0.000722633000352022
54375890	0.00163508905140032
54376320	0.000541251000319989
54378021	0.00124162803479495
54381451	0.0308193689003636
54382220	0.0181403890020257
54385570	0.0010003400092444
54386110	0.197093915151009
54387600	0.000626888269550105
54387770	0.00298954712510649
54387880	0.000767902262817077
54389690	0.000848268576412445
54394520	0.00291087533410393
54394650	0.000806643943401382
54394711	0.00892345382773231
54395951	0.00322775781674146
54396201	0.0014668928450971
54396621	0.0173469836218494
54396740	0.00910018262913463
54397171	0.00101162628073501
54403951	0.00302013659256584
54407770	0.00794443913667394
54413881	0.000655051750486973
54415651	0.000619899533960101
54433810	0.00341072822412741
54436980	0.0148608429464155
54439091	0.00235867715855839
54444860	0.00121162895467249
54452580	0.00405394044108806
54452720	0.00435941365019869
54452730	0.00156687395498744
54452740	0.00698411117702987
54453960	0.000991584102816457
54454490	0.00926777109215063
54455531	0.000726353567519303
54458520	0.000799490143915232
54459671	0.000804032072307196
54459750	0.00664651541439146
54460201	0.0125205606997976
54462520	0.00123082862603379
54464761	0.00139071192010161
54465660	0.0332385178610264
54466080	0.000646531828464109
54468460	0.00976422381064146
54469581	0.00121544587439965
54471190	0.01210828805932
54475480	0.00131906228023185
54476850	0.00152038360131829
54478800	0.0455575616303244
54482390	0.000838752132488971
54485260	0.000747841527483131
54487371	0.65674774462496
54493301	0.0071037740101831
54494900	0.000651666319306052
54497981	0.00388745961210723
54499180	0.00105791534562946
54502370	0.00104606372722902
54502411	0.000807415138243536
54502510	0.000796632157886064
54502561	0.000718894596056431
54502951	0.00484004554006224
54506210	0.000933671600284059
54507730	0.00413725699080775
54508700	0.00748216800311618
54513110	0.0137786489855969
54515600	0.0340273886110011
54516160	0.000718085856344077
54516580	0.0809146437211189
54517690	0.015470735495843
54518131	0.00136244928931332
54518360	0.00457840802056917
54518780	0.0093806022850445
54519781	0.0019620656421962
54521520	0.000883351623407057
54521540	0.00112254067007703
54521680	0.00344027976196434
54521970	0.000941388353494813
54522421	0.0121609269809308
54529441	0.00275735646046876
54529790	0.00458029519731889
54529861	0.00251696666898001
54530920	0.00355417176724322
54534080	0.0878724852451316
54534480	0.00473992468980071
54535050	0.0448535285860059
54538480	0.000820778073251107
54541100	0.0013929399686606
54543730	0.00332176964153164
54543880	0.00105237404748793
54544580	0.00106428296228236
54549171	0.000984546433112768
54549250	0.00441277363030212
54551921	0.000844606065232587
54552040	0.00441293007224764
54552140	0.700113219270439
54552150	0.000615707427701738
54553530	0.00113770390843647
54556310	0.00193567251590014
54559050	0.0423924554410326
54559641	0.00558077655750641
54560041	0.0163806473812298
54563880	0.00357688139007899
54564860	0.0024581463816775
54565100	0.000893004806706584
54565301	0.0165540532561339
54565421	0.0137637493007082
54566401	0.00468110438221759
54567180	0.0331941494756062
54567600	0.000936061964292965
54569950	0.000705661924168697
54569981	0.000534960108579035
54570750	0.0229972773999295
54571931	0.00405841628649128
54573670	0.000732005407601842
54583231	0.141003507870131
54583931	0.0982969185856773
54585011	0.00933971433015612
54588310	0.134061891346347
54593031	0.0149103482349168
54599720	0.00293949382227897
54600980	0.00832838396031294
54601380	0.000772144853723631
54601660	0.00160181849781822
54602510	0.0152778472194674
54603860	0.00142797585335386
54603880	0.00113808947728809
54606521	0.00125611907716621
54607710	0.00565413988702623
54610271	0.336202962823729
54615160	0.0120503406010218
54615610	0.0694952569682706
54616290	0.000563034204255778
54616881	0.00285603701949757
54617441	0.00116285341761507
54619480	0.00673913627862103
54620041	0.0011127858285938
54624061	0.00122088712393887
54627631	0.000844499114016247
54627901	0.0269774875631114
54628591	0.00370830800441263
54629960	0.00110965383276159
54630951	0.00142558652047873
54631590	0.0011393056039785
54632321	0.000946692435768678
54632861	0.000866476313816256
54633400	0.000607875720771327
54633680	0.00193689256662545
54636700	0.00222116431736449
54637110	0.00115313427896364
54640440	0.00215882243493617
54642350	0.000824905678294932
54642630	0.0155559698119968
54642650	0.000854389463132634
54642671	0.029489446155219
54646531	0.00535111267278195
54646821	0.000757958063024419
54647351	0.00172973123634498
54647470	0.000717177246189916
54647710	0.000656438286653805
54649421	0.00151558705158943
54649520	0.00146996752435221
54651901	0.000586874039665782
54652690	0.00194571977458851
54653411	0.0067941508079368
54654510	0.00101099350557423
54655371	0.00089724325154808
54657370	0.00808404854680303
54657971	0.0300014790880946
54661100	0.0184023900948897
54663600	0.000724103023615962
54663891	0.000842062216623802
54665161	0.0138038686422121
54666381	0.000628547297444642
54668140	0.537361000775951
54668581	0.0886129411264538
54676680	0.000966699768088168
54678630	0.000767315353900681
54681431	0.0195370253288023
54681711	0.000595069019177166
54682610	0.0714751138487287
54683610	0.00105510162165611
54687850	0.00277917149166136
54687860	0.00657888327825919
54688560	0.0154497734696107
54688721	0.00147248663408064
54691621	0.00417655210997621
54694350	0.0101665376136533
54695590	0.00849249697817137
54697220	0.0131565780945462
54699071	0.000786161181139397
54700560	0.000695809080895188
54700721	0.00712889624220169
54702640	0.0168641024018244
54703310	0.000652397829911795
54704591	0.000703915641038697
54708010	0.00410036577601322
54709421	0.0534222735456197
54712461	0.00145514405186866
54713250	0.00146073526344541
54714320	0.000714559570572414
54715751	0.000957468405717112
54722620	0.00245218001624618
54725961	0.000798507136737152
54731020	0.000613982768450015
54732970	0.000776843811400299
54732991	0.293933680463878
54733961	0.00128336386541246
54735150	0.000837839099932038
54735361	0.000910538762354551
54745810	0.0147555969269291
54748601	0.00641685149294428
54750330	0.00193047066489252
54750381	0.00115614355558556
54752161	0.00108905356235436
54752390	0.000646610535347223
54757110	0.000711770864393103
54758900	0.00446344667896814
54760441	0.00106731200029439
54761220	0.000603261610463215
54763050	0.0012845483856034
54763481	0.00149695009169206
54765821	0.00089609816960991
54766360	0.00121005252093406
54773370	0.0015822726112395
54774770	0.00057833372085349
54778080	0.0127554038532698
54780140	0.0041066626135959
54785971	0.0237108039498954
54786730	0.00131303045852276
54793811	0.0104346721629739
54803040	0.00251947265266566
54815180	0.000876100525963836
54824660	0.00106543256698862
54828820	0.00138371292663275
54830030	0.000615958346710587
54830740	0.000947803549797844
54832100	0.00146455938333121
54837141	0.00082543319664737
54839881	0.00544062470290773
54840711	0.0053524868957773
54842371	0.000615259394334939
54845961	0.00122774920760819
54846060	0.00180935716803661
54847481	0.00103640011197656
54847710	0.000776906924893139
54848021	0.00206637236193111
54848810	0.000544515695654308
54849360	0.0680314903958365
54849391	0.00064010714354552
54849920	0.00189807168083643
54849930	0.00164203545163457
54851410	0.0024233681636016
54852721	0.000547259091092795
54853480	0.0023664489683216
54855820	0.00194309116322885
54855980	0.00140650043121162
54856670	0.00108130841796971
54856680	0.00106289184717783
54858070	0.000652845109936417
54860240	0.0029175291184872
54860581	0.000872812013830603
54860991	0.0167736624704553
54861210	0.00147909570818913
54861490	0.000892762549944795
54863450	0.00137437351711159
54864311	0.00184316452556517
54867591	0.000784926109245155
54867850	0.00274680647079537
54868100	0.0210730829273145
54870730	0.723625333117452
54873240	0.000713586990479107
54874860	0.000819604009188602
54875960	0.000551192913433332
54878470	0.00154065244975532
54880011	0.00685754255967207
54882101	0.00231054011840795
54886221	0.00427989751780299
54886231	0.00289120233517816
54886990	0.000672079478260542
54887731	0.0113088964099046
54889100	0.00121200605001394
54889230	0.322433062012562
54889251	0.00293996468925414
54891830	0.0204551157346137
54892410	0.000665516844349615
54893890	0.00455006932093751
54894060	0.000764175213073721
54898361	0.000643247763961064
54900100	0.00169444904095907
54901210	0.00884418683572434
54902020	0.000828080979907905
54902720	0.0305103068416557
54904021	0.0147187282514099
54905251	0.00383260175308729
54905951	0.0997088240349681
54911061	0.000771992165597922
54911201	0.321295837149002
54916151	0.0109732536426516
54917961	0.000947359648080255
54918730	0.00160387700639334
54920161	0.00109230923155619
54922190	0.007157430449083
54924390	0.000755713794878822
54927300	0.00160010849032979
54928410	0.00068501884046206
54930460	0.0925408721303458
54932540	0.00337530415959152
54932920	0.008809446300078
54935191	0.000565158380684666
54935461	0.00814945437135579
54936790	0.000752269938315088
54937791	0.000649655420710074
54939591	0.0107393269483199
54940281	0.0112677071082957
54941190	0.00520941996842926
54942170	0.0409222401358901
54945610	0.0052573426317016
54945780	0.000715153865764718
54947041	0.000872626214428221
54947331	0.00404318089868967
54948260	0.0170244071544465
54949900	0.00487688988104631
54953811	0.00281363157393554
54956090	0.00227670158915194
54956230	0.000650258133453338
54956670	0.00231312430562953
54957190	0.00109356493020125
54958310	0.00183744450132329
54958740	0.0019354962037196
54959471	0.000599358268802615
54959581	0.013017492381939
54962750	0.00549749784858882
54962761	0.0027271831582736
54967280	0.00161318898922034
54968021	0.00133019835268938
54970590	0.000693958888013865
54972021	0.00338128415263502
54973230	0.00152806818168044
54973391	0.000927528074949821
54974290	0.000693431424462642
54975020	0.00231176358546385
54978160	0.000975330589308361
54979181	0.00246391086962921
54980770	0.00187585675300992
54981760	0.000628584115098573
54984950	0.000805139698721036
54985101	0.00833647382631756
54988510	0.000817816451751822
54988780	0.00119626710028756
54989770	0.00179019599460787
54990911	0.00202317288928663
54991441	0.000852032743809388
54995051	0.00075322697431233
54995550	0.00115279095379332
54997090	0.00186220745777844
54997791	0.00180298461020349
55010771	0.00103374133944278
55011010	0.00104773999180512
55015721	0.0187620291914225
55020800	0.000919349784748213
55023390	0.00142133050155624
55030891	0.00459198640396594
55033360	0.000848669337023246
55036080	0.172196287748214
55043140	0.00536822188673361
55053320	0.109718481494189
55060841	0.00207543872485305
55061501	0.000633785031355922
55072770	0.00336323054192062
55073060	0.00133188298418801
55074000	0.00205105003964492
55075420	0.000783112355853174
55077231	0.0243321072769433
55078010	0.00077168202472701
55078061	0.00680035151896689
55078440	0.00117072974028305
55081760	0.0205143410566211
55083940	0.00176403272541976
55084490	0.00251238876049608
55084671	0.00128742296582609
55089460	0.000987384376982839
55091390	0.0007481499516657
55093921	0.00273045099937005
55096421	0.0188433281244698
55099711	0.00185629909244536
55101630	0.00340473273546265
55103250	0.00270404397036727
55104261	0.00086770249899057
55104790	0.00140698892399098
55107711	0.000947637797887344
55107820	0.0171706578065464
55108001	0.0121872881873981
55108630	0.00210147715629166
55108640	0.00421572715105932
55108971	0.00699944742497761
55109350	0.00390016782593176
55109511	0.000694432222333139
55109651	0.00245903625724854
55112520	0.000921674141487729
55115140	0.00235367242332039
55119120	0.00147471258396457
55119861	0.000751412586535062
55120240	0.00410644002913961
55121610	0.00058730767440486
55123960	0.00261404561034101
55124070	0.00624757984295658
55125200	0.000812138239223805
55134471	0.000901866031098853
55134871	0.00153185018901062
55136480	0.0597013564000281
55137651	0.000643921607025459
55138211	0.354412658164981
55138410	0.0315196889340883
55138461	0.0009021903933848
55139260	0.0053462911645398
55141911	0.0016860722269245
55145460	0.0015973070457234
55147021	0.000946451054144618
55148240	0.0553132150579462
55148811	0.00383484681189773
55149190	0.00138578591847708
55151130	0.0017603372428007
55151701	0.000997295734966696
55155250	0.00348920795324869
55155370	0.000742320576790761
55157060	0.00873899041417745
55157371	0.00289004458256995
55160910	0.00824317135597658
55162181	0.000994604124213688
55164100	0.00631215404059151
55164770	0.0015993576238234
55167390	0.678360682240273
55170321	0.00200053715473325
55179800	0.000723498529841718
55180111	0.00071716861443612
55180681	0.0358334843988032
55181060	0.0407440293286846
55184381	0.16165980306075
55185870	0.000720140433619291
55186000	0.0977556672209664
55187031	0.00160270102931142
55191260	0.00292915279444813
55192500	0.00161838846910659
55193921	0.00174649258857461
55194471	0.00175869837031478
55194550	0.000572375151881753
55196521	0.00161198811021833
55202891	0.000912054229169821
55206440	0.00821485465564066
55207711	0.00796276763967621
55211281	0.00350645160424264
55215711	0.00104083848796985
55217761	0.00178141684080058
55225860	0.0107586330232964
55228620	0.0174392976688352
55231561	0.00223286142792164
55234260	0.00410386105313598
55236470	0.0054597650337971
55240370	0.00355898162366001
55240630	0.00712717697035551
55242270	0.00258773153461843
55247961	0.0010257272166791
55248220	0.000759622122718154
55249300	0.000608107484266848
55257201	0.00278457690098925
55257911	0.00155068186606807
55259940	0.000727522913027498
55261221	0.00442671378638515
55262171	0.00120544331530749
55262871	0.000716497640090269
55262970	0.0147089346480633
55262990	0.000853865294583864
55264740	0.00244384503173745
55265030	0.00119167642393894
55265460	0.00152340683627157
55265481	0.00150715923411129
55265860	0.000922925690013782
55268460	0.00195345532193558
55268490	0.00176853638175846
55271660	0.000966527955844379
55277201	0.0355114831181857
55277450	0.0588134921673376
55278850	0.161045487308506
55283421	0.000674998051464883
55285761	0.0157484675503518
55285870	0.0301934124109052
55285901	0.00582877305065666
55286290	0.00073158092849057
55289590	0.00164245044846988
55291131	0.0128124241298581
55292261	0.00143788590603793
55298950	0.000592297979354844
55300090	0.000783830884213967
55302280	0.000704661055633231
55305891	0.0105850960588638
55307260	0.000889774882638555
55307940	0.000997534523515401
55307961	0.000951953382677846
55309310	0.00463277246726096
55309631	0.00458678628158983
55312320	0.00174338573845315
55313330	0.00058631953374367
55314171	0.0132016688796539
55314700	0.000686425680118009
55315800	0.000739024809032886
55317481	0.00517455360262027
55318721	0.00150890600516639
55319660	0.00245515814836195
55320490	0.00245983954360535
55321980	0.00102827098143056
55322041	0.00265428931325488
55325020	0.0052842747265721
55326130	0.00890388013445926
55326171	0.0011208782293109
55326731	0.0027796196427131
55326851	0.00254142239433757
55327110	0.00148769944321168
55327370	0.125044067545631
55329580	0.000817842282757058
55329611	0.000754563238459866
55331421	0.00212591658712508
55331971	0.000634040773895965
55332921	0.715522348453788
55333180	0.00154447091978373
55333211	0.000750855382037902
55334461	0.00099947360920651
55335981	0.0270765589543819
55337211	0.000862816373035873
55339670	0.00110412454886465
55339971	0.00338056790488747
55340210	0.00933499852948037
55340730	0.00094379305615677
55341290	0.000595369433378106
55341300	0.00144968888638932
55342250	0.00118213357360173
55342840	0.481700727898735
55345030	0.000786932271830647
55346830	0.00188981556501969
55349140	0.0123023581769204
55349221	0.000890341385469072
55351281	0.000642797109271153
55353840	0.0192610597908006
55353850	0.000848166138032274
55354400	0.00185429214882339
55356450	0.0207132520319818
55361331	0.00109524725405353
55362110	0.00760701858428407
55363951	0.0161947948832325
55364941	0.00219428888617402
55366000	0.00225819001141172
55366110	0.0188837265633267
55367380	0.00279266907107423
55367691	0.0315660799417145
55367951	0.00284585825550246
55368330	0.00151685855968637
55370700	0.000835029832618443
55371490	0.0100083975956572
55371500	0.000721594808534172
55372781	0.00072600014899477
55373061	0.000920633249151946
55375780	0.000695975420904122
55377710	0.00209080043537398
55379900	0.0137742528215267
55380231	0.000863078193613454
55381071	0.000825676220189112
55381710	0.00303439874807146
55384091	0.000712064592554462
55385720	0.00517936492882368
55387001	0.0629311901073173
55388081	0.00672852094475056
55392590	0.000721135461941789
55396050	0.00616022779003355
55397901	0.0148619852959568
55399660	0.0122012377373845
55404050	0.0138475863286617
55405040	0.0448179442774568
55408890	0.000748304170740798
55410930	0.00209179072567601
55412890	0.00138363992359076
55424511	0.00254450208179564
55425891	0.000850487775130168
55435500	0.00104075195134069
55442441	0.00142809059429159
55443630	0.000809405029773608
55447490	0.00198427924656561
55454390	0.179072650123232
55455890	0.00355153354247375
55456860	0.0101408373475108
55468580	0.00204833086934906
55469601	0.00430519748736309
55478130	0.106197919523125
55488791	0.000849612643303612
55489280	0.00370191867630596
55496361	0.00196341658377524
55503370	0.0507400099713245
55512771	0.0006854515409248
55516071	0.00718584492086362
55517020	0.00136270826657827
55525181	0.000975762365452894
55537061	0.00936185170531035
55544781	0.0136072006740713
55545280	0.00150840856624702
55549601	0.00114118210684506
55566810	0.0017988497119355
55572491	0.0259087635848754
55572980	0.00935776931406504
55574250	0.00146516892394634
55574530	0.00572840488778861
55591640	0.00321369903170784
55605171	0.000856070052361735
55619350	0.000704173713670865
55620420	0.135459109241826
55625810	0.000813868868641685
55640990	0.000694357099474437
55641700	0.000697826955956981
55644280	0.00300015075114918
55646110	0.00113689192610561
55652211	0.000698928801603342
55657700	0.0263527030689696
55658681	0.00446840344701938
55672140	0.000973405797625923
55678490	0.00099757651465576
55685021	0.00306147676965207
55688341	0.000984372301503018
55690070	0.000994483452007383
55690261	0.000937886377596198
55696300	0.00211939713349121
55709011	0.000833980621214374
55709721	0.00205839531163302
55711480	0.00143221709785684
55711931	0.00153350142728017
55712201	0.0248103129822464
55712621	0.00254501950280147
55714210	0.00184080955570476
55718920	0.000793133872693347
55738930	0.00065613780063132
55742811	0.0390934549292634
55743320	0.000914621984602837
55751641	0.0720573693472474
55766251	0.000836109604806387
55782931	0.00244218560823685
55796051	0.000993739388583995
55801930	0.00242510444700963
55806480	0.120067585270589
55819631	0.013340623970414
55834500	0.00112389442424201
55841851	0.0113496725852228
55842740	0.00225392771339365
55849230	0.00477017955723387
55857011	0.00174010708674163
55857421	0.00344034848265277
55863570	0.000773906024157747
55867501	0.0166065423912623
55868260	0.00108953806199466
55868410	0.0119360836646679
55868560	0.00617123411825808
55868980	0.00166567398871594
55870101	0.000783378316845795
55870360	0.00167208853302847
55872290	0.00102369136981367
55894121	0.0237149368747555
55900731	0.00118666889150452
55916721	0.000835165716394326
55918600	0.00101792645951176
55937360	0.00107688347089222
55940301	0.0186203184642718
55959150	0.000779403253441702
55966651	0.00224979179619187
55970251	0.000591972712605166
55977640	0.000904898467223928
55982060	0.00460300840850244
55986781	0.000614870505098614
55992930	0.000882499397211515
55993230	0.00123331206456952
55995840	0.00238950269643575
56001541	0.000950253080895414
56010060	0.00391777663074203
56013650	0.00116073996957121
56013821	0.000951266036337165
56019290	0.000916922857856234
56021920	0.0237217188043335
56024970	0.00249055905054615
56027430	0.000919680825388283
56038310	0.00450288751022625
56038641	0.000786159200942581
56039150	0.00984420602012102
56044561	0.00111842167605225
56045490	0.00099278636387502
56046091	0.000780759972893957
56048311	0.0118332551041853
56049070	0.0252457162545657
56049380	0.000629124677564075
56051990	0.00722824765055482
56053620	0.0383055219712418
56055751	0.00477839964542016
56056861	0.0128918340738033
56063960	0.000612397941184583
56063980	0.0122831840697773
56064431	0.000901410911278026
56068130	0.0128810322409511
56069111	0.000711649558044131
56071041	0.000808200917260905
56071130	0.000824854059708705
56071591	0.000792023337919521
56072161	0.000620976031948894
56074330	0.0015629534048192
56074440	0.000668347229341207
56076581	0.000601356956673273
56079201	0.0319450640540687
56081780	0.00256434041502227
56081890	0.00170516095359041
56083451	0.00132014275323991
56083591	0.000634189194837241
56086200	0.00833733406211447
56088701	0.00189595811850663
56090160	0.00137367875114561
56090511	0.00178004977520026
56090880	0.00158987068375431
56093401	0.0138082159649242
56096110	0.00105703489296697
56097681	0.000810954208231255
56099871	0.0736836613214139
56101890	0.000688817215150031
56102781	0.000651623222562722
56103041	0.000603429955964441
56103410	0.00166427398155893
56104100	0.000617369022385818
56104151	0.000601076142666932
56104370	0.000850852551183861
56107680	0.000723797632447741
56110730	0.000895504665842771
56112500	0.00651487705080604
56115871	0.00218846511293339
56116431	0.000832154395294901
56119680	0.0213620673877886
56122580	0.0585668429064084
56123331	0.0873793582946169
56124981	0.00699793514006222
56126740	0.000711408721787301
56128831	0.00271080957556065
56129750	0.00348006615070989
56132130	0.005912564356131
56133200	0.00082945344055289
56134091	0.00270982428505356
56134740	0.000888867470480959
56135300	0.00167611523731209
56139980	0.785337359814188
56145101	0.00959780621484614
56145521	0.0157643316520019
56146221	0.0120268826304323
56148841	0.000965859618912626
56149050	0.00098389251792344
56149340	0.00100092013587676
56150361	0.000927366507028716
56153480	0.000916872429808421
56158170	0.0286823358007561
56158850	0.00450459489673868
56160400	0.000825337567353299
56161101	0.00419417969028506
56161661	0.00217735009789887
56162700	0.000662659015174476
56163970	0.00298703299866722
56164151	0.000684894901860259
56167461	0.00210630241787425
56176090	0.0192103753207313
56178501	0.00062117457227202
56180630	0.00060998767001284
56181251	0.000845377192916788
56182310	0.00117859427645913
56183540	0.00415022084757258
56190560	0.00521402755399613
56191301	0.000877633503678649
56193500	0.00325442036096304
56196691	0.00193256225183509
56198600	0.0239723443189777
56199840	0.0884071033496453
56202710	0.0151777383712449
56202751	0.00149432027641974
56204220	0.000823943831740924
56205080	0.00535130987663115
56205340	0.000634572518026513
56206331	0.000678113629411051
56207410	0.00162815483091182
56207660	0.0192513629000105
56215670	0.0163534363487337
56215711	0.00652843724104844
56216920	0.000783921407889945
56218331	0.00222070534310352
56218860	0.00191671103016272
56218870	0.0321841311773035
56220900	0.00165777391551621
56223000	0.00133296284907212
56223021	0.00183256521749783
56224530	0.00167119066623221
56227301	0.00168485304701375
56231181	0.00283274602906918
56233220	0.0014646870703849
56234600	0.00344708066817977
56241340	0.00212852815714571
56242710	0.00110265134357588
56243451	0.00113717663797743
56247031	0.0127867364156876
56248541	0.00435412773388309
56252930	0.00259148810530501
56253320	0.00259214277979295
56255571	0.0216004899830413
56260240	0.0020135472692197
56260531	0.00129393550260837
56260561	0.0135916606348453
56260951	0.000671314246476174
56264350	0.00525999447296819
56265231	0.0994476622107846
56266030	0.000810506118323444
56269511	0.000898430443998776
56270351	0.00267926166530782
56270850	0.00423866738334105
56271100	0.00308908848585389
56274741	0.00157364624081264
56277200	0.00225509306009635
56283810	0.0484895070650224
56285460	0.00134778561327837
56289791	0.00699235260029961
56295021	0.0013941587251051
56299161	0.000927840897318125
56299270	0.00313272597000049
56299830	0.0049736510858972
56300811	0.000660024332748946
56301350	0.00082834541671407
56303451	0.00240769365754635
56304350	0.00229107731488114
56306970	0.00197836114793635
56306980	0.000694901731517421
56309590	0.00164183291424222
56310300	0.00111661633172119
56314140	0.00196754181581291
56315260	0.00126026991664396
56315571	0.0437390152463704
56320750	0.003223567692305
56321760	0.0912685748016149
56322130	0.00749784704651612
56323701	0.2789449118783
56329320	0.00637878583054455
56333371	0.00100528701836282
56335291	0.00268216463231281
56338461	0.00649473819872513
56342331	0.000683969108411326
56342560	0.00261385086906902
56342611	0.00591924580928358
56346150	0.0013162877016581
56347530	0.00084781170122125
56349330	0.548730682125682
56350471	0.00187061193763437
56351141	0.000911430117399339
56356541	0.00076090767466682
56365040	0.0083018851737741
56371940	0.000793790720145117
56374601	0.00317163131090509
56378300	0.0102499812344202
56390331	0.00153394192399679
56400780	0.0123240852562002
56405850	0.00110679495342985
56410950	0.000961596747475398
56417300	0.00291929478114149
56417710	0.000684286019559087
56418430	0.552138434167067
56423100	0.00795763310739678
56425361	0.135485535626838
56429491	0.0262299722979974
56429860	0.00459340901436688
56432381	0.00255764925447359
56433081	0.000712178550725544
56435011	0.0041594497294415
56435131	0.00131980398746469
56435770	0.000799021986504014
56436941	0.00108252942615012
56439431	0.00182392116389756
56441911	0.00117630347005592
56444261	0.000708645352473818
56445720	0.00108768294673803
56449221	0.00516698039552381
56457631	0.236981855177983
56458390	0.000679844407511701
56459950	0.00489743499246268
56460381	0.00104133521349113
56461361	0.000785818997365943
56464661	0.00116188230349553
56466130	0.0222515745366695
56467100	0.00771110301965867
56472910	0.000832611151090845
56474570	0.00104534358665001
56475360	0.000793861396705899
56476791	0.00112255085473586
56477030	0.00211786861053565
56477320	0.00356667367157925
56477450	0.00093138890291731
56478041	0.00491534684635858
56482181	0.00173500164963469
56482980	0.49795740058813
56483431	0.0250337225163933
56484750	0.00309445332589297
56488391	0.0265688474879849
56488750	0.00303486273401077
56491110	0.000815099471799992
56492070	0.00868942610582167
56492180	0.156543623479056
56492740	0.0264479282221937
56493580	0.00468057990277354
56494321	0.000673185119997893
56495940	0.0013847935003213
56498980	0.00460077859102122
56500661	0.0471059327994584
56507011	0.00173429202262132
56508180	0.00359678550529886
56510311	0.0406533150846969
56513331	0.00100046164877713
56521600	0.0199116015842997
56522181	0.0924679406952134
56525600	0.000789505902413825
56526660	0.00321319234510908
56527070	0.00300740191790361
56530700	0.00091433477499397
56532620	0.00115612830929844
56535100	0.000828383631976294
56535411	0.00157597891691691
56536890	0.0343705537615986
56538041	0.0034215751218522
56538270	0.00439039978102805
56543940	0.00115296657188202
56545590	0.000589253687326771
56546171	0.000753328118733132
56547620	0.000737181807938556
56550291	0.00147479695422896
56556101	0.000751829523626305
56556870	0.0476539452392658
56556880	0.00107486950364151
56557030	0.00075917561259351
56559421	0.000749727827138994
56562031	0.000697343128003516
56563281	0.0287150172296585
56564330	0.000769574049897061
56565211	0.00072785501605073
56566571	0.00160092360298233
56567360	0.00137243839886479
56570390	0.0108279679475455
56574560	0.00467398038156729
56577020	0.00270158977197837
56577030	0.000778824511289213
56582140	0.000874775266360633
56583650	0.000992749140954353
56590701	0.00982895947178074
56594660	0.0711304016142066
56595401	0.0113613411167935
56598991	0.000879414805493771
56600590	0.0125098335644084
56601000	0.015850489256044
56601741	0.00244994894834436
56602250	0.000848954653784752
56607111	0.000734195105302241
56608880	0.00741344804262273
56609201	0.00136039225813335
56615220	0.00121536576080666
56620580	0.0745260848862383
56629410	0.00140233261533306
56629461	0.0040230137651361
56629980	0.0507872340037083
56634950	0.00328399869286611
56640330	0.148551347424868
56643360	0.0858429526853434
56644440	0.00968386746178119
56645410	0.00118698721294353
56645540	0.00139838690000823
56647210	0.00105112563158827
56649420	0.00887140639656068
56651360	0.0228385706345545
56652231	0.00116054210792308
56654370	0.0210114400522613
56655080	0.00809833757742242
56655100	0.000668885224474611
56655121	0.000821016792360484
56655131	0.00738995526906516
56660720	0.00682856200035362
56661741	0.00294444635024451
56663200	0.0309824129335779
56663230	0.00510481493849162
56664440	0.0243143163348549
56669871	0.000893128648154787
56670301	0.00137801327579075
56672480	0.00062537502971089
56672990	0.00103510739695977
56673061	0.0026476340514287
56673461	0.000766002920845205
56674680	0.00252644822174053
56677400	0.0406118030856073
56677611	0.0129391334628239
56677680	0.119384628074723
56683951	0.00115730973034352
56684200	0.004344622485637
56689560	0.00470774706418733
56699050	0.00185817598984546
56700231	0.04769693399933
56700351	0.000821002144503078
56701850	0.00664842110986479
56702291	0.00106421502657798
56704450	0.00224504070411226
56705061	0.00217032590741663
56705550	0.00435821265446915
56705611	0.00188545095450939
56705881	0.00501643694240206
56707111	0.0778577189316451
56708060	0.000709871449017792
56712091	0.00196589466933448
56713041	0.000983661351830016
56713611	0.0915133353871318
56714390	0.00124648926720069
56715080	0.00466235526363507
56716470	0.5115555391372
56717611	0.00584640832368795
56720020	0.00313858636210413
56721311	0.0007584294303604
56722510	0.00102870520259192
56726151	0.00136966442570717
56726680	0.000700060900353044
56727090	0.00103291256493502
56727350	0.00112333521371226
56729871	0.0162667765858653
56731381	0.0149658106403409
56731511	0.000801260205437926
56733120	0.00066525996883094
56733950	0.000718001361800469
56735401	0.0207475777391839
56736170	0.00640805629785169
56744440	0.0299417412221521
56746790	0.0012985774345875
56746910	0.00321941609775227
56747750	0.00399723072599205
56748621	0.00106067180186744
56750100	0.00144551937887449
56750691	0.00079150634092972
56753041	0.000590400547085816
56754220	0.00166997545821549
56755880	0.000565341653541648
56756600	0.00118807917793327
56758250	0.00130696266968722
56758691	0.369085832145573
56760700	0.000619102458459009
56764341	0.00172943217636095
56767360	0.00201455360934665
56768221	0.00303462950136607
56768351	0.000642478197289473
56768730	0.00119014893960709
56769410	0.000785332588019864
56770220	0.025111032751971
56773820	0.000630156213541383
56776320	0.00398268738358111
56778681	0.0244227026792746
56781560	0.000770918353304348
56782490	0.0307869195904477
56783251	0.000965982764058912
56784310	0.184585481021061
56785021	0.00243529960569295
56792901	0.00439440869294447
56798520	0.00215357534724444
56798530	0.000688134348939777
56801840	0.0013309777327387
56801871	0.000912059886427151
56803511	0.00485179788080468
56806520	0.0051250773470612
56810250	0.000763524780816294
56810510	0.000872078398104213
56812710	0.0159964830679874
56824061	0.00105457125424944
56828881	0.00155589846014552
56829161	0.00241168446300032
56830650	0.000831976350405429
56834121	0.183989009185325
56838951	0.00190007794579443
56839911	0.000599431275323787
56841991	0.00888585754457774
56843070	0.0184103302368477
56844450	0.000816351885812959
56845960	0.000955451682115199
56845970	0.000593417200023941
56850831	0.00343918328234925
56853010	0.00151389057093339
56853280	0.00738308896339376
56856051	0.00470912907462405
56857151	0.00106639317801416
56859900	0.127838545556381
56860140	0.000583643051910168
56860751	0.262739732981972
56862930	0.051208093425545
56863860	0.00194310496178593
56867880	0.0124515986600526
56869240	0.000901726345265782
56869451	0.0035925114758069
56870790	0.0055342630902845
56871490	0.00384472129697912
56872891	0.0296656960149805
56874660	0.00391300870772327
56877950	0.00193817482948107
56882890	0.0304034892613325
56884990	0.0254332653915173
56886360	0.000781156539497625
56895511	0.0489326287655122
56896061	0.00098304836761753
56897550	0.000963741604884227
56899880	0.296729917233218
56900850	0.000832034617979407
56901021	0.000954846386489337
56902671	0.000724426839183241
56902801	0.163648450925522
56905830	0.00297301388870876
56906261	0.00264008719394499
56909721	0.000788038544108273
56916010	0.000811998988314471
56916020	0.00280608628805653
56918060	0.00254344702138877
56919221	0.00161215071968697
56920270	0.00601356532669919
56921270	0.00195024180530806
56923760	0.000658506612515323
56924170	0.00458579524422043
56930510	0.000962832698011231
56935030	0.115468561951825
56937260	0.00701327469498682
56941780	0.000887764674527299
56941800	0.000791053570721676
56942391	0.00277913113339587
56943221	0.00438340901833589
56944690	0.00723572535963801
56947320	0.000636707650821907
56948471	0.00552773212116223
56950391	0.00363315404990635
56952881	0.000860075338646391
56954900	0.00439656126335154
56955211	0.00148507903694136
56955480	0.0026983384892133
56957981	0.00107980613174549
56971440	0.327396151244081
56971590	0.00105207808917568
56972731	0.00412264643399168
56974661	0.000818627886519707
56978340	0.000751959447862087
56979310	0.0195694402681938
56979880	0.020261721664284
56980820	0.000838177445867108
56981940	0.00130690768258404
56982480	0.00148781162855402
56984171	0.0165263826746339
56986661	0.0279807861070565
56987071	0.00243567132455251
56987990	0.00204378655316746
56988031	0.00195576682755162
56990220	0.00161895711766892
56991160	0.00208547614258486
56991720	0.0858354092975001
56991901	0.00185800011962859
56995351	0.139669031971268
56995740	0.0089901962242497
56995980	0.000840230656381748
56997011	0.000993844101524405
56997110	0.00279999324522302
57000830	0.000838410487839679
57001940	0.000980445011743214
57002951	0.0729998624898917
57004051	0.00147955382660566
57006890	0.00126222684203758
57007921	0.00131170864269017
57015300	0.016179782090352
57018050	0.133365902877825
57020290	0.00229940397655866
57029790	0.00259918413967847
57030630	0.00143929930280679
57033530	0.00217936155015998
57033821	0.00057393708548125
57035621	0.025107828485103
57046740	0.00472286662060567
57051611	0.000689866561731424
57053291	0.000809338673076375
57054781	0.00214819740317867
57056191	0.00446571656583233
57056430	0.000640210497716519
57057691	0.000729456531161491
57065431	0.00078905011301479
57065660	0.000837974985298129
57065910	0.000991683904752817
57066180	0.000943452390757841
57066320	0.0017061288304678
57067481	0.00255139999635158
57067600	0.00123729003765294
57069981	0.00389799571506189
57071860	0.000718022421154851
57076960	0.0014764614325955
57076980	0.0048201382049303
57076991	0.00400844226073343
57078241	0.000747186945848145
57079710	0.00137085118054824
57083730	0.00148302486861086
57087061	0.00172394551821884
57088031	0.00777274379778483
57091030	0.0011739244360756
57091341	0.00121483080373798
57092410	0.00570782740217728
57094231	0.00148718373693228
57097701	0.0167387976095937
57098070	0.000604539850025519
57102791	0.000937862099223904
57105390	0.00389806284372981
57106241	0.000859610155955805
57107010	0.00062733629175286
57108031	0.00241610594633803
57110200	0.000642962533724283
57113770	0.00238764644161011
57117831	0.00422284607066716
57121620	0.000757708156737583
57122911	0.000780478155761549
57124021	0.000679229325081602
57131071	0.0257522436835112
57133141	0.0018142634397821
57133930	0.000687327128269996
57134590	0.00420844019014892
57135180	0.00060242995662725
57140161	0.00072352511628345
57141411	0.000761100937511089
57141671	0.000651371207263534
57142620	0.00137891758728087
57148841	0.312799376028995
57151980	0.000833828491024998
57158501	0.0362929786238248
57161100	0.00160817286810434
57171211	0.00158720431512977
57173411	0.0721276017659521
57176161	0.00113344581851545
57177801	0.00893119948039958
57178371	0.00403891968297359
57178580	0.000995785606935512
57179420	0.29949699515938
57180451	0.00106729739663115
57180810	0.000609548769659184
57181350	0.00577114606093292
57181360	0.0110129455811308
57186381	0.00109897477600361
57187211	0.00277736729633385
57187611	0.000707259687803338
57189620	0.000975697831621712
57190651	0.00108941069087032
57190900	0.00205093505950914
57195461	0.00363176769493457
57197350	0.000956555031346468
57203560	0.00198946168076287
57204281	0.0751812598413654
57207871	0.0111349453841162
57209790	0.154368073783972
57210211	0.000597393644533452
57210450	0.0078113559445653
57211570	0.0062402568487814
57212161	0.00080564479025012
57213220	0.0994479079336015
57214781	0.00126091747313661
57217401	0.00137089240033098
57218200	0.000724208346039403
57223270	0.00142333561623808
57223720	0.000622283090615798
57226081	0.000577418385348988
57226850	0.0459384144828366
57228950	0.0788066834402415
57229251	0.000574884807386326
57230101	0.000588133043556085
57231010	0.332062465321796
57231201	0.000771171692005712
57231560	0.000653887879471344
57232431	0.000579292020061321
57234990	0.0181966302773829
57239611	0.000757650490690695
57239700	0.00223324396158522
57240680	0.00168283217753838
57241070	0.0025409209595455
57244410	0.271979641011788
57245370	0.000657948495116759
57249910	0.00134373254311336
57251140	0.00287496545207002
57256991	0.00412135659920147
57258071	0.00619910174334322
57258911	0.00159057742326897
57268011	0.0164748089116658
57268230	0.000841874595784098
57268701	0.00301085135226915
57270580	0.000947234740705085
57270720	0.000776261294791335
57272920	0.0017562583090572
57277200	0.000751283920643622
57278850	0.00155253793295327
57281090	0.000702698281402539
57282750	0.010075402941129
57284660	0.00096981417622052
57286330	0.000708223134618409
57286921	0.00221794745759536
57288380	0.0041115146523691
57290050	0.00198345849371968
57292230	0.00140601636812321
57296841	0.000783803573794671
57297480	0.00199479096647459
57298020	0.00327463200210371
57303451	0.0132187682649903
57305111	0.0202518864966751
57305391	0.00350318575720761
57307810	0.00108543819503368
57314880	0.0581515835383649
57316151	0.00601590444058717
57320141	0.0224322498308054
57321490	0.00069589694849359
57323560	0.0185765850060825
57323820	0.013400427468993
57323850	0.00293681016888679
57324500	0.000776738808169964
57325630	0.000890484680967338
57327270	0.00262634640854598
57330150	0.000708220240174506
57330590	0.000962261131026364
57335321	0.00215677894651563
57336640	0.0335843385374876
57337661	0.000569299213876953
57339181	0.0554137014725216
57342430	0.00440496800971101
57342440	0.139061298254426
57343010	0.000878704978186955
57349531	0.000821902242006821
57353760	0.000673832276726121
57355270	0.000774188363945936
57358730	0.0238734924049108
57360401	0.00790125712628671
57361791	0.000680013929770272
57363051	0.000707274074329514
57365620	0.00070467053606459
57371400	0.000934257504724757
57373641	0.0112139148483146
57373750	0.000564201069787065
57374320	0.00357694689118705
57385801	0.0770797117851419
57388831	0.0502720165499999
57388940	0.00270818053173201
57389180	0.00106938552389093
57397750	0.00114805401943827
57403940	0.00134761689090749
57430980	0.000879220294471198
57444691	0.000890733661766593
57453781	0.000940086409930753
57468681	0.0242046720648652
57469720	0.00082419358389341
57470550	0.148077677766542
57470700	0.000762545156531787
57470751	0.000719825297530232
57473320	0.010119550190243
57474550	0.0588652067475443
57474700	0.00123633041415557
57475280	0.168084159653863
57479270	0.00238004388693833
57480681	0.00172649481671063
57481340	0.0216323280697883
57483140	0.00609839827643739
57484210	0.000963935923366125
57486201	0.000622304477045652
57488001	0.00312508402537113
57490570	0.000865428263988997
57492001	0.582784780538927
57494130	0.00104419091493156
57494280	0.000749853984800819
57495660	0.04249736986201
57503441	0.00206774969303714
57510481	0.00240549543935965
57512100	0.00112044588348028
57513600	0.000751252688324393
57514061	0.00492745196383394
57515011	0.000813846919615228
57515690	0.0112476966941971
57519680	0.00524859575569312
57519800	0.000875122480148703
57519841	0.000686854502880799
57520671	0.00634527376095326
57520811	0.000949979533765275
57525101	0.000959138706539277
57527370	0.000809314044722881
57528490	0.00664216686203095
57528770	0.00105271887731316
57532801	0.0011711324374231
57534560	0.000702371265861869
57537890	0.0133833843820813
57542430	0.115035673410793
57543090	0.00590087656662862
57545071	0.00379153739249522
57548931	0.0597955935396917
57551400	0.000948961834560064
57553170	0.00381387600561157
57558311	0.188121223483581
57559370	0.0318384618881689
57561211	0.0153848938082549
57566741	0.00494555101657176
57569310	0.00176454242383949
57570031	0.00102589342276959
57571100	0.00191553839995824
57571230	0.00129825716433062
57574171	0.00210259966841021
57577911	0.190945433682706
57578311	0.000713394105012047
57579950	0.000773385267779731
57580780	0.0130196187471382
57581901	0.00691607677004997
57583100	0.00106105875201464
57587680	0.00203708885586984
57588630	0.000858063751105685
57592190	0.00643317775936967
57596801	0.00085004875983721
57597180	0.0021135482966482
57597570	0.0256644474215155
57601190	0.000643115010490554
57603841	0.00105748095071542
57607930	0.0010533632183878
57608780	0.000707556131856418
57609211	0.0183908926443472
57609361	0.000868008094174232
57610331	0.556943870504986
57613450	0.000620425852760175
57614581	0.000866492405512205
57615821	0.00698565138063049
57616080	0.00277237095514606
57617840	0.000561366191653487
57619670	0.000904475834567974
57622280	0.00801669356671039
57628210	0.00138235800166124
57632651	0.000716825805536603
57633771	0.000861652210827308
57640360	0.0654094317712986
57641160	0.00100983818225197
57642601	0.00606878842051172
57647250	0.00230745732708532
57650420	0.00284723939339622
57652320	0.00150010338880105
57652781	0.015090541134823
57654741	0.00280436328135743
57656251	0.000910767547526957
57658670	0.0019827381375196
57659910	0.0131308999356193
57660791	0.00320231766746475
57664231	0.0185731814307755
57665061	0.00277342253928038
57666581	0.00186387772482453
57667500	0.000801833429679614
57667640	0.00098123438161072
57668391	0.000617726996780531
57669560	0.00139258278349584
57670851	0.000628816127972412
57672190	0.000827831445526082
57672641	0.00128548238874243
57675360	0.00121930536506227
57676900	0.0017782937731707
57681201	0.162157583316398
57683910	0.00191666671789559
57685471	0.00210738842233812
57688210	0.00080302468052057
57689300	0.00338615526005246
57689491	0.0243164251359317
57689891	0.00384886573052776
57695811	0.0793515256148399
57697150	0.00605532044715085
57698571	0.00094998198280377
57702800	0.00121552484752519
57704330	0.00056890862701395
57705341	0.00068503295416894
57705980	0.00241597495111254
57708870	0.00066043379630754
57710660	0.000676467068011058
57714400	0.000885778541568123
57716501	0.0134609823272003
57718000	0.00298577120302237
57719271	0.000782121226627704
57720900	0.00226712998473221
57721741	0.0013156582723258
57723910	0.000849502014544257
57724111	0.000605006260487631
57725420	0.00377590504098602
57727831	0.0202416683043833
57728241	0.000791273012163013
57728590	0.00329927002344641
57729970	0.00115514724402231
57732610	0.0493976437012637
57733160	0.0175828390217277
57733840	0.00339930832164756
57735480	0.000770529822755152
57737430	0.0291472137174116
57739640	0.00113959258335015
57741601	0.000807384911016888
57742041	0.00639612874509838
57746520	0.00308517832098933
57747001	0.000838270557449447
57752600	0.000973318884309274
57753830	0.037395587941524
57758250	0.034569278227465
57760170	0.0204891354718015
57763080	0.00644653406626648
57764870	0.0770677610760095
57770151	0.0138607730571949
57771660	0.000696790153954928
57771760	0.00332404383642588
57773430	0.000666747999757547
57774571	0.115156493048511
57775671	0.000905790180576434
57778680	0.041323412257393
57782960	0.000699114710694976
57784580	0.000857652673249467
57788170	0.00225809227671151
57793270	0.004482887970325
57794260	0.000725526604010188
57798370	0.00394315614910869
57799001	0.0042229374191274
57802950	0.00277497924575098
57804771	0.000983606519593744
57805871	0.00451792175862774
57809710	0.00068571616874161
57809871	0.0119050938970625
57810680	0.000785700730813105
57812040	0.00382732142612923
57813410	0.00777259052105935
57818390	0.000995318533968479
57818530	0.00634214371069117
57818721	0.00109668149674841
57819251	0.000641744661395034
57819760	0.00111483554327197
57820340	0.637348575034242
57823650	0.00079008111747479
57824990	0.00266942864846487
57828231	0.000630741783099265
57828361	0.00236867639096901
57829280	0.000739361214615667
57831801	0.00068902931110938
57835780	0.361049253510556
57838390	0.021428054607421
57842530	0.00111191233004018
57842561	0.104090742828584
57847500	0.00095870064334511
57848180	0.0185422450704951
57849000	0.0161731071956183
57849680	0.00103692400432742
57849751	0.00107133907504634
57849830	0.0011445761111588
57851350	0.00228727594067096
57851821	0.00316817350109762
57851880	0.00133520708737897
57852860	0.000837269400036613
57856880	0.00320416308743973
57858130	0.00509420883421214
57861560	0.000821561664926719
57869980	0.013394181712944
57870431	0.087389426884692
57871060	0.055637440486098
57874240	0.00109845135812222
57874421	0.00217022150735724
57882411	0.00942441791801564
57885130	0.00104271107836579
57885270	0.00136250542401867
57888300	0.00110514917236313
57895490	0.000907320384651521
57895801	0.00091847952940802
57896061	0.00110103060014054
57898400	0.000969292307243711
57901051	0.0336800657146636
57901280	0.00418237706302171
57903661	0.000747151924481186
57905591	0.00217554170985588
57905810	0.000967059481222478
57910940	0.00274714047777586
57911261	0.000871019108730751
57922831	0.00147495560948354
57923220	0.000941032772128037
57923391	0.00344173500465188
57926011	0.000790065156136577
57928901	0.270586869088689
57931371	0.00707207475274993
57932730	0.000759793937485629
57932870	0.0335510145401462
57935251	0.0730594098728078
57936430	0.00194314332923719
57936870	0.00132729138541149
57941570	0.00221535547680798
57945731	0.00127756104947463
57946971	0.00495508084779635
57949031	0.000790242303748275
57949581	0.00229235389199864
57950281	0.000658871051828448
57952150	0.000873384188586474
57953741	0.00282428385284006
57953950	0.000606472459142319
57954981	0.000940692500446445
57955521	0.00104987999664881
57957830	0.323701913523954
57958380	0.00171265712613356
57962981	0.00188334619708954
57963870	0.00228591809679954
57966230	0.000799969612177465
57966770	0.003095998721355
57968290	0.119423689404052
57968860	0.000719029436816885
57968911	0.00548457339218099
57973451	0.0452931384928814
57973980	0.000728659771778846
57974240	0.000726162234448594
57975590	0.0127012720428136
57978961	0.00994656601138522
57980280	0.00943094988638338
57997171	0.00223788986110692
57998800	0.00101090002421745
57998831	0.00091975363436194
57999340	0.001964902751363
58000860	0.123135177204434
58006421	0.00195942074243009
58008150	0.000676001461291956
58011320	0.00140151028527163
58069581	0.000679189277641877
58099870	0.022687041142576
58099921	0.0008991021563222
58103580	0.0416001289758172
58103791	0.0110113285509449
58103850	0.000721802072258599
58105431	0.0693503432444283
58109721	0.00846851440646083
58112540	0.000880538968033863
58114350	0.000882067834888309
58115190	0.00107594625266173
58115740	0.00121695233704817
58116891	0.0275314443081486
58117400	0.00497021516654121
58118811	0.00187718749878435
58123761	0.00171739705851821
58124591	0.000606892866236665
58126681	0.00172980627634226
58127361	0.00400810723966436
58128331	0.000769896991697338
58132030	0.00083566291798596
58132160	0.00189112672464483
58136051	0.00232327495016836
58136321	0.000718497652638787
58143990	0.000947670823093018
58146780	0.000993406201467252
58147580	0.000844233595150824
58150910	0.0105436779994944
58154480	0.000672146145818414
58154740	0.00252890318152403
58160061	0.000758038334590431
58161660	0.000777613214100264
58163921	0.00125798333098278
58164980	0.000647520290726775
58165011	0.00989054615121868
58166401	0.00148881714757828
58166951	0.00106617395917423
58178220	0.000767141226009407
58182750	0.00136358406722274
58186780	0.00112660810057637
58191590	0.00374136899433669
58192150	0.0022603134322379
58192290	0.0170197178316834
58192540	0.000580847202286653
58200850	0.000968802467874516
58206241	0.000789885058372741
58208700	0.00095821203436259
58209360	0.000598441073378848
58209800	0.0100543803228283
58210630	0.000638840262989946
58210740	0.00196172260304466
58215170	0.000757156485505275
58215330	0.054385212609676
58221670	0.000854121607435758
58221821	0.00156773474707965
58221961	0.000994525261430167
58222070	0.00077198078533618
58222350	0.000928614517702854
58223081	0.00133164975881575
58225151	0.0669884144940486
58226750	0.000640693339420056
58228390	0.00465714430852336
58228441	0.000994129384124396
58230180	0.0290879608434137
58230671	0.000742351369091428
58236970	0.000846105554765958
58240301	0.0034828298456564
58241390	0.00710496299006083
58243751	0.000711295180696533
58244010	0.124436039494819
58247450	0.15622289875934
58250101	0.00142590867982781
58252851	0.000725014692150375
58252960	0.000751907242187189
58254050	0.00259766433515576
58254460	0.00114560909557309
58257001	0.000814261270906928
58259180	0.000569471242857461
58265670	0.000842395767501086
58266730	0.00477295893215116
58268031	0.0155763275416262
58270190	0.00775911417541116
58270651	0.000805864958572544
58271751	0.0219766535225765
58273951	0.00302991939216971
58274101	0.000945170184153129
58274590	0.0019973834767159
58277520	0.000635822336729025
58284280	0.00735212643206506
58284810	0.0033215902085689
58284861	0.00111482242892677
58286381	0.00135298140174914
58286460	0.0113456449227919
58287290	0.00144365884345903
58289261	0.00487092551759324
58289650	0.00135963090382096
58310771	0.0266482920963062
58311590	0.0011219878763225
58312660	0.000607214055560444
58313380	0.000695678891647225
58314170	0.00377679856795241
58316981	0.000751719095484338
58322340	0.0274104618748576
58322361	0.00264961430474259
58325951	0.00132199344752294
58331830	0.000612596032623436
58332280	0.00514502095182354
58332581	0.000888828001437616
58339351	0.0022288572299539
58341090	0.000757333726988254
58347730	0.0115838853337712
58348140	0.0193472188532754
58348670	0.000571236237484315
58349251	0.000787876386698999
58349961	0.00624295435476786
58353650	0.00117321384090248
58365910	0.000851536111367772
58370381	0.00444130888543095
58371191	0.0149712595161335
58371410	0.000727175141156051
58375310	0.00516417885526248
58376110	0.00105389182845517
58378231	0.000705685756938177
58379280	0.000940522434451604
58381220	0.00926637977050145
58384540	0.00207766359354836
58386190	0.00103133450899422
58391170	0.000789526863494078
58391840	0.00360502098722754
58397100	0.0128036181641545
58397661	0.00272775399892963
58399181	0.00188300361124253
58400680	0.0512546499751742
58401090	0.00819459608769753
58402921	0.0225560913538921
58408571	0.0221499352047207
58410990	0.000877891052098422
58415560	0.00265075665375117
58417961	0.000869086303798977
58418030	0.00165139516794452
58420691	0.00334135427265164
58420701	0.000793137455334715
58420711	0.0011698969047183
58422060	0.000658330535916031
58424991	0.00283275963189788
58426511	0.000855293795258483
58426570	0.000684350405988427
58426651	0.00517300330911196
58435130	0.00403118892259119
58438501	0.000826495505446651
58438730	0.330226551421214
58440161	0.000696675497264
58443580	0.00207965565236441
58444090	0.0394311861905556
58445880	0.00361730502264969
58447710	0.00980014622245488
58453391	0.000815627631530007
58453480	0.016447716498782
58458020	0.0511133976107756
58458631	0.000738877823113263
58463570	0.000590256159116121
58466911	0.00081590252071412
58467560	0.00107334756082583
58467670	0.00147023447354583
58468220	0.00711441306803272
58468711	0.00330236595837429
58470750	0.000722494243692632
58472120	0.00441657299560318
58472400	0.00179959846981593
58473200	0.000763493010663966
58475700	0.0786637101963418
58475731	0.00384916857642109
58477910	0.000831595524486036
58480380	0.00124583407658223
58485080	0.00189607668739628
58488711	0.000847822966875986
58488841	0.00114625071974112
58491420	0.00720022770184845
58491430	0.00149515812218765
58492271	0.00222098168254289
58498201	0.180222578171297
58500711	0.000671090313344071
58503881	0.00279102624161288
58504080	0.0111228156128388
58507451	0.0676353431492836
58509880	0.000996423127444367
58511150	0.000832152167140489
58511581	0.00372609490971305
58512681	0.074796238692695
58513220	0.00357606254679265
58514491	0.0282496121070048
58514740	0.00311695387115398
58517781	0.000709724858007971
58518050	0.00785389213078981
58525921	0.000846754392914497
58526740	0.0173465478804772
58527741	0.00294220157207214
58528001	0.000921321438861873
58528110	0.000806171578611762
58528701	0.00719525374802693
58528920	0.000964135211244293
58538891	0.000609982956130568
58539051	0.0187082027737288
58543690	0.00314084156835874
58543980	0.000687690435042063
58547181	0.0931733050605729
58548421	0.000638575927645933
58550911	0.00236433510757811
58554990	0.0279234283719195
58555260	0.00073819431075732
58559810	0.00285731525543699
58563940	0.00232415364675772
58564760	0.00102621305058647
58565470	0.00146180491061874
58565490	0.000607456628354702
58567041	0.00111004468108983
58567161	0.322408547210539
58576671	0.000926728312688184
58578191	0.00617888445694183
58582201	0.00121054740743993
58582980	0.00279225058868711
58592811	0.00191228566374006
58596681	0.00210956706255077
58599591	0.00111621923423654
58611790	0.00118931995869504
58619550	0.00265199027536165
58623301	0.000977428149503847
58624230	0.468626420307377
58625781	0.0071171547151609
58626331	0.00451934175237254
58628510	0.00227088513354413
58630160	0.00170656688470735
58669200	0.000677976884160604
58673040	0.00926544349969819
58673460	0.000756665666214237
58673491	0.000710651655057249
58675431	0.00468813511257347
58675550	0.000625021338827272
58678881	0.000840050318914236
58680210	0.00163703991127792
58682160	0.0705971414044228
58682191	0.000922238387185981
58684340	0.000907539713910908
58685351	0.00136775979839025
58686061	0.00681811882384477
58687011	0.000947409166503745
58689590	0.000682229193394536
58694611	0.00323566178640935
58698300	0.00152882723380925
58699691	0.00338237920776629
58700251	0.0867797853353735
58705870	0.00686699338770637
58707260	0.000979704355684767
58710420	0.635298928296245
58711820	0.000723388065560849
58713450	0.00309898264520284
58713600	0.00290163410056036
58713870	0.000883685723367168
58715810	0.00180364326082307
58718321	0.00112994698744587
58719141	0.180566252271866
58731001	0.0618621471356138
58732811	0.00649657418282477
58733081	0.0298665279874934
58735110	0.007691922268206
58735981	0.00561813139438233
58738160	0.000674745806590382
58738970	0.0200479101237897
58739520	0.00219130119578991
58740480	0.0010274185480486
58741850	0.00102720751454094
58743250	0.0115775477495243
58743640	0.000619411419848462
58743711	0.00533410778347597
58745880	0.00190490757673413
58746311	0.000856233349690271
58751780	0.00811073073549098
58752210	0.0212734100206668
58753190	0.161796960988508
58756381	0.000728019068002372
58757201	0.000818416345581677
58765440	0.000639363932394927
58771151	0.00117687253180377
58772651	0.00194768736826306
58772920	0.0764476154732102
58774270	0.00465319359173621
58774680	0.000719533707276642
58775090	0.006655908899282
58776900	0.000689272275311784
58777361	0.000644808049544257
58778321	0.00101830990557601
58780340	0.000717929467276488
58780740	0.00074383135916066
58782031	0.0143428760144707
58782690	0.00249999019770114
58784381	0.00190410268437339
58785190	0.000881109275762191
58785320	0.00409104934142983
58785341	0.00355719220144089
58787910	0.000613581927886215
58790020	0.0986454792303513
58790311	0.00601844195265531
58791660	0.00156390964578703
58791961	0.000907546188201871
58793310	0.0936756831686453
58795630	0.00917228640382226
58797450	0.00171018747258071
58803260	0.0163122747154631
58891780	0.226997582347406
58979200	0.00373811209877126
58995890	0.0108592276986893
59001150	0.00254132617395271
59010291	0.00515925480903855
59081530	0.00140685495950186
59095490	0.0103128993023214
59100850	0.026725513012042
59128440	0.00640846946137511
59170951	0.00790381574953897
59221970	0.0272455241259748
59241851	0.0021606840189457
59365770	0.12389999211336
59429131	0.000807691680220945
59437900	0.181184169601761
59475280	0.00284657680825914
59491700	0.000759025170796249
59508140	0.00076925862063647
59516701	0.00110357330401651
59524711	0.00245795531585157
59593111	0.0210320611246862
59606470	0.00126988220200149
59609900	0.00705697736718062
59658430	0.00943230261434283
59747820	0.00120367322638191
59800831	0.0865207824689047
59886830	0.00347557543603771
59940121	0.0389947636203193
60118981	0.00231843513070786
60171770	0.00439251756147106
60174950	0.0014023618745709
60178141	0.00865898834284725
60201010	0.00150751395456697
60246291	0.00115857146000776
60246360	0.00101419005832605
60262080	0.0899129820469181
60262421	0.00077599146504235
60268351	0.00120794217234291
60272720	0.038961664345563
60292590	0.00431147743520231
60299590	0.0038951291160789
60300700	0.000748830018787994
60309120	0.0015547025085454
60324850	0.0250992209277503
60326541	0.000891341879379444
60336320	0.000675664409450617
60351340	0.00390615761630658
60379190	0.00124459911508572
60399210	0.00229511121700172
60404570	0.00220226216573663
60418770	0.000789562776082929
60439340	0.000710238017753714
60445930	0.000651287246051106
60449230	0.00111875240905066
60480850	0.00368728029507277
60544741	0.000766319880598694
60558050	0.00759149889205579
60576311	0.0184273389519884
60606791	0.0020617404742274
60636041	0.000918663154110918
60663560	0.000878384123501198
60711471	0.00558354632011785
60769900	0.0196358513012111
60817500	0.00114066969324301
60818740	0.000891908209235769
60819451	0.00118972413738467
60820510	0.000935912868665227
60821200	0.000940859162254213
60823441	0.000835188263919038
60826170	0.00185521823125332
60846570	0.000608712643424145
60849210	0.000950339197223703
60883581	0.00345369744128274
60885330	0.00096570001393633
60886170	0.0283401670883829
60886560	0.00134232439332806
60888080	0.000876380041009455
60889040	0.000821114367321512
60891301	0.00677374781924202
60892360	0.00088337590809025
60898170	0.00485719469922547
60901521	0.000808687785483286
60903800	0.00120515767745871
60908100	0.00448467624154243
60908411	0.023715030939802
60911181	0.00881762158097054
60913320	0.00150969925662275
60915301	0.28315969262531
60921241	0.0053741028454008
60923571	0.00514982415821766
60924230	0.00815510007411181
60924800	0.000810689876145987
60926331	0.00851176128109934
60928141	0.00297151583411145
60929521	0.00911753155355965
60931400	0.0100343803605073
60934051	0.00152204926958002
60936490	0.000887565053065502
60937511	0.00100194476274757
60940210	0.000837215568196541
60941931	0.000903812390963527
60943311	0.00520571295604156
60945111	0.187581603405737
60948490	0.00141386838945649
60949040	0.0652689358784688
60949180	0.000741900610716143
60951120	0.000808855205977836
60955451	0.00328117408191883
60955520	0.0362295150060455
60958751	0.0100683654202897
60960660	0.00303459205226923
60961180	0.00461037724900751
60961890	0.00335252907044317
60964490	0.000970378427418881
60965480	0.00276268972699587
60970030	0.00106932745018141
60972790	0.00109676703218497
60973771	0.00191660324886951
60975841	0.000612056294801429
60975861	0.0112450798169586
60977070	0.0197295457671679
60978150	0.00305599985689079
60978730	0.00731080706534143
60981931	0.00515302883704838
60984920	0.000832630916808344
60986010	0.000832427051136529
60986440	0.000714860375996146
60990440	0.00191705853938819
61000121	0.000800241701255979
61001440	0.00100350833846378
61001911	0.00784855000148915
61005440	0.00125648329577666
61007380	0.0152310056875468
61008240	0.00144426947615882
61009730	0.407042433101655
61011940	0.00101170485172041
61012070	0.000628752738291005
61014020	0.00182380787242455
61015291	0.00416594159990312
61022751	0.0011815105773699
61025190	0.0268445640742279
61026690	0.000650132561580088
61027260	0.00203732593985094
61035141	0.00113173544015921
61035721	0.0184836388550516
61040210	0.000960590425265749
61042471	0.00209103335685677
61043380	0.000800448414842958
61044070	0.00824377497223803
61045310	0.00701634831612631
61048750	0.00177847381095324
61049081	0.000794142808216127
61052661	0.000763585146148633
61054130	0.00233133453356366
61056931	0.00087026677588048
61057911	0.000737612237026982
61058751	0.00122520893133375
61060661	0.000720056148659405
61061710	0.000716538311252332
61061921	0.335536069817863
61062000	0.0638194947515366
61063441	0.12677824010223
61066020	0.00599353587472337
61113980	0.000604902689413065
61117720	0.000709153810165664
61118451	0.000826954286421756
61121600	0.0020702517993479
61123281	0.000711377699128459
61126051	0.00132420172846667
61127021	0.00383996379652496
61140111	0.000852943421569342
61147151	0.000762338496144234
61149710	0.00077435342697074
61149901	0.000769104981629127
61150290	0.000976522453066556
61150670	0.0172142839386881
61153580	0.0239302167631801
61155100	0.00654520738552609
61157010	0.334470662894776
61161050	0.000784694786358954
61162540	0.000839630086766534
61165980	0.353699717601794
61173580	0.00105179553308656
61174031	0.00152289996325393
61179530	0.0120682626267595
61185751	0.000806674187619758
61186560	0.0129169004674629
61187380	0.00099558093389005
61191660	0.0293709997180597
61192190	0.00105247259507024
61192251	0.582010327905653
61192760	0.00550864270204783
61192910	0.000729245275149575
61194161	0.0031962145038532
61194670	0.0291370910239682
61195500	0.632807478767211
61196521	0.00393623086414081
61197201	0.00175458650112371
61197481	0.00084256785037875
61198321	0.00108171940538722
61201331	0.00946828497806406
61203910	0.00568084716185287
61205211	0.000727015740562533
61206171	0.000881076156123413
61214000	0.143608192456034
61216381	0.16305041245665
61220200	0.0251882156869508
61221550	0.00292663581637858
61221980	0.000633711805149753
61223940	0.000665919277336764
61225560	0.00159188081865984
61229040	0.000852408735402838
61229140	0.0928603605595125
61230960	0.00125112510319344
61233180	0.0343546156732928
61234660	0.179240950499699
61239480	0.00124509779930004
61241201	0.0419701808961162
61243090	0.0031458390247288
61243490	0.0479256347590718
61249321	0.141564430062519
61249450	0.00228256630042171
61252320	0.000932303394459512
61253690	0.0221270797264534
61257601	0.000953907775820285
61259510	0.117154785424455
61261690	0.000902328916900546
61262100	0.00766209785228334
61262171	0.000719352643449226
61263210	0.000653554634256621
61266280	0.0177758422976475
61266561	0.000603705169942785
61267251	0.0012785036207041
61269710	0.0110895053448192
61270420	0.000930304704239154
61272310	0.00213368008186839
61274250	0.000673241139777681
61274390	0.00184332771458076
61276350	0.00134544537070875
61276480	0.00734981434532739
61284070	0.000684663001575721
61284231	0.000852360145027861
61285331	0.000822880363877501
61285601	0.00162364903379282
61285761	0.00649927085757552
61287200	0.00334031512640122
61291930	0.000903819482493631
61293751	0.00223830557610453
61294690	0.000935847016099453
61294981	0.00105130776854272
61295131	0.00149675573929515
61299661	0.00724594930334088
61300211	0.00124289080820664
61302130	0.000842906127775727
61302940	0.000781713393745879
61304091	0.000937287756263306
61306021	0.00177381368451548
61307131	0.000852753253283701
61307210	0.0288835504104252
61307821	0.00068530396192211
61312740	0.00185814410088803
61314370	0.000718557688708956
61314831	0.00333527333583968
61315521	0.000975675987160504
61317820	0.00226201376719485
61318240	0.000916995614400366
61318550	0.00152666918142003
61322820	0.000995131798124373
61323271	0.02359981589746
61330780	0.0106813716994579
61330790	0.00215895446210109
61331090	0.00135548222693158
61331350	0.00112296543650896
61331510	0.00169967197181992
61332221	0.00155573928169739
61334380	0.00165591588183229
61337030	0.00154408942599816
61337731	0.00118378422827801
61339090	0.0013574887198039
61340300	0.000755820728427438
61342240	0.000866833547719509
61342831	0.0029825020485099
61349570	0.0180109801197431
61361290	0.00309253416528341
61373260	0.00341973053530102
61391801	0.00074016250139738
61401420	0.000843246808774608
61404221	0.00158583219863375
61407261	0.000976818265751986
61409830	0.000816988750257967
61414520	0.00134841416769481
61420891	0.000863602625427239
61422250	0.00131858040669966
61428040	0.00185086167872229
61445940	0.00351067406708496
61445950	0.000988960590870971
61448631	0.00206454621521233
61451040	0.00191234548543583
61451251	0.0132512851526289
61453731	0.0422762688856193
61454810	0.000857835232878976
61455360	0.0378401916209215
61455480	0.00188505753905505
61457430	0.0285008023596353
61457660	0.000976970070584123
61458401	0.000746341643617515
61458681	0.0213454269624602
61461301	0.000811866279690156
61464700	0.00341955660770289
61466230	0.000820856155306131
61466630	0.0531352913179303
61468761	0.00662836812895552
61470141	0.00135024394784998
61470250	0.00108167667281931
61470390	0.00206595526600562
61471080	0.00137343375639655
61471921	0.00238727406887937
61472700	0.00124249024746574
61472850	0.032269733286959
61476020	0.000897288503052547
61479630	0.0610792464851952
61480430	0.00368446896074944
61481441	0.00117597275501423
61485000	0.00101641231229432
61489311	0.0035061333695412
61492580	0.000837084503497115
61492600	0.0311084746577428
61492621	0.00589156638912397
61494250	0.247635770202192
61494530	0.00102773357795484
61494561	0.00448268568027615
61497311	0.00746361372126825
61498080	0.000962093764931344
61499040	0.322763270699083
61504891	0.000831817209280653
61509700	0.00604642609451311
61510110	0.00109772099443296
61511770	0.00327390796349609
61514121	0.00735928643411966
61521021	0.00130222691738779
61523590	0.00359234427908521
61523911	0.134041547062628
61527081	0.00126285607074961
61527750	0.0670546103539077
61528310	0.00214123145896996
61530240	0.00229986379513896
61533390	0.0124471468515717
61533530	0.00297840644051008
61540280	0.000735887190732638
61540690	0.00309764866301262
61541000	0.000810587814476395
61544000	0.00700426413008121
61544720	0.165523635337948
61544751	0.00130450796467397
61545520	0.00341968508373239
61547880	0.0300660340821615
61549441	0.124666709923139
61551190	0.0215256646031042
61552980	0.000957476718293755
61553000	0.000966732299760848
61558070	0.00270982370469451
61560300	0.000624395053368639
61561670	0.000683544706835055
61563590	0.010961805072393
61564270	0.580262993964793
61565110	0.00295812716446425
61565410	0.00369321450549032
61566100	0.000836089507157754
61571870	0.159000912217515
61572150	0.0144547802700338
61575241	0.00899279768911748
61575860	0.00507547867888896
61578930	0.000997917894186954
61580761	0.00384180639433031
61582350	0.00106419337781482
61595170	0.000799634497039312
61595610	0.000872409025086884
61598060	0.228031307712582
61599720	0.00205664671006048
61602200	0.00120842753962781
61606620	0.0101547568048563
61607921	0.00503371880136806
61608690	0.00188904868670251
61611101	0.000939547214167838
61611190	0.00230814734229017
61611491	0.00783794218404239
61612000	0.00397593491077018
61613031	0.000676062154548154
61614391	0.000963439868444978
61614750	0.00304597466684072
61615600	0.000587540808206267
61616061	0.00114328062390149
61617851	0.00291234039790094
61619361	0.0370861268567071
61620311	0.000713408361438277
61620830	0.0802960747406257
61621410	0.00147511920416696
61621441	0.0107619065337546
61624181	0.0158006291435897
61631491	0.00090400453987851
61635990	0.00125535156353843
61636201	0.0286566625923683
61637540	0.000656202832106448
61639921	0.00434727496243021
61647300	0.00937772032069089
61651590	0.00769554510091026
61655190	0.00131220411116897
61656820	0.000802049252823192
61656830	0.000672820912553323
61657841	0.0144246055984896
61661950	0.000605644803601702
61662350	0.216752764191133
61662470	0.0632959791284979
61662521	0.00105563652807362
61668560	0.0195086876220564
61669250	0.000840455785084967
61669841	0.00280627881972543
61674350	0.00328614605973481
61677961	0.000773952728480549
61679880	0.00637331998003631
61682251	0.000628065685309599
61682370	0.00743101776910475
61682780	0.00102525754596214
61684601	0.0132976006471908
61687641	0.000884089818141136
61689851	0.00100649505573047
61690401	0.00317423230563794
61697080	0.00285122555715647
61697940	0.00278254230707045
61698200	0.00367634580816426
61702210	0.0170138599907254
61703891	0.00137074043804053
61709431	0.000586767572641101
61715180	0.000661708736640976
61720191	0.00349552211792425
61722900	0.000863782878310786
61723190	0.00867766894486933
61724710	0.00600110055651706
61728000	0.000942827672383786
61728130	0.000810488994779841
61728260	0.000858981087466071
61730531	0.0100873062504008
61737100	0.00245579433649998
61739071	0.00124257344027534
61742091	0.00137196914821106
61742220	0.00166334999902944
61744560	0.0854221967772775
61746791	0.000974450621743924
61747351	0.00136192228209219
61750531	0.000592969457385156
61753421	0.00368138748440633
61754900	0.0144069911300623
61760800	0.00187457598175013
61761981	0.00301555277154565
61765681	0.000617496545458143
61772451	0.0111440748924509
61774910	0.00127377032869873
61775201	0.000898216897507988
61775481	0.00111209194749785
61776721	0.0394851311370459
61778641	0.000714874812907931
61779751	0.00105124246372204
61781350	0.00115400229637058
61782060	0.00314209489506483
61784700	0.000927941650064323
61785780	0.000837482451999072
61790470	0.00806745760089501
61796670	0.0380543683213697
61797900	0.000893826079271559
61798460	0.000625476126972189
61798641	0.016855637432863
61799560	0.000691021505838622
61799730	0.00190932195773429
61802330	0.000710464938911886
61802340	0.0099997456271354
61802371	0.00216605425137554
61805490	0.0142755877313168
61805500	0.023612406353027
61806860	0.00116788482827704
61810101	0.00223582382460627
61811720	0.011901939611026
61812130	0.0188797846261173
61812451	0.000749823093893718
61814080	0.000849625213931893
61818460	0.0389750831444725
61818771	0.00127396547648373
61822111	0.0119755306782775
61824410	0.000573642754016726
61824550	0.0529420204251584
61825271	0.00296020351003647
61826050	0.0158987974203686
61827550	0.0147822593137161
61829421	0.0257497173917959
61835410	0.0170312232192403
61835601	0.00222372795984597
61836420	0.000812388345679357
61838180	0.00111980942324639
61838890	0.000709935284244075
61839611	0.000653394081673733
61843321	0.00427929353907957
61848851	0.00127949710240358
61849121	0.437899972668573
61849220	0.000813479059313285
61850040	0.00439394952321391
61851420	0.000827935605445705
61853090	0.0150296868068723
61853760	0.00231403302056008
61855010	0.0172275321950351
61855980	0.000590877427073061
61856861	0.000881688798475235
61857620	0.00650199310512058
61860431	0.000823989106059598
61860650	0.000832590456447109
61863731	0.00135273629309586
61864960	0.00244895271479699
61865251	0.00069474451835339
61869780	0.0252532818815723
61875321	0.00346319755146045
61876281	0.0559888272876693
61876510	0.000785818028688621
61876820	0.0180376676151029
61877671	0.014610709292708
61878190	0.00345500428368024
61885070	0.000795306726694269
61889490	0.00103197634104972
61894190	0.00652341040960955
61894771	0.0023481618864793
61895741	0.33871347128392
61897100	0.000836807671801758
61897650	0.00219022349333215
61899860	0.0147155473476675
61902180	0.0176718008998384
61902771	0.000945163956674566
61905920	0.000962539143900772
61913630	0.00870444046120669
61914190	0.0129957339601822
61915341	0.000598087206006535
61915881	0.00172761864090468
61916711	0.000969814258923602
61917931	0.00106258702020434
61920841	0.00153402600523604
61923280	0.00691644047731306
61923400	0.129310162070861
61926040	0.00155431474918817
61927140	0.000781159380798268
61928441	0.00115163599519883
61929541	0.0285669000492758
61929801	0.00162426279773192
61930330	0.0775972047597661
61932820	0.0211577626657423
61934720	0.00118717409281188
61938860	0.002647807866994
61940431	0.00100760035499078
61942160	0.00169354682024538
61947970	0.000714046129219021
61952510	0.000853167145549792
61952991	0.00108089218300171
61955191	0.00256711829583865
61956540	0.000928379042463847
61957811	0.0710148716503549
61960260	0.000867681831067825
61961050	0.000830919969260032
61963400	0.000780497387799399
61970160	0.000611396468992114
61971950	0.0720153820439951
61973050	0.000710319255310845
61975710	0.0104935551164667
61979570	0.000844361324383346
61985801	0.00194357907686545
61986870	0.106274921783339
61989620	0.00112652727874842
61989661	0.00299181899178366
61992360	0.000683365859103256
61994221	0.00270461397086919
61994310	0.0032228780314767
61996500	0.00394770403314469
61996950	0.00225291621877693
61999191	0.00122493212223162
61999410	0.000889147667610566
61999820	0.00124483881962012
62000090	0.000880703489282742
62001811	0.000923852503295595
62004940	0.00103476935288778
62005231	0.00102119311780795
62006310	0.000894879255979398
62006860	0.00191505974461671
62006901	0.00262188948577789
62009651	0.000926471114809047
62010771	0.00102893354629386
62011991	0.00800571949965981
62015191	0.000841788204142523
62016260	0.00272771543625839
62018501	0.019037436211432
62020930	0.00750923140160302
62021190	0.00231327371738788
62025190	0.0145650371338908
62027150	0.00102398681355616
62027991	0.0373888184423781
62028520	0.00310563903802114
62032841	0.0142457841868337
62032920	0.0118878724711241
62035140	0.159403895383372
62038580	0.00129952683164864
62038720	0.00338571733468204
62046491	0.000814492485344705
62049040	0.00222257172606917
62049610	0.00116092262221235
62051851	0.0029507216208903
62053231	0.00141319504046419
62055290	0.00158151175367965
62069060	0.00112718648021573
62069371	0.00392437861780774
62069791	0.00117165928607408
62076151	0.000984192307903764
62077450	0.00111656865978168
62077941	0.0038983896733888
62078010	0.0014861553851936
62080121	0.000888868169627252
62086331	0.00141636358831539
62089391	0.015922439668206
62093381	0.0138989663296184
62094201	0.00249238515768515
62096691	0.000746690185204472
62098590	0.619001341818119
62099321	0.00121519496887994
62100691	0.0146108451642115
62101371	0.00127235542596619
62101641	0.00136983146412327
62102320	0.00126289896432712
62103851	0.00609617614338491
62105111	0.00217335971089208
62106690	0.000718662629494314
62108080	0.00331335407157755
62108910	0.00138560185862128
62111841	0.00262253507729103
62112271	0.0158314347153318
62117860	0.000608340663787786
62118420	0.000614012908451672
62126761	0.00220956108294298
62128281	0.00846433241789683
62133870	0.000813625889157243
62134140	0.0198276818551625
62136370	0.00639744365100378
62143550	0.000623628922145226
62143561	0.00120317656261111
62146290	0.000971211085206324
62146850	0.00145185287256643
62148681	0.00134467922688962
62153501	0.000818427639976642
62154461	0.00091021581212053
62154891	0.000657249442937807
62156271	0.0806653432190261
62157580	0.000873744168720364
62157641	0.00456853174326711
62158621	0.00140406487566471
62159670	0.000996871786480962
62162130	0.0159610138534795
62164360	0.00382179344281298
62167021	0.148254847560712
62167140	0.00525338027857878
62167830	0.000837130276754428
62168910	0.00754058452792214
62169921	0.00230970644113138
62170621	0.000596605367270413
62171260	0.00219216211235317
62173911	0.00176850086429513
62175031	0.00313853011632369
62181320	0.00384403626754371
62181610	0.0165095687307828
62183571	0.00107846955721474
62187161	0.00086149249392296
62187291	0.00184023204060597
62192100	0.00069523022126122
62194751	0.000825334932450098
62195701	0.000820912866728181
62196360	0.000922179590271118
62198871	0.000726609795289621
62199701	0.000986120672586017
62200100	0.00194603691177134
62201320	0.00124810452172806
62201990	0.00173814118742053
62204111	0.00210855458751506
62204271	0.023612897116585
62208330	0.00137643575863592
62208650	0.00222266605339782
62211011	0.000815034171841021
62214201	0.576042582932366
62214680	0.000739888075659037
62217720	0.00665316536656846
62218160	0.00139783528955704
62218300	0.000603281242222848
62221610	0.0353724807899959
62222871	0.000943734512099464
62224370	0.0100959744642531
62227120	0.0171644422369019
62228951	0.0606691249680064
62229081	0.00388387481007689
62231581	0.000915241165625057
62232681	0.017645170977122
62242871	0.000591656651482234
62242960	0.000725478434950311
62244541	0.00267573243702952
62245720	0.000724041324157115
62248210	0.00112699855357307
62248931	0.0755278955965355
62250871	0.00119276685533783
62261470	0.000908932387064942
62264090	0.11202853765268
62275920	0.00792277715064091
62277720	0.0112173127514797
62278191	0.00861675279151719
62279271	0.013931285706588
62280661	0.0118462512609616
62281641	0.0849921082072692
62285600	0.00102924968625501
62285771	0.000566965049745001
62287220	0.268738983877281
62291360	0.00189193425138364
62294980	0.0176600779978158
62298690	0.000641786713590871
62299660	0.00104344953890769
62303930	0.00170068362144213
62305990	0.0116699553510347
62306250	0.00102665300135616
62306970	0.000781598899708399
62307510	0.0641228892199162
62307790	0.0010318248747878
62309430	0.01795655147268
62309501	0.011366800420167
62310410	0.000923358938110869
62310540	0.00169599586141619
62312080	0.000677855505714959
62314601	0.000756782317497808
62317471	0.000896665984016691
62319940	0.00350047655390972
62321290	0.000884389598073457
62322301	0.0188718100226719
62324500	0.000660017698524042
62324890	0.000605433621034226
62326270	0.000806738200509526
62326591	0.02561208809038
62330031	0.00133451898945189
62330110	0.549922996687418
62331421	0.00107301834762263
62334451	0.0269912514354658
62336231	0.00461950922095098
62336801	0.000865244305208409
62337570	0.678378630384318
62338021	0.281602402181725
62338451	0.252412108676676
62338970	0.00648407734258948
62339151	0.000704037742895341
62339271	0.00179982351409398
62339910	0.00106597096673174
62346031	0.000877991147567172
62353430	0.000872975331045737
62359520	0.000661642098323769
62360921	0.00100531172867366
62368330	0.00285208827507244
62370950	0.0200239136516021
62371090	0.000769733265048343
62371691	0.00522278846494169
62372931	0.00599636742230702
62375780	0.301389023608912
62376391	0.000764426903549082
62381481	0.0192786925257184
62385040	0.557676077933709
62386861	0.0181196525304437
62388060	0.00106403016261295
62388630	0.000771453904411603
62391240	0.0025694256803194
62391971	0.000925931230156759
62393331	0.0213157356029743
62395070	0.0568127262159401
62396791	0.0035702934250175
62401450	0.0877731504859706
62402270	0.000817886155210056
62402871	0.348622122784826
62404521	0.000747659057306038
62406670	0.000697047843563148
62410441	0.00236540635523385
62415090	0.0306621953545036
62416241	0.0165380855368866
62418711	0.00108664035141274
62419100	0.00321691990455067
62422280	0.000742889182164208
62424730	0.00125347935044735
62425020	0.000778362374878333
62425410	0.000848517959114939
62426120	0.0023121376991037
62426171	0.0023727672074612
62426420	0.00370400868117413
62431121	0.00899707485724075
62434650	0.0019751083979494
62435691	0.0176273455292435
62436170	0.0104510722944234
62437611	0.00116247196361339
62438670	0.00229525756017987
62439111	0.010655353288628
62442110	0.014729004191942
62442441	0.0296267666247447
62444460	0.00087721141937375
62444760	0.00564314574687774
62446161	0.00153111346668205
62454431	0.00516900949084298
62455750	0.00812806020265041
62457030	0.00311277190272859
62457820	0.00325596841947736
62458680	0.0109439564676227
62463671	0.00590508323616924
62464330	0.00127797086018131
62466711	0.00523479613958164
62467910	0.0934502100151274
62469591	0.000744460539841046
62472631	0.00326484845264877
62475780	0.000866611864162982
62476740	0.00274656115383197
62478950	0.000887239043238361
62479890	0.00441173299552171
62482650	0.0222457147112637
62483360	0.0303824847513618
62487541	0.000850038881584745
62488200	0.00102867604727817
62488371	0.00102302168142266
62492211	0.0020609031310803
62493170	0.000960629305014736
62493871	0.00078515281926385
62494281	0.0165749884291425
62500190	0.00113628964418967
62501160	0.00636461635059511
62501181	0.00178930982732797
62502960	0.00109160083496684
62503090	0.0109218450099595
62503510	0.00178324010231565
62504221	0.000915864914103049
62506011	0.00093401890212123
62510800	0.0840209655669605
62517030	0.00082655969266364
62524901	0.194810774496347
62527661	0.00460391220296198
62532330	0.00580430791182269
62532491	0.633415324823972
62533020	0.0117881301168513
62533280	0.00461297936012135
62535200	0.00181278439247192
62535821	0.00304199537283888
62536030	0.0234206557242594
62539230	0.0151756984613268
62545970	0.00694257380399001
62547330	0.00121664320015211
62547770	0.00244294254222477
62556020	0.00236132954351895
62556460	0.000908037748737101
62564580	0.00076561281947767
62567111	0.000741030378995456
62568020	0.0386210112197467
62571210	0.00537804572249052
62574530	0.229885463251234
62574961	0.00088550109382692
62575801	0.00115260223183679
62579360	0.00419148101659929
62579931	0.000882283533780985
62580870	0.00292710184959172
62586281	0.00067617918427267
62589301	0.0129099411834234
62592600	0.00159315086662589
62593430	0.000691530253270102
62594281	0.0111436633557549
62597410	0.0405250229718691
62598701	0.000901420020147896
62603200	0.00084949949450188
62605390	0.0016441157047238
62611480	0.0195961700124819
62612030	0.000706009957007058
62615091	0.0429436193678359
62618530	0.00416578373596262
62618790	0.000795374535438831
62621570	0.117652316852004
62623121	0.00137020495091155
62623220	0.00281280108659884
62631651	0.00090007876854494
62632720	0.000610212906023254
62633441	0.0331287507509404
62635480	0.000979639605075658
62639330	0.00246724007430676
62639391	0.00158318220174281
62641680	0.0186097161375036
62642551	0.0110248505876167
62643511	0.000617560417076941
62645830	0.0137995582676514
62649861	0.000954017314372784
62650131	0.000828633747649774
62653290	0.0012742206403436
62657161	0.00110436653070594
62657410	0.00104531425440609
62658821	0.0276727013096963
62658971	0.000817368679972162
62660440	0.000692359325814101
62660450	0.00091918870646481
62661311	0.170321742636239
62661560	0.000725737757316475
62664761	0.000860186293041263
62666811	0.0008602520984741
62673540	0.146120462262511
62673820	0.15241513209887
62681400	0.00448918752508593
62686210	0.0734974750818071
62687101	0.00245209965415814
62689161	0.00244226782993569
62690770	0.00557493798819977
62691320	0.00158437672249555
62691931	0.00106520170030923
62692191	0.00110509578999391
62702110	0.00178898710687076
62702790	0.334576974663734
62702920	0.0051267555125552
62704611	0.0014626242400123
62707200	0.000571363474924985
62713041	0.000620556810079411
62722131	0.076872763172758
62726520	0.000639073875499989
62730080	0.00292645119221509
62730531	0.000832371251478426
62733800	0.00611150419285448
62735350	0.00140800164467841
62739460	0.00216115307287996
62740061	0.00545846889915725
62740970	0.0115912479579479
62743381	0.000676917691049935
62745171	0.00290777589442909
62745571	0.0373248530818459
62747070	0.000887614689434488
62747620	0.0017835801102571
62749311	0.00247780574338871
62751631	0.00337160159648497
62752020	0.000775847621574756
62755590	0.00184375233013925
62758811	0.000934871705957663
62760420	0.00325968221360164
62761650	0.00470138889731132
62762920	0.0261576306645869
62767320	0.00405703490727858
62769301	0.00704532115260599
62771371	0.000868966451448697
62775081	0.000978035882120037
62775450	0.00165623658166594
62780710	0.000985609751166174
62781550	0.0103419175733938
62788270	0.00584156617394386
62788751	0.00238761700767306
62789510	0.00132533999525528
62793711	0.000725015796033412
62794480	0.00422426615192573
62794500	0.000765337839413462
62795050	0.0296838524638515
62797281	0.0823081401590621
62798210	0.00107597850074834
62800140	0.000691518182199393
62804280	0.00660799095274192
62804311	0.014326437562667
62806090	0.0439631139596553
62807990	0.00135777621988031
62808321	0.000688311350308988
62819180	0.0014963359190171
62819850	0.00239440323966617
62821831	0.00397908063301619
62825701	0.000963615088702042
62827221	0.000938598319279935
62831430	0.0131193701712215
62837281	0.00204015239305799
62837500	0.0901187809897435
62840850	0.00213553318338962
62841120	0.0185470953385466
62842330	0.00234094334812843
62843020	0.00073005970965369
62845141	0.0160044227430671
62846101	0.00144338250196951
62846910	0.00145911047757114
62847641	0.00212999213849964
62853640	0.000817700048736942
62855740	0.000877745428745743
62858651	0.0063110614282364
62861360	0.000748106917090166
62864980	0.00435860703770628
62868010	0.000726243775377448
62871771	0.0173585058360869
62872321	0.0150097748832098
62880010	0.00091920962719488
62880051	0.00114649181243145
62886200	0.00196079762918606
62886391	0.0010422386532415
62886740	0.000692929215813125
62897640	0.00110428649353339
62901571	0.00155350007756644
62902340	0.00181561894197467
62905120	0.00320704666433771
62912980	0.0161977730940881
62913691	0.00221875156269221
62914200	0.00281061079642871
62915170	0.000870935360951312
62916800	0.00356278562972887
62919450	0.00172858964835608
62923170	0.00254429679124483
62925360	0.00263296638071474
62929510	0.000982896961029845
62931191	0.00925857470022664
62932041	0.0178387861778615
62937660	0.000773106572933405
62937971	0.00103153111606084
62939440	0.00101573697021763
62942870	0.00446560398440998
62945520	0.000961521445922699
62945561	0.00159955875721767
62947730	0.000662459059907082
62959560	0.0131699882432262
62960321	0.000841489079222649
62964571	0.0115667774633129
62965650	0.000873115346414422
62965760	0.0018295369945603
62965780	0.00100559133316956
62965790	0.00105559516429951
62966460	0.000932991709999265
62967621	0.00130922960842258
62968270	0.320610424005818
62969650	0.00106911821347379
62979560	0.000838582864716425
62980301	0.00194182805412724
62986060	0.000993106763077716
62987850	0.000862404207644916
62996851	0.000899167729351288
62997961	0.0218898352278458
62998620	0.0579169958565336
63004530	0.000607814392983471
63006511	0.000839239258392478
63026470	0.000731468145446353
63026870	0.000713489965416232
63030091	0.0155291262095785
63030610	0.0806540442375376
63032670	0.000951968521090712
63034511	0.227542352670909
63050600	0.0276587833513364
63056171	0.00133635196700564
63071570	0.000952263765750373
63071980	0.00119998949944365
63073961	0.00723460190785568
63074221	0.005723716491153
63076780	0.00218589346822184
63077760	0.000808888787880037
63079461	0.000761288088565891
63080421	0.00187157497201323
63080810	0.0647238716725149
63081521	0.000880292835039886
63083881	0.00136092543020603
63086221	0.00163197962360089
63086470	0.020347692211446
63086750	0.000714887003875974
63098310	0.0011704672030815
63099420	0.000986860740224599
63104810	0.000714990758070111
63105080	0.0627227111015488
63105880	0.000634350003906133
63106860	0.00197852019680557
63107720	0.00283199112797121
63109190	0.000712030615138341
63113251	0.223061005549555
63124940	0.00143083358226138
63124971	0.000903944419307979
63127041	0.00243979804036856
63127051	0.00128020356807232
63131820	0.00087289556886517
63138621	0.00560677935053706
63139830	0.000806454435951765
63140230	0.00579709670536861
63142071	0.0058945964195982
63142170	0.0263086107361684
63142750	0.00180389399508915
63143680	0.00129308535263178
63145920	0.00521153469419555
63146710	0.000955930164116616
63152561	0.00198823456521224
63152711	0.00245976341763396
63152930	0.00335045949803717
63155160	0.0382880467276972
63155191	0.00143043086871781
63157500	0.0170453927989457
63161780	0.000965921646307391
63168540	0.000852773133782774
63169900	0.000972624200388069
63171591	0.00335229396738637
63171680	0.000898244347161009
63172400	0.000785855532361535
63174611	0.00084403606201219
63177651	0.00184673642332429
63182361	0.00195651953953984
63183721	0.0143525540906212
63186860	0.615117957767772
63191000	0.00315669482552778
63191550	0.00177159067358292
63194631	0.000766285113913502
63196780	0.0016710806184345
63199321	0.000709118434955952
63200950	0.678378334319562
63209241	0.0301360521799875
63211280	0.00117410886307389
63215960	0.00142654624759607
63215970	0.000925998459300811
63216981	0.0145270728086436
63225791	0.0193725280881534
63228271	0.0011836958249769
63228541	0.00285856308634151
63230280	0.00524306741739567
63233880	0.000786595344766044
63234570	0.0148242825343943
63234751	0.000705403105826603
63237251	0.00341322762522127
63240821	0.00170183668270581
63241480	0.00120549327256724
63248110	0.000754869094578818
63248230	0.000693685665600894
63248350	0.00098413027442345
63248900	0.0200597898742137
63251000	0.00108305585128888
63251270	0.00177449075188783
63253070	0.00194678635955557
63255431	0.00112799650057979
63255700	0.000899998327892053
63256080	0.00151839973367167
63256220	0.0010298844054692
63265661	0.187211285652942
63266351	0.00391966881840262
63270450	0.00269392183994759
63279851	0.00101327230200517
63281730	0.00169843355766758
63283420	0.0012838480662059
63291280	0.00100430811422162
63291291	0.00441715160874647
63297610	0.0953924306593829
63297661	0.000947443660870293
63300251	0.000858344944658153
63305521	0.0008129289148864
63306020	0.000779541850125564
63306181	0.00108195276929009
63308230	0.0141536849544669
63314830	0.0340607155060174
63315991	0.000951935100011733
63317030	0.0016316591301963
63318820	0.00504832338267339
63319950	0.046770223117181
63321310	0.00192290553501182
63321330	0.00224635414289933
63323820	0.00586569072634109
63327110	0.00172950729546676
63332780	0.000874895855596878
63332930	0.000703898528318366
63334290	0.00449741530291564
63335380	0.00372483005888221
63337450	0.00199661931602296
63341600	0.00211840006652711
63342270	0.000787704448650892
63343370	0.000852611208810852
63347011	0.00411316170424404
63349040	0.00180342261515913
63351390	0.0103893158949018
63352661	0.00159830587316452
63358150	0.0219202009328734
63360480	0.000869580761312385
63360930	0.00069129051011598
63363370	0.00113019826101181
63369620	0.00453179308437714
63374041	0.00125926824967935
63375930	0.0223265353269147
63379851	0.000961228157957839
63381511	0.000885759624178563
63382061	0.00937231791184152
63382601	0.00112049837378292
63383100	0.00120233917662663
63397710	0.000928914771869625
63401050	0.120405376446658
63401071	0.0517904717126789
63401511	0.00759776719066937
63402871	0.00530245040093464
63402960	0.000699978348349311
63414120	0.0142808672272211
63414440	0.00256567308156312
63416261	0.000754445992399941
63417040	0.000921363595903263
63418400	0.000859619079342929
63418410	0.0716299615798492
63421621	0.00111029362234516
63422550	0.000885860231040042
63422820	0.000886049279174308
63425030	0.00184348103845874
63426591	0.00277015495452171
63427271	0.00101729437804443
63440360	0.0100882777440342
63447701	0.00100882151857919
63449050	0.00107722508912107
63449351	0.00194524668513709
63449600	0.000814946065599279
63451120	0.193371787565988
63458710	0.0069065281468881
63461190	0.00211687666404499
63463691	0.00136935881132312
63465460	0.000705376050650351
63465491	0.000905526706773655
63467240	0.000785087044851426
63468060	0.00101266116536235
63472791	0.00190807857664683
63473560	0.00205815161769191
63480880	0.00149062582771814
63481621	0.00110581883383511
63481740	0.000844829444607656
63486161	0.00080344306134426
63486830	0.000854482267247531
63488350	0.00163367662626405
63490000	0.00142142662095051
63492480	0.0147621192878814
63492640	0.00446014729767176
63496050	0.000969453173334075
63501430	0.00385697537947247
63501730	0.00074197930540512
63502441	0.0011204686683519
63503650	0.00109020760087162
63509631	0.00110094283350806
63510250	0.00103433554329962
63510820	0.00145472019228717
63514940	0.000643343196714062
63515640	0.000812382850133133
63518871	0.000677584105592047
63519250	0.0293709445323965
63520620	0.0153178347797289
63525430	0.00122114484483984
63533491	0.00173432604058821
63534970	0.000890924853207616
63537460	0.00105714578017245
63538140	0.00129960637108713
63538721	0.000887195636110801
63539271	0.00105107040149594
63542431	0.000750777394638581
63542981	0.027407183198955
63546950	0.000920087835879157
63548200	0.000883379852305303
63550311	0.00444294752458286
63551070	0.00166426793712899
63556111	0.00210150683380275
63559531	0.00138664975811546
63560320	0.0010261526795238
63560511	0.000991547193447597
63562171	0.0112496867348925
63565331	0.000871022079023132
63567930	0.000885151380573846
63575541	0.00150379026257776
63575900	0.00138598989519613
63580760	0.00181943340862018
63584050	0.00172274045277458
63584350	0.0130759825133652
63584361	0.00113167423700084
63589560	0.00924260393005954
63590100	0.010264191895939
63590841	0.00494202464232894
63592521	0.000940383858618466
63598670	0.00156128149513254
63599920	0.127083650395963
63609461	0.000868237169802292
63609580	0.000673931728116123
63614421	0.00121664764463379
63617690	0.00109813777779476
63617850	0.00463209188152032
63617881	0.00130292717703169
63624091	0.00183401557872504
63635490	0.000718802339449655
63643411	0.000779214897693336
63643510	0.00129948808543896
63646100	0.00119191378236457
63646240	0.0286720292587492
63652610	0.00201121817146354
63653741	0.00268684941035611
63657341	0.00089706050136495
63658171	0.000901177814059501
63661321	0.00486165539963481
63662031	0.0132739192999703
63671900	0.000795475003824108
63675671	0.000742951481590834
63677260	0.0010342301115304
63677601	0.0264089680512927
63681010	0.000742056598246639
63687401	0.00133916781083763
63714411	0.00275432998107134
63913370	0.0115299531752098
63914210	0.000873373210773959
63927880	0.000926312429217591
63932450	0.000646055604269723
63951880	0.00286277250657697
63952410	0.00132033455484678
63975221	0.000887115143707735
64026330	0.00211304390546689
64028471	0.00224973811619977
64063911	0.000817149347835115
64112550	0.457301713013468
64120800	0.000868011077659183
64146101	0.253571632477798
64173080	0.00112443527026893
64181480	0.000675517890354212
64181650	0.00649931158972058
64185800	0.0307930682667605
64190511	0.0106460368531115
64197900	0.00879911923596283
64226040	0.000958166429162252
64236991	0.0804919337529877
64238600	0.000857052005087012
64289210	0.0290945452459931
64315020	0.000748717008820164
64374600	0.03852681606904
64376001	0.00088057298439202
64404210	0.00566061102124152
64441340	0.0714737704008162
64507851	0.0022807379738212
64521860	0.00116916468701823
64538840	0.00278631585302803
64547930	0.00512908582998306
64553190	0.000793663211615619
64561231	0.000804271789762958
64585491	0.0015856815439957
64594581	0.00689415378752061
64627240	0.00100051442490503
64633040	0.00179201720069422
64635841	0.00117912183481555
64651691	0.000600770561475213
64674820	0.121546499922099
64676330	0.000793409172714507
64677901	0.00337825732915629
64680190	0.0376592980590342
64681071	0.00129322693032598
64713990	0.000985914886442903
64715920	0.000804528102202776
64726571	0.00117884529041141
64750400	0.000841206285384586
64752231	0.00266848634692185
64756070	0.00709768998694165
64765321	0.0103326913727932
64766950	0.000808378770497564
64771541	0.00948076356666284
64772730	0.00430370024940392
64774140	0.000887175824401413
64779340	0.00193415872268087
64781440	0.200468680545467
64783531	0.000894162993541638
64785130	0.000908540667731123
64792081	0.000863449734439946
64792170	0.000745435195135044
64793191	0.137616131617559
64795251	0.000871171481029377
64797051	0.000835712496901452
64799251	0.00103412827195185
64800990	0.00160641098065055
64805720	0.00201674769227169
64806400	0.000854660235470158
64809481	0.0319926369088383
64813430	0.000947449314698512
64815961	0.00123597447664438
64821150	0.00133367466142244
64823381	0.0171827084096743
64823811	0.000841277495564198
64824330	0.000879952932437365
64824850	0.00229020680685796
64828060	0.000984707902437886
64828740	0.00179226702414535
64829300	0.0018944585482378
64833051	0.0248237953044647
64837020	0.000744874194831446
64838260	0.000931307848588562
64841970	0.00215264447540019
64843671	0.0934591913429869
64843801	0.00085760370751274
64844580	0.000910335204874096
64847340	0.00256571702664852
64851391	0.000837447997465676
64853010	0.000808484499626151
64853430	0.0262546582032378
64864221	0.00108148200911014
64865051	0.000995693209556928
64867931	0.000752166732903757
64870240	0.000715418976302638
64872921	0.0042086681892005
64874141	0.00203680879690747
64879541	0.00105961988630201
64893741	0.000845284494166121
64900180	0.0390664825791848
64904911	0.0349743419989551
64905120	0.00553888624282877
64908470	0.00124516191023899
64912290	0.0018791269147769
64919511	0.0038315224030951
64921301	0.0014661969362365
64929960	0.000919223743874943
64930950	0.000937029769216816
64931470	0.0498505876133569
64932341	0.000874114159271724
64937130	0.00215994487147387
64937570	0.00081189170176779
64940860	0.00179209361310468
64941191	0.0018932583313878
64943261	0.000883591724090259
64945161	0.00083676005763303
64946001	0.00084481123040497
64946411	0.00716014860254847
64951391	0.000845181163749535
64954701	0.000614148999750344
64955371	0.00426934445937564
64956320	0.0998020111838697
64958151	0.00104502388768909
64959781	0.000923091826362082
64963740	0.00342654969156066
64970831	0.0174507346591437
64971101	0.00071368144801933
64973571	0.589408684445543
64980290	0.0296947887690789
64980570	0.0260638918083911
64981120	0.000785237462923845
64982110	0.160377754047213
64982691	0.000888974677601549
64991391	0.00125307800617182
64992280	0.00459569503604841
64997530	0.00167227308245802
64997660	0.0039854338847046
64997851	0.00116196856457877
65002541	0.00278162883574315
65005000	0.000927933596091339
65005991	0.389977480085305
65006510	0.00354928185717736
65006561	0.00104283770045313
65012071	0.000893855067813068
65015620	0.00307860170205758
65023180	0.00188883378159354
65023190	0.00208114831166078
65024471	0.0332068811966046
65027350	0.000878427625693466
65028180	0.00821460343516873
65032061	0.00350590624442053
65034800	0.000691336821371299
65042080	0.00101226809755343
65044000	0.000723973278974913
65045390	0.0020906030487137
65045431	0.0291004553640891
65049280	0.00648006405597138
65053711	0.00217160334167454
65056010	0.000843268691380041
65056020	0.000857879300625671
65056191	0.00639328209212021
65057571	0.0706377239419429
65058831	0.000909813354100228
65059030	0.0530934053716185
65061280	0.00112445624758969
65064621	0.00108136100526131
65066001	0.000689078573531914
65066080	0.000684344721963139
65068270	0.00102143352134748
65070100	0.00129609217425941
65072450	0.081668114058646
65073790	0.00288147518998797
65075371	0.0016157027570622
65076341	0.00469056038999436
65077380	0.00237464519718096
65080061	0.000638497122581077
65081861	0.000940943826988595
65089120	0.0221910137645918
65090131	0.000926228725230687
65090661	0.012145872148881
65090750	0.00398409181849782
65095990	0.00086141663359305
65102261	0.00207882621215201
65111771	0.001083329511548
65112990	0.00516492200865888
65120690	0.00211593993217194
65122610	0.000722567767981141
65124720	0.000659528176777417
65126750	0.00790444023692372
65127990	0.0209457573394329
65129820	0.00119057025149381
65130620	0.00175175441134797
65136051	0.00398866132532771
65136840	0.000905283548994505
65139310	0.114678363103248
65143200	0.00647247994483697
65145380	0.00110161519096219
65149260	0.00161710141442822
65150510	0.00827269229429453
65151071	0.00106492794376737
65157291	0.0162155242512696
65158190	0.00118526220313571
65158210	0.001357200351429
65158330	0.0208598312784247
65159050	0.00132362272000282
65159180	0.00649474602085758
65160061	0.000899214040101678
65160410	0.0035098044262948
65164471	0.000939468677336454
65165270	0.000791055686994553
65166880	0.000821488604610598
65167590	0.268564888250893
65169670	0.00265288742113994
65178620	0.00942402805100112
65182610	0.00211698027228296
65182640	0.00110878898849225
65185400	0.00396028279261669
65185981	0.00839471865977964
65188191	0.000838271675116179
65188400	0.00115136352050876
65194610	0.00166674714049316
65195081	0.00105089291969403
65201271	0.00122182471935196
65201821	0.00118048185691112
65202600	0.00435365303798143
65202931	0.00220289313771507
65203160	0.004690096367509
65209640	0.000973876094382281
65216430	0.00100839724571019
65216710	0.00323502303025645
65219190	0.000867928136455163
65219860	0.000730652431984201
65222200	0.000679854122497449
65222210	0.00164107259815004
65222651	0.00119261103367497
65223211	0.00141210885888882
65227310	0.0270032240800199
65228051	0.00230089247968912
65228601	0.00137444887367199
65230600	0.0022040537519288
65231631	0.00115091941379574
65238470	0.0200657301794675
65238500	0.000739038817147905
65248980	0.00304646537312104
65249360	0.0320837710575176
65288390	0.400863273629291
65389541	0.0278356734359273
65412120	0.00224397382614026
65513780	0.00183845242567162
65514071	0.000855047664237406
65620800	0.00429880445138558
65656811	0.00104219993952255
66033891	0.0157625766229377
66045570	0.00094857924960907
66057191	0.00108212402191344
66096190	0.0643208966814536
66107811	0.00208750563039037
66108840	0.000933383254917433
66114630	0.000925189202237163
66137420	0.0249708423667422
66139760	0.000773199394983234
66148621	0.000926693130670884
66191501	0.00161242358747377
66193690	0.000663527831815029
66195080	0.000901532811537506
66245660	0.0205935601731096
66261820	0.001471355103288
66268601	0.000878281178824189
66293281	0.0172279286834797
66353120	0.000751236568349377
66424840	0.000994049080984151
66466381	0.00457566978186768
66487741	0.0258170397840314
66512100	0.00171143551927309
66526480	0.0064490427811778
66550730	0.00187182863792212
66582071	0.00148358971191002
66592011	0.00087693367108456
66600421	0.000862733288797922
66657651	0.00103654018311591
66683301	0.0022978393225964
66699800	0.00151102683547316
66712120	0.000801283801907077
66734030	0.000919633637243623
66767140	0.000814318101627546
66785330	0.00103828371556052
66794741	0.0055045614099121
66836080	0.0493842987097747
66843540	0.00081162552038405
66860551	0.00508799021875974
66928920	0.00513553208886883
66932360	0.0465061255967405
66938150	0.000768322110734478
66959821	0.00604631385998977
66968261	0.0655620181226727
66976941	0.00208318709337802
66978250	0.0101530627698655
66987810	0.0559100926323507
66996460	0.00156305769825436
67003530	0.00490765307277006
67115531	0.00266524073587242
67144200	0.000696589752879513
67196320	0.00129577362080239
67203801	0.0168297744668986
67203910	0.00377464250855644
67214530	0.682637534366564
67218551	0.045014883592916
67221960	0.0215161953944298
67229570	0.0686030573219204
67232081	0.00305376386430405
67232170	0.00063048000141891
67237471	0.0013107048633891
67249300	0.000687369632226798
67250011	0.000814901139940996
67250390	0.014485505410265
67250841	0.000847322919094245
67251521	0.000857421487681062
67253550	0.000889405962540103
67255801	0.000995963768659898
67258220	0.00374085849093503
67258841	0.00100464506234624
67259640	0.00249663445141589
67261721	0.00312257023766894
67263661	0.00385474053296983
67263921	0.00139955341230285
67266230	0.0017293694965409
67267111	0.144467463979419
67267190	0.00573300968321592
67270220	0.00588554791851843
67270910	0.000638525420967294
67275760	0.0025096713527712
67275951	0.0702429464078286
67276580	0.00226898053773246
67278490	0.00235914436262221
67288751	0.00288055938211689
67290230	0.000884101963458728
67291900	0.000700583203464618
67300911	0.000902349712972694
67307931	0.050562331241884
67315600	0.00136363755678511
67321161	0.0107652641712349
67331730	0.00314417392093292
67335730	0.00205664978981364
67352881	0.000848373286388289
67352970	0.0011500082579316
67361711	0.00223879176286541
67362110	0.0306893893410072
67364590	0.0940821940119098
67370800	0.0156082041575032
67371771	0.00176501686999066
67376440	0.00155190504566913
67377260	0.00377233855992988
67379241	0.00370111540707809
67382941	0.0520515320609816
67388700	0.000941153488575061
67393100	0.000805533129395688
67395241	0.002242089157096
67399921	0.00097034031516154
67403180	0.00284517104201964
67407610	0.00100380600047513
67413800	0.0218916260626933
67425680	0.00308931152703983
67430121	0.00542751790357192
67436990	0.00120983828410168
67437690	0.0974902779373996
67437831	0.000968448036169235
67437851	0.000786196256066738
67438821	0.00228400936665794
67439620	0.00648613151759055
67440150	0.00107690029229118
67444481	0.00145665024443077
67445260	0.00105491722169134
67446340	0.0431846392839541
67446480	0.000852938865132558
67446490	0.000742045976442815
67452000	0.015573134051567
67452310	0.00764822343321169
67453250	0.0198125268566811
67455211	0.00122866858141457
67456451	0.000871760812874247
67460550	0.0013135824943902
67464400	0.000920404523611903
67470671	0.012023213223013
67474661	0.000955268087991139
67476471	0.000746525207777548
67479600	0.00183723147430307
67482261	0.000765477961677273
67484300	0.00630723689831161
67484400	0.00944039856033061
67484680	0.00322665955505167
67485230	0.00092626880232852
67490121	0.0108869149000101
67492331	0.00286861815141696
67492451	0.000833583878153637
67493411	0.0867682292694067
67497820	0.00622069944348652
67498801	0.0016973085568461
67504721	0.0303016534784851
67508871	0.00108466746955449
67509011	0.00378615767832765
67513360	0.00160429603202162
67515860	0.00109912881299218
67524721	0.00173772962055959
67527911	0.00113207567172173
67533821	0.00151626427507626
67534500	0.000917360291686558
67535610	0.00551921378943807
67539160	0.000987788943246982
67539320	0.000923967657643951
67541520	0.0131283731746189
67541800	0.0332982601376203
67542220	0.0108502711386048
67543501	0.00193706258839403
67543710	0.000948907516123391
67543850	0.00105292691712047
67547501	0.00101915603386205
67549711	0.00448617425019141
67554330	0.00137218258155532
67555440	0.000888506607771052
67557520	0.152459133461801
67560150	0.000799454837353662
67560721	0.000757424699321756
67569810	0.00345969630775419
67571180	0.000868798751761608
67576840	0.00155300035019491
67578931	0.00227354647837693
67592161	0.0056796759342479
67596430	0.000955363381906278
67603420	0.0010301207528892
67604290	0.00388668230552485
67605790	0.00159275516108571
67611160	0.000646481193181199
67611860	0.00130504304333541
67612540	0.426639002463428
67615211	0.000843980998068382
67615980	0.00124448171688924
67616311	0.000812793616932164
67618610	0.0011020490352227
67619700	0.000752028347493923
67622101	0.00182466576124575
67632940	0.00194106332249837
67633121	0.00378065890102581
67634460	0.000759206661550868
67634590	0.000675066942947456
67636571	0.426937956911237
67640970	0.00161420676864516
67646900	0.0162765922729874
67650330	0.0010297607240508
67650460	0.00070703041212792
67653131	0.000894776800834677
67656530	0.0050688416231601
67656940	0.00525876009987729
67659970	0.000842401668015538
67660451	0.00244504146936951
67661100	0.000793034986333223
67662170	0.000765282077813452
67664701	0.00429008178736723
67665141	0.00061055441668293
67665821	0.000977164479710842
67669281	0.000682909146216484
67669391	0.00122077510725162
67669770	0.00119014074450323
67672991	0.00151762377834444
67676260	0.0920957039300724
67677480	0.000951656437796507
67679621	0.000915059110266057
67680800	0.00102821460312086
67684291	0.00105465579387956
67689541	0.150056835980921
67691741	0.000637146752932692
67696280	0.000945460258226761
67704390	0.00380985248362733
67710870	0.0123452360227072
67712721	0.0199408600993272
67717671	0.00157551958998887
67720410	0.00074099319298074
67860011	0.000844843504800287
67860510	0.00513457312777427
67860940	0.00494401388642872
67861781	0.0472646646745837
67867721	0.00120534953945973
67871741	0.00302118236985068
67877910	0.000823985345091265
67879260	0.0147552894778142
67879950	0.0640334709998014
67879960	0.0369588258062646
67880250	0.0010824057590516
67884240	0.00120295136821256
67895311	0.000713872708880973
67898341	0.000927846926639655
67902471	0.00118631104376842
67909190	0.000745848261404164
67909610	0.015083451652978
67916701	0.000625105568638836
67928500	0.0131115175890614
67936640	0.350586202188701
67943861	0.00316229620800671
67946751	0.0135485131267677
67959011	0.0029075621326858
67960271	0.000791614420680467
67962140	0.00447431150412181
67965450	0.00805885441463753
67971291	0.000998495333279689
67972650	0.000908963374973367
67975140	0.00127591149968786
67976951	0.00604314104251662
67983680	0.00182408848416983
67997740	0.00219442299328597
68002741	0.0335090029743901
68003400	0.00662696971292849
68006601	0.000615962072563465
68007960	0.00304967326413269
68012951	0.0200370999578648
68015370	0.00403450644766723
68022741	0.00249908562565384
68023171	0.00256713698599978
68023581	0.00141177205824574
68027141	0.0196233357548731
68028490	0.00440540180517971
68029931	0.00198330758894912
68030201	0.00277564517660828
68030840	0.000758128273816708
68034741	0.184900929806238
68035421	0.0482797703890589
68036070	0.00318225879423576
68037720	0.00075285894558364
68041491	0.000954228933232185
68043110	0.0644055229035406
68043960	0.000985955845648401
68044261	0.0111386266987921
68048080	0.000650587064659636
68048350	0.00109929619451272
68048610	0.00259671762046661
68049361	0.0390192749273358
68049590	0.0010350970760109
68050820	0.000901618211246488
68051370	0.000915176648229856
68054990	0.000666316328536138
68055650	0.00118506336926338
68055780	0.000994179307775638
68058980	0.00119116086761247
68060370	0.00453462014968298
68061710	0.00302973785725801
68062751	0.00122442454440084
68062840	0.00243320065875924
68064811	0.00129163676478349
68065091	0.00154930896703847
68065710	0.000985121346490994
68066970	0.00105296091705823
68067250	0.00092207635549322
68068821	0.0124425642206402
68072101	0.00407385182302494
68074030	0.00320597801228231
68074051	0.0013403700227944
68074881	0.000892122674749107
68075780	0.000870654895742294
68076360	0.00126977248443686
68079441	0.00151427489927289
68082051	0.000660495617244764
68082061	0.000818812344303412
68094970	0.000866819810305442
68096480	0.000899549044219836
68103001	0.00104085568920979
68103011	0.000631538693310772
68103240	0.0139588898193806
68103910	0.00185577315079518
68105440	0.00196808953935341
68108251	0.00190416571935826
68112910	0.00151041993636988
68114441	0.000838931744379513
68115800	0.00236996964876989
68115910	0.00333055152065142
68118451	0.00223540458934777
68118960	0.0149551517625073
68126400	0.015487151126574
68127011	0.0028159611727917
68127271	0.000806741431425093
68128080	0.00157499738236723
68130591	0.00944184805986611
68133880	0.0031725346668714
68135400	0.00495569966353311
68136460	0.000867065529129232
68140340	0.000825469038278826
68143260	0.595974727792002
68146160	0.00101104647282172
68147551	0.00187957654881045
68149751	0.000779931700953594
68150441	0.000918870175074079
68153611	0.0117337311247744
68155660	0.00160237541930897
68157911	0.547483602950858
68158820	0.000947794601647513
68159940	0.00150588124676905
68160770	0.0221814464593228
68167541	0.0014395074556305
68168391	0.000668337283952474
68171981	0.000715892338140968
68179261	0.000843059051667392
68179831	0.0149039868740086
68180200	0.000760087412058192
68181430	0.103144568758233
68181621	0.0172784823165235
68185730	0.000921510373290916
68190540	0.0012937847995638
68191110	0.00066854579211786
68194581	0.00141015500120969
68194820	0.0024339134436175
68194960	0.00642750381391539
68197020	0.00384004804600376
68202980	0.0483940506981699
68204610	0.000718774061781226
68207281	0.00213322361470746
68208590	0.00980616095049416
68210420	0.000824526349937794
68211131	0.000791238522808324
68214150	0.00164166141249564
68217601	0.00108196088396169
68219070	0.386734488823115
68219831	0.0340726390488752
68222120	0.00156775593857873
68222311	0.00277977279563443
68224490	0.0158606587010294
68224760	0.000940043576798368
68225481	0.00579501364738285
68228251	0.00235535475090927
68228770	0.000969102521108745
68233170	0.00186156689669713
68235770	0.00418087808381168
68237891	0.0633614366544344
68241030	0.001101464636747
68242260	0.000689692162227437
68244610	0.000823085976389982
68246560	0.00736942739433234
68247650	0.0158105152516514
68249290	0.00159587460454948
68251240	0.00166292100956972
68251910	0.0101891787715622
68252620	0.00528885072481004
68253420	0.000811578938848544
68258731	0.00654898758616291
68261891	0.00321479024718776
68262451	0.0273931697188901
68263941	0.000722166456146571
68266571	0.000969284411829453
68269761	0.00111615547976143
68272651	0.00132157228681643
68276791	0.00319775410347701
68278591	0.00109969387881718
68280651	0.0012101080653902
68283100	0.00358355825672841
68285130	0.00414132567916119
68287630	0.00125072509792618
68289290	0.000839249558290144
68289550	0.00110689590202856
68290240	0.00266013703733121
68291520	0.000855550491541855
68291770	0.00705577236099102
68295060	0.0011011038687777
68295121	0.000833472517706717
68299480	0.000729592971882395
68299640	0.000605393455987918
68302161	0.00269953691048689
68304221	0.00161315077456508
68308170	0.0110244320168313
68310650	0.00106046890557428
68310950	0.000822710355140558
68313591	0.00141940604711641
68325980	0.171184102857721
68327121	0.000820011586269289
68338001	0.0028819516496908
68339240	0.17978859774082
68340511	0.00136522034673701
68340580	0.00154961591151294
68343401	0.000972474132118787
68345010	0.00208840204861139
68345290	0.00142866221133398
68351220	0.00081708319635506
68354841	0.01472132004533
68355391	0.00207781173195234
68362410	0.0219267313586429
68363330	0.00580877877317819
68363630	0.578477309286281
68363951	0.0212756722703244
68368860	0.00193578835422981
68369300	0.0024938888375843
68369570	0.00131784289348917
68369611	0.00103445098974215
68370380	0.00120521024956352
68370950	0.00876603622481608
68372040	0.000859294731621744
68380081	0.196525275931075
68380590	0.000951848020039226
68381970	0.000967786039474181
68387070	0.00226413318906344
68392720	0.0013406097469572
68393840	0.00101522831677969
68396870	0.0126226635002886
68397990	0.00399325371444587
68399880	0.000741970154446345
68400211	0.000976140705196183
68401731	0.0423513311145296
68402510	0.00111415572620288
68404170	0.000885301427962506
68404180	0.00100282554998276
68404341	0.00250187255756316
68405300	0.00319669377149784
68406851	0.000927537653976403
68407531	0.000793567428425284
68411060	0.000944147598050183
68413461	0.0511744583913427
68413570	0.00205496825633178
68413861	0.0276506015490489
68414161	0.000815385587434777
68414530	0.000879035186866696
68416020	0.00108375690504673
68416071	0.539908167942485
68416880	0.149596618589963
68417970	0.000800207323135226
68419640	0.0123566280464211
68422950	0.00530079819727368
68423640	0.00175467436948463
68425140	0.00163787793447099
68425441	0.00089922840836689
68426920	0.0397464022679762
68427220	0.0024249344465666
68427381	0.00358724490483195
68427740	0.00363293057581136
68428290	0.00200673225091182
68429000	0.00813069015129586
68429550	0.0011970948556249
68432751	0.00237702341387007
68433280	0.000982344971196261
68433950	0.0100987043220986
68437120	0.00261439230744632
68438230	0.00214924135452076
68439511	0.000992624937961426
68440740	0.00213366366031187
68440850	0.0007731623254162
68441270	0.0421249351154933
68444351	0.00401058581000235
68447801	0.00338022736129953
68450530	0.00211768070773582
68450800	0.00121215669246722
68450831	0.00200035377269221
68451121	0.00105069084981502
68453960	0.00329537121871645
68456740	0.00187791018473474
68456870	0.00309234613151803
68458431	0.00142468299917963
68460471	0.000587478629941192
68462530	0.000669895894829613
68462800	0.00126875193615044
68468361	0.000637913662787157
68470640	0.000711340792217484
68471620	0.00294946474048926
68476020	0.000738938661277645
68477301	0.000702785973250723
68478510	0.00194651886569568
68484840	0.00126641231482373
68485280	0.000890926590268666
68487111	0.00243087598890118
68488030	0.00134790299483501
68490261	0.00109737249146055
68496290	0.00185709614854903
68500460	0.000906152755051984
68500860	0.00317687931909575
68502370	0.00334763900032809
68505981	0.0769303943811485
68505991	0.000798628953376653
68509031	0.000828150285877717
68509591	0.00088093478386027
68510401	0.158882267309217
68510831	0.00227111951103419
68512030	0.00110055545651592
68514691	0.00133410249912302
68515791	0.0431130883953436
68516741	0.0018667976108326
68517280	0.0493990630086739
68521400	0.00148735393450426
68522240	0.00463203410499695
68524420	0.00139416111588053
68526141	0.0150823124650975
68531911	0.275627147367663
68533041	0.00468839878239947
68533670	0.058322264998811
68534350	0.00180836675417261
68534411	0.00104612234467104
68535641	0.00106614124955508
68539050	0.00118984096866203
68541591	0.001457008745355
68541711	0.00332488135689574
68542350	0.000749599018002893
68542760	0.096510001364997
68545041	0.157893248212743
68545451	0.00109014494634725
68545721	0.019007127024058
68551720	0.00151396689579723
68552850	0.00086936045899884
68553540	0.000917511768305724
68554630	0.0273606344722683
68554760	0.000717677157903239
68554930	0.0398648040777829
68555490	0.0063079279508754
68555870	0.14514119570644
68556030	0.00184185316265613
68557110	0.00113351742095128
68558490	0.00410792594576589
68559330	0.000660273654047307
68559750	0.0010244931608281
68560891	0.00175397984551161
68561721	0.0044766166839989
68561790	0.000938462977268609
68562001	0.00076019562367631
68562780	0.000797482976754918
68562831	0.0147066829927413
68562961	0.000956992728235368
68563330	0.000846561741592614
68564550	0.00149959800243015
68564580	0.00090004305315248
68565591	0.00141195282704299
68568270	0.104324727799811
68572341	0.00100604611172202
68575600	0.00237105437327713
68609920	0.00324688031569957
68616980	0.0010855626179869
68619890	0.00302002102631902
68636611	0.000744651825158309
68637561	0.00177802092285048
68662381	0.000744583404158415
68662811	0.00591392951119442
68664731	0.00326970223386851
68672300	0.00197868747553645
68689411	0.000911313558265835
68715771	0.00186664413251444
68726320	0.00107938831712362
68732140	0.00171195070946998
68734760	0.00146031694916067
68736000	0.00248972573183949
68739850	0.0585884741614012
68744700	0.00455530473175595
68759560	0.00604114051203708
68761350	0.000780544036980929
68761360	0.0185927615082798
68762900	0.000846248296864564
68764181	0.00239189329893303
68764871	0.00117965202154591
68769961	0.00207482721820708
68770241	0.00109316354728329
68773510	0.0547138015707424
68777100	0.00178752024061495
68777681	0.000881607173894538
68777971	0.00102774125009695
68778531	0.00609938064507905
68778590	0.0046819393985544
68782511	0.000647504942885705
68784250	0.00277240259902168
68786750	0.00246382548851993
68790870	0.00102200529590601
68791570	0.00993802835482955
68792301	0.00192238848823047
68792400	0.00130362057293709
68792800	0.00469612007691927
68794040	0.00103556575596731
68794931	0.00167859183644915
68794941	0.00379540627093222
68796550	0.000765924235917417
68796670	0.0690123380133246
68798371	0.00314573603806507
68799341	0.00725596930952393
68801490	0.130721290637454
68803580	0.00107169031916486
68804311	0.00146702174688497
68807830	0.00134021528792477
68810770	0.00206548275721947
68812270	0.00127902438214178
68820130	0.00215130041000687
68820291	0.0020299541271487
68821141	0.000829983576052595
68823201	0.0131237739254018
68823870	0.0978585532139172
68824311	0.0013227151862306
68826900	0.00234532754206883
68828700	0.000934854904141996
68829261	0.0054191154002786
68830320	0.00403869964209135
68831741	0.0167920546135378
68832530	0.00112968074772042
68834620	0.00177792431641641
68837110	0.0338899177772186
68838200	0.00184212406215235
68839560	0.000937720550050551
68840110	0.00105277729210959
68841340	0.000701542579168364
68841961	0.000820376940026149
68844110	0.0064573249769776
68847870	0.00160169553996343
68848380	0.00586513249052737
68848650	0.00773494891996594
68848981	0.00220610225666824
68849090	0.0314945582216768
68850361	0.000991991628107224
68853780	0.00092473442039576
68854050	0.00177484958396486
68859191	0.00222272894830174
68859891	0.0014865205372933
68859901	0.00125719972435314
68862081	0.00279357719349492
68862491	0.000898703234120885
68863481	0.000946448453876993
68866921	0.00103622148310642
68868810	0.0256736411704735
68869760	0.000941122938198369
68870880	0.000876969326874576
68872011	0.00462757524728982
68872561	0.0988695871902019
68873770	0.112899989926596
68884100	0.149758809454372
68884790	0.00165142568648142
68885340	0.00435153589437143
68894241	0.0011297020315734
68897941	0.153725754749221
68898480	0.0293627706182914
68899160	0.00441508505481866
68903140	0.00108180306334145
68903341	0.00152088136979572
68904011	0.000811911073949262
68904240	0.0180192520888922
68904831	0.00840247109362882
68908400	0.000722253946920588
68908441	0.00125323068804365
68911420	0.000709877476263854
68919980	0.000852090976361986
68921381	0.00502028078917094
68932250	0.0061714850228363
68933541	0.00184146264429334
68936001	0.0088427545419346
68943680	0.000652733009590941
68944120	0.030251210764039
68945330	0.00461173839262489
68945650	0.00156357035441674
68946990	0.00128487310265103
68952820	0.00251235623413009
68953401	0.144697561830235
68954750	0.00107409336191277
68957210	0.0328319261584846
68959270	0.000733957769921795
68961681	0.00456298377181957
68966460	0.00155654245430084
68967031	0.00541215736517364
68967820	0.0555171868763123
68968291	0.0153852835031325
68970170	0.015432119294296
68970781	0.00159609754610665
68973350	0.00138260641060694
68975041	0.00257455879821609
68978330	0.000739118552988391
68996520	0.148618131848909
69581051	0.0546135946925912
69623470	0.00076889091391162
69623490	0.00124038628547604
69636911	0.221700368548227
69639880	0.00932167830506707
69640221	0.00577596098472512
69640351	0.00433138622498027
69643220	0.0333106312346394
69643330	0.000812741859764793
69644570	0.0015641857627665
69645290	0.0640351403967957
69645301	0.000674230444669756
69646421	0.00585728808940796
69648570	0.00821066364870609
69650080	0.00233012984453326
69650100	0.000850414945809448
69650110	0.000999373505986208
69651890	0.00565568234205274
69653940	0.212017089477492
69657301	0.321663500365954
69662800	0.00125040077302402
69667220	0.00831975075672898
69669660	0.00113615666490284
69670401	0.000656015087410543
69670681	0.000776765754051209
69670910	0.00119619674051133
69671330	0.0127180933953176
69672420	0.00104710026304041
69673700	0.000822377374756204
69675050	0.0250720169998312
69676730	0.00110544595707752
69678541	0.000817498775288537
69680140	0.106374594380679
69685390	0.000828599234136593
69686630	0.00116432325743663
69691941	0.144679147452349
69694080	0.00198302475611465
69694131	0.000900587868739717
69695900	0.000834917194988351
69697171	0.0166824678163562
69699480	0.000759434988080346
69700140	0.000713642282080947
69701670	0.000986751178055451
69701930	0.000813191947500745
69703661	0.000898228203701779
69705280	0.00194917041890523
69706541	0.00146399670317541
69712990	0.00124461662587592
69713301	0.0143443799657605
69726411	0.00289659648238394
69729591	0.00228258732782012
69732061	0.000873949492977893
69733120	0.00254655300470538
69739911	0.000794736823095052
69741701	0.0152760079204968
69741711	0.00151245573184946
69747381	0.000973821633023089
69747480	0.000962991575158086
69750360	0.269543559537039
69750801	0.00199329383275266
69752871	0.000887931518948369
69754620	0.000908113948235417
69757680	0.0012718447733201
69758230	0.000821815841271592
69758360	0.0215350968961207
69761851	0.00126779081098757
69762801	0.0073260667926022
69764860	0.000999446613963187
69769281	0.00413576637916001
69769800	0.00120877281189085
69769851	0.00181057677439919
69771870	0.00110859176785099
69775060	0.0451191949963305
69776860	0.00157992239472257
69778121	0.00113990497207226
69779221	0.00343339996130506
69783180	0.00143142785997718
69789800	0.00145899407312622
69790391	0.00240783724509394
69791750	0.143461173827766
69792601	0.00167547268123488
69798210	0.00282030522332222
69799610	0.0128177729289939
69805550	0.00275329250798007
69810531	0.0022519205250136
69813950	0.000715071271947079
69819921	0.0284542082829644
69830801	0.0303597709428854
69848591	0.001119767598311
69904710	0.0231588781494869
69909950	0.00195365431775275
69910640	0.00110048226608075
69912010	0.000868830668004762
69912410	0.0554258101948226
69912871	0.0171092687213064
69971751	0.0118205221052056
69971860	0.00112697714393708
69972311	0.00211829296592759
69975990	0.00151715826408102
69976010	0.00131036604831829
69979450	0.000984391006161692
69979751	0.00448493009363152
70035871	0.000787067350263722
70041890	0.000984210933642915
70044100	0.00187765484440811
70106091	0.0293946898943061
70110020	0.0152050547313886
70168240	0.0229888150331595
70170771	0.000891564580429636
70170891	0.00393673164223319
70171300	0.00171100734531731
70172161	0.00544830652703842
70176400	0.261768756452959
70236961	0.00118536522917654
70243000	0.00117672230201767
70243301	0.0022318920300109
70243581	0.132098600803733
70297771	0.00224713690019424
70300401	0.0196574199222493
70302830	0.00103749035737952
70365870	0.00114854328066189
70366051	0.000932841278041527
70368900	0.00197198323120114
70370741	0.00156927168326106
70371011	0.00199152597701915
70371861	0.102708514153766
70375380	0.00280376837488369
70431831	0.000932369023130411
70432381	0.246273456967123
70434400	0.029579701589898
70467821	0.0172145097758062
70586400	0.00160413831581198
70676221	0.0932288062673848
71147450	0.0101347681675875
71174310	0.00223976586201556
71186470	0.00330017871228251
71289650	0.00295031616084592
71291840	0.000934426521209638
71340090	0.0129567748660213
71353890	0.00199147719582008
71355311	0.154891603906866
71357490	0.00100043304729117
71359570	0.000954287461928828
71359731	0.000956219607929225
71359741	0.000718675875071168
71359840	0.00135752449898805
71360220	0.00109529361431496
71360431	0.00119603639901814
71360630	0.550343655402574
71378891	0.049288273455733
71382010	0.000867246234495258
71384131	0.000795144429338719
71386180	0.129960441505129
71388291	0.00541241589494772
71412940	0.0021827253617293
71424691	0.000648361587068981
71425200	0.00127330101841161
71431871	0.000986761081819432
71433310	0.000874777249295569
71434320	0.00082959898778462
71436490	0.00161348128495468
71436630	0.000789912988042644
71452620	0.00139176207672437
71456760	0.000841008810038265
71458320	0.0177159475942219
71459431	0.0952692128020317
71461801	0.0976925036273816
71475800	0.00508153714866703
71476350	0.00194564315866498
71482160	0.00104735206048986
71482440	0.00142002688602692
71484971	0.00118439722730825
71498430	0.000679742784047786
71499031	0.00115904830767189
71505101	0.00174245685189143
71506030	0.00177120491814478
71506471	0.00147167518223373
71509580	0.00110127612129505
71522471	0.00241975308114144
71524681	0.00185533384146538
71525050	0.00143580731713354
71527571	0.000761400742368994
71530290	0.00098238532969078
71530960	0.00114797393671564
71533340	0.00317448607908039
71533931	0.000890691574868238
71555011	0.00796206046660212
71556100	0.00108022158141537
71571161	0.00193537520674198
71571301	0.0012623771277515
71577050	0.000782712283227821
71577990	0.00328594322737163
71578311	0.00256851972720299
71581450	0.000976667009329926
71581870	0.0162279376273992
71596470	0.00258468504365184
71599240	0.0028514688811997
71600681	0.0117052433193508
71602871	0.00125321832536653
71608401	0.00304849621601147
71621030	0.142865231458423
71661430	0.0197145035762519
71677211	0.0249926328717293
71679240	0.00141037640791379
71682130	0.000896292020744388
71684381	0.00131677209010283
71687080	0.0111000188983511
71688900	0.00285861663857907
71717710	0.00203369452046626
71719510	0.00221388849003122
71721290	0.0171445084810489
71721600	0.00117162044213103
71734390	0.0132158798821128
71754010	0.000710509292227944
71756210	0.000935669757385772
71775121	0.00260566477295644
71776310	0.0303029847390193
71779080	0.00128252082230835
71781611	0.00433595893160904
71782581	0.00112954096331091
71783630	0.000781046612923439
71783650	0.00660140656464153
71786380	0.0711700057900954
71787520	0.00132026116889712
71787691	0.00412877692596578
71790280	0.044192953336073
71790421	0.104703521517934
71792050	0.00161299895754975
71792361	0.0973428684037319
71804231	0.00664305005509851
71823070	0.0021469280487321
71823920	0.00124322320996474
71824620	0.00119563849098223
71825321	0.00149725596008753
71826151	0.0256178041770039
71841560	0.00109679148574773
71860911	0.00260180244145563
71866701	0.000802870101151763
71886021	0.00362919418711041
71889830	0.0273137893943959
71891510	0.00827673334453716
71892310	0.000928030716456129
71892580	0.00923513481173265
71894011	0.060374714898293
71919121	0.00141906715581386
71937581	0.0031358422940603
71953031	0.0025190883988745
71959610	0.00120947828501154
71969861	0.00148171031269121
71982080	0.0136312619365009
71984300	0.00169632262135874
71985410	0.0105084904199736
71985711	0.00158631653706035
71986151	0.000734830570328797
71988331	0.00194486489299034
71991470	0.00123963917560473
72009110	0.0028484443268743
72050261	0.00216863216699926
72051590	0.00140046465152278
72066630	0.00104927895193465
72067580	0.00436763031030347
72072580	0.000918684904893868
72083521	0.0014109620371848
72083631	0.0028467189994929
72096601	0.000950599286260983
72097841	0.000711168217514857
72105370	0.0043685400451438
72119200	0.000901411374473937
72126090	0.000894200412155009
72130930	0.001549225762185
72135590	0.0028254396130776
72137721	0.0149242105125488
72139501	0.000849903638806809
72153120	0.000768233120889156
72155631	0.00196647717126247
72158401	0.00806799458374562
72159351	0.00585484084212219
72162230	0.0884719800615322
72175440	0.102974326140117
72176830	0.00204626373455442
72178200	0.00242006380739476
72186090	0.000728101196390074
72187060	0.0150486215366419
72198230	0.00457856173864331
72198750	0.0123354873677302
72198910	0.0130357097597935
72199870	0.00581990847159864
72213681	0.00121948790296563
72221650	0.00085678776157245
72222460	0.000968705880623035
72222500	0.580218350945892
72226610	0.0031972434724905
72232051	0.000940656017336227
72232311	0.000728494071977676
72241821	0.00365413518160352
72250740	0.00126318126904796
72251710	0.000890388000850918
72256130	0.00414131352617654
72264601	0.00124157312120806
72279460	0.00113284676119494
72282320	0.00351007817314572
72282661	0.00130664866218972
72314630	0.000763807118465321
72326740	0.00122872077748421
72336790	0.0199768341253486
72347010	0.00087542171598862
72348790	0.00746875507269651
72350180	0.00194587495041779
72352591	0.0389915229446732
72367481	0.0483915196742786
72393541	0.00223114201672513
72394170	0.00194655861719734
72395170	0.000824608479598397
72396250	0.00155221260958202
72399731	0.000863573799464745
72417541	0.000913662025432221
72418580	0.0967801425149168
72443041	0.00176718107048558
72458160	0.00197718499326093
72466170	0.00154488201255355
72468540	0.00275923762952027
72474020	0.000893125051511445
72491331	0.000959187546930436
72493330	0.00102407566693208
72496540	0.000990293186463061
72498290	0.00111602699855999
72509910	0.0144522533250285
72510761	0.002197329483589
72514160	0.00210861069821608
72514430	0.000943210810968913
72545490	0.000937666413775831
72558061	0.0534203450202227
72570160	0.00126282955172239
72571150	0.0344288205111832
72571970	0.00174209096646446
72574030	0.0011864004082467
72574040	0.00126059641488047
72578901	0.00301680403743652
72581651	0.00203176817009373
72582040	0.00209886467670871
72587670	0.00104573637602375
72589480	0.000805230767175558
72601231	0.000784747651305085
72604701	0.000832757894557294
72605350	0.00194685414817421
72618170	0.0201793996151383
72619571	0.000879485983447654
72621490	0.000769788354986547
72621610	0.000918568853659962
72628800	0.00281090845065457
72628811	0.00347374364941842
72631000	0.00100311759691797
72638761	0.00218497698442896
72638881	0.00434706063471471
72639041	0.000659342651087778
72645320	0.00112300236778036
72646850	0.000958417456042694
72650960	0.000890916038786935
72651161	0.0014266335667485
72655000	0.00202700217792651
72655171	0.00113772374496393
72656090	0.00252826842014674
72667520	0.00111448618998227
72671540	0.00164241211521561
72676411	0.000937505911045295
72683291	0.00919848941442855
72685740	0.00319943672161637
72897840	0.00183283295716572
72905310	0.00258259261494305
72916320	0.0017279878678258
72917040	0.00434140149808275
72921140	0.0188887446811232
72925320	0.000796155569687891
72926670	0.000776755240914067
72928190	0.000908864965919797
72928470	0.00305881127696373
72929440	0.00523852040446363
72932921	0.00292929189858739
72939240	0.101238767805612
72943780	0.000823295688857116
72945850	0.00145441460307865
72948450	0.00106505494006643
72950420	0.000746078924298787
72958250	0.00126942660750652
72962011	0.056078214286053
72965310	0.00123089508925444
72965450	0.00127016543008617
72965700	0.00558762840484209
72969270	0.00201396277414281
72972470	0.00096313576480249
72978250	0.00095552748893562
72978790	0.0125295660116889
72986841	0.00211241134127869
72988990	0.000817380812083995
72990841	0.00288183318738672
73005061	0.0192301211924662
73008870	0.000982065698633509
73017960	0.00105630899993336
73020300	0.000852562919879316
73022701	0.000872689214086939
73022721	0.00114397752506176
73022800	0.00335422969095969
73027261	0.0591300805181445
73027330	0.0182945464911766
73028480	0.000946202417880343
73031350	0.00593345670107998
73035671	0.00188455017775213
73037830	0.000968516762751499
73039391	0.00398875346585573
73045420	0.00119876427607241
73047210	0.00149525636336055
73047650	0.000765796703574988
73048221	0.00157217213656384
73049171	0.00119477994441332
73050130	0.00294666148712871
73055681	0.00115238224481506
73059190	0.138780465835961
73059220	0.0224573124907475
73059750	0.00279912943032417
73061191	0.0289909892113451
73064050	0.000945460901229621
73066510	0.00127290521456284
73068201	0.000932599552373051
73068761	0.00133303435126355
73069020	0.00389627717370039
73071600	0.0382636482028504
73077031	0.0010916068129762
73080840	0.00110323250084948
73094500	0.00135071862780869
73096641	0.00090887691545414
73096891	0.000984099459933737
73097591	0.00103621390391183
73097680	0.00683357322797105
73100351	0.000765070216649024
73172990	0.00107661033674687
73381151	0.00141787241146595
73509520	0.0344501253200508
73523901	0.0020332782242043
73529890	0.00107313572753372
73536441	0.00115142016758987
73540711	0.00190224794731344
73541271	0.000835169534388244
73544260	0.00138145122751069
73550730	0.0254752466478039
73551000	0.000681743676714359
73559280	0.000750310138434295
73560571	0.000812782071683921
73561080	0.00067913887963231
73567420	0.00111936922897976
73568270	0.16389510495157
73572670	0.00199195258472498
73573100	0.010171303018984
73578300	0.0011598596627412
73579430	0.00162033596689719
73580100	0.00107992374171059
73585111	0.00110135178991712
73585620	0.000780449420221502
73589401	0.0152210908819713
73702730	0.00167145463826329
73704390	0.00126501825747203
73711031	0.00497742729433485
73712100	0.00487230510119272
73722030	0.0367955723074361
73722050	0.00256598999131547
73723010	0.00262644140581409
73724951	0.0222013349544981
73726351	0.00256077028469399
73728370	0.0042794133217175
73729470	0.0010751388662249
73731051	0.000663236842700085
73743181	0.00176729400015823
73752780	0.0022549903129589
73752900	0.00226180030007754
73755140	0.0479999792879312
73757910	0.00212126282622512
73763690	0.080130531259439
73764411	0.06220671270073
73765730	0.0503696975492316
73766741	0.00082769554905548
73768100	0.0522629648960696
73773340	0.00102950578649436
73777101	0.00273492301047587
73779690	0.00109545063071259
73781651	0.000690853159638906
73792131	0.00108804081899513
73969450	0.000913035110766922
74110140	0.00172869040004124
74113761	0.000945503588947481
74116740	0.00185673550984414
74130670	0.0472738059313433
74131531	0.0043191029248848
74135360	0.00134379945054796
74137471	0.00201178225228436
74140931	0.0199598389764087
74141300	0.00161730389779045
74149280	0.0021069379118873
74152070	0.00241422391344762
74161840	0.00509581759605364
74164890	0.00182833706663344
74165580	0.00103695124900611
74167630	0.000769659990908054
74169010	0.020029009026309
74170861	0.00123425646273203
74173130	0.00160456085504534
74179271	0.168830545086123
74338551	0.00450950756016293
74353981	0.00101830870163508
74360690	0.000842193852811723
74363320	0.00130996007640128
74364351	0.00202113430482429
74369670	0.00333280906919345
74374001	0.00235790715731772
74375450	0.0874568351776849
74381451	0.00216749512660427
74382780	0.00184648583657814
74385970	0.000857909336272337
74389041	0.00337222093570218
74390391	0.099581133544449
74392550	0.00179119831645981
74395081	0.0233448383962409
74407911	0.017470209519298
74408830	0.00123876476730629
74409550	0.0011417797029245
74410240	0.00131064997790168
74411180	0.000849126880875813
74413510	0.00159340564011006
74417451	0.0356257102540101
74429510	0.00463833823801362
74433721	0.00212084415366219
74434350	0.00513298966173634
74436170	0.0750592618397249
74441851	0.00213251374857198
74448690	0.00232743209695703
74453031	0.00164239608317238
74456970	0.00757885510817668
74459460	0.0273633892514092
74474531	0.00168583147707698
74491030	0.000882832255925136
74498111	0.00648461849282006
74505551	0.0013649354251169
74508260	0.00169913021800622
74509110	0.0115365577379938
74515170	0.00352281134373418
74519890	0.00231705571544753
74522470	0.00658201053274147
74523300	0.00101246763932564
74535231	0.00357608909387169
74536471	0.00531748297803023
74537011	0.000936272397854361
74545011	0.00150699534117981
74548041	0.00570855176718954
74549841	0.000802946278707135
74558391	0.001160906457801
74559081	0.0190976300060456
74574620	0.00132924523585449
74576840	0.00125055988661333
74581370	0.0269117189728106
74590791	0.000966121956572618
74608660	0.00289307682699413
74610651	0.00585628379858877
74620530	0.000812468055829707
74621841	0.00255154054302432
74621961	0.0138096133607925
74625350	0.000986558926575496
74632820	0.00146053283582765
74632940	0.00158763965816313
74633920	0.000952437821564708
74635290	0.00372853987242183
74640680	0.00153197265737445
74652120	0.0101468575619394
74653831	0.0143661911184135
74655191	0.00229167182787858
74661360	0.00214678125076858
74663720	0.0240284339931166
74664711	0.119056437719895
74677910	0.000652222667385739
74688530	0.0156571653898398
74696161	0.000778698391354273
74698200	0.00206909727721143
74709090	0.00133997928526867
74711960	0.0320744190070868
74714091	0.0359307413039533
74734600	0.001373654525144
74734651	0.00269881961034095
74738241	0.0027404987685883
74738501	0.0017677677985716
74740270	0.00657582162835992
74745210	0.000931380791931241
74746870	0.00104947886357551
74756120	0.00183502596751907
74757811	0.00236505626827793
74772530	0.00344839351640005
74785951	0.0026184689567456
74794481	0.00141391943262537
74815840	0.0010695608615342
74827670	0.000892168724704029
74830730	0.000990568773338502
74839181	0.00309386455453181
74850040	0.00110104865975861
74854740	0.0327247709367064
74859390	0.000843865761610023
74874320	0.00101377778505597
74884411	0.00755163270079161
74886071	0.00139237822268613
74904350	0.00194908773396686
74904981	0.00241692587344548
74907260	0.0280847189391869
74907970	0.135137557329568
74910761	0.00237439144774402
74915670	0.00101136802899174
74921620	0.0367910136723313
74930720	0.00218108961821295
74935660	0.00260161267424294
74937781	0.074509611254868
74942830	0.00168890023587499
74948380	0.00334388103213106
74951400	0.0233023639477999
74952681	0.00229278061754129
74974850	0.0145903321238582
74975930	0.0295278429806657
74979820	0.0162953263724805
74994410	0.00307270188159988
74997511	0.00833578485767443
75016391	0.00117216067294948
75017050	0.00227371631131433
75018061	0.00235117814946637
75031120	0.00245438934391492
75043810	0.02702562668197
75059660	0.00533582391198991
75066290	0.00297074653010703
75070140	0.00495232065509108
75077030	0.00242503466806536
75082970	0.0111824987431917
75094171	0.00397118296902255
75095110	0.00140049107599572
75100541	0.0239900494865218
75109481	0.00297562261741357
75110970	0.0121351216209796
75112671	0.00204146966095132
75115711	0.00269962692406371
75118550	0.00273175249230279
75120401	0.0150584491034303
75131011	0.0223110430052514
75137870	0.00691234224667855
75147281	0.0263687720295944
75155981	0.00349978953490948
75187940	0.00613750519010844
75214571	0.00274115053810932
75225280	0.00376765610207267
75234270	0.0026269645648086
75236630	0.00724141146081634
75250451	0.0285829983642728
75254991	0.0286823358007561
